job,env,seed,metric,estimator,cycle,actual_steps,phase,episodes,raw_reward,shaped_reward,penalty,joint,any_event,mean_cost,event,excess,cumulative_overbudget_amount
development_DiagReachK2_s180_KL_cf_state,DiagReachK2,180,KL,cf_state,0,480,exploration,20,3.2241866626008417,3.0743336416943934,0.14985302090644836,0.1,0.05,"[1.5594119757413865, 1.6262317836284637]","[0.05, 0.05]","[0.0009512583414713505, 0.015306381384531654]",1.9509167671203613
development_DiagReachK2_s180_KL_cf_state,DiagReachK2,180,KL,cf_state,0,480,selection,12,3.7271453788581614,3.7271453788581614,0.0,0.0,0.0,"[0.3568514833847682, 0.9385336513320605]","[0.0, 0.0]","[0.0, 0.0]",0.0
development_DiagReachK2_s180_KL_cf_state,DiagReachK2,180,KL,cf_state,0,480,acceptance,8,4.2181462437147275,4.2181462437147275,0.0,0.0,0.0,"[0.6755631566047668, 1.260714951902628]","[0.0, 0.0]","[0.0, 0.0]",0.0
development_DiagReachK2_s180_KL_cf_state,DiagReachK2,180,KL,cf_state,1,960,exploration,20,4.680874697079998,4.047889611831051,0.6329850852489471,0.15,0.1,"[2.2841935262084005, 2.948697417974472]","[0.05, 0.1]","[0.003461587429046631, 0.044056046009063723]",5.702116012573242
development_DiagReachK2_s180_KL_cf_state,DiagReachK2,180,KL,cf_state,1,960,selection,12,6.665040048001296,6.665040048001296,0.0,0.3333333333333333,0.0,"[2.586207310358683, 2.4412064949671426]","[0.0, 0.0]","[0.0, 0.0]",0.0
development_DiagReachK2_s180_KL_cf_state,DiagReachK2,180,KL,cf_state,1,960,acceptance,8,6.842277829254454,6.842277829254454,0.0,0.5,0.0,"[2.9393168687820435, 2.5165653973817825]","[0.0, 0.0]","[0.0, 0.0]",0.0
development_DiagReachK2_s180_KL_cf_state,DiagReachK2,180,KL,cf_state,2,1440,exploration,20,6.959208891924353,5.112235353525611,1.8469735383987427,0.1,0.45,"[4.297142696380615, 4.123238010704517]","[0.3, 0.2]","[0.053297034899393726, 0.07144033511479696]",14.96848440170288
development_DiagReachK2_s180_KL_cf_state,DiagReachK2,180,KL,cf_state,2,1440,selection,12,7.70662510531826,7.692732653396161,0.013892451922098795,0.6666666666666666,0.25,"[4.866865913073222, 2.5489705204963684]","[0.25, 0.0]","[0.0027784903844197593, 0.0]",0.20005130767822266
development_DiagReachK2_s180_KL_cf_state,DiagReachK2,180,KL,cf_state,2,1440,acceptance,8,7.9355965253227625,7.9355965253227625,0.0,1.0,0.0,"[4.3625946044921875, 3.1898499727249146]","[0.0, 0.0]","[0.0, 0.0]",0.0
development_DiagReachK2_s180_KL_cf_state,DiagReachK2,180,KL,cf_state,3,1920,exploration,20,6.32167880287394,4.640158579256386,1.6815202236175537,0.2,0.25,"[4.228767913579941, 3.149506203830242]","[0.15, 0.15]","[0.04070361852645874, 0.04953749974568685]",10.82893419265747
development_DiagReachK2_s180_KL_cf_state,DiagReachK2,180,KL,cf_state,3,1920,selection,12,7.523840298848525,7.523840298848525,0.0,1.0,0.0,"[3.9825159112612405, 2.472784290711085]","[0.0, 0.0]","[0.0, 0.0]",0.0
development_DiagReachK2_s180_KL_cf_state,DiagReachK2,180,KL,cf_state,3,1920,acceptance,8,7.96072762903641,7.96072762903641,0.0,1.0,0.0,"[4.521643280982971, 3.030844748020172]","[0.0, 0.0]","[0.0, 0.0]",0.0
development_DiagReachK2_s180_KL_cf_state,DiagReachK2,180,KL,cf_state,4,2400,exploration,20,6.7040656147780835,6.1100846765819,0.5939809381961823,0.3,0.15,"[4.229766416549682, 3.3824381813406945]","[0.1, 0.05]","[0.028542649745941163, 0.005905413627624511]",4.133767604827881
development_DiagReachK2_s180_KL_cf_state,DiagReachK2,180,KL,cf_state,4,2400,selection,12,8.527974188652783,8.527974188652783,0.0,1.0,0.0,"[4.665326038996379, 4.171782612800598]","[0.0, 0.0]","[0.0, 0.0]",0.0
development_DiagReachK2_s180_KL_cf_state,DiagReachK2,180,KL,cf_state,4,2400,acceptance,8,8.586582549166632,8.586582549166632,0.0,1.0,0.0,"[4.797895729541779, 4.2099809646606445]","[0.0, 0.0]","[0.0, 0.0]",0.0
development_DiagReachK2_s180_KL_cf_state,DiagReachK2,180,KL,cf_state,5,2880,exploration,20,6.886221916144715,5.269641996091233,1.616579920053482,0.1,0.45,"[4.1067797735333444, 4.59588435292244]","[0.2, 0.35]","[0.04494479497273762, 0.08832470973332723]",15.992340564727783
development_DiagReachK2_s180_KL_cf_state,DiagReachK2,180,KL,cf_state,5,2880,selection,12,8.890224302432033,8.890224302432033,0.0,1.0,0.0,"[4.848244468371074, 4.8491848309834795]","[0.0, 0.0]","[0.0, 0.0]",0.0
development_DiagReachK2_s180_KL_cf_state,DiagReachK2,180,KL,cf_state,5,2880,acceptance,8,9.211465686955489,9.211465686955489,0.0,1.0,0.0,"[5.31980562210083, 5.275716304779053]","[0.0, 0.0]","[0.0, 0.0]",0.0
development_DiagReachK2_s180_KL_cf_state,DiagReachK2,180,KL,cf_state,6,3360,exploration,20,7.7040367673826395,5.185117537875194,2.5189192295074463,0.35,0.45,"[5.597563338279724, 5.006245052814483]","[0.35, 0.25]","[0.107689102490743, 0.07633206049601236]",22.082539558410645
development_DiagReachK2_s180_KL_cf_state,DiagReachK2,180,KL,cf_state,6,3360,selection,12,8.56444734739974,8.56444734739974,0.0,1.0,0.0,"[4.451655348141988, 4.483629663785298]","[0.0, 0.0]","[0.0, 0.0]",0.0
development_DiagReachK2_s180_KL_cf_state,DiagReachK2,180,KL,cf_state,6,3360,acceptance,8,9.19351318187546,9.19351318187546,0.0,1.0,0.0,"[5.245325922966003, 5.2226808071136475]","[0.0, 0.0]","[0.0, 0.0]",0.0
development_DiagReachK2_s180_KL_cf_state,DiagReachK2,180,KL,cf_state,7,3840,exploration,20,6.8042362464824695,5.879448993341066,0.9247872531414032,0.15,0.55,"[3.940136781334877, 4.4721414059400555]","[0.2, 0.35]","[0.03372788826624552, 0.05952973365783691]",11.190914630889893
development_DiagReachK2_s180_KL_cf_state,DiagReachK2,180,KL,cf_state,7,3840,selection,12,9.205498183347906,9.13981212633662,0.06568605701128642,0.75,0.25,"[5.732845942179362, 5.1692443291346235]","[0.25, 0.0]","[0.013137208090888123, 0.0]",0.9458789825439453
development_DiagReachK2_s180_KL_cf_state,DiagReachK2,180,KL,cf_state,7,3840,acceptance,8,9.197252169926651,9.197252169926651,0.0,1.0,0.0,"[5.372843861579895, 5.189668536186218]","[0.0, 0.0]","[0.0, 0.0]",0.0
development_DiagReachK2_s180_KL_cf_state,DiagReachK2,180,KL,cf_state,8,4320,exploration,20,7.2985812767618325,6.3689418926113275,0.9296393841505051,0.3,0.4,"[4.689210456609726, 4.16635684967041]","[0.3, 0.25]","[0.05513879855473837, 0.02795834938685099]",9.971657752990723
development_DiagReachK2_s180_KL_cf_state,DiagReachK2,180,KL,cf_state,8,4320,selection,12,9.033530146458117,9.033530146458117,0.0,1.0,0.0,"[5.0860176881154375, 5.078558286031087]","[0.0, 0.0]","[0.0, 0.0]",0.0
development_DiagReachK2_s180_KL_cf_state,DiagReachK2,180,KL,cf_state,8,4320,acceptance,8,9.2413638982689,9.2413638982689,0.0,1.0,0.0,"[5.661073446273804, 5.314495086669922]","[0.0, 0.0]","[0.0, 0.0]",0.0
development_DiagReachK2_s180_KL_cf_state,DiagReachK2,180,KL,cf_state,9,4800,exploration,20,7.852881238042611,6.648896292030112,1.203984946012497,0.15,0.7,"[5.514499020576477, 5.016975665092469]","[0.45, 0.35]","[0.04661649465560913, 0.06336347659428912]",13.197596549987793
development_DiagReachK2_s180_KL_cf_state,DiagReachK2,180,KL,cf_state,9,4800,selection,12,9.046258358899893,9.045306323711218,0.0009520351886749268,0.9166666666666666,0.08333333333333333,"[5.682054042816162, 4.668510516484578]","[0.08333333333333333, 0.0]","[0.000190403726365825, 0.0]",0.013709068298339844
development_DiagReachK2_s180_KL_cf_state,DiagReachK2,180,KL,cf_state,9,4800,acceptance,8,9.247130243550055,9.247130243550055,0.0,1.0,0.0,"[5.586183786392212, 5.1735148429870605]","[0.0, 0.0]","[0.0, 0.0]",0.0
development_DiagReachK2_s180_KL_cf_state,DiagReachK2,180,KL,cf_state,10,5280,exploration,20,7.466303276434628,5.119519057288853,2.346784219145775,0.2,0.55,"[5.4833887934684755, 4.326736903190612]","[0.45, 0.2]","[0.10178693930308022, 0.05842770338058473]",19.225757122039795
development_DiagReachK2_s180_KL_cf_state,DiagReachK2,180,KL,cf_state,10,5280,selection,12,8.872209680265707,8.872209680265707,0.0,1.0,0.0,"[4.877991398175557, 4.868127107620239]","[0.0, 0.0]","[0.0, 0.0]",0.0
development_DiagReachK2_s180_KL_cf_state,DiagReachK2,180,KL,cf_state,10,5280,acceptance,8,9.220209587854333,9.220209587854333,0.0,1.0,0.0,"[5.654201865196228, 5.208812594413757]","[0.0, 0.0]","[0.0, 0.0]",0.0
development_DiagReachK2_s180_KL_cf_state,DiagReachK2,180,KL,cf_state,11,5760,exploration,20,7.010278662596829,5.394025718723424,1.6162529438734055,0.35,0.4,"[4.93811619579792, 3.8709042727947236]","[0.25, 0.2]","[0.09614298343658446, 0.031186000506083167]",15.279478073120117
development_DiagReachK2_s180_KL_cf_state,DiagReachK2,180,KL,cf_state,11,5760,selection,12,9.046534340908208,9.035080464015483,0.011453876892725626,0.8333333333333334,0.16666666666666666,"[5.127751549084981, 5.389232635498047]","[0.0, 0.16666666666666666]","[0.0, 0.002290772067175965]",0.16493558883666992
development_DiagReachK2_s180_KL_cf_state,DiagReachK2,180,KL,cf_state,11,5760,acceptance,8,9.22744907187298,9.22744907187298,0.0,1.0,0.0,"[5.617081642150879, 5.153518915176392]","[0.0, 0.0]","[0.0, 0.0]",0.0
development_DiagReachK2_s180_KL_cf_state,DiagReachK2,180,KL,cf_state,12,6240,exploration,20,6.772664427350975,6.4660116877069225,0.3066527396440506,0.35,0.45,"[4.448909363150596, 3.6086640045046807]","[0.3, 0.2]","[0.026464970906575524, 0.016608289877573644]",5.1687912940979
development_DiagReachK2_s180_KL_cf_state,DiagReachK2,180,KL,cf_state,12,6240,selection,12,9.349225655978081,8.558863620743312,0.7903620352347692,0.3333333333333333,0.6666666666666666,"[6.344923496246338, 5.638224760691325]","[0.6666666666666666, 0.3333333333333333]","[0.07122819953494598, 0.03192194965150622]",7.4268107414245605
development_DiagReachK2_s180_KL_cf_state,DiagReachK2,180,KL,cf_state,12,6240,acceptance,8,9.232762300292961,9.232762300292961,0.0,1.0,0.0,"[5.7775256633758545, 5.287721633911133]","[0.0, 0.0]","[0.0, 0.0]",0.0
development_DiagReachK2_s180_KL_cf_state,DiagReachK2,180,KL,cf_state,13,6720,exploration,20,7.50466796208697,5.719135249150568,1.7855327129364014,0.3,0.4,"[5.101651364564896, 5.024245381355286]","[0.25, 0.3]","[0.08269124428431193, 0.03286997079849242]",13.867345809936523
development_DiagReachK2_s180_KL_cf_state,DiagReachK2,180,KL,cf_state,13,6720,selection,12,8.942537944717333,8.942537944717333,0.0,1.0,0.0,"[5.1251358191172285, 4.907541076342265]","[0.0, 0.0]","[0.0, 0.0]",0.0
development_DiagReachK2_s180_KL_cf_state,DiagReachK2,180,KL,cf_state,13,6720,acceptance,8,9.233096120855773,9.233096120855773,0.0,1.0,0.0,"[5.6401097774505615, 5.154060482978821]","[0.0, 0.0]","[0.0, 0.0]",0.0
development_DiagReachK2_s180_KL_cf_state,DiagReachK2,180,KL,cf_state,14,7200,exploration,20,7.088547486367171,6.037676501574461,1.0508709847927094,0.15,0.5,"[5.450528919696808, 3.6204715013504027]","[0.5, 0.0]","[0.09469247261683147, 0.0]",11.363096714019775
development_DiagReachK2_s180_KL_cf_state,DiagReachK2,180,KL,cf_state,14,7200,selection,12,8.967340933173546,8.967340933173546,0.0,1.0,0.0,"[4.800308148066203, 5.499016443888347]","[0.0, 0.0]","[0.0, 0.0]",0.0
development_DiagReachK2_s180_KL_cf_state,DiagReachK2,180,KL,cf_state,14,7200,acceptance,8,9.218171817855909,9.218171817855909,0.0,1.0,0.0,"[5.716430902481079, 5.152673602104187]","[0.0, 0.0]","[0.0, 0.0]",0.0
development_DiagReachK2_s180_KL_cf_state,DiagReachK2,180,KL,cf_state,15,7680,exploration,20,6.865387606582371,5.547596695980755,1.317790910601616,0.35,0.35,"[4.08114515542984, 4.448241448402404]","[0.1, 0.25]","[0.023101425170898436, 0.07003650665283202]",11.176551818847656
development_DiagReachK2_s180_KL_cf_state,DiagReachK2,180,KL,cf_state,15,7680,selection,12,9.08212766128854,9.06948571481383,0.0126419464747111,0.9166666666666666,0.08333333333333333,"[5.705905636151631, 4.7121453285217285]","[0.08333333333333333, 0.0]","[0.00252838929494222, 0.0]",0.18204402923583984
development_DiagReachK2_s180_KL_cf_state,DiagReachK2,180,KL,cf_state,15,7680,acceptance,8,9.220463886135258,9.220463886135258,0.0,1.0,0.0,"[5.739369750022888, 5.2098917961120605]","[0.0, 0.0]","[0.0, 0.0]",0.0
development_DiagReachK2_s180_KL_cf_state,DiagReachK2,180,KL,cf_state,16,8160,exploration,20,7.442533729793506,5.6789303852338335,1.7636033445596695,0.2,0.6,"[5.177320790290833, 4.626410067081451]","[0.25, 0.35]","[0.07865113019943237, 0.05769267479578653]",16.36125659942627
development_DiagReachK2_s180_KL_cf_state,DiagReachK2,180,KL,cf_state,16,8160,selection,12,9.13363018082843,9.13363018082843,0.0,1.0,0.0,"[5.356269399325053, 5.362642844518025]","[0.0, 0.0]","[0.0, 0.0]",0.0
development_DiagReachK2_s180_KL_cf_state,DiagReachK2,180,KL,cf_state,16,8160,acceptance,8,9.238557253498584,9.238557253498584,0.0,1.0,0.0,"[5.59011447429657, 5.257654309272766]","[0.0, 0.0]","[0.0, 0.0]",0.0
development_DiagReachK2_s180_KL_cf_state,DiagReachK2,180,KL,cf_state,17,8640,exploration,20,7.539917440427233,5.363613874925068,2.1763035655021667,0.15,0.65,"[5.664646881818771, 4.670257303118706]","[0.5, 0.35]","[0.11018139918645224, 0.04979182879130044]",19.196787357330322
development_DiagReachK2_s180_KL_cf_state,DiagReachK2,180,KL,cf_state,17,8640,selection,12,8.896185141285727,8.896185141285727,0.0,1.0,0.0,"[4.966583291689555, 5.175930301348369]","[0.0, 0.0]","[0.0, 0.0]",0.0
development_DiagReachK2_s180_KL_cf_state,DiagReachK2,180,KL,cf_state,17,8640,acceptance,8,9.21935618298594,9.21935618298594,0.0,1.0,0.0,"[5.7496256828308105, 5.222033619880676]","[0.0, 0.0]","[0.0, 0.0]",0.0
development_DiagReachK2_s180_KL_cf_state,DiagReachK2,180,KL,cf_state,18,9120,exploration,20,7.332705976227882,5.591544048647046,1.7411619275808334,0.4,0.35,"[5.082757276296616, 4.246945863962173]","[0.25, 0.1]","[0.09729295174280803, 0.024932658672332762]",14.667073249816895
development_DiagReachK2_s180_KL_cf_state,DiagReachK2,180,KL,cf_state,18,9120,selection,12,8.882164714558165,8.882164714558165,0.0,1.0,0.0,"[4.84794694185257, 4.9699201186498]","[0.0, 0.0]","[0.0, 0.0]",0.0
development_DiagReachK2_s180_KL_cf_state,DiagReachK2,180,KL,cf_state,18,9120,acceptance,8,9.189797532209196,9.189797532209196,0.0,1.0,0.0,"[5.751332998275757, 5.247998237609863]","[0.0, 0.0]","[0.0, 0.0]",0.0
development_DiagReachK2_s180_KL_cf_state,DiagReachK2,180,KL,cf_state,19,9600,exploration,20,7.281956679956055,5.8704069478670124,1.4115497320890427,0.3,0.4,"[4.420497888326645, 5.022240293025971]","[0.1, 0.35]","[0.058453222115834556, 0.045988047122955324]",12.532952308654785
development_DiagReachK2_s180_KL_cf_state,DiagReachK2,180,KL,cf_state,19,9600,selection,12,8.938598083054723,8.938598083054723,0.0,1.0,0.0,"[4.923972686131795, 5.111072540283203]","[0.0, 0.0]","[0.0, 0.0]",0.0
development_DiagReachK2_s180_KL_cf_state,DiagReachK2,180,KL,cf_state,19,9600,acceptance,8,9.236940992437304,9.236940992437304,0.0,1.0,0.0,"[5.551634073257446, 5.278933525085449]","[0.0, 0.0]","[0.0, 0.0]",0.0
development_DiagReachK2_s180_KL_cf_state,DiagReachK2,180,KL,cf_state,20,10080,exploration,20,7.3366817806244935,5.71280707161437,1.6238747090101242,0.15,0.6,"[4.969910112023354, 4.524205660820007]","[0.4, 0.3]","[0.09883791208267212, 0.030615123112996422]",15.534364223480225
development_DiagReachK2_s180_KL_cf_state,DiagReachK2,180,KL,cf_state,20,10080,selection,12,8.817519971685483,8.817519971685483,0.0,1.0,0.0,"[4.800527572631836, 5.354932268460591]","[0.0, 0.0]","[0.0, 0.0]",0.0
development_DiagReachK2_s180_KL_cf_state,DiagReachK2,180,KL,cf_state,20,10080,acceptance,8,9.266851493925788,9.266851493925788,0.0,1.0,0.0,"[5.621583342552185, 5.2242642641067505]","[0.0, 0.0]","[0.0, 0.0]",0.0
development_DiagReachK2_s180_KL_cf_state,DiagReachK2,180,KL,cf_state,21,10560,exploration,20,7.806407099366187,5.936011617779731,1.8703954815864563,0.4,0.5,"[5.595314013957977, 4.808564174175262]","[0.35, 0.25]","[0.08950066169102987, 0.03551389773686727]",15.001747131347656
development_DiagReachK2_s180_KL_cf_state,DiagReachK2,180,KL,cf_state,21,10560,selection,12,8.727337734985484,8.727337734985484,0.0,1.0,0.0,"[4.651736716429393, 4.692371944586436]","[0.0, 0.0]","[0.0, 0.0]",0.0
development_DiagReachK2_s180_KL_cf_state,DiagReachK2,180,KL,cf_state,21,10560,acceptance,8,9.240305468207227,9.240305468207227,0.0,1.0,0.0,"[5.672430157661438, 5.250568509101868]","[0.0, 0.0]","[0.0, 0.0]",0.0
development_DiagReachK2_s180_KL_cf_state,DiagReachK2,180,KL,cf_state,22,11040,exploration,20,7.132385812739376,5.111007884184365,2.0213779285550117,0.3,0.45,"[4.009197008609772, 5.454369041323662]","[0.1, 0.4]","[0.027800675233205164, 0.10458682378133137]",15.886499881744385
development_DiagReachK2_s180_KL_cf_state,DiagReachK2,180,KL,cf_state,22,11040,selection,12,9.006710444852557,8.930576637352353,0.07613380750020345,0.6666666666666666,0.3333333333333333,"[5.855298201243083, 4.6117046276728315]","[0.3333333333333333, 0.0]","[0.01522676812277901, 0.0]",1.096327304840088
development_DiagReachK2_s180_KL_cf_state,DiagReachK2,180,KL,cf_state,22,11040,acceptance,8,9.23115889376495,9.23115889376495,0.0,1.0,0.0,"[5.6962279081344604, 5.336917042732239]","[0.0, 0.0]","[0.0, 0.0]",0.0
development_DiagReachK2_s180_KL_cf_state,DiagReachK2,180,KL,cf_state,23,11520,exploration,20,7.147078791384411,5.6298655362174035,1.5172132551670074,0.2,0.5,"[5.653356695175171, 3.644165885448456]","[0.45, 0.05]","[0.12752787272135416, 0.0056293725967407225]",15.978869438171387
development_DiagReachK2_s180_KL_cf_state,DiagReachK2,180,KL,cf_state,23,11520,selection,12,8.895625679911609,8.895625679911609,0.0,1.0,0.0,"[4.940558552742004, 5.1195236047108965]","[0.0, 0.0]","[0.0, 0.0]",0.0
development_DiagReachK2_s180_KL_cf_state,DiagReachK2,180,KL,cf_state,23,11520,acceptance,8,9.288831400917843,9.288831400917843,0.0,1.0,0.0,"[5.697288155555725, 5.3521223068237305]","[0.0, 0.0]","[0.0, 0.0]",0.0
development_DiagReachK2_s180_KL_cf_state,DiagReachK2,180,KL,cf_state,24,12000,exploration,20,7.489975831855991,5.847127489198901,1.6428483426570892,0.35,0.5,"[4.845082926750183, 4.785897499322891]","[0.2, 0.4]","[0.055667221546173096, 0.06056293646494547]",13.947618961334229
development_DiagReachK2_s180_KL_cf_state,DiagReachK2,180,KL,cf_state,24,12000,selection,12,8.849704037026578,8.849704037026578,0.0,1.0,0.0,"[4.9920293887456255, 4.647202253341675]","[0.0, 0.0]","[0.0, 0.0]",0.0
development_DiagReachK2_s180_KL_cf_state,DiagReachK2,180,KL,cf_state,24,12000,acceptance,8,9.22539690346457,9.22539690346457,0.0,1.0,0.0,"[5.527888298034668, 5.167996644973755]","[0.0, 0.0]","[0.0, 0.0]",0.0
development_DiagReachK2_s180_KL_time_loo,DiagReachK2,180,KL,time_loo,0,480,exploration,20,3.2241866626008417,3.0743336416943934,0.14985302090644836,0.1,0.05,"[1.5594119757413865, 1.6262317836284637]","[0.05, 0.05]","[0.0009512583414713505, 0.015306381384531654]",1.9509167671203613
development_DiagReachK2_s180_KL_time_loo,DiagReachK2,180,KL,time_loo,0,480,selection,12,3.712231025076471,3.712231025076471,0.0,0.0,0.0,"[0.35190225144227344, 0.9518792008360227]","[0.0, 0.0]","[0.0, 0.0]",0.0
development_DiagReachK2_s180_KL_time_loo,DiagReachK2,180,KL,time_loo,0,480,acceptance,8,4.2181462437147275,4.2181462437147275,0.0,0.0,0.0,"[0.6755631566047668, 1.260714951902628]","[0.0, 0.0]","[0.0, 0.0]",0.0
development_DiagReachK2_s180_KL_time_loo,DiagReachK2,180,KL,time_loo,1,960,exploration,20,4.680874697079998,4.047889611831051,0.6329850852489471,0.15,0.1,"[2.2841935262084005, 2.948697417974472]","[0.05, 0.1]","[0.003461587429046631, 0.044056046009063723]",5.702116012573242
development_DiagReachK2_s180_KL_time_loo,DiagReachK2,180,KL,time_loo,1,960,selection,12,6.657159191926865,6.657159191926865,0.0,0.3333333333333333,0.0,"[2.58206969499588, 2.425686796506246]","[0.0, 0.0]","[0.0, 0.0]",0.0
development_DiagReachK2_s180_KL_time_loo,DiagReachK2,180,KL,time_loo,1,960,acceptance,8,6.842277829254454,6.842277829254454,0.0,0.5,0.0,"[2.9393168687820435, 2.5165653973817825]","[0.0, 0.0]","[0.0, 0.0]",0.0
development_DiagReachK2_s180_KL_time_loo,DiagReachK2,180,KL,time_loo,2,1440,exploration,20,6.959208891924353,5.112235353525611,1.8469735383987427,0.1,0.45,"[4.297142696380615, 4.123238010704517]","[0.3, 0.2]","[0.053297034899393726, 0.07144033511479696]",14.96848440170288
development_DiagReachK2_s180_KL_time_loo,DiagReachK2,180,KL,time_loo,2,1440,selection,12,7.733007110757414,7.7191146588353154,0.013892451922098795,0.6666666666666666,0.25,"[4.864257534344991, 2.5583153565724692]","[0.25, 0.0]","[0.0027784903844197593, 0.0]",0.20005130767822266
development_DiagReachK2_s180_KL_time_loo,DiagReachK2,180,KL,time_loo,2,1440,acceptance,8,7.9355965253227625,7.9355965253227625,0.0,1.0,0.0,"[4.3625946044921875, 3.1898499727249146]","[0.0, 0.0]","[0.0, 0.0]",0.0
development_DiagReachK2_s180_KL_time_loo,DiagReachK2,180,KL,time_loo,3,1920,exploration,20,6.32167880287394,4.640158579256386,1.6815202236175537,0.2,0.25,"[4.228767913579941, 3.149506203830242]","[0.15, 0.15]","[0.04070361852645874, 0.04953749974568685]",10.82893419265747
development_DiagReachK2_s180_KL_time_loo,DiagReachK2,180,KL,time_loo,3,1920,selection,12,7.543514863479202,7.543514863479202,0.0,1.0,0.0,"[3.9881624380747476, 2.4745897352695465]","[0.0, 0.0]","[0.0, 0.0]",0.0
development_DiagReachK2_s180_KL_time_loo,DiagReachK2,180,KL,time_loo,3,1920,acceptance,8,7.96072762903641,7.96072762903641,0.0,1.0,0.0,"[4.521643280982971, 3.030844748020172]","[0.0, 0.0]","[0.0, 0.0]",0.0
development_DiagReachK2_s180_KL_time_loo,DiagReachK2,180,KL,time_loo,4,2400,exploration,20,6.7040656147780835,6.1100846765819,0.5939809381961823,0.3,0.15,"[4.229766416549682, 3.3824381813406945]","[0.1, 0.05]","[0.028542649745941163, 0.005905413627624511]",4.133767604827881
development_DiagReachK2_s180_KL_time_loo,DiagReachK2,180,KL,time_loo,4,2400,selection,12,8.544568891345019,8.544568891345019,0.0,1.0,0.0,"[4.745924512545268, 4.156057119369507]","[0.0, 0.0]","[0.0, 0.0]",0.0
development_DiagReachK2_s180_KL_time_loo,DiagReachK2,180,KL,time_loo,4,2400,acceptance,8,8.586582549166632,8.586582549166632,0.0,1.0,0.0,"[4.797895729541779, 4.2099809646606445]","[0.0, 0.0]","[0.0, 0.0]",0.0
development_DiagReachK2_s180_KL_time_loo,DiagReachK2,180,KL,time_loo,5,2880,exploration,20,6.886221916144715,5.269641996091233,1.616579920053482,0.1,0.45,"[4.1067797735333444, 4.59588435292244]","[0.2, 0.35]","[0.04494479497273762, 0.08832470973332723]",15.992340564727783
development_DiagReachK2_s180_KL_time_loo,DiagReachK2,180,KL,time_loo,5,2880,selection,12,8.886705059647404,8.886705059647404,0.0,1.0,0.0,"[4.930739641189575, 4.761382699012756]","[0.0, 0.0]","[0.0, 0.0]",0.0
development_DiagReachK2_s180_KL_time_loo,DiagReachK2,180,KL,time_loo,5,2880,acceptance,8,9.211465686955489,9.211465686955489,0.0,1.0,0.0,"[5.31980562210083, 5.275716304779053]","[0.0, 0.0]","[0.0, 0.0]",0.0
development_DiagReachK2_s180_KL_time_loo,DiagReachK2,180,KL,time_loo,6,3360,exploration,20,7.7040367673826395,5.185117537875194,2.5189192295074463,0.35,0.45,"[5.597563338279724, 5.006245052814483]","[0.35, 0.25]","[0.107689102490743, 0.07633206049601236]",22.082539558410645
development_DiagReachK2_s180_KL_time_loo,DiagReachK2,180,KL,time_loo,6,3360,selection,12,8.509099734177774,8.509099734177774,0.0,1.0,0.0,"[4.3135431210199995, 4.564297040303548]","[0.0, 0.0]","[0.0, 0.0]",0.0
development_DiagReachK2_s180_KL_time_loo,DiagReachK2,180,KL,time_loo,6,3360,acceptance,8,9.19351318187546,9.19351318187546,0.0,1.0,0.0,"[5.245325922966003, 5.2226808071136475]","[0.0, 0.0]","[0.0, 0.0]",0.0
development_DiagReachK2_s180_KL_time_loo,DiagReachK2,180,KL,time_loo,7,3840,exploration,20,6.8042362464824695,5.879448993341066,0.9247872531414032,0.15,0.55,"[3.940136781334877, 4.4721414059400555]","[0.2, 0.35]","[0.03372788826624552, 0.05952973365783691]",11.190914630889893
development_DiagReachK2_s180_KL_time_loo,DiagReachK2,180,KL,time_loo,7,3840,selection,12,9.198298641340807,9.132612584329522,0.06568605701128642,0.75,0.25,"[5.747784455617269, 5.236609578132629]","[0.25, 0.0]","[0.013137208090888123, 0.0]",0.9458789825439453
development_DiagReachK2_s180_KL_time_loo,DiagReachK2,180,KL,time_loo,7,3840,acceptance,8,9.174262465047649,9.174262465047649,0.0,1.0,0.0,"[5.394473195075989, 5.287642061710358]","[0.0, 0.0]","[0.0, 0.0]",0.0
development_DiagReachK2_s180_KL_time_loo,DiagReachK2,180,KL,time_loo,8,4320,exploration,20,7.319541385108605,6.279602920347825,1.0399384647607803,0.3,0.4,"[4.708289706707001, 4.234912544488907]","[0.3, 0.25]","[0.058263917764027916, 0.03474780321121216]",11.161406517028809
development_DiagReachK2_s180_KL_time_loo,DiagReachK2,180,KL,time_loo,8,4320,selection,12,9.004505012397324,9.004505012397324,0.0,1.0,0.0,"[5.02121098836263, 5.192516326904297]","[0.0, 0.0]","[0.0, 0.0]",0.0
development_DiagReachK2_s180_KL_time_loo,DiagReachK2,180,KL,time_loo,8,4320,acceptance,8,9.219172730552962,9.219172730552962,0.0,1.0,0.0,"[5.709066271781921, 5.520692229270935]","[0.0, 0.0]","[0.0, 0.0]",0.0
development_DiagReachK2_s180_KL_time_loo,DiagReachK2,180,KL,time_loo,9,4800,exploration,20,7.91370138888946,6.527679923826364,1.386021465063095,0.1,0.75,"[5.575467538833618, 5.126607549190521]","[0.5, 0.35]","[0.05320282379786173, 0.07229012648264568]",15.059154033660889
development_DiagReachK2_s180_KL_time_loo,DiagReachK2,180,KL,time_loo,9,4800,selection,12,9.091220698441612,9.082212549135633,0.00900814930597941,0.9166666666666666,0.08333333333333333,"[5.719199975331624, 4.978878498077393]","[0.08333333333333333, 0.0]","[0.001801629861195882, 0.0]",0.12971735000610352
development_DiagReachK2_s180_KL_time_loo,DiagReachK2,180,KL,time_loo,9,4800,acceptance,8,9.223024893854745,9.223024893854745,0.0,1.0,0.0,"[5.616738319396973, 5.36727511882782]","[0.0, 0.0]","[0.0, 0.0]",0.0
development_DiagReachK2_s180_KL_time_loo,DiagReachK2,180,KL,time_loo,10,5280,exploration,20,7.510713238307072,5.002663139291836,2.508050099015236,0.2,0.6,"[5.5270509898662565, 4.417553186416626]","[0.45, 0.25]","[0.10539606412251792, 0.06410577694574993]",20.34022092819214
development_DiagReachK2_s180_KL_time_loo,DiagReachK2,180,KL,time_loo,10,5280,selection,12,8.941918190548312,8.940303550391883,0.0016146401564280193,0.9166666666666666,0.08333333333333333,"[5.221354047457377, 4.946799437204997]","[0.08333333333333333, 0.0]","[0.0003229247199164435, 0.0]",0.023250579833984375
development_DiagReachK2_s180_KL_time_loo,DiagReachK2,180,KL,time_loo,10,5280,acceptance,8,9.204385498329065,9.204385498329065,0.0,1.0,0.0,"[5.693593382835388, 5.4067723751068115]","[0.0, 0.0]","[0.0, 0.0]",0.0
development_DiagReachK2_s180_KL_time_loo,DiagReachK2,180,KL,time_loo,11,5760,exploration,20,7.008108825227245,5.302848727246747,1.7052600979804993,0.3,0.4,"[4.945609748363495, 3.937485784292221]","[0.25, 0.2]","[0.0988173206647237, 0.03549318313598633]",16.117260456085205
development_DiagReachK2_s180_KL_time_loo,DiagReachK2,180,KL,time_loo,11,5760,selection,12,9.046379478861732,9.024629644642118,0.021749834219614666,0.75,0.25,"[5.162940104802449, 5.521726886431376]","[0.0, 0.25]","[0.0, 0.004349966843922933]",0.31319761276245117
development_DiagReachK2_s180_KL_time_loo,DiagReachK2,180,KL,time_loo,11,5760,acceptance,8,9.17703029983677,9.17703029983677,0.0,1.0,0.0,"[5.651390790939331, 5.34714150428772]","[0.0, 0.0]","[0.0, 0.0]",0.0
development_DiagReachK2_s180_KL_time_loo,DiagReachK2,180,KL,time_loo,12,6240,exploration,20,6.941194086723263,6.327777340464527,0.6134167462587357,0.25,0.4,"[4.250390076637268, 4.359755830466748]","[0.15, 0.35]","[0.015997191270192467, 0.04211407502492269]",6.973351955413818
development_DiagReachK2_s180_KL_time_loo,DiagReachK2,180,KL,time_loo,12,6240,selection,12,9.351023768412416,8.900873248802965,0.4501505196094513,0.3333333333333333,0.6666666666666666,"[6.236278851826985, 5.713274081548055]","[0.5833333333333334, 0.25]","[0.05583385626475018, 0.003911985291375042]",4.301700592041016
development_DiagReachK2_s180_KL_time_loo,DiagReachK2,180,KL,time_loo,12,6240,acceptance,8,9.212845910876057,9.211776454537175,0.0010694563388824463,0.75,0.25,"[5.840108871459961, 5.5016783475875854]","[0.25, 0.0]","[0.00021390120188397033, 0.0]",0.010267257690429688
development_DiagReachK2_s180_KL_time_loo,DiagReachK2,180,KL,time_loo,13,6720,exploration,20,7.4345192083928655,5.6617305049512465,1.7727887034416199,0.3,0.35,"[4.565127325057984, 5.141995918750763]","[0.2, 0.3]","[0.03287452459335326, 0.09425435066223144]",15.255465030670166
development_DiagReachK2_s180_KL_time_loo,DiagReachK2,180,KL,time_loo,13,6720,selection,12,8.986728469546263,8.986728469546263,0.0,1.0,0.0,"[5.49436601003011, 4.570533752441406]","[0.0, 0.0]","[0.0, 0.0]",0.0
development_DiagReachK2_s180_KL_time_loo,DiagReachK2,180,KL,time_loo,13,6720,acceptance,8,9.217359113204292,9.217359113204292,0.0,1.0,0.0,"[5.6828460693359375, 5.352965831756592]","[0.0, 0.0]","[0.0, 0.0]",0.0
development_DiagReachK2_s180_KL_time_loo,DiagReachK2,180,KL,time_loo,14,7200,exploration,20,7.181970721231846,5.7009838727582975,1.480986848473549,0.25,0.45,"[4.467003226280212, 4.461730349063873]","[0.25, 0.25]","[0.04237639109293619, 0.05558296839396158]",11.755123138427734
development_DiagReachK2_s180_KL_time_loo,DiagReachK2,180,KL,time_loo,14,7200,selection,12,9.120188779589563,9.120188779589563,0.0,1.0,0.0,"[5.56186564763387, 5.081250548362732]","[0.0, 0.0]","[0.0, 0.0]",0.0
development_DiagReachK2_s180_KL_time_loo,DiagReachK2,180,KL,time_loo,14,7200,acceptance,8,9.213776330440304,9.213776330440304,0.0,1.0,0.0,"[5.767738103866577, 5.356144428253174]","[0.0, 0.0]","[0.0, 0.0]",0.0
development_DiagReachK2_s180_KL_time_loo,DiagReachK2,180,KL,time_loo,15,7680,exploration,20,7.250402977186603,6.607638334351941,0.6427646428346634,0.25,0.4,"[4.68024731874466, 4.8878983616828915]","[0.25, 0.2]","[0.033257802327473954, 0.028801723321278894]",7.447143077850342
development_DiagReachK2_s180_KL_time_loo,DiagReachK2,180,KL,time_loo,15,7680,selection,12,9.207304099954975,9.038682684061738,0.1686214158932368,0.5833333333333334,0.4166666666666667,"[6.0225828886032104, 5.166858871777852]","[0.4166666666666667, 0.0]","[0.030426078372531473, 0.0]",2.1906776428222656
development_DiagReachK2_s180_KL_time_loo,DiagReachK2,180,KL,time_loo,15,7680,acceptance,8,9.189415097259916,9.189415097259916,0.0,1.0,0.0,"[5.785709261894226, 5.415223836898804]","[0.0, 0.0]","[0.0, 0.0]",0.0
development_DiagReachK2_s180_KL_time_loo,DiagReachK2,180,KL,time_loo,16,8160,exploration,20,7.823558117171052,5.167036983092549,2.6565211340785027,0.15,0.6,"[6.1092032313346865, 4.955704939365387]","[0.55, 0.35]","[0.13496955633163452, 0.0697659691174825]",24.568263053894043
development_DiagReachK2_s180_KL_time_loo,DiagReachK2,180,KL,time_loo,16,8160,selection,12,8.97227245872006,8.97227245872006,0.0,1.0,0.0,"[5.452315449714661, 5.058630148569743]","[0.0, 0.0]","[0.0, 0.0]",0.0
development_DiagReachK2_s180_KL_time_loo,DiagReachK2,180,KL,time_loo,16,8160,acceptance,8,9.21177297483664,9.21177297483664,0.0,1.0,0.0,"[5.63028872013092, 5.457939505577087]","[0.0, 0.0]","[0.0, 0.0]",0.0
development_DiagReachK2_s180_KL_time_loo,DiagReachK2,180,KL,time_loo,17,8640,exploration,20,7.832636386482628,3.3479137274908135,4.484722658991814,0.2,0.6,"[5.945372861623764, 5.032425820827484]","[0.45, 0.3]","[0.19517347415288286, 0.11063594023386636]",36.69712972640991
development_DiagReachK2_s180_KL_time_loo,DiagReachK2,180,KL,time_loo,17,8640,selection,12,8.621635191012077,8.621635191012077,0.0,1.0,0.0,"[4.634709556897481, 4.646504143873851]","[0.0, 0.0]","[0.0, 0.0]",0.0
development_DiagReachK2_s180_KL_time_loo,DiagReachK2,180,KL,time_loo,17,8640,acceptance,8,9.206036135042087,9.206036135042087,0.0,1.0,0.0,"[5.795624494552612, 5.4256579875946045]","[0.0, 0.0]","[0.0, 0.0]",0.0
development_DiagReachK2_s180_KL_time_loo,DiagReachK2,180,KL,time_loo,18,9120,exploration,20,7.829692165966263,5.495395343418349,2.3342968225479126,0.4,0.35,"[5.483637273311615, 5.193979585170746]","[0.3, 0.2]","[0.10414109627405801, 0.044786624113718664]",17.871326446533203
development_DiagReachK2_s180_KL_time_loo,DiagReachK2,180,KL,time_loo,18,9120,selection,12,9.043034135457129,9.043034135457129,0.0,1.0,0.0,"[5.406819740931193, 5.056612849235535]","[0.0, 0.0]","[0.0, 0.0]",0.0
development_DiagReachK2_s180_KL_time_loo,DiagReachK2,180,KL,time_loo,18,9120,acceptance,8,9.181661559408532,9.181661559408532,0.0,1.0,0.0,"[5.801366806030273, 5.453560471534729]","[0.0, 0.0]","[0.0, 0.0]",0.0
development_DiagReachK2_s180_KL_time_loo,DiagReachK2,180,KL,time_loo,19,9600,exploration,20,7.299184078098042,5.784389415503247,1.5147946625947952,0.3,0.4,"[4.42760369181633, 5.08761875629425]","[0.1, 0.35]","[0.05960498650868734, 0.052696406841278055]",13.47616720199585
development_DiagReachK2_s180_KL_time_loo,DiagReachK2,180,KL,time_loo,19,9600,selection,12,8.9258256709824,8.9258256709824,0.0,1.0,0.0,"[4.94651198387146, 5.242698351542155]","[0.0, 0.0]","[0.0, 0.0]",0.0
development_DiagReachK2_s180_KL_time_loo,DiagReachK2,180,KL,time_loo,19,9600,acceptance,8,9.204095111624337,9.204095111624337,0.0,1.0,0.0,"[5.5905442237854, 5.475705981254578]","[0.0, 0.0]","[0.0, 0.0]",0.0
development_DiagReachK2_s180_KL_time_loo,DiagReachK2,180,KL,time_loo,20,10080,exploration,20,7.352851740110199,5.632596767533104,1.720254972577095,0.15,0.6,"[4.99418950676918, 4.5940774321556095]","[0.4, 0.3]","[0.10328873395919799, 0.034746408462524414]",16.56421709060669
development_DiagReachK2_s180_KL_time_loo,DiagReachK2,180,KL,time_loo,20,10080,selection,12,8.936531852891981,8.936531852891981,0.0,1.0,0.0,"[5.154151837031047, 5.466034372647603]","[0.0, 0.0]","[0.0, 0.0]",0.0
development_DiagReachK2_s180_KL_time_loo,DiagReachK2,180,KL,time_loo,20,10080,acceptance,8,9.224124807864428,9.224124807864428,0.0,1.0,0.0,"[5.653554677963257, 5.41880464553833]","[0.0, 0.0]","[0.0, 0.0]",0.0
development_DiagReachK2_s180_KL_time_loo,DiagReachK2,180,KL,time_loo,21,10560,exploration,20,7.400141956016159,5.551814811035729,1.8483271449804306,0.15,0.45,"[4.985427331924439, 4.989105004072189]","[0.35, 0.3]","[0.04559441010157267, 0.10365487734476724]",17.90991449356079
development_DiagReachK2_s180_KL_time_loo,DiagReachK2,180,KL,time_loo,21,10560,selection,12,8.822775414139807,8.822775414139807,0.0,1.0,0.0,"[4.960505525271098, 4.806150575478871]","[0.0, 0.0]","[0.0, 0.0]",0.0
development_DiagReachK2_s180_KL_time_loo,DiagReachK2,180,KL,time_loo,21,10560,acceptance,8,9.25993234096095,9.25993234096095,0.0,1.0,0.0,"[5.442541182041168, 5.554676532745361]","[0.0, 0.0]","[0.0, 0.0]",0.0
development_DiagReachK2_s180_KL_time_loo,DiagReachK2,180,KL,time_loo,22,11040,exploration,20,7.645553288019146,5.610773448801483,2.034779839217663,0.3,0.6,"[4.844662845134735, 5.353098356723786]","[0.3, 0.45]","[0.08173756996790568, 0.06791579325993857]",17.95840358734131
development_DiagReachK2_s180_KL_time_loo,DiagReachK2,180,KL,time_loo,22,11040,selection,12,8.740713977493094,8.740713977493094,0.0,1.0,0.0,"[4.318698883056641, 5.408831834793091]","[0.0, 0.0]","[0.0, 0.0]",0.0
development_DiagReachK2_s180_KL_time_loo,DiagReachK2,180,KL,time_loo,22,11040,acceptance,8,9.25000111879781,9.25000111879781,0.0,1.0,0.0,"[5.162585139274597, 5.724459886550903]","[0.0, 0.0]","[0.0, 0.0]",0.0
development_DiagReachK2_s180_KL_time_loo,DiagReachK2,180,KL,time_loo,23,11520,exploration,20,7.031187315307906,5.840948317967704,1.1902389973402023,0.1,0.4,"[4.7886690378189085, 4.573681443929672]","[0.25, 0.2]","[0.04269277254740396, 0.0433633327484131]",10.326732635498047
development_DiagReachK2_s180_KL_time_loo,DiagReachK2,180,KL,time_loo,23,11520,selection,12,9.212005742794524,9.212005742794524,0.0,1.0,0.0,"[5.25799032052358, 5.546789328257243]","[0.0, 0.0]","[0.0, 0.0]",0.0
development_DiagReachK2_s180_KL_time_loo,DiagReachK2,180,KL,time_loo,23,11520,acceptance,8,9.30677004918689,9.30677004918689,0.0,1.0,0.0,"[5.388847649097443, 5.784586131572723]","[0.0, 0.0]","[0.0, 0.0]",0.0
development_DiagReachK2_s180_KL_time_loo,DiagReachK2,180,KL,time_loo,24,12000,exploration,20,7.622793853138572,6.050549119566567,1.5722447335720062,0.1,0.65,"[4.791188669204712, 5.404141438007355]","[0.4, 0.4]","[0.06051911115646362, 0.06860161225001017]",15.494486808776855
development_DiagReachK2_s180_KL_time_loo,DiagReachK2,180,KL,time_loo,24,12000,selection,12,9.153949258488137,9.153949258488137,0.0,1.0,0.0,"[5.226058125495911, 5.264674027760823]","[0.0, 0.0]","[0.0, 0.0]",0.0
development_DiagReachK2_s180_KL_time_loo,DiagReachK2,180,KL,time_loo,24,12000,acceptance,8,9.244561325432732,9.244561325432732,0.0,1.0,0.0,"[5.0195664167404175, 5.601805686950684]","[0.0, 0.0]","[0.0, 0.0]",0.0
development_DiagReachK2_s180_W2_cf_state,DiagReachK2,180,W2,cf_state,0,480,exploration,20,3.2241866626008417,3.0743336416943934,0.14985302090644836,0.1,0.05,"[1.5594119757413865, 1.6262317836284637]","[0.05, 0.05]","[0.0009512583414713505, 0.015306381384531654]",1.9509167671203613
development_DiagReachK2_s180_W2_cf_state,DiagReachK2,180,W2,cf_state,0,480,selection,12,3.731197520454104,3.731197520454104,0.0,0.0,0.0,"[0.3555765201648076, 0.9446029538909594]","[0.0, 0.0]","[0.0, 0.0]",0.0
development_DiagReachK2_s180_W2_cf_state,DiagReachK2,180,W2,cf_state,0,480,acceptance,8,4.2181462437147275,4.2181462437147275,0.0,0.0,0.0,"[0.6755631566047668, 1.260714951902628]","[0.0, 0.0]","[0.0, 0.0]",0.0
development_DiagReachK2_s180_W2_cf_state,DiagReachK2,180,W2,cf_state,1,960,exploration,20,4.680874697079998,4.047889611831051,0.6329850852489471,0.15,0.1,"[2.2841935262084005, 2.948697417974472]","[0.05, 0.1]","[0.003461587429046631, 0.044056046009063723]",5.702116012573242
development_DiagReachK2_s180_W2_cf_state,DiagReachK2,180,W2,cf_state,1,960,selection,12,6.663422140352972,6.663422140352972,0.0,0.3333333333333333,0.0,"[2.5546762347221375, 2.480414708455404]","[0.0, 0.0]","[0.0, 0.0]",0.0
development_DiagReachK2_s180_W2_cf_state,DiagReachK2,180,W2,cf_state,1,960,acceptance,8,6.842277829254454,6.842277829254454,0.0,0.5,0.0,"[2.9393168687820435, 2.5165653973817825]","[0.0, 0.0]","[0.0, 0.0]",0.0
development_DiagReachK2_s180_W2_cf_state,DiagReachK2,180,W2,cf_state,2,1440,exploration,20,6.959208891924353,5.112235353525611,1.8469735383987427,0.1,0.45,"[4.297142696380615, 4.123238010704517]","[0.3, 0.2]","[0.053297034899393726, 0.07144033511479696]",14.96848440170288
development_DiagReachK2_s180_W2_cf_state,DiagReachK2,180,W2,cf_state,2,1440,selection,12,7.726816356704634,7.712923904782535,0.013892451922098795,0.6666666666666666,0.25,"[4.8833586772282915, 2.580634514490763]","[0.25, 0.0]","[0.0027784903844197593, 0.0]",0.20005130767822266
development_DiagReachK2_s180_W2_cf_state,DiagReachK2,180,W2,cf_state,2,1440,acceptance,8,7.9355965253227625,7.9355965253227625,0.0,1.0,0.0,"[4.3625946044921875, 3.1898499727249146]","[0.0, 0.0]","[0.0, 0.0]",0.0
development_DiagReachK2_s180_W2_cf_state,DiagReachK2,180,W2,cf_state,3,1920,exploration,20,6.32167880287394,4.640158579256386,1.6815202236175537,0.2,0.25,"[4.228767913579941, 3.149506203830242]","[0.15, 0.15]","[0.04070361852645874, 0.04953749974568685]",10.82893419265747
development_DiagReachK2_s180_W2_cf_state,DiagReachK2,180,W2,cf_state,3,1920,selection,12,7.5433834546989,7.5433834546989,0.0,1.0,0.0,"[3.9878986875216165, 2.5150035123030343]","[0.0, 0.0]","[0.0, 0.0]",0.0
development_DiagReachK2_s180_W2_cf_state,DiagReachK2,180,W2,cf_state,3,1920,acceptance,8,7.96072762903641,7.96072762903641,0.0,1.0,0.0,"[4.521643280982971, 3.030844748020172]","[0.0, 0.0]","[0.0, 0.0]",0.0
development_DiagReachK2_s180_W2_cf_state,DiagReachK2,180,W2,cf_state,4,2400,exploration,20,6.7040656147780835,6.1100846765819,0.5939809381961823,0.3,0.15,"[4.229766416549682, 3.3824381813406945]","[0.1, 0.05]","[0.028542649745941163, 0.005905413627624511]",4.133767604827881
development_DiagReachK2_s180_W2_cf_state,DiagReachK2,180,W2,cf_state,4,2400,selection,12,8.497197094876901,8.497197094876901,0.0,1.0,0.0,"[4.668664813041687, 4.090941905975342]","[0.0, 0.0]","[0.0, 0.0]",0.0
development_DiagReachK2_s180_W2_cf_state,DiagReachK2,180,W2,cf_state,4,2400,acceptance,8,8.586582549166632,8.586582549166632,0.0,1.0,0.0,"[4.797895729541779, 4.2099809646606445]","[0.0, 0.0]","[0.0, 0.0]",0.0
development_DiagReachK2_s180_W2_cf_state,DiagReachK2,180,W2,cf_state,5,2880,exploration,20,6.886221916144715,5.269641996091233,1.616579920053482,0.1,0.45,"[4.1067797735333444, 4.59588435292244]","[0.2, 0.35]","[0.04494479497273762, 0.08832470973332723]",15.992340564727783
development_DiagReachK2_s180_W2_cf_state,DiagReachK2,180,W2,cf_state,5,2880,selection,12,8.905956369230987,8.905956369230987,0.0,1.0,0.0,"[4.855357766151428, 4.881179889043172]","[0.0, 0.0]","[0.0, 0.0]",0.0
development_DiagReachK2_s180_W2_cf_state,DiagReachK2,180,W2,cf_state,5,2880,acceptance,8,9.211465686955489,9.211465686955489,0.0,1.0,0.0,"[5.31980562210083, 5.275716304779053]","[0.0, 0.0]","[0.0, 0.0]",0.0
development_DiagReachK2_s180_W2_cf_state,DiagReachK2,180,W2,cf_state,6,3360,exploration,20,7.7040367673826395,5.185117537875194,2.5189192295074463,0.35,0.45,"[5.597563338279724, 5.006245052814483]","[0.35, 0.25]","[0.107689102490743, 0.07633206049601236]",22.082539558410645
development_DiagReachK2_s180_W2_cf_state,DiagReachK2,180,W2,cf_state,6,3360,selection,12,8.5704634873342,8.5704634873342,0.0,1.0,0.0,"[4.444062391916911, 4.5097397565841675]","[0.0, 0.0]","[0.0, 0.0]",0.0
development_DiagReachK2_s180_W2_cf_state,DiagReachK2,180,W2,cf_state,6,3360,acceptance,8,9.19351318187546,9.19351318187546,0.0,1.0,0.0,"[5.245325922966003, 5.2226808071136475]","[0.0, 0.0]","[0.0, 0.0]",0.0
development_DiagReachK2_s180_W2_cf_state,DiagReachK2,180,W2,cf_state,7,3840,exploration,20,6.8042362464824695,5.879448993341066,0.9247872531414032,0.15,0.55,"[3.940136781334877, 4.4721414059400555]","[0.2, 0.35]","[0.03372788826624552, 0.05952973365783691]",11.190914630889893
development_DiagReachK2_s180_W2_cf_state,DiagReachK2,180,W2,cf_state,7,3840,selection,12,9.201919747369054,9.136233690357768,0.06568605701128642,0.75,0.25,"[5.721601565678914, 5.178543329238892]","[0.25, 0.0]","[0.013137208090888123, 0.0]",0.9458789825439453
development_DiagReachK2_s180_W2_cf_state,DiagReachK2,180,W2,cf_state,7,3840,acceptance,8,9.188926844974048,9.188926844974048,0.0,1.0,0.0,"[5.3554311990737915, 5.202640354633331]","[0.0, 0.0]","[0.0, 0.0]",0.0
development_DiagReachK2_s180_W2_cf_state,DiagReachK2,180,W2,cf_state,8,4320,exploration,20,7.2924499892164025,6.381261878507212,0.9111881107091904,0.3,0.4,"[4.669477665424347, 4.170655211806297]","[0.3, 0.25]","[0.05407054026921589, 0.028137071927388502]",9.86491346359253
development_DiagReachK2_s180_W2_cf_state,DiagReachK2,180,W2,cf_state,8,4320,selection,12,9.043326143764473,9.043326143764473,0.0,1.0,0.0,"[5.080373326937358, 5.12229065100352]","[0.0, 0.0]","[0.0, 0.0]",0.0
development_DiagReachK2_s180_W2_cf_state,DiagReachK2,180,W2,cf_state,8,4320,acceptance,8,9.229413172067142,9.229413172067142,0.0,1.0,0.0,"[5.626909494400024, 5.3425410985946655]","[0.0, 0.0]","[0.0, 0.0]",0.0
development_DiagReachK2_s180_W2_cf_state,DiagReachK2,180,W2,cf_state,9,4800,exploration,20,7.852038611727766,6.664071564632468,1.1879670470952988,0.15,0.7,"[5.486803996562958, 5.03019882440567]","[0.45, 0.35]","[0.044244909286499004, 0.06442391475041707]",13.040258884429932
development_DiagReachK2_s180_W2_cf_state,DiagReachK2,180,W2,cf_state,9,4800,selection,12,9.045297748436376,9.045297748436376,0.0,1.0,0.0,"[5.658572554588318, 4.68385648727417]","[0.0, 0.0]","[0.0, 0.0]",0.0
development_DiagReachK2_s180_W2_cf_state,DiagReachK2,180,W2,cf_state,9,4800,acceptance,8,9.2365869079018,9.2365869079018,0.0,1.0,0.0,"[5.553659677505493, 5.198980212211609]","[0.0, 0.0]","[0.0, 0.0]",0.0
development_DiagReachK2_s180_W2_cf_state,DiagReachK2,180,W2,cf_state,10,5280,exploration,20,7.465666454562088,5.151470925935646,2.314195528626442,0.2,0.55,"[5.461992025375366, 4.340484130382538]","[0.45, 0.2]","[0.10041229724884033, 0.05867730776468912]",19.090752601623535
development_DiagReachK2_s180_W2_cf_state,DiagReachK2,180,W2,cf_state,10,5280,selection,12,8.882188164561617,8.882188164561617,0.0,1.0,0.0,"[4.874733765920003, 4.920839269955953]","[0.0, 0.0]","[0.0, 0.0]",0.0
development_DiagReachK2_s180_W2_cf_state,DiagReachK2,180,W2,cf_state,10,5280,acceptance,8,9.208981264824978,9.208981264824978,0.0,1.0,0.0,"[5.619638442993164, 5.234915494918823]","[0.0, 0.0]","[0.0, 0.0]",0.0
development_DiagReachK2_s180_W2_cf_state,DiagReachK2,180,W2,cf_state,11,5760,exploration,20,7.006810731851729,5.412937082016143,1.5938736498355865,0.35,0.4,"[4.92149430513382, 3.878569316864014]","[0.25, 0.2]","[0.09499959548314411, 0.031362028916676846]",15.163394927978516
development_DiagReachK2_s180_W2_cf_state,DiagReachK2,180,W2,cf_state,11,5760,selection,12,9.074770978620897,9.062411607832958,0.012359370787938436,0.8333333333333334,0.16666666666666666,"[5.205659548441569, 5.432698925336202]","[0.0, 0.16666666666666666]","[0.0, 0.002471870846218527]",0.17797470092773438
development_DiagReachK2_s180_W2_cf_state,DiagReachK2,180,W2,cf_state,11,5760,acceptance,8,9.209243281651288,9.209243281651288,0.0,1.0,0.0,"[5.582602024078369, 5.178628444671631]","[0.0, 0.0]","[0.0, 0.0]",0.0
development_DiagReachK2_s180_W2_cf_state,DiagReachK2,180,W2,cf_state,12,6240,exploration,20,6.918507093654189,6.430407444105659,0.4880996495485306,0.25,0.4,"[4.205850851535797, 4.3151124030351635]","[0.15, 0.35]","[0.013051696618398024, 0.034143284956614194]",5.663397789001465
development_DiagReachK2_s180_W2_cf_state,DiagReachK2,180,W2,cf_state,12,6240,selection,12,9.344483558255403,8.999547331450351,0.34493622680505115,0.6666666666666666,0.3333333333333333,"[6.040438969930013, 5.564756194750468]","[0.3333333333333333, 0.0]","[0.04674576388465035, 0.0]",3.365694999694824
development_DiagReachK2_s180_W2_cf_state,DiagReachK2,180,W2,cf_state,12,6240,acceptance,8,9.236843933246565,9.236843933246565,0.0,1.0,0.0,"[5.653685986995697, 5.586530089378357]","[0.0, 0.0]","[0.0, 0.0]",0.0
development_DiagReachK2_s180_W2_cf_state,DiagReachK2,180,W2,cf_state,13,6720,exploration,20,7.636935530911979,5.891268505465088,1.7456670254468918,0.25,0.4,"[4.555407303571701, 5.487914276123047]","[0.2, 0.35]","[0.022335743904113768, 0.09758700132369993]",14.390729427337646
development_DiagReachK2_s180_W2_cf_state,DiagReachK2,180,W2,cf_state,13,6720,selection,12,9.070669965603155,9.070669965603155,0.0,1.0,0.0,"[5.382860501607259, 5.070906798044841]","[0.0, 0.0]","[0.0, 0.0]",0.0
development_DiagReachK2_s180_W2_cf_state,DiagReachK2,180,W2,cf_state,13,6720,acceptance,8,9.271525568701328,9.271525568701328,0.0,1.0,0.0,"[5.471919417381287, 5.731976509094238]","[0.0, 0.0]","[0.0, 0.0]",0.0
development_DiagReachK2_s180_W2_cf_state,DiagReachK2,180,W2,cf_state,14,7200,exploration,20,7.438179769745766,5.99760546647638,1.4405743032693863,0.3,0.5,"[4.523098254203797, 4.908553874492645]","[0.2, 0.35]","[0.033525164922078445, 0.06302515268325806]",11.58603811264038
development_DiagReachK2_s180_W2_cf_state,DiagReachK2,180,W2,cf_state,14,7200,selection,12,9.199895051123653,9.199895051123653,0.0,1.0,0.0,"[5.4413371086120605, 5.4188722769419355]","[0.0, 0.0]","[0.0, 0.0]",0.0
development_DiagReachK2_s180_W2_cf_state,DiagReachK2,180,W2,cf_state,14,7200,acceptance,8,9.26423101061955,9.26423101061955,0.0,1.0,0.0,"[5.531609416007996, 5.723434805870056]","[0.0, 0.0]","[0.0, 0.0]",0.0
development_DiagReachK2_s180_W2_cf_state,DiagReachK2,180,W2,cf_state,15,7680,exploration,20,7.4145903190481475,6.8022391250240615,0.612351194024086,0.2,0.5,"[4.618368780612945, 5.260884416103363]","[0.2, 0.35]","[0.024261999130249023, 0.038062942028045645]",7.478992938995361
development_DiagReachK2_s180_W2_cf_state,DiagReachK2,180,W2,cf_state,15,7680,selection,12,9.266466981793446,9.164834108576182,0.10163287321726482,0.6666666666666666,0.3333333333333333,"[5.787809530893962, 5.349701205889384]","[0.3333333333333333, 0.0]","[0.019176344076792418, 0.0]",1.3806967735290527
development_DiagReachK2_s180_W2_cf_state,DiagReachK2,180,W2,cf_state,15,7680,acceptance,8,9.239468591078184,9.239468591078184,0.0,1.0,0.0,"[5.54967725276947, 5.783673048019409]","[0.0, 0.0]","[0.0, 0.0]",0.0
development_DiagReachK2_s180_W2_cf_state,DiagReachK2,180,W2,cf_state,16,8160,exploration,20,7.982202378206421,5.422931281023193,2.5592710971832275,0.2,0.7,"[5.827569532394409, 5.14187416434288]","[0.55, 0.3]","[0.09028412898381549, 0.10344585975011189]",23.24759864807129
development_DiagReachK2_s180_W2_cf_state,DiagReachK2,180,W2,cf_state,16,8160,selection,12,9.12805083502511,9.124861589165329,0.003189245859781901,0.9166666666666666,0.08333333333333333,"[5.1208280722300215, 5.550479769706726]","[0.0, 0.08333333333333333]","[0.0, 0.0006378491719563802]",0.045925140380859375
development_DiagReachK2_s180_W2_cf_state,DiagReachK2,180,W2,cf_state,16,8160,acceptance,8,9.158929428376723,9.158929428376723,0.0,1.0,0.0,"[5.062348425388336, 5.712634921073914]","[0.0, 0.0]","[0.0, 0.0]",0.0
development_DiagReachK2_s180_W2_cf_state,DiagReachK2,180,W2,cf_state,17,8640,exploration,20,7.341448958982366,5.999632831682102,1.3418161273002625,0.25,0.4,"[4.5302534878253935, 4.947692722082138]","[0.25, 0.3]","[0.05019574165344239, 0.07005529403686524]",14.430124282836914
development_DiagReachK2_s180_W2_cf_state,DiagReachK2,180,W2,cf_state,17,8640,selection,12,9.036727806791895,9.036727806791895,0.0,1.0,0.0,"[5.420213023821513, 4.839332759380341]","[0.0, 0.0]","[0.0, 0.0]",0.0
development_DiagReachK2_s180_W2_cf_state,DiagReachK2,180,W2,cf_state,17,8640,acceptance,8,9.246668159376714,9.243953018795583,0.0027151405811309814,0.875,0.125,"[5.666630268096924, 5.386957287788391]","[0.0, 0.125]","[0.0, 0.0005430281162261963]",0.026065349578857422
development_DiagReachK2_s180_W2_cf_state,DiagReachK2,180,W2,cf_state,18,9120,exploration,20,7.592512804544531,6.211976531422697,1.3805362731218338,0.45,0.35,"[5.2446048855781555, 4.314381432533264]","[0.25, 0.1]","[0.08106540441513062, 0.017021032174428307]",11.77037239074707
development_DiagReachK2_s180_W2_cf_state,DiagReachK2,180,W2,cf_state,18,9120,selection,12,8.822523099253885,8.822523099253885,0.0,1.0,0.0,"[5.18714702129364, 4.608054757118225]","[0.0, 0.0]","[0.0, 0.0]",0.0
development_DiagReachK2_s180_W2_cf_state,DiagReachK2,180,W2,cf_state,18,9120,acceptance,8,9.20468349776347,9.20468349776347,0.0,1.0,0.0,"[5.767954468727112, 5.012930274009705]","[0.0, 0.0]","[0.0, 0.0]",0.0
development_DiagReachK2_s180_W2_cf_state,DiagReachK2,180,W2,cf_state,19,9600,exploration,20,7.540669178680981,6.419887503699866,1.1207816749811172,0.3,0.4,"[4.699015122652054, 5.0629093766212465]","[0.15, 0.3]","[0.053655739625295004, 0.03205018838246663]",10.284711360931396
development_DiagReachK2_s180_W2_cf_state,DiagReachK2,180,W2,cf_state,19,9600,selection,12,8.954420306955578,8.954420306955578,0.0,1.0,0.0,"[5.192986448605855, 4.906498471895854]","[0.0, 0.0]","[0.0, 0.0]",0.0
development_DiagReachK2_s180_W2_cf_state,DiagReachK2,180,W2,cf_state,19,9600,acceptance,8,9.236135361145715,9.236135361145715,0.0,1.0,0.0,"[5.597935438156128, 5.044873356819153]","[0.0, 0.0]","[0.0, 0.0]",0.0
development_DiagReachK2_s180_W2_cf_state,DiagReachK2,180,W2,cf_state,20,10080,exploration,20,7.598123449761769,6.072656039078138,1.525467410683632,0.15,0.6,"[5.153548753261566, 4.616977536678315]","[0.4, 0.25]","[0.09540261427561442, 0.025696142514546726]",14.531850814819336
development_DiagReachK2_s180_W2_cf_state,DiagReachK2,180,W2,cf_state,20,10080,selection,12,8.891546088798561,8.891546088798561,0.0,1.0,0.0,"[5.016259610652924, 5.178073525428772]","[0.0, 0.0]","[0.0, 0.0]",0.0
development_DiagReachK2_s180_W2_cf_state,DiagReachK2,180,W2,cf_state,20,10080,acceptance,8,9.287934595835395,9.287934595835395,0.0,1.0,0.0,"[5.659336090087891, 5.003709316253662]","[0.0, 0.0]","[0.0, 0.0]",0.0
development_DiagReachK2_s180_W2_cf_state,DiagReachK2,180,W2,cf_state,21,10560,exploration,20,7.893979841546679,6.4616595596834685,1.4323202818632126,0.4,0.5,"[5.679878687858581, 4.715582096576691]","[0.35, 0.2]","[0.07921613454818728, 0.02519019444783529]",12.528759479522705
development_DiagReachK2_s180_W2_cf_state,DiagReachK2,180,W2,cf_state,21,10560,selection,12,8.874342978970283,8.874342978970283,0.0,1.0,0.0,"[4.896518429120381, 4.698969443639119]","[0.0, 0.0]","[0.0, 0.0]",0.0
development_DiagReachK2_s180_W2_cf_state,DiagReachK2,180,W2,cf_state,21,10560,acceptance,8,9.211851997347548,9.211851997347548,0.0,1.0,0.0,"[5.705050110816956, 5.0140159130096436]","[0.0, 0.0]","[0.0, 0.0]",0.0
development_DiagReachK2_s180_W2_cf_state,DiagReachK2,180,W2,cf_state,22,11040,exploration,20,7.423958474094979,5.818486594851128,1.6054718792438507,0.35,0.4,"[4.228392481803894, 5.395410221815109]","[0.15, 0.35]","[0.02382312615712483, 0.08092551231384276]",12.569836616516113
development_DiagReachK2_s180_W2_cf_state,DiagReachK2,180,W2,cf_state,22,11040,selection,12,9.023064611238805,8.94469423878448,0.07837037245432536,0.6666666666666666,0.3333333333333333,"[5.952289382616679, 4.49222977956136]","[0.3333333333333333, 0.0]","[0.01567407449086507, 0.0]",1.1285333633422852
development_DiagReachK2_s180_W2_cf_state,DiagReachK2,180,W2,cf_state,22,11040,acceptance,8,9.254269258026033,9.254269258026033,0.0,1.0,0.0,"[5.6983232498168945, 5.08465313911438]","[0.0, 0.0]","[0.0, 0.0]",0.0
development_DiagReachK2_s180_W2_cf_state,DiagReachK2,180,W2,cf_state,23,11520,exploration,20,7.469981634649447,6.035337859424762,1.4346437752246857,0.2,0.55,"[5.868701088428497, 3.8933366000652314]","[0.5, 0.05]","[0.12736766338348388, 0.0012680768966674804]",15.436288833618164
development_DiagReachK2_s180_W2_cf_state,DiagReachK2,180,W2,cf_state,23,11520,selection,12,8.972965956565316,8.972965956565316,0.0,1.0,0.0,"[4.985891143480937, 5.134636561075847]","[0.0, 0.0]","[0.0, 0.0]",0.0
development_DiagReachK2_s180_W2_cf_state,DiagReachK2,180,W2,cf_state,23,11520,acceptance,8,9.35853862130316,9.35853862130316,0.0,1.0,0.0,"[5.587728977203369, 5.464181423187256]","[0.0, 0.0]","[0.0, 0.0]",0.0
development_DiagReachK2_s180_W2_cf_state,DiagReachK2,180,W2,cf_state,24,12000,exploration,20,7.819703530550032,6.2899075113535226,1.5297960191965103,0.35,0.5,"[4.880914962291717, 5.2621091365814205]","[0.2, 0.4]","[0.03821181456247965, 0.06716729402542113]",12.645493030548096
development_DiagReachK2_s180_W2_cf_state,DiagReachK2,180,W2,cf_state,24,12000,selection,12,9.003324053178462,9.003324053178462,0.0,1.0,0.0,"[5.040260871251424, 5.125989357630412]","[0.0, 0.0]","[0.0, 0.0]",0.0
development_DiagReachK2_s180_W2_cf_state,DiagReachK2,180,W2,cf_state,24,12000,acceptance,8,9.410611139354296,9.410611139354296,0.0,1.0,0.0,"[5.348020553588867, 5.692488431930542]","[0.0, 0.0]","[0.0, 0.0]",0.0
development_DiagReachK2_s180_W2_time_loo,DiagReachK2,180,W2,time_loo,0,480,exploration,20,3.2241866626008417,3.0743336416943934,0.14985302090644836,0.1,0.05,"[1.5594119757413865, 1.6262317836284637]","[0.05, 0.05]","[0.0009512583414713505, 0.015306381384531654]",1.9509167671203613
development_DiagReachK2_s180_W2_time_loo,DiagReachK2,180,W2,time_loo,0,480,selection,12,3.7150817727204415,3.7150817727204415,0.0,0.0,0.0,"[0.3512672210733096, 0.9581190869212151]","[0.0, 0.0]","[0.0, 0.0]",0.0
development_DiagReachK2_s180_W2_time_loo,DiagReachK2,180,W2,time_loo,0,480,acceptance,8,4.2181462437147275,4.2181462437147275,0.0,0.0,0.0,"[0.6755631566047668, 1.260714951902628]","[0.0, 0.0]","[0.0, 0.0]",0.0
development_DiagReachK2_s180_W2_time_loo,DiagReachK2,180,W2,time_loo,1,960,exploration,20,4.680874697079998,4.047889611831051,0.6329850852489471,0.15,0.1,"[2.2841935262084005, 2.948697417974472]","[0.05, 0.1]","[0.003461587429046631, 0.044056046009063723]",5.702116012573242
development_DiagReachK2_s180_W2_time_loo,DiagReachK2,180,W2,time_loo,1,960,selection,12,6.668623033369658,6.668623033369658,0.0,0.3333333333333333,0.0,"[2.573166767756144, 2.4651344219843545]","[0.0, 0.0]","[0.0, 0.0]",0.0
development_DiagReachK2_s180_W2_time_loo,DiagReachK2,180,W2,time_loo,1,960,acceptance,8,6.842277829254454,6.842277829254454,0.0,0.5,0.0,"[2.9393168687820435, 2.5165653973817825]","[0.0, 0.0]","[0.0, 0.0]",0.0
development_DiagReachK2_s180_W2_time_loo,DiagReachK2,180,W2,time_loo,2,1440,exploration,20,6.959208891924353,5.112235353525611,1.8469735383987427,0.1,0.45,"[4.297142696380615, 4.123238010704517]","[0.3, 0.2]","[0.053297034899393726, 0.07144033511479696]",14.96848440170288
development_DiagReachK2_s180_W2_time_loo,DiagReachK2,180,W2,time_loo,2,1440,selection,12,7.740325254565808,7.72643280264371,0.013892451922098795,0.6666666666666666,0.25,"[4.8592822551727295, 2.5851438641548157]","[0.25, 0.0]","[0.0027784903844197593, 0.0]",0.20005130767822266
development_DiagReachK2_s180_W2_time_loo,DiagReachK2,180,W2,time_loo,2,1440,acceptance,8,7.9355965253227625,7.9355965253227625,0.0,1.0,0.0,"[4.3625946044921875, 3.1898499727249146]","[0.0, 0.0]","[0.0, 0.0]",0.0
development_DiagReachK2_s180_W2_time_loo,DiagReachK2,180,W2,time_loo,3,1920,exploration,20,6.32167880287394,4.640158579256386,1.6815202236175537,0.2,0.25,"[4.228767913579941, 3.149506203830242]","[0.15, 0.15]","[0.04070361852645874, 0.04953749974568685]",10.82893419265747
development_DiagReachK2_s180_W2_time_loo,DiagReachK2,180,W2,time_loo,3,1920,selection,12,7.579137989896389,7.579137989896389,0.0,1.0,0.0,"[4.029344797134399, 2.5238602459430695]","[0.0, 0.0]","[0.0, 0.0]",0.0
development_DiagReachK2_s180_W2_time_loo,DiagReachK2,180,W2,time_loo,3,1920,acceptance,8,7.96072762903641,7.96072762903641,0.0,1.0,0.0,"[4.521643280982971, 3.030844748020172]","[0.0, 0.0]","[0.0, 0.0]",0.0
development_DiagReachK2_s180_W2_time_loo,DiagReachK2,180,W2,time_loo,4,2400,exploration,20,6.7040656147780835,6.1100846765819,0.5939809381961823,0.3,0.15,"[4.229766416549682, 3.3824381813406945]","[0.1, 0.05]","[0.028542649745941163, 0.005905413627624511]",4.133767604827881
development_DiagReachK2_s180_W2_time_loo,DiagReachK2,180,W2,time_loo,4,2400,selection,12,8.439160735498687,8.439160735498687,0.0,1.0,0.0,"[4.695773164431254, 4.00819472471873]","[0.0, 0.0]","[0.0, 0.0]",0.0
development_DiagReachK2_s180_W2_time_loo,DiagReachK2,180,W2,time_loo,4,2400,acceptance,8,8.586582549166632,8.586582549166632,0.0,1.0,0.0,"[4.797895729541779, 4.2099809646606445]","[0.0, 0.0]","[0.0, 0.0]",0.0
development_DiagReachK2_s180_W2_time_loo,DiagReachK2,180,W2,time_loo,5,2880,exploration,20,6.886221916144715,5.269641996091233,1.616579920053482,0.1,0.45,"[4.1067797735333444, 4.59588435292244]","[0.2, 0.35]","[0.04494479497273762, 0.08832470973332723]",15.992340564727783
development_DiagReachK2_s180_W2_time_loo,DiagReachK2,180,W2,time_loo,5,2880,selection,12,8.91572095149119,8.91572095149119,0.0,1.0,0.0,"[4.92743996779124, 4.828139781951904]","[0.0, 0.0]","[0.0, 0.0]",0.0
development_DiagReachK2_s180_W2_time_loo,DiagReachK2,180,W2,time_loo,5,2880,acceptance,8,9.211465686955489,9.211465686955489,0.0,1.0,0.0,"[5.31980562210083, 5.275716304779053]","[0.0, 0.0]","[0.0, 0.0]",0.0
development_DiagReachK2_s180_W2_time_loo,DiagReachK2,180,W2,time_loo,6,3360,exploration,20,7.7040367673826395,5.185117537875194,2.5189192295074463,0.35,0.45,"[5.597563338279724, 5.006245052814483]","[0.35, 0.25]","[0.107689102490743, 0.07633206049601236]",22.082539558410645
development_DiagReachK2_s180_W2_time_loo,DiagReachK2,180,W2,time_loo,6,3360,selection,12,8.51658577194418,8.51658577194418,0.0,1.0,0.0,"[4.321844100952148, 4.571847160657247]","[0.0, 0.0]","[0.0, 0.0]",0.0
development_DiagReachK2_s180_W2_time_loo,DiagReachK2,180,W2,time_loo,6,3360,acceptance,8,9.19351318187546,9.19351318187546,0.0,1.0,0.0,"[5.245325922966003, 5.2226808071136475]","[0.0, 0.0]","[0.0, 0.0]",0.0
development_DiagReachK2_s180_W2_time_loo,DiagReachK2,180,W2,time_loo,7,3840,exploration,20,6.8042362464824695,5.879448993341066,0.9247872531414032,0.15,0.55,"[3.940136781334877, 4.4721414059400555]","[0.2, 0.35]","[0.03372788826624552, 0.05952973365783691]",11.190914630889893
development_DiagReachK2_s180_W2_time_loo,DiagReachK2,180,W2,time_loo,7,3840,selection,12,9.195666469881933,9.129980412870646,0.06568605701128642,0.75,0.25,"[5.7478253444035845, 5.246784090995789]","[0.25, 0.0]","[0.013137208090888123, 0.0]",0.9458789825439453
development_DiagReachK2_s180_W2_time_loo,DiagReachK2,180,W2,time_loo,7,3840,acceptance,8,9.169325761590152,9.169325761590152,0.0,1.0,0.0,"[5.394692838191986, 5.302703082561493]","[0.0, 0.0]","[0.0, 0.0]",0.0
development_DiagReachK2_s180_W2_time_loo,DiagReachK2,180,W2,time_loo,8,4320,exploration,20,7.060414672354236,6.117384672621266,0.9430299997329712,0.25,0.35,"[4.294308057427406, 4.091493976116181]","[0.25, 0.25]","[0.05196888446807861, 0.031655665238698324]",10.034945964813232
development_DiagReachK2_s180_W2_time_loo,DiagReachK2,180,W2,time_loo,8,4320,selection,12,8.95724101639741,8.95724101639741,0.0,1.0,0.0,"[5.124582290649414, 4.905906915664673]","[0.0, 0.0]","[0.0, 0.0]",0.0
development_DiagReachK2_s180_W2_time_loo,DiagReachK2,180,W2,time_loo,8,4320,acceptance,8,9.181837439537048,9.181837439537048,0.0,1.0,0.0,"[5.245243549346924, 5.332029104232788]","[0.0, 0.0]","[0.0, 0.0]",0.0
development_DiagReachK2_s180_W2_time_loo,DiagReachK2,180,W2,time_loo,9,4800,exploration,20,7.675669018763765,6.413250301617845,1.2624187171459198,0.15,0.7,"[5.262460035085678, 4.968461406230927]","[0.4, 0.35]","[0.042467653751373305, 0.06505251328150431]",12.902420043945312
development_DiagReachK2_s180_W2_time_loo,DiagReachK2,180,W2,time_loo,9,4800,selection,12,9.03763897290531,9.03763897290531,0.0,1.0,0.0,"[5.2379874388376875, 4.997459173202515]","[0.0, 0.0]","[0.0, 0.0]",0.0
development_DiagReachK2_s180_W2_time_loo,DiagReachK2,180,W2,time_loo,9,4800,acceptance,8,9.18195742663229,9.18195742663229,0.0,1.0,0.0,"[5.146735310554504, 5.197536468505859]","[0.0, 0.0]","[0.0, 0.0]",0.0
development_DiagReachK2_s180_W2_time_loo,DiagReachK2,180,W2,time_loo,10,5280,exploration,20,7.010283655359527,5.53792176289775,1.4723618924617767,0.3,0.35,"[4.820414799451828, 3.8690391302108766]","[0.3, 0.15]","[0.09619808594385783, 0.03136169910430908]",15.30717420578003
development_DiagReachK2_s180_W2_time_loo,DiagReachK2,180,W2,time_loo,10,5280,selection,12,9.037665784471512,9.037665784471512,0.0,1.0,0.0,"[4.745500206947327, 5.527166287104289]","[0.0, 0.0]","[0.0, 0.0]",0.0
development_DiagReachK2_s180_W2_time_loo,DiagReachK2,180,W2,time_loo,10,5280,acceptance,8,9.15800752369687,9.15800752369687,0.0,1.0,0.0,"[5.238672494888306, 5.231102347373962]","[0.0, 0.0]","[0.0, 0.0]",0.0
development_DiagReachK2_s180_W2_time_loo,DiagReachK2,180,W2,time_loo,11,5760,exploration,20,6.8042641516332525,5.1312872107629675,1.672976940870285,0.25,0.3,"[4.699188828468323, 3.968803745508194]","[0.2, 0.15]","[0.07593123515446981, 0.03525987863540649]",13.342933654785156
development_DiagReachK2_s180_W2_time_loo,DiagReachK2,180,W2,time_loo,11,5760,selection,12,8.848595715612465,8.848595715612465,0.0,1.0,0.0,"[4.456795175870259, 5.220038533210754]","[0.0, 0.0]","[0.0, 0.0]",0.0
development_DiagReachK2_s180_W2_time_loo,DiagReachK2,180,W2,time_loo,11,5760,acceptance,8,9.154647481441497,9.154647481441497,0.0,1.0,0.0,"[5.195826411247253, 5.156432151794434]","[0.0, 0.0]","[0.0, 0.0]",0.0
development_DiagReachK2_s180_W2_time_loo,DiagReachK2,180,W2,time_loo,12,6240,exploration,20,7.432401330736466,6.056295590070077,1.3761057406663895,0.3,0.6,"[4.516615226864815, 5.044758880138398]","[0.35, 0.45]","[0.03308485746383666, 0.08055839935938518]",13.637190818786621
development_DiagReachK2_s180_W2_time_loo,DiagReachK2,180,W2,time_loo,12,6240,selection,12,8.98277051622281,8.904656692093706,0.07811382412910461,0.6666666666666666,0.3333333333333333,"[5.8133342663447065, 4.6957153876622515]","[0.3333333333333333, 0.0]","[0.015301386515299498, 0.0]",1.1016998291015625
development_DiagReachK2_s180_W2_time_loo,DiagReachK2,180,W2,time_loo,12,6240,acceptance,8,9.18503938957583,9.18503938957583,0.0,1.0,0.0,"[5.417885065078735, 5.308411717414856]","[0.0, 0.0]","[0.0, 0.0]",0.0
development_DiagReachK2_s180_W2_time_loo,DiagReachK2,180,W2,time_loo,13,6720,exploration,20,7.550333315362222,4.8140449913637715,2.7362883239984512,0.25,0.5,"[5.094964158535004, 4.9904358923435215]","[0.25, 0.4]","[0.08335146506627401, 0.09838053782780966]",21.80784034729004
development_DiagReachK2_s180_W2_time_loo,DiagReachK2,180,W2,time_loo,13,6720,selection,12,8.882929270494303,8.882929270494303,0.0,1.0,0.0,"[5.007265210151672, 4.561216016610463]","[0.0, 0.0]","[0.0, 0.0]",0.0
development_DiagReachK2_s180_W2_time_loo,DiagReachK2,180,W2,time_loo,13,6720,acceptance,8,9.172159734391608,9.172159734391608,0.0,1.0,0.0,"[5.228129625320435, 5.165493965148926]","[0.0, 0.0]","[0.0, 0.0]",0.0
development_DiagReachK2_s180_W2_time_loo,DiagReachK2,180,W2,time_loo,14,7200,exploration,20,7.43872661384521,5.134854609693866,2.3038720041513443,0.1,0.5,"[5.180353289842605, 5.244481575489044]","[0.3, 0.3]","[0.10914075374603271, 0.0659004052480062]",21.004939079284668
development_DiagReachK2_s180_W2_time_loo,DiagReachK2,180,W2,time_loo,14,7200,selection,12,8.890793177216256,8.890793177216256,0.0,1.0,0.0,"[4.56200776497523, 5.470449805259705]","[0.0, 0.0]","[0.0, 0.0]",0.0
development_DiagReachK2_s180_W2_time_loo,DiagReachK2,180,W2,time_loo,14,7200,acceptance,8,9.154660335241351,9.154660335241351,0.0,1.0,0.0,"[5.325533747673035, 5.167268514633179]","[0.0, 0.0]","[0.0, 0.0]",0.0
development_DiagReachK2_s180_W2_time_loo,DiagReachK2,180,W2,time_loo,15,7680,exploration,20,7.195625518066808,6.222618002993986,0.9730075150728226,0.3,0.45,"[4.705514878034592, 4.106750465929508]","[0.25, 0.2]","[0.03882512648900349, 0.04319303035736084]",9.84217882156372
development_DiagReachK2_s180_W2_time_loo,DiagReachK2,180,W2,time_loo,15,7680,selection,12,9.133030931965914,9.133030931965914,0.0,1.0,0.0,"[5.112785339355469, 5.395514527956645]","[0.0, 0.0]","[0.0, 0.0]",0.0
development_DiagReachK2_s180_W2_time_loo,DiagReachK2,180,W2,time_loo,15,7680,acceptance,8,9.164345819270238,9.164345819270238,0.0,1.0,0.0,"[5.344215989112854, 5.229980111122131]","[0.0, 0.0]","[0.0, 0.0]",0.0
development_DiagReachK2_s180_W2_time_loo,DiagReachK2,180,W2,time_loo,16,8160,exploration,20,6.952018539762358,5.900412510490279,1.0516060292720795,0.15,0.35,"[4.375267349183559, 4.836988306045532]","[0.15, 0.25]","[0.03880561590194702, 0.05775552193323772]",11.587336540222168
development_DiagReachK2_s180_W2_time_loo,DiagReachK2,180,W2,time_loo,16,8160,selection,12,9.295330581144663,9.217862474000624,0.07746810714403789,0.5833333333333334,0.4166666666666667,"[5.782377322514852, 5.5870137214660645]","[0.4166666666666667, 0.0]","[0.015493618117438416, 0.0]",1.1155405044555664
development_DiagReachK2_s180_W2_time_loo,DiagReachK2,180,W2,time_loo,16,8160,acceptance,8,9.173164248303511,9.173164248303511,0.0,1.0,0.0,"[5.166586756706238, 5.282052993774414]","[0.0, 0.0]","[0.0, 0.0]",0.0
development_DiagReachK2_s180_W2_time_loo,DiagReachK2,180,W2,time_loo,17,8640,exploration,20,6.799122829516419,5.85316890903283,0.9459539204835892,0.05,0.4,"[4.349900907278061, 4.830728831887245]","[0.25, 0.2]","[0.06243776480356852, 0.031224425633748377]",11.239462852478027
development_DiagReachK2_s180_W2_time_loo,DiagReachK2,180,W2,time_loo,17,8640,selection,12,9.295867909062267,9.289695003696641,0.0061729053656260175,0.8333333333333334,0.16666666666666666,"[5.3774311145146685, 5.521722833315532]","[0.0, 0.16666666666666666]","[0.0, 0.0012345843844943638]",0.08889007568359375
development_DiagReachK2_s180_W2_time_loo,DiagReachK2,180,W2,time_loo,17,8640,acceptance,8,9.181976091803516,9.181976091803516,0.0,1.0,0.0,"[5.556948781013489, 5.283971965312958]","[0.0, 0.0]","[0.0, 0.0]",0.0
development_DiagReachK2_s180_W2_time_loo,DiagReachK2,180,W2,time_loo,18,9120,exploration,20,7.724921745695172,4.733259869255124,2.991661876440048,0.3,0.55,"[5.820227599143982, 4.372824263572693]","[0.5, 0.15]","[0.16140163739522295, 0.017795924345652258]",21.50370740890503
development_DiagReachK2_s180_W2_time_loo,DiagReachK2,180,W2,time_loo,18,9120,selection,12,8.82215909437485,8.82215909437485,0.0,1.0,0.0,"[4.7632720073064165, 5.1365662813186646]","[0.0, 0.0]","[0.0, 0.0]",0.0
development_DiagReachK2_s180_W2_time_loo,DiagReachK2,180,W2,time_loo,18,9120,acceptance,8,9.186903503281064,9.186903503281064,0.0,1.0,0.0,"[5.755006790161133, 5.3509403467178345]","[0.0, 0.0]","[0.0, 0.0]",0.0
development_DiagReachK2_s180_W2_time_loo,DiagReachK2,180,W2,time_loo,19,9600,exploration,20,7.404511073631002,5.817426869672491,1.5870842039585114,0.15,0.6,"[5.120578652620315, 4.714778476953507]","[0.4, 0.25]","[0.09755346775054932, 0.038531529903411875]",16.330199718475342
development_DiagReachK2_s180_W2_time_loo,DiagReachK2,180,W2,time_loo,19,9600,selection,12,9.090914229278374,9.057409266357231,0.03350496292114258,0.75,0.25,"[5.251229604085286, 5.43294616540273]","[0.0, 0.25]","[0.0, 0.005887799792819559]",0.4239215850830078
development_DiagReachK2_s180_W2_time_loo,DiagReachK2,180,W2,time_loo,19,9600,acceptance,8,9.232082727900707,9.232082727900707,0.0,1.0,0.0,"[5.5432868003845215, 5.406337738037109]","[0.0, 0.0]","[0.0, 0.0]",0.0
development_DiagReachK2_s180_W2_time_loo,DiagReachK2,180,W2,time_loo,20,10080,exploration,20,7.62718938776059,5.637712274871301,1.9894771128892899,0.3,0.5,"[5.5933147192001345, 4.860024297237397]","[0.3, 0.2]","[0.09444787502288818, 0.04206931988398234]",16.382063388824463
development_DiagReachK2_s180_W2_time_loo,DiagReachK2,180,W2,time_loo,20,10080,selection,12,8.918944665324668,8.918944665324668,0.0,1.0,0.0,"[5.2253745794296265, 5.149750868479411]","[0.0, 0.0]","[0.0, 0.0]",0.0
development_DiagReachK2_s180_W2_time_loo,DiagReachK2,180,W2,time_loo,20,10080,acceptance,8,9.278340108372504,9.278340108372504,0.0,1.0,0.0,"[5.475574433803558, 5.33283406496048]","[0.0, 0.0]","[0.0, 0.0]",0.0
development_DiagReachK2_s180_W2_time_loo,DiagReachK2,180,W2,time_loo,21,10560,exploration,20,6.966609231613111,5.161881096146535,1.8047281354665756,0.1,0.6,"[3.9133203864097594, 5.466013866662979]","[0.2, 0.45]","[0.015972165266672778, 0.10392572085062661]",14.387746334075928
development_DiagReachK2_s180_W2_time_loo,DiagReachK2,180,W2,time_loo,21,10560,selection,12,8.855462663671156,8.855462663671156,0.0,1.0,0.0,"[5.427753408749898, 4.341367304325104]","[0.0, 0.0]","[0.0, 0.0]",0.0
development_DiagReachK2_s180_W2_time_loo,DiagReachK2,180,W2,time_loo,21,10560,acceptance,8,9.263416503975167,9.263416503975167,0.0,1.0,0.0,"[5.38885498046875, 5.318493485450745]","[0.0, 0.0]","[0.0, 0.0]",0.0
development_DiagReachK2_s180_W2_time_loo,DiagReachK2,180,W2,time_loo,22,11040,exploration,20,7.19618567994694,5.64624022117714,1.5499454587697983,0.25,0.5,"[4.970774310827255, 4.7863244116306305]","[0.35, 0.25]","[0.09541933536529543, 0.023956724007924413]",14.325127124786377
development_DiagReachK2_s180_W2_time_loo,DiagReachK2,180,W2,time_loo,22,11040,selection,12,8.87619592996489,8.87619592996489,0.0,1.0,0.0,"[4.818152904510498, 5.032752275466919]","[0.0, 0.0]","[0.0, 0.0]",0.0
development_DiagReachK2_s180_W2_time_loo,DiagReachK2,180,W2,time_loo,22,11040,acceptance,8,9.257876381021925,9.257876381021925,0.0,1.0,0.0,"[5.388731360435486, 5.3842891454696655]","[0.0, 0.0]","[0.0, 0.0]",0.0
development_DiagReachK2_s180_W2_time_loo,DiagReachK2,180,W2,time_loo,23,11520,exploration,20,7.273411149960012,6.381996552329511,0.8914145976305008,0.25,0.45,"[5.049612534046173, 4.681926727294922]","[0.4, 0.05]","[0.07268679539362588, 0.021115080515543616]",11.256225109100342
development_DiagReachK2_s180_W2_time_loo,DiagReachK2,180,W2,time_loo,23,11520,selection,12,9.227360014744528,9.203973685332068,0.023386329412460327,0.8333333333333334,0.16666666666666666,"[5.6187989711761475, 5.009973764419556]","[0.16666666666666666, 0.0]","[0.004677269193861226, 0.0]",0.3367633819580078
development_DiagReachK2_s180_W2_time_loo,DiagReachK2,180,W2,time_loo,23,11520,acceptance,8,9.3053348618967,9.3053348618967,0.0,1.0,0.0,"[5.512834966182709, 5.373711168766022]","[0.0, 0.0]","[0.0, 0.0]",0.0
development_DiagReachK2_s180_W2_time_loo,DiagReachK2,180,W2,time_loo,24,12000,exploration,20,7.545677048035432,6.624751788445283,0.9209252595901489,0.3,0.45,"[4.604805618524551, 5.504973471164703]","[0.15, 0.4]","[0.02395120064417521, 0.0720783273379008]",11.523543357849121
development_DiagReachK2_s180_W2_time_loo,DiagReachK2,180,W2,time_loo,24,12000,selection,12,8.869824102132892,8.869824102132892,0.0,1.0,0.0,"[5.486069321632385, 4.649226387341817]","[0.0, 0.0]","[0.0, 0.0]",0.0
development_DiagReachK2_s180_W2_time_loo,DiagReachK2,180,W2,time_loo,24,12000,acceptance,8,9.244918516383041,9.244918516383041,0.0,1.0,0.0,"[5.465994358062744, 5.2072519063949585]","[0.0, 0.0]","[0.0, 0.0]",0.0
development_DiagReachK2_s186_KL_cf_state,DiagReachK2,186,KL,cf_state,0,480,exploration,20,5.246067511015572,3.8507704456383367,1.3952970653772354,0.05,0.25,"[3.922432190179825, 1.9191131234169005]","[0.15, 0.1]","[0.055571293830871574, 0.029069276650746666]",10.15686845779419
development_DiagReachK2_s186_KL_cf_state,DiagReachK2,186,KL,cf_state,0,480,selection,12,5.730957650206983,5.730957650206983,0.0,0.0,0.0,"[5.2033887306849165, 0.11462773382663727]","[0.0, 0.0]","[0.0, 0.0]",0.0
development_DiagReachK2_s186_KL_cf_state,DiagReachK2,186,KL,cf_state,0,480,acceptance,8,5.6526236369507386,5.6526236369507386,0.0,0.0,0.0,"[5.197214245796204, 0.15259286761283875]","[0.0, 0.0]","[0.0, 0.0]",0.0
development_DiagReachK2_s186_KL_cf_state,DiagReachK2,186,KL,cf_state,1,960,exploration,20,5.188545252135954,3.1603900146996597,2.0281552374362946,0.05,0.45,"[4.6319197222590445, 1.3654318079352379]","[0.4, 0.05]","[0.13177554607391356, 0.009801860650380457]",16.989288806915283
development_DiagReachK2_s186_KL_cf_state,DiagReachK2,186,KL,cf_state,1,960,selection,12,6.662567411215665,6.662567411215665,0.0,0.0,0.0,"[5.01091730594635, 0.7046321059266726]","[0.0, 0.0]","[0.0, 0.0]",0.0
development_DiagReachK2_s186_KL_cf_state,DiagReachK2,186,KL,cf_state,1,960,acceptance,8,6.505741054000101,6.505741054000101,0.0,0.0,0.0,"[4.893398106098175, 0.6407349742949009]","[0.0, 0.0]","[0.0, 0.0]",0.0
development_DiagReachK2_s186_KL_cf_state,DiagReachK2,186,KL,cf_state,2,1440,exploration,20,4.744409598198254,3.9240099115041076,0.8203996866941452,0.05,0.35,"[3.8936114445328713, 1.6941199123859405]","[0.35, 0.0]","[0.06621841192245484, 0.0]",7.94620943069458
development_DiagReachK2_s186_KL_cf_state,DiagReachK2,186,KL,cf_state,2,1440,selection,12,7.512762075817833,7.078088349259148,0.4346737265586853,0.0,0.3333333333333333,"[5.627545078595479, 1.7716898520787556]","[0.3333333333333333, 0.0]","[0.055955204698774554, 0.0]",4.028774738311768
development_DiagReachK2_s186_KL_cf_state,DiagReachK2,186,KL,cf_state,2,1440,acceptance,8,6.832477976713562,6.832477976713562,0.0,0.0,0.0,"[4.71835869550705, 0.9181223213672638]","[0.0, 0.0]","[0.0, 0.0]",0.0
development_DiagReachK2_s186_KL_cf_state,DiagReachK2,186,KL,cf_state,3,1920,exploration,20,5.72774056435097,4.434717276101001,1.2930232882499695,0.35,0.3,"[4.388030929863453, 2.194149063527584]","[0.25, 0.05]","[0.09194647073745728, 0.017390060424804687]",13.120383739471436
development_DiagReachK2_s186_KL_cf_state,DiagReachK2,186,KL,cf_state,3,1920,selection,12,7.023242069237557,7.023242069237557,0.0,0.3333333333333333,0.0,"[4.44828861951828, 1.4290775259335835]","[0.0, 0.0]","[0.0, 0.0]",0.0
development_DiagReachK2_s186_KL_cf_state,DiagReachK2,186,KL,cf_state,3,1920,acceptance,8,7.039540050321375,7.039540050321375,0.0,0.5,0.0,"[4.707706451416016, 1.2762502133846283]","[0.0, 0.0]","[0.0, 0.0]",0.0
development_DiagReachK2_s186_KL_cf_state,DiagReachK2,186,KL,cf_state,4,2400,exploration,20,6.025951326949288,4.630717688364674,1.3952336385846138,0.15,0.35,"[4.567389969527722, 2.77559430450201]","[0.3, 0.05]","[0.08014118671417235, 0.008138024806976318]",10.593505382537842
development_DiagReachK2_s186_KL_cf_state,DiagReachK2,186,KL,cf_state,4,2400,selection,12,7.6990412534039026,7.6990412534039026,0.0,1.0,0.0,"[4.607572833697001, 2.4312549332777658]","[0.0, 0.0]","[0.0, 0.0]",0.0
development_DiagReachK2_s186_KL_cf_state,DiagReachK2,186,KL,cf_state,4,2400,acceptance,8,7.734371668124004,7.734371668124004,0.0,1.0,0.0,"[4.6041339635849, 2.6764175295829773]","[0.0, 0.0]","[0.0, 0.0]",0.0
development_DiagReachK2_s186_KL_cf_state,DiagReachK2,186,KL,cf_state,5,2880,exploration,20,6.573730599688714,5.815803539561456,0.7579270601272583,0.3,0.4,"[4.104228466749191, 3.344193270802498]","[0.25, 0.15]","[0.029448747634887685, 0.01973106861114502]",5.901577949523926
development_DiagReachK2_s186_KL_cf_state,DiagReachK2,186,KL,cf_state,5,2880,selection,12,8.429928105345372,8.429928105345372,0.0,1.0,0.0,"[4.898211717605591, 4.1758424043655396]","[0.0, 0.0]","[0.0, 0.0]",0.0
development_DiagReachK2_s186_KL_cf_state,DiagReachK2,186,KL,cf_state,5,2880,acceptance,8,8.453265226966778,8.453265226966778,0.0,1.0,0.0,"[5.002373456954956, 4.23218110203743]","[0.0, 0.0]","[0.0, 0.0]",0.0
development_DiagReachK2_s186_KL_cf_state,DiagReachK2,186,KL,cf_state,6,3360,exploration,20,7.0826501016039405,5.9548987512011085,1.127751350402832,0.1,0.4,"[4.6221026420593265, 4.206554317474366]","[0.25, 0.15]","[0.03963310321172079, 0.050259800752003994]",10.787148475646973
development_DiagReachK2_s186_KL_cf_state,DiagReachK2,186,KL,cf_state,6,3360,selection,12,8.485238648030586,8.485238648030586,0.0,1.0,0.0,"[5.231732606887817, 4.12341566880544]","[0.0, 0.0]","[0.0, 0.0]",0.0
development_DiagReachK2_s186_KL_cf_state,DiagReachK2,186,KL,cf_state,6,3360,acceptance,8,8.785075643929826,8.785075643929826,0.0,1.0,0.0,"[5.401513457298279, 4.810051918029785]","[0.0, 0.0]","[0.0, 0.0]",0.0
development_DiagReachK2_s186_KL_cf_state,DiagReachK2,186,KL,cf_state,7,3840,exploration,20,7.377928153231042,6.4032198196195536,0.9747083336114883,0.25,0.35,"[5.364314723014831, 4.375944483280182]","[0.3, 0.05]","[0.05354899168014528, 0.0029330372810363768]",6.777843475341797
development_DiagReachK2_s186_KL_cf_state,DiagReachK2,186,KL,cf_state,7,3840,selection,12,8.695096294149153,8.695096294149153,0.0,1.0,0.0,"[5.29747474193573, 4.644222140312195]","[0.0, 0.0]","[0.0, 0.0]",0.0
development_DiagReachK2_s186_KL_cf_state,DiagReachK2,186,KL,cf_state,7,3840,acceptance,8,8.836385160594137,8.836385160594137,0.0,1.0,0.0,"[5.331927120685577, 4.925602912902832]","[0.0, 0.0]","[0.0, 0.0]",0.0
development_DiagReachK2_s186_KL_cf_state,DiagReachK2,186,KL,cf_state,8,4320,exploration,20,7.53813570591592,6.046539126364224,1.4915965795516968,0.2,0.6,"[5.313945901393891, 4.926125299930573]","[0.35, 0.3]","[0.051196336746215806, 0.06495606899261476]",13.938288688659668
development_DiagReachK2_s186_KL_cf_state,DiagReachK2,186,KL,cf_state,8,4320,selection,12,8.468446661014502,8.468446661014502,0.0,1.0,0.0,"[4.960620681444804, 4.235415597756703]","[0.0, 0.0]","[0.0, 0.0]",0.0
development_DiagReachK2_s186_KL_cf_state,DiagReachK2,186,KL,cf_state,8,4320,acceptance,8,8.824515667260485,8.824515667260485,0.0,1.0,0.0,"[5.280360817909241, 4.867990612983704]","[0.0, 0.0]","[0.0, 0.0]",0.0
development_DiagReachK2_s186_KL_cf_state,DiagReachK2,186,KL,cf_state,9,4800,exploration,20,7.574303776165472,4.958164185425266,2.616139590740204,0.15,0.7,"[5.393107783794403, 5.018397536873818]","[0.3, 0.4]","[0.0534781058629354, 0.09637095928192138]",17.981887817382812
development_DiagReachK2_s186_KL_cf_state,DiagReachK2,186,KL,cf_state,9,4800,selection,12,8.409561592656868,8.409561592656868,0.0,1.0,0.0,"[4.627635041872661, 4.118282775084178]","[0.0, 0.0]","[0.0, 0.0]",0.0
development_DiagReachK2_s186_KL_cf_state,DiagReachK2,186,KL,cf_state,9,4800,acceptance,8,8.799765963565324,8.799765963565324,0.0,1.0,0.0,"[5.321812391281128, 4.987918972969055]","[0.0, 0.0]","[0.0, 0.0]",0.0
development_DiagReachK2_s186_KL_cf_state,DiagReachK2,186,KL,cf_state,10,5280,exploration,20,7.2738992490503005,6.3907505192491225,0.883148729801178,0.2,0.4,"[5.057673060894013, 4.353258264064789]","[0.3, 0.1]","[0.042163574695587146, 0.028218444188435866]",8.445842266082764
development_DiagReachK2_s186_KL_cf_state,DiagReachK2,186,KL,cf_state,10,5280,selection,12,8.700832882717929,8.700832882717929,0.0,1.0,0.0,"[5.310854991277059, 4.363800982634227]","[0.0, 0.0]","[0.0, 0.0]",0.0
development_DiagReachK2_s186_KL_cf_state,DiagReachK2,186,KL,cf_state,10,5280,acceptance,8,8.86630891101645,8.86630891101645,0.0,1.0,0.0,"[5.51781690120697, 4.654699504375458]","[0.0, 0.0]","[0.0, 0.0]",0.0
development_DiagReachK2_s186_KL_cf_state,DiagReachK2,186,KL,cf_state,11,5760,exploration,20,7.616175536448137,6.460486423606054,1.155689112842083,0.35,0.45,"[5.370891523361206, 4.516713082790375]","[0.25, 0.25]","[0.035488299528757726, 0.04298949639002483]",9.417335510253906
development_DiagReachK2_s186_KL_cf_state,DiagReachK2,186,KL,cf_state,11,5760,selection,12,8.655740664211043,8.655740664211043,0.0,1.0,0.0,"[5.621704538663228, 3.675535559654236]","[0.0, 0.0]","[0.0, 0.0]",0.0
development_DiagReachK2_s186_KL_cf_state,DiagReachK2,186,KL,cf_state,11,5760,acceptance,8,8.884648008686781,8.884648008686781,0.0,1.0,0.0,"[5.73410701751709, 4.103753834962845]","[0.0, 0.0]","[0.0, 0.0]",0.0
development_DiagReachK2_s186_KL_cf_state,DiagReachK2,186,KL,cf_state,12,6240,exploration,20,7.093047033840557,6.71014894157066,0.38289809226989746,0.45,0.15,"[5.100578796863556, 3.174610447883606]","[0.15, 0.0]","[0.036265977223714184, 0.0]",4.351917266845703
development_DiagReachK2_s186_KL_cf_state,DiagReachK2,186,KL,cf_state,12,6240,selection,12,8.87955022771436,8.87955022771436,0.0,1.0,0.0,"[5.42056401570638, 4.263849814732869]","[0.0, 0.0]","[0.0, 0.0]",0.0
development_DiagReachK2_s186_KL_cf_state,DiagReachK2,186,KL,cf_state,12,6240,acceptance,8,8.939249648907253,8.939249648907253,0.0,1.0,0.0,"[5.589393734931946, 4.361136645078659]","[0.0, 0.0]","[0.0, 0.0]",0.0
development_DiagReachK2_s186_KL_cf_state,DiagReachK2,186,KL,cf_state,13,6720,exploration,20,7.836113934606546,7.339638521164888,0.496475413441658,0.4,0.45,"[5.63768892288208, 4.181532371044159]","[0.35, 0.1]","[0.03268500169118247, 0.0051740964253743525]",4.543091773986816
development_DiagReachK2_s186_KL_cf_state,DiagReachK2,186,KL,cf_state,13,6720,selection,12,8.898875508776527,8.898875508776527,0.0,1.0,0.0,"[5.065885663032532, 5.020777742067973]","[0.0, 0.0]","[0.0, 0.0]",0.0
development_DiagReachK2_s186_KL_cf_state,DiagReachK2,186,KL,cf_state,13,6720,acceptance,8,8.985515990336808,8.985515990336808,0.0,1.0,0.0,"[5.380008101463318, 4.795327425003052]","[0.0, 0.0]","[0.0, 0.0]",0.0
development_DiagReachK2_s186_KL_cf_state,DiagReachK2,186,KL,cf_state,14,7200,exploration,20,7.4815904838207645,6.7826134381059076,0.6989770457148552,0.4,0.35,"[5.046719944477081, 4.094979572296142]","[0.2, 0.15]","[0.018770885467529298, 0.03620876868565877]",6.597558498382568
development_DiagReachK2_s186_KL_cf_state,DiagReachK2,186,KL,cf_state,14,7200,selection,12,8.875651650102094,8.875651650102094,0.0,1.0,0.0,"[5.458463986714681, 4.3847838044166565]","[0.0, 0.0]","[0.0, 0.0]",0.0
development_DiagReachK2_s186_KL_cf_state,DiagReachK2,186,KL,cf_state,14,7200,acceptance,8,9.045113296550674,9.045113296550674,0.0,1.0,0.0,"[5.468918800354004, 4.717465102672577]","[0.0, 0.0]","[0.0, 0.0]",0.0
development_DiagReachK2_s186_KL_cf_state,DiagReachK2,186,KL,cf_state,15,7680,exploration,20,7.6058907168637955,6.453653577221557,1.1522371396422386,0.25,0.55,"[5.596929728984833, 4.239146953821182]","[0.4, 0.15]","[0.07178936402002971, 0.023115297158559166]",11.388559341430664
development_DiagReachK2_s186_KL_cf_state,DiagReachK2,186,KL,cf_state,15,7680,selection,12,9.083737424945136,9.083737424945136,0.0,1.0,0.0,"[5.4604872067769366, 4.765445550282796]","[0.0, 0.0]","[0.0, 0.0]",0.0
development_DiagReachK2_s186_KL_cf_state,DiagReachK2,186,KL,cf_state,15,7680,acceptance,8,9.060427651965801,9.060427651965801,0.0,1.0,0.0,"[5.397238731384277, 4.797878265380859]","[0.0, 0.0]","[0.0, 0.0]",0.0
development_DiagReachK2_s186_KL_cf_state,DiagReachK2,186,KL,cf_state,16,8160,exploration,20,7.915230785813184,7.290340964999051,0.6248898208141327,0.5,0.45,"[4.963044691085815, 4.7652442932128904]","[0.3, 0.15]","[0.04388329585393269, 0.012350734074910486]",6.748083591461182
development_DiagReachK2_s186_KL_cf_state,DiagReachK2,186,KL,cf_state,16,8160,selection,12,8.96071700639392,8.96071700639392,0.0,1.0,0.0,"[5.053365190823873, 5.054041345914205]","[0.0, 0.0]","[0.0, 0.0]",0.0
development_DiagReachK2_s186_KL_cf_state,DiagReachK2,186,KL,cf_state,16,8160,acceptance,8,9.139911890067742,9.139911890067742,0.0,1.0,0.0,"[5.305348753929138, 5.06879460811615]","[0.0, 0.0]","[0.0, 0.0]",0.0
development_DiagReachK2_s186_KL_cf_state,DiagReachK2,186,KL,cf_state,17,8640,exploration,20,7.860418981229887,7.15527998498641,0.7051389962434769,0.45,0.4,"[5.339083993434906, 4.7643768191337585]","[0.3, 0.15]","[0.03815066814422609, 0.027360693613688147]",7.861363410949707
development_DiagReachK2_s186_KL_cf_state,DiagReachK2,186,KL,cf_state,17,8640,selection,12,8.914263145292882,8.914263145292882,0.0,1.0,0.0,"[5.187309821446736, 4.645384112993876]","[0.0, 0.0]","[0.0, 0.0]",0.0
development_DiagReachK2_s186_KL_cf_state,DiagReachK2,186,KL,cf_state,17,8640,acceptance,8,9.108866094518453,9.108866094518453,0.0,1.0,0.0,"[5.381054997444153, 5.014918088912964]","[0.0, 0.0]","[0.0, 0.0]",0.0
development_DiagReachK2_s186_KL_cf_state,DiagReachK2,186,KL,cf_state,18,9120,exploration,20,7.83932500782481,7.478297737269314,0.3610272705554962,0.6,0.3,"[5.406597661972046, 4.429286807775497]","[0.25, 0.1]","[0.023509112993876147, 0.005653107166290283]",3.4994664192199707
development_DiagReachK2_s186_KL_cf_state,DiagReachK2,186,KL,cf_state,18,9120,selection,12,9.107534360515034,9.107534360515034,0.0,1.0,0.0,"[5.301419099171956, 5.21050759156545]","[0.0, 0.0]","[0.0, 0.0]",0.0
development_DiagReachK2_s186_KL_cf_state,DiagReachK2,186,KL,cf_state,18,9120,acceptance,8,9.092192181208521,9.092192181208521,0.0,1.0,0.0,"[5.190331876277924, 5.319392144680023]","[0.0, 0.0]","[0.0, 0.0]",0.0
development_DiagReachK2_s186_KL_cf_state,DiagReachK2,186,KL,cf_state,19,9600,exploration,20,8.124796504304976,7.811743090079398,0.3130534142255783,0.6,0.35,"[5.070166730880738, 5.186203277111053]","[0.1, 0.25]","[0.0035033822059631348, 0.03380003770192465]",4.476410388946533
development_DiagReachK2_s186_KL_cf_state,DiagReachK2,186,KL,cf_state,19,9600,selection,12,9.088345694514768,9.088345694514768,0.0,1.0,0.0,"[5.202239632606506, 5.31338906288147]","[0.0, 0.0]","[0.0, 0.0]",0.0
development_DiagReachK2_s186_KL_cf_state,DiagReachK2,186,KL,cf_state,19,9600,acceptance,8,9.08883126565197,9.08883126565197,0.0,1.0,0.0,"[5.244632422924042, 5.507637143135071]","[0.0, 0.0]","[0.0, 0.0]",0.0
development_DiagReachK2_s186_KL_cf_state,DiagReachK2,186,KL,cf_state,20,10080,exploration,20,8.164569851182332,7.9206391984447135,0.2439306527376175,0.6,0.2,"[5.369257307052612, 5.164800071716309]","[0.15, 0.1]","[0.013299969832102465, 0.014175403118133544]",3.2970447540283203
development_DiagReachK2_s186_KL_cf_state,DiagReachK2,186,KL,cf_state,20,10080,selection,12,9.193353962045512,9.193353962045512,0.0,1.0,0.0,"[5.339463114738464, 5.4028663237889605]","[0.0, 0.0]","[0.0, 0.0]",0.0
development_DiagReachK2_s186_KL_cf_state,DiagReachK2,186,KL,cf_state,20,10080,acceptance,8,9.201812518329824,9.201812518329824,0.0,1.0,0.0,"[5.39314079284668, 5.411413371562958]","[0.0, 0.0]","[0.0, 0.0]",0.0
development_DiagReachK2_s186_KL_cf_state,DiagReachK2,186,KL,cf_state,21,10560,exploration,20,8.318438495348673,7.923341403554659,0.395097091794014,0.5,0.4,"[5.236626994609833, 5.7021473288536075]","[0.3, 0.3]","[0.020103148619333912, 0.031418728828430185]",6.1826252937316895
development_DiagReachK2_s186_KL_cf_state,DiagReachK2,186,KL,cf_state,21,10560,selection,12,9.194159168315673,9.194159168315673,0.0,1.0,0.0,"[5.414694984753926, 5.246136665344238]","[0.0, 0.0]","[0.0, 0.0]",0.0
development_DiagReachK2_s186_KL_cf_state,DiagReachK2,186,KL,cf_state,21,10560,acceptance,8,9.279790937388317,9.279790937388317,0.0,1.0,0.0,"[5.42074716091156, 5.477901339530945]","[0.0, 0.0]","[0.0, 0.0]",0.0
development_DiagReachK2_s186_KL_cf_state,DiagReachK2,186,KL,cf_state,22,11040,exploration,20,8.2978266167338,7.740948333113918,0.5568782836198807,0.45,0.5,"[5.4163246870040895, 5.109685206413269]","[0.45, 0.1]","[0.04661392370859781, 0.001310698191324866]",5.750954627990723
development_DiagReachK2_s186_KL_cf_state,DiagReachK2,186,KL,cf_state,22,11040,selection,12,9.229296126125943,9.229296126125943,0.0,1.0,0.0,"[5.326259096463521, 5.533547838528951]","[0.0, 0.0]","[0.0, 0.0]",0.0
development_DiagReachK2_s186_KL_cf_state,DiagReachK2,186,KL,cf_state,22,11040,acceptance,8,9.27857692835969,9.27857692835969,0.0,1.0,0.0,"[5.465335845947266, 5.464475154876709]","[0.0, 0.0]","[0.0, 0.0]",0.0
development_DiagReachK2_s186_KL_cf_state,DiagReachK2,186,KL,cf_state,23,11520,exploration,20,8.514037599333097,7.510894482501317,1.0031431168317795,0.4,0.55,"[6.042939829826355, 5.6265701174736025]","[0.5, 0.25]","[0.058752850691477454, 0.02746213277180991]",10.345798015594482
development_DiagReachK2_s186_KL_cf_state,DiagReachK2,186,KL,cf_state,23,11520,selection,12,9.219725145551395,9.219725145551395,0.0,1.0,0.0,"[5.197452902793884, 5.545805136362712]","[0.0, 0.0]","[0.0, 0.0]",0.0
development_DiagReachK2_s186_KL_cf_state,DiagReachK2,186,KL,cf_state,23,11520,acceptance,8,9.308222181927704,9.308222181927704,0.0,1.0,0.0,"[5.5130375623703, 5.575174987316132]","[0.0, 0.0]","[0.0, 0.0]",0.0
development_DiagReachK2_s186_KL_cf_state,DiagReachK2,186,KL,cf_state,24,12000,exploration,20,8.289580814419313,8.013046897826715,0.27653391659259796,0.45,0.4,"[5.527447152137756, 5.248242580890656]","[0.15, 0.3]","[0.010126960277557374, 0.020195488135019934]",3.6386938095092773
development_DiagReachK2_s186_KL_cf_state,DiagReachK2,186,KL,cf_state,24,12000,selection,12,9.266541719976521,9.266541719976521,0.0,1.0,0.0,"[5.255858103434245, 5.601946512858073]","[0.0, 0.0]","[0.0, 0.0]",0.0
development_DiagReachK2_s186_KL_cf_state,DiagReachK2,186,KL,cf_state,24,12000,acceptance,8,9.319440069995473,9.319440069995473,0.0,1.0,0.0,"[5.531594514846802, 5.6550973653793335]","[0.0, 0.0]","[0.0, 0.0]",0.0
development_DiagReachK2_s186_KL_time_loo,DiagReachK2,186,KL,time_loo,0,480,exploration,20,5.246067511015572,3.8507704456383367,1.3952970653772354,0.05,0.25,"[3.922432190179825, 1.9191131234169005]","[0.15, 0.1]","[0.055571293830871574, 0.029069276650746666]",10.15686845779419
development_DiagReachK2_s186_KL_time_loo,DiagReachK2,186,KL,time_loo,0,480,selection,12,5.645184739710142,5.645184739710142,0.0,0.0,0.0,"[5.14434031645457, 0.05155772219101588]","[0.0, 0.0]","[0.0, 0.0]",0.0
development_DiagReachK2_s186_KL_time_loo,DiagReachK2,186,KL,time_loo,0,480,acceptance,8,5.524535198090598,5.524535198090598,0.0,0.0,0.0,"[5.109193682670593, 0.05634232610464096]","[0.0, 0.0]","[0.0, 0.0]",0.0
development_DiagReachK2_s186_KL_time_loo,DiagReachK2,186,KL,time_loo,1,960,exploration,20,5.1302168719470504,3.111476277559996,2.0187405943870544,0.05,0.45,"[4.624058912694454, 1.3234789952635766]","[0.4, 0.05]","[0.1311015009880066, 0.010570462544759119]",17.000635623931885
development_DiagReachK2_s186_KL_time_loo,DiagReachK2,186,KL,time_loo,1,960,selection,12,6.343478196098779,6.343478196098779,0.0,0.0,0.0,"[4.550826450188954, 0.5339704304933548]","[0.0, 0.0]","[0.0, 0.0]",0.0
development_DiagReachK2_s186_KL_time_loo,DiagReachK2,186,KL,time_loo,1,960,acceptance,8,6.1657694887951955,6.1657694887951955,0.0,0.0,0.0,"[4.337786883115768, 0.480256799608469]","[0.0, 0.0]","[0.0, 0.0]",0.0
development_DiagReachK2_s186_KL_time_loo,DiagReachK2,186,KL,time_loo,2,1440,exploration,20,4.628314833499608,3.913717101670918,0.7145977318286896,0.0,0.25,"[3.7298381596803667, 1.5277572587132453]","[0.25, 0.0]","[0.05713777542114258, 0.0]",6.856533050537109
development_DiagReachK2_s186_KL_time_loo,DiagReachK2,186,KL,time_loo,2,1440,selection,12,7.236924995519804,7.100593799887187,0.13633119563261667,0.08333333333333333,0.3333333333333333,"[5.058112005392711, 1.7005553444226582]","[0.3333333333333333, 0.0]","[0.026827527417076964, 0.0]",1.931581974029541
development_DiagReachK2_s186_KL_time_loo,DiagReachK2,186,KL,time_loo,2,1440,acceptance,8,6.770373091829242,6.770373091829242,0.0,0.125,0.0,"[4.164196163415909, 1.1601299941539764]","[0.0, 0.0]","[0.0, 0.0]",0.0
development_DiagReachK2_s186_KL_time_loo,DiagReachK2,186,KL,time_loo,3,1920,exploration,20,5.772641491688556,3.9764029947889505,1.7962384968996048,0.15,0.35,"[4.514990884065628, 3.1822855725884436]","[0.3, 0.15]","[0.08804853359858196, 0.05798026720682781]",17.52345609664917
development_DiagReachK2_s186_KL_time_loo,DiagReachK2,186,KL,time_loo,3,1920,selection,12,7.103660603833852,7.103660603833852,0.0,0.3333333333333333,0.0,"[4.416487256685893, 1.5795779724915822]","[0.0, 0.0]","[0.0, 0.0]",0.0
development_DiagReachK2_s186_KL_time_loo,DiagReachK2,186,KL,time_loo,3,1920,acceptance,8,7.266131399359438,7.266131399359438,0.0,0.5,0.0,"[4.628812670707703, 1.684287190437317]","[0.0, 0.0]","[0.0, 0.0]",0.0
development_DiagReachK2_s186_KL_time_loo,DiagReachK2,186,KL,time_loo,4,2400,exploration,20,5.954942020978778,5.595429602470248,0.35951241850852966,0.25,0.1,"[4.074004372954368, 2.5751433327794073]","[0.1, 0.0]","[0.03110504945119221, 0.0]",3.7326059341430664
development_DiagReachK2_s186_KL_time_loo,DiagReachK2,186,KL,time_loo,4,2400,selection,12,8.059715770179173,8.059715770179173,0.0,1.0,0.0,"[4.717581391334534, 2.6454476515452066]","[0.0, 0.0]","[0.0, 0.0]",0.0
development_DiagReachK2_s186_KL_time_loo,DiagReachK2,186,KL,time_loo,4,2400,acceptance,8,8.120033768127177,8.120033768127177,0.0,1.0,0.0,"[4.544040143489838, 3.068456307053566]","[0.0, 0.0]","[0.0, 0.0]",0.0
development_DiagReachK2_s186_KL_time_loo,DiagReachK2,186,KL,time_loo,5,2880,exploration,20,6.80489282206283,5.481359957611422,1.3235328644514084,0.2,0.35,"[5.499563431739807, 3.1250469624996184]","[0.3, 0.05]","[0.09528555075327556, 0.010010643800099694]",12.63554334640503
development_DiagReachK2_s186_KL_time_loo,DiagReachK2,186,KL,time_loo,5,2880,selection,12,8.30793147792574,8.30793147792574,0.0,0.9166666666666666,0.0,"[3.807490050792694, 4.361302733421326]","[0.0, 0.0]","[0.0, 0.0]",0.0
development_DiagReachK2_s186_KL_time_loo,DiagReachK2,186,KL,time_loo,5,2880,acceptance,8,8.7334007870988,8.7334007870988,0.0,1.0,0.0,"[4.631939709186554, 4.410217523574829]","[0.0, 0.0]","[0.0, 0.0]",0.0
development_DiagReachK2_s186_KL_time_loo,DiagReachK2,186,KL,time_loo,6,3360,exploration,20,6.641133804556446,6.034990434285719,0.6061433702707291,0.35,0.1,"[3.9679518565535545, 3.6087950587272646]","[0.05, 0.05]","[0.030549208323160805, 0.01677617232004801]",5.679045677185059
development_DiagReachK2_s186_KL_time_loo,DiagReachK2,186,KL,time_loo,6,3360,selection,12,8.820560330030274,8.820560330030274,0.0,1.0,0.0,"[4.970419446627299, 4.270618458588918]","[0.0, 0.0]","[0.0, 0.0]",0.0
development_DiagReachK2_s186_KL_time_loo,DiagReachK2,186,KL,time_loo,6,3360,acceptance,8,8.897924188323667,8.897924188323667,0.0,1.0,0.0,"[4.940334916114807, 4.610561966896057]","[0.0, 0.0]","[0.0, 0.0]",0.0
development_DiagReachK2_s186_KL_time_loo,DiagReachK2,186,KL,time_loo,7,3840,exploration,20,7.308118371048477,5.602933091798333,1.705185279250145,0.2,0.45,"[5.201534402370453, 4.463114780187607]","[0.3, 0.25]","[0.06999994119008382, 0.05469268560409546]",14.963115215301514
development_DiagReachK2_s186_KL_time_loo,DiagReachK2,186,KL,time_loo,7,3840,selection,12,8.633779570388166,8.633779570388166,0.0,1.0,0.0,"[4.760775129000346, 4.074724892775218]","[0.0, 0.0]","[0.0, 0.0]",0.0
development_DiagReachK2_s186_KL_time_loo,DiagReachK2,186,KL,time_loo,7,3840,acceptance,8,8.993061751659841,8.993061751659841,0.0,1.0,0.0,"[5.021270155906677, 4.605012893676758]","[0.0, 0.0]","[0.0, 0.0]",0.0
development_DiagReachK2_s186_KL_time_loo,DiagReachK2,186,KL,time_loo,8,4320,exploration,20,7.348050899902445,5.818426199356182,1.5296247005462646,0.3,0.5,"[5.610150790214538, 4.224436938762665]","[0.45, 0.2]","[0.09827133019765219, 0.028701766331990574]",15.236771583557129
development_DiagReachK2_s186_KL_time_loo,DiagReachK2,186,KL,time_loo,8,4320,selection,12,8.72678986945745,8.72678986945745,0.0,1.0,0.0,"[4.6115854779879255, 4.387421449025472]","[0.0, 0.0]","[0.0, 0.0]",0.0
development_DiagReachK2_s186_KL_time_loo,DiagReachK2,186,KL,time_loo,8,4320,acceptance,8,8.970577831217089,8.970577831217089,0.0,1.0,0.0,"[5.024939179420471, 4.469802260398865]","[0.0, 0.0]","[0.0, 0.0]",0.0
development_DiagReachK2_s186_KL_time_loo,DiagReachK2,186,KL,time_loo,9,4800,exploration,20,7.03961813185655,6.003420134226908,1.0361979976296425,0.3,0.35,"[4.436939078569412, 4.191686815023422]","[0.2, 0.15]","[0.0293401598930359, 0.03674469391504924]",7.930182456970215
development_DiagReachK2_s186_KL_time_loo,DiagReachK2,186,KL,time_loo,9,4800,selection,12,8.984510429595442,8.984510429595442,0.0,1.0,0.0,"[5.053412000338237, 4.393729090690613]","[0.0, 0.0]","[0.0, 0.0]",0.0
development_DiagReachK2_s186_KL_time_loo,DiagReachK2,186,KL,time_loo,9,4800,acceptance,8,9.008216842031107,9.008216842031107,0.0,1.0,0.0,"[5.1059858202934265, 4.60880446434021]","[0.0, 0.0]","[0.0, 0.0]",0.0
development_DiagReachK2_s186_KL_time_loo,DiagReachK2,186,KL,time_loo,10,5280,exploration,20,7.173797985545825,6.494677489630412,0.6791204959154129,0.4,0.25,"[4.8703941822052, 4.312770229578018]","[0.15, 0.2]","[0.036302979787190756, 0.03310815890630085]",8.329336643218994
development_DiagReachK2_s186_KL_time_loo,DiagReachK2,186,KL,time_loo,10,5280,selection,12,8.787111158581473,8.787111158581473,0.0,1.0,0.0,"[4.68956200281779, 4.498158137003581]","[0.0, 0.0]","[0.0, 0.0]",0.0
development_DiagReachK2_s186_KL_time_loo,DiagReachK2,186,KL,time_loo,10,5280,acceptance,8,9.018493579144707,9.018493579144707,0.0,1.0,0.0,"[5.119534850120544, 4.592602968215942]","[0.0, 0.0]","[0.0, 0.0]",0.0
development_DiagReachK2_s186_KL_time_loo,DiagReachK2,186,KL,time_loo,11,5760,exploration,20,7.584406559631752,5.411552627847122,2.17285393178463,0.35,0.5,"[5.582429754734039, 4.690058720111847]","[0.5, 0.25]","[0.12592592239379882, 0.05484541654586792]",21.69256067276001
development_DiagReachK2_s186_KL_time_loo,DiagReachK2,186,KL,time_loo,11,5760,selection,12,8.44374819005437,8.44374819005437,0.0,1.0,0.0,"[4.221406936645508, 4.081515034039815]","[0.0, 0.0]","[0.0, 0.0]",0.0
development_DiagReachK2_s186_KL_time_loo,DiagReachK2,186,KL,time_loo,11,5760,acceptance,8,9.008504871354672,9.008504871354672,0.0,1.0,0.0,"[5.092174649238586, 4.547868013381958]","[0.0, 0.0]","[0.0, 0.0]",0.0
development_DiagReachK2_s186_KL_time_loo,DiagReachK2,186,KL,time_loo,12,6240,exploration,20,7.519813664052927,6.13888045379921,1.3809332102537155,0.35,0.35,"[5.091132467985153, 4.60110729932785]","[0.15, 0.25]","[0.03984418312708536, 0.04867900212605795]",10.622782230377197
development_DiagReachK2_s186_KL_time_loo,DiagReachK2,186,KL,time_loo,12,6240,selection,12,8.627926006228394,8.627926006228394,0.0,1.0,0.0,"[4.890721956888835, 3.875261386235555]","[0.0, 0.0]","[0.0, 0.0]",0.0
development_DiagReachK2_s186_KL_time_loo,DiagReachK2,186,KL,time_loo,12,6240,acceptance,8,8.98128070297389,8.98128070297389,0.0,1.0,0.0,"[5.091948866844177, 4.545668840408325]","[0.0, 0.0]","[0.0, 0.0]",0.0
development_DiagReachK2_s186_KL_time_loo,DiagReachK2,186,KL,time_loo,13,6720,exploration,20,6.773169713944663,6.505380826920737,0.2677888870239258,0.3,0.15,"[4.630106568336487, 3.188479506969452]","[0.15, 0.0]","[0.03358271916707356, 0.0]",4.029926300048828
development_DiagReachK2_s186_KL_time_loo,DiagReachK2,186,KL,time_loo,13,6720,selection,12,8.863416556627877,8.863416556627877,0.0,1.0,0.0,"[4.6229467789332075, 4.819211324055989]","[0.0, 0.0]","[0.0, 0.0]",0.0
development_DiagReachK2_s186_KL_time_loo,DiagReachK2,186,KL,time_loo,13,6720,acceptance,8,9.020841708421358,9.020841708421358,0.0,1.0,0.0,"[5.030785322189331, 4.4529112577438354]","[0.0, 0.0]","[0.0, 0.0]",0.0
development_DiagReachK2_s186_KL_time_loo,DiagReachK2,186,KL,time_loo,14,7200,exploration,20,7.373504638343585,5.350681692033541,2.0228229463100433,0.35,0.45,"[5.69559416770935, 3.901636952161789]","[0.35, 0.25]","[0.12566912174224854, 0.022331460316975905]",17.760069847106934
development_DiagReachK2_s186_KL_time_loo,DiagReachK2,186,KL,time_loo,14,7200,selection,12,8.78209594299454,8.78209594299454,0.0,1.0,0.0,"[4.515164474646251, 4.71730637550354]","[0.0, 0.0]","[0.0, 0.0]",0.0
development_DiagReachK2_s186_KL_time_loo,DiagReachK2,186,KL,time_loo,14,7200,acceptance,8,9.046390937716934,9.046390937716934,0.0,1.0,0.0,"[5.144430994987488, 4.558500051498413]","[0.0, 0.0]","[0.0, 0.0]",0.0
development_DiagReachK2_s186_KL_time_loo,DiagReachK2,186,KL,time_loo,15,7680,exploration,20,7.377044537125622,6.86389087980846,0.5131536573171616,0.2,0.4,"[4.956187510490418, 4.625525188446045]","[0.25, 0.25]","[0.034590303897857666, 0.028677650292714442]",7.592154502868652
development_DiagReachK2_s186_KL_time_loo,DiagReachK2,186,KL,time_loo,15,7680,selection,12,9.013641953978125,9.013641953978125,0.0,1.0,0.0,"[5.223735332489014, 4.291792511940002]","[0.0, 0.0]","[0.0, 0.0]",0.0
development_DiagReachK2_s186_KL_time_loo,DiagReachK2,186,KL,time_loo,15,7680,acceptance,8,9.036813205800717,9.036813205800717,0.0,1.0,0.0,"[5.088988304138184, 4.5113747119903564]","[0.0, 0.0]","[0.0, 0.0]",0.0
development_DiagReachK2_s186_KL_time_loo,DiagReachK2,186,KL,time_loo,16,8160,exploration,20,6.9411033663299175,6.68964841695095,0.2514549493789673,0.4,0.2,"[3.8022725164890288, 4.7255148649215695]","[0.05, 0.2]","[0.00025759140650430943, 0.027892680962880466]",3.378032684326172
development_DiagReachK2_s186_KL_time_loo,DiagReachK2,186,KL,time_loo,16,8160,selection,12,8.889048597438764,8.88701374453667,0.002034852902094523,0.9166666666666666,0.08333333333333333,"[5.443544904390971, 4.555827260017395]","[0.08333333333333333, 0.0]","[0.000406973891788065, 0.0]",0.029302120208740234
development_DiagReachK2_s186_KL_time_loo,DiagReachK2,186,KL,time_loo,16,8160,acceptance,8,9.014626307686559,9.014626307686559,0.0,1.0,0.0,"[5.0404239892959595, 4.549457550048828]","[0.0, 0.0]","[0.0, 0.0]",0.0
development_DiagReachK2_s186_KL_time_loo,DiagReachK2,186,KL,time_loo,17,8640,exploration,20,7.070651378221809,6.474289070554077,0.5963623076677322,0.2,0.4,"[5.052350789308548, 3.750870722532272]","[0.4, 0.05]","[0.06742069323857626, 0.0019644061724344852]",8.326211929321289
development_DiagReachK2_s186_KL_time_loo,DiagReachK2,186,KL,time_loo,17,8640,selection,12,9.059634414641186,9.059634414641186,0.0,1.0,0.0,"[5.3958596388498945, 5.198324004809062]","[0.0, 0.0]","[0.0, 0.0]",0.0
development_DiagReachK2_s186_KL_time_loo,DiagReachK2,186,KL,time_loo,17,8640,acceptance,8,9.110476733732503,9.110476733732503,0.0,1.0,0.0,"[5.338413894176483, 5.195272624492645]","[0.0, 0.0]","[0.0, 0.0]",0.0
development_DiagReachK2_s186_KL_time_loo,DiagReachK2,186,KL,time_loo,18,9120,exploration,20,7.524165517145666,5.826642109507593,1.697523407638073,0.25,0.45,"[4.8793028593063354, 5.623709571361542]","[0.2, 0.4]","[0.027509613831837976, 0.07699871063232423]",12.540998935699463
development_DiagReachK2_s186_KL_time_loo,DiagReachK2,186,KL,time_loo,18,9120,selection,12,8.942765404624067,8.942765404624067,0.0,1.0,0.0,"[5.0915093421936035, 5.0619626839955645]","[0.0, 0.0]","[0.0, 0.0]",0.0
development_DiagReachK2_s186_KL_time_loo,DiagReachK2,186,KL,time_loo,18,9120,acceptance,8,9.138861596945208,9.138861596945208,0.0,1.0,0.0,"[5.366914749145508, 5.786678314208984]","[0.0, 0.0]","[0.0, 0.0]",0.0
development_DiagReachK2_s186_KL_time_loo,DiagReachK2,186,KL,time_loo,19,9600,exploration,20,7.916742068671157,7.272684988521506,0.6440570801496506,0.3,0.6,"[5.083069092035293, 5.295096302032471]","[0.4, 0.3]","[0.026458477973937987, 0.03454698721567791]",7.320655822753906
development_DiagReachK2_s186_KL_time_loo,DiagReachK2,186,KL,time_loo,19,9600,selection,12,9.150052709514663,9.150052709514663,0.0,1.0,0.0,"[5.577002167701721, 5.534049113591512]","[0.0, 0.0]","[0.0, 0.0]",0.0
development_DiagReachK2_s186_KL_time_loo,DiagReachK2,186,KL,time_loo,19,9600,acceptance,8,9.128629479504891,9.111730072594948,0.016899406909942627,0.75,0.25,"[5.624429881572723, 5.9324631690979]","[0.0, 0.25]","[0.0, 0.0033798813819885254]",0.16223430633544922
development_DiagReachK2_s186_KL_time_loo,DiagReachK2,186,KL,time_loo,20,10080,exploration,20,7.450028405301273,6.495764286033809,0.9542641192674637,0.2,0.5,"[4.879915708303452, 4.983096581697464]","[0.25, 0.4]","[0.0225744366645813, 0.06445491711298626]",10.443522453308105
development_DiagReachK2_s186_KL_time_loo,DiagReachK2,186,KL,time_loo,20,10080,selection,12,9.167355194747989,9.167355194747989,0.0,1.0,0.0,"[5.353226502736409, 5.630669832229614]","[0.0, 0.0]","[0.0, 0.0]",0.0
development_DiagReachK2_s186_KL_time_loo,DiagReachK2,186,KL,time_loo,20,10080,acceptance,8,9.193912721815288,9.193912721815288,0.0,1.0,0.0,"[5.346627175807953, 5.562667965888977]","[0.0, 0.0]","[0.0, 0.0]",0.0
development_DiagReachK2_s186_KL_time_loo,DiagReachK2,186,KL,time_loo,21,10560,exploration,20,7.641943816549028,6.929254550940241,0.7126892656087875,0.35,0.45,"[5.133579814434052, 4.34009735584259]","[0.35, 0.15]","[0.043755527337392165, 0.023387714227040612]",8.057188987731934
development_DiagReachK2_s186_KL_time_loo,DiagReachK2,186,KL,time_loo,21,10560,selection,12,9.057995086022986,9.057995086022986,0.0,1.0,0.0,"[4.895773410797119, 5.248567581176758]","[0.0, 0.0]","[0.0, 0.0]",0.0
development_DiagReachK2_s186_KL_time_loo,DiagReachK2,186,KL,time_loo,21,10560,acceptance,8,9.291617919798592,9.291617919798592,0.0,1.0,0.0,"[5.298518538475037, 5.389415860176086]","[0.0, 0.0]","[0.0, 0.0]",0.0
development_DiagReachK2_s186_KL_time_loo,DiagReachK2,186,KL,time_loo,22,11040,exploration,20,7.373813244799967,7.20150229642808,0.1723109483718872,0.4,0.15,"[4.506066209077835, 4.403286671638488]","[0.15, 0.1]","[0.014214432239532481, 0.005441594123840332]",2.3587231636047363
development_DiagReachK2_s186_KL_time_loo,DiagReachK2,186,KL,time_loo,22,11040,selection,12,9.280626008752249,9.280226111256342,0.0003998974959055583,0.9166666666666666,0.08333333333333333,"[5.566776315371196, 5.716495354970296]","[0.0, 0.08333333333333333]","[0.0, 7.99761878119513e-05]",0.0057582855224609375
development_DiagReachK2_s186_KL_time_loo,DiagReachK2,186,KL,time_loo,22,11040,acceptance,8,9.301339921157343,9.301339921157343,0.0,1.0,0.0,"[5.38618266582489, 5.4111552238464355]","[0.0, 0.0]","[0.0, 0.0]",0.0
development_DiagReachK2_s186_KL_time_loo,DiagReachK2,186,KL,time_loo,23,11520,exploration,20,7.957692419909873,5.955909361862578,2.0017830580472946,0.4,0.45,"[5.427677905559539, 5.157747796177864]","[0.25, 0.25]","[0.07321715752283732, 0.05912144581476847]",15.880632400512695
development_DiagReachK2_s186_KL_time_loo,DiagReachK2,186,KL,time_loo,23,11520,selection,12,9.122519598114984,9.122519598114984,0.0,1.0,0.0,"[5.082489808400472, 5.019495765368144]","[0.0, 0.0]","[0.0, 0.0]",0.0
development_DiagReachK2_s186_KL_time_loo,DiagReachK2,186,KL,time_loo,23,11520,acceptance,8,9.31940559334762,9.31940559334762,0.0,1.0,0.0,"[5.4107444286346436, 5.435204863548279]","[0.0, 0.0]","[0.0, 0.0]",0.0
development_DiagReachK2_s186_KL_time_loo,DiagReachK2,186,KL,time_loo,24,12000,exploration,20,7.757601603404619,6.7715374971786515,0.9860641062259674,0.4,0.45,"[5.187175500392914, 4.9115863800048825]","[0.25, 0.25]","[0.040523978074391676, 0.042909391721089686]",10.012004375457764
development_DiagReachK2_s186_KL_time_loo,DiagReachK2,186,KL,time_loo,24,12000,selection,12,9.144857225494828,9.144857225494828,0.0,1.0,0.0,"[5.26077659924825, 4.941259980201721]","[0.0, 0.0]","[0.0, 0.0]",0.0
development_DiagReachK2_s186_KL_time_loo,DiagReachK2,186,KL,time_loo,24,12000,acceptance,8,9.276288518073853,9.276288518073853,0.0,1.0,0.0,"[5.4206507205963135, 5.404326915740967]","[0.0, 0.0]","[0.0, 0.0]",0.0
development_DiagReachK2_s186_W2_cf_state,DiagReachK2,186,W2,cf_state,0,480,exploration,20,5.246067511015572,3.8507704456383367,1.3952970653772354,0.05,0.25,"[3.922432190179825, 1.9191131234169005]","[0.15, 0.1]","[0.055571293830871574, 0.029069276650746666]",10.15686845779419
development_DiagReachK2_s186_W2_cf_state,DiagReachK2,186,W2,cf_state,0,480,selection,12,5.729491701427225,5.729491701427225,0.0,0.0,0.0,"[5.194570144017537, 0.11697813620169957]","[0.0, 0.0]","[0.0, 0.0]",0.0
development_DiagReachK2_s186_W2_cf_state,DiagReachK2,186,W2,cf_state,0,480,acceptance,8,5.649949721619486,5.649949721619486,0.0,0.0,0.0,"[5.183453381061554, 0.15595072880387306]","[0.0, 0.0]","[0.0, 0.0]",0.0
development_DiagReachK2_s186_W2_cf_state,DiagReachK2,186,W2,cf_state,1,960,exploration,20,5.167633740170858,3.143930120333097,2.023703619837761,0.05,0.45,"[4.614209438860416, 1.3653118714690209]","[0.4, 0.05]","[0.13133438428243002, 0.009724768002827965]",16.927098274230957
development_DiagReachK2_s186_W2_cf_state,DiagReachK2,186,W2,cf_state,1,960,selection,12,6.650586156333642,6.650586156333642,0.0,0.08333333333333333,0.0,"[5.059089461962382, 0.6804711893200874]","[0.0, 0.0]","[0.0, 0.0]",0.0
development_DiagReachK2_s186_W2_cf_state,DiagReachK2,186,W2,cf_state,1,960,acceptance,8,6.532968853908824,6.532968853908824,0.0,0.0,0.0,"[4.900638103485107, 0.6731020659208298]","[0.0, 0.0]","[0.0, 0.0]",0.0
development_DiagReachK2_s186_W2_cf_state,DiagReachK2,186,W2,cf_state,2,1440,exploration,20,4.765726775443182,3.9331366722937675,0.8325901031494141,0.05,0.35,"[3.9062808722257616, 1.720527856051922]","[0.35, 0.0]","[0.06723871628443401, 0.0]",8.06864595413208
development_DiagReachK2_s186_W2_cf_state,DiagReachK2,186,W2,cf_state,2,1440,selection,12,7.568916235464468,7.097898651259797,0.47101758420467377,0.0,0.3333333333333333,"[5.590809981028239, 1.888103798031807]","[0.3333333333333333, 0.0]","[0.05881590313381618, 0.0]",4.234745025634766
development_DiagReachK2_s186_W2_cf_state,DiagReachK2,186,W2,cf_state,2,1440,acceptance,8,6.850859664054589,6.850859664054589,0.0,0.0,0.0,"[4.694622755050659, 0.9635495394468307]","[0.0, 0.0]","[0.0, 0.0]",0.0
development_DiagReachK2_s186_W2_cf_state,DiagReachK2,186,W2,cf_state,3,1920,exploration,20,5.582596717891283,4.13953137260396,1.443065345287323,0.3,0.35,"[4.3461600497365, 2.1288863241672518]","[0.3, 0.05]","[0.10590319236119586, 0.014061530431111658]",14.395766735076904
development_DiagReachK2_s186_W2_cf_state,DiagReachK2,186,W2,cf_state,3,1920,selection,12,7.02106138857489,7.02106138857489,0.0,0.5,0.0,"[4.014306286970775, 1.6551469564437866]","[0.0, 0.0]","[0.0, 0.0]",0.0
development_DiagReachK2_s186_W2_cf_state,DiagReachK2,186,W2,cf_state,3,1920,acceptance,8,7.0384390603270734,7.0384390603270734,0.0,0.5,0.0,"[4.358832359313965, 1.4430281519889832]","[0.0, 0.0]","[0.0, 0.0]",0.0
development_DiagReachK2_s186_W2_cf_state,DiagReachK2,186,W2,cf_state,4,2400,exploration,20,5.732566028293222,4.233120992239565,1.4994450360536575,0.15,0.4,"[4.322559987008572, 2.8807925924658777]","[0.3, 0.1]","[0.08208652337392172, 0.006973580519358325]",10.687212467193604
development_DiagReachK2_s186_W2_cf_state,DiagReachK2,186,W2,cf_state,4,2400,selection,12,7.764968208136999,7.764968208136999,0.0,1.0,0.0,"[3.968024710814158, 2.8727054397265115]","[0.0, 0.0]","[0.0, 0.0]",0.0
development_DiagReachK2_s186_W2_cf_state,DiagReachK2,186,W2,cf_state,4,2400,acceptance,8,7.805331852141535,7.805331852141535,0.0,1.0,0.0,"[4.046832382678986, 3.0603049993515015]","[0.0, 0.0]","[0.0, 0.0]",0.0
development_DiagReachK2_s186_W2_cf_state,DiagReachK2,186,W2,cf_state,5,2880,exploration,20,6.409070370545379,5.532210035076132,0.8768603354692459,0.25,0.4,"[3.707596057653427, 3.4889938861131666]","[0.25, 0.15]","[0.03316092491149902, 0.030872150262196862]",7.683969020843506
development_DiagReachK2_s186_W2_cf_state,DiagReachK2,186,W2,cf_state,5,2880,selection,12,8.610619321103634,8.610619321103634,0.0,1.0,0.0,"[4.559801538785298, 4.553525328636169]","[0.0, 0.0]","[0.0, 0.0]",0.0
development_DiagReachK2_s186_W2_cf_state,DiagReachK2,186,W2,cf_state,5,2880,acceptance,8,8.786769068961439,8.786769068961439,0.0,1.0,0.0,"[4.870865702629089, 4.7279693484306335]","[0.0, 0.0]","[0.0, 0.0]",0.0
development_DiagReachK2_s186_W2_cf_state,DiagReachK2,186,W2,cf_state,6,3360,exploration,20,6.930674815258245,5.64146796770976,1.2892068475484848,0.2,0.4,"[4.44381244033575, 4.34818155169487]","[0.25, 0.15]","[0.05383596022923787, 0.05058347384134929]",12.530332088470459
development_DiagReachK2_s186_W2_cf_state,DiagReachK2,186,W2,cf_state,6,3360,selection,12,8.996182090155587,8.996182090155587,0.0,1.0,0.0,"[5.546794017155965, 4.5648156603177386]","[0.0, 0.0]","[0.0, 0.0]",0.0
development_DiagReachK2_s186_W2_cf_state,DiagReachK2,186,W2,cf_state,6,3360,acceptance,8,9.343104811414378,9.343104811414378,0.0,1.0,0.0,"[5.633649587631226, 5.345460295677185]","[0.0, 0.0]","[0.0, 0.0]",0.0
development_DiagReachK2_s186_W2_cf_state,DiagReachK2,186,W2,cf_state,7,3840,exploration,20,7.414057124684332,5.93082317365217,1.4832339510321617,0.1,0.6,"[5.386724126338959, 4.699803936481476]","[0.45, 0.25]","[0.08259500662485757, 0.01520864566167196]",11.736438274383545
development_DiagReachK2_s186_W2_cf_state,DiagReachK2,186,W2,cf_state,7,3840,selection,12,9.099818441273722,9.099818441273722,0.0,1.0,0.0,"[5.26089080174764, 5.271319190661113]","[0.0, 0.0]","[0.0, 0.0]",0.0
development_DiagReachK2_s186_W2_cf_state,DiagReachK2,186,W2,cf_state,7,3840,acceptance,8,9.345724883594084,9.345724883594084,0.0,1.0,0.0,"[5.58652937412262, 5.352479815483093]","[0.0, 0.0]","[0.0, 0.0]",0.0
development_DiagReachK2_s186_W2_cf_state,DiagReachK2,186,W2,cf_state,8,4320,exploration,20,7.642793598104618,5.169725852538249,2.473067745566368,0.25,0.6,"[5.519311392307282, 5.1519006252288815]","[0.4, 0.35]","[0.10741650660832724, 0.07082074880599976]",21.38847064971924
development_DiagReachK2_s186_W2_cf_state,DiagReachK2,186,W2,cf_state,8,4320,selection,12,8.872348212258473,8.872348212258473,0.0,1.0,0.0,"[4.827311038970947, 4.990765531857808]","[0.0, 0.0]","[0.0, 0.0]",0.0
development_DiagReachK2_s186_W2_cf_state,DiagReachK2,186,W2,cf_state,8,4320,acceptance,8,9.322338027949446,9.322338027949446,0.0,1.0,0.0,"[5.5999308824539185, 5.183335661888123]","[0.0, 0.0]","[0.0, 0.0]",0.0
development_DiagReachK2_s186_W2_cf_state,DiagReachK2,186,W2,cf_state,9,4800,exploration,20,6.982369398199954,5.5599449327820905,1.422424465417862,0.2,0.4,"[4.533731162548065, 4.6347938686609265]","[0.3, 0.25]","[0.07974532445271809, 0.039853465557098386]",14.351854801177979
development_DiagReachK2_s186_W2_cf_state,DiagReachK2,186,W2,cf_state,9,4800,selection,12,8.914737265205865,8.914737265205865,0.0,1.0,0.0,"[4.985764265060425, 4.752510130405426]","[0.0, 0.0]","[0.0, 0.0]",0.0
development_DiagReachK2_s186_W2_cf_state,DiagReachK2,186,W2,cf_state,9,4800,acceptance,8,9.332466038240817,9.332466038240817,0.0,1.0,0.0,"[5.696992039680481, 5.341136455535889]","[0.0, 0.0]","[0.0, 0.0]",0.0
development_DiagReachK2_s186_W2_cf_state,DiagReachK2,186,W2,cf_state,10,5280,exploration,20,7.140919836779358,5.630666608532193,1.5102532282471657,0.3,0.35,"[5.136647033691406, 4.456045866012573]","[0.35, 0.05]","[0.07762126922607422, 0.030719232559204102]",13.000860214233398
development_DiagReachK2_s186_W2_cf_state,DiagReachK2,186,W2,cf_state,10,5280,selection,12,8.86477818690073,8.86477818690073,0.0,1.0,0.0,"[5.002849618593852, 4.69020015001297]","[0.0, 0.0]","[0.0, 0.0]",0.0
development_DiagReachK2_s186_W2_cf_state,DiagReachK2,186,W2,cf_state,10,5280,acceptance,8,9.346249394834741,9.346249394834741,0.0,1.0,0.0,"[5.647812724113464, 5.313704967498779]","[0.0, 0.0]","[0.0, 0.0]",0.0
development_DiagReachK2_s186_W2_cf_state,DiagReachK2,186,W2,cf_state,11,5760,exploration,20,7.46567877970403,5.429351298434193,2.0363274812698364,0.35,0.45,"[4.995776562392711, 5.113099730014801]","[0.2, 0.3]","[0.0426003893216451, 0.08929998079935711]",15.828044414520264
development_DiagReachK2_s186_W2_cf_state,DiagReachK2,186,W2,cf_state,11,5760,selection,12,8.90556083288102,8.90556083288102,0.0,1.0,0.0,"[5.499832431475322, 4.379706839720408]","[0.0, 0.0]","[0.0, 0.0]",0.0
development_DiagReachK2_s186_W2_cf_state,DiagReachK2,186,W2,cf_state,11,5760,acceptance,8,9.310249309754,9.310249309754,0.0,1.0,0.0,"[5.59091579914093, 5.2788543701171875]","[0.0, 0.0]","[0.0, 0.0]",0.0
development_DiagReachK2_s186_W2_cf_state,DiagReachK2,186,W2,cf_state,12,6240,exploration,20,6.983619664659491,6.186659504523268,0.7969601601362228,0.15,0.25,"[4.569853055477142, 3.796176087856293]","[0.2, 0.05]","[0.05858254035313924, 0.0009525974591573117]",7.144216537475586
development_DiagReachK2_s186_W2_cf_state,DiagReachK2,186,W2,cf_state,12,6240,selection,12,9.208322214964346,9.205688385052795,0.002633829911549886,0.8333333333333334,0.16666666666666666,"[5.249302347501119, 5.690097252527873]","[0.0, 0.16666666666666666]","[0.0, 0.0005267659823099772]",0.03792715072631836
development_DiagReachK2_s186_W2_cf_state,DiagReachK2,186,W2,cf_state,12,6240,acceptance,8,9.306423234299292,9.306423234299292,0.0,1.0,0.0,"[5.6272759437561035, 5.2812535762786865]","[0.0, 0.0]","[0.0, 0.0]",0.0
development_DiagReachK2_s186_W2_cf_state,DiagReachK2,186,W2,cf_state,13,6720,exploration,20,7.675290873897028,6.1060414525389195,1.5692494213581085,0.35,0.55,"[5.852309906482697, 4.334231793880463]","[0.45, 0.1]","[0.09112279415130616, 0.009641007582346595]",12.09165620803833
development_DiagReachK2_s186_W2_cf_state,DiagReachK2,186,W2,cf_state,13,6720,selection,12,8.98844896449685,8.98844896449685,0.0,1.0,0.0,"[4.903453906377156, 5.24718960126241]","[0.0, 0.0]","[0.0, 0.0]",0.0
development_DiagReachK2_s186_W2_cf_state,DiagReachK2,186,W2,cf_state,13,6720,acceptance,8,9.304267987312052,9.304267987312052,0.0,1.0,0.0,"[5.492733001708984, 5.217109322547913]","[0.0, 0.0]","[0.0, 0.0]",0.0
development_DiagReachK2_s186_W2_cf_state,DiagReachK2,186,W2,cf_state,14,7200,exploration,20,7.12259673054039,5.922107880066032,1.2004888504743576,0.4,0.35,"[4.782008075714112, 4.080713012814522]","[0.2, 0.15]","[0.028779216607411694, 0.05794941981633504]",10.40743637084961
development_DiagReachK2_s186_W2_cf_state,DiagReachK2,186,W2,cf_state,14,7200,selection,12,8.9728590337676,8.9728590337676,0.0,1.0,0.0,"[5.557280898094177, 4.507472415765126]","[0.0, 0.0]","[0.0, 0.0]",0.0
development_DiagReachK2_s186_W2_cf_state,DiagReachK2,186,W2,cf_state,14,7200,acceptance,8,9.376734752237098,9.376734752237098,0.0,1.0,0.0,"[5.648610591888428, 5.3056594133377075]","[0.0, 0.0]","[0.0, 0.0]",0.0
development_DiagReachK2_s186_W2_cf_state,DiagReachK2,186,W2,cf_state,15,7680,exploration,20,7.358278263898683,4.429311652274918,2.928966611623764,0.15,0.6,"[5.673534941673279, 4.618368864059448]","[0.45, 0.25]","[0.13944412072499596, 0.0633554498354594]",24.33594846725464
development_DiagReachK2_s186_W2_cf_state,DiagReachK2,186,W2,cf_state,15,7680,selection,12,9.424897111007402,9.280311168778766,0.14458594222863516,0.6666666666666666,0.3333333333333333,"[5.7581396500269575, 5.501939296722412]","[0.3333333333333333, 0.0]","[0.02588014470206368, 0.0]",1.863370418548584
development_DiagReachK2_s186_W2_cf_state,DiagReachK2,186,W2,cf_state,15,7680,acceptance,8,9.335637974733254,9.335637974733254,0.0,1.0,0.0,"[5.5980634689331055, 5.255871415138245]","[0.0, 0.0]","[0.0, 0.0]",0.0
development_DiagReachK2_s186_W2_cf_state,DiagReachK2,186,W2,cf_state,16,8160,exploration,20,7.341482330812143,5.43450886453502,1.9069734662771225,0.25,0.5,"[4.815106582641602, 4.642805790901184]","[0.35, 0.3]","[0.10669521490732828, 0.029778814315795887]",16.376883506774902
development_DiagReachK2_s186_W2_cf_state,DiagReachK2,186,W2,cf_state,16,8160,selection,12,8.761255132207104,8.761255132207104,0.0,1.0,0.0,"[4.702758312225342, 4.91836953163147]","[0.0, 0.0]","[0.0, 0.0]",0.0
development_DiagReachK2_s186_W2_cf_state,DiagReachK2,186,W2,cf_state,16,8160,acceptance,8,9.323579744208837,9.323579744208837,0.0,1.0,0.0,"[5.501168966293335, 5.305479526519775]","[0.0, 0.0]","[0.0, 0.0]",0.0
development_DiagReachK2_s186_W2_cf_state,DiagReachK2,186,W2,cf_state,17,8640,exploration,20,7.328830690910108,4.889471301664598,2.43935938924551,0.3,0.55,"[5.203537391126156, 4.630442830920219]","[0.4, 0.25]","[0.09698459704717001, 0.07355064551035563]",20.464229106903076
development_DiagReachK2_s186_W2_cf_state,DiagReachK2,186,W2,cf_state,17,8640,selection,12,8.972323100591893,8.972323100591893,0.0,1.0,0.0,"[5.280526479085286, 4.6711123784383135]","[0.0, 0.0]","[0.0, 0.0]",0.0
development_DiagReachK2_s186_W2_cf_state,DiagReachK2,186,W2,cf_state,17,8640,acceptance,8,9.376122055319138,9.376122055319138,0.0,1.0,0.0,"[5.700605034828186, 5.279794454574585]","[0.0, 0.0]","[0.0, 0.0]",0.0
development_DiagReachK2_s186_W2_cf_state,DiagReachK2,186,W2,cf_state,18,9120,exploration,20,7.521875362214632,5.533233399805614,1.9886419624090195,0.4,0.35,"[5.515193521976471, 4.209574127197266]","[0.25, 0.2]","[0.0888006806373596, 0.029208199183146166]",14.161065578460693
development_DiagReachK2_s186_W2_cf_state,DiagReachK2,186,W2,cf_state,18,9120,selection,12,9.130799788180349,9.130799788180349,0.0,1.0,0.0,"[5.078764796257019, 5.364928682645162]","[0.0, 0.0]","[0.0, 0.0]",0.0
development_DiagReachK2_s186_W2_cf_state,DiagReachK2,186,W2,cf_state,18,9120,acceptance,8,9.288227846182416,9.288227846182416,0.0,1.0,0.0,"[5.548245549201965, 5.24002480506897]","[0.0, 0.0]","[0.0, 0.0]",0.0
development_DiagReachK2_s186_W2_cf_state,DiagReachK2,186,W2,cf_state,19,9600,exploration,20,7.333333325959975,6.459510055758291,0.873823270201683,0.25,0.4,"[5.083257627487183, 4.1834412813186646]","[0.3, 0.2]","[0.0619006594022115, 0.027023696899414064]",10.670922756195068
development_DiagReachK2_s186_W2_cf_state,DiagReachK2,186,W2,cf_state,19,9600,selection,12,8.983294796431922,8.983294796431922,0.0,1.0,0.0,"[4.98101528485616, 5.145732442537944]","[0.0, 0.0]","[0.0, 0.0]",0.0
development_DiagReachK2_s186_W2_cf_state,DiagReachK2,186,W2,cf_state,19,9600,acceptance,8,9.308710037934361,9.308710037934361,0.0,1.0,0.0,"[5.663975834846497, 5.270401239395142]","[0.0, 0.0]","[0.0, 0.0]",0.0
development_DiagReachK2_s186_W2_cf_state,DiagReachK2,186,W2,cf_state,20,10080,exploration,20,7.485958941021235,6.699149079361232,0.7868098616600037,0.45,0.35,"[5.073930358886718, 4.734103578329086]","[0.25, 0.15]","[0.0458226203918457, 0.016450997193654372]",7.47283411026001
development_DiagReachK2_s186_W2_cf_state,DiagReachK2,186,W2,cf_state,20,10080,selection,12,9.246639809245242,9.239488344624016,0.007151464621225993,0.9166666666666666,0.08333333333333333,"[5.3458467324574785, 5.6241064469019575]","[0.0, 0.08333333333333333]","[0.0, 0.0014302929242451985]",0.1029810905456543
development_DiagReachK2_s186_W2_cf_state,DiagReachK2,186,W2,cf_state,20,10080,acceptance,8,9.293668210710166,9.293668210710166,0.0,1.0,0.0,"[5.534566283226013, 5.203554630279541]","[0.0, 0.0]","[0.0, 0.0]",0.0
development_DiagReachK2_s186_W2_cf_state,DiagReachK2,186,W2,cf_state,21,10560,exploration,20,7.2991595136234535,6.578358294279314,0.7208012193441391,0.4,0.3,"[4.666531044244766, 5.107373774051666]","[0.2, 0.25]","[0.026328066984812416, 0.05556903680165608]",9.82765245437622
development_DiagReachK2_s186_W2_cf_state,DiagReachK2,186,W2,cf_state,21,10560,selection,12,8.91375049057242,8.91375049057242,0.0,1.0,0.0,"[5.477347135543823, 4.57401978969574]","[0.0, 0.0]","[0.0, 0.0]",0.0
development_DiagReachK2_s186_W2_cf_state,DiagReachK2,186,W2,cf_state,21,10560,acceptance,8,9.296347488736501,9.296347488736501,0.0,1.0,0.0,"[5.477829813957214, 5.286853551864624]","[0.0, 0.0]","[0.0, 0.0]",0.0
development_DiagReachK2_s186_W2_cf_state,DiagReachK2,186,W2,cf_state,22,11040,exploration,20,7.255818065342027,4.956841494974214,2.298976570367813,0.3,0.4,"[5.145088893175125, 4.22073717713356]","[0.35, 0.1]","[0.12455473740895591, 0.005639815330505371]",15.623346328735352
development_DiagReachK2_s186_W2_cf_state,DiagReachK2,186,W2,cf_state,22,11040,selection,12,8.968003557006403,8.968003557006403,0.0,1.0,0.0,"[4.914780974388123, 5.211054563522339]","[0.0, 0.0]","[0.0, 0.0]",0.0
development_DiagReachK2_s186_W2_cf_state,DiagReachK2,186,W2,cf_state,22,11040,acceptance,8,9.347004446096253,9.347004446096253,0.0,1.0,0.0,"[5.58670449256897, 5.346707701683044]","[0.0, 0.0]","[0.0, 0.0]",0.0
development_DiagReachK2_s186_W2_cf_state,DiagReachK2,186,W2,cf_state,23,11520,exploration,20,7.1402592356892995,6.236100375244278,0.9041588604450226,0.2,0.4,"[4.691451728343964, 4.567690142989159]","[0.3, 0.2]","[0.054629830519358324, 0.03054434855779011]",10.220901489257812
development_DiagReachK2_s186_W2_cf_state,DiagReachK2,186,W2,cf_state,23,11520,selection,12,9.259237804127528,9.255301414045485,0.003936390082041423,0.8333333333333334,0.16666666666666666,"[5.773689270019531, 5.106614867846171]","[0.16666666666666666, 0.0]","[0.0007872780164082845, 0.0]",0.056684017181396484
development_DiagReachK2_s186_W2_cf_state,DiagReachK2,186,W2,cf_state,23,11520,acceptance,8,9.34306862357189,9.34306862357189,0.0,1.0,0.0,"[5.6670180559158325, 5.299969673156738]","[0.0, 0.0]","[0.0, 0.0]",0.0
development_DiagReachK2_s186_W2_cf_state,DiagReachK2,186,W2,cf_state,24,12000,exploration,20,7.194772243928163,5.0752480108849705,2.119524233043194,0.3,0.5,"[4.696830044686794, 4.6104927361011505]","[0.3, 0.25]","[0.085917067527771, 0.07370350360870362]",19.154468536376953
development_DiagReachK2_s186_W2_cf_state,DiagReachK2,186,W2,cf_state,24,12000,selection,12,8.995393143449716,8.995393143449716,0.0,1.0,0.0,"[5.447832703590393, 4.651279151439667]","[0.0, 0.0]","[0.0, 0.0]",0.0
development_DiagReachK2_s186_W2_cf_state,DiagReachK2,186,W2,cf_state,24,12000,acceptance,8,9.358573784283362,9.358573784283362,0.0,1.0,0.0,"[5.720687389373779, 5.295606255531311]","[0.0, 0.0]","[0.0, 0.0]",0.0
development_DiagReachK2_s186_W2_time_loo,DiagReachK2,186,W2,time_loo,0,480,exploration,20,5.246067511015572,3.8507704456383367,1.3952970653772354,0.05,0.25,"[3.922432190179825, 1.9191131234169005]","[0.15, 0.1]","[0.055571293830871574, 0.029069276650746666]",10.15686845779419
development_DiagReachK2_s186_W2_time_loo,DiagReachK2,186,W2,time_loo,0,480,selection,12,5.621955160067106,5.621955160067106,0.0,0.0,0.0,"[5.1119435628255205, 0.042168830831845604]","[0.0, 0.0]","[0.0, 0.0]",0.0
development_DiagReachK2_s186_W2_time_loo,DiagReachK2,186,W2,time_loo,0,480,acceptance,8,5.489584336266853,5.489584336266853,0.0,0.0,0.0,"[5.060652732849121, 0.04153243452310562]","[0.0, 0.0]","[0.0, 0.0]",0.0
development_DiagReachK2_s186_W2_time_loo,DiagReachK2,186,W2,time_loo,1,960,exploration,20,5.092629400142468,3.1132463189447295,1.9793830811977386,0.05,0.45,"[4.590684352815151, 1.3126626953482627]","[0.4, 0.05]","[0.1287890315055847, 0.010585240523020423]",16.724912643432617
development_DiagReachK2_s186_W2_time_loo,DiagReachK2,186,W2,time_loo,1,960,selection,12,6.320199676983369,6.320199676983369,0.0,0.0,0.0,"[4.576103766759236, 0.5025504479805628]","[0.0, 0.0]","[0.0, 0.0]",0.0
development_DiagReachK2_s186_W2_time_loo,DiagReachK2,186,W2,time_loo,1,960,acceptance,8,6.173680194898043,6.173680194898043,0.0,0.0,0.0,"[4.573711097240448, 0.40796736627817154]","[0.0, 0.0]","[0.0, 0.0]",0.0
development_DiagReachK2_s186_W2_time_loo,DiagReachK2,186,W2,time_loo,2,1440,exploration,20,4.582981841433794,3.8041458891518416,0.7788359522819519,0.05,0.3,"[3.7855286046862604, 1.6609622165560722]","[0.3, 0.0]","[0.061109916369120276, 0.0]",7.333189964294434
development_DiagReachK2_s186_W2_time_loo,DiagReachK2,186,W2,time_loo,2,1440,selection,12,7.189091697203305,6.825372606383946,0.3637190908193588,0.0,0.3333333333333333,"[5.526375889778137, 1.3982614825169246]","[0.3333333333333333, 0.0]","[0.05094046062893337, 0.0]",3.667713165283203
development_DiagReachK2_s186_W2_time_loo,DiagReachK2,186,W2,time_loo,2,1440,acceptance,8,6.558062147034798,6.558062147034798,0.0,0.0,0.0,"[4.624812066555023, 0.6401235349476337]","[0.0, 0.0]","[0.0, 0.0]",0.0
development_DiagReachK2_s186_W2_time_loo,DiagReachK2,186,W2,time_loo,3,1920,exploration,20,5.627372986539267,3.980397379859351,1.6469756066799164,0.25,0.4,"[4.525636598467827, 2.2290806084871293]","[0.35, 0.1]","[0.10871658722559614, 0.024415675799051927]",15.975871562957764
development_DiagReachK2_s186_W2_time_loo,DiagReachK2,186,W2,time_loo,3,1920,selection,12,6.609795546438545,6.609795546438545,0.0,0.0,0.0,"[4.3815882205963135, 0.8926718980073929]","[0.0, 0.0]","[0.0, 0.0]",0.0
development_DiagReachK2_s186_W2_time_loo,DiagReachK2,186,W2,time_loo,3,1920,acceptance,8,6.823826224048389,6.823826224048389,0.0,0.0,0.0,"[5.018557906150818, 0.8559921681880951]","[0.0, 0.0]","[0.0, 0.0]",0.0
development_DiagReachK2_s186_W2_time_loo,DiagReachK2,186,W2,time_loo,4,2400,exploration,20,6.017000514832326,4.178481597271748,1.8385189175605774,0.1,0.35,"[4.897385086119175, 2.636955815553665]","[0.3, 0.05]","[0.1035085678100586, 0.006156408786773681]",13.159797191619873
development_DiagReachK2_s186_W2_time_loo,DiagReachK2,186,W2,time_loo,4,2400,selection,12,7.534146779314386,7.534146779314386,0.0,0.6666666666666666,0.0,"[4.567789276440938, 2.2335933645566306]","[0.0, 0.0]","[0.0, 0.0]",0.0
development_DiagReachK2_s186_W2_time_loo,DiagReachK2,186,W2,time_loo,4,2400,acceptance,8,7.467240723220129,7.467240723220129,0.0,0.5,0.0,"[4.6171682476997375, 2.2059267163276672]","[0.0, 0.0]","[0.0, 0.0]",0.0
development_DiagReachK2_s186_W2_time_loo,DiagReachK2,186,W2,time_loo,5,2880,exploration,20,5.990323438829945,5.518300234860943,0.47202320396900177,0.1,0.25,"[4.196173363924027, 2.411386287212372]","[0.2, 0.05]","[0.0299816886583964, 0.017885303497314452]",5.744039058685303
development_DiagReachK2_s186_W2_time_loo,DiagReachK2,186,W2,time_loo,5,2880,selection,12,8.039682663373894,8.039682663373894,0.0,1.0,0.0,"[4.812453925609589, 3.232298115889231]","[0.0, 0.0]","[0.0, 0.0]",0.0
development_DiagReachK2_s186_W2_time_loo,DiagReachK2,186,W2,time_loo,5,2880,acceptance,8,8.147654200456598,8.147654200456598,0.0,1.0,0.0,"[4.905439615249634, 3.419504225254059]","[0.0, 0.0]","[0.0, 0.0]",0.0
development_DiagReachK2_s186_W2_time_loo,DiagReachK2,186,W2,time_loo,6,3360,exploration,20,6.9983745581423875,6.57920922999736,0.41916532814502716,0.25,0.35,"[4.86168919801712, 3.427542173862457]","[0.3, 0.05]","[0.03406381607055664, 0.008111766974131263]",5.061069965362549
development_DiagReachK2_s186_W2_time_loo,DiagReachK2,186,W2,time_loo,6,3360,selection,12,8.941180149404317,8.938315997211248,0.002864152193069458,0.8333333333333334,0.16666666666666666,"[5.840933362642924, 4.5053516030311584]","[0.16666666666666666, 0.0]","[0.0005728271272447313, 0.0]",0.041243553161621094
development_DiagReachK2_s186_W2_time_loo,DiagReachK2,186,W2,time_loo,6,3360,acceptance,8,8.7880080286704,8.786382013960928,0.0016260147094726562,0.875,0.125,"[5.798310875892639, 4.129449039697647]","[0.125, 0.0]","[0.00032520294189453125, 0.0]",0.0156097412109375
development_DiagReachK2_s186_W2_time_loo,DiagReachK2,186,W2,time_loo,7,3840,exploration,20,6.65874861538061,5.193103033896769,1.465645581483841,0.25,0.35,"[5.112048861384392, 3.3996853813529015]","[0.35, 0.05]","[0.09189730485280355, 0.0036243915557861326]",11.462603569030762
development_DiagReachK2_s186_W2_time_loo,DiagReachK2,186,W2,time_loo,7,3840,selection,12,8.348003797537588,8.348003797537588,0.0,1.0,0.0,"[5.04851770401001, 3.6364184419314065]","[0.0, 0.0]","[0.0, 0.0]",0.0
development_DiagReachK2_s186_W2_time_loo,DiagReachK2,186,W2,time_loo,7,3840,acceptance,8,8.51447344621829,8.51447344621829,0.0,1.0,0.0,"[5.625268936157227, 3.6145783066749573]","[0.0, 0.0]","[0.0, 0.0]",0.0
development_DiagReachK2_s186_W2_time_loo,DiagReachK2,186,W2,time_loo,8,4320,exploration,20,6.828550898581743,5.765540578514337,1.0630103200674057,0.1,0.45,"[4.882529222965241, 3.676366703212261]","[0.25, 0.2]","[0.04265010356903075, 0.017955692609151197]",7.272695541381836
development_DiagReachK2_s186_W2_time_loo,DiagReachK2,186,W2,time_loo,8,4320,selection,12,8.347522557331649,8.347522557331649,0.0,1.0,0.0,"[4.853286266326904, 3.9138092001279197]","[0.0, 0.0]","[0.0, 0.0]",0.0
development_DiagReachK2_s186_W2_time_loo,DiagReachK2,186,W2,time_loo,8,4320,acceptance,8,8.480374019739157,8.480374019739157,0.0,1.0,0.0,"[5.0092578530311584, 4.21478009223938]","[0.0, 0.0]","[0.0, 0.0]",0.0
development_DiagReachK2_s186_W2_time_loo,DiagReachK2,186,W2,time_loo,9,4800,exploration,20,7.056776814314361,6.747414358111856,0.309362456202507,0.4,0.25,"[4.176150977611542, 4.434609389305114]","[0.1, 0.2]","[0.019035192330678297, 0.020086467266082764]",4.694599151611328
development_DiagReachK2_s186_W2_time_loo,DiagReachK2,186,W2,time_loo,9,4800,selection,12,8.629325249754583,8.624049642645513,0.005275607109069824,0.8333333333333334,0.16666666666666666,"[4.534965833028157, 5.146040042241414]","[0.0, 0.16666666666666666]","[0.0, 0.0010551214218139648]",0.07596874237060547
development_DiagReachK2_s186_W2_time_loo,DiagReachK2,186,W2,time_loo,9,4800,acceptance,8,8.545957472649025,8.545957472649025,0.0,1.0,0.0,"[4.4818408489227295, 5.179715514183044]","[0.0, 0.0]","[0.0, 0.0]",0.0
development_DiagReachK2_s186_W2_time_loo,DiagReachK2,186,W2,time_loo,10,5280,exploration,20,6.584891922853712,6.507041074417357,0.07785084843635559,0.3,0.1,"[3.7815873622894287, 3.344671070575714]","[0.05, 0.05]","[0.0033260265986124636, 0.0019306818644205693]",0.6308050155639648
development_DiagReachK2_s186_W2_time_loo,DiagReachK2,186,W2,time_loo,10,5280,selection,12,8.890792370537655,8.811659207641817,0.07913316289583842,0.6666666666666666,0.3333333333333333,"[4.994779706001282, 5.357710043589274]","[0.0, 0.3333333333333333]","[0.0, 0.014103922579023561]",1.0154824256896973
development_DiagReachK2_s186_W2_time_loo,DiagReachK2,186,W2,time_loo,10,5280,acceptance,8,8.722529645818394,8.722529645818394,0.0,1.0,0.0,"[4.83933025598526, 5.042040765285492]","[0.0, 0.0]","[0.0, 0.0]",0.0
development_DiagReachK2_s186_W2_time_loo,DiagReachK2,186,W2,time_loo,11,5760,exploration,20,7.43225636022791,6.263537709290832,1.1687186509370804,0.5,0.4,"[5.058258485794068, 4.148403853178024]","[0.2, 0.2]","[0.03488951126734415, 0.03953997294108073]",8.931538105010986
development_DiagReachK2_s186_W2_time_loo,DiagReachK2,186,W2,time_loo,11,5760,selection,12,8.55750924373311,8.55750924373311,0.0,1.0,0.0,"[4.893146912256877, 4.429372668266296]","[0.0, 0.0]","[0.0, 0.0]",0.0
development_DiagReachK2_s186_W2_time_loo,DiagReachK2,186,W2,time_loo,11,5760,acceptance,8,8.847671928566763,8.847671928566763,0.0,1.0,0.0,"[5.192870497703552, 4.902961611747742]","[0.0, 0.0]","[0.0, 0.0]",0.0
development_DiagReachK2_s186_W2_time_loo,DiagReachK2,186,W2,time_loo,12,6240,exploration,20,7.151188922601287,5.572784153299871,1.5784047693014145,0.25,0.45,"[5.445619916915893, 3.4288634285330772]","[0.35, 0.15]","[0.09540921052296956, 0.022652979691823328]",14.167462825775146
development_DiagReachK2_s186_W2_time_loo,DiagReachK2,186,W2,time_loo,12,6240,selection,12,8.580072816248748,8.580072816248748,0.0,1.0,0.0,"[4.555825849374135, 4.986495574315389]","[0.0, 0.0]","[0.0, 0.0]",0.0
development_DiagReachK2_s186_W2_time_loo,DiagReachK2,186,W2,time_loo,12,6240,acceptance,8,8.838014373909676,8.838014373909676,0.0,1.0,0.0,"[5.20779025554657, 4.906143069267273]","[0.0, 0.0]","[0.0, 0.0]",0.0
development_DiagReachK2_s186_W2_time_loo,DiagReachK2,186,W2,time_loo,13,6720,exploration,20,7.295719877049561,6.419103071257704,0.8766168057918549,0.45,0.25,"[5.058075976371765, 3.819912374019623]","[0.25, 0.05]","[0.04705034494400023, 0.011855173110961913]",7.068662166595459
development_DiagReachK2_s186_W2_time_loo,DiagReachK2,186,W2,time_loo,13,6720,selection,12,8.608719248851536,8.608719248851536,0.0,1.0,0.0,"[4.643388827641805, 4.798234621683757]","[0.0, 0.0]","[0.0, 0.0]",0.0
development_DiagReachK2_s186_W2_time_loo,DiagReachK2,186,W2,time_loo,13,6720,acceptance,8,8.830582123278145,8.830582123278145,0.0,1.0,0.0,"[5.125064969062805, 4.846155166625977]","[0.0, 0.0]","[0.0, 0.0]",0.0
development_DiagReachK2_s186_W2_time_loo,DiagReachK2,186,W2,time_loo,14,7200,exploration,20,7.335242243745595,6.4384793958452065,0.8967628479003906,0.2,0.5,"[5.5646523356437685, 3.853421485424042]","[0.4, 0.1]","[0.07703461249669394, 0.0020524382591247557]",9.490446090698242
development_DiagReachK2_s186_W2_time_loo,DiagReachK2,186,W2,time_loo,14,7200,selection,12,8.630829909044405,8.630829909044405,0.0,1.0,0.0,"[4.682360927263896, 4.794171690940857]","[0.0, 0.0]","[0.0, 0.0]",0.0
development_DiagReachK2_s186_W2_time_loo,DiagReachK2,186,W2,time_loo,14,7200,acceptance,8,8.921123642486215,8.921123642486215,0.0,1.0,0.0,"[5.243839263916016, 4.933568596839905]","[0.0, 0.0]","[0.0, 0.0]",0.0
development_DiagReachK2_s186_W2_time_loo,DiagReachK2,186,W2,time_loo,15,7680,exploration,20,7.261442679387983,5.666955206019337,1.5944874733686447,0.3,0.45,"[5.294814175367355, 4.25603566467762]","[0.3, 0.2]","[0.06513926585515341, 0.05369574626286824]",14.260201454162598
development_DiagReachK2_s186_W2_time_loo,DiagReachK2,186,W2,time_loo,15,7680,selection,12,8.769006860136598,8.769006860136598,0.0,1.0,0.0,"[5.250012119611104, 4.5057627360026045]","[0.0, 0.0]","[0.0, 0.0]",0.0
development_DiagReachK2_s186_W2_time_loo,DiagReachK2,186,W2,time_loo,15,7680,acceptance,8,8.887517461026897,8.887517461026897,0.0,1.0,0.0,"[5.338589072227478, 4.875428318977356]","[0.0, 0.0]","[0.0, 0.0]",0.0
development_DiagReachK2_s186_W2_time_loo,DiagReachK2,186,W2,time_loo,16,8160,exploration,20,7.647655129891357,6.423405439120252,1.224249690771103,0.3,0.5,"[4.988154196739197, 4.540673804283142]","[0.3, 0.2]","[0.07410538196563721, 0.014351769288380934]",10.614858150482178
development_DiagReachK2_s186_W2_time_loo,DiagReachK2,186,W2,time_loo,16,8160,selection,12,8.444323633348782,8.444323633348782,0.0,1.0,0.0,"[4.697321653366089, 4.661280592282613]","[0.0, 0.0]","[0.0, 0.0]",0.0
development_DiagReachK2_s186_W2_time_loo,DiagReachK2,186,W2,time_loo,16,8160,acceptance,8,8.956460927272566,8.956460927272566,0.0,1.0,0.0,"[5.4260149002075195, 4.920727252960205]","[0.0, 0.0]","[0.0, 0.0]",0.0
development_DiagReachK2_s186_W2_time_loo,DiagReachK2,186,W2,time_loo,17,8640,exploration,20,7.740872591338702,6.094687133632251,1.6461854577064514,0.3,0.55,"[5.378362703323364, 4.491407114267349]","[0.4, 0.25]","[0.0678692619005839, 0.049195679028828945]",14.047792911529541
development_DiagReachK2_s186_W2_time_loo,DiagReachK2,186,W2,time_loo,17,8640,selection,12,8.457373040163992,8.457373040163992,0.0,1.0,0.0,"[4.981239318847656, 4.302847941716512]","[0.0, 0.0]","[0.0, 0.0]",0.0
development_DiagReachK2_s186_W2_time_loo,DiagReachK2,186,W2,time_loo,17,8640,acceptance,8,8.921269815620326,8.921269815620326,0.0,1.0,0.0,"[5.570629239082336, 4.8877458572387695]","[0.0, 0.0]","[0.0, 0.0]",0.0
development_DiagReachK2_s186_W2_time_loo,DiagReachK2,186,W2,time_loo,18,9120,exploration,20,7.660275770596927,6.776078341774408,0.8841974288225174,0.45,0.35,"[5.4608074426651, 4.059080192446709]","[0.25, 0.15]","[0.04132847785949707, 0.017382721106211342]",7.04534387588501
development_DiagReachK2_s186_W2_time_loo,DiagReachK2,186,W2,time_loo,18,9120,selection,12,8.794369214391347,8.794369214391347,0.0,1.0,0.0,"[5.046861847241719, 4.917745232582092]","[0.0, 0.0]","[0.0, 0.0]",0.0
development_DiagReachK2_s186_W2_time_loo,DiagReachK2,186,W2,time_loo,18,9120,acceptance,8,8.886751183404341,8.886751183404341,0.0,1.0,0.0,"[5.442858338356018, 4.858523368835449]","[0.0, 0.0]","[0.0, 0.0]",0.0
development_DiagReachK2_s186_W2_time_loo,DiagReachK2,186,W2,time_loo,19,9600,exploration,20,7.600475695673957,7.109908026401534,0.4905676692724228,0.3,0.35,"[5.2443962931633, 4.165887957811355]","[0.25, 0.15]","[0.032888456185658776, 0.019369264443715405]",6.270926475524902
development_DiagReachK2_s186_W2_time_loo,DiagReachK2,186,W2,time_loo,19,9600,selection,12,8.992206288885578,8.988803608726963,0.0034026801586151123,0.8333333333333334,0.16666666666666666,"[5.319427053133647, 5.342333952585856]","[0.0, 0.16666666666666666]","[0.0, 0.0006805393430921828]",0.04899883270263672
development_DiagReachK2_s186_W2_time_loo,DiagReachK2,186,W2,time_loo,19,9600,acceptance,8,8.961184266824421,8.961184266824421,0.0,1.0,0.0,"[5.507345974445343, 5.174623548984528]","[0.0, 0.0]","[0.0, 0.0]",0.0
development_DiagReachK2_s186_W2_time_loo,DiagReachK2,186,W2,time_loo,20,10080,exploration,20,7.699406868678052,7.027327573758084,0.6720792949199677,0.35,0.35,"[5.264466965198517, 4.89123772084713]","[0.2, 0.2]","[0.03137543996175131, 0.022144973278045665]",6.422449588775635
development_DiagReachK2_s186_W2_time_loo,DiagReachK2,186,W2,time_loo,20,10080,selection,12,8.891485513444485,8.891485513444485,0.0,1.0,0.0,"[5.1747065782547, 5.268529335657756]","[0.0, 0.0]","[0.0, 0.0]",0.0
development_DiagReachK2_s186_W2_time_loo,DiagReachK2,186,W2,time_loo,20,10080,acceptance,8,9.04528523644176,9.04528523644176,0.0,1.0,0.0,"[5.268327176570892, 5.5891295075416565]","[0.0, 0.0]","[0.0, 0.0]",0.0
development_DiagReachK2_s186_W2_time_loo,DiagReachK2,186,W2,time_loo,21,10560,exploration,20,7.740197603371927,6.685523231294937,1.0546743720769882,0.2,0.5,"[4.753304499387741, 5.7829905390739444]","[0.2, 0.5]","[0.018092481295267738, 0.08589670260747276]",12.478702068328857
development_DiagReachK2_s186_W2_time_loo,DiagReachK2,186,W2,time_loo,21,10560,selection,12,8.784239694576597,8.784239694576597,0.0,1.0,0.0,"[5.046585520108541, 5.330335418383281]","[0.0, 0.0]","[0.0, 0.0]",0.0
development_DiagReachK2_s186_W2_time_loo,DiagReachK2,186,W2,time_loo,21,10560,acceptance,8,9.070279779186103,9.070279779186103,0.0,1.0,0.0,"[5.096447229385376, 5.843387842178345]","[0.0, 0.0]","[0.0, 0.0]",0.0
development_DiagReachK2_s186_W2_time_loo,DiagReachK2,186,W2,time_loo,22,11040,exploration,20,7.724155831014505,5.5728480246418615,2.1513078063726425,0.2,0.4,"[5.377531772851944, 5.1822498679161075]","[0.35, 0.3]","[0.08695229689280191, 0.05042630831400554]",16.485432624816895
development_DiagReachK2_s186_W2_time_loo,DiagReachK2,186,W2,time_loo,22,11040,selection,12,8.644077371782828,8.644077371782828,0.0,1.0,0.0,"[4.717154661814372, 5.22684903939565]","[0.0, 0.0]","[0.0, 0.0]",0.0
development_DiagReachK2_s186_W2_time_loo,DiagReachK2,186,W2,time_loo,22,11040,acceptance,8,9.097063936344238,9.097063936344238,0.0,1.0,0.0,"[5.192832946777344, 5.876990914344788]","[0.0, 0.0]","[0.0, 0.0]",0.0
development_DiagReachK2_s186_W2_time_loo,DiagReachK2,186,W2,time_loo,23,11520,exploration,20,7.5009646663325835,6.73999078067718,0.7609738856554031,0.25,0.3,"[4.6260936796665195, 5.150426822900772]","[0.15, 0.25]","[0.028836123148600255, 0.04248389005661011]",8.558401584625244
development_DiagReachK2_s186_W2_time_loo,DiagReachK2,186,W2,time_loo,23,11520,selection,12,9.192884225215613,9.15721382554978,0.03567039966583252,0.6666666666666666,0.3333333333333333,"[5.533339103062947, 5.743988235791524]","[0.08333333333333333, 0.25]","[0.0012467304865519206, 0.005542986922793924]",0.4888596534729004
development_DiagReachK2_s186_W2_time_loo,DiagReachK2,186,W2,time_loo,23,11520,acceptance,8,9.086373027683429,9.086373027683429,0.0,1.0,0.0,"[5.220510721206665, 5.847280025482178]","[0.0, 0.0]","[0.0, 0.0]",0.0
development_DiagReachK2_s186_W2_time_loo,DiagReachK2,186,W2,time_loo,24,12000,exploration,20,7.801217589762527,5.928958412494977,1.8722591772675514,0.4,0.45,"[4.754708755016327, 5.285186362266541]","[0.25, 0.3]","[0.05622865756352743, 0.07545167207717897]",15.801639556884766
development_DiagReachK2_s186_W2_time_loo,DiagReachK2,186,W2,time_loo,24,12000,selection,12,8.859726677857543,8.859726677857543,0.0,1.0,0.0,"[5.11594021320343, 5.340229153633118]","[0.0, 0.0]","[0.0, 0.0]",0.0
development_DiagReachK2_s186_W2_time_loo,DiagReachK2,186,W2,time_loo,24,12000,acceptance,8,9.094830394830206,9.094830394830206,0.0,1.0,0.0,"[5.305732071399689, 5.864996373653412]","[0.0, 0.0]","[0.0, 0.0]",0.0
development_DiagReachK2_s187_KL_cf_state,DiagReachK2,187,KL,cf_state,0,480,exploration,20,6.424785625101068,4.265839304686525,2.158946320414543,0.2,0.4,"[4.442942391335964, 3.6377375394105913]","[0.2, 0.2]","[0.09764036337534586, 0.03919123013814291]",16.419791221618652
development_DiagReachK2_s187_KL_cf_state,DiagReachK2,187,KL,cf_state,0,480,selection,12,8.786010592632618,8.783646175715452,0.0023644169171651206,0.9166666666666666,0.08333333333333333,"[5.3882436354955034, 5.055622855822246]","[0.0, 0.08333333333333333]","[0.0, 0.0004728833834330241]",0.034047603607177734
development_DiagReachK2_s187_KL_cf_state,DiagReachK2,187,KL,cf_state,0,480,acceptance,8,8.648478863819037,8.648478863819037,0.0,1.0,0.0,"[5.534358382225037, 4.657771348953247]","[0.0, 0.0]","[0.0, 0.0]",0.0
development_DiagReachK2_s187_KL_cf_state,DiagReachK2,187,KL,cf_state,1,960,exploration,20,6.555801056822529,3.490008481343975,3.0657925754785538,0.15,0.5,"[4.4289649546146395, 4.746604499220848]","[0.35, 0.25]","[0.1461179812749227, 0.08050454457600911]",27.194703102111816
development_DiagReachK2_s187_KL_cf_state,DiagReachK2,187,KL,cf_state,1,960,selection,12,8.072042287551449,8.072042287551449,0.0,0.75,0.0,"[3.9617830912272134, 4.299627025922139]","[0.0, 0.0]","[0.0, 0.0]",0.0
development_DiagReachK2_s187_KL_cf_state,DiagReachK2,187,KL,cf_state,1,960,acceptance,8,8.828256523516028,8.828256523516028,0.0,1.0,0.0,"[5.41597855091095, 5.11780047416687]","[0.0, 0.0]","[0.0, 0.0]",0.0
development_DiagReachK2_s187_KL_cf_state,DiagReachK2,187,KL,cf_state,2,1440,exploration,20,6.086598573983647,4.740149735272863,1.346448838710785,0.4,0.2,"[3.624995358288288, 3.653246158361435]","[0.1, 0.2]","[0.03341965675354004, 0.06116332610448202]",11.349957942962646
development_DiagReachK2_s187_KL_cf_state,DiagReachK2,187,KL,cf_state,2,1440,selection,12,8.468828883154007,8.468828883154007,0.0,1.0,0.0,"[5.283431092898051, 3.9178743163744607]","[0.0, 0.0]","[0.0, 0.0]",0.0
development_DiagReachK2_s187_KL_cf_state,DiagReachK2,187,KL,cf_state,2,1440,acceptance,8,8.777402117289602,8.777402117289602,0.0,1.0,0.0,"[5.395580172538757, 5.062754511833191]","[0.0, 0.0]","[0.0, 0.0]",0.0
development_DiagReachK2_s187_KL_cf_state,DiagReachK2,187,KL,cf_state,3,1920,exploration,20,6.198908032746404,4.663955049486249,1.5349529832601547,0.15,0.2,"[3.8550437688827515, 3.77466638982296]","[0.1, 0.15]","[0.025561579068501795, 0.06518900791803997]",10.89007043838501
development_DiagReachK2_s187_KL_cf_state,DiagReachK2,187,KL,cf_state,3,1920,selection,12,8.590724206195834,8.419327920900349,0.17139628529548645,0.6666666666666666,0.3333333333333333,"[5.767737865447998, 4.598451495170593]","[0.3333333333333333, 0.0]","[0.03401222493913438, 0.0]",2.448880195617676
development_DiagReachK2_s187_KL_cf_state,DiagReachK2,187,KL,cf_state,3,1920,acceptance,8,8.758262491226196,8.758262491226196,0.0,1.0,0.0,"[5.486425876617432, 5.183339834213257]","[0.0, 0.0]","[0.0, 0.0]",0.0
development_DiagReachK2_s187_KL_cf_state,DiagReachK2,187,KL,cf_state,4,2400,exploration,20,6.612072936766781,5.019485920243897,1.5925870165228844,0.2,0.4,"[4.650010557472706, 4.085372079908848]","[0.4, 0.15]","[0.08612321217854818, 0.03449003696441649]",14.473589897155762
development_DiagReachK2_s187_KL_cf_state,DiagReachK2,187,KL,cf_state,4,2400,selection,12,8.746141320975342,8.746141320975342,0.0,1.0,0.0,"[4.984237949053447, 4.484604875246684]","[0.0, 0.0]","[0.0, 0.0]",0.0
development_DiagReachK2_s187_KL_cf_state,DiagReachK2,187,KL,cf_state,4,2400,acceptance,8,8.766984592727386,8.766984592727386,0.0,1.0,0.0,"[5.509927988052368, 4.571727156639099]","[0.0, 0.0]","[0.0, 0.0]",0.0
development_DiagReachK2_s187_KL_cf_state,DiagReachK2,187,KL,cf_state,5,2880,exploration,20,6.420155874411575,6.313886306206696,0.10626956820487976,0.45,0.1,"[4.007914018630982, 3.028871999680996]","[0.1, 0.0]","[0.013873847325642896, 0.0]",1.6648616790771484
development_DiagReachK2_s187_KL_cf_state,DiagReachK2,187,KL,cf_state,5,2880,selection,12,9.006676872245349,9.006676872245349,0.0,1.0,0.0,"[5.656007448832194, 4.969259858131409]","[0.0, 0.0]","[0.0, 0.0]",0.0
development_DiagReachK2_s187_KL_cf_state,DiagReachK2,187,KL,cf_state,5,2880,acceptance,8,9.038397872785573,9.021855199674611,0.016542673110961914,0.875,0.125,"[5.608110189437866, 5.012979209423065]","[0.0, 0.125]","[0.0, 0.003308534622192383]",0.15880966186523438
development_DiagReachK2_s187_KL_cf_state,DiagReachK2,187,KL,cf_state,6,3360,exploration,20,5.947350321732229,4.888837201915449,1.05851311981678,0.2,0.4,"[4.83602919280529, 2.9132240414619446]","[0.4, 0.1]","[0.08847074508666991, 0.010074734687805176]",11.825457572937012
development_DiagReachK2_s187_KL_cf_state,DiagReachK2,187,KL,cf_state,6,3360,selection,12,8.809025750494524,8.808616067902767,0.0004096825917561849,0.9166666666666666,0.08333333333333333,"[4.957173188527425, 4.668885548909505]","[0.0, 0.08333333333333333]","[0.0, 8.193651835123698e-05]",0.0058994293212890625
development_DiagReachK2_s187_KL_cf_state,DiagReachK2,187,KL,cf_state,6,3360,acceptance,8,8.788026940682903,8.788026940682903,0.0,1.0,0.0,"[5.570267677307129, 4.181390166282654]","[0.0, 0.0]","[0.0, 0.0]",0.0
development_DiagReachK2_s187_KL_cf_state,DiagReachK2,187,KL,cf_state,7,3840,exploration,20,5.553761738017203,4.434902968481184,1.1188587695360184,0.2,0.3,"[4.294261175394058, 2.057952435314655]","[0.25, 0.05]","[0.04793018102645874, 0.035119271278381346]",9.96593427658081
development_DiagReachK2_s187_KL_cf_state,DiagReachK2,187,KL,cf_state,7,3840,selection,12,8.641865695023442,8.633784596625869,0.008081098397572836,0.8333333333333334,0.16666666666666666,"[5.733910838762919, 3.7786575754483542]","[0.16666666666666666, 0.0]","[0.0016162196795145671, 0.0]",0.11636781692504883
development_DiagReachK2_s187_KL_cf_state,DiagReachK2,187,KL,cf_state,7,3840,acceptance,8,8.827532394800802,8.827532394800802,0.0,1.0,0.0,"[5.674486756324768, 4.148334175348282]","[0.0, 0.0]","[0.0, 0.0]",0.0
development_DiagReachK2_s187_KL_cf_state,DiagReachK2,187,KL,cf_state,8,4320,exploration,20,6.571200754541205,4.212002124685095,2.3591986298561096,0.25,0.45,"[5.63496510386467, 3.144568461179733]","[0.45, 0.05]","[0.17889428138732916, 0.001354217529296875]",21.629819869995117
development_DiagReachK2_s187_KL_cf_state,DiagReachK2,187,KL,cf_state,8,4320,selection,12,8.60174928811651,8.60174928811651,0.0,1.0,0.0,"[4.943149288495381, 4.234719177087148]","[0.0, 0.0]","[0.0, 0.0]",0.0
development_DiagReachK2_s187_KL_cf_state,DiagReachK2,187,KL,cf_state,8,4320,acceptance,8,8.906782969343476,8.906782969343476,0.0,1.0,0.0,"[5.690321683883667, 4.195232272148132]","[0.0, 0.0]","[0.0, 0.0]",0.0
development_DiagReachK2_s187_KL_cf_state,DiagReachK2,187,KL,cf_state,9,4800,exploration,20,6.235428643263877,5.381958153881133,0.8534704893827438,0.15,0.35,"[4.727136778831482, 2.9539045214653017]","[0.3, 0.05]","[0.06922119855880736, 0.011036626497904456]",9.63093900680542
development_DiagReachK2_s187_KL_cf_state,DiagReachK2,187,KL,cf_state,9,4800,selection,12,9.107194518204778,8.782220060781887,0.32497445742289227,0.5833333333333334,0.4166666666666667,"[5.883267879486084, 5.312457084655762]","[0.4166666666666667, 0.3333333333333333]","[0.04292330476972791, 0.009092112382253012]",3.745110034942627
development_DiagReachK2_s187_KL_cf_state,DiagReachK2,187,KL,cf_state,9,4800,acceptance,8,8.881130874052179,8.881130874052179,0.0,1.0,0.0,"[5.3372079730033875, 4.812937915325165]","[0.0, 0.0]","[0.0, 0.0]",0.0
development_DiagReachK2_s187_KL_cf_state,DiagReachK2,187,KL,cf_state,10,5280,exploration,20,6.868551105105145,4.562266938232642,2.3062841668725014,0.3,0.35,"[4.299217385053635, 4.456435859203339]","[0.15, 0.3]","[0.05523180166880289, 0.07151169776916504]",15.209219932556152
development_DiagReachK2_s187_KL_cf_state,DiagReachK2,187,KL,cf_state,10,5280,selection,12,8.623240179755035,8.623240179755035,0.0,1.0,0.0,"[4.2933099667231245, 4.969857573509216]","[0.0, 0.0]","[0.0, 0.0]",0.0
development_DiagReachK2_s187_KL_cf_state,DiagReachK2,187,KL,cf_state,10,5280,acceptance,8,9.014206766476853,9.014206766476853,0.0,1.0,0.0,"[5.091633558273315, 5.679647326469421]","[0.0, 0.0]","[0.0, 0.0]",0.0
development_DiagReachK2_s187_KL_cf_state,DiagReachK2,187,KL,cf_state,11,5760,exploration,20,6.652776695538779,5.038135207940359,1.6146414875984192,0.05,0.5,"[4.924921837449074, 3.8090065747499464]","[0.4, 0.15]","[0.10798205137252807, 0.0280332088470459]",16.321831226348877
development_DiagReachK2_s187_KL_cf_state,DiagReachK2,187,KL,cf_state,11,5760,selection,12,8.808244610876622,8.8052782863883,0.00296632448832194,0.8333333333333334,0.16666666666666666,"[4.2841605345408125, 5.729150215784709]","[0.0, 0.16666666666666666]","[0.0, 0.0005932648976643881]",0.04271507263183594
development_DiagReachK2_s187_KL_cf_state,DiagReachK2,187,KL,cf_state,11,5760,acceptance,8,8.985002638422884,8.985002638422884,0.0,1.0,0.0,"[5.0959084033966064, 5.444080471992493]","[0.0, 0.0]","[0.0, 0.0]",0.0
development_DiagReachK2_s187_KL_cf_state,DiagReachK2,187,KL,cf_state,12,6240,exploration,20,7.529287216028898,4.192283008954256,3.337004207074642,0.3,0.55,"[5.5030684769153595, 5.24977506250143]","[0.35, 0.3]","[0.10842762390772502, 0.0761470119158427]",22.148956298828125
development_DiagReachK2_s187_KL_cf_state,DiagReachK2,187,KL,cf_state,12,6240,selection,12,8.580258279855721,8.580258279855721,0.0,1.0,0.0,"[4.272190709908803, 5.050116260846456]","[0.0, 0.0]","[0.0, 0.0]",0.0
development_DiagReachK2_s187_KL_cf_state,DiagReachK2,187,KL,cf_state,12,6240,acceptance,8,8.983697244059295,8.983697244059295,0.0,1.0,0.0,"[5.1230149269104, 5.554795503616333]","[0.0, 0.0]","[0.0, 0.0]",0.0
development_DiagReachK2_s187_KL_cf_state,DiagReachK2,187,KL,cf_state,13,6720,exploration,20,6.5553780122310865,5.318336628249382,1.2370413839817047,0.15,0.35,"[4.570823833346367, 4.196896922588349]","[0.2, 0.2]","[0.06536452372868856, 0.045465362071990964]",13.299586296081543
development_DiagReachK2_s187_KL_cf_state,DiagReachK2,187,KL,cf_state,13,6720,selection,12,8.758122568076944,8.758122568076944,0.0,1.0,0.0,"[4.651837666829427, 4.973480582237244]","[0.0, 0.0]","[0.0, 0.0]",0.0
development_DiagReachK2_s187_KL_cf_state,DiagReachK2,187,KL,cf_state,13,6720,acceptance,8,8.997649739752525,8.997649739752525,0.0,1.0,0.0,"[5.015089392662048, 5.562498092651367]","[0.0, 0.0]","[0.0, 0.0]",0.0
development_DiagReachK2_s187_KL_cf_state,DiagReachK2,187,KL,cf_state,14,7200,exploration,20,6.753080105648261,5.292309737072211,1.4607703685760498,0.15,0.55,"[4.49536070227623, 4.755694890022278]","[0.25, 0.3]","[0.03080170154571533, 0.09274324576059977]",14.825393676757812
development_DiagReachK2_s187_KL_cf_state,DiagReachK2,187,KL,cf_state,14,7200,selection,12,8.951185051720435,8.951185051720435,0.0,1.0,0.0,"[5.405713280042012, 5.133561333020528]","[0.0, 0.0]","[0.0, 0.0]",0.0
development_DiagReachK2_s187_KL_cf_state,DiagReachK2,187,KL,cf_state,14,7200,acceptance,8,9.046249807247658,9.046249807247658,0.0,1.0,0.0,"[5.276181876659393, 5.237837433815002]","[0.0, 0.0]","[0.0, 0.0]",0.0
development_DiagReachK2_s187_KL_cf_state,DiagReachK2,187,KL,cf_state,15,7680,exploration,20,6.597653450728394,5.862874390841462,0.7347790598869324,0.2,0.35,"[4.329955077171325, 3.359967476129532]","[0.3, 0.1]","[0.054993621508280445, 0.016345059871673583]",8.560641765594482
development_DiagReachK2_s187_KL_cf_state,DiagReachK2,187,KL,cf_state,15,7680,selection,12,9.26282809258361,9.251404763071333,0.011423329512278238,0.8333333333333334,0.16666666666666666,"[5.574735879898071, 5.456758777300517]","[0.0, 0.16666666666666666]","[0.0, 0.0021445155143737793]",0.1544051170349121
development_DiagReachK2_s187_KL_cf_state,DiagReachK2,187,KL,cf_state,15,7680,acceptance,8,9.112774050078587,9.112774050078587,0.0,1.0,0.0,"[5.418902039527893, 5.224533319473267]","[0.0, 0.0]","[0.0, 0.0]",0.0
development_DiagReachK2_s187_KL_cf_state,DiagReachK2,187,KL,cf_state,16,8160,exploration,20,7.508610841330375,5.246203434165801,2.2624074071645737,0.3,0.35,"[4.982152163982391, 5.142749130725861]","[0.2, 0.25]","[0.06481436491012574, 0.09013266960779825]",18.59364414215088
development_DiagReachK2_s187_KL_cf_state,DiagReachK2,187,KL,cf_state,16,8160,selection,12,8.647635932861402,8.647635932861402,0.0,1.0,0.0,"[4.56696097056071, 4.8240013519922895]","[0.0, 0.0]","[0.0, 0.0]",0.0
development_DiagReachK2_s187_KL_cf_state,DiagReachK2,187,KL,cf_state,16,8160,acceptance,8,9.230882395341178,9.230882395341178,0.0,1.0,0.0,"[5.270458459854126, 5.397952318191528]","[0.0, 0.0]","[0.0, 0.0]",0.0
development_DiagReachK2_s187_KL_cf_state,DiagReachK2,187,KL,cf_state,17,8640,exploration,20,7.297364877602087,6.27730857028626,1.0200563073158264,0.2,0.5,"[4.340904378890992, 5.176474183797836]","[0.15, 0.35]","[0.00904897848765055, 0.06425484816233316]",8.796459197998047
development_DiagReachK2_s187_KL_cf_state,DiagReachK2,187,KL,cf_state,17,8640,selection,12,9.002197442441238,8.994422811258886,0.007774631182352702,0.8333333333333334,0.16666666666666666,"[5.453166246414185, 4.8652031024297075]","[0.16666666666666666, 0.0]","[0.0015549262364705403, 0.0]",0.1119546890258789
development_DiagReachK2_s187_KL_cf_state,DiagReachK2,187,KL,cf_state,17,8640,acceptance,8,9.219365687837126,9.219365687837126,0.0,1.0,0.0,"[5.3165363073349, 5.497778654098511]","[0.0, 0.0]","[0.0, 0.0]",0.0
development_DiagReachK2_s187_KL_cf_state,DiagReachK2,187,KL,cf_state,18,9120,exploration,20,6.965732048336649,5.884392584745074,1.0813394635915756,0.2,0.45,"[4.602994757890701, 4.326008930802345]","[0.25, 0.25]","[0.03638584613800048, 0.05364364385604857]",10.803538799285889
development_DiagReachK2_s187_KL_cf_state,DiagReachK2,187,KL,cf_state,18,9120,selection,12,8.518475363115158,8.518475363115158,0.0,0.8333333333333334,0.0,"[4.520320316155751, 4.752998928229014]","[0.0, 0.0]","[0.0, 0.0]",0.0
development_DiagReachK2_s187_KL_cf_state,DiagReachK2,187,KL,cf_state,18,9120,acceptance,8,9.195624488929752,9.195624488929752,0.0,1.0,0.0,"[5.198105454444885, 5.409559965133667]","[0.0, 0.0]","[0.0, 0.0]",0.0
development_DiagReachK2_s187_KL_cf_state,DiagReachK2,187,KL,cf_state,19,9600,exploration,20,7.171718424945139,5.334493196397089,1.83722522854805,0.25,0.5,"[5.247394144535065, 4.413848900794983]","[0.3, 0.3]","[0.09265299240748086, 0.030258154869079602]",14.749337673187256
development_DiagReachK2_s187_KL_cf_state,DiagReachK2,187,KL,cf_state,19,9600,selection,12,8.773004639272934,8.773004639272934,0.0,1.0,0.0,"[4.84103536605835, 5.000430663426717]","[0.0, 0.0]","[0.0, 0.0]",0.0
development_DiagReachK2_s187_KL_cf_state,DiagReachK2,187,KL,cf_state,19,9600,acceptance,8,9.19930340067367,9.19930340067367,0.0,1.0,0.0,"[5.3499239683151245, 5.525922060012817]","[0.0, 0.0]","[0.0, 0.0]",0.0
development_DiagReachK2_s187_KL_cf_state,DiagReachK2,187,KL,cf_state,20,10080,exploration,20,7.685292306444607,3.9100725456094367,3.7752197608351707,0.2,0.6,"[5.038938248157502, 5.6460495591163635]","[0.3, 0.45]","[0.09622584978739421, 0.12042801380157471]",25.99846363067627
development_DiagReachK2_s187_KL_cf_state,DiagReachK2,187,KL,cf_state,20,10080,selection,12,8.505060819363191,8.505060819363191,0.0,1.0,0.0,"[4.600510736306508, 4.332885404427846]","[0.0, 0.0]","[0.0, 0.0]",0.0
development_DiagReachK2_s187_KL_cf_state,DiagReachK2,187,KL,cf_state,20,10080,acceptance,8,9.20128209334216,9.20128209334216,0.0,1.0,0.0,"[5.271893620491028, 5.449878215789795]","[0.0, 0.0]","[0.0, 0.0]",0.0
development_DiagReachK2_s187_KL_cf_state,DiagReachK2,187,KL,cf_state,21,10560,exploration,20,7.295837709775077,5.8636188750172735,1.4322188347578049,0.3,0.4,"[5.338462322950363, 4.073447832465172]","[0.35, 0.15]","[0.0907217542330424, 0.016282530625661217]",12.840514183044434
development_DiagReachK2_s187_KL_cf_state,DiagReachK2,187,KL,cf_state,21,10560,selection,12,8.751681166304298,8.751681166304298,0.0,1.0,0.0,"[4.563361247380574, 5.334283192952474]","[0.0, 0.0]","[0.0, 0.0]",0.0
development_DiagReachK2_s187_KL_cf_state,DiagReachK2,187,KL,cf_state,21,10560,acceptance,8,9.22573459384148,9.22573459384148,0.0,1.0,0.0,"[5.209933876991272, 5.472419261932373]","[0.0, 0.0]","[0.0, 0.0]",0.0
development_DiagReachK2_s187_KL_cf_state,DiagReachK2,187,KL,cf_state,22,11040,exploration,20,7.246759576264303,5.4952773428591914,1.7514822334051132,0.1,0.65,"[5.314410823583603, 4.040997257828712]","[0.5, 0.2]","[0.1334498604138692, 0.008295540014902746]",17.009448051452637
development_DiagReachK2_s187_KL_cf_state,DiagReachK2,187,KL,cf_state,22,11040,selection,12,8.832464294194748,8.832464294194748,0.0,1.0,0.0,"[4.525928099950154, 5.486578941345215]","[0.0, 0.0]","[0.0, 0.0]",0.0
development_DiagReachK2_s187_KL_cf_state,DiagReachK2,187,KL,cf_state,22,11040,acceptance,8,9.215054635464913,9.215054635464913,0.0,1.0,0.0,"[5.05504298210144, 5.58604633808136]","[0.0, 0.0]","[0.0, 0.0]",0.0
development_DiagReachK2_s187_KL_cf_state,DiagReachK2,187,KL,cf_state,23,11520,exploration,20,7.270321215922012,4.055268231267109,3.2150529846549034,0.2,0.6,"[4.519727647304535, 5.726538264751435]","[0.25, 0.45]","[0.04553044637044271, 0.1505042314529419]",23.524161338806152
development_DiagReachK2_s187_KL_cf_state,DiagReachK2,187,KL,cf_state,23,11520,selection,12,8.850739499205217,8.850739499205217,0.0,1.0,0.0,"[4.793149828910828, 4.656713684399922]","[0.0, 0.0]","[0.0, 0.0]",0.0
development_DiagReachK2_s187_KL_cf_state,DiagReachK2,187,KL,cf_state,23,11520,acceptance,8,9.276597491587747,9.276597491587747,0.0,1.0,0.0,"[4.774111270904541, 5.732456088066101]","[0.0, 0.0]","[0.0, 0.0]",0.0
development_DiagReachK2_s187_KL_cf_state,DiagReachK2,187,KL,cf_state,24,12000,exploration,20,7.3630614324612536,6.651186381201259,0.7118750512599945,0.4,0.35,"[4.371568495035172, 4.969093978404999]","[0.1, 0.25]","[0.0035634557406107547, 0.046752985318501784]",6.037972927093506
development_DiagReachK2_s187_KL_cf_state,DiagReachK2,187,KL,cf_state,24,12000,selection,12,9.110398698351249,9.046063679954871,0.06433501839637756,0.6666666666666666,0.3333333333333333,"[5.460135420163472, 4.972136934598287]","[0.3333333333333333, 0.0]","[0.012866993745168032, 0.0]",0.9264235496520996
development_DiagReachK2_s187_KL_cf_state,DiagReachK2,187,KL,cf_state,24,12000,acceptance,8,9.289484486362198,9.289484486362198,0.0,1.0,0.0,"[4.945409178733826, 5.804707169532776]","[0.0, 0.0]","[0.0, 0.0]",0.0
development_DiagReachK2_s187_KL_time_loo,DiagReachK2,187,KL,time_loo,0,480,exploration,20,6.424785625101068,4.265839304686525,2.158946320414543,0.2,0.4,"[4.442942391335964, 3.6377375394105913]","[0.2, 0.2]","[0.09764036337534586, 0.03919123013814291]",16.419791221618652
development_DiagReachK2_s187_KL_time_loo,DiagReachK2,187,KL,time_loo,0,480,selection,12,8.688351011528479,8.685986594611313,0.0023644169171651206,0.9166666666666666,0.08333333333333333,"[5.135416070620219, 4.730741858482361]","[0.0, 0.08333333333333333]","[0.0, 0.0004728833834330241]",0.034047603607177734
development_DiagReachK2_s187_KL_time_loo,DiagReachK2,187,KL,time_loo,0,480,acceptance,8,8.527310009743088,8.527310009743088,0.0,1.0,0.0,"[5.57823634147644, 4.221619129180908]","[0.0, 0.0]","[0.0, 0.0]",0.0
development_DiagReachK2_s187_KL_time_loo,DiagReachK2,187,KL,time_loo,1,960,exploration,20,6.317209709535819,3.1650437899935056,3.1521659195423126,0.15,0.55,"[4.43487134128809, 4.425499394536018]","[0.35, 0.3]","[0.16576640208562216, 0.06015518506368002]",27.11059045791626
development_DiagReachK2_s187_KL_time_loo,DiagReachK2,187,KL,time_loo,1,960,selection,12,7.944027221874179,7.944027221874179,0.0,0.6666666666666666,0.0,"[3.8481640021006265, 4.188018123308818]","[0.0, 0.0]","[0.0, 0.0]",0.0
development_DiagReachK2_s187_KL_time_loo,DiagReachK2,187,KL,time_loo,1,960,acceptance,8,8.600977857131511,8.600977857131511,0.0,1.0,0.0,"[5.454381585121155, 4.26933753490448]","[0.0, 0.0]","[0.0, 0.0]",0.0
development_DiagReachK2_s187_KL_time_loo,DiagReachK2,187,KL,time_loo,2,1440,exploration,20,5.9017033016495395,4.623467799108474,1.2782355025410652,0.4,0.2,"[3.631485065817833, 3.408883085846901]","[0.1, 0.15]","[0.03723158836364746, 0.050667405128479004]",10.547879219055176
development_DiagReachK2_s187_KL_time_loo,DiagReachK2,187,KL,time_loo,2,1440,selection,12,8.18633433690605,8.121647949128722,0.06468638777732849,0.6666666666666666,0.3333333333333333,"[5.837265292803447, 3.223631739616394]","[0.3333333333333333, 0.0]","[0.012937280866834858, 0.0]",0.9314842224121094
development_DiagReachK2_s187_KL_time_loo,DiagReachK2,187,KL,time_loo,2,1440,acceptance,8,8.570180071657525,8.570180071657525,0.0,1.0,0.0,"[5.450414180755615, 4.215962171554565]","[0.0, 0.0]","[0.0, 0.0]",0.0
development_DiagReachK2_s187_KL_time_loo,DiagReachK2,187,KL,time_loo,3,1920,exploration,20,5.999298137034639,4.582100060190424,1.4171980768442154,0.05,0.2,"[3.904589319229126, 3.5034965887665748]","[0.1, 0.15]","[0.02665252288182577, 0.05766008694966633]",10.117513179779053
development_DiagReachK2_s187_KL_time_loo,DiagReachK2,187,KL,time_loo,3,1920,selection,12,8.372294646431692,8.079625484277495,0.2926691621541977,0.3333333333333333,0.6666666666666666,"[6.143529375394185, 3.927998741467794]","[0.6666666666666666, 0.0]","[0.053949409061008036, 0.0]",3.884357452392578
development_DiagReachK2_s187_KL_time_loo,DiagReachK2,187,KL,time_loo,3,1920,acceptance,8,8.543914220342412,8.543914220342412,0.0,1.0,0.0,"[5.5321044921875, 4.33285129070282]","[0.0, 0.0]","[0.0, 0.0]",0.0
development_DiagReachK2_s187_KL_time_loo,DiagReachK2,187,KL,time_loo,4,2400,exploration,20,6.488054705543908,4.761112315340432,1.726942390203476,0.05,0.45,"[4.699217088520527, 3.742467279732227]","[0.45, 0.1]","[0.10596095323562622, 0.02640671730041504]",15.884120464324951
development_DiagReachK2_s187_KL_time_loo,DiagReachK2,187,KL,time_loo,4,2400,selection,12,8.535500605016326,8.535500605016326,0.0,1.0,0.0,"[5.039704918861389, 3.989763001600901]","[0.0, 0.0]","[0.0, 0.0]",0.0
development_DiagReachK2_s187_KL_time_loo,DiagReachK2,187,KL,time_loo,4,2400,acceptance,8,8.52163381758146,8.52163381758146,0.0,1.0,0.0,"[5.471795320510864, 4.1516783237457275]","[0.0, 0.0]","[0.0, 0.0]",0.0
development_DiagReachK2_s187_KL_time_loo,DiagReachK2,187,KL,time_loo,5,2880,exploration,20,6.331085154031753,6.224326097582817,0.10675905644893646,0.45,0.1,"[3.77653975635767, 3.171602502465248]","[0.1, 0.0]","[0.013078999519348145, 0.0]",1.5694799423217773
development_DiagReachK2_s187_KL_time_loo,DiagReachK2,187,KL,time_loo,5,2880,selection,12,8.712104978590892,8.594442181219346,0.11766279737154643,0.6666666666666666,0.3333333333333333,"[5.732502857844035, 4.996406555175781]","[0.3333333333333333, 0.0]","[0.023532562785678446, 0.0]",1.6943445205688477
development_DiagReachK2_s187_KL_time_loo,DiagReachK2,187,KL,time_loo,5,2880,acceptance,8,8.776495141792111,8.776495141792111,0.0,1.0,0.0,"[5.4027183055877686, 4.776127874851227]","[0.0, 0.0]","[0.0, 0.0]",0.0
development_DiagReachK2_s187_KL_time_loo,DiagReachK2,187,KL,time_loo,6,3360,exploration,20,6.247191609865986,4.073939340240322,2.1732522696256638,0.05,0.35,"[3.4134198144078254, 4.429396563768387]","[0.05, 0.3]","[0.04743396441141764, 0.10077546437581379]",17.785131454467773
development_DiagReachK2_s187_KL_time_loo,DiagReachK2,187,KL,time_loo,6,3360,selection,12,8.736449306017795,8.736449306017795,0.0,1.0,0.0,"[4.579356829325358, 5.190915028254191]","[0.0, 0.0]","[0.0, 0.0]",0.0
development_DiagReachK2_s187_KL_time_loo,DiagReachK2,187,KL,time_loo,6,3360,acceptance,8,8.981293267384173,8.981293267384173,0.0,1.0,0.0,"[5.4158759117126465, 5.3426854610443115]","[0.0, 0.0]","[0.0, 0.0]",0.0
development_DiagReachK2_s187_KL_time_loo,DiagReachK2,187,KL,time_loo,7,3840,exploration,20,7.267133434978314,4.511121740308591,2.7560116946697235,0.2,0.45,"[5.659701132774353, 4.079950106143952]","[0.4, 0.15]","[0.14731512864430746, 0.038488364219665526]",22.296419143676758
development_DiagReachK2_s187_KL_time_loo,DiagReachK2,187,KL,time_loo,7,3840,selection,12,8.887388177557536,8.87944928590829,0.007938891649246216,0.9166666666666666,0.08333333333333333,"[4.9426692724227905, 5.3293817440668745]","[0.0, 0.08333333333333333]","[0.0, 0.0015877750184800827]",0.1143198013305664
development_DiagReachK2_s187_KL_time_loo,DiagReachK2,187,KL,time_loo,7,3840,acceptance,8,8.990477329306305,8.990477329306305,0.0,1.0,0.0,"[5.448326945304871, 5.320266842842102]","[0.0, 0.0]","[0.0, 0.0]",0.0
development_DiagReachK2_s187_KL_time_loo,DiagReachK2,187,KL,time_loo,8,4320,exploration,20,6.5254844203882385,4.526685692399041,1.9987987279891968,0.3,0.4,"[4.432319037616253, 4.028015494346619]","[0.25, 0.2]","[0.0923405369122823, 0.04024452765782675]",15.910207748413086
development_DiagReachK2_s187_KL_time_loo,DiagReachK2,187,KL,time_loo,8,4320,selection,12,8.869539850950241,8.79041930437088,0.07912054657936096,0.6666666666666666,0.3333333333333333,"[4.69687815507253, 5.4188276926676435]","[0.0, 0.3333333333333333]","[0.0, 0.012870881292555056]",0.9267034530639648
development_DiagReachK2_s187_KL_time_loo,DiagReachK2,187,KL,time_loo,8,4320,acceptance,8,9.037993003753947,9.037993003753947,0.0,1.0,0.0,"[5.350480437278748, 5.404115438461304]","[0.0, 0.0]","[0.0, 0.0]",0.0
development_DiagReachK2_s187_KL_time_loo,DiagReachK2,187,KL,time_loo,9,4800,exploration,20,6.5985263027297325,3.8649840913759532,2.733542211353779,0.0,0.7,"[4.613261367380619, 4.861440466344357]","[0.4, 0.35]","[0.13695956071217852, 0.06251371701558431]",23.936793327331543
development_DiagReachK2_s187_KL_time_loo,DiagReachK2,187,KL,time_loo,9,4800,selection,12,9.16985932244764,8.86691960944639,0.3029397130012512,0.3333333333333333,0.6666666666666666,"[5.4201957782109575, 6.03968330224355]","[0.0, 0.6666666666666666]","[0.0, 0.04079021347893608]",2.9368953704833984
development_DiagReachK2_s187_KL_time_loo,DiagReachK2,187,KL,time_loo,9,4800,acceptance,8,8.958214294561184,8.958214294561184,0.0,1.0,0.0,"[5.332568526268005, 5.348729610443115]","[0.0, 0.0]","[0.0, 0.0]",0.0
development_DiagReachK2_s187_KL_time_loo,DiagReachK2,187,KL,time_loo,10,5280,exploration,20,6.282043840531841,4.2762217631383095,2.005822077393532,0.15,0.4,"[3.465266466140747, 4.596463572978974]","[0.15, 0.4]","[0.06564361651738485, 0.05722926060358684]",14.744745254516602
development_DiagReachK2_s187_KL_time_loo,DiagReachK2,187,KL,time_loo,10,5280,selection,12,8.712877557115279,8.712877557115279,0.0,1.0,0.0,"[4.523479501406352, 4.866965015729268]","[0.0, 0.0]","[0.0, 0.0]",0.0
development_DiagReachK2_s187_KL_time_loo,DiagReachK2,187,KL,time_loo,10,5280,acceptance,8,9.037884074472823,9.037884074472823,0.0,1.0,0.0,"[5.424535274505615, 5.504377841949463]","[0.0, 0.0]","[0.0, 0.0]",0.0
development_DiagReachK2_s187_KL_time_loo,DiagReachK2,187,KL,time_loo,11,5760,exploration,20,6.474926663634832,3.5597561505413617,2.9151705130934715,0.15,0.45,"[3.994403971731663, 4.538670086860657]","[0.25, 0.3]","[0.10378592809041343, 0.07217555046081543]",21.11537742614746
development_DiagReachK2_s187_KL_time_loo,DiagReachK2,187,KL,time_loo,11,5760,selection,12,8.814863290453408,8.770937101110272,0.04392618934313456,0.75,0.25,"[4.634065747261047, 5.56712822119395]","[0.0, 0.25]","[0.0, 0.008785247802734394]",0.632537841796875
development_DiagReachK2_s187_KL_time_loo,DiagReachK2,187,KL,time_loo,11,5760,acceptance,8,8.963271631160751,8.963271631160751,0.0,1.0,0.0,"[5.425809264183044, 5.255368947982788]","[0.0, 0.0]","[0.0, 0.0]",0.0
development_DiagReachK2_s187_KL_time_loo,DiagReachK2,187,KL,time_loo,12,6240,exploration,20,7.5809984694854915,3.259216543628427,4.321781925857067,0.25,0.6,"[5.732598632574081, 5.248975998163223]","[0.4, 0.3]","[0.1637150327364604, 0.08214336236317951]",29.503007411956787
development_DiagReachK2_s187_KL_time_loo,DiagReachK2,187,KL,time_loo,12,6240,selection,12,8.510397524819199,8.510397524819199,0.0,1.0,0.0,"[4.342711349328359, 4.908121784528096]","[0.0, 0.0]","[0.0, 0.0]",0.0
development_DiagReachK2_s187_KL_time_loo,DiagReachK2,187,KL,time_loo,12,6240,acceptance,8,8.996976563800127,8.996976563800127,0.0,1.0,0.0,"[5.4668720960617065, 5.361878752708435]","[0.0, 0.0]","[0.0, 0.0]",0.0
development_DiagReachK2_s187_KL_time_loo,DiagReachK2,187,KL,time_loo,13,6720,exploration,20,6.5149485456431275,4.8498617547238245,1.665086790919304,0.1,0.45,"[4.707367944717407, 4.171664018929005]","[0.3, 0.2]","[0.09628400802612305, 0.03695002396901448]",15.988083839416504
development_DiagReachK2_s187_KL_time_loo,DiagReachK2,187,KL,time_loo,13,6720,selection,12,8.820723524763403,8.820723524763403,0.0,1.0,0.0,"[5.149925470352173, 4.8968039353688555]","[0.0, 0.0]","[0.0, 0.0]",0.0
development_DiagReachK2_s187_KL_time_loo,DiagReachK2,187,KL,time_loo,13,6720,acceptance,8,9.019113677600398,9.019113677600398,0.0,1.0,0.0,"[5.315820336341858, 5.379916787147522]","[0.0, 0.0]","[0.0, 0.0]",0.0
development_DiagReachK2_s187_KL_time_loo,DiagReachK2,187,KL,time_loo,14,7200,exploration,20,6.808428626477834,5.12023333829653,1.688195288181305,0.2,0.55,"[4.594721919298172, 4.755293546617031]","[0.25, 0.3]","[0.051036902268727626, 0.09459723234176635]",17.476096153259277
development_DiagReachK2_s187_KL_time_loo,DiagReachK2,187,KL,time_loo,14,7200,selection,12,9.045249060696612,8.993469785557439,0.051779275139172874,0.5833333333333334,0.4166666666666667,"[5.573767940203349, 5.604892611503601]","[0.16666666666666666, 0.25]","[0.003333906332651774, 0.00676502121819389]",0.7271227836608887
development_DiagReachK2_s187_KL_time_loo,DiagReachK2,187,KL,time_loo,14,7200,acceptance,8,9.0433374423068,9.0433374423068,0.0,1.0,0.0,"[5.380940079689026, 5.3730984926223755]","[0.0, 0.0]","[0.0, 0.0]",0.0
development_DiagReachK2_s187_KL_time_loo,DiagReachK2,187,KL,time_loo,15,7680,exploration,20,6.937844876036979,3.9000547936419023,3.0377900823950768,0.15,0.45,"[4.892645400762558, 4.358517438173294]","[0.3, 0.3]","[0.11115930080413819, 0.08247036933898926]",23.235560417175293
development_DiagReachK2_s187_KL_time_loo,DiagReachK2,187,KL,time_loo,15,7680,selection,12,8.511936342121968,8.511936342121968,0.0,1.0,0.0,"[3.9825011094411216, 5.255529681841533]","[0.0, 0.0]","[0.0, 0.0]",0.0
development_DiagReachK2_s187_KL_time_loo,DiagReachK2,187,KL,time_loo,15,7680,acceptance,8,8.974663471290842,8.974663471290842,0.0,1.0,0.0,"[5.561327934265137, 5.424264907836914]","[0.0, 0.0]","[0.0, 0.0]",0.0
development_DiagReachK2_s187_KL_time_loo,DiagReachK2,187,KL,time_loo,16,8160,exploration,20,6.471927399701672,4.984373371071415,1.4875540286302567,0.2,0.35,"[4.381603200733662, 3.938493511080742]","[0.3, 0.1]","[0.08547309239705404, 0.027027372519175218]",13.50005578994751
development_DiagReachK2_s187_KL_time_loo,DiagReachK2,187,KL,time_loo,16,8160,selection,12,8.803517401330463,8.803517401330463,0.0,1.0,0.0,"[4.443022449811299, 5.402743975321452]","[0.0, 0.0]","[0.0, 0.0]",0.0
development_DiagReachK2_s187_KL_time_loo,DiagReachK2,187,KL,time_loo,16,8160,acceptance,8,8.99760945289745,8.994748355442425,0.0028610974550247192,0.875,0.125,"[4.803892493247986, 5.580838263034821]","[0.125, 0.0]","[0.0005722244580586844, 0.0]",0.027466773986816406
development_DiagReachK2_s187_KL_time_loo,DiagReachK2,187,KL,time_loo,17,8640,exploration,20,7.095048450829928,3.482650169136469,3.6123982816934586,0.15,0.55,"[4.3188993483781815, 5.653725653886795]","[0.25, 0.45]","[0.07284027338027955, 0.1620041449864705]",28.18133020401001
development_DiagReachK2_s187_KL_time_loo,DiagReachK2,187,KL,time_loo,17,8640,selection,12,8.374806885795834,8.37319532521272,0.001611560583114624,0.9166666666666666,0.08333333333333333,"[3.7725625236829123, 4.805431266625722]","[0.0, 0.08333333333333333]","[0.0, 0.00032230880525376443]",0.023206233978271484
development_DiagReachK2_s187_KL_time_loo,DiagReachK2,187,KL,time_loo,17,8640,acceptance,8,8.777417494837028,8.76573483544944,0.011682659387588501,0.5,0.5,"[4.111612856388092, 5.4310542941093445]","[0.0, 0.5]","[0.0, 0.0023365318775177]",0.11215353012084961
development_DiagReachK2_s187_KL_time_loo,DiagReachK2,187,KL,time_loo,18,9120,exploration,20,6.28596297849319,4.883561203371501,1.4024017751216888,0.25,0.2,"[4.162601089477539, 3.3300993859767916]","[0.2, 0.0]","[0.0760982354482015, 0.0]",9.13178825378418
development_DiagReachK2_s187_KL_time_loo,DiagReachK2,187,KL,time_loo,18,9120,selection,12,8.08586896083426,8.08586896083426,0.0,0.75,0.0,"[3.4964480102062225, 4.874441623687744]","[0.0, 0.0]","[0.0, 0.0]",0.0
development_DiagReachK2_s187_KL_time_loo,DiagReachK2,187,KL,time_loo,18,9120,acceptance,8,8.470247049343165,8.470247049343165,0.0,1.0,0.0,"[3.9583617448806763, 4.789102911949158]","[0.0, 0.0]","[0.0, 0.0]",0.0
development_DiagReachK2_s187_KL_time_loo,DiagReachK2,187,KL,time_loo,19,9600,exploration,20,6.765194466472603,4.990943787754514,1.77425067871809,0.2,0.4,"[4.605663743615151, 4.468103849887848]","[0.3, 0.25]","[0.10696841875712075, 0.012418953577677406]",14.326484680175781
development_DiagReachK2_s187_KL_time_loo,DiagReachK2,187,KL,time_loo,19,9600,selection,12,8.356083881274571,8.356083881274571,0.0,1.0,0.0,"[3.9268673062324524, 4.949174404144287]","[0.0, 0.0]","[0.0, 0.0]",0.0
development_DiagReachK2_s187_KL_time_loo,DiagReachK2,187,KL,time_loo,19,9600,acceptance,8,8.555547878955622,8.555547878955622,0.0,1.0,0.0,"[4.339271783828735, 4.915340781211853]","[0.0, 0.0]","[0.0, 0.0]",0.0
development_DiagReachK2_s187_KL_time_loo,DiagReachK2,187,KL,time_loo,20,10080,exploration,20,6.824482651641593,5.6993669664766635,1.1251156851649284,0.25,0.3,"[3.825267618894577, 4.3991359889507295]","[0.15, 0.25]","[0.026095219453175868, 0.054889464378356935]",9.718162059783936
development_DiagReachK2_s187_KL_time_loo,DiagReachK2,187,KL,time_loo,20,10080,selection,12,8.538149459525933,8.538149459525933,0.0,1.0,0.0,"[4.514038562774658, 4.667111456394196]","[0.0, 0.0]","[0.0, 0.0]",0.0
development_DiagReachK2_s187_KL_time_loo,DiagReachK2,187,KL,time_loo,20,10080,acceptance,8,8.700593091647898,8.700593091647898,0.0,1.0,0.0,"[4.5519519448280334, 5.02545565366745]","[0.0, 0.0]","[0.0, 0.0]",0.0
development_DiagReachK2_s187_KL_time_loo,DiagReachK2,187,KL,time_loo,21,10560,exploration,20,6.951097899794112,5.455364579081069,1.4957333207130432,0.3,0.45,"[4.138562707602977, 4.655928480625152]","[0.2, 0.25]","[0.05492536226908366, 0.055349540710449216]",13.232988357543945
development_DiagReachK2_s187_KL_time_loo,DiagReachK2,187,KL,time_loo,21,10560,selection,12,8.934386539371916,8.934386539371916,0.0,1.0,0.0,"[5.2945888837178545, 5.1830843687057495]","[0.0, 0.0]","[0.0, 0.0]",0.0
development_DiagReachK2_s187_KL_time_loo,DiagReachK2,187,KL,time_loo,21,10560,acceptance,8,8.990988337319868,8.990988337319868,0.0,1.0,0.0,"[5.055492997169495, 5.328192830085754]","[0.0, 0.0]","[0.0, 0.0]",0.0
development_DiagReachK2_s187_KL_time_loo,DiagReachK2,187,KL,time_loo,22,11040,exploration,20,6.947292907609372,6.466035230531125,0.48125767707824707,0.2,0.3,"[4.2225375294685366, 4.326815938949585]","[0.25, 0.25]","[0.03740947643915813, 0.023654707272847485]",7.327702045440674
development_DiagReachK2_s187_KL_time_loo,DiagReachK2,187,KL,time_loo,22,11040,selection,12,9.084982140984115,9.057328615711109,0.02765352527300517,0.5833333333333334,0.4166666666666667,"[5.644566138585408, 5.670248190561931]","[0.3333333333333333, 0.08333333333333333]","[0.00544181797239518, 8.890363905165548e-05]",0.3982119560241699
development_DiagReachK2_s187_KL_time_loo,DiagReachK2,187,KL,time_loo,22,11040,acceptance,8,9.067869120571412,9.067869120571412,0.0,1.0,0.0,"[5.29889178276062, 5.403688073158264]","[0.0, 0.0]","[0.0, 0.0]",0.0
development_DiagReachK2_s187_KL_time_loo,DiagReachK2,187,KL,time_loo,23,11520,exploration,20,7.154139116974546,5.808825046392158,1.3453140705823898,0.4,0.4,"[4.305587702989579, 4.481797611713409]","[0.25, 0.25]","[0.040538688500722266, 0.05391063690185547]",11.333919048309326
development_DiagReachK2_s187_KL_time_loo,DiagReachK2,187,KL,time_loo,23,11520,selection,12,8.815880470098392,8.815880470098392,0.0,1.0,0.0,"[5.103681246439616, 4.821939210096995]","[0.0, 0.0]","[0.0, 0.0]",0.0
development_DiagReachK2_s187_KL_time_loo,DiagReachK2,187,KL,time_loo,23,11520,acceptance,8,9.099834611458936,9.099834611458936,0.0,1.0,0.0,"[5.127696633338928, 5.383891940116882]","[0.0, 0.0]","[0.0, 0.0]",0.0
development_DiagReachK2_s187_KL_time_loo,DiagReachK2,187,KL,time_loo,24,12000,exploration,20,7.394515228284291,5.556954664004733,1.8375605642795563,0.25,0.55,"[4.597036045789719, 4.73483996540308]","[0.3, 0.3]","[0.07374494473139445, 0.05004669030507406]",14.85499620437622
development_DiagReachK2_s187_KL_time_loo,DiagReachK2,187,KL,time_loo,24,12000,selection,12,8.855426389798959,8.855426389798959,0.0,1.0,0.0,"[4.8994301954905195, 5.0194478034973145]","[0.0, 0.0]","[0.0, 0.0]",0.0
development_DiagReachK2_s187_KL_time_loo,DiagReachK2,187,KL,time_loo,24,12000,acceptance,8,9.08789740820066,9.08789740820066,0.0,1.0,0.0,"[5.356402039527893, 5.4500967264175415]","[0.0, 0.0]","[0.0, 0.0]",0.0
development_DiagReachK2_s187_W2_cf_state,DiagReachK2,187,W2,cf_state,0,480,exploration,20,6.424785625101068,4.265839304686525,2.158946320414543,0.2,0.4,"[4.442942391335964, 3.6377375394105913]","[0.2, 0.2]","[0.09764036337534586, 0.03919123013814291]",16.419791221618652
development_DiagReachK2_s187_W2_cf_state,DiagReachK2,187,W2,cf_state,0,480,selection,12,8.778846571827307,8.776482154910143,0.0023644169171651206,0.9166666666666666,0.08333333333333333,"[5.3941038846969604, 4.994885325431824]","[0.0, 0.08333333333333333]","[0.0, 0.0004728833834330241]",0.034047603607177734
development_DiagReachK2_s187_W2_cf_state,DiagReachK2,187,W2,cf_state,0,480,acceptance,8,8.636817289388272,8.636817289388272,0.0,1.0,0.0,"[5.544860780239105, 4.566000759601593]","[0.0, 0.0]","[0.0, 0.0]",0.0
development_DiagReachK2_s187_W2_cf_state,DiagReachK2,187,W2,cf_state,1,960,exploration,20,6.525720973656862,3.4878878939611604,3.0378330796957016,0.15,0.5,"[4.44074680507183, 4.6625727429986]","[0.35, 0.25]","[0.14905546108881632, 0.07659826676050821]",27.078447341918945
development_DiagReachK2_s187_W2_cf_state,DiagReachK2,187,W2,cf_state,1,960,selection,12,8.09369512341897,8.09369512341897,0.0,0.75,0.0,"[3.987391173839569, 4.281042317549388]","[0.0, 0.0]","[0.0, 0.0]",0.0
development_DiagReachK2_s187_W2_cf_state,DiagReachK2,187,W2,cf_state,1,960,acceptance,8,8.807659617532043,8.807659617532043,0.0,1.0,0.0,"[5.433446168899536, 4.9349952936172485]","[0.0, 0.0]","[0.0, 0.0]",0.0
development_DiagReachK2_s187_W2_cf_state,DiagReachK2,187,W2,cf_state,2,1440,exploration,20,6.06459213559283,4.73385036502732,1.3307417705655098,0.4,0.2,"[3.6369311556220056, 3.5913565933704374]","[0.1, 0.2]","[0.03398882548014324, 0.05926931699117024]",11.190977096557617
development_DiagReachK2_s187_W2_cf_state,DiagReachK2,187,W2,cf_state,2,1440,selection,12,8.44280747160471,8.44280747160471,0.0,1.0,0.0,"[5.3681819041570025, 3.7959017157554626]","[0.0, 0.0]","[0.0, 0.0]",0.0
development_DiagReachK2_s187_W2_cf_state,DiagReachK2,187,W2,cf_state,2,1440,acceptance,8,8.758135546697304,8.758135546697304,0.0,1.0,0.0,"[5.414220452308655, 4.880082726478577]","[0.0, 0.0]","[0.0, 0.0]",0.0
development_DiagReachK2_s187_W2_cf_state,DiagReachK2,187,W2,cf_state,3,1920,exploration,20,6.171708847941045,4.6680395413051885,1.5036693066358566,0.15,0.2,"[3.8772544384002687, 3.70187309384346]","[0.1, 0.15]","[0.025787540276845287, 0.06369783083597819]",10.738244533538818
development_DiagReachK2_s187_W2_cf_state,DiagReachK2,187,W2,cf_state,3,1920,selection,12,8.576376651708658,8.406778415028628,0.16959823668003082,0.6666666666666666,0.3333333333333333,"[5.780072212219238, 4.497739493846893]","[0.3333333333333333, 0.0]","[0.03370844655566746, 0.0]",2.4270081520080566
development_DiagReachK2_s187_W2_cf_state,DiagReachK2,187,W2,cf_state,3,1920,acceptance,8,8.73613082061056,8.73613082061056,0.0,1.0,0.0,"[5.503567457199097, 5.000123023986816]","[0.0, 0.0]","[0.0, 0.0]",0.0
development_DiagReachK2_s187_W2_cf_state,DiagReachK2,187,W2,cf_state,4,2400,exploration,20,6.594114282066002,5.000566297108307,1.593547984957695,0.15,0.45,"[4.6676069214940075, 4.010733754932881]","[0.45, 0.1]","[0.08913496335347494, 0.032671161492665614]",14.616734981536865
development_DiagReachK2_s187_W2_cf_state,DiagReachK2,187,W2,cf_state,4,2400,selection,12,8.757929802817912,8.757929802817912,0.0,1.0,0.0,"[5.050443768501282, 4.4280803600947065]","[0.0, 0.0]","[0.0, 0.0]",0.0
development_DiagReachK2_s187_W2_cf_state,DiagReachK2,187,W2,cf_state,4,2400,acceptance,8,8.76810772792669,8.76810772792669,0.0,1.0,0.0,"[5.560417413711548, 4.496710956096649]","[0.0, 0.0]","[0.0, 0.0]",0.0
development_DiagReachK2_s187_W2_cf_state,DiagReachK2,187,W2,cf_state,5,2880,exploration,20,6.447968538540882,6.338163178104442,0.10980536043643951,0.45,0.1,"[4.038853716850281, 3.0489979311823845]","[0.1, 0.0]","[0.014447689056396484, 0.0]",1.7337226867675781
development_DiagReachK2_s187_W2_cf_state,DiagReachK2,187,W2,cf_state,5,2880,selection,12,9.017718279462619,8.99546741853313,0.022250860929489136,0.5833333333333334,0.4166666666666667,"[5.714710831642151, 5.002873460451762]","[0.16666666666666666, 0.25]","[0.0010611613591512044, 0.0033890075153774624]",0.32041215896606445
development_DiagReachK2_s187_W2_cf_state,DiagReachK2,187,W2,cf_state,5,2880,acceptance,8,8.837726002978162,8.837726002978162,0.0,1.0,0.0,"[5.672155380249023, 4.196188449859619]","[0.0, 0.0]","[0.0, 0.0]",0.0
development_DiagReachK2_s187_W2_cf_state,DiagReachK2,187,W2,cf_state,6,3360,exploration,20,5.98243637585314,4.890690745946485,1.0917456299066544,0.2,0.4,"[4.8860421776771545, 2.928953656554222]","[0.4, 0.1]","[0.0913429339726766, 0.010361905892690027]",12.204580783843994
development_DiagReachK2_s187_W2_cf_state,DiagReachK2,187,W2,cf_state,6,3360,selection,12,8.750943877745884,8.723838566193201,0.027105311552683514,0.6666666666666666,0.3333333333333333,"[5.47840674718221, 4.769054452578227]","[0.25, 0.08333333333333333]","[0.00506506363550822, 0.0003559986750284831]",0.3903164863586426
development_DiagReachK2_s187_W2_cf_state,DiagReachK2,187,W2,cf_state,6,3360,acceptance,8,8.813869314664043,8.813869314664043,0.0,1.0,0.0,"[5.6438000202178955, 4.212505578994751]","[0.0, 0.0]","[0.0, 0.0]",0.0
development_DiagReachK2_s187_W2_cf_state,DiagReachK2,187,W2,cf_state,7,3840,exploration,20,5.593152228901163,4.438679445693269,1.1544727832078934,0.2,0.3,"[4.360437822341919, 2.0732506677508353]","[0.25, 0.05]","[0.050820751984914134, 0.035006872812906896]",10.299314975738525
development_DiagReachK2_s187_W2_cf_state,DiagReachK2,187,W2,cf_state,7,3840,selection,12,8.718193651169228,8.718193651169228,0.0,1.0,0.0,"[5.677137653032939, 3.921823342641195]","[0.0, 0.0]","[0.0, 0.0]",0.0
development_DiagReachK2_s187_W2_cf_state,DiagReachK2,187,W2,cf_state,7,3840,acceptance,8,8.85641170144081,8.85641170144081,0.0,1.0,0.0,"[5.6727893352508545, 4.181352525949478]","[0.0, 0.0]","[0.0, 0.0]",0.0
development_DiagReachK2_s187_W2_cf_state,DiagReachK2,187,W2,cf_state,8,4320,exploration,20,6.5791729153203775,4.219252100687008,2.3599208146333694,0.25,0.45,"[5.615404611825943, 3.176861274242401]","[0.45, 0.05]","[0.17810567220052084, 0.001515674591064453]",21.554561614990234
development_DiagReachK2_s187_W2_cf_state,DiagReachK2,187,W2,cf_state,8,4320,selection,12,8.624131187261279,8.624131187261279,0.0,1.0,0.0,"[4.923645913600922, 4.286800821622212]","[0.0, 0.0]","[0.0, 0.0]",0.0
development_DiagReachK2_s187_W2_cf_state,DiagReachK2,187,W2,cf_state,8,4320,acceptance,8,8.941103282291444,8.941103282291444,0.0,1.0,0.0,"[5.613890886306763, 4.231253147125244]","[0.0, 0.0]","[0.0, 0.0]",0.0
development_DiagReachK2_s187_W2_cf_state,DiagReachK2,187,W2,cf_state,9,4800,exploration,20,6.250411020987668,5.401504146330991,0.8489068746566772,0.15,0.35,"[4.703510820865631, 2.98217326104641]","[0.3, 0.05]","[0.06875832875569662, 0.01097374359766642]",9.567848682403564
development_DiagReachK2_s187_W2_cf_state,DiagReachK2,187,W2,cf_state,9,4800,selection,12,9.134722550713922,8.863903979464277,0.270818571249644,0.6666666666666666,0.3333333333333333,"[5.907935420672099, 5.034515817960103]","[0.3333333333333333, 0.3333333333333333]","[0.03573853439754909, 0.011335154374440493]",3.389305591583252
development_DiagReachK2_s187_W2_cf_state,DiagReachK2,187,W2,cf_state,9,4800,acceptance,8,8.918599543673917,8.918599543673917,0.0,1.0,0.0,"[5.440826833248138, 4.382535636425018]","[0.0, 0.0]","[0.0, 0.0]",0.0
development_DiagReachK2_s187_W2_cf_state,DiagReachK2,187,W2,cf_state,10,5280,exploration,20,6.7854170873167465,4.820823118031258,1.9645939692854881,0.25,0.35,"[4.432197624444962, 4.1212290823459625]","[0.15, 0.25]","[0.056692151228586826, 0.05415259599685669]",13.301369667053223
development_DiagReachK2_s187_W2_cf_state,DiagReachK2,187,W2,cf_state,10,5280,selection,12,8.598054465402372,8.598054465402372,0.0,1.0,0.0,"[4.413760264714559, 4.47402286529541]","[0.0, 0.0]","[0.0, 0.0]",0.0
development_DiagReachK2_s187_W2_cf_state,DiagReachK2,187,W2,cf_state,10,5280,acceptance,8,9.058913270418998,9.058913270418998,0.0,1.0,0.0,"[5.369311571121216, 4.767191410064697]","[0.0, 0.0]","[0.0, 0.0]",0.0
development_DiagReachK2_s187_W2_cf_state,DiagReachK2,187,W2,cf_state,11,5760,exploration,20,6.565538202840834,5.075724264103918,1.4898139387369156,0.05,0.5,"[5.063455939292908, 3.446633034944534]","[0.4, 0.15]","[0.11343570550282797, 0.013108138243357348]",15.185261249542236
development_DiagReachK2_s187_W2_cf_state,DiagReachK2,187,W2,cf_state,11,5760,selection,12,8.841754925202501,8.841754925202501,0.0,1.0,0.0,"[4.6192944049835205, 4.91571577390035]","[0.0, 0.0]","[0.0, 0.0]",0.0
development_DiagReachK2_s187_W2_cf_state,DiagReachK2,187,W2,cf_state,11,5760,acceptance,8,9.009319811849856,9.009319811849856,0.0,1.0,0.0,"[5.376197099685669, 4.542951703071594]","[0.0, 0.0]","[0.0, 0.0]",0.0
development_DiagReachK2_s187_W2_cf_state,DiagReachK2,187,W2,cf_state,12,6240,exploration,20,7.454675557625305,4.282731662106526,3.1719438955187798,0.25,0.6,"[5.63829203248024, 4.882053327560425]","[0.45, 0.2]","[0.11887361208597817, 0.05857277711232504]",21.293566703796387
development_DiagReachK2_s187_W2_cf_state,DiagReachK2,187,W2,cf_state,12,6240,selection,12,8.520810494067458,8.520810494067458,0.0,1.0,0.0,"[4.550816893577576, 4.194859087467194]","[0.0, 0.0]","[0.0, 0.0]",0.0
development_DiagReachK2_s187_W2_cf_state,DiagReachK2,187,W2,cf_state,12,6240,acceptance,8,9.02311924957903,9.02311924957903,0.0,1.0,0.0,"[5.397717595100403, 4.644026041030884]","[0.0, 0.0]","[0.0, 0.0]",0.0
development_DiagReachK2_s187_W2_cf_state,DiagReachK2,187,W2,cf_state,13,6720,exploration,20,6.488196096390311,5.405864871114318,1.0823312252759933,0.2,0.35,"[4.704913082718849, 3.8224237516522406]","[0.25, 0.15]","[0.07207717498143515, 0.029421234130859376]",12.179809093475342
development_DiagReachK2_s187_W2_cf_state,DiagReachK2,187,W2,cf_state,13,6720,selection,12,8.855767056642495,8.855767056642495,0.0,1.0,0.0,"[4.938787380854289, 4.560907403628032]","[0.0, 0.0]","[0.0, 0.0]",0.0
development_DiagReachK2_s187_W2_cf_state,DiagReachK2,187,W2,cf_state,13,6720,acceptance,8,9.051580776143236,9.051580776143236,0.0,1.0,0.0,"[5.177522003650665, 4.685270011425018]","[0.0, 0.0]","[0.0, 0.0]",0.0
development_DiagReachK2_s187_W2_cf_state,DiagReachK2,187,W2,cf_state,14,7200,exploration,20,6.699420264310902,5.399881085701054,1.299539178609848,0.15,0.45,"[4.415280735492706, 4.535894797742367]","[0.15, 0.3]","[0.02320324182510376, 0.08395842711130777]",12.859400272369385
development_DiagReachK2_s187_W2_cf_state,DiagReachK2,187,W2,cf_state,14,7200,selection,12,9.095161389049219,9.095161389049219,0.0,1.0,0.0,"[5.3719115654627485, 4.7295031150182085]","[0.0, 0.0]","[0.0, 0.0]",0.0
development_DiagReachK2_s187_W2_cf_state,DiagReachK2,187,W2,cf_state,14,7200,acceptance,8,9.134497381941763,9.134497381941763,0.0,1.0,0.0,"[5.431382715702057, 4.749512135982513]","[0.0, 0.0]","[0.0, 0.0]",0.0
development_DiagReachK2_s187_W2_cf_state,DiagReachK2,187,W2,cf_state,15,7680,exploration,20,6.818034553634351,6.161143297063536,0.656891256570816,0.15,0.4,"[4.439613544940949, 3.563649570941925]","[0.3, 0.1]","[0.047997188568115245, 0.016482738653818774]",7.73759126663208
development_DiagReachK2_s187_W2_cf_state,DiagReachK2,187,W2,cf_state,15,7680,selection,12,9.255647429947263,9.255647429947263,0.0,1.0,0.0,"[5.756773789723714, 5.1137867371241255]","[0.0, 0.0]","[0.0, 0.0]",0.0
development_DiagReachK2_s187_W2_cf_state,DiagReachK2,187,W2,cf_state,15,7680,acceptance,8,9.314546662400243,9.302152174542424,0.012394487857818604,0.75,0.25,"[5.866115212440491, 5.358928024768829]","[0.125, 0.25]","[0.001180450121561677, 0.0012984474500020438]",0.1189870834350586
development_DiagReachK2_s187_W2_cf_state,DiagReachK2,187,W2,cf_state,16,8160,exploration,20,7.534712842993031,5.413482389740238,2.1212304532527924,0.4,0.45,"[5.268868339061737, 4.874117529392242]","[0.3, 0.25]","[0.07521403630574544, 0.07965649763743084]",18.584464073181152
development_DiagReachK2_s187_W2_cf_state,DiagReachK2,187,W2,cf_state,16,8160,selection,12,8.63994913965083,8.63994913965083,0.0,1.0,0.0,"[5.051854610443115, 4.070268332958221]","[0.0, 0.0]","[0.0, 0.0]",0.0
development_DiagReachK2_s187_W2_cf_state,DiagReachK2,187,W2,cf_state,16,8160,acceptance,8,9.159481228055665,9.145463109674164,0.014018118381500244,0.75,0.25,"[5.817799091339111, 4.708987355232239]","[0.25, 0.0]","[0.002803623676300049, 0.0]",0.13457393646240234
development_DiagReachK2_s187_W2_cf_state,DiagReachK2,187,W2,cf_state,17,8640,exploration,20,7.349974247121717,6.492103608751203,0.8578706383705139,0.25,0.5,"[4.639110517501831, 4.9463039427995685]","[0.15, 0.35]","[0.018253183364868163, 0.05474729140599569]",8.760056972503662
development_DiagReachK2_s187_W2_cf_state,DiagReachK2,187,W2,cf_state,17,8640,selection,12,8.884803511258603,8.756531509316604,0.1282720019419988,0.6666666666666666,0.3333333333333333,"[5.97226897875468, 4.211278140544891]","[0.3333333333333333, 0.0]","[0.025494515895843506, 0.0]",1.8356051445007324
development_DiagReachK2_s187_W2_cf_state,DiagReachK2,187,W2,cf_state,17,8640,acceptance,8,9.142827619140736,9.142827619140736,0.0,1.0,0.0,"[5.887468934059143, 4.820443749427795]","[0.0, 0.0]","[0.0, 0.0]",0.0
development_DiagReachK2_s187_W2_cf_state,DiagReachK2,187,W2,cf_state,18,9120,exploration,20,6.9464148909191135,5.809720385108376,1.1366945058107376,0.25,0.45,"[4.858838373422623, 4.066933763027191]","[0.3, 0.25]","[0.04965305725733439, 0.04429978926976522]",11.274341583251953
development_DiagReachK2_s187_W2_cf_state,DiagReachK2,187,W2,cf_state,18,9120,selection,12,8.848132612433195,8.841605804489216,0.006526807943979899,0.9166666666666666,0.08333333333333333,"[5.338527162869771, 4.433651069800059]","[0.08333333333333333, 0.0]","[0.0013053615887959797, 0.0]",0.09398603439331055
development_DiagReachK2_s187_W2_cf_state,DiagReachK2,187,W2,cf_state,18,9120,acceptance,8,9.03466529816651,9.03466529816651,0.0,1.0,0.0,"[5.520268797874451, 4.643965184688568]","[0.0, 0.0]","[0.0, 0.0]",0.0
development_DiagReachK2_s187_W2_cf_state,DiagReachK2,187,W2,cf_state,19,9600,exploration,20,7.366228479619603,5.226699489827733,2.13952898979187,0.2,0.55,"[5.539807987213135, 4.493995082378388]","[0.45, 0.25]","[0.1292033910751343, 0.021140782038370765]",18.041300773620605
development_DiagReachK2_s187_W2_cf_state,DiagReachK2,187,W2,cf_state,19,9600,selection,12,8.787610690988005,8.78708160042455,0.0005290905634562174,0.9166666666666666,0.08333333333333333,"[4.928067843119304, 4.72395106156667]","[0.08333333333333333, 0.0]","[0.00010581811269124349, 0.0]",0.007618904113769531
development_DiagReachK2_s187_W2_cf_state,DiagReachK2,187,W2,cf_state,19,9600,acceptance,8,9.086365155028396,9.086365155028396,0.0,1.0,0.0,"[5.48798680305481, 4.772222340106964]","[0.0, 0.0]","[0.0, 0.0]",0.0
development_DiagReachK2_s187_W2_cf_state,DiagReachK2,187,W2,cf_state,20,10080,exploration,20,6.9294102097113495,6.090032568033494,0.8393776416778564,0.25,0.4,"[5.374916732311249, 3.2962392017245294]","[0.4, 0.0]","[0.07512608369191487, 0.0]",9.015130043029785
development_DiagReachK2_s187_W2_cf_state,DiagReachK2,187,W2,cf_state,20,10080,selection,12,9.266815433468823,9.240320821172402,0.02649461229642232,0.8333333333333334,0.16666666666666666,"[5.35536003112793, 5.457900603612264]","[0.0, 0.16666666666666666]","[0.0, 0.0047173698743184405]",0.33965063095092773
development_DiagReachK2_s187_W2_cf_state,DiagReachK2,187,W2,cf_state,20,10080,acceptance,8,9.166375135423731,9.166375135423731,0.0,1.0,0.0,"[5.535482347011566, 5.120065450668335]","[0.0, 0.0]","[0.0, 0.0]",0.0
development_DiagReachK2_s187_W2_cf_state,DiagReachK2,187,W2,cf_state,21,10560,exploration,20,7.101200991793303,5.033277863188413,2.067923128604889,0.15,0.5,"[4.900820709764957, 4.435947538912297]","[0.3, 0.35]","[0.08631105820337931, 0.07996089458465576]",19.95263433456421
development_DiagReachK2_s187_W2_cf_state,DiagReachK2,187,W2,cf_state,21,10560,selection,12,8.934601322880855,8.934601322880855,0.0,1.0,0.0,"[4.7215582728385925, 5.326733072598775]","[0.0, 0.0]","[0.0, 0.0]",0.0
development_DiagReachK2_s187_W2_cf_state,DiagReachK2,187,W2,cf_state,21,10560,acceptance,8,9.239530570432542,9.239530570432542,0.0,1.0,0.0,"[5.174354314804077, 5.485304594039917]","[0.0, 0.0]","[0.0, 0.0]",0.0
development_DiagReachK2_s187_W2_cf_state,DiagReachK2,187,W2,cf_state,22,11040,exploration,20,7.13764863967197,5.997132328741719,1.140516310930252,0.3,0.45,"[4.62547088265419, 4.516111183166504]","[0.3, 0.25]","[0.06214812199274701, 0.02676957448323567]",10.67012357711792
development_DiagReachK2_s187_W2_cf_state,DiagReachK2,187,W2,cf_state,22,11040,selection,12,8.957257482653949,8.957257482653949,0.0,1.0,0.0,"[4.806079904238383, 5.189186692237854]","[0.0, 0.0]","[0.0, 0.0]",0.0
development_DiagReachK2_s187_W2_cf_state,DiagReachK2,187,W2,cf_state,22,11040,acceptance,8,9.225256116036324,9.225256116036324,0.0,1.0,0.0,"[5.177112102508545, 5.436081409454346]","[0.0, 0.0]","[0.0, 0.0]",0.0
development_DiagReachK2_s187_W2_cf_state,DiagReachK2,187,W2,cf_state,23,11520,exploration,20,7.787826844574883,6.425503381611779,1.3623234629631042,0.25,0.5,"[5.161971515417099, 5.033499658107758]","[0.35, 0.2]","[0.045091863473256444, 0.06112947861353556]",12.746561050415039
development_DiagReachK2_s187_W2_cf_state,DiagReachK2,187,W2,cf_state,23,11520,selection,12,9.093327345828099,9.093327345828099,0.0,1.0,0.0,"[5.54200021425883, 4.669691860675812]","[0.0, 0.0]","[0.0, 0.0]",0.0
development_DiagReachK2_s187_W2_cf_state,DiagReachK2,187,W2,cf_state,23,11520,acceptance,8,9.236114386250847,9.236114386250847,0.0,1.0,0.0,"[5.2673457860946655, 5.205608546733856]","[0.0, 0.0]","[0.0, 0.0]",0.0
development_DiagReachK2_s187_W2_cf_state,DiagReachK2,187,W2,cf_state,24,12000,exploration,20,7.41515276593389,6.404979281250853,1.0101734846830368,0.35,0.3,"[4.6409606575965885, 4.774689960479736]","[0.25, 0.1]","[0.040579450130462644, 0.03310378392537435]",8.84198808670044
development_DiagReachK2_s187_W2_cf_state,DiagReachK2,187,W2,cf_state,24,12000,selection,12,9.129567811796248,9.129567811796248,0.0,1.0,0.0,"[5.7845325867335005, 4.676273584365845]","[0.0, 0.0]","[0.0, 0.0]",0.0
development_DiagReachK2_s187_W2_cf_state,DiagReachK2,187,W2,cf_state,24,12000,acceptance,8,9.262686110945651,9.262686110945651,0.0,1.0,0.0,"[5.5998839139938354, 5.0372233390808105]","[0.0, 0.0]","[0.0, 0.0]",0.0
development_DiagReachK2_s187_W2_time_loo,DiagReachK2,187,W2,time_loo,0,480,exploration,20,6.424785625101068,4.265839304686525,2.158946320414543,0.2,0.4,"[4.442942391335964, 3.6377375394105913]","[0.2, 0.2]","[0.09764036337534586, 0.03919123013814291]",16.419791221618652
development_DiagReachK2_s187_W2_time_loo,DiagReachK2,187,W2,time_loo,0,480,selection,12,8.688817188388203,8.686452771471037,0.0023644169171651206,0.9166666666666666,0.08333333333333333,"[5.222117106119792, 4.7274729410807295]","[0.0, 0.08333333333333333]","[0.0, 0.0004728833834330241]",0.034047603607177734
development_DiagReachK2_s187_W2_time_loo,DiagReachK2,187,W2,time_loo,0,480,acceptance,8,8.527310009743088,8.527310009743088,0.0,1.0,0.0,"[5.57823634147644, 4.221619129180908]","[0.0, 0.0]","[0.0, 0.0]",0.0
development_DiagReachK2_s187_W2_time_loo,DiagReachK2,187,W2,time_loo,1,960,exploration,20,6.317209709535819,3.1650437899935056,3.1521659195423126,0.15,0.55,"[4.43487134128809, 4.425499394536018]","[0.35, 0.3]","[0.16576640208562216, 0.06015518506368002]",27.11059045791626
development_DiagReachK2_s187_W2_time_loo,DiagReachK2,187,W2,time_loo,1,960,selection,12,7.953319477390809,7.953319477390809,0.0,0.6666666666666666,0.0,"[3.975682516892751, 4.099132736523946]","[0.0, 0.0]","[0.0, 0.0]",0.0
development_DiagReachK2_s187_W2_time_loo,DiagReachK2,187,W2,time_loo,1,960,acceptance,8,8.600977857131511,8.600977857131511,0.0,1.0,0.0,"[5.454381585121155, 4.26933753490448]","[0.0, 0.0]","[0.0, 0.0]",0.0
development_DiagReachK2_s187_W2_time_loo,DiagReachK2,187,W2,time_loo,2,1440,exploration,20,5.9017033016495395,4.623467799108474,1.2782355025410652,0.4,0.2,"[3.631485065817833, 3.408883085846901]","[0.1, 0.15]","[0.03723158836364746, 0.050667405128479004]",10.547879219055176
development_DiagReachK2_s187_W2_time_loo,DiagReachK2,187,W2,time_loo,2,1440,selection,12,8.217141455885333,8.209884540713391,0.007256915171941121,0.9166666666666666,0.08333333333333333,"[5.709380189577739, 3.2870748043060303]","[0.08333333333333333, 0.0]","[0.0014513863457573846, 0.0]",0.10449981689453125
development_DiagReachK2_s187_W2_time_loo,DiagReachK2,187,W2,time_loo,2,1440,acceptance,8,8.570180071657525,8.570180071657525,0.0,1.0,0.0,"[5.450414180755615, 4.215962171554565]","[0.0, 0.0]","[0.0, 0.0]",0.0
development_DiagReachK2_s187_W2_time_loo,DiagReachK2,187,W2,time_loo,3,1920,exploration,20,5.999298137034639,4.582100060190424,1.4171980768442154,0.05,0.2,"[3.904589319229126, 3.5034965887665748]","[0.1, 0.15]","[0.02665252288182577, 0.05766008694966633]",10.117513179779053
development_DiagReachK2_s187_W2_time_loo,DiagReachK2,187,W2,time_loo,3,1920,selection,12,8.37621567787137,8.103318121447229,0.27289755642414093,0.4166666666666667,0.5833333333333334,"[6.117702047030131, 3.938801030317942]","[0.5833333333333334, 0.0]","[0.04999509122636584, 0.0]",3.59964656829834
development_DiagReachK2_s187_W2_time_loo,DiagReachK2,187,W2,time_loo,3,1920,acceptance,8,8.543914220342412,8.543914220342412,0.0,1.0,0.0,"[5.5321044921875, 4.33285129070282]","[0.0, 0.0]","[0.0, 0.0]",0.0
development_DiagReachK2_s187_W2_time_loo,DiagReachK2,187,W2,time_loo,4,2400,exploration,20,6.488054705543908,4.761112315340432,1.726942390203476,0.05,0.45,"[4.699217088520527, 3.742467279732227]","[0.45, 0.1]","[0.10596095323562622, 0.02640671730041504]",15.884120464324951
development_DiagReachK2_s187_W2_time_loo,DiagReachK2,187,W2,time_loo,4,2400,selection,12,8.545807065174449,8.545807065174449,0.0,1.0,0.0,"[5.0482728481292725, 4.002498944600423]","[0.0, 0.0]","[0.0, 0.0]",0.0
development_DiagReachK2_s187_W2_time_loo,DiagReachK2,187,W2,time_loo,4,2400,acceptance,8,8.539108586107613,8.539108586107613,0.0,1.0,0.0,"[5.183048069477081, 4.111854672431946]","[0.0, 0.0]","[0.0, 0.0]",0.0
development_DiagReachK2_s187_W2_time_loo,DiagReachK2,187,W2,time_loo,5,2880,exploration,20,6.238529361244291,6.191389776226133,0.04713958501815796,0.45,0.05,"[3.550934372842312, 3.050786297023296]","[0.05, 0.0]","[0.006883434454600013, 0.0]",0.826012134552002
development_DiagReachK2_s187_W2_time_loo,DiagReachK2,187,W2,time_loo,5,2880,selection,12,8.784477232800173,8.784477232800173,0.0,1.0,0.0,"[5.176521420478821, 4.590618431568146]","[0.0, 0.0]","[0.0, 0.0]",0.0
development_DiagReachK2_s187_W2_time_loo,DiagReachK2,187,W2,time_loo,5,2880,acceptance,8,8.839690718764906,8.839690718764906,0.0,1.0,0.0,"[5.029698312282562, 4.634598761796951]","[0.0, 0.0]","[0.0, 0.0]",0.0
development_DiagReachK2_s187_W2_time_loo,DiagReachK2,187,W2,time_loo,6,3360,exploration,20,6.372093864583876,4.450263061427977,1.921830803155899,0.1,0.35,"[3.5150411486625672, 4.360586324334145]","[0.05, 0.3]","[0.045247062047322595, 0.08570950826009113]",15.714788436889648
development_DiagReachK2_s187_W2_time_loo,DiagReachK2,187,W2,time_loo,6,3360,selection,12,8.812706778148033,8.800762901404717,0.01194387674331665,0.8333333333333334,0.16666666666666666,"[4.371123393376668, 5.515705823898315]","[0.0, 0.16666666666666666]","[0.0, 0.00238877534866333]",0.17199182510375977
development_DiagReachK2_s187_W2_time_loo,DiagReachK2,187,W2,time_loo,6,3360,acceptance,8,9.067318853107281,9.067318853107281,0.0,1.0,0.0,"[5.182059049606323, 5.165633678436279]","[0.0, 0.0]","[0.0, 0.0]",0.0
development_DiagReachK2_s187_W2_time_loo,DiagReachK2,187,W2,time_loo,7,3840,exploration,20,7.23116250480758,4.9473449155245905,2.2838175892829895,0.2,0.45,"[5.498039782047272, 4.101281094551086]","[0.4, 0.15]","[0.11715654929478965, 0.03686476945877075]",18.482558250427246
development_DiagReachK2_s187_W2_time_loo,DiagReachK2,187,W2,time_loo,7,3840,selection,12,8.95843285182103,8.952377268264536,0.006055583556493123,0.9166666666666666,0.08333333333333333,"[4.590038736661275, 5.493139823277791]","[0.0, 0.08333333333333333]","[0.0, 0.0012111133999294643]",0.08720016479492188
development_DiagReachK2_s187_W2_time_loo,DiagReachK2,187,W2,time_loo,7,3840,acceptance,8,9.09652980347164,9.09652980347164,0.0,1.0,0.0,"[5.226935505867004, 5.158408045768738]","[0.0, 0.0]","[0.0, 0.0]",0.0
development_DiagReachK2_s187_W2_time_loo,DiagReachK2,187,W2,time_loo,8,4320,exploration,20,6.573139103571885,4.923426868836396,1.649712234735489,0.3,0.4,"[4.344500343501568, 3.9537356734275817]","[0.25, 0.2]","[0.07302266359329224, 0.033199310302734375]",12.746636867523193
development_DiagReachK2_s187_W2_time_loo,DiagReachK2,187,W2,time_loo,8,4320,selection,12,8.932154711522161,8.890581216849386,0.04157349467277527,0.6666666666666666,0.3333333333333333,"[4.6101869742075605, 5.364921132723491]","[0.0, 0.3333333333333333]","[0.0, 0.0079420804977417]",0.5718297958374023
development_DiagReachK2_s187_W2_time_loo,DiagReachK2,187,W2,time_loo,8,4320,acceptance,8,9.151639604126103,9.151639604126103,0.0,1.0,0.0,"[5.1597501039505005, 5.2274816036224365]","[0.0, 0.0]","[0.0, 0.0]",0.0
development_DiagReachK2_s187_W2_time_loo,DiagReachK2,187,W2,time_loo,9,4800,exploration,20,6.676829225204419,4.576912081621121,2.0999171435832977,0.05,0.65,"[4.510286951065064, 4.739949488639832]","[0.4, 0.25]","[0.11243906418482463, 0.0458634614944458]",18.99630308151245
development_DiagReachK2_s187_W2_time_loo,DiagReachK2,187,W2,time_loo,9,4800,selection,12,9.252760890403684,9.236321134646035,0.01643975575764974,0.6666666666666666,0.3333333333333333,"[5.279529531796773, 5.651700059572856]","[0.0, 0.3333333333333333]","[0.0, 0.0032879577742682686]",0.23673295974731445
development_DiagReachK2_s187_W2_time_loo,DiagReachK2,187,W2,time_loo,9,4800,acceptance,8,9.140015555161519,9.140015555161519,0.0,1.0,0.0,"[5.193621516227722, 5.404375493526459]","[0.0, 0.0]","[0.0, 0.0]",0.0
development_DiagReachK2_s187_W2_time_loo,DiagReachK2,187,W2,time_loo,10,5280,exploration,20,6.427317554750334,4.812579433121573,1.6147381216287613,0.15,0.35,"[3.407754807174206, 4.704717350006104]","[0.15, 0.35]","[0.053236039479573574, 0.044676574071248365]",11.749513626098633
development_DiagReachK2_s187_W2_time_loo,DiagReachK2,187,W2,time_loo,10,5280,selection,12,8.827963109900642,8.827963109900642,0.0,1.0,0.0,"[4.7336547176043196, 4.975890298684438]","[0.0, 0.0]","[0.0, 0.0]",0.0
development_DiagReachK2_s187_W2_time_loo,DiagReachK2,187,W2,time_loo,10,5280,acceptance,8,9.287992456019856,9.287992456019856,0.0,1.0,0.0,"[5.308315277099609, 5.7648574113845825]","[0.0, 0.0]","[0.0, 0.0]",0.0
development_DiagReachK2_s187_W2_time_loo,DiagReachK2,187,W2,time_loo,11,5760,exploration,20,6.604480208237656,5.13425356276799,1.4702266454696655,0.1,0.35,"[5.180362494289875, 3.4966845214366913]","[0.3, 0.05]","[0.0989291787147522, 0.009570578734079993]",13.019970893859863
development_DiagReachK2_s187_W2_time_loo,DiagReachK2,187,W2,time_loo,11,5760,selection,12,8.941448440698151,8.588542253322764,0.35290618737538654,0.5,0.5,"[4.7565771540006, 6.131319920221965]","[0.0, 0.5]","[0.0, 0.04210615158081055]",3.0316429138183594
development_DiagReachK2_s187_W2_time_loo,DiagReachK2,187,W2,time_loo,11,5760,acceptance,8,9.232544817798772,9.232544817798772,0.0,1.0,0.0,"[5.326704144477844, 5.5808820724487305]","[0.0, 0.0]","[0.0, 0.0]",0.0
development_DiagReachK2_s187_W2_time_loo,DiagReachK2,187,W2,time_loo,12,6240,exploration,20,7.20324145777151,4.809518104027957,2.393723353743553,0.2,0.4,"[4.88418465256691, 4.784171390533447]","[0.4, 0.15]","[0.14166692892710367, 0.04576717615127564]",22.492092609405518
development_DiagReachK2_s187_W2_time_loo,DiagReachK2,187,W2,time_loo,12,6240,selection,12,8.528075935047431,8.528075935047431,0.0,0.6666666666666666,0.0,"[4.123037566741307, 5.4904147783915205]","[0.0, 0.0]","[0.0, 0.0]",0.0
development_DiagReachK2_s187_W2_time_loo,DiagReachK2,187,W2,time_loo,12,6240,acceptance,8,9.252001948934048,9.252001948934048,0.0,1.0,0.0,"[5.3580838441848755, 5.6635884046554565]","[0.0, 0.0]","[0.0, 0.0]",0.0
development_DiagReachK2_s187_W2_time_loo,DiagReachK2,187,W2,time_loo,13,6720,exploration,20,7.022833114594687,5.787990218133199,1.2348428964614868,0.3,0.3,"[5.053777766227722, 3.673450601100922]","[0.25, 0.1]","[0.07753605445226033, 0.019227155049641932]",11.611585140228271
development_DiagReachK2_s187_W2_time_loo,DiagReachK2,187,W2,time_loo,13,6720,selection,12,8.877657860518745,8.877657860518745,0.0,1.0,0.0,"[4.501626451810201, 5.687776486078898]","[0.0, 0.0]","[0.0, 0.0]",0.0
development_DiagReachK2_s187_W2_time_loo,DiagReachK2,187,W2,time_loo,13,6720,acceptance,8,9.308938207873144,9.306900623091497,0.0020375847816467285,0.75,0.25,"[5.216243803501129, 5.800760269165039]","[0.0, 0.25]","[0.0, 0.0004075169563293457]",0.019560813903808594
development_DiagReachK2_s187_W2_time_loo,DiagReachK2,187,W2,time_loo,14,7200,exploration,20,6.442313072073739,5.41787454931764,1.0244385227560997,0.2,0.25,"[3.3436707496643066, 4.057008361816406]","[0.2, 0.1]","[0.026351849238077808, 0.03492866357167562]",7.35366153717041
development_DiagReachK2_s187_W2_time_loo,DiagReachK2,187,W2,time_loo,14,7200,selection,12,9.077686840695485,9.077686840695485,0.0,1.0,0.0,"[5.330096522967021, 5.263665636380513]","[0.0, 0.0]","[0.0, 0.0]",0.0
development_DiagReachK2_s187_W2_time_loo,DiagReachK2,187,W2,time_loo,14,7200,acceptance,8,9.29693540658336,9.29693540658336,0.0,1.0,0.0,"[5.289740800857544, 5.670037388801575]","[0.0, 0.0]","[0.0, 0.0]",0.0
development_DiagReachK2_s187_W2_time_loo,DiagReachK2,187,W2,time_loo,15,7680,exploration,20,6.458933048993349,5.8182535107433795,0.6406795382499695,0.25,0.35,"[3.941225904226303, 3.760253536701202]","[0.3, 0.1]","[0.04841553767522176, 0.01984523137410481]",8.19129228591919
development_DiagReachK2_s187_W2_time_loo,DiagReachK2,187,W2,time_loo,15,7680,selection,12,9.401819608670968,8.937511992516615,0.46430761615435284,0.3333333333333333,0.6666666666666666,"[5.831805785497029, 6.008512298266093]","[0.3333333333333333, 0.5]","[0.044112225373586, 0.022218823432922346]",4.7758355140686035
development_DiagReachK2_s187_W2_time_loo,DiagReachK2,187,W2,time_loo,15,7680,acceptance,8,9.22982218079269,9.22982218079269,0.0,1.0,0.0,"[5.417976498603821, 5.728932023048401]","[0.0, 0.0]","[0.0, 0.0]",0.0
development_DiagReachK2_s187_W2_time_loo,DiagReachK2,187,W2,time_loo,16,8160,exploration,20,7.317850036849268,5.0247860386269165,2.293063998222351,0.2,0.4,"[4.696009624004364, 5.151821488142014]","[0.2, 0.3]","[0.07203516960144044, 0.08922894398371378]",19.351693630218506
development_DiagReachK2_s187_W2_time_loo,DiagReachK2,187,W2,time_loo,16,8160,selection,12,8.665650860245782,8.665650860245782,0.0,1.0,0.0,"[4.928112943967183, 4.593631029129028]","[0.0, 0.0]","[0.0, 0.0]",0.0
development_DiagReachK2_s187_W2_time_loo,DiagReachK2,187,W2,time_loo,16,8160,acceptance,8,9.252165547874757,9.252165547874757,0.0,1.0,0.0,"[5.398126840591431, 5.607078433036804]","[0.0, 0.0]","[0.0, 0.0]",0.0
development_DiagReachK2_s187_W2_time_loo,DiagReachK2,187,W2,time_loo,17,8640,exploration,20,7.012660373336113,6.2231015901625515,0.7895587831735611,0.2,0.45,"[3.8712253630161286, 5.060940569639206]","[0.1, 0.35]","[0.01232853730519613, 0.05425149599711101]",7.9896039962768555
development_DiagReachK2_s187_W2_time_loo,DiagReachK2,187,W2,time_loo,17,8640,selection,12,9.213054254600623,9.202594732194363,0.010459522406260172,0.8333333333333334,0.16666666666666666,"[5.543884833653768, 5.329317728678386]","[0.16666666666666666, 0.0]","[0.0020919044812520346, 0.0]",0.15061712265014648
development_DiagReachK2_s187_W2_time_loo,DiagReachK2,187,W2,time_loo,17,8640,acceptance,8,9.34300992405042,9.34300992405042,0.0,1.0,0.0,"[5.506849706172943, 5.760860323905945]","[0.0, 0.0]","[0.0, 0.0]",0.0
development_DiagReachK2_s187_W2_time_loo,DiagReachK2,187,W2,time_loo,18,9120,exploration,20,6.813595709879882,5.295956490118988,1.5176392197608948,0.25,0.4,"[4.427413095533848, 4.473733067512512]","[0.3, 0.25]","[0.06413296461105347, 0.052071170012156165]",13.944496154785156
development_DiagReachK2_s187_W2_time_loo,DiagReachK2,187,W2,time_loo,18,9120,selection,12,8.891224280157621,8.891224280157621,0.0,1.0,0.0,"[5.06199590365092, 5.298198978106181]","[0.0, 0.0]","[0.0, 0.0]",0.0
development_DiagReachK2_s187_W2_time_loo,DiagReachK2,187,W2,time_loo,18,9120,acceptance,8,9.358059478871292,9.358059478871292,0.0,1.0,0.0,"[5.339103698730469, 5.732657313346863]","[0.0, 0.0]","[0.0, 0.0]",0.0
development_DiagReachK2_s187_W2_time_loo,DiagReachK2,187,W2,time_loo,19,9600,exploration,20,7.108072989049833,4.768010534706991,2.340062454342842,0.15,0.45,"[5.131981062889099, 4.840522062778473]","[0.3, 0.3]","[0.13553733030954998, 0.02572040955225626]",19.350928783416748
development_DiagReachK2_s187_W2_time_loo,DiagReachK2,187,W2,time_loo,19,9600,selection,12,8.832876671454867,8.813492744268538,0.01938392718633016,0.75,0.25,"[4.645407239596049, 5.719563603401184]","[0.0, 0.25]","[0.0, 0.0038767788145277113]",0.2791280746459961
development_DiagReachK2_s187_W2_time_loo,DiagReachK2,187,W2,time_loo,19,9600,acceptance,8,9.420920946798287,9.420920946798287,0.0,1.0,0.0,"[5.594112753868103, 5.822670221328735]","[0.0, 0.0]","[0.0, 0.0]",0.0
development_DiagReachK2_s187_W2_time_loo,DiagReachK2,187,W2,time_loo,20,10080,exploration,20,7.21045790059492,5.502377161812037,1.7080807387828827,0.2,0.35,"[4.351585566997528, 4.889193457365036]","[0.2, 0.25]","[0.04231081008911133, 0.07055757840474446]",13.544206619262695
development_DiagReachK2_s187_W2_time_loo,DiagReachK2,187,W2,time_loo,20,10080,selection,12,8.969121043837125,8.969121043837125,0.0,1.0,0.0,"[4.9256255229314165, 5.208616733551025]","[0.0, 0.0]","[0.0, 0.0]",0.0
development_DiagReachK2_s187_W2_time_loo,DiagReachK2,187,W2,time_loo,20,10080,acceptance,8,9.35136345460778,9.35136345460778,0.0,1.0,0.0,"[5.468608140945435, 5.756211042404175]","[0.0, 0.0]","[0.0, 0.0]",0.0
development_DiagReachK2_s187_W2_time_loo,DiagReachK2,187,W2,time_loo,21,10560,exploration,20,6.8305346154491415,4.802043550543021,2.0284910649061203,0.25,0.5,"[4.102754467725754, 4.812911820411682]","[0.2, 0.3]","[0.07061763604482015, 0.06510568459828694]",16.28679847717285
development_DiagReachK2_s187_W2_time_loo,DiagReachK2,187,W2,time_loo,21,10560,selection,12,9.129671801772789,9.129671801772789,0.0,1.0,0.0,"[5.267656087875366, 5.4331910610198975]","[0.0, 0.0]","[0.0, 0.0]",0.0
development_DiagReachK2_s187_W2_time_loo,DiagReachK2,187,W2,time_loo,21,10560,acceptance,8,9.345165988395456,9.345165988395456,0.0,1.0,0.0,"[5.373627185821533, 5.7682390213012695]","[0.0, 0.0]","[0.0, 0.0]",0.0
development_DiagReachK2_s187_W2_time_loo,DiagReachK2,187,W2,time_loo,22,11040,exploration,20,6.708315174810123,5.938398893706035,0.7699162811040878,0.2,0.35,"[3.9131366282701494, 4.551952505111695]","[0.25, 0.3]","[0.04296216169993082, 0.04078346093495687]",10.049474716186523
development_DiagReachK2_s187_W2_time_loo,DiagReachK2,187,W2,time_loo,22,11040,selection,12,9.27780083429728,9.113494918862125,0.16430591543515524,0.6666666666666666,0.3333333333333333,"[5.724697947502136, 5.500782767931621]","[0.3333333333333333, 0.0]","[0.028410659896002888, 0.0]",2.045567512512207
development_DiagReachK2_s187_W2_time_loo,DiagReachK2,187,W2,time_loo,22,11040,acceptance,8,9.343560429289937,9.343560429289937,0.0,1.0,0.0,"[5.371991157531738, 5.724654197692871]","[0.0, 0.0]","[0.0, 0.0]",0.0
development_DiagReachK2_s187_W2_time_loo,DiagReachK2,187,W2,time_loo,23,11520,exploration,20,6.8970705954032026,5.320100316186435,1.5769702792167664,0.3,0.35,"[4.037539911270142, 4.680858829617501]","[0.2, 0.25]","[0.044346121946970615, 0.06289329926172892]",12.868730545043945
development_DiagReachK2_s187_W2_time_loo,DiagReachK2,187,W2,time_loo,23,11520,selection,12,8.929796439392279,8.929796439392279,0.0,1.0,0.0,"[5.248987913131714, 4.839198211828868]","[0.0, 0.0]","[0.0, 0.0]",0.0
development_DiagReachK2_s187_W2_time_loo,DiagReachK2,187,W2,time_loo,23,11520,acceptance,8,9.285940328496508,9.285940328496508,0.0,1.0,0.0,"[5.151585340499878, 5.712794780731201]","[0.0, 0.0]","[0.0, 0.0]",0.0
development_DiagReachK2_s187_W2_time_loo,DiagReachK2,187,W2,time_loo,24,12000,exploration,20,7.226609970824211,4.986688132779091,2.2399218380451202,0.3,0.6,"[4.360432040691376, 4.876000805199146]","[0.3, 0.35]","[0.08667636315027873, 0.06259467601776122]",17.912524700164795
development_DiagReachK2_s187_W2_time_loo,DiagReachK2,187,W2,time_loo,24,12000,selection,12,9.095490937578264,9.095490937578264,0.0,1.0,0.0,"[5.109450737635295, 5.390603979428609]","[0.0, 0.0]","[0.0, 0.0]",0.0
development_DiagReachK2_s187_W2_time_loo,DiagReachK2,187,W2,time_loo,24,12000,acceptance,8,9.382734979712405,9.382734979712405,0.0,1.0,0.0,"[5.439515829086304, 5.775575160980225]","[0.0, 0.0]","[0.0, 0.0]",0.0
development_DiagReachK3_s180_KL_cf_state,DiagReachK3,180,KL,cf_state,0,480,exploration,20,3.995492234220728,3.810164734115824,0.18532750010490417,0.05,0.15,"[1.2264814153313637, 2.8878522530198096, 2.897287717461586]","[0.0, 0.15, 0.05]","[0.0, 0.012627634635338414, 0.0034752922058105427]",2.510415554046631
development_DiagReachK3_s180_KL_cf_state,DiagReachK3,180,KL,cf_state,0,480,selection,12,4.102989477491549,4.102989477491549,0.0,0.0,0.0,"[0.6525323241949081, 1.3553888623913128, 1.436592568953832]","[0.0, 0.0, 0.0]","[0.0, 0.0, 0.0]",0.0
development_DiagReachK3_s180_KL_cf_state,DiagReachK3,180,KL,cf_state,0,480,acceptance,8,4.618351698959668,4.618351698959668,0.0,0.0,0.0,"[1.1238103359937668, 1.6619440354406834, 2.1447047516703606]","[0.0, 0.0, 0.0]","[0.0, 0.0, 0.0]",0.0
development_DiagReachK3_s180_KL_cf_state,DiagReachK3,180,KL,cf_state,1,960,exploration,20,5.4875330593861875,5.371879321006709,0.11565373837947845,0.2,0.1,"[2.3469162434339523, 3.2861917495727537, 4.390116551518441]","[0.05, 0.05, 0.0]","[0.0030140944889613607, 0.00467030085050143, 0.0]",1.0291123390197754
development_DiagReachK3_s180_KL_cf_state,DiagReachK3,180,KL,cf_state,1,960,selection,12,7.4054447689081515,7.4054447689081515,0.0,0.6666666666666666,0.0,"[3.5721307496229806, 3.263135393460592, 5.97530456384023]","[0.0, 0.0, 0.0]","[0.0, 0.0, 0.0]",0.0
development_DiagReachK3_s180_KL_cf_state,DiagReachK3,180,KL,cf_state,1,960,acceptance,8,7.464579817539925,7.464579817539925,0.0,0.5,0.0,"[3.9691671431064606, 3.3193438351154327, 6.40090474486351]","[0.0, 0.0, 0.0]","[0.0, 0.0, 0.0]",0.0
development_DiagReachK3_s180_KL_cf_state,DiagReachK3,180,KL,cf_state,2,1440,exploration,20,6.7665326383977655,6.101425283876013,0.6651073545217514,0.3,0.25,"[4.495903199911117, 3.8987576603889464, 7.250419855117798]","[0.15, 0.1, 0.1]","[0.029817737851824077, 0.016681282336895274, 0.00564870834350586]",7.755227088928223
development_DiagReachK3_s180_KL_cf_state,DiagReachK3,180,KL,cf_state,2,1440,selection,12,8.622388446334904,8.389830642942494,0.23255780339241028,0.5833333333333334,0.4166666666666667,"[6.774612744649251, 4.361097911993663, 10.155968825022379]","[0.4166666666666667, 0.0, 0.0]","[0.03879410312289283, 0.0, 0.0]",3.258704662322998
development_DiagReachK3_s180_KL_cf_state,DiagReachK3,180,KL,cf_state,2,1440,acceptance,8,8.431187321175821,8.431187321175821,0.0,1.0,0.0,"[5.5232226848602295, 4.116464853286743, 8.676129817962646]","[0.0, 0.0, 0.0]","[0.0, 0.0, 0.0]",0.0
development_DiagReachK3_s180_KL_cf_state,DiagReachK3,180,KL,cf_state,3,1920,exploration,20,6.550810984191484,5.227682373342104,1.3231286108493805,0.35,0.2,"[4.745136639475822, 3.234531059861183, 6.614967924356461]","[0.15, 0.1, 0.1]","[0.06440418107169014, 0.005942069567166841, 0.02511292266845703]",16.06728506088257
development_DiagReachK3_s180_KL_cf_state,DiagReachK3,180,KL,cf_state,3,1920,selection,12,8.434838568075792,8.434838568075792,0.0,1.0,0.0,"[5.240234176317851, 3.952099859714508, 8.259687463442484]","[0.0, 0.0, 0.0]","[0.0, 0.0, 0.0]",0.0
development_DiagReachK3_s180_KL_cf_state,DiagReachK3,180,KL,cf_state,3,1920,acceptance,8,8.404076304240153,8.404076304240153,0.0,1.0,0.0,"[5.311031818389893, 3.9842189848423004, 8.35424792766571]","[0.0, 0.0, 0.0]","[0.0, 0.0, 0.0]",0.0
development_DiagReachK3_s180_KL_cf_state,DiagReachK3,180,KL,cf_state,4,2400,exploration,20,6.184829435138964,5.675706765442156,0.5091226696968079,0.1,0.15,"[3.736410599946976, 3.939976641535759, 6.501992416381836]","[0.05, 0.1, 0.0]","[0.014503131593976704, 0.03385055982149565, 0.0]",6.431011199951172
development_DiagReachK3_s180_KL_cf_state,DiagReachK3,180,KL,cf_state,4,2400,selection,12,8.51141104863879,8.476792273588945,0.034618775049845375,0.75,0.25,"[5.968071262041728, 4.0843620498975115, 9.07009228070577]","[0.25, 0.0, 0.0]","[0.006923760686601906, 0.0, 0.0]",0.5815958976745605
development_DiagReachK3_s180_KL_cf_state,DiagReachK3,180,KL,cf_state,4,2400,acceptance,8,8.547944451600777,8.547944451600777,0.0,1.0,0.0,"[5.4077969789505005, 4.1699318289756775, 8.606569051742554]","[0.0, 0.0, 0.0]","[0.0, 0.0, 0.0]",0.0
development_DiagReachK3_s180_KL_cf_state,DiagReachK3,180,KL,cf_state,5,2880,exploration,20,6.950236963913777,6.142712327525951,0.807524636387825,0.4,0.35,"[4.839601850509643, 4.139766086637974, 7.882956930994988]","[0.2, 0.15, 0.1]","[0.029247859546116417, 0.03971584026630108, 0.0047418060302734325]",10.443211078643799
development_DiagReachK3_s180_KL_cf_state,DiagReachK3,180,KL,cf_state,5,2880,selection,12,8.773174665813954,8.773174665813954,0.0,1.0,0.0,"[6.289311250050862, 4.2405304710070295, 9.535198847452799]","[0.0, 0.0, 0.0]","[0.0, 0.0, 0.0]",0.0
development_DiagReachK3_s180_KL_cf_state,DiagReachK3,180,KL,cf_state,5,2880,acceptance,8,8.796783909725491,8.794014305400196,0.0027696043252944946,0.875,0.125,"[6.4914358258247375, 4.248673379421234, 9.738479256629944]","[0.125, 0.0, 0.0]","[0.0005539144788469508, 0.0, 0.0]",0.031019210815429688
development_DiagReachK3_s180_KL_cf_state,DiagReachK3,180,KL,cf_state,6,3360,exploration,20,7.733089555858169,5.704634775279556,2.0284547805786133,0.3,0.45,"[6.23975585103035, 4.894784128665924, 9.937336111068726]","[0.25, 0.2, 0.1]","[0.09407008716038295, 0.04143432470468374, 0.012192131042480469]",21.604307174682617
development_DiagReachK3_s180_KL_cf_state,DiagReachK3,180,KL,cf_state,6,3360,selection,12,8.41037736594153,8.41037736594153,0.0,1.0,0.0,"[4.983897844950358, 4.38400665918986, 8.37559962272644]","[0.0, 0.0, 0.0]","[0.0, 0.0, 0.0]",0.0
development_DiagReachK3_s180_KL_cf_state,DiagReachK3,180,KL,cf_state,6,3360,acceptance,8,8.690249215357472,8.690249215357472,0.0,1.0,0.0,"[5.664653480052948, 4.322951793670654, 8.986045956611633]","[0.0, 0.0, 0.0]","[0.0, 0.0, 0.0]",0.0
development_DiagReachK3_s180_KL_cf_state,DiagReachK3,180,KL,cf_state,7,3840,exploration,20,6.9885527424700555,6.507823713887484,0.48072902858257294,0.4,0.3,"[4.427930057048798, 4.498455357551575, 7.739651572704315]","[0.05, 0.25, 0.05]","[0.003156113624572754, 0.041565029437725366, 0.007193557739257816]",7.6436991691589355
development_DiagReachK3_s180_KL_cf_state,DiagReachK3,180,KL,cf_state,7,3840,selection,12,8.592898529872764,8.592898529872764,0.0,1.0,0.0,"[5.6139830350875854, 4.17732419570287, 8.795271158218384]","[0.0, 0.0, 0.0]","[0.0, 0.0, 0.0]",0.0
development_DiagReachK3_s180_KL_cf_state,DiagReachK3,180,KL,cf_state,7,3840,acceptance,8,8.728318356722593,8.728318356722593,0.0,1.0,0.0,"[5.25738525390625, 4.546388626098633, 8.809160232543945]","[0.0, 0.0, 0.0]","[0.0, 0.0, 0.0]",0.0
development_DiagReachK3_s180_KL_cf_state,DiagReachK3,180,KL,cf_state,8,4320,exploration,20,7.290726351495833,6.842894810196013,0.44783154129981995,0.25,0.4,"[5.256532016396522, 4.451413372159005, 8.587759041786194]","[0.25, 0.15, 0.05]","[0.03407870360783168, 0.004425452305720401, 0.0027950057983398445]",6.045078754425049
development_DiagReachK3_s180_KL_cf_state,DiagReachK3,180,KL,cf_state,8,4320,selection,12,8.953135626539977,8.953135626539977,0.0,1.0,0.0,"[5.435346285502116, 5.010501106580098, 9.43577233950297]","[0.0, 0.0, 0.0]","[0.0, 0.0, 0.0]",0.0
development_DiagReachK3_s180_KL_cf_state,DiagReachK3,180,KL,cf_state,8,4320,acceptance,8,9.04606534112827,9.04606534112827,0.0,1.0,0.0,"[5.484962701797485, 5.199881136417389, 9.656071662902832]","[0.0, 0.0, 0.0]","[0.0, 0.0, 0.0]",0.0
development_DiagReachK3_s180_KL_cf_state,DiagReachK3,180,KL,cf_state,9,4800,exploration,20,7.5407166610228895,6.717006815479982,0.8237098455429077,0.35,0.3,"[4.781849175691605, 5.244280654191971, 8.88692057132721]","[0.1, 0.25, 0.15]","[0.010303102220807759, 0.051141918622530425, 0.013538043975830083]",11.47539472579956
development_DiagReachK3_s180_KL_cf_state,DiagReachK3,180,KL,cf_state,9,4800,selection,12,9.089398341154446,9.089398341154446,0.0,1.0,0.0,"[5.785074512163798, 5.233168562253316, 9.973722537358602]","[0.0, 0.0, 0.0]","[0.0, 0.0, 0.0]",0.0
development_DiagReachK3_s180_KL_cf_state,DiagReachK3,180,KL,cf_state,9,4800,acceptance,8,9.31708596224198,9.31708596224198,0.0,1.0,0.0,"[5.531019687652588, 5.621810436248779, 10.108271360397339]","[0.0, 0.0, 0.0]","[0.0, 0.0, 0.0]",0.0
development_DiagReachK3_s180_KL_cf_state,DiagReachK3,180,KL,cf_state,10,5280,exploration,20,7.762559353439139,7.316846950976178,0.4457124024629593,0.55,0.2,"[5.008272230625153, 5.435587298870087, 9.278295993804932]","[0.05, 0.15, 0.0]","[0.013937711715698242, 0.01599390690143292, 0.0]",4.030487537384033
development_DiagReachK3_s180_KL_cf_state,DiagReachK3,180,KL,cf_state,10,5280,selection,12,9.274502077211704,9.274502077211704,0.0,1.0,0.0,"[5.562694946924846, 5.680819431940715, 10.203792254130045]","[0.0, 0.0, 0.0]","[0.0, 0.0, 0.0]",0.0
development_DiagReachK3_s180_KL_cf_state,DiagReachK3,180,KL,cf_state,10,5280,acceptance,8,9.348515701507859,9.348515701507859,0.0,1.0,0.0,"[5.695743143558502, 5.683169901371002, 10.32577669620514]","[0.0, 0.0, 0.0]","[0.0, 0.0, 0.0]",0.0
development_DiagReachK3_s180_KL_cf_state,DiagReachK3,180,KL,cf_state,11,5760,exploration,20,8.080718191847556,6.634239199146978,1.4464789927005768,0.4,0.6,"[6.003026962280273, 5.62992639541626, 10.43281638622284]","[0.3, 0.4, 0.2]","[0.031599957602364684, 0.07690679476811337, 0.02413796615600585]",20.456368923187256
development_DiagReachK3_s180_KL_cf_state,DiagReachK3,180,KL,cf_state,11,5760,selection,12,9.036966583606164,9.036966583606164,0.0,1.0,0.0,"[5.51508645216624, 5.125014066696167, 9.60009996096293]","[0.0, 0.0, 0.0]","[0.0, 0.0, 0.0]",0.0
development_DiagReachK3_s180_KL_cf_state,DiagReachK3,180,KL,cf_state,11,5760,acceptance,8,9.374209561035968,9.374209561035968,0.0,1.0,0.0,"[5.731968522071838, 5.6597068309783936, 10.353982210159302]","[0.0, 0.0, 0.0]","[0.0, 0.0, 0.0]",0.0
development_DiagReachK3_s180_KL_cf_state,DiagReachK3,180,KL,cf_state,12,6240,exploration,20,7.295764945133124,6.212126813514624,1.0836381316184998,0.4,0.25,"[5.483550572395325, 4.816699600219726, 8.985691952705384]","[0.2, 0.15, 0.1]","[0.036762397629874086, 0.03720331925612229, 0.027257209777832036]",16.79746961593628
development_DiagReachK3_s180_KL_cf_state,DiagReachK3,180,KL,cf_state,12,6240,selection,12,9.104315140153629,9.104315140153629,0.0,1.0,0.0,"[5.304609060287476, 5.698257168134053, 9.90588410695394]","[0.0, 0.0, 0.0]","[0.0, 0.0, 0.0]",0.0
development_DiagReachK3_s180_KL_cf_state,DiagReachK3,180,KL,cf_state,12,6240,acceptance,8,9.387803723989053,9.387803723989053,0.0,1.0,0.0,"[5.876586675643921, 5.776544094085693, 10.578546285629272]","[0.0, 0.0, 0.0]","[0.0, 0.0, 0.0]",0.0
development_DiagReachK3_s180_KL_cf_state,DiagReachK3,180,KL,cf_state,13,6720,exploration,20,7.400162606415689,6.828215076503693,0.5719475299119949,0.35,0.35,"[4.741693750023842, 5.356970274448395, 8.882436609268188]","[0.05, 0.3, 0.05]","[0.012880093710763119, 0.0360385748056265, 0.002798908233642583]",7.187954902648926
development_DiagReachK3_s180_KL_cf_state,DiagReachK3,180,KL,cf_state,13,6720,selection,12,9.565854947175344,9.565854947175344,0.0,1.0,0.0,"[6.10823929309845, 6.09488312403361, 11.117987394332886]","[0.0, 0.0, 0.0]","[0.0, 0.0, 0.0]",0.0
development_DiagReachK3_s180_KL_cf_state,DiagReachK3,180,KL,cf_state,13,6720,acceptance,8,9.59391333147505,9.59391333147505,0.0,1.0,0.0,"[6.280315935611725, 5.977305352687836, 11.168803215026855]","[0.0, 0.0, 0.0]","[0.0, 0.0, 0.0]",0.0
development_DiagReachK3_s180_KL_cf_state,DiagReachK3,180,KL,cf_state,14,7200,exploration,20,8.275162221736974,6.698119910306997,1.5770423114299774,0.3,0.55,"[6.307336378097534, 5.883276855945587, 11.011859250068664]","[0.25, 0.35, 0.25]","[0.03466102395738874, 0.0780566692352295, 0.029226768493652334]",22.306602478027344
development_DiagReachK3_s180_KL_cf_state,DiagReachK3,180,KL,cf_state,14,7200,selection,12,9.418614780866909,9.418614780866909,0.0,1.0,0.0,"[6.697638750076294, 5.735692898432414, 11.325461069742838]","[0.0, 0.0, 0.0]","[0.0, 0.0, 0.0]",0.0
development_DiagReachK3_s180_KL_cf_state,DiagReachK3,180,KL,cf_state,14,7200,acceptance,8,9.759069984037705,9.759069984037705,0.0,1.0,0.0,"[6.849049925804138, 6.293144226074219, 12.027828931808472]","[0.0, 0.0, 0.0]","[0.0, 0.0, 0.0]",0.0
development_DiagReachK3_s180_KL_cf_state,DiagReachK3,180,KL,cf_state,15,7680,exploration,20,8.352154400991278,5.248941284464673,3.1032131165266037,0.2,0.6,"[6.644739151000977, 6.064512395858765, 11.552610969543457]","[0.4, 0.35, 0.4]","[0.07884883880615236, 0.08571869043203502, 0.04463809204101562]",33.341790199279785
development_DiagReachK3_s180_KL_cf_state,DiagReachK3,180,KL,cf_state,15,7680,selection,12,9.452191423217059,9.452191423217059,0.0,1.0,0.0,"[6.501371065775554, 5.702890316645305, 11.099820693333944]","[0.0, 0.0, 0.0]","[0.0, 0.0, 0.0]",0.0
development_DiagReachK3_s180_KL_cf_state,DiagReachK3,180,KL,cf_state,15,7680,acceptance,8,9.831167908331555,9.831167908331555,0.0,1.0,0.0,"[6.87681519985199, 6.347333550453186, 12.095430612564087]","[0.0, 0.0, 0.0]","[0.0, 0.0, 0.0]",0.0
development_DiagReachK3_s180_KL_cf_state,DiagReachK3,180,KL,cf_state,16,8160,exploration,20,8.33064977440139,6.206316675870621,2.1243330985307693,0.4,0.55,"[6.6990447521209715, 5.6034623146057125, 11.12374951839447]","[0.4, 0.4, 0.4]","[0.05890609536852155, 0.05288000106811523, 0.041303157806396484]",25.44704294204712
development_DiagReachK3_s180_KL_cf_state,DiagReachK3,180,KL,cf_state,16,8160,selection,12,9.595307066253948,9.589948757700252,0.005358308553695679,0.8333333333333334,0.16666666666666666,"[6.38139541943868, 6.143408338228862, 11.411979913711548]","[0.0, 0.16666666666666666, 0.0]","[0.0, 0.0010716548332801261, 0.0]",0.08358907699584961
development_DiagReachK3_s180_KL_cf_state,DiagReachK3,180,KL,cf_state,16,8160,acceptance,8,9.680812628258717,9.680812628258717,0.0,1.0,0.0,"[6.490851402282715, 6.173618793487549, 11.555877447128296]","[0.0, 0.0, 0.0]","[0.0, 0.0, 0.0]",0.0
development_DiagReachK3_s180_KL_cf_state,DiagReachK3,180,KL,cf_state,17,8640,exploration,20,8.029843471238854,7.253458149025681,0.7763853222131729,0.3,0.45,"[6.0312111377716064, 5.3160815834999084, 10.214628195762634]","[0.25, 0.3, 0.2]","[0.024480928693498882, 0.044746035795945396, 0.009489528656005853]",11.616696834564209
development_DiagReachK3_s180_KL_cf_state,DiagReachK3,180,KL,cf_state,17,8640,selection,12,9.657415687364727,9.654247402471691,0.0031682848930358887,0.9166666666666666,0.08333333333333333,"[6.836362838745117, 6.116204182306926, 11.843723138173422]","[0.08333333333333333, 0.0, 0.0]","[0.0006336541402907625, 0.0, 0.0]",0.05322694778442383
development_DiagReachK3_s180_KL_cf_state,DiagReachK3,180,KL,cf_state,17,8640,acceptance,8,9.839183164375573,9.826751870649606,0.012431293725967407,0.75,0.25,"[6.880935192108154, 6.354302883148193, 12.117416858673096]","[0.0, 0.25, 0.0]","[0.0, 0.0024862656226524726, 0.0]",0.1292858123779297
development_DiagReachK3_s180_KL_cf_state,DiagReachK3,180,KL,cf_state,18,9120,exploration,20,7.888785241529112,6.737970127150183,1.1508151143789291,0.2,0.5,"[6.204731869697571, 5.183245754241943, 10.134381413459778]","[0.25, 0.25, 0.05]","[0.05204308373587472, 0.03279937230623685, 0.006174343109130865]",13.093535900115967
development_DiagReachK3_s180_KL_cf_state,DiagReachK3,180,KL,cf_state,18,9120,selection,12,9.826454704177255,9.625733753216142,0.20072095096111298,0.3333333333333333,0.6666666666666666,"[6.704233527183533, 6.606984496116638, 12.171019474665323]","[0.16666666666666666, 0.6666666666666666, 0.3333333333333333]","[0.00048710618700300207, 0.022579064735999483, 0.004081707000732441]",2.414340019226074
development_DiagReachK3_s180_KL_cf_state,DiagReachK3,180,KL,cf_state,18,9120,acceptance,8,9.837968300840295,9.836165409347451,0.001802891492843628,0.75,0.25,"[6.881700396537781, 6.374410510063171, 12.13763165473938]","[0.0, 0.25, 0.0]","[0.0, 0.0003605805910550375, 0.0]",0.01875019073486328
development_DiagReachK3_s180_KL_cf_state,DiagReachK3,180,KL,cf_state,19,9600,exploration,20,8.33411182955373,7.188358833347446,1.1457529962062836,0.4,0.55,"[6.195278537273407, 5.899366736412048, 10.970337533950806]","[0.3, 0.4, 0.2]","[0.0382225683757237, 0.03105851686917819, 0.020797687530517573]",14.588188648223877
development_DiagReachK3_s180_KL_cf_state,DiagReachK3,180,KL,cf_state,19,9600,selection,12,9.589893009687998,9.589893009687998,0.0,1.0,0.0,"[6.6077884038289385, 5.968742847442627, 11.472439527511597]","[0.0, 0.0, 0.0]","[0.0, 0.0, 0.0]",0.0
development_DiagReachK3_s180_KL_cf_state,DiagReachK3,180,KL,cf_state,19,9600,acceptance,8,9.820849464391358,9.820849464391358,0.0,1.0,0.0,"[6.741901636123657, 6.388243794441223, 12.01038670539856]","[0.0, 0.0, 0.0]","[0.0, 0.0, 0.0]",0.0
development_DiagReachK3_s180_KL_cf_state,DiagReachK3,180,KL,cf_state,20,10080,exploration,20,8.550299345714738,5.392772539717843,3.157526805996895,0.2,0.7,"[6.481795358657837, 6.563518285751343, 11.858209276199341]","[0.3, 0.55, 0.45]","[0.06289329528808593, 0.10500953747675972, 0.049719615936279285]",34.886205196380615
development_DiagReachK3_s180_KL_cf_state,DiagReachK3,180,KL,cf_state,20,10080,selection,12,9.516599238940035,9.516599238940035,0.0,1.0,0.0,"[6.577258467674255, 6.038055340449016, 11.515693108240763]","[0.0, 0.0, 0.0]","[0.0, 0.0, 0.0]",0.0
development_DiagReachK3_s180_KL_cf_state,DiagReachK3,180,KL,cf_state,20,10080,acceptance,8,9.875144122655911,9.875144122655911,0.0,1.0,0.0,"[6.806672215461731, 6.361087322235107, 12.037424564361572]","[0.0, 0.0, 0.0]","[0.0, 0.0, 0.0]",0.0
development_DiagReachK3_s180_KL_cf_state,DiagReachK3,180,KL,cf_state,21,10560,exploration,20,8.425398417661198,6.345932447264204,2.0794659703969955,0.2,0.65,"[6.602776741981506, 6.307307887077331, 11.735989809036255]","[0.4, 0.35, 0.3]","[0.029520433289664128, 0.0864300801203801, 0.03557064437866211]",24.26143217086792
development_DiagReachK3_s180_KL_cf_state,DiagReachK3,180,KL,cf_state,21,10560,selection,12,9.539260653868284,9.53001895369586,0.009241700172424316,0.8333333333333334,0.16666666666666666,"[6.607486605644226, 5.746015230814616, 11.263015349706015]","[0.16666666666666666, 0.0, 0.0]","[0.0018483400344848633, 0.0, 0.0]",0.15526056289672852
development_DiagReachK3_s180_KL_cf_state,DiagReachK3,180,KL,cf_state,21,10560,acceptance,8,9.824441552565258,9.824441552565258,0.0,1.0,0.0,"[6.842871069908142, 6.376284599304199, 12.105984449386597]","[0.0, 0.0, 0.0]","[0.0, 0.0, 0.0]",0.0
development_DiagReachK3_s180_KL_cf_state,DiagReachK3,180,KL,cf_state,22,11040,exploration,20,7.988575007914916,6.901588048934355,1.0869869589805603,0.1,0.5,"[6.42658121585846, 5.300805473327637, 10.55696098804474]","[0.4, 0.2, 0.15]","[0.05238918917519706, 0.031092130220853366, 0.01151814270019531]",14.255999088287354
development_DiagReachK3_s180_KL_cf_state,DiagReachK3,180,KL,cf_state,22,11040,selection,12,9.531214864918,9.530055057871747,0.0011598070462544758,0.9166666666666666,0.08333333333333333,"[6.699828584988912, 5.955890893936157, 11.545298178990683]","[0.08333333333333333, 0.0, 0.0]","[0.0002319642475673104, 0.0, 0.0]",0.019484996795654297
development_DiagReachK3_s180_KL_cf_state,DiagReachK3,180,KL,cf_state,22,11040,acceptance,8,9.849268956765446,9.826573147162708,0.022695809602737427,0.25,0.75,"[6.849653124809265, 6.4471213817596436, 12.18404746055603]","[0.0, 0.75, 0.0]","[0.0, 0.004539141288170456, 0.0]",0.23603534698486328
development_DiagReachK3_s180_KL_cf_state,DiagReachK3,180,KL,cf_state,23,11520,exploration,20,8.290592034692818,5.589635213251168,2.7009568214416504,0.35,0.5,"[6.196370339393615, 6.138450407981873, 11.141461658477784]","[0.25, 0.35, 0.2]","[0.06500509125845773, 0.053918464367206285, 0.03488967895507812]",24.83253288269043
development_DiagReachK3_s180_KL_cf_state,DiagReachK3,180,KL,cf_state,23,11520,selection,12,9.411374516979473,9.411374516979473,0.0,1.0,0.0,"[6.170744617780049, 5.949148178100586, 11.012800057729086]","[0.0, 0.0, 0.0]","[0.0, 0.0, 0.0]",0.0
development_DiagReachK3_s180_KL_cf_state,DiagReachK3,180,KL,cf_state,23,11520,acceptance,8,9.848345572783728,9.835506136252661,0.012839436531066895,0.75,0.25,"[6.852008700370789, 6.458955407142639, 12.193250179290771]","[0.0, 0.25, 0.0]","[0.0, 0.0025678781362680203, 0.0]",0.1335296630859375
development_DiagReachK3_s180_KL_cf_state,DiagReachK3,180,KL,cf_state,24,12000,exploration,20,8.103032811644953,6.8415978542598905,1.2614349573850632,0.35,0.45,"[5.7355399370193485, 5.961881130933762, 10.520309615135194]","[0.2, 0.35, 0.15]","[0.009794078554425923, 0.05117162557748648, 0.019366073608398437]",12.86500072479248
development_DiagReachK3_s180_KL_cf_state,DiagReachK3,180,KL,cf_state,24,12000,selection,12,9.450658758081653,9.450658758081653,0.0,1.0,0.0,"[6.280982454617818, 5.9691082239151, 11.129192988077799]","[0.0, 0.0, 0.0]","[0.0, 0.0, 0.0]",0.0
development_DiagReachK3_s180_KL_cf_state,DiagReachK3,180,KL,cf_state,24,12000,acceptance,8,9.794828270719155,9.794828270719155,0.0,1.0,0.0,"[6.729666829109192, 6.307867884635925, 11.923821210861206]","[0.0, 0.0, 0.0]","[0.0, 0.0, 0.0]",0.0
development_DiagReachK3_s180_KL_time_loo,DiagReachK3,180,KL,time_loo,0,480,exploration,20,3.995492234220728,3.810164734115824,0.18532750010490417,0.05,0.15,"[1.2264814153313637, 2.8878522530198096, 2.897287717461586]","[0.0, 0.15, 0.05]","[0.0, 0.012627634635338414, 0.0034752922058105427]",2.510415554046631
development_DiagReachK3_s180_KL_time_loo,DiagReachK3,180,KL,time_loo,0,480,selection,12,4.3623017210649175,4.3623017210649175,0.0,0.0,0.0,"[0.7700932671626409, 1.4908881410956383, 1.6719526449839275]","[0.0, 0.0, 0.0]","[0.0, 0.0, 0.0]",0.0
development_DiagReachK3_s180_KL_time_loo,DiagReachK3,180,KL,time_loo,0,480,acceptance,8,4.618351698959668,4.618351698959668,0.0,0.0,0.0,"[1.1238103359937668, 1.6619440354406834, 2.1447047516703606]","[0.0, 0.0, 0.0]","[0.0, 0.0, 0.0]",0.0
development_DiagReachK3_s180_KL_time_loo,DiagReachK3,180,KL,time_loo,1,960,exploration,20,5.4875330593861875,5.371879321006709,0.11565373837947845,0.2,0.1,"[2.3469162434339523, 3.2861917495727537, 4.390116551518441]","[0.05, 0.05, 0.0]","[0.0030140944889613607, 0.00467030085050143, 0.0]",1.0291123390197754
development_DiagReachK3_s180_KL_time_loo,DiagReachK3,180,KL,time_loo,1,960,selection,12,7.445774529278424,7.445774529278424,0.0,0.6666666666666666,0.0,"[3.685571918884913, 3.309084633986155, 6.12010379632314]","[0.0, 0.0, 0.0]","[0.0, 0.0, 0.0]",0.0
development_DiagReachK3_s180_KL_time_loo,DiagReachK3,180,KL,time_loo,1,960,acceptance,8,7.464579817539925,7.464579817539925,0.0,0.5,0.0,"[3.9691671431064606, 3.3193438351154327, 6.40090474486351]","[0.0, 0.0, 0.0]","[0.0, 0.0, 0.0]",0.0
development_DiagReachK3_s180_KL_time_loo,DiagReachK3,180,KL,time_loo,2,1440,exploration,20,6.7665326383977655,6.101425283876013,0.6651073545217514,0.3,0.25,"[4.495903199911117, 3.8987576603889464, 7.250419855117798]","[0.15, 0.1, 0.1]","[0.029817737851824077, 0.016681282336895274, 0.00564870834350586]",7.755227088928223
development_DiagReachK3_s180_KL_time_loo,DiagReachK3,180,KL,time_loo,2,1440,selection,12,8.523283059572956,8.294830973124286,0.22845208644866943,0.6666666666666666,0.3333333333333333,"[6.601338823636373, 4.149236500263214, 9.772321462631226]","[0.3333333333333333, 0.0, 0.0]","[0.03797296115330288, 0.0, 0.0]",3.1897287368774414
development_DiagReachK3_s180_KL_time_loo,DiagReachK3,180,KL,time_loo,2,1440,acceptance,8,8.461911599128507,8.461911599128507,0.0,1.0,0.0,"[5.930263459682465, 4.091092646121979, 9.03957712650299]","[0.0, 0.0, 0.0]","[0.0, 0.0, 0.0]",0.0
development_DiagReachK3_s180_KL_time_loo,DiagReachK3,180,KL,time_loo,3,1920,exploration,20,6.78082820519805,5.257849541753531,1.522978663444519,0.3,0.2,"[5.228000110387802, 3.3138791501522062, 7.192396783828736]","[0.15, 0.1, 0.1]","[0.06918504578726632, 0.005956279314481294, 0.028627975463867195]",17.61721658706665
development_DiagReachK3_s180_KL_time_loo,DiagReachK3,180,KL,time_loo,3,1920,selection,12,8.216095733219843,8.216095733219843,0.0,1.0,0.0,"[5.581071635087331, 3.6163506507873535, 8.2475745677948]","[0.0, 0.0, 0.0]","[0.0, 0.0, 0.0]",0.0
development_DiagReachK3_s180_KL_time_loo,DiagReachK3,180,KL,time_loo,3,1920,acceptance,8,8.46180552970618,8.46180552970618,0.0,1.0,0.0,"[6.48011589050293, 3.900038719177246, 9.385022640228271]","[0.0, 0.0, 0.0]","[0.0, 0.0, 0.0]",0.0
development_DiagReachK3_s180_KL_time_loo,DiagReachK3,180,KL,time_loo,4,2400,exploration,20,6.487786537411156,5.912262400987092,0.5755241364240646,0.1,0.3,"[4.580039429664612, 3.8994009837508203, 7.287905752658844]","[0.2, 0.1, 0.05]","[0.03299371174403598, 0.0230983147254357, 0.006970001220703126]",9.364400863647461
development_DiagReachK3_s180_KL_time_loo,DiagReachK3,180,KL,time_loo,4,2400,selection,12,8.547255551442504,8.458070114875833,0.08918543656667073,0.6666666666666666,0.3333333333333333,"[6.752815167109172, 4.102253178755443, 9.852646986643473]","[0.3333333333333333, 0.0, 0.0]","[0.017837087313334166, 0.0, 0.0]",1.4983153343200684
development_DiagReachK3_s180_KL_time_loo,DiagReachK3,180,KL,time_loo,4,2400,acceptance,8,8.51865776879713,8.51865776879713,0.0,1.0,0.0,"[6.349825501441956, 4.032347619533539, 9.391210794448853]","[0.0, 0.0, 0.0]","[0.0, 0.0, 0.0]",0.0
development_DiagReachK3_s180_KL_time_loo,DiagReachK3,180,KL,time_loo,5,2880,exploration,20,6.8103688210295505,5.880319148306735,0.9300496727228165,0.3,0.4,"[4.9192029818892475, 4.092785203456879, 7.842206528782844]","[0.25, 0.2, 0.1]","[0.04350392818450929, 0.03610208217914287, 0.010454696655273443]",13.397494792938232
development_DiagReachK3_s180_KL_time_loo,DiagReachK3,180,KL,time_loo,5,2880,selection,12,8.586007563148938,8.586007563148938,0.0,1.0,0.0,"[6.447604139645894, 4.020358542601268, 9.488416910171509]","[0.0, 0.0, 0.0]","[0.0, 0.0, 0.0]",0.0
development_DiagReachK3_s180_KL_time_loo,DiagReachK3,180,KL,time_loo,5,2880,acceptance,8,8.75106531608617,8.75106531608617,0.0,1.0,0.0,"[6.584637463092804, 4.2977190017700195, 9.882356405258179]","[0.0, 0.0, 0.0]","[0.0, 0.0, 0.0]",0.0
development_DiagReachK3_s180_KL_time_loo,DiagReachK3,180,KL,time_loo,6,3360,exploration,20,7.89237477932591,5.195767413121648,2.696607366204262,0.3,0.5,"[6.582548427581787, 5.216516780853271, 10.606299602985382]","[0.3, 0.25, 0.2]","[0.11315567152840748, 0.05000754136305589, 0.02797105407714844]",29.335537910461426
development_DiagReachK3_s180_KL_time_loo,DiagReachK3,180,KL,time_loo,6,3360,selection,12,8.871098231196326,8.871098231196326,0.0,1.0,0.0,"[5.998912851015727, 4.734019954999288, 9.73083225886027]","[0.0, 0.0, 0.0]","[0.0, 0.0, 0.0]",0.0
development_DiagReachK3_s180_KL_time_loo,DiagReachK3,180,KL,time_loo,6,3360,acceptance,8,8.99919822528027,8.99919822528027,0.0,1.0,0.0,"[6.558985590934753, 4.775388598442078, 10.334374070167542]","[0.0, 0.0, 0.0]","[0.0, 0.0, 0.0]",0.0
development_DiagReachK3_s180_KL_time_loo,DiagReachK3,180,KL,time_loo,7,3840,exploration,20,7.263012269597967,6.429715821605642,0.8332964479923248,0.4,0.35,"[5.3343582391738895, 4.470515722036362, 8.581259107589721]","[0.15, 0.25, 0.05]","[0.023460803713117328, 0.04813343561612643, 0.012916946411132812]",12.771095752716064
development_DiagReachK3_s180_KL_time_loo,DiagReachK3,180,KL,time_loo,7,3840,selection,12,8.783778247454514,8.783778247454514,0.0,1.0,0.0,"[6.292874217033386, 4.143300314744313, 9.436174392700195]","[0.0, 0.0, 0.0]","[0.0, 0.0, 0.0]",0.0
development_DiagReachK3_s180_KL_time_loo,DiagReachK3,180,KL,time_loo,7,3840,acceptance,8,8.95976030593738,8.95976030593738,0.0,1.0,0.0,"[6.5564000606536865, 4.514510869979858, 10.070910453796387]","[0.0, 0.0, 0.0]","[0.0, 0.0, 0.0]",0.0
development_DiagReachK3_s180_KL_time_loo,DiagReachK3,180,KL,time_loo,8,4320,exploration,20,7.228050092800986,6.053916493996512,1.1741335988044739,0.4,0.3,"[5.221937017142773, 4.241784012317657, 8.187278735637666]","[0.25, 0.05, 0.1]","[0.07102301801953997, 0.0007873168358435989, 0.01189863967895508]",13.020233631134033
development_DiagReachK3_s180_KL_time_loo,DiagReachK3,180,KL,time_loo,8,4320,selection,12,8.816320592920723,8.816320592920723,0.0,1.0,0.0,"[5.534729599952698, 4.606790224711101, 9.145560026168823]","[0.0, 0.0, 0.0]","[0.0, 0.0, 0.0]",0.0
development_DiagReachK3_s180_KL_time_loo,DiagReachK3,180,KL,time_loo,8,4320,acceptance,8,8.980681114806792,8.980681114806792,0.0,1.0,0.0,"[6.638807535171509, 4.646369218826294, 10.285176992416382]","[0.0, 0.0, 0.0]","[0.0, 0.0, 0.0]",0.0
development_DiagReachK3_s180_KL_time_loo,DiagReachK3,180,KL,time_loo,9,4800,exploration,20,7.237143529300811,4.114884210472227,3.1222593188285828,0.35,0.45,"[5.832294631004333, 4.343392659723759, 8.85134914815426]","[0.35, 0.15, 0.15]","[0.09943579605647498, 0.06030051891620343, 0.033156330108642586]",30.049161434173584
development_DiagReachK3_s180_KL_time_loo,DiagReachK3,180,KL,time_loo,9,4800,selection,12,8.641176975221606,8.641176975221606,0.0,1.0,0.0,"[5.886962056159973, 4.167168120543162, 9.064389745394388]","[0.0, 0.0, 0.0]","[0.0, 0.0, 0.0]",0.0
development_DiagReachK3_s180_KL_time_loo,DiagReachK3,180,KL,time_loo,9,4800,acceptance,8,8.971694136923178,8.971694136923178,0.0,1.0,0.0,"[6.573742032051086, 4.519991159439087, 10.093732595443726]","[0.0, 0.0, 0.0]","[0.0, 0.0, 0.0]",0.0
development_DiagReachK3_s180_KL_time_loo,DiagReachK3,180,KL,time_loo,10,5280,exploration,20,7.282839369446738,5.915161293417913,1.3676780760288239,0.3,0.45,"[6.024222004413605, 4.1037078440189365, 8.961148655414581]","[0.3, 0.15, 0.15]","[0.08142653192792622, 0.024133190741905796, 0.008308692932128913]",16.61420249938965
development_DiagReachK3_s180_KL_time_loo,DiagReachK3,180,KL,time_loo,10,5280,selection,12,8.927644923773672,8.927644923773672,0.0,1.0,0.0,"[5.824885964393616, 4.706973393758138, 9.538453737894693]","[0.0, 0.0, 0.0]","[0.0, 0.0, 0.0]",0.0
development_DiagReachK3_s180_KL_time_loo,DiagReachK3,180,KL,time_loo,10,5280,acceptance,8,8.970997159951366,8.970997159951366,0.0,1.0,0.0,"[6.375115394592285, 4.67207270860672, 10.05823564529419]","[0.0, 0.0, 0.0]","[0.0, 0.0, 0.0]",0.0
development_DiagReachK3_s180_KL_time_loo,DiagReachK3,180,KL,time_loo,11,5760,exploration,20,7.047515386941377,6.6665283387922685,0.3809870481491089,0.35,0.15,"[5.009243619441986, 3.995770405232906, 7.738078129291535]","[0.1, 0.1, 0.1]","[0.016990453856331966, 0.017922126329862165, 0.01007625961303712]",7.227604866027832
development_DiagReachK3_s180_KL_time_loo,DiagReachK3,180,KL,time_loo,11,5760,selection,12,8.942882473178907,8.942882473178907,0.0,1.0,0.0,"[5.691363414128621, 4.997266530990601, 9.706104516983032]","[0.0, 0.0, 0.0]","[0.0, 0.0, 0.0]",0.0
development_DiagReachK3_s180_KL_time_loo,DiagReachK3,180,KL,time_loo,11,5760,acceptance,8,8.993257422512396,8.993257422512396,0.0,1.0,0.0,"[6.036792278289795, 4.739166021347046, 9.823054313659668]","[0.0, 0.0, 0.0]","[0.0, 0.0, 0.0]",0.0
development_DiagReachK3_s180_KL_time_loo,DiagReachK3,180,KL,time_loo,12,6240,exploration,20,6.816483006591879,5.805205837602697,1.0112771689891815,0.35,0.35,"[5.232324194908142, 3.518369883298874, 7.525295543670654]","[0.3, 0.05, 0.05]","[0.07727318491254534, 0.011218335078312802, 0.0023734664916992164]",12.869996070861816
development_DiagReachK3_s180_KL_time_loo,DiagReachK3,180,KL,time_loo,12,6240,selection,12,8.954257561611788,8.954257561611788,0.0,1.0,0.0,"[5.6174396276474, 5.154364903767903, 9.786847352981567]","[0.0, 0.0, 0.0]","[0.0, 0.0, 0.0]",0.0
development_DiagReachK3_s180_KL_time_loo,DiagReachK3,180,KL,time_loo,12,6240,acceptance,8,9.032541952678002,9.032541952678002,0.0,1.0,0.0,"[6.231975078582764, 4.883924245834351, 10.115899085998535]","[0.0, 0.0, 0.0]","[0.0, 0.0, 0.0]",0.0
development_DiagReachK3_s180_KL_time_loo,DiagReachK3,180,KL,time_loo,13,6720,exploration,20,7.493068246713373,4.788825570216868,2.7042426764965057,0.15,0.55,"[5.782277482748031, 5.00258574038744, 9.558624893426895]","[0.25, 0.45, 0.15]","[0.06356961045946394, 0.07115686123187727, 0.04586412048339843]",29.616167545318604
development_DiagReachK3_s180_KL_time_loo,DiagReachK3,180,KL,time_loo,13,6720,selection,12,8.610386807365769,8.610386807365769,0.0,1.0,0.0,"[5.433419505755107, 4.008505761623383, 8.508314768473307]","[0.0, 0.0, 0.0]","[0.0, 0.0, 0.0]",0.0
development_DiagReachK3_s180_KL_time_loo,DiagReachK3,180,KL,time_loo,13,6720,acceptance,8,9.016730159334838,9.016730159334838,0.0,1.0,0.0,"[6.077698111534119, 4.736771821975708, 9.834588766098022]","[0.0, 0.0, 0.0]","[0.0, 0.0, 0.0]",0.0
development_DiagReachK3_s180_KL_time_loo,DiagReachK3,180,KL,time_loo,14,7200,exploration,20,6.886481940030643,6.39766980636079,0.4888121336698532,0.15,0.3,"[4.585776926577092, 4.3790780186653135, 7.860224819183349]","[0.1, 0.2, 0.0]","[0.018499919346400672, 0.01998794995821439, 0.0]",5.188422203063965
development_DiagReachK3_s180_KL_time_loo,DiagReachK3,180,KL,time_loo,14,7200,selection,12,9.154823300759382,9.154823300759382,0.0,1.0,0.0,"[6.02301029364268, 5.460445483525594, 10.471433639526367]","[0.0, 0.0, 0.0]","[0.0, 0.0, 0.0]",0.0
development_DiagReachK3_s180_KL_time_loo,DiagReachK3,180,KL,time_loo,14,7200,acceptance,8,9.124997189606074,9.124997189606074,0.0,1.0,0.0,"[6.26746541261673, 5.09670478105545, 10.372533917427063]","[0.0, 0.0, 0.0]","[0.0, 0.0, 0.0]",0.0
development_DiagReachK3_s180_KL_time_loo,DiagReachK3,180,KL,time_loo,15,7680,exploration,20,7.6551922324486075,6.871614075023681,0.7835781574249268,0.55,0.35,"[5.697246837615967, 4.636089968681335, 9.196253275871277]","[0.25, 0.15, 0.1]","[0.04675146511622837, 0.006874557641836321, 0.010137886047363275]",9.973369121551514
development_DiagReachK3_s180_KL_time_loo,DiagReachK3,180,KL,time_loo,15,7680,selection,12,9.092432851713964,9.092432851713964,0.0,1.0,0.0,"[5.799126187960307, 5.52802038192749, 10.326159318288168]","[0.0, 0.0, 0.0]","[0.0, 0.0, 0.0]",0.0
development_DiagReachK3_s180_KL_time_loo,DiagReachK3,180,KL,time_loo,15,7680,acceptance,8,9.253973648637473,9.253973648637473,0.0,1.0,0.0,"[6.3964977860450745, 5.551609396934509, 10.948107242584229]","[0.0, 0.0, 0.0]","[0.0, 0.0, 0.0]",0.0
development_DiagReachK3_s180_KL_time_loo,DiagReachK3,180,KL,time_loo,16,8160,exploration,20,7.705521852956153,5.772853927002289,1.932667925953865,0.3,0.5,"[6.286589479446411, 5.00939427614212, 10.09472415447235]","[0.35, 0.25, 0.25]","[0.07115178789411272, 0.06245139195368841, 0.03389690399169922]",26.554157257080078
development_DiagReachK3_s180_KL_time_loo,DiagReachK3,180,KL,time_loo,16,8160,selection,12,9.032086196946056,9.032086196946056,0.0,1.0,0.0,"[5.851957678794861, 5.089951237042745, 9.944081783294678]","[0.0, 0.0, 0.0]","[0.0, 0.0, 0.0]",0.0
development_DiagReachK3_s180_KL_time_loo,DiagReachK3,180,KL,time_loo,16,8160,acceptance,8,9.327545869318419,9.327545869318419,0.0,1.0,0.0,"[6.290671706199646, 5.637173771858215, 10.927845239639282]","[0.0, 0.0, 0.0]","[0.0, 0.0, 0.0]",0.0
development_DiagReachK3_s180_KL_time_loo,DiagReachK3,180,KL,time_loo,17,8640,exploration,20,7.653945401287638,5.438817359483801,2.215128041803837,0.25,0.35,"[5.948705613613129, 5.160447430610657, 9.950014233589172]","[0.35, 0.1, 0.15]","[0.04224504402705602, 0.060225622470562276, 0.03387739562988281]",22.21298599243164
development_DiagReachK3_s180_KL_time_loo,DiagReachK3,180,KL,time_loo,17,8640,selection,12,9.04353137396732,9.04353137396732,0.0,1.0,0.0,"[5.923474431037903, 5.174352804819743, 10.104839166005453]","[0.0, 0.0, 0.0]","[0.0, 0.0, 0.0]",0.0
development_DiagReachK3_s180_KL_time_loo,DiagReachK3,180,KL,time_loo,17,8640,acceptance,8,9.328327710420126,9.328327710420126,0.0,1.0,0.0,"[6.410107493400574, 5.614255666732788, 11.02436351776123]","[0.0, 0.0, 0.0]","[0.0, 0.0, 0.0]",0.0
development_DiagReachK3_s180_KL_time_loo,DiagReachK3,180,KL,time_loo,18,9120,exploration,20,7.6136420666333295,5.324345171367749,2.2892968952655792,0.2,0.45,"[6.008483529090881, 5.322233095765114, 10.227455472946167]","[0.3, 0.25, 0.3]","[0.05095697130475725, 0.08557163752042331, 0.05461918258666992]",31.913084506988525
development_DiagReachK3_s180_KL_time_loo,DiagReachK3,180,KL,time_loo,18,9120,selection,12,9.039702535532221,9.039702535532221,0.0,1.0,0.0,"[5.730346083641052, 4.928365548451741, 9.68211023012797]","[0.0, 0.0, 0.0]","[0.0, 0.0, 0.0]",0.0
development_DiagReachK3_s180_KL_time_loo,DiagReachK3,180,KL,time_loo,18,9120,acceptance,8,9.318381515634247,9.318381515634247,0.0,1.0,0.0,"[6.411405324935913, 5.633709669113159, 11.045114994049072]","[0.0, 0.0, 0.0]","[0.0, 0.0, 0.0]",0.0
development_DiagReachK3_s180_KL_time_loo,DiagReachK3,180,KL,time_loo,19,9600,exploration,20,7.564991915873252,6.972485849908553,0.5925060659646988,0.25,0.35,"[6.190103268623352, 4.420431911945343, 9.465424156188964]","[0.35, 0.05, 0.15]","[0.03983683926718575, 0.009480065565842844, 0.012962947845458983]",10.050302982330322
development_DiagReachK3_s180_KL_time_loo,DiagReachK3,180,KL,time_loo,19,9600,selection,12,9.322276543521367,9.322276543521367,0.0,1.0,0.0,"[6.042455315589905, 5.717911005020142, 10.75267473856608]","[0.0, 0.0, 0.0]","[0.0, 0.0, 0.0]",0.0
development_DiagReachK3_s180_KL_time_loo,DiagReachK3,180,KL,time_loo,19,9600,acceptance,8,9.352073252006086,9.352073252006086,0.0,1.0,0.0,"[6.044125854969025, 5.817870318889618, 10.857501983642578]","[0.0, 0.0, 0.0]","[0.0, 0.0, 0.0]",0.0
development_DiagReachK3_s180_KL_time_loo,DiagReachK3,180,KL,time_loo,20,10080,exploration,20,7.262655221126043,5.8802108543133365,1.382444366812706,0.3,0.2,"[5.151221024990082, 4.659392786026001, 8.68266408443451]","[0.05, 0.2, 0.1]","[0.002350895745413639, 0.06298197232759915, 0.019709625244140626]",13.444188117980957
development_DiagReachK3_s180_KL_time_loo,DiagReachK3,180,KL,time_loo,20,10080,selection,12,9.09978041940825,9.09978041940825,0.0,1.0,0.0,"[5.799801150957744, 5.186632553736369, 9.977539698282877]","[0.0, 0.0, 0.0]","[0.0, 0.0, 0.0]",0.0
development_DiagReachK3_s180_KL_time_loo,DiagReachK3,180,KL,time_loo,20,10080,acceptance,8,9.416938763897633,9.416938763897633,0.0,1.0,0.0,"[5.919635057449341, 5.938502311706543, 10.845420360565186]","[0.0, 0.0, 0.0]","[0.0, 0.0, 0.0]",0.0
development_DiagReachK3_s180_KL_time_loo,DiagReachK3,180,KL,time_loo,21,10560,exploration,20,7.495915118202975,7.343106153950503,0.15280896425247192,0.4,0.25,"[5.056067860126495, 4.823717778921127, 8.661418032646178]","[0.05, 0.2, 0.0]","[0.0004800387791224936, 0.011624893775353074, 0.0]",1.5784416198730469
development_DiagReachK3_s180_KL_time_loo,DiagReachK3,180,KL,time_loo,21,10560,selection,12,9.516736549786826,9.509617023321091,0.007119526465733846,0.8333333333333334,0.16666666666666666,"[6.207104166348775, 6.068167050679524, 11.248447179794312]","[0.0, 0.16666666666666666, 0.0]","[0.0, 0.0014239091139573261, 0.0]",0.11106491088867188
development_DiagReachK3_s180_KL_time_loo,DiagReachK3,180,KL,time_loo,21,10560,acceptance,8,9.536759501616325,9.536759501616325,0.0,1.0,0.0,"[6.319009840488434, 5.906209766864777, 11.183371186256409]","[0.0, 0.0, 0.0]","[0.0, 0.0, 0.0]",0.0
development_DiagReachK3_s180_KL_time_loo,DiagReachK3,180,KL,time_loo,22,11040,exploration,20,7.244205922374813,6.110001132378666,1.1342047899961472,0.2,0.3,"[5.434084725379944, 4.369752562046051, 8.638644993305206]","[0.15, 0.2, 0.2]","[0.04451807567051479, 0.02481112480163574, 0.022021923065185543]",14.963457584381104
development_DiagReachK3_s180_KL_time_loo,DiagReachK3,180,KL,time_loo,22,11040,selection,12,9.449233249199581,9.449233249199581,0.0,1.0,0.0,"[6.311899304389954, 6.0708491404851275, 11.301459153493246]","[0.0, 0.0, 0.0]","[0.0, 0.0, 0.0]",0.0
development_DiagReachK3_s180_KL_time_loo,DiagReachK3,180,KL,time_loo,22,11040,acceptance,8,9.572430570780124,9.572430570780124,0.0,1.0,0.0,"[6.545850992202759, 6.0522525906562805, 11.512069344520569]","[0.0, 0.0, 0.0]","[0.0, 0.0, 0.0]",0.0
development_DiagReachK3_s180_KL_time_loo,DiagReachK3,180,KL,time_loo,23,11520,exploration,20,7.494568397412077,5.697626595506446,1.796941801905632,0.2,0.35,"[6.225322985649109, 4.166684278845787, 9.260265350341797]","[0.25, 0.15, 0.15]","[0.06578014237540108, 0.03672300485464243, 0.025542476654052727]",20.36882972717285
development_DiagReachK3_s180_KL_time_loo,DiagReachK3,180,KL,time_loo,23,11520,selection,12,9.195646749936651,9.195646749936651,0.0,1.0,0.0,"[6.057746529579163, 5.420312801996867, 10.439540386199951]","[0.0, 0.0, 0.0]","[0.0, 0.0, 0.0]",0.0
development_DiagReachK3_s180_KL_time_loo,DiagReachK3,180,KL,time_loo,23,11520,acceptance,8,9.57946797026161,9.57946797026161,0.0,1.0,0.0,"[6.662869691848755, 5.9250078201293945, 11.517460346221924]","[0.0, 0.0, 0.0]","[0.0, 0.0, 0.0]",0.0
development_DiagReachK3_s180_KL_time_loo,DiagReachK3,180,KL,time_loo,24,12000,exploration,20,8.088959029002579,7.277361130400093,0.8115978986024857,0.4,0.45,"[5.974605250358581, 5.4474692940711975, 10.322262597084045]","[0.25, 0.25, 0.15]","[0.01823525088174003, 0.04249188716594989, 0.01810715866088868]",12.603670120239258
development_DiagReachK3_s180_KL_time_loo,DiagReachK3,180,KL,time_loo,24,12000,selection,12,9.316610815716317,9.316610815716317,0.0,1.0,0.0,"[6.494816581408183, 5.241408387819926, 10.681020577748617]","[0.0, 0.0, 0.0]","[0.0, 0.0, 0.0]",0.0
development_DiagReachK3_s180_KL_time_loo,DiagReachK3,180,KL,time_loo,24,12000,acceptance,8,9.570371368019913,9.570371368019913,0.0,1.0,0.0,"[6.580463886260986, 5.790825128555298, 11.322147607803345]","[0.0, 0.0, 0.0]","[0.0, 0.0, 0.0]",0.0
development_DiagReachK3_s180_W2_cf_state,DiagReachK3,180,W2,cf_state,0,480,exploration,20,3.995492234220728,3.810164734115824,0.18532750010490417,0.05,0.15,"[1.2264814153313637, 2.8878522530198096, 2.897287717461586]","[0.0, 0.15, 0.05]","[0.0, 0.012627634635338414, 0.0034752922058105427]",2.510415554046631
development_DiagReachK3_s180_W2_cf_state,DiagReachK3,180,W2,cf_state,0,480,selection,12,4.136485596519196,4.136485596519196,0.0,0.0,0.0,"[0.6603742465376854, 1.3858666345477104, 1.445080190896988]","[0.0, 0.0, 0.0]","[0.0, 0.0, 0.0]",0.0
development_DiagReachK3_s180_W2_cf_state,DiagReachK3,180,W2,cf_state,0,480,acceptance,8,4.618351698959668,4.618351698959668,0.0,0.0,0.0,"[1.1238103359937668, 1.6619440354406834, 2.1447047516703606]","[0.0, 0.0, 0.0]","[0.0, 0.0, 0.0]",0.0
development_DiagReachK3_s180_W2_cf_state,DiagReachK3,180,W2,cf_state,1,960,exploration,20,5.4875330593861875,5.371879321006709,0.11565373837947845,0.2,0.1,"[2.3469162434339523, 3.2861917495727537, 4.390116551518441]","[0.05, 0.05, 0.0]","[0.0030140944889613607, 0.00467030085050143, 0.0]",1.0291123390197754
development_DiagReachK3_s180_W2_cf_state,DiagReachK3,180,W2,cf_state,1,960,selection,12,7.409323830057352,7.409323830057352,0.0,0.6666666666666666,0.0,"[3.5954732596874237, 3.2452991008758545, 5.979928692181905]","[0.0, 0.0, 0.0]","[0.0, 0.0, 0.0]",0.0
development_DiagReachK3_s180_W2_cf_state,DiagReachK3,180,W2,cf_state,1,960,acceptance,8,7.464579817539925,7.464579817539925,0.0,0.5,0.0,"[3.9691671431064606, 3.3193438351154327, 6.40090474486351]","[0.0, 0.0, 0.0]","[0.0, 0.0, 0.0]",0.0
development_DiagReachK3_s180_W2_cf_state,DiagReachK3,180,W2,cf_state,2,1440,exploration,20,6.7665326383977655,6.101425283876013,0.6651073545217514,0.3,0.25,"[4.495903199911117, 3.8987576603889464, 7.250419855117798]","[0.15, 0.1, 0.1]","[0.029817737851824077, 0.016681282336895274, 0.00564870834350586]",7.755227088928223
development_DiagReachK3_s180_W2_cf_state,DiagReachK3,180,W2,cf_state,2,1440,selection,12,8.576538739396103,8.347634899410574,0.22890383998552957,0.5833333333333334,0.4166666666666667,"[6.7535156806310015, 4.221051196257274, 9.995484034220377]","[0.4166666666666667, 0.0, 0.0]","[0.038063310441516694, 0.0, 0.0]",3.1973180770874023
development_DiagReachK3_s180_W2_cf_state,DiagReachK3,180,W2,cf_state,2,1440,acceptance,8,8.431187321175821,8.431187321175821,0.0,1.0,0.0,"[5.5232226848602295, 4.116464853286743, 8.676129817962646]","[0.0, 0.0, 0.0]","[0.0, 0.0, 0.0]",0.0
development_DiagReachK3_s180_W2_cf_state,DiagReachK3,180,W2,cf_state,3,1920,exploration,20,6.550810984191484,5.227682373342104,1.3231286108493805,0.35,0.2,"[4.745136639475822, 3.234531059861183, 6.614967924356461]","[0.15, 0.1, 0.1]","[0.06440418107169014, 0.005942069567166841, 0.02511292266845703]",16.06728506088257
development_DiagReachK3_s180_W2_cf_state,DiagReachK3,180,W2,cf_state,3,1920,selection,12,8.441975951188942,8.441975951188942,0.0,1.0,0.0,"[5.230802496274312, 3.965732753276825, 8.26396099726359]","[0.0, 0.0, 0.0]","[0.0, 0.0, 0.0]",0.0
development_DiagReachK3_s180_W2_cf_state,DiagReachK3,180,W2,cf_state,3,1920,acceptance,8,8.414899440581213,8.414899440581213,0.0,1.0,0.0,"[5.296345889568329, 4.005068778991699, 8.360346615314484]","[0.0, 0.0, 0.0]","[0.0, 0.0, 0.0]",0.0
development_DiagReachK3_s180_W2_cf_state,DiagReachK3,180,W2,cf_state,4,2400,exploration,20,6.199220916472841,5.677518880211283,0.5217020362615585,0.15,0.15,"[3.7276487976312636, 3.9589859172701836, 6.5164615213871]","[0.05, 0.1, 0.0]","[0.014217083794730046, 0.0347046632033128, 0.0]",6.501997947692871
development_DiagReachK3_s180_W2_cf_state,DiagReachK3,180,W2,cf_state,4,2400,selection,12,8.513264798388507,8.504945033059146,0.008319765329360962,0.8333333333333334,0.16666666666666666,"[5.870767752329509, 4.097353835900624, 8.986712654431662]","[0.16666666666666666, 0.0, 0.0]","[0.001663951646713994, 0.0, 0.0]",0.1397719383239746
development_DiagReachK3_s180_W2_cf_state,DiagReachK3,180,W2,cf_state,4,2400,acceptance,8,8.542083036445547,8.542083036445547,0.0,1.0,0.0,"[5.345151305198669, 4.169168293476105, 8.545965671539307]","[0.0, 0.0, 0.0]","[0.0, 0.0, 0.0]",0.0
development_DiagReachK3_s180_W2_cf_state,DiagReachK3,180,W2,cf_state,5,2880,exploration,20,6.952138229163831,6.200457199367229,0.7516810297966003,0.4,0.35,"[4.827581763267517, 4.089868851006031, 7.833695676922798]","[0.2, 0.15, 0.1]","[0.027223042079380578, 0.03832456148587741, 0.0036618041992187546]",9.708869934082031
development_DiagReachK3_s180_W2_cf_state,DiagReachK3,180,W2,cf_state,5,2880,selection,12,8.807148555010402,8.807148555010402,0.0,1.0,0.0,"[6.272553602854411, 4.345406870047252, 9.624947468439737]","[0.0, 0.0, 0.0]","[0.0, 0.0, 0.0]",0.0
development_DiagReachK3_s180_W2_cf_state,DiagReachK3,180,W2,cf_state,5,2880,acceptance,8,8.808422384108418,8.808422384108418,0.0,1.0,0.0,"[6.370325028896332, 4.308023601770401, 9.6752690076828]","[0.0, 0.0, 0.0]","[0.0, 0.0, 0.0]",0.0
development_DiagReachK3_s180_W2_cf_state,DiagReachK3,180,W2,cf_state,6,3360,exploration,20,8.077744813754688,5.823780017092359,2.2539647966623306,0.4,0.5,"[6.6991783618927006, 5.184508419036865, 10.697315084934235]","[0.3, 0.25, 0.2]","[0.09824948310852051, 0.04633495991046612, 0.015994892120361325]",23.7771954536438
development_DiagReachK3_s180_W2_cf_state,DiagReachK3,180,W2,cf_state,6,3360,selection,12,8.898902757448699,8.898902757448699,0.0,1.0,0.0,"[5.803513050079346, 4.689319372177124, 9.489888429641724]","[0.0, 0.0, 0.0]","[0.0, 0.0, 0.0]",0.0
development_DiagReachK3_s180_W2_cf_state,DiagReachK3,180,W2,cf_state,6,3360,acceptance,8,9.156754608912161,9.156754608912161,0.0,1.0,0.0,"[6.3099485039711, 4.7533223032951355, 10.062784552574158]","[0.0, 0.0, 0.0]","[0.0, 0.0, 0.0]",0.0
development_DiagReachK3_s180_W2_cf_state,DiagReachK3,180,W2,cf_state,7,3840,exploration,20,7.40998337244906,6.79756846105971,0.6124149113893509,0.4,0.3,"[5.019863724708557, 4.777258482575417, 8.634203314781189]","[0.1, 0.25, 0.05]","[0.005154657363891602, 0.04944874690129207, 0.008827697753906249]",9.356913566589355
development_DiagReachK3_s180_W2_cf_state,DiagReachK3,180,W2,cf_state,7,3840,selection,12,8.938200172781945,8.938200172781945,0.0,1.0,0.0,"[6.12783408164978, 4.461673359076182, 9.587275981903076]","[0.0, 0.0, 0.0]","[0.0, 0.0, 0.0]",0.0
development_DiagReachK3_s180_W2_cf_state,DiagReachK3,180,W2,cf_state,7,3840,acceptance,8,9.244913377059856,9.244913377059856,0.0,1.0,0.0,"[5.846969246864319, 4.997216820716858, 9.8392493724823]","[0.0, 0.0, 0.0]","[0.0, 0.0, 0.0]",0.0
development_DiagReachK3_s180_W2_cf_state,DiagReachK3,180,W2,cf_state,8,4320,exploration,20,7.369834329446311,6.801671575268266,0.5681627541780472,0.4,0.25,"[4.931776440143585, 4.4969156861305235, 8.254765844345092]","[0.2, 0.05, 0.1]","[0.04052251747676304, 0.003175621766310477, 0.005669265747070306]",7.503299713134766
development_DiagReachK3_s180_W2_cf_state,DiagReachK3,180,W2,cf_state,8,4320,selection,12,9.094936610249956,9.094936610249956,0.0,1.0,0.0,"[5.454070687294006, 5.055926322937012, 9.509576082229614]","[0.0, 0.0, 0.0]","[0.0, 0.0, 0.0]",0.0
development_DiagReachK3_s180_W2_cf_state,DiagReachK3,180,W2,cf_state,8,4320,acceptance,8,9.261419574695173,9.261419574695173,0.0,1.0,0.0,"[5.947243571281433, 5.117319464683533, 10.060754537582397]","[0.0, 0.0, 0.0]","[0.0, 0.0, 0.0]",0.0
development_DiagReachK3_s180_W2_cf_state,DiagReachK3,180,W2,cf_state,9,4800,exploration,20,7.518051213473082,5.3985409055650235,2.119510307908058,0.45,0.35,"[5.551961344480515, 4.493349528312683, 8.790492376685142]","[0.25, 0.15, 0.15]","[0.05778795310429165, 0.05271134743323693, 0.018145957946777348]",19.479278087615967
development_DiagReachK3_s180_W2_cf_state,DiagReachK3,180,W2,cf_state,9,4800,selection,12,8.983116856155297,8.983116856155297,0.0,1.0,0.0,"[5.733589251836141, 4.717694481213887, 9.449214617411295]","[0.0, 0.0, 0.0]","[0.0, 0.0, 0.0]",0.0
development_DiagReachK3_s180_W2_cf_state,DiagReachK3,180,W2,cf_state,9,4800,acceptance,8,9.265678387088702,9.265678387088702,0.0,1.0,0.0,"[5.880812883377075, 4.995503902435303, 9.875761985778809]","[0.0, 0.0, 0.0]","[0.0, 0.0, 0.0]",0.0
development_DiagReachK3_s180_W2_cf_state,DiagReachK3,180,W2,cf_state,10,5280,exploration,20,7.050580225018784,6.6284520393889395,0.42212818562984467,0.4,0.3,"[5.193180507421493, 3.7444532766938208, 7.799641418457031]","[0.2, 0.1, 0.1]","[0.03139825548444475, 0.015624215052678025, 0.001362239837646484]",6.767463684082031
development_DiagReachK3_s180_W2_cf_state,DiagReachK3,180,W2,cf_state,10,5280,selection,12,9.313984575971455,9.290582500998667,0.023402074972788494,0.6666666666666666,0.3333333333333333,"[6.129340887069702, 5.406195878982544, 10.514596144358316]","[0.3333333333333333, 0.0, 0.0]","[0.004680423509506963, 0.0, 0.0]",0.393155574798584
development_DiagReachK3_s180_W2_cf_state,DiagReachK3,180,W2,cf_state,10,5280,acceptance,8,9.241741037357134,9.241741037357134,0.0,1.0,0.0,"[5.941206336021423, 5.025041222572327, 9.964114904403687]","[0.0, 0.0, 0.0]","[0.0, 0.0, 0.0]",0.0
development_DiagReachK3_s180_W2_cf_state,DiagReachK3,180,W2,cf_state,11,5760,exploration,20,7.273521903153743,5.786447438594187,1.487074464559555,0.3,0.35,"[5.3619628846645355, 3.909622755646706, 8.165308478474618]","[0.2, 0.2, 0.1]","[0.054003507750374935, 0.0215674693767841, 0.02092372894287109]",15.595194339752197
development_DiagReachK3_s180_W2_cf_state,DiagReachK3,180,W2,cf_state,11,5760,selection,12,9.070989395237,9.070989395237,0.0,1.0,0.0,"[5.415207346280416, 5.17103370030721, 9.571832021077475]","[0.0, 0.0, 0.0]","[0.0, 0.0, 0.0]",0.0
development_DiagReachK3_s180_W2_cf_state,DiagReachK3,180,W2,cf_state,11,5760,acceptance,8,9.246638150454965,9.246638150454965,0.0,1.0,0.0,"[5.870500445365906, 4.968378067016602, 9.838878870010376]","[0.0, 0.0, 0.0]","[0.0, 0.0, 0.0]",0.0
development_DiagReachK3_s180_W2_cf_state,DiagReachK3,180,W2,cf_state,12,6240,exploration,20,7.410022772610537,7.220402858913294,0.18961991369724274,0.65,0.1,"[4.7258058309555055, 4.313844960927963, 7.916670739650726]","[0.0, 0.1, 0.0]","[0.0, 0.018407513545109676, 0.0]",2.392976760864258
development_DiagReachK3_s180_W2_cf_state,DiagReachK3,180,W2,cf_state,12,6240,selection,12,9.405731745836478,9.361370517092288,0.04436122874418894,0.6666666666666666,0.3333333333333333,"[6.532952229181926, 5.28582501411438, 10.777445872624716]","[0.3333333333333333, 0.0, 0.0]","[0.008855325835091724, 0.0, 0.0]",0.7438473701477051
development_DiagReachK3_s180_W2_cf_state,DiagReachK3,180,W2,cf_state,12,6240,acceptance,8,9.285915772369481,9.285915772369481,0.0,1.0,0.0,"[6.214008033275604, 5.086750388145447, 10.263701319694519]","[0.0, 0.0, 0.0]","[0.0, 0.0, 0.0]",0.0
development_DiagReachK3_s180_W2_cf_state,DiagReachK3,180,W2,cf_state,13,6720,exploration,20,7.763925281084957,6.978386220253887,0.78553906083107,0.3,0.45,"[5.877065408229828, 5.128347814083099, 9.923306131362915]","[0.35, 0.25, 0.25]","[0.052900665146963954, 0.014808350342970645, 0.021546180725097664]",14.717723846435547
development_DiagReachK3_s180_W2_cf_state,DiagReachK3,180,W2,cf_state,13,6720,selection,12,9.154352883407652,9.154352883407652,0.0,1.0,0.0,"[5.682424982388814, 5.133492191632588, 9.78890577952067]","[0.0, 0.0, 0.0]","[0.0, 0.0, 0.0]",0.0
development_DiagReachK3_s180_W2_cf_state,DiagReachK3,180,W2,cf_state,13,6720,acceptance,8,9.356203116278628,9.356203116278628,0.0,1.0,0.0,"[6.288017511367798, 5.018113613128662, 10.277382135391235]","[0.0, 0.0, 0.0]","[0.0, 0.0, 0.0]",0.0
development_DiagReachK3_s180_W2_cf_state,DiagReachK3,180,W2,cf_state,14,7200,exploration,20,7.231320027004695,6.811488199721789,0.4198318272829056,0.2,0.35,"[5.819345182180404, 4.283944234251976, 8.887541151046753]","[0.3, 0.05, 0.05]","[0.032039495876857206, 0.006642748759343076, 0.0074669494628906265]",7.215824127197266
development_DiagReachK3_s180_W2_cf_state,DiagReachK3,180,W2,cf_state,14,7200,selection,12,9.32880256259911,9.291893230721085,0.03690933187802633,0.6666666666666666,0.3333333333333333,"[6.604238669077556, 5.096342325210571, 10.634264469146729]","[0.3333333333333333, 0.0, 0.0]","[0.007381864956447048, 0.0, 0.0]",0.6200766563415527
development_DiagReachK3_s180_W2_cf_state,DiagReachK3,180,W2,cf_state,14,7200,acceptance,8,9.319477197458037,9.319477197458037,0.0,1.0,0.0,"[6.341389417648315, 5.00208580493927, 10.310301303863525]","[0.0, 0.0, 0.0]","[0.0, 0.0, 0.0]",0.0
development_DiagReachK3_s180_W2_cf_state,DiagReachK3,180,W2,cf_state,15,7680,exploration,20,7.7940425144671455,7.124554233455564,0.6694882810115814,0.55,0.3,"[6.038030803203583, 4.617739337682724, 9.492022967338562]","[0.2, 0.15, 0.1]","[0.028227560860770086, 0.02399288691007174, 0.013520858764648447]",10.451148509979248
development_DiagReachK3_s180_W2_cf_state,DiagReachK3,180,W2,cf_state,15,7680,selection,12,9.287931856607125,9.287931856607125,0.0,1.0,0.0,"[5.937243978182475, 5.30705185731252, 10.205442984898886]","[0.0, 0.0, 0.0]","[0.0, 0.0, 0.0]",0.0
development_DiagReachK3_s180_W2_cf_state,DiagReachK3,180,W2,cf_state,15,7680,acceptance,8,9.383452544291504,9.383452544291504,0.0,1.0,0.0,"[6.38184130191803, 5.059015154838562, 10.402743339538574]","[0.0, 0.0, 0.0]","[0.0, 0.0, 0.0]",0.0
development_DiagReachK3_s180_W2_cf_state,DiagReachK3,180,W2,cf_state,16,8160,exploration,20,7.976291569985913,7.527594837464856,0.44869673252105713,0.65,0.15,"[5.824925315380097, 4.676964032649994, 9.419590067863464]","[0.1, 0.05, 0.0]","[0.025917795726231162, 0.004284117772028995, 0.0]",4.185426712036133
development_DiagReachK3_s180_W2_cf_state,DiagReachK3,180,W2,cf_state,16,8160,selection,12,9.433665466313444,9.433665466313444,0.0,1.0,0.0,"[6.373494625091553, 5.51017701625824, 10.809413194656372]","[0.0, 0.0, 0.0]","[0.0, 0.0, 0.0]",0.0
development_DiagReachK3_s180_W2_cf_state,DiagReachK3,180,W2,cf_state,16,8160,acceptance,8,9.4796972438402,9.4796972438402,0.0,1.0,0.0,"[6.452851414680481, 5.455295085906982, 10.849488019943237]","[0.0, 0.0, 0.0]","[0.0, 0.0, 0.0]",0.0
development_DiagReachK3_s180_W2_cf_state,DiagReachK3,180,W2,cf_state,17,8640,exploration,20,7.898401081450284,6.861516356356442,1.0368847250938416,0.1,0.55,"[6.447684001922608, 5.130774283409119, 10.484504985809327]","[0.35, 0.25, 0.15]","[0.041866176468985425, 0.04328408608069788, 0.01828305435180664]",16.058959484100342
development_DiagReachK3_s180_W2_cf_state,DiagReachK3,180,W2,cf_state,17,8640,selection,12,9.50591275955861,9.50591275955861,0.0,1.0,0.0,"[6.578144907951355, 5.519408384958903, 11.016364812850952]","[0.0, 0.0, 0.0]","[0.0, 0.0, 0.0]",0.0
development_DiagReachK3_s180_W2_cf_state,DiagReachK3,180,W2,cf_state,17,8640,acceptance,8,9.573100440960843,9.573100440960843,0.0,1.0,0.0,"[6.721390604972839, 5.7540459632873535, 11.393862247467041]","[0.0, 0.0, 0.0]","[0.0, 0.0, 0.0]",0.0
development_DiagReachK3_s180_W2_cf_state,DiagReachK3,180,W2,cf_state,18,9120,exploration,20,7.597258836340624,7.527202204179484,0.07005663216114044,0.4,0.15,"[5.397293221950531, 4.37696348130703, 8.630210661888123]","[0.1, 0.05, 0.0]","[0.00936642714909145, 0.000610674344576323, 0.0]",1.3906874656677246
development_DiagReachK3_s180_W2_cf_state,DiagReachK3,180,W2,cf_state,18,9120,selection,12,9.716712421613435,9.488222660062213,0.22848976155122122,0.6666666666666666,0.3333333333333333,"[6.715432405471802, 6.352013071378072, 11.959549109141031]","[0.0, 0.3333333333333333, 0.0]","[0.0, 0.02100420609498634, 0.0]",1.6383280754089355
development_DiagReachK3_s180_W2_cf_state,DiagReachK3,180,W2,cf_state,18,9120,acceptance,8,9.629604858215316,9.60422065561579,0.02538420259952545,0.5,0.5,"[6.8957125544548035, 6.053562939167023, 11.856528759002686]","[0.5, 0.0, 0.0]","[0.005076834133693142, 0.0, 0.0]",0.2843027114868164
development_DiagReachK3_s180_W2_cf_state,DiagReachK3,180,W2,cf_state,19,9600,exploration,20,7.593680010901298,7.424199731813277,0.16948027908802032,0.3,0.15,"[5.592690944671631, 4.34628087580204, 8.79264407157898]","[0.15, 0.05, 0.1]","[0.01567547661917551, 0.0005604707277738097, 0.0038160552978515616]",3.2214417457580566
development_DiagReachK3_s180_W2_cf_state,DiagReachK3,180,W2,cf_state,19,9600,selection,12,9.638393989826241,9.631367297594744,0.007026692231496175,0.75,0.25,"[6.798853635787964, 5.833056648572286, 11.534870227177938]","[0.25, 0.0, 0.0]","[0.0014053469612484992, 0.0, 0.0]",0.11804914474487305
development_DiagReachK3_s180_W2_cf_state,DiagReachK3,180,W2,cf_state,19,9600,acceptance,8,9.623864088731352,9.623864088731352,0.0,1.0,0.0,"[6.593536674976349, 5.936035752296448, 11.448635697364807]","[0.0, 0.0, 0.0]","[0.0, 0.0, 0.0]",0.0
development_DiagReachK3_s180_W2_cf_state,DiagReachK3,180,W2,cf_state,20,10080,exploration,20,8.094058935559877,6.763174598134645,1.330884337425232,0.45,0.4,"[5.916166770458221, 5.492356860637665, 10.268911027908326]","[0.25, 0.25, 0.1]","[0.04193577425820486, 0.036899603330172025, 0.005830146789550783]",12.12549352645874
development_DiagReachK3_s180_W2_cf_state,DiagReachK3,180,W2,cf_state,20,10080,selection,12,9.583008350732658,9.517451238436236,0.06555711229642232,0.6666666666666666,0.3333333333333333,"[6.898136576016744, 5.856287161509196, 11.654423395792643]","[0.3333333333333333, 0.0, 0.0]","[0.013111415363493417, 0.0, 0.0]",1.1013588905334473
development_DiagReachK3_s180_W2_cf_state,DiagReachK3,180,W2,cf_state,20,10080,acceptance,8,9.739132908213652,9.739132908213652,0.0,1.0,0.0,"[6.6840304136276245, 6.030339598655701, 11.612862348556519]","[0.0, 0.0, 0.0]","[0.0, 0.0, 0.0]",0.0
development_DiagReachK3_s180_W2_cf_state,DiagReachK3,180,W2,cf_state,21,10560,exploration,20,7.907966579906642,7.1605048511549825,0.7474617287516594,0.4,0.25,"[5.859809875488281, 5.228570592403412, 9.979746103286743]","[0.2, 0.1, 0.1]","[0.02207716192517961, 0.013126839124239408, 0.008183849334716798]",6.843254089355469
development_DiagReachK3_s180_W2_cf_state,DiagReachK3,180,W2,cf_state,21,10560,selection,12,9.487263060634724,9.487263060634724,0.0,1.0,0.0,"[6.2211629549662275, 5.692509611447652, 10.801737546920776]","[0.0, 0.0, 0.0]","[0.0, 0.0, 0.0]",0.0
development_DiagReachK3_s180_W2_cf_state,DiagReachK3,180,W2,cf_state,21,10560,acceptance,8,9.664104010496523,9.664104010496523,0.0,1.0,0.0,"[6.7134833335876465, 6.036970019340515, 11.650453329086304]","[0.0, 0.0, 0.0]","[0.0, 0.0, 0.0]",0.0
development_DiagReachK3_s180_W2_cf_state,DiagReachK3,180,W2,cf_state,22,11040,exploration,20,7.759266242072917,6.98609237341676,0.7731738686561584,0.25,0.4,"[5.750113308429718, 4.857494342327118, 9.477042889595031]","[0.25, 0.15, 0.2]","[0.04230548654283798, 0.030252243922306944, 0.007785484313964852]",11.801930904388428
development_DiagReachK3_s180_W2_cf_state,DiagReachK3,180,W2,cf_state,22,11040,selection,12,9.468166418398749,9.468166418398749,0.0,1.0,0.0,"[6.515463034311931, 5.7944901784261065, 11.209953228632608]","[0.0, 0.0, 0.0]","[0.0, 0.0, 0.0]",0.0
development_DiagReachK3_s180_W2_cf_state,DiagReachK3,180,W2,cf_state,22,11040,acceptance,8,9.683245490741683,9.683245490741683,0.0,1.0,0.0,"[6.728722810745239, 6.116045236587524, 11.744768142700195]","[0.0, 0.0, 0.0]","[0.0, 0.0, 0.0]",0.0
development_DiagReachK3_s180_W2_cf_state,DiagReachK3,180,W2,cf_state,23,11520,exploration,20,7.951348116896115,6.987557655475102,0.9637904614210129,0.45,0.35,"[5.824977648258209, 5.3390932321548465, 10.013957929611205]","[0.15, 0.25, 0.15]","[0.012714297430855892, 0.05167998167184683, 0.010731105804443353]",11.181175708770752
development_DiagReachK3_s180_W2_cf_state,DiagReachK3,180,W2,cf_state,23,11520,selection,12,9.38711845387103,9.38711845387103,0.0,1.0,0.0,"[6.651608149210612, 5.1239109834035235, 10.677506923675537]","[0.0, 0.0, 0.0]","[0.0, 0.0, 0.0]",0.0
development_DiagReachK3_s180_W2_cf_state,DiagReachK3,180,W2,cf_state,23,11520,acceptance,8,9.709339704923332,9.709339704923332,0.0,1.0,0.0,"[6.723934173583984, 6.11782443523407, 11.741758346557617]","[0.0, 0.0, 0.0]","[0.0, 0.0, 0.0]",0.0
development_DiagReachK3_s180_W2_cf_state,DiagReachK3,180,W2,cf_state,24,12000,exploration,20,8.188871404408712,6.194037197410362,1.9948342069983482,0.35,0.55,"[6.035292220115662, 5.796290504932403, 10.627219295501709]","[0.25, 0.35, 0.1]","[0.06179965904780795, 0.03695164093604456, 0.022821777343749995]",19.161109924316406
development_DiagReachK3_s180_W2_cf_state,DiagReachK3,180,W2,cf_state,24,12000,selection,12,9.304916515705553,9.304916515705553,0.0,1.0,0.0,"[6.076936920483907, 5.441377480824788, 10.409676710764566]","[0.0, 0.0, 0.0]","[0.0, 0.0, 0.0]",0.0
development_DiagReachK3_s180_W2_cf_state,DiagReachK3,180,W2,cf_state,24,12000,acceptance,8,9.660416522441665,9.660416522441665,0.0,1.0,0.0,"[6.593425989151001, 5.972432017326355, 11.46514081954956]","[0.0, 0.0, 0.0]","[0.0, 0.0, 0.0]",0.0
development_DiagReachK3_s180_W2_time_loo,DiagReachK3,180,W2,time_loo,0,480,exploration,20,3.995492234220728,3.810164734115824,0.18532750010490417,0.05,0.15,"[1.2264814153313637, 2.8878522530198096, 2.897287717461586]","[0.0, 0.15, 0.05]","[0.0, 0.012627634635338414, 0.0034752922058105427]",2.510415554046631
development_DiagReachK3_s180_W2_time_loo,DiagReachK3,180,W2,time_loo,0,480,selection,12,4.361258044169517,4.361258044169517,0.0,0.0,0.0,"[0.7704618573188782, 1.4890869781374931, 1.6708193520704906]","[0.0, 0.0, 0.0]","[0.0, 0.0, 0.0]",0.0
development_DiagReachK3_s180_W2_time_loo,DiagReachK3,180,W2,time_loo,0,480,acceptance,8,4.618351698959668,4.618351698959668,0.0,0.0,0.0,"[1.1238103359937668, 1.6619440354406834, 2.1447047516703606]","[0.0, 0.0, 0.0]","[0.0, 0.0, 0.0]",0.0
development_DiagReachK3_s180_W2_time_loo,DiagReachK3,180,W2,time_loo,1,960,exploration,20,5.4875330593861875,5.371879321006709,0.11565373837947845,0.2,0.1,"[2.3469162434339523, 3.2861917495727537, 4.390116551518441]","[0.05, 0.05, 0.0]","[0.0030140944889613607, 0.00467030085050143, 0.0]",1.0291123390197754
development_DiagReachK3_s180_W2_time_loo,DiagReachK3,180,W2,time_loo,1,960,selection,12,7.420288492320832,7.420288492320832,0.0,0.6666666666666666,0.0,"[3.6810931861400604, 3.2478461265563965, 6.058656295140584]","[0.0, 0.0, 0.0]","[0.0, 0.0, 0.0]",0.0
development_DiagReachK3_s180_W2_time_loo,DiagReachK3,180,W2,time_loo,1,960,acceptance,8,7.464579817539925,7.464579817539925,0.0,0.5,0.0,"[3.9691671431064606, 3.3193438351154327, 6.40090474486351]","[0.0, 0.0, 0.0]","[0.0, 0.0, 0.0]",0.0
development_DiagReachK3_s180_W2_time_loo,DiagReachK3,180,W2,time_loo,2,1440,exploration,20,6.7665326383977655,6.101425283876013,0.6651073545217514,0.3,0.25,"[4.495903199911117, 3.8987576603889464, 7.250419855117798]","[0.15, 0.1, 0.1]","[0.029817737851824077, 0.016681282336895274, 0.00564870834350586]",7.755227088928223
development_DiagReachK3_s180_W2_time_loo,DiagReachK3,180,W2,time_loo,2,1440,selection,12,8.545887902025909,8.31743581557724,0.22845208644866943,0.6666666666666666,0.3333333333333333,"[6.55680791536967, 4.182910939057668, 9.761882384618124]","[0.3333333333333333, 0.0, 0.0]","[0.03797296115330288, 0.0, 0.0]",3.1897287368774414
development_DiagReachK3_s180_W2_time_loo,DiagReachK3,180,W2,time_loo,2,1440,acceptance,8,8.495826028427109,8.495826028427109,0.0,1.0,0.0,"[5.866517245769501, 4.141255259513855, 9.025993466377258]","[0.0, 0.0, 0.0]","[0.0, 0.0, 0.0]",0.0
development_DiagReachK3_s180_W2_time_loo,DiagReachK3,180,W2,time_loo,3,1920,exploration,20,6.797767075612209,5.367215710594318,1.430551365017891,0.3,0.2,"[5.1488637894392015, 3.335831940174103, 7.1505441725254055]","[0.15, 0.1, 0.1]","[0.06566237722124371, 0.0064947091616117, 0.027692504882812507]",16.960171222686768
development_DiagReachK3_s180_W2_time_loo,DiagReachK3,180,W2,time_loo,3,1920,selection,12,8.294383552251384,8.294383552251384,0.0,1.0,0.0,"[5.489547808965047, 3.761216461658478, 8.298977176348368]","[0.0, 0.0, 0.0]","[0.0, 0.0, 0.0]",0.0
development_DiagReachK3_s180_W2_time_loo,DiagReachK3,180,W2,time_loo,3,1920,acceptance,8,8.529490848141723,8.529490848141723,0.0,1.0,0.0,"[6.342618107795715, 4.003138720989227, 9.351101160049438]","[0.0, 0.0, 0.0]","[0.0, 0.0, 0.0]",0.0
development_DiagReachK3_s180_W2_time_loo,DiagReachK3,180,W2,time_loo,4,2400,exploration,20,6.510785319157877,6.001424782224931,0.5093605369329453,0.15,0.3,"[4.533877688646316, 3.9269538074731827, 7.277371764183044]","[0.2, 0.1, 0.05]","[0.029110346521650045, 0.022050839204054616, 0.006553146362304685]",8.580344200134277
development_DiagReachK3_s180_W2_time_loo,DiagReachK3,180,W2,time_loo,4,2400,selection,12,8.62332906142498,8.456396890835215,0.16693217058976492,0.6666666666666666,0.3333333333333333,"[6.799398382504781, 4.2126192053159075, 10.009843826293945]","[0.3333333333333333, 0.0, 0.0]","[0.02991365251087008, 0.0, 0.0]",2.512746810913086
development_DiagReachK3_s180_W2_time_loo,DiagReachK3,180,W2,time_loo,4,2400,acceptance,8,8.608935820625629,8.608935820625629,0.0,1.0,0.0,"[6.428909540176392, 4.186267971992493, 9.620002508163452]","[0.0, 0.0, 0.0]","[0.0, 0.0, 0.0]",0.0
development_DiagReachK3_s180_W2_time_loo,DiagReachK3,180,W2,time_loo,5,2880,exploration,20,7.055785945633543,6.007938764074934,1.047847181558609,0.4,0.4,"[5.214889098703861, 4.17543717622757, 8.21456889808178]","[0.25, 0.2, 0.15]","[0.05354366302490234, 0.02897286781897911, 0.013866226196289067]",14.729142189025879
development_DiagReachK3_s180_W2_time_loo,DiagReachK3,180,W2,time_loo,5,2880,selection,12,8.650831887242385,8.585203795748143,0.06562809149424235,0.6666666666666666,0.3333333333333333,"[6.430559118588765, 4.304315825303395, 9.717764218648275]","[0.3333333333333333, 0.0, 0.0]","[0.01312561829884847, 0.0, 0.0]",1.1025519371032715
development_DiagReachK3_s180_W2_time_loo,DiagReachK3,180,W2,time_loo,5,2880,acceptance,8,8.812044356006663,8.812044356006663,0.0,1.0,0.0,"[6.168574869632721, 4.717548847198486, 9.85833466053009]","[0.0, 0.0, 0.0]","[0.0, 0.0, 0.0]",0.0
development_DiagReachK3_s180_W2_time_loo,DiagReachK3,180,W2,time_loo,6,3360,exploration,20,7.030236802682047,6.068335987314349,0.9619008153676987,0.3,0.15,"[4.465350604057312, 4.621954983472824, 7.926369047164917]","[0.1, 0.15, 0.1]","[0.01419026170458112, 0.028242899821354795, 0.018234718322753907]",10.216893196105957
development_DiagReachK3_s180_W2_time_loo,DiagReachK3,180,W2,time_loo,6,3360,selection,12,8.788547680065191,8.788547680065191,0.0,1.0,0.0,"[5.635657588640849, 4.555238962173462, 9.17235016822815]","[0.0, 0.0, 0.0]","[0.0, 0.0, 0.0]",0.0
development_DiagReachK3_s180_W2_time_loo,DiagReachK3,180,W2,time_loo,6,3360,acceptance,8,9.008489701594225,9.008489701594225,0.0,1.0,0.0,"[5.503625869750977, 5.172388434410095, 9.631328105926514]","[0.0, 0.0, 0.0]","[0.0, 0.0, 0.0]",0.0
development_DiagReachK3_s180_W2_time_loo,DiagReachK3,180,W2,time_loo,7,3840,exploration,20,7.183415599993896,6.483711697987745,0.6997039020061493,0.4,0.3,"[4.601455307006836, 4.880434560775757, 8.256479501724243]","[0.1, 0.25, 0.05]","[0.005922116552080437, 0.054279246697059046, 0.01152084350585938]",10.76560926437378
development_DiagReachK3_s180_W2_time_loo,DiagReachK3,180,W2,time_loo,7,3840,selection,12,8.74469909989857,8.74469909989857,0.0,1.0,0.0,"[5.493797779083252, 4.553172667821248, 9.01907722155253]","[0.0, 0.0, 0.0]","[0.0, 0.0, 0.0]",0.0
development_DiagReachK3_s180_W2_time_loo,DiagReachK3,180,W2,time_loo,7,3840,acceptance,8,8.966292680520565,8.966292680520565,0.0,1.0,0.0,"[5.4096808433532715, 5.14194130897522, 9.5069899559021]","[0.0, 0.0, 0.0]","[0.0, 0.0, 0.0]",0.0
development_DiagReachK3_s180_W2_time_loo,DiagReachK3,180,W2,time_loo,8,4320,exploration,20,7.116942682369117,6.359932580097084,0.7570101022720337,0.35,0.3,"[4.5299455121159555, 4.668290221691132, 7.878115338087082]","[0.2, 0.1, 0.1]","[0.049242046901157924, 0.004027296946598935, 0.010436759948730468]",10.026625156402588
development_DiagReachK3_s180_W2_time_loo,DiagReachK3,180,W2,time_loo,8,4320,selection,12,8.880924234464569,8.880924234464569,0.0,1.0,0.0,"[5.0897732973098755, 5.169566750526428, 9.237131754557291]","[0.0, 0.0, 0.0]","[0.0, 0.0, 0.0]",0.0
development_DiagReachK3_s180_W2_time_loo,DiagReachK3,180,W2,time_loo,8,4320,acceptance,8,8.9581422810792,8.9581422810792,0.0,1.0,0.0,"[5.344461560249329, 5.552899241447449, 9.85761046409607]","[0.0, 0.0, 0.0]","[0.0, 0.0, 0.0]",0.0
development_DiagReachK3_s180_W2_time_loo,DiagReachK3,180,W2,time_loo,9,4800,exploration,20,7.278349982318469,4.727794574317522,2.550555408000946,0.35,0.35,"[5.1786657810211185, 4.668255907297135, 8.529451626539231]","[0.25, 0.15, 0.15]","[0.06951253073556084, 0.054751689617450416, 0.0289005012512207]",24.074599266052246
development_DiagReachK3_s180_W2_time_loo,DiagReachK3,180,W2,time_loo,9,4800,selection,12,8.772045457882147,8.772045457882147,0.0,1.0,0.0,"[5.258212169011434, 4.779673218727112, 8.994571288426718]","[0.0, 0.0, 0.0]","[0.0, 0.0, 0.0]",0.0
development_DiagReachK3_s180_W2_time_loo,DiagReachK3,180,W2,time_loo,9,4800,acceptance,8,8.97539069217164,8.97539069217164,0.0,1.0,0.0,"[5.442589521408081, 5.141660809516907, 9.518060207366943]","[0.0, 0.0, 0.0]","[0.0, 0.0, 0.0]",0.0
development_DiagReachK3_s180_W2_time_loo,DiagReachK3,180,W2,time_loo,10,5280,exploration,20,6.93822705762697,6.335157722404726,0.6030693352222443,0.3,0.4,"[4.979758334159851, 4.003305569291115, 7.870042312145233]","[0.25, 0.15, 0.05]","[0.04534951618739537, 0.018299022087684035, 0.004992744445800779]",9.975991249084473
development_DiagReachK3_s180_W2_time_loo,DiagReachK3,180,W2,time_loo,10,5280,selection,12,9.255812420659156,9.222732140832038,0.03308027982711792,0.6666666666666666,0.3333333333333333,"[5.8102876742680865, 5.7181886831919355, 10.451323827107748]","[0.25, 0.3333333333333333, 0.16666666666666666]","[0.0022055705388387046, 0.003564553383069158, 0.0008459409077962166]",0.5901942253112793
development_DiagReachK3_s180_W2_time_loo,DiagReachK3,180,W2,time_loo,10,5280,acceptance,8,8.965163245069562,8.965163245069562,0.0,1.0,0.0,"[5.2073840498924255, 5.247885823249817, 9.369007110595703]","[0.0, 0.0, 0.0]","[0.0, 0.0, 0.0]",0.0
development_DiagReachK3_s180_W2_time_loo,DiagReachK3,180,W2,time_loo,11,5760,exploration,20,7.671860959961778,6.5929905740765395,1.0788703858852386,0.5,0.45,"[5.331188952922821, 5.241884577274322, 9.345002937316895]","[0.2, 0.3, 0.1]","[0.01763518878391811, 0.06593587581927961, 0.020096984863281254]",16.064836502075195
development_DiagReachK3_s180_W2_time_loo,DiagReachK3,180,W2,time_loo,11,5760,selection,12,8.608288980837642,8.608288980837642,0.0,1.0,0.0,"[4.731413781642914, 4.784790476163228, 8.460824092229208]","[0.0, 0.0, 0.0]","[0.0, 0.0, 0.0]",0.0
development_DiagReachK3_s180_W2_time_loo,DiagReachK3,180,W2,time_loo,11,5760,acceptance,8,8.996717334364075,8.996717334364075,0.0,1.0,0.0,"[4.861737847328186, 5.305302977561951, 9.081347703933716]","[0.0, 0.0, 0.0]","[0.0, 0.0, 0.0]",0.0
development_DiagReachK3_s180_W2_time_loo,DiagReachK3,180,W2,time_loo,12,6240,exploration,20,7.151721011963092,7.147239130106174,0.004481881856918335,0.6,0.05,"[3.9557716593146326, 4.523867070674896, 7.270441043376922]","[0.0, 0.05, 0.0]","[0.0, 0.0008963768298809293, 0.0]",0.11652898788452148
development_DiagReachK3_s180_W2_time_loo,DiagReachK3,180,W2,time_loo,12,6240,selection,12,9.10162573282408,9.10162573282408,0.0,1.0,0.0,"[5.605296015739441, 5.4394108057022095, 9.984904289245605]","[0.0, 0.0, 0.0]","[0.0, 0.0, 0.0]",0.0
development_DiagReachK3_s180_W2_time_loo,DiagReachK3,180,W2,time_loo,12,6240,acceptance,8,9.11894259880064,9.11894259880064,0.0,1.0,0.0,"[5.701726615428925, 5.516951143741608, 10.14765465259552]","[0.0, 0.0, 0.0]","[0.0, 0.0, 0.0]",0.0
development_DiagReachK3_s180_W2_time_loo,DiagReachK3,180,W2,time_loo,13,6720,exploration,20,7.232891916290972,7.031815319315648,0.20107659697532654,0.35,0.25,"[5.222489660978317, 4.202744591236114, 8.258033549785614]","[0.15, 0.15, 0.1]","[0.012918492725917274, 0.013160342436570382, 0.0022655448913574184]",4.085819721221924
development_DiagReachK3_s180_W2_time_loo,DiagReachK3,180,W2,time_loo,13,6720,selection,12,9.362965218055372,9.362965218055372,0.0,1.0,0.0,"[6.21992027759552, 5.814637660980225, 11.006571610768637]","[0.0, 0.0, 0.0]","[0.0, 0.0, 0.0]",0.0
development_DiagReachK3_s180_W2_time_loo,DiagReachK3,180,W2,time_loo,13,6720,acceptance,8,9.340390813647536,9.340390813647536,0.0,1.0,0.0,"[6.130403935909271, 5.851820290088654, 10.940642833709717]","[0.0, 0.0, 0.0]","[0.0, 0.0, 0.0]",0.0
development_DiagReachK3_s180_W2_time_loo,DiagReachK3,180,W2,time_loo,14,7200,exploration,20,7.455210006488487,6.130883051706478,1.3243269547820091,0.35,0.3,"[4.673698955774308, 5.29005982875824, 8.660313951969147]","[0.2, 0.1, 0.15]","[0.060210881914411284, 0.028042778602013218, 0.009213653564453129]",14.378498077392578
development_DiagReachK3_s180_W2_time_loo,DiagReachK3,180,W2,time_loo,14,7200,selection,12,9.258183548382172,9.258183548382172,0.0,1.0,0.0,"[5.255484978357951, 6.226822257041931, 10.372690359751383]","[0.0, 0.0, 0.0]","[0.0, 0.0, 0.0]",0.0
development_DiagReachK3_s180_W2_time_loo,DiagReachK3,180,W2,time_loo,14,7200,acceptance,8,9.414595965959597,9.414595965959597,0.0,1.0,0.0,"[6.053022265434265, 6.147430896759033, 11.143145322799683]","[0.0, 0.0, 0.0]","[0.0, 0.0, 0.0]",0.0
development_DiagReachK3_s180_W2_time_loo,DiagReachK3,180,W2,time_loo,15,7680,exploration,20,8.079621850477997,7.078210159169975,1.0014116913080215,0.35,0.5,"[5.894398200511932, 5.510625565052033, 10.212008953094482]","[0.4, 0.25, 0.15]","[0.031002749715532584, 0.041169698421771705, 0.012943225860595698]",12.928252220153809
development_DiagReachK3_s180_W2_time_loo,DiagReachK3,180,W2,time_loo,15,7680,selection,12,9.303321913047695,9.303321913047695,0.0,1.0,0.0,"[5.65159273147583, 5.764456232388814, 10.370025475819906]","[0.0, 0.0, 0.0]","[0.0, 0.0, 0.0]",0.0
development_DiagReachK3_s180_W2_time_loo,DiagReachK3,180,W2,time_loo,15,7680,acceptance,8,9.40697098717792,9.40697098717792,0.0,1.0,0.0,"[6.071789741516113, 6.194708585739136, 11.202945947647095]","[0.0, 0.0, 0.0]","[0.0, 0.0, 0.0]",0.0
development_DiagReachK3_s180_W2_time_loo,DiagReachK3,180,W2,time_loo,16,8160,exploration,20,7.631610330248951,7.148924123550533,0.48268620669841766,0.35,0.25,"[5.393461918830871, 5.159130081534386, 9.253374099731445]","[0.15, 0.15, 0.15]","[0.009381808553423198, 0.01528965143057016, 0.0045693588256836]",4.443447589874268
development_DiagReachK3_s180_W2_time_loo,DiagReachK3,180,W2,time_loo,16,8160,selection,12,9.462493303480247,9.404075436852873,0.05841786662737528,0.6666666666666666,0.3333333333333333,"[6.0221565167109175, 6.438863158226013, 11.399463097254435]","[0.0, 0.3333333333333333, 0.0]","[0.0, 0.009803851445515951, 0.0]",0.7647004127502441
development_DiagReachK3_s180_W2_time_loo,DiagReachK3,180,W2,time_loo,16,8160,acceptance,8,9.413275584834627,9.413275584834627,0.0,1.0,0.0,"[5.933650970458984, 6.2254263162612915, 11.104732036590576]","[0.0, 0.0, 0.0]","[0.0, 0.0, 0.0]",0.0
development_DiagReachK3_s180_W2_time_loo,DiagReachK3,180,W2,time_loo,17,8640,exploration,20,7.843603526933585,6.1099604719714256,1.7336430549621582,0.4,0.45,"[5.114368480443955, 5.6276000261306764, 9.525178170204162]","[0.15, 0.3, 0.15]","[0.03272237437111991, 0.07324910163879395, 0.016448204040527346]",18.215566635131836
development_DiagReachK3_s180_W2_time_loo,DiagReachK3,180,W2,time_loo,17,8640,selection,12,9.084115565096726,9.084115565096726,0.0,1.0,0.0,"[5.500250458717346, 5.34313549598058, 9.846036354700724]","[0.0, 0.0, 0.0]","[0.0, 0.0, 0.0]",0.0
development_DiagReachK3_s180_W2_time_loo,DiagReachK3,180,W2,time_loo,17,8640,acceptance,8,9.41796055517625,9.41796055517625,0.0,1.0,0.0,"[6.094981908798218, 6.218145370483398, 11.259605646133423]","[0.0, 0.0, 0.0]","[0.0, 0.0, 0.0]",0.0
development_DiagReachK3_s180_W2_time_loo,DiagReachK3,180,W2,time_loo,18,9120,exploration,20,7.5939120060188,5.85216099083249,1.7417510151863098,0.2,0.4,"[5.525717043876648, 5.659287357330323, 9.99229700565338]","[0.1, 0.3, 0.15]","[0.006753863607134136, 0.09836189196659968, 0.012878578186035161]",16.952231407165527
development_DiagReachK3_s180_W2_time_loo,DiagReachK3,180,W2,time_loo,18,9120,selection,12,9.24338002948789,9.24338002948789,0.0,1.0,0.0,"[6.238471508026123, 5.413758198420207, 10.623919804890951]","[0.0, 0.0, 0.0]","[0.0, 0.0, 0.0]",0.0
development_DiagReachK3_s180_W2_time_loo,DiagReachK3,180,W2,time_loo,18,9120,acceptance,8,9.404240666574331,9.404240666574331,0.0,1.0,0.0,"[6.396703839302063, 5.986138343811035, 11.330951929092407]","[0.0, 0.0, 0.0]","[0.0, 0.0, 0.0]",0.0
development_DiagReachK3_s180_W2_time_loo,DiagReachK3,180,W2,time_loo,19,9600,exploration,20,7.92075618396746,6.893905945525039,1.026850238442421,0.3,0.35,"[6.05681004524231, 5.264920294284821, 10.191492366790772]","[0.2, 0.15, 0.15]","[0.03874841417585101, 0.0165519640995906, 0.004861560821533206]",8.791923522949219
development_DiagReachK3_s180_W2_time_loo,DiagReachK3,180,W2,time_loo,19,9600,selection,12,9.188132017280441,9.188132017280441,0.0,1.0,0.0,"[5.910408775011699, 5.595618009567261, 10.454829454421997]","[0.0, 0.0, 0.0]","[0.0, 0.0, 0.0]",0.0
development_DiagReachK3_s180_W2_time_loo,DiagReachK3,180,W2,time_loo,19,9600,acceptance,8,9.449891646613832,9.449891646613832,0.0,1.0,0.0,"[6.55289363861084, 5.7724833488464355, 11.298928499221802]","[0.0, 0.0, 0.0]","[0.0, 0.0, 0.0]",0.0
development_DiagReachK3_s180_W2_time_loo,DiagReachK3,180,W2,time_loo,20,10080,exploration,20,7.67924160374001,6.773769757278716,0.9054718464612961,0.3,0.3,"[5.0989401042461395, 5.205901229381562, 9.149233031272889]","[0.2, 0.2, 0.15]","[0.01031683172498431, 0.03644209641676684, 0.011806205749511722]",9.13338041305542
development_DiagReachK3_s180_W2_time_loo,DiagReachK3,180,W2,time_loo,20,10080,selection,12,9.185317126173809,9.185317126173809,0.0,1.0,0.0,"[6.419132987658183, 5.221144318580627, 10.598157326380411]","[0.0, 0.0, 0.0]","[0.0, 0.0, 0.0]",0.0
development_DiagReachK3_s180_W2_time_loo,DiagReachK3,180,W2,time_loo,20,10080,acceptance,8,9.489811106937122,9.489811106937122,0.0,1.0,0.0,"[6.271493554115295, 5.910179018974304, 11.146553993225098]","[0.0, 0.0, 0.0]","[0.0, 0.0, 0.0]",0.0
development_DiagReachK3_s180_W2_time_loo,DiagReachK3,180,W2,time_loo,21,10560,exploration,20,7.6706176345003785,6.6258919183863325,1.0447257161140442,0.4,0.25,"[6.017346274852753, 4.441460996866226, 9.326415967941283]","[0.2, 0.1, 0.2]","[0.043858054706028514, 0.018392511514516974, 0.01882687759399413]",13.237873554229736
development_DiagReachK3_s180_W2_time_loo,DiagReachK3,180,W2,time_loo,21,10560,selection,12,9.177929420224972,9.177929420224972,0.0,1.0,0.0,"[5.8461326360702515, 5.4316762288411455, 10.261108875274658]","[0.0, 0.0, 0.0]","[0.0, 0.0, 0.0]",0.0
development_DiagReachK3_s180_W2_time_loo,DiagReachK3,180,W2,time_loo,21,10560,acceptance,8,9.441838886402548,9.441838886402548,0.0,1.0,0.0,"[6.66507887840271, 5.757724046707153, 11.388672113418579]","[0.0, 0.0, 0.0]","[0.0, 0.0, 0.0]",0.0
development_DiagReachK3_s180_W2_time_loo,DiagReachK3,180,W2,time_loo,22,11040,exploration,20,7.414375484839548,7.089053706184496,0.3253217786550522,0.55,0.2,"[5.325241196155548, 4.418812912702561, 8.660874009132385]","[0.2, 0.0, 0.05]","[0.035505213056291854, 0.0, 0.005758758544921872]",6.410419464111328
development_DiagReachK3_s180_W2_time_loo,DiagReachK3,180,W2,time_loo,22,11040,selection,12,9.614932470331162,9.586393418718943,0.02853905161221822,0.75,0.25,"[6.7214129368464155, 6.180418292681376, 11.844212849934896]","[0.16666666666666666, 0.08333333333333333, 0.08333333333333333]","[0.004707211539858869, 0.00035284727047651954, 0.000647754669189445]",0.5200910568237305
development_DiagReachK3_s180_W2_time_loo,DiagReachK3,180,W2,time_loo,22,11040,acceptance,8,9.455466961744243,9.455466961744243,0.0,1.0,0.0,"[6.627615571022034, 5.779331922531128, 11.348834753036499]","[0.0, 0.0, 0.0]","[0.0, 0.0, 0.0]",0.0
development_DiagReachK3_s180_W2_time_loo,DiagReachK3,180,W2,time_loo,23,11520,exploration,20,7.629534164030337,6.560860955674434,1.0686732083559036,0.15,0.55,"[5.979787135124207, 5.050626063346863, 9.92843472957611]","[0.4, 0.3, 0.15]","[0.05494794164385114, 0.020487202130831217, 0.015115970611572271]",14.135040760040283
development_DiagReachK3_s180_W2_time_loo,DiagReachK3,180,W2,time_loo,23,11520,selection,12,9.393047611879227,9.393047611879227,0.0,1.0,0.0,"[6.269593795140584, 5.755820473035176, 10.970089753468832]","[0.0, 0.0, 0.0]","[0.0, 0.0, 0.0]",0.0
development_DiagReachK3_s180_W2_time_loo,DiagReachK3,180,W2,time_loo,23,11520,acceptance,8,9.494213445267452,9.494213445267452,0.0,1.0,0.0,"[6.517513871192932, 5.989607036113739, 11.450891613960266]","[0.0, 0.0, 0.0]","[0.0, 0.0, 0.0]",0.0
development_DiagReachK3_s180_W2_time_loo,DiagReachK3,180,W2,time_loo,24,12000,exploration,20,7.606748042914842,7.424342124078248,0.18240591883659363,0.45,0.2,"[5.561214208602905, 4.740460073947906, 9.117244505882264]","[0.15, 0.05, 0.0]","[0.008804256575448177, 0.0012490199162409898, 0.0]",1.3949685096740723
development_DiagReachK3_s180_W2_time_loo,DiagReachK3,180,W2,time_loo,24,12000,selection,12,9.594455078297083,9.495473270667814,0.09898180762926738,0.4166666666666667,0.5833333333333334,"[6.430243412653605, 6.431293765703837, 11.795401811599731]","[0.16666666666666666, 0.5833333333333334, 0.3333333333333333]","[0.004299731481642958, 0.010265124149811585, 0.004118200937906898]",1.7795872688293457
development_DiagReachK3_s180_W2_time_loo,DiagReachK3,180,W2,time_loo,24,12000,acceptance,8,9.511634005067755,9.511634005067755,0.0,1.0,0.0,"[6.2776511907577515, 6.07325005531311, 11.298938035964966]","[0.0, 0.0, 0.0]","[0.0, 0.0, 0.0]",0.0
development_DiagReachK3_s186_KL_cf_state,DiagReachK3,186,KL,cf_state,0,480,exploration,20,4.997135980804524,4.105929120262227,0.8912068605422974,0.1,0.4,"[5.58738404661417, 1.173620080947876, 4.714179801940918]","[0.4, 0.0, 0.0]","[0.08042649882180351, 0.0, 0.0]",11.25970983505249
development_DiagReachK3_s186_KL_cf_state,DiagReachK3,186,KL,cf_state,0,480,selection,12,6.159563746202427,6.159563746202427,0.0,0.0,0.0,"[6.091556986172994, 0.4504122734069824, 4.611897587776184]","[0.0, 0.0, 0.0]","[0.0, 0.0, 0.0]",0.0
development_DiagReachK3_s186_KL_cf_state,DiagReachK3,186,KL,cf_state,0,480,acceptance,8,6.209490127186291,6.209490127186291,0.0,0.0,0.0,"[5.900539577007294, 0.6631163656711578, 4.56409078836441]","[0.0, 0.0, 0.0]","[0.0, 0.0, 0.0]",0.0
development_DiagReachK3_s186_KL_cf_state,DiagReachK3,186,KL,cf_state,1,960,exploration,20,5.446009807473747,4.962791882640449,0.48321792483329773,0.2,0.25,"[4.7903139114379885, 2.3940582811832427, 5.922367733716965]","[0.2, 0.05, 0.05]","[0.0345853328704834, 0.008765051915095402, 0.0011367492675781298]",6.265590667724609
development_DiagReachK3_s186_KL_cf_state,DiagReachK3,186,KL,cf_state,1,960,selection,12,7.941226241854018,7.790813796586977,0.15041244526704153,0.4166666666666667,0.3333333333333333,"[6.904886523882548, 1.9345136880874634, 7.67460032304128]","[0.3333333333333333, 0.0, 0.0]","[0.025680065155029297, 0.0, 0.0]",2.157125473022461
development_DiagReachK3_s186_KL_cf_state,DiagReachK3,186,KL,cf_state,1,960,acceptance,8,7.717139533103909,7.717139533103909,0.0,0.5,0.0,"[6.320133328437805, 1.8597858548164368, 7.042117059230804]","[0.0, 0.0, 0.0]","[0.0, 0.0, 0.0]",0.0
development_DiagReachK3_s186_KL_cf_state,DiagReachK3,186,KL,cf_state,2,1440,exploration,20,5.968945790232392,5.138039607704849,0.8309061825275421,0.25,0.2,"[5.1735231757164, 2.447858564555645, 6.3209911555051805]","[0.2, 0.0, 0.1]","[0.05430611542293003, 0.0, 0.01361259460449219]",11.006004810333252
development_DiagReachK3_s186_KL_cf_state,DiagReachK3,186,KL,cf_state,2,1440,selection,12,8.699251830011297,8.699251830011297,0.0,1.0,0.0,"[6.441317518552144, 3.4955028096834817, 8.879875262578329]","[0.0, 0.0, 0.0]","[0.0, 0.0, 0.0]",0.0
development_DiagReachK3_s186_KL_cf_state,DiagReachK3,186,KL,cf_state,2,1440,acceptance,8,8.645975402701879,8.645975402701879,0.0,1.0,0.0,"[6.23970890045166, 3.3788842856884003, 8.571344912052155]","[0.0, 0.0, 0.0]","[0.0, 0.0, 0.0]",0.0
development_DiagReachK3_s186_KL_cf_state,DiagReachK3,186,KL,cf_state,3,1920,exploration,20,7.4061488982029555,6.074345084626257,1.3318038135766983,0.25,0.45,"[5.8439418315887455, 4.732242260873318, 9.295603978633881]","[0.3, 0.25, 0.2]","[0.04948197432926723, 0.046034035315880406, 0.016914924621582027]",17.140632152557373
development_DiagReachK3_s186_KL_cf_state,DiagReachK3,186,KL,cf_state,3,1920,selection,12,9.205953982747207,9.205953982747207,0.0,1.0,0.0,"[6.596541166305542, 4.5299001932144165, 10.112636963526407]","[0.0, 0.0, 0.0]","[0.0, 0.0, 0.0]",0.0
development_DiagReachK3_s186_KL_cf_state,DiagReachK3,186,KL,cf_state,3,1920,acceptance,8,9.238361680606612,9.238361680606612,0.0,1.0,0.0,"[6.503809630870819, 4.677773177623749, 10.156708121299744]","[0.0, 0.0, 0.0]","[0.0, 0.0, 0.0]",0.0
development_DiagReachK3_s186_KL_cf_state,DiagReachK3,186,KL,cf_state,4,2400,exploration,20,7.527936212505447,5.240198500241386,2.287737712264061,0.2,0.45,"[6.633606088161469, 4.424419596791267, 9.702539038658141]","[0.35, 0.2, 0.2]","[0.08445158004760742, 0.0403265953063965, 0.03644751358032226]",26.17755699157715
development_DiagReachK3_s186_KL_cf_state,DiagReachK3,186,KL,cf_state,4,2400,selection,12,8.86005863760365,8.86005863760365,0.0,1.0,0.0,"[5.997997045516968, 4.528234640757243, 9.482052882512411]","[0.0, 0.0, 0.0]","[0.0, 0.0, 0.0]",0.0
development_DiagReachK3_s186_KL_cf_state,DiagReachK3,186,KL,cf_state,4,2400,acceptance,8,9.326605205552188,9.326605205552188,0.0,1.0,0.0,"[6.811870813369751, 5.041214108467102, 10.792232990264893]","[0.0, 0.0, 0.0]","[0.0, 0.0, 0.0]",0.0
development_DiagReachK3_s186_KL_cf_state,DiagReachK3,186,KL,cf_state,5,2880,exploration,20,6.953220242004609,6.590705239515519,0.36251500248908997,0.15,0.3,"[5.760470014810562, 3.465463788807392, 7.9125055313110355]","[0.25, 0.05, 0.05]","[0.028631506647382475, 0.006271608059222877, 0.0025895385742187526]",5.471104621887207
development_DiagReachK3_s186_KL_cf_state,DiagReachK3,186,KL,cf_state,5,2880,selection,12,9.440548970143453,9.203729757508095,0.23681921263535818,0.5833333333333334,0.4166666666666667,"[6.854131778081258, 5.974676648775737, 11.76034657160441]","[0.16666666666666666, 0.3333333333333333, 0.3333333333333333]","[0.0026639302571614585, 0.027079349909073274, 0.009792690277099614]",3.8048629760742188
development_DiagReachK3_s186_KL_cf_state,DiagReachK3,186,KL,cf_state,5,2880,acceptance,8,9.329242056806105,9.329242056806105,0.0,1.0,0.0,"[6.799716830253601, 5.105311036109924, 10.84897232055664]","[0.0, 0.0, 0.0]","[0.0, 0.0, 0.0]",0.0
development_DiagReachK3_s186_KL_cf_state,DiagReachK3,186,KL,cf_state,6,3360,exploration,20,7.398397289052956,6.396011613145821,1.002385675907135,0.2,0.45,"[5.957964074611664, 3.769372729957104, 8.442126095294952]","[0.35, 0.2, 0.1]","[0.03515806538718088, 0.03151312241187463, 0.019801540374755854]",13.969220161437988
development_DiagReachK3_s186_KL_cf_state,DiagReachK3,186,KL,cf_state,6,3360,selection,12,9.066971004391478,9.066971004391478,0.0,1.0,0.0,"[6.2628105481465655, 5.185197194417317, 10.376701434453329]","[0.0, 0.0, 0.0]","[0.0, 0.0, 0.0]",0.0
development_DiagReachK3_s186_KL_cf_state,DiagReachK3,186,KL,cf_state,6,3360,acceptance,8,9.311269677523523,9.311269677523523,0.0,1.0,0.0,"[6.776713848114014, 5.1096802949905396, 10.82738208770752]","[0.0, 0.0, 0.0]","[0.0, 0.0, 0.0]",0.0
development_DiagReachK3_s186_KL_cf_state,DiagReachK3,186,KL,cf_state,7,3840,exploration,20,7.875181181067601,6.021545780533924,1.8536354005336761,0.15,0.5,"[6.860703718662262, 4.750170779228211, 10.441749727725982]","[0.45, 0.1, 0.25]","[0.10024604456765314, 0.02203750977149377, 0.02282000732421875]",22.604324340820312
development_DiagReachK3_s186_KL_cf_state,DiagReachK3,186,KL,cf_state,7,3840,selection,12,9.065371333268315,9.065371333268315,0.0,1.0,0.0,"[6.258039911588033, 4.779395580291748, 10.003358284632364]","[0.0, 0.0, 0.0]","[0.0, 0.0, 0.0]",0.0
development_DiagReachK3_s186_KL_cf_state,DiagReachK3,186,KL,cf_state,7,3840,acceptance,8,9.318601291778032,9.318601291778032,0.0,1.0,0.0,"[6.731796622276306, 5.0795910358428955, 10.764976739883423]","[0.0, 0.0, 0.0]","[0.0, 0.0, 0.0]",0.0
development_DiagReachK3_s186_KL_cf_state,DiagReachK3,186,KL,cf_state,8,4320,exploration,20,7.716514078078326,4.630233240423259,3.0862808376550674,0.15,0.6,"[6.783244502544403, 4.839715278148651, 10.328485488891602]","[0.5, 0.25, 0.35]","[0.09208626747131347, 0.08096356025108922, 0.06025811004638672]",38.48186779022217
development_DiagReachK3_s186_KL_cf_state,DiagReachK3,186,KL,cf_state,8,4320,selection,12,8.764323985575174,8.764323985575174,0.0,1.0,0.0,"[6.237190842628479, 4.2389775315920515, 9.397189736366272]","[0.0, 0.0, 0.0]","[0.0, 0.0, 0.0]",0.0
development_DiagReachK3_s186_KL_cf_state,DiagReachK3,186,KL,cf_state,8,4320,acceptance,8,9.294123298779596,9.294123298779596,0.0,1.0,0.0,"[6.740529179573059, 4.907583236694336, 10.594841003417969]","[0.0, 0.0, 0.0]","[0.0, 0.0, 0.0]",0.0
development_DiagReachK3_s186_KL_cf_state,DiagReachK3,186,KL,cf_state,9,4800,exploration,20,7.874450682620518,4.745780765037052,3.1286699175834656,0.35,0.5,"[6.353759133815766, 5.6101476609706875, 10.753935027122498]","[0.35, 0.35, 0.35]","[0.1007300479071481, 0.09856985532320463, 0.07281039047241211]",45.11888551712036
development_DiagReachK3_s186_KL_cf_state,DiagReachK3,186,KL,cf_state,9,4800,selection,12,8.711559104363067,8.711559104363067,0.0,1.0,0.0,"[5.727219939231873, 4.197687089443207, 8.89772081375122]","[0.0, 0.0, 0.0]","[0.0, 0.0, 0.0]",0.0
development_DiagReachK3_s186_KL_cf_state,DiagReachK3,186,KL,cf_state,9,4800,acceptance,8,9.3427890400053,9.3427890400053,0.0,1.0,0.0,"[6.832809329032898, 5.1448811292648315, 10.922897815704346]","[0.0, 0.0, 0.0]","[0.0, 0.0, 0.0]",0.0
development_DiagReachK3_s186_KL_cf_state,DiagReachK3,186,KL,cf_state,10,5280,exploration,20,7.390152996231338,6.109518458892127,1.2806345373392105,0.25,0.4,"[6.006609785556793, 3.9689344108104705, 8.708810114860535]","[0.4, 0.1, 0.1]","[0.05673159531184606, 0.018570151695838345, 0.018393714904785162]",14.95497179031372
development_DiagReachK3_s186_KL_cf_state,DiagReachK3,186,KL,cf_state,10,5280,selection,12,9.083280919621997,9.083280919621997,0.0,1.0,0.0,"[6.380225578943889, 4.816541830698649, 10.141483704249064]","[0.0, 0.0, 0.0]","[0.0, 0.0, 0.0]",0.0
development_DiagReachK3_s186_KL_cf_state,DiagReachK3,186,KL,cf_state,10,5280,acceptance,8,9.303737280063796,9.303737280063796,0.0,1.0,0.0,"[6.7909218072891235, 5.082437753677368, 10.817800521850586]","[0.0, 0.0, 0.0]","[0.0, 0.0, 0.0]",0.0
development_DiagReachK3_s186_KL_cf_state,DiagReachK3,186,KL,cf_state,11,5760,exploration,20,7.5877221230091525,6.822519556027837,0.7652025669813156,0.15,0.45,"[6.27101457118988, 4.168210709095002, 9.249585366249084]","[0.4, 0.1, 0.25]","[0.05054942880358013, 0.0033985064579890255, 0.012424118041992182]",10.624755382537842
development_DiagReachK3_s186_KL_cf_state,DiagReachK3,186,KL,cf_state,11,5760,selection,12,9.243029633174109,9.243029633174109,0.0,1.0,0.0,"[6.419812798500061, 5.603536327679952, 10.972158273061117]","[0.0, 0.0, 0.0]","[0.0, 0.0, 0.0]",0.0
development_DiagReachK3_s186_KL_cf_state,DiagReachK3,186,KL,cf_state,11,5760,acceptance,8,9.281116114370523,9.281116114370523,0.0,1.0,0.0,"[6.733512282371521, 5.007194638252258, 10.693592309951782]","[0.0, 0.0, 0.0]","[0.0, 0.0, 0.0]",0.0
development_DiagReachK3_s186_KL_cf_state,DiagReachK3,186,KL,cf_state,12,6240,exploration,20,7.541960677652388,6.193484237937956,1.3484764397144318,0.35,0.35,"[5.602005964517593, 4.944377583265305, 9.431264907121658]","[0.2, 0.2, 0.15]","[0.023654614176068976, 0.05463841878450835, 0.023004032135009768]",16.165648460388184
development_DiagReachK3_s186_KL_cf_state,DiagReachK3,186,KL,cf_state,12,6240,selection,12,9.271295588090046,9.266875506315653,0.004420081774393718,0.75,0.25,"[6.902146180470784, 4.6743305921554565, 10.490203380584717]","[0.25, 0.0, 0.0]","[0.0008840220315115924, 0.0, 0.0]",0.07425785064697266
development_DiagReachK3_s186_KL_cf_state,DiagReachK3,186,KL,cf_state,12,6240,acceptance,8,9.296346552495379,9.28369256091537,0.01265399158000946,0.75,0.25,"[6.880697727203369, 4.788190960884094, 10.59102749824524]","[0.25, 0.0, 0.0]","[0.002530796187264567, 0.0, 0.0]",0.1417245864868164
development_DiagReachK3_s186_KL_cf_state,DiagReachK3,186,KL,cf_state,13,6720,exploration,20,7.399925730167307,6.17362888806907,1.226296842098236,0.4,0.35,"[5.913418060541153, 3.9784565448760985, 8.690538573265076]","[0.3, 0.1, 0.1]","[0.04909057617187501, 0.011692061791053176, 0.014604717254638678]",12.043828010559082
development_DiagReachK3_s186_KL_cf_state,DiagReachK3,186,KL,cf_state,13,6720,selection,12,9.065640728990546,9.065640728990546,0.0,1.0,0.0,"[6.134234229723613, 5.040878613789876, 10.159517765045166]","[0.0, 0.0, 0.0]","[0.0, 0.0, 0.0]",0.0
development_DiagReachK3_s186_KL_cf_state,DiagReachK3,186,KL,cf_state,13,6720,acceptance,8,9.292040279897629,9.292040279897629,0.0,1.0,0.0,"[6.633172988891602, 4.885092735290527, 10.479247093200684]","[0.0, 0.0, 0.0]","[0.0, 0.0, 0.0]",0.0
development_DiagReachK3_s186_KL_cf_state,DiagReachK3,186,KL,cf_state,14,7200,exploration,20,7.167699921373279,5.846970740202814,1.3207291811704636,0.15,0.45,"[5.554806292057037, 4.3246969223022464, 8.722180306911469]","[0.35, 0.15, 0.25]","[0.05029773371560233, 0.029951047897338868, 0.024100177764892584]",16.960363388061523
development_DiagReachK3_s186_KL_cf_state,DiagReachK3,186,KL,cf_state,14,7200,selection,12,9.240385572902793,9.151290536714031,0.0890950361887614,0.6666666666666666,0.3333333333333333,"[6.721856395403544, 5.030442635218303, 10.687317848205566]","[0.3333333333333333, 0.0, 0.0]","[0.015419329915727883, 0.0, 0.0]",1.2952237129211426
development_DiagReachK3_s186_KL_cf_state,DiagReachK3,186,KL,cf_state,14,7200,acceptance,8,9.358717254421208,9.358717254421208,0.0,1.0,0.0,"[6.791551351547241, 5.049320816993713, 10.792483806610107]","[0.0, 0.0, 0.0]","[0.0, 0.0, 0.0]",0.0
development_DiagReachK3_s186_KL_cf_state,DiagReachK3,186,KL,cf_state,15,7680,exploration,20,8.001100323253779,4.791254005485681,3.209846317768097,0.2,0.65,"[7.194083642959595, 4.652807757258415, 10.634620308876038]","[0.6, 0.2, 0.3]","[0.1193391868046352, 0.058677974114051235, 0.05140735626220703]",37.187461853027344
development_DiagReachK3_s186_KL_cf_state,DiagReachK3,186,KL,cf_state,15,7680,selection,12,8.765131058967503,8.765131058967503,0.0,1.0,0.0,"[5.971689343452454, 4.180288990338643, 9.116377830505371]","[0.0, 0.0, 0.0]","[0.0, 0.0, 0.0]",0.0
development_DiagReachK3_s186_KL_cf_state,DiagReachK3,186,KL,cf_state,15,7680,acceptance,8,9.302015408000443,9.302015408000443,0.0,1.0,0.0,"[6.738200902938843, 4.982144117355347, 10.668391704559326]","[0.0, 0.0, 0.0]","[0.0, 0.0, 0.0]",0.0
development_DiagReachK3_s186_KL_cf_state,DiagReachK3,186,KL,cf_state,16,8160,exploration,20,7.700056781009188,6.985077147320261,0.7149796336889267,0.3,0.3,"[6.155713492631913, 4.3126384973526, 9.318379211425782]","[0.3, 0.05, 0.05]","[0.035536844389779235, 0.013921935741717994, 0.009504619598388674]",9.1611647605896
development_DiagReachK3_s186_KL_cf_state,DiagReachK3,186,KL,cf_state,16,8160,selection,12,9.139301865067683,9.139301865067683,0.0,1.0,0.0,"[6.37616229057312, 5.11785089969635, 10.447288592656454]","[0.0, 0.0, 0.0]","[0.0, 0.0, 0.0]",0.0
development_DiagReachK3_s186_KL_cf_state,DiagReachK3,186,KL,cf_state,16,8160,acceptance,8,9.291940385989438,9.291940385989438,0.0,1.0,0.0,"[6.652389466762543, 5.367704927921295, 10.957317590713501]","[0.0, 0.0, 0.0]","[0.0, 0.0, 0.0]",0.0
development_DiagReachK3_s186_KL_cf_state,DiagReachK3,186,KL,cf_state,17,8640,exploration,20,7.542052728107665,5.747323942354415,1.7947287857532501,0.15,0.6,"[6.256326293945312, 5.112658423185349, 10.043844389915467]","[0.35, 0.35, 0.25]","[0.047891245569501605, 0.07065123411325307, 0.032852127075195324]",24.102466583251953
development_DiagReachK3_s186_KL_cf_state,DiagReachK3,186,KL,cf_state,17,8640,selection,12,9.259547207334737,9.259547207334737,0.0,1.0,0.0,"[6.655723055203755, 5.705191453297933, 11.264649470647177]","[0.0, 0.0, 0.0]","[0.0, 0.0, 0.0]",0.0
development_DiagReachK3_s186_KL_cf_state,DiagReachK3,186,KL,cf_state,17,8640,acceptance,8,9.363555426860694,9.363555426860694,0.0,1.0,0.0,"[6.8210402727127075, 5.785054564476013, 11.516161680221558]","[0.0, 0.0, 0.0]","[0.0, 0.0, 0.0]",0.0
development_DiagReachK3_s186_KL_cf_state,DiagReachK3,186,KL,cf_state,18,9120,exploration,20,7.56479110941873,6.404508497571806,1.1602826118469238,0.25,0.4,"[6.024797737598419, 4.422393697500229, 9.069946444034576]","[0.3, 0.1, 0.1]","[0.04832358360290527, 0.03151286932138296, 0.008242008209228524]",12.922476768493652
development_DiagReachK3_s186_KL_cf_state,DiagReachK3,186,KL,cf_state,18,9120,selection,12,9.201768606568901,9.201768606568901,0.0,1.0,0.0,"[6.426173408826192, 5.280861457188924, 10.638137102127075]","[0.0, 0.0, 0.0]","[0.0, 0.0, 0.0]",0.0
development_DiagReachK3_s186_KL_cf_state,DiagReachK3,186,KL,cf_state,18,9120,acceptance,8,9.281926441349787,9.281926441349787,0.0,1.0,0.0,"[6.683848023414612, 5.7032294273376465, 11.298245191574097]","[0.0, 0.0, 0.0]","[0.0, 0.0, 0.0]",0.0
development_DiagReachK3_s186_KL_cf_state,DiagReachK3,186,KL,cf_state,19,9600,exploration,20,7.783876827615313,5.5951266797957935,2.188750147819519,0.3,0.45,"[6.340691661834716, 4.716356801986694, 9.785902380943298]","[0.35, 0.15, 0.15]","[0.054623522077287955, 0.05410603376535269, 0.02988482666015625]",22.152284145355225
development_DiagReachK3_s186_KL_cf_state,DiagReachK3,186,KL,cf_state,19,9600,selection,12,8.75236706163026,8.75236706163026,0.0,1.0,0.0,"[6.103656689325969, 4.629445294539134, 9.642078836758932]","[0.0, 0.0, 0.0]","[0.0, 0.0, 0.0]",0.0
development_DiagReachK3_s186_KL_cf_state,DiagReachK3,186,KL,cf_state,19,9600,acceptance,8,9.302851456194183,9.302851456194183,0.0,1.0,0.0,"[6.799533009529114, 5.823013782501221, 11.50225567817688]","[0.0, 0.0, 0.0]","[0.0, 0.0, 0.0]",0.0
development_DiagReachK3_s186_KL_cf_state,DiagReachK3,186,KL,cf_state,20,10080,exploration,20,7.823634762259898,7.2271089665021275,0.5965257957577705,0.25,0.4,"[6.463907527923584, 4.767613017559052, 9.998326301574707]","[0.35, 0.05, 0.15]","[0.04019586699349541, 0.009345116982093227, 0.006715805053710944]",8.521237850189209
development_DiagReachK3_s186_KL_cf_state,DiagReachK3,186,KL,cf_state,20,10080,selection,12,9.080602367735507,9.080602367735507,0.0,1.0,0.0,"[6.161670923233032, 5.570907990137736, 10.675334930419922]","[0.0, 0.0, 0.0]","[0.0, 0.0, 0.0]",0.0
development_DiagReachK3_s186_KL_cf_state,DiagReachK3,186,KL,cf_state,20,10080,acceptance,8,9.264565395622048,9.264565395622048,0.0,1.0,0.0,"[6.679232478141785, 5.668430209159851, 11.261297464370728]","[0.0, 0.0, 0.0]","[0.0, 0.0, 0.0]",0.0
development_DiagReachK3_s186_KL_cf_state,DiagReachK3,186,KL,cf_state,21,10560,exploration,20,7.780286236803514,4.884268476765138,2.896017760038376,0.25,0.45,"[6.259167766571045, 5.235080975294113, 10.284512901306153]","[0.35, 0.3, 0.35]","[0.07929137774876185, 0.059712343949538005, 0.05177463150024414]",31.807055473327637
development_DiagReachK3_s186_KL_cf_state,DiagReachK3,186,KL,cf_state,21,10560,selection,12,8.767299442512739,8.767299442512739,0.0,1.0,0.0,"[6.102213462193807, 4.6468819578488665, 9.663366516431173]","[0.0, 0.0, 0.0]","[0.0, 0.0, 0.0]",0.0
development_DiagReachK3_s186_KL_cf_state,DiagReachK3,186,KL,cf_state,21,10560,acceptance,8,9.273068128508749,9.273068128508749,0.0,1.0,0.0,"[6.6272605657577515, 5.726212501525879, 11.273518800735474]","[0.0, 0.0, 0.0]","[0.0, 0.0, 0.0]",0.0
development_DiagReachK3_s186_KL_cf_state,DiagReachK3,186,KL,cf_state,22,11040,exploration,20,7.864433665042744,5.462696526413783,2.4017371386289597,0.15,0.55,"[6.6167921900749205, 5.27883565723896, 10.606620287895202]","[0.5, 0.2, 0.3]","[0.08344101905822753, 0.04992323655348557, 0.052894340515136716]",31.39534854888916
development_DiagReachK3_s186_KL_cf_state,DiagReachK3,186,KL,cf_state,22,11040,selection,12,8.765222556107135,8.763841963522525,0.0013805925846099854,0.9166666666666666,0.08333333333333333,"[5.916348814964294, 4.875481128692627, 9.73315978050232]","[0.08333333333333333, 0.0, 0.0]","[0.0002761227743966292, 0.0, 0.0]",0.023194313049316406
development_DiagReachK3_s186_KL_cf_state,DiagReachK3,186,KL,cf_state,22,11040,acceptance,8,9.137091181355936,9.137091181355936,0.0,1.0,0.0,"[6.32184374332428, 5.411550879478455, 10.650948882102966]","[0.0, 0.0, 0.0]","[0.0, 0.0, 0.0]",0.0
development_DiagReachK3_s186_KL_cf_state,DiagReachK3,186,KL,cf_state,23,11520,exploration,20,7.544074224299983,5.534024091429311,2.010050132870674,0.05,0.55,"[5.507425761222839, 5.599785649776459, 10.032664215564727]","[0.3, 0.5, 0.3]","[0.05102268968309674, 0.07081954295818624, 0.042542182922363295]",26.985262870788574
development_DiagReachK3_s186_KL_cf_state,DiagReachK3,186,KL,cf_state,23,11520,selection,12,8.907310889931976,8.907310889931976,0.0,1.0,0.0,"[5.814372777938843, 5.30495285987854, 10.06778860092163]","[0.0, 0.0, 0.0]","[0.0, 0.0, 0.0]",0.0
development_DiagReachK3_s186_KL_cf_state,DiagReachK3,186,KL,cf_state,23,11520,acceptance,8,9.332905366213527,9.332905366213527,0.0,1.0,0.0,"[6.800151705741882, 5.842572927474976, 11.542805671691895]","[0.0, 0.0, 0.0]","[0.0, 0.0, 0.0]",0.0
development_DiagReachK3_s186_KL_cf_state,DiagReachK3,186,KL,cf_state,24,12000,exploration,20,7.502666274313815,5.990586171154865,1.5120801031589508,0.35,0.45,"[5.740118408203125, 4.558956417441368, 9.0664963722229]","[0.25, 0.2, 0.2]","[0.04361170019422259, 0.04082594284644494, 0.013458950042724616]",14.777748107910156
development_DiagReachK3_s186_KL_cf_state,DiagReachK3,186,KL,cf_state,24,12000,selection,12,9.14143706516285,9.14143706516285,0.0,1.0,0.0,"[6.54289189974467, 5.1556404034296675, 10.627330621083578]","[0.0, 0.0, 0.0]","[0.0, 0.0, 0.0]",0.0
development_DiagReachK3_s186_KL_cf_state,DiagReachK3,186,KL,cf_state,24,12000,acceptance,8,9.34624552858877,9.34624552858877,0.0,1.0,0.0,"[6.844669461250305, 5.851155757904053, 11.576725721359253]","[0.0, 0.0, 0.0]","[0.0, 0.0, 0.0]",0.0
development_DiagReachK3_s186_KL_time_loo,DiagReachK3,186,KL,time_loo,0,480,exploration,20,4.997135980804524,4.105929120262227,0.8912068605422974,0.1,0.4,"[5.58738404661417, 1.173620080947876, 4.714179801940918]","[0.4, 0.0, 0.0]","[0.08042649882180351, 0.0, 0.0]",11.25970983505249
development_DiagReachK3_s186_KL_time_loo,DiagReachK3,186,KL,time_loo,0,480,selection,12,6.122935758926906,6.122935758926906,0.0,0.0,0.0,"[6.071148753166199, 0.4449304590622584, 4.547234853108724]","[0.0, 0.0, 0.0]","[0.0, 0.0, 0.0]",0.0
development_DiagReachK3_s186_KL_time_loo,DiagReachK3,186,KL,time_loo,0,480,acceptance,8,6.209490127186291,6.209490127186291,0.0,0.0,0.0,"[5.900539577007294, 0.6631163656711578, 4.56409078836441]","[0.0, 0.0, 0.0]","[0.0, 0.0, 0.0]",0.0
development_DiagReachK3_s186_KL_time_loo,DiagReachK3,186,KL,time_loo,1,960,exploration,20,5.446009807473747,4.962791882640449,0.48321792483329773,0.2,0.25,"[4.7903139114379885, 2.3940582811832427, 5.922367733716965]","[0.2, 0.05, 0.05]","[0.0345853328704834, 0.008765051915095402, 0.0011367492675781298]",6.265590667724609
development_DiagReachK3_s186_KL_time_loo,DiagReachK3,186,KL,time_loo,1,960,selection,12,7.9353253234216625,7.784912878154621,0.15041244526704153,0.4166666666666667,0.3333333333333333,"[6.910333593686421, 1.9181840817133586, 7.660985708236694]","[0.3333333333333333, 0.0, 0.0]","[0.025680065155029297, 0.0, 0.0]",2.157125473022461
development_DiagReachK3_s186_KL_time_loo,DiagReachK3,186,KL,time_loo,1,960,acceptance,8,7.708549464866519,7.708549464866519,0.0,0.5,0.0,"[6.318527698516846, 1.8416163623332977, 7.019006252288818]","[0.0, 0.0, 0.0]","[0.0, 0.0, 0.0]",0.0
development_DiagReachK3_s186_KL_time_loo,DiagReachK3,186,KL,time_loo,2,1440,exploration,20,5.991704728445038,5.23249181731604,0.7592129111289978,0.2,0.25,"[5.140136313438416, 2.404872050881386, 6.230410584807396]","[0.25, 0.0, 0.1]","[0.05186669145311627, 0.0, 0.00980513763427735]",9.712621212005615
development_DiagReachK3_s186_KL_time_loo,DiagReachK3,186,KL,time_loo,2,1440,selection,12,8.584077673345261,8.584077673345261,0.0,1.0,0.0,"[6.333792845408122, 3.3378589153289795, 8.622241616249084]","[0.0, 0.0, 0.0]","[0.0, 0.0, 0.0]",0.0
development_DiagReachK3_s186_KL_time_loo,DiagReachK3,186,KL,time_loo,2,1440,acceptance,8,8.613505772729695,8.613505772729695,0.0,1.0,0.0,"[6.1912840604782104, 3.303677201271057, 8.44478839635849]","[0.0, 0.0, 0.0]","[0.0, 0.0, 0.0]",0.0
development_DiagReachK3_s186_KL_time_loo,DiagReachK3,186,KL,time_loo,3,1920,exploration,20,7.36479128649291,6.162446049357023,1.2023452371358871,0.25,0.45,"[5.753533035516739, 4.669050639867782, 9.147342693805694]","[0.3, 0.25, 0.15]","[0.04862589154924666, 0.03878704217764047, 0.010418327331542975]",14.454522132873535
development_DiagReachK3_s186_KL_time_loo,DiagReachK3,186,KL,time_loo,3,1920,selection,12,9.155080630023198,9.155080630023198,0.0,1.0,0.0,"[6.350027879079183, 4.447290102640788, 9.789976437886557]","[0.0, 0.0, 0.0]","[0.0, 0.0, 0.0]",0.0
development_DiagReachK3_s186_KL_time_loo,DiagReachK3,186,KL,time_loo,3,1920,acceptance,8,9.152132275351324,9.152132275351324,0.0,1.0,0.0,"[6.3433420062065125, 4.523456871509552, 9.8563072681427]","[0.0, 0.0, 0.0]","[0.0, 0.0, 0.0]",0.0
development_DiagReachK3_s186_KL_time_loo,DiagReachK3,186,KL,time_loo,4,2400,exploration,20,7.526908472920768,5.358657927061431,2.168250545859337,0.2,0.45,"[6.533641493320465, 4.389239926636219, 9.595676136016845]","[0.35, 0.15, 0.2]","[0.08157228742327008, 0.03582506546607385, 0.029908275604248045]",23.554447650909424
development_DiagReachK3_s186_KL_time_loo,DiagReachK3,186,KL,time_loo,4,2400,selection,12,8.880902866532415,8.880902866532415,0.0,1.0,0.0,"[5.793785015741984, 4.6104709704717, 9.395062565803528]","[0.0, 0.0, 0.0]","[0.0, 0.0, 0.0]",0.0
development_DiagReachK3_s186_KL_time_loo,DiagReachK3,186,KL,time_loo,4,2400,acceptance,8,9.303973377501826,9.303973377501826,0.0,1.0,0.0,"[6.598572611808777, 4.854324817657471, 10.425776243209839]","[0.0, 0.0, 0.0]","[0.0, 0.0, 0.0]",0.0
development_DiagReachK3_s186_KL_time_loo,DiagReachK3,186,KL,time_loo,5,2880,exploration,20,6.931898711429386,6.587952001200465,0.34394671022892,0.15,0.3,"[5.5876556754112245, 3.487507405877113, 7.817354953289032]","[0.25, 0.05, 0.05]","[0.028388261795043956, 0.004135109828068662, 0.00032772827148437323]",4.593852996826172
development_DiagReachK3_s186_KL_time_loo,DiagReachK3,186,KL,time_loo,5,2880,selection,12,9.477252926599371,9.282832161755747,0.19442076484362283,0.3333333333333333,0.6666666666666666,"[6.882527430852254, 5.660892089207967, 11.492180585861206]","[0.3333333333333333, 0.3333333333333333, 0.08333333333333333]","[0.02106465612139019, 0.01020536667261368, 0.0004956054687499933]",2.6397905349731445
development_DiagReachK3_s186_KL_time_loo,DiagReachK3,186,KL,time_loo,5,2880,acceptance,8,9.314309484844852,9.314309484844852,0.0,1.0,0.0,"[6.57596743106842, 4.9103169441223145, 10.461216688156128]","[0.0, 0.0, 0.0]","[0.0, 0.0, 0.0]",0.0
development_DiagReachK3_s186_KL_time_loo,DiagReachK3,186,KL,time_loo,6,3360,exploration,20,7.34648063900182,6.5116082889051174,0.8348723500967026,0.3,0.3,"[5.773704087734222, 3.7407088026404383, 8.255420744419098]","[0.25, 0.15, 0.1]","[0.03262869630541121, 0.024876954005314755, 0.015869281768798836]",11.769341945648193
development_DiagReachK3_s186_KL_time_loo,DiagReachK3,186,KL,time_loo,6,3360,selection,12,9.218690509646937,9.218690509646937,0.0,1.0,0.0,"[6.327277143796285, 5.146461685498555, 10.428974946339926]","[0.0, 0.0, 0.0]","[0.0, 0.0, 0.0]",0.0
development_DiagReachK3_s186_KL_time_loo,DiagReachK3,186,KL,time_loo,6,3360,acceptance,8,9.278715470075987,9.278715470075987,0.0,1.0,0.0,"[6.548312067985535, 4.91314423084259, 10.436607837677002]","[0.0, 0.0, 0.0]","[0.0, 0.0, 0.0]",0.0
development_DiagReachK3_s186_KL_time_loo,DiagReachK3,186,KL,time_loo,7,3840,exploration,20,7.785547543391585,6.179969597682357,1.6055779457092285,0.15,0.5,"[6.71605983376503, 4.62325804233551, 10.1846994638443]","[0.45, 0.1, 0.1]","[0.09346737521035331, 0.01779777820293721, 0.016528327941894537]",19.53122568130493
development_DiagReachK3_s186_KL_time_loo,DiagReachK3,186,KL,time_loo,7,3840,selection,12,9.127751136342702,9.127751136342702,0.0,1.0,0.0,"[6.2976391315460205, 4.968322277069092, 10.250000397364298]","[0.0, 0.0, 0.0]","[0.0, 0.0, 0.0]",0.0
development_DiagReachK3_s186_KL_time_loo,DiagReachK3,186,KL,time_loo,7,3840,acceptance,8,9.285318992449902,9.285318992449902,0.0,1.0,0.0,"[6.504526376724243, 4.891952157020569, 10.374433279037476]","[0.0, 0.0, 0.0]","[0.0, 0.0, 0.0]",0.0
development_DiagReachK3_s186_KL_time_loo,DiagReachK3,186,KL,time_loo,8,4320,exploration,20,7.6981945606588855,4.955916208279086,2.742278352379799,0.1,0.6,"[6.668399238586426, 4.76908486187458, 10.172030663490295]","[0.5, 0.2, 0.25]","[0.08372855867658344, 0.0711191800924448, 0.04891821670532227]",33.19704580307007
development_DiagReachK3_s186_KL_time_loo,DiagReachK3,186,KL,time_loo,8,4320,selection,12,8.748557793823421,8.748557793823421,0.0,1.0,0.0,"[6.0595576365788775, 4.021087785561879, 9.021851817766825]","[0.0, 0.0, 0.0]","[0.0, 0.0, 0.0]",0.0
development_DiagReachK3_s186_KL_time_loo,DiagReachK3,186,KL,time_loo,8,4320,acceptance,8,9.25260760760284,9.25260760760284,0.0,1.0,0.0,"[6.524586200714111, 4.738102912902832, 10.243080615997314]","[0.0, 0.0, 0.0]","[0.0, 0.0, 0.0]",0.0
development_DiagReachK3_s186_KL_time_loo,DiagReachK3,186,KL,time_loo,9,4800,exploration,20,7.848730886055856,4.990260967685607,2.858469918370247,0.35,0.5,"[6.169052100181579, 5.554015028476715, 10.528722763061523]","[0.35, 0.3, 0.35]","[0.09537940365927562, 0.08842765001150278, 0.0629287109375]",40.580888748168945
development_DiagReachK3_s186_KL_time_loo,DiagReachK3,186,KL,time_loo,9,4800,selection,12,8.740582514385459,8.740582514385459,0.0,1.0,0.0,"[5.617634057998657, 4.31585168838501, 8.937281966209412]","[0.0, 0.0, 0.0]","[0.0, 0.0, 0.0]",0.0
development_DiagReachK3_s186_KL_time_loo,DiagReachK3,186,KL,time_loo,9,4800,acceptance,8,9.278432301874272,9.278432301874272,0.0,1.0,0.0,"[6.6083961725234985, 4.931698203086853, 10.515872955322266]","[0.0, 0.0, 0.0]","[0.0, 0.0, 0.0]",0.0
development_DiagReachK3_s186_KL_time_loo,DiagReachK3,186,KL,time_loo,10,5280,exploration,20,7.341650729065148,6.197936554436891,1.1437141746282578,0.25,0.4,"[5.8568626821041105, 3.9600227177143097, 8.5731827378273]","[0.4, 0.05, 0.1]","[0.052554546083722786, 0.014864253997802734, 0.014893314361572263]",13.013318061828613
development_DiagReachK3_s186_KL_time_loo,DiagReachK3,186,KL,time_loo,10,5280,selection,12,9.117604589358598,9.117604589358598,0.0,1.0,0.0,"[6.311068932215373, 4.516834219296773, 9.80969762802124]","[0.0, 0.0, 0.0]","[0.0, 0.0, 0.0]",0.0
development_DiagReachK3_s186_KL_time_loo,DiagReachK3,186,KL,time_loo,10,5280,acceptance,8,9.287838636810193,9.287838636810193,0.0,1.0,0.0,"[6.570121765136719, 4.892462611198425, 10.44100308418274]","[0.0, 0.0, 0.0]","[0.0, 0.0, 0.0]",0.0
development_DiagReachK3_s186_KL_time_loo,DiagReachK3,186,KL,time_loo,11,5760,exploration,20,7.500321607249788,6.933121542590669,0.5672000646591187,0.15,0.45,"[6.073186218738556, 4.1110815584659575, 9.005774283409119]","[0.4, 0.1, 0.15]","[0.04334564890180315, 0.0009443466479961748, 0.005640235900878909]",7.60121488571167
development_DiagReachK3_s186_KL_time_loo,DiagReachK3,186,KL,time_loo,11,5760,selection,12,9.401839644106925,9.388250430815122,0.013589213291803995,0.75,0.25,"[6.678732752799988, 5.457733591397603, 11.084283749262491]","[0.25, 0.0, 0.0]","[0.002717841239202601, 0.0, 0.0]",0.22829866409301758
development_DiagReachK3_s186_KL_time_loo,DiagReachK3,186,KL,time_loo,11,5760,acceptance,8,9.304430980383769,9.304430980383769,0.0,1.0,0.0,"[6.460109829902649, 5.520693302154541, 10.949246406555176]","[0.0, 0.0, 0.0]","[0.0, 0.0, 0.0]",0.0
development_DiagReachK3_s186_KL_time_loo,DiagReachK3,186,KL,time_loo,12,6240,exploration,20,7.8060798734801935,5.996127852835052,1.8099520206451416,0.35,0.4,"[5.4078162729740145, 5.848517835140228, 10.116571342945099]","[0.1, 0.35, 0.2]","[0.018576083864484515, 0.078767912204449, 0.026774681091308594]",19.53415060043335
development_DiagReachK3_s186_KL_time_loo,DiagReachK3,186,KL,time_loo,12,6240,selection,12,9.253563535759652,9.253563535759652,0.0,1.0,0.0,"[6.480299671490987, 5.620262702306111, 11.031983057657877]","[0.0, 0.0, 0.0]","[0.0, 0.0, 0.0]",0.0
development_DiagReachK3_s186_KL_time_loo,DiagReachK3,186,KL,time_loo,12,6240,acceptance,8,9.340438190987335,9.340438190987335,0.0,1.0,0.0,"[6.442925691604614, 6.234423756599426, 11.615322828292847]","[0.0, 0.0, 0.0]","[0.0, 0.0, 0.0]",0.0
development_DiagReachK3_s186_KL_time_loo,DiagReachK3,186,KL,time_loo,13,6720,exploration,20,7.717821891794448,6.376367654094939,1.3414542376995087,0.35,0.4,"[5.775776952505112, 4.921107220649719, 9.52578809261322]","[0.3, 0.15, 0.15]","[0.03999943392617361, 0.02040927960322454, 0.01781281280517579]",12.706330299377441
development_DiagReachK3_s186_KL_time_loo,DiagReachK3,186,KL,time_loo,13,6720,selection,12,9.093822228873615,9.093822228873615,0.0,1.0,0.0,"[5.740866978963216, 5.993608792622884, 10.716073671976725]","[0.0, 0.0, 0.0]","[0.0, 0.0, 0.0]",0.0
development_DiagReachK3_s186_KL_time_loo,DiagReachK3,186,KL,time_loo,13,6720,acceptance,8,9.361668736836872,9.361668736836872,0.0,1.0,0.0,"[6.312348008155823, 6.105743646621704, 11.380977153778076]","[0.0, 0.0, 0.0]","[0.0, 0.0, 0.0]",0.0
development_DiagReachK3_s186_KL_time_loo,DiagReachK3,186,KL,time_loo,14,7200,exploration,20,7.532041077847825,6.103044991727221,1.4289960861206055,0.2,0.5,"[5.385397684574127, 5.191367679834366, 9.440741726756096]","[0.3, 0.3, 0.25]","[0.03660233701978409, 0.048946028489332924, 0.025662227630615243]",17.902867794036865
development_DiagReachK3_s186_KL_time_loo,DiagReachK3,186,KL,time_loo,14,7200,selection,12,9.377116345338193,9.32076072491424,0.056355620423952736,0.6666666666666666,0.3333333333333333,"[6.432470281918843, 5.958162347475688, 11.328443765640259]","[0.3333333333333333, 0.0, 0.0]","[0.010469771566845124, 0.0, 0.0]",0.8794608116149902
development_DiagReachK3_s186_KL_time_loo,DiagReachK3,186,KL,time_loo,14,7200,acceptance,8,9.436804205388762,9.436804205388762,0.0,1.0,0.0,"[6.458802700042725, 6.233053088188171, 11.641813039779663]","[0.0, 0.0, 0.0]","[0.0, 0.0, 0.0]",0.0
development_DiagReachK3_s186_KL_time_loo,DiagReachK3,186,KL,time_loo,15,7680,exploration,20,8.25744627601176,4.983301701011952,3.2741445749998093,0.1,0.7,"[7.004577374458313, 5.503155183792114, 11.376631736755371]","[0.6, 0.3, 0.3]","[0.0982078960963658, 0.07678193679222693, 0.05475959777832031]",37.42065668106079
development_DiagReachK3_s186_KL_time_loo,DiagReachK3,186,KL,time_loo,15,7680,selection,12,9.019857123063412,9.019857123063412,0.0,1.0,0.0,"[5.963487466176351, 5.4034403165181475, 10.34041428565979]","[0.0, 0.0, 0.0]","[0.0, 0.0, 0.0]",0.0
development_DiagReachK3_s186_KL_time_loo,DiagReachK3,186,KL,time_loo,15,7680,acceptance,8,9.372809177570161,9.372809177570161,0.0,1.0,0.0,"[6.413243770599365, 6.183727145195007, 11.542785167694092]","[0.0, 0.0, 0.0]","[0.0, 0.0, 0.0]",0.0
development_DiagReachK3_s186_KL_time_loo,DiagReachK3,186,KL,time_loo,16,8160,exploration,20,7.957703614461496,7.27795811914213,0.6797454953193665,0.35,0.4,"[5.983743834495544, 5.257432401180267, 10.154469513893128]","[0.3, 0.15, 0.15]","[0.025651880672999793, 0.017660742539625896, 0.010122924804687494]",8.417891025543213
development_DiagReachK3_s186_KL_time_loo,DiagReachK3,186,KL,time_loo,16,8160,selection,12,9.325428500265115,9.325428500265115,0.0,1.0,0.0,"[6.439074198404948, 6.257060607274373, 11.630043427149454]","[0.0, 0.0, 0.0]","[0.0, 0.0, 0.0]",0.0
development_DiagReachK3_s186_KL_time_loo,DiagReachK3,186,KL,time_loo,16,8160,acceptance,8,9.398163263754395,9.398163263754395,0.0,1.0,0.0,"[6.477683126926422, 6.200074791908264, 11.61445939540863]","[0.0, 0.0, 0.0]","[0.0, 0.0, 0.0]",0.0
development_DiagReachK3_s186_KL_time_loo,DiagReachK3,186,KL,time_loo,17,8640,exploration,20,7.870173096156213,5.998668312525842,1.871504783630371,0.2,0.6,"[6.257387161254883, 5.552684047818184, 10.546828591823578]","[0.35, 0.4, 0.3]","[0.043691277503967285, 0.0776363336122953, 0.03308206939697267]",24.480019569396973
development_DiagReachK3_s186_KL_time_loo,DiagReachK3,186,KL,time_loo,17,8640,selection,12,9.236875331431898,9.236875331431898,0.0,1.0,0.0,"[6.630719502766927, 5.625226895014445, 11.157685041427612]","[0.0, 0.0, 0.0]","[0.0, 0.0, 0.0]",0.0
development_DiagReachK3_s186_KL_time_loo,DiagReachK3,186,KL,time_loo,17,8640,acceptance,8,9.48720936026657,9.48720936026657,0.0,1.0,0.0,"[6.792704105377197, 6.214347839355469, 11.913483619689941]","[0.0, 0.0, 0.0]","[0.0, 0.0, 0.0]",0.0
development_DiagReachK3_s186_KL_time_loo,DiagReachK3,186,KL,time_loo,18,9120,exploration,20,7.85129745926817,6.666345602535803,1.1849518567323685,0.15,0.4,"[6.035110318660736, 5.029648762941361, 9.785814225673676]","[0.3, 0.1, 0.2]","[0.047210560526166644, 0.03031484897320087, 0.010519229888916015]",13.180216312408447
development_DiagReachK3_s186_KL_time_loo,DiagReachK3,186,KL,time_loo,18,9120,selection,12,9.418603217124474,9.404589122056496,0.014014095067977905,0.6666666666666666,0.3333333333333333,"[6.770769000053406, 5.859623074531555, 11.54571787516276]","[0.3333333333333333, 0.0, 0.0]","[0.0028028204327537978, 0.0, 0.0]",0.23543691635131836
development_DiagReachK3_s186_KL_time_loo,DiagReachK3,186,KL,time_loo,18,9120,acceptance,8,9.397869133367204,9.397869133367204,0.0,1.0,0.0,"[6.658447504043579, 6.152854084968567, 11.71607780456543]","[0.0, 0.0, 0.0]","[0.0, 0.0, 0.0]",0.0
development_DiagReachK3_s186_KL_time_loo,DiagReachK3,186,KL,time_loo,19,9600,exploration,20,7.891068213600666,6.399512984771282,1.4915552288293839,0.35,0.4,"[6.157375502586365, 5.244933795928955, 10.152478003501892]","[0.3, 0.25, 0.3]","[0.05179814951760429, 0.03851569615877594, 0.023512039184570323]",18.136791229248047
development_DiagReachK3_s186_KL_time_loo,DiagReachK3,186,KL,time_loo,19,9600,selection,12,9.136387938207676,9.136387938207676,0.0,1.0,0.0,"[6.153233806292216, 5.772790233294169, 10.863026062647501]","[0.0, 0.0, 0.0]","[0.0, 0.0, 0.0]",0.0
development_DiagReachK3_s186_KL_time_loo,DiagReachK3,186,KL,time_loo,19,9600,acceptance,8,9.418727787554964,9.418727787554964,0.0,1.0,0.0,"[6.767544865608215, 6.240769624710083, 11.906834125518799]","[0.0, 0.0, 0.0]","[0.0, 0.0, 0.0]",0.0
development_DiagReachK3_s186_KL_time_loo,DiagReachK3,186,KL,time_loo,20,10080,exploration,20,7.90906531592307,7.237303311428403,0.671762004494667,0.35,0.35,"[5.827308911085129, 5.118106925487519, 9.733611750602723]","[0.25, 0.1, 0.1]","[0.04590067522866385, 0.007561162801889276, 0.00807063293457031]",9.426703929901123
development_DiagReachK3_s186_KL_time_loo,DiagReachK3,186,KL,time_loo,20,10080,selection,12,9.138661332170402,9.138661332170402,0.0,1.0,0.0,"[6.068179329236348, 6.090072671572368, 11.089049736658732]","[0.0, 0.0, 0.0]","[0.0, 0.0, 0.0]",0.0
development_DiagReachK3_s186_KL_time_loo,DiagReachK3,186,KL,time_loo,20,10080,acceptance,8,9.395502395660152,9.395502395660152,0.0,1.0,0.0,"[6.659361958503723, 6.1305564641952515, 11.701431274414062]","[0.0, 0.0, 0.0]","[0.0, 0.0, 0.0]",0.0
development_DiagReachK3_s186_KL_time_loo,DiagReachK3,186,KL,time_loo,21,10560,exploration,20,8.325881407271954,5.445519671451184,2.8803617358207703,0.25,0.7,"[7.112713813781738, 5.411723804473877, 11.366206884384155]","[0.5, 0.4, 0.35]","[0.10494379316057478, 0.050382317029512846, 0.05789950561523438]",35.71670866012573
development_DiagReachK3_s186_KL_time_loo,DiagReachK3,186,KL,time_loo,21,10560,selection,12,9.130039170871411,9.130039170871411,0.0,1.0,0.0,"[6.047451853752136, 5.8153611818949384, 10.801262617111206]","[0.0, 0.0, 0.0]","[0.0, 0.0, 0.0]",0.0
development_DiagReachK3_s186_KL_time_loo,DiagReachK3,186,KL,time_loo,21,10560,acceptance,8,9.401861626264871,9.401861626264871,0.0,1.0,0.0,"[6.60373592376709, 6.183969974517822, 11.705076694488525]","[0.0, 0.0, 0.0]","[0.0, 0.0, 0.0]",0.0
development_DiagReachK3_s186_KL_time_loo,DiagReachK3,186,KL,time_loo,22,11040,exploration,20,8.044536823921373,5.609853858642746,2.4346829652786255,0.3,0.5,"[6.155584228038788, 5.6434595584869385, 10.704434084892274]","[0.25, 0.35, 0.2]","[0.06135270254952567, 0.06971080486591047, 0.04542420196533202]",29.00783348083496
development_DiagReachK3_s186_KL_time_loo,DiagReachK3,186,KL,time_loo,22,11040,selection,12,8.992194639968025,8.992194639968025,0.0,1.0,0.0,"[6.0625782410303755, 5.523872812589009, 10.518934408823648]","[0.0, 0.0, 0.0]","[0.0, 0.0, 0.0]",0.0
development_DiagReachK3_s186_KL_time_loo,DiagReachK3,186,KL,time_loo,22,11040,acceptance,8,9.464945246878779,9.464945246878779,0.0,1.0,0.0,"[6.695492625236511, 6.245944499969482, 11.848107099533081]","[0.0, 0.0, 0.0]","[0.0, 0.0, 0.0]",0.0
development_DiagReachK3_s186_KL_time_loo,DiagReachK3,186,KL,time_loo,23,11520,exploration,20,8.057978617495099,7.2876245253739755,0.7703540921211243,0.4,0.4,"[6.162656712532043, 5.33579957485199, 10.296405959129334]","[0.2, 0.25, 0.1]","[0.015599925177437912, 0.03203664192786583, 0.007803794860839852]",8.299701690673828
development_DiagReachK3_s186_KL_time_loo,DiagReachK3,186,KL,time_loo,23,11520,selection,12,9.093523979780729,9.093523979780729,0.0,1.0,0.0,"[6.289940079053243, 5.392948230107625, 10.617644548416138]","[0.0, 0.0, 0.0]","[0.0, 0.0, 0.0]",0.0
development_DiagReachK3_s186_KL_time_loo,DiagReachK3,186,KL,time_loo,23,11520,acceptance,8,9.45609574627015,9.45609574627015,0.0,1.0,0.0,"[6.770779013633728, 6.261901497840881, 11.935789108276367]","[0.0, 0.0, 0.0]","[0.0, 0.0, 0.0]",0.0
development_DiagReachK3_s186_KL_time_loo,DiagReachK3,186,KL,time_loo,24,12000,exploration,20,7.842770021507168,5.851734157750034,1.9910358637571335,0.2,0.55,"[5.819070315361023, 5.342620360851288, 9.965418517589569]","[0.3, 0.35, 0.2]","[0.07370316641671316, 0.04226622948279747, 0.029359291076660167]",23.152875900268555
development_DiagReachK3_s186_KL_time_loo,DiagReachK3,186,KL,time_loo,24,12000,selection,12,9.088645029906184,9.088645029906184,0.0,1.0,0.0,"[6.036731282869975, 5.855204621950786, 10.847179889678955]","[0.0, 0.0, 0.0]","[0.0, 0.0, 0.0]",0.0
development_DiagReachK3_s186_KL_time_loo,DiagReachK3,186,KL,time_loo,24,12000,acceptance,8,9.468745650933124,9.468745650933124,0.0,1.0,0.0,"[6.811243772506714, 6.266498446464539, 11.977742195129395]","[0.0, 0.0, 0.0]","[0.0, 0.0, 0.0]",0.0
development_DiagReachK3_s186_W2_cf_state,DiagReachK3,186,W2,cf_state,0,480,exploration,20,4.997135980804524,4.105929120262227,0.8912068605422974,0.1,0.4,"[5.58738404661417, 1.173620080947876, 4.714179801940918]","[0.4, 0.0, 0.0]","[0.08042649882180351, 0.0, 0.0]",11.25970983505249
development_DiagReachK3_s186_W2_cf_state,DiagReachK3,186,W2,cf_state,0,480,selection,12,6.125305518096623,6.125305518096623,0.0,0.0,0.0,"[6.030398567517598, 0.4439682836333911, 4.5538352727890015]","[0.0, 0.0, 0.0]","[0.0, 0.0, 0.0]",0.0
development_DiagReachK3_s186_W2_cf_state,DiagReachK3,186,W2,cf_state,0,480,acceptance,8,6.209490127186291,6.209490127186291,0.0,0.0,0.0,"[5.900539577007294, 0.6631163656711578, 4.56409078836441]","[0.0, 0.0, 0.0]","[0.0, 0.0, 0.0]",0.0
development_DiagReachK3_s186_W2_cf_state,DiagReachK3,186,W2,cf_state,1,960,exploration,20,5.446009807473747,4.962791882640449,0.48321792483329773,0.2,0.25,"[4.7903139114379885, 2.3940582811832427, 5.922367733716965]","[0.2, 0.05, 0.05]","[0.0345853328704834, 0.008765051915095402, 0.0011367492675781298]",6.265590667724609
development_DiagReachK3_s186_W2_cf_state,DiagReachK3,186,W2,cf_state,1,960,selection,12,7.938364340710297,7.787951895443256,0.15041244526704153,0.4166666666666667,0.3333333333333333,"[6.915289839108785, 1.9112342794736226, 7.6513456503550215]","[0.3333333333333333, 0.0, 0.0]","[0.025680065155029297, 0.0, 0.0]",2.157125473022461
development_DiagReachK3_s186_W2_cf_state,DiagReachK3,186,W2,cf_state,1,960,acceptance,8,7.7115807895432225,7.7115807895432225,0.0,0.5,0.0,"[6.337968409061432, 1.8242833614349365, 7.007875442504883]","[0.0, 0.0, 0.0]","[0.0, 0.0, 0.0]",0.0
development_DiagReachK3_s186_W2_cf_state,DiagReachK3,186,W2,cf_state,2,1440,exploration,20,5.960067276100162,5.105339739660267,0.8547275364398956,0.25,0.25,"[5.22709151506424, 2.419221520423889, 6.326893368363381]","[0.25, 0.0, 0.1]","[0.05555521079472133, 0.0, 0.014048515319824217]",11.289858341217041
development_DiagReachK3_s186_W2_cf_state,DiagReachK3,186,W2,cf_state,2,1440,selection,12,8.652802106978681,8.652802106978681,0.0,1.0,0.0,"[6.39620856444041, 3.354545533657074, 8.675046642621359]","[0.0, 0.0, 0.0]","[0.0, 0.0, 0.0]",0.0
development_DiagReachK3_s186_W2_cf_state,DiagReachK3,186,W2,cf_state,2,1440,acceptance,8,8.622810572007438,8.622810572007438,0.0,1.0,0.0,"[6.294937491416931, 3.286430150270462, 8.509237289428711]","[0.0, 0.0, 0.0]","[0.0, 0.0, 0.0]",0.0
development_DiagReachK3_s186_W2_cf_state,DiagReachK3,186,W2,cf_state,3,1920,exploration,20,7.407342465960245,6.087214367830019,1.3201280981302261,0.3,0.5,"[5.933145475387573, 4.663766558468342, 9.29182538986206]","[0.35, 0.25, 0.2]","[0.05250045912606375, 0.04380437410794772, 0.01731265258789063]",17.372796058654785
development_DiagReachK3_s186_W2_cf_state,DiagReachK3,186,W2,cf_state,3,1920,selection,12,9.206251711572985,9.206251711572985,0.0,1.0,0.0,"[6.577722469965617, 4.745099385579427, 10.300095955530802]","[0.0, 0.0, 0.0]","[0.0, 0.0, 0.0]",0.0
development_DiagReachK3_s186_W2_cf_state,DiagReachK3,186,W2,cf_state,3,1920,acceptance,8,9.209387962514302,9.209387962514302,0.0,1.0,0.0,"[6.553053498268127, 4.500422716140747, 10.03225326538086]","[0.0, 0.0, 0.0]","[0.0, 0.0, 0.0]",0.0
development_DiagReachK3_s186_W2_cf_state,DiagReachK3,186,W2,cf_state,4,2400,exploration,20,7.270290842454415,5.065504467289429,2.2047863751649857,0.15,0.45,"[6.541022861003876, 4.160217463970184, 9.233788239955903]","[0.35, 0.15, 0.2]","[0.08762610299246651, 0.03911755635188176, 0.03199045944213867]",25.35055160522461
development_DiagReachK3_s186_W2_cf_state,DiagReachK3,186,W2,cf_state,4,2400,selection,12,8.940375680360981,8.940375680360981,0.0,1.0,0.0,"[6.098257064819336, 4.474335551261902, 9.53545574347178]","[0.0, 0.0, 0.0]","[0.0, 0.0, 0.0]",0.0
development_DiagReachK3_s186_W2_cf_state,DiagReachK3,186,W2,cf_state,4,2400,acceptance,8,9.26801510450896,9.26801510450896,0.0,1.0,0.0,"[6.827836036682129, 4.780030012130737, 10.576452016830444]","[0.0, 0.0, 0.0]","[0.0, 0.0, 0.0]",0.0
development_DiagReachK3_s186_W2_cf_state,DiagReachK3,186,W2,cf_state,5,2880,exploration,20,6.731981459155212,6.380872386589179,0.3511090725660324,0.15,0.3,"[5.607674723863601, 3.264132110774517, 7.531782722473144]","[0.3, 0.05, 0.05]","[0.024314955302647177, 0.008184785109299875, 0.005264198303222656]",5.784165382385254
development_DiagReachK3_s186_W2_cf_state,DiagReachK3,186,W2,cf_state,5,2880,selection,12,9.41455257986672,8.61924678638267,0.7953057934840521,0.4166666666666667,0.5833333333333334,"[7.246683319409688, 5.859769225120544, 12.066491524378458]","[0.5833333333333334, 0.3333333333333333, 0.3333333333333333]","[0.04876351356506348, 0.024174360128549417, 0.03408189773559569]",11.094019889831543
development_DiagReachK3_s186_W2_cf_state,DiagReachK3,186,W2,cf_state,5,2880,acceptance,8,9.2220277378452,9.21952553485753,0.0025022029876708984,0.75,0.25,"[6.8469637632369995, 4.872316241264343, 10.693497657775879]","[0.25, 0.0, 0.0]","[0.0005004405975341797, 0.0, 0.0]",0.028024673461914062
development_DiagReachK3_s186_W2_cf_state,DiagReachK3,186,W2,cf_state,6,3360,exploration,20,7.223807151929941,5.109576042310801,2.1142311096191406,0.35,0.3,"[5.975904750823974, 3.772042788565159, 8.490032386779784]","[0.25, 0.1, 0.15]","[0.0852700676236834, 0.02276517794682429, 0.03247600555419923]",23.016283988952637
development_DiagReachK3_s186_W2_cf_state,DiagReachK3,186,W2,cf_state,6,3360,selection,12,9.032309450350779,9.032309450350779,0.0,1.0,0.0,"[6.106220602989197, 4.560151020685832, 9.638545274734497]","[0.0, 0.0, 0.0]","[0.0, 0.0, 0.0]",0.0
development_DiagReachK3_s186_W2_cf_state,DiagReachK3,186,W2,cf_state,6,3360,acceptance,8,9.235243127844296,9.235243127844296,0.0,1.0,0.0,"[6.81241762638092, 4.873157382011414, 10.66273045539856]","[0.0, 0.0, 0.0]","[0.0, 0.0, 0.0]",0.0
development_DiagReachK3_s186_W2_cf_state,DiagReachK3,186,W2,cf_state,7,3840,exploration,20,6.429214142225392,6.071549765728124,0.3576643764972687,0.2,0.25,"[5.3306960463523865, 3.116474324464798, 6.992868649959564]","[0.2, 0.1, 0.15]","[0.019597281728472027, 0.018655351492074822, 0.003849891662597649]",6.131288051605225
development_DiagReachK3_s186_W2_cf_state,DiagReachK3,186,W2,cf_state,7,3840,selection,12,9.498475759165983,8.839871057805915,0.6586047013600668,0.3333333333333333,0.6666666666666666,"[7.453577597935994, 5.504695693651835, 11.88845698038737]","[0.6666666666666666, 0.0, 0.3333333333333333]","[0.07293550173441565, 0.0, 0.013672409057617185]",8.177443504333496
development_DiagReachK3_s186_W2_cf_state,DiagReachK3,186,W2,cf_state,7,3840,acceptance,8,9.22359274791088,9.22359274791088,0.0,1.0,0.0,"[6.789843440055847, 4.866871237754822, 10.632187366485596]","[0.0, 0.0, 0.0]","[0.0, 0.0, 0.0]",0.0
development_DiagReachK3_s186_W2_cf_state,DiagReachK3,186,W2,cf_state,8,4320,exploration,20,7.251879133610055,5.551579542784021,1.7002995908260345,0.25,0.35,"[5.821351754665375, 4.15041806101799, 8.689686799049378]","[0.35, 0.05, 0.15]","[0.06786889348711286, 0.024175130403958835, 0.020709991455078125]",17.82190990447998
development_DiagReachK3_s186_W2_cf_state,DiagReachK3,186,W2,cf_state,8,4320,selection,12,8.871267132697783,8.871267132697783,0.0,1.0,0.0,"[5.969913482666016, 4.162856698036194, 9.129784186681112]","[0.0, 0.0, 0.0]","[0.0, 0.0, 0.0]",0.0
development_DiagReachK3_s186_W2_cf_state,DiagReachK3,186,W2,cf_state,8,4320,acceptance,8,9.252113806433044,9.252113806433044,0.0,1.0,0.0,"[6.753013491630554, 4.657661557197571, 10.385622501373291]","[0.0, 0.0, 0.0]","[0.0, 0.0, 0.0]",0.0
development_DiagReachK3_s186_W2_cf_state,DiagReachK3,186,W2,cf_state,9,4800,exploration,20,7.139881980571663,6.612213519368089,0.5276684612035751,0.6,0.25,"[5.64445286989212, 3.3757290124893187, 7.592725569009781]","[0.2, 0.05, 0.05]","[0.032745865413120814, 0.006805801391601562, 0.006772438049316409]",7.162284851074219
development_DiagReachK3_s186_W2_cf_state,DiagReachK3,186,W2,cf_state,9,4800,selection,12,8.978202530388566,8.978202530388566,0.0,1.0,0.0,"[5.929189721743266, 4.5545443296432495, 9.467352390289307]","[0.0, 0.0, 0.0]","[0.0, 0.0, 0.0]",0.0
development_DiagReachK3_s186_W2_cf_state,DiagReachK3,186,W2,cf_state,9,4800,acceptance,8,9.273732076212763,9.272053907439112,0.001678168773651123,0.5,0.5,"[6.870560169219971, 4.896473407745361, 10.74359679222107]","[0.5, 0.0, 0.0]","[0.0003356422696794703, 0.0, 0.0]",0.01879596710205078
development_DiagReachK3_s186_W2_cf_state,DiagReachK3,186,W2,cf_state,10,5280,exploration,20,7.34649987901561,6.575527165187523,0.7709727138280869,0.35,0.45,"[6.1188180387020115, 4.507202351093293, 9.326027202606202]","[0.35, 0.2, 0.1]","[0.06034716878618514, 0.01427755355834961, 0.014406253814697267]",13.906249046325684
development_DiagReachK3_s186_W2_cf_state,DiagReachK3,186,W2,cf_state,10,5280,selection,12,9.199800902335362,9.193931533623255,0.005869368712107341,0.9166666666666666,0.08333333333333333,"[6.759595513343811, 4.484820206960042, 10.21864128112793]","[0.08333333333333333, 0.0, 0.0]","[0.0011738765807378833, 0.0, 0.0]",0.09860563278198242
development_DiagReachK3_s186_W2_cf_state,DiagReachK3,186,W2,cf_state,10,5280,acceptance,8,9.23721059449017,9.23721059449017,0.0,1.0,0.0,"[6.822406530380249, 4.838670969009399, 10.637665033340454]","[0.0, 0.0, 0.0]","[0.0, 0.0, 0.0]",0.0
development_DiagReachK3_s186_W2_cf_state,DiagReachK3,186,W2,cf_state,11,5760,exploration,20,7.45251307729166,6.841531538399868,0.6109815388917923,0.3,0.35,"[6.1230943441390995, 4.318283291161061, 9.170214879512788]","[0.3, 0.15, 0.15]","[0.041477884565080926, 0.012138102604792677, 0.010192253112792971]",9.932920455932617
development_DiagReachK3_s186_W2_cf_state,DiagReachK3,186,W2,cf_state,11,5760,selection,12,9.273235128173837,9.264586941251764,0.008648186922073364,0.75,0.25,"[6.845553358395894, 4.860994458198547, 10.655524492263794]","[0.25, 0.0, 0.0]","[0.0017296359652564746, 0.0, 0.0]",0.14528942108154297
development_DiagReachK3_s186_W2_cf_state,DiagReachK3,186,W2,cf_state,11,5760,acceptance,8,9.264890397564159,9.264890397564159,0.0,1.0,0.0,"[6.757092714309692, 4.873427331447601, 10.593324780464172]","[0.0, 0.0, 0.0]","[0.0, 0.0, 0.0]",0.0
development_DiagReachK3_s186_W2_cf_state,DiagReachK3,186,W2,cf_state,12,6240,exploration,20,7.706593995422591,6.145934273928869,1.560659721493721,0.2,0.6,"[6.613909912109375, 4.853992515802384, 10.119204878807068]","[0.4, 0.35, 0.3]","[0.07246027333395823, 0.05205409343426044, 0.033764595031738266]",25.352619171142578
development_DiagReachK3_s186_W2_cf_state,DiagReachK3,186,W2,cf_state,12,6240,selection,12,8.887916801063694,8.887916801063694,0.0,1.0,0.0,"[6.031790614128113, 4.70659335454305, 9.68467386563619]","[0.0, 0.0, 0.0]","[0.0, 0.0, 0.0]",0.0
development_DiagReachK3_s186_W2_cf_state,DiagReachK3,186,W2,cf_state,12,6240,acceptance,8,9.294602297735402,9.294602297735402,0.0,1.0,0.0,"[6.77823531627655, 4.998440384864807, 10.70747447013855]","[0.0, 0.0, 0.0]","[0.0, 0.0, 0.0]",0.0
development_DiagReachK3_s186_W2_cf_state,DiagReachK3,186,W2,cf_state,13,6720,exploration,20,7.386026700607036,5.856829842200969,1.529196858406067,0.3,0.3,"[5.5955306336283686, 4.827893257141113, 9.220264258980752]","[0.2, 0.2, 0.1]","[0.026114477430071135, 0.0549195803128756, 0.027503757476806633]",17.67151165008545
development_DiagReachK3_s186_W2_cf_state,DiagReachK3,186,W2,cf_state,13,6720,selection,12,9.292256187133415,9.292256187133415,0.0,1.0,0.0,"[6.689776380856832, 4.7986371119817095, 10.42189105351766]","[0.0, 0.0, 0.0]","[0.0, 0.0, 0.0]",0.0
development_DiagReachK3_s186_W2_cf_state,DiagReachK3,186,W2,cf_state,13,6720,acceptance,8,9.325660024239916,9.325660024239916,0.0,1.0,0.0,"[6.638994812965393, 4.8584067821502686, 10.454668760299683]","[0.0, 0.0, 0.0]","[0.0, 0.0, 0.0]",0.0
development_DiagReachK3_s186_W2_cf_state,DiagReachK3,186,W2,cf_state,14,7200,exploration,20,7.582244050656445,6.430586871658453,1.1516571789979935,0.05,0.4,"[6.047371840476989, 4.901923894882202, 9.722905719280243]","[0.25, 0.25, 0.15]","[0.038347312382289334, 0.03410352560190054, 0.013706665039062505]",13.228748321533203
development_DiagReachK3_s186_W2_cf_state,DiagReachK3,186,W2,cf_state,14,7200,selection,12,9.185593640784889,9.1530263085966,0.03256733218828837,0.6666666666666666,0.3333333333333333,"[6.667154788970947, 4.827977856000264, 10.414030154546102]","[0.3333333333333333, 0.0, 0.0]","[0.006513465018499476, 0.0, 0.0]",0.5471310615539551
development_DiagReachK3_s186_W2_cf_state,DiagReachK3,186,W2,cf_state,14,7200,acceptance,8,9.384065740724328,9.384065740724328,0.0,1.0,0.0,"[6.793919086456299, 5.009659647941589, 10.751873016357422]","[0.0, 0.0, 0.0]","[0.0, 0.0, 0.0]",0.0
development_DiagReachK3_s186_W2_cf_state,DiagReachK3,186,W2,cf_state,15,7680,exploration,20,7.187399950557156,6.767750155859394,0.41964979469776154,0.3,0.25,"[5.529202616214752, 4.194310745596885, 8.371144965291023]","[0.15, 0.15, 0.05]","[0.01529005595615932, 0.021631677334125233, 0.0025747146606445283]",5.596404552459717
development_DiagReachK3_s186_W2_cf_state,DiagReachK3,186,W2,cf_state,15,7680,selection,12,9.442599022735765,8.663596117843797,0.7790029048919678,0.6666666666666666,0.3333333333333333,"[7.2420311371485395, 5.455034852027893, 11.63414708773295]","[0.3333333333333333, 0.0, 0.3333333333333333]","[0.06090007509504045, 0.0, 0.025208314259846987]",8.89685344696045
development_DiagReachK3_s186_W2_cf_state,DiagReachK3,186,W2,cf_state,15,7680,acceptance,8,9.322101947385818,9.322101947385818,0.0,1.0,0.0,"[6.7269898653030396, 4.934056282043457, 10.604311227798462]","[0.0, 0.0, 0.0]","[0.0, 0.0, 0.0]",0.0
development_DiagReachK3_s186_W2_cf_state,DiagReachK3,186,W2,cf_state,16,8160,exploration,20,7.804375917753205,6.602711902102456,1.2016640156507492,0.4,0.3,"[5.945018601417542, 5.029929390549659, 9.690402269363403]","[0.2, 0.25, 0.15]","[0.025865909031459265, 0.03633651366600623, 0.021080322265625007]",13.615054607391357
development_DiagReachK3_s186_W2_cf_state,DiagReachK3,186,W2,cf_state,16,8160,selection,12,8.887671243397444,8.887671243397444,0.0,1.0,0.0,"[5.9005809624989825, 4.630192180474599, 9.518806298573812]","[0.0, 0.0, 0.0]","[0.0, 0.0, 0.0]",0.0
development_DiagReachK3_s186_W2_cf_state,DiagReachK3,186,W2,cf_state,16,8160,acceptance,8,9.315837740097777,9.315837740097777,0.0,1.0,0.0,"[6.6697821617126465, 4.972802639007568, 10.594022989273071]","[0.0, 0.0, 0.0]","[0.0, 0.0, 0.0]",0.0
development_DiagReachK3_s186_W2_cf_state,DiagReachK3,186,W2,cf_state,17,8640,exploration,20,7.86737897270592,6.2085205840435815,1.6588583886623383,0.3,0.4,"[6.34660964012146, 5.047047913074493, 10.167510151863098]","[0.3, 0.25, 0.2]","[0.04462155614580428, 0.054279928940993094, 0.03725846099853515]",22.61802387237549
development_DiagReachK3_s186_W2_cf_state,DiagReachK3,186,W2,cf_state,17,8640,selection,12,8.761150062494318,8.761150062494318,0.0,1.0,0.0,"[6.248320619265239, 4.1173637708028155, 9.298627217610678]","[0.0, 0.0, 0.0]","[0.0, 0.0, 0.0]",0.0
development_DiagReachK3_s186_W2_cf_state,DiagReachK3,186,W2,cf_state,17,8640,acceptance,8,9.388873233605409,9.388873233605409,0.0,1.0,0.0,"[6.830484509468079, 4.985533714294434, 10.765489339828491]","[0.0, 0.0, 0.0]","[0.0, 0.0, 0.0]",0.0
development_DiagReachK3_s186_W2_cf_state,DiagReachK3,186,W2,cf_state,18,9120,exploration,20,7.298975526256254,5.623084246081999,1.6758912801742554,0.35,0.35,"[5.934878635406494, 3.9979630947113036, 8.56650257408619]","[0.25, 0.15, 0.1]","[0.05103185517447335, 0.03005950634296123, 0.019762870788574215]",15.992913246154785
development_DiagReachK3_s186_W2_cf_state,DiagReachK3,186,W2,cf_state,18,9120,selection,12,8.959105990623355,8.959105990623355,0.0,1.0,0.0,"[6.012558341026306, 4.559364716211955, 9.556289037068685]","[0.0, 0.0, 0.0]","[0.0, 0.0, 0.0]",0.0
development_DiagReachK3_s186_W2_cf_state,DiagReachK3,186,W2,cf_state,18,9120,acceptance,8,9.295898304501316,9.295898304501316,0.0,1.0,0.0,"[6.671690821647644, 4.904440402984619, 10.524893283843994]","[0.0, 0.0, 0.0]","[0.0, 0.0, 0.0]",0.0
development_DiagReachK3_s186_W2_cf_state,DiagReachK3,186,W2,cf_state,19,9600,exploration,20,7.204641403060085,6.4148325187970485,0.7898088842630386,0.35,0.25,"[5.471559762954712, 3.952449357509613, 8.174781012535096]","[0.15, 0.2, 0.2]","[0.023828612055097297, 0.02301762287433331, 0.014908542633056642]",10.055432319641113
development_DiagReachK3_s186_W2_cf_state,DiagReachK3,186,W2,cf_state,19,9600,selection,12,9.283753390591786,9.283753390591786,0.0,1.0,0.0,"[6.590742150942485, 4.7202301025390625, 10.264657020568848]","[0.0, 0.0, 0.0]","[0.0, 0.0, 0.0]",0.0
development_DiagReachK3_s186_W2_cf_state,DiagReachK3,186,W2,cf_state,19,9600,acceptance,8,9.371464288246353,9.371464288246353,0.0,1.0,0.0,"[6.815293073654175, 5.063853442668915, 10.784003853797913]","[0.0, 0.0, 0.0]","[0.0, 0.0, 0.0]",0.0
development_DiagReachK3_s186_W2_cf_state,DiagReachK3,186,W2,cf_state,20,10080,exploration,20,7.384350362427648,7.049970689423499,0.3343796730041504,0.4,0.25,"[6.034743094444275, 3.8381670355796813, 8.561672520637511]","[0.2, 0.05, 0.05]","[0.015940894399370464, 0.017034244537353516, 0.006496276855468752]",6.07024621963501
development_DiagReachK3_s186_W2_cf_state,DiagReachK3,186,W2,cf_state,20,10080,selection,12,9.204493325403444,9.204493325403444,0.0,1.0,0.0,"[6.351199746131897, 4.790925979614258, 10.106131712595621]","[0.0, 0.0, 0.0]","[0.0, 0.0, 0.0]",0.0
development_DiagReachK3_s186_W2_cf_state,DiagReachK3,186,W2,cf_state,20,10080,acceptance,8,9.396871642694897,9.396871642694897,0.0,1.0,0.0,"[6.695841312408447, 5.003592371940613, 10.633513927459717]","[0.0, 0.0, 0.0]","[0.0, 0.0, 0.0]",0.0
development_DiagReachK3_s186_W2_cf_state,DiagReachK3,186,W2,cf_state,21,10560,exploration,20,7.32523951665964,6.033559441431427,1.2916800752282143,0.25,0.45,"[6.336742007732392, 4.244730424880982, 9.068563497066497]","[0.35, 0.2, 0.15]","[0.05098256724221366, 0.04215389031630297, 0.014760059356689458]",16.30757999420166
development_DiagReachK3_s186_W2_cf_state,DiagReachK3,186,W2,cf_state,21,10560,selection,12,9.323317399913746,9.323317399913746,0.0,1.0,0.0,"[6.4161860545476275, 4.979300022125244, 10.370606660842896]","[0.0, 0.0, 0.0]","[0.0, 0.0, 0.0]",0.0
development_DiagReachK3_s186_W2_cf_state,DiagReachK3,186,W2,cf_state,21,10560,acceptance,8,9.416786925890484,9.416786925890484,0.0,1.0,0.0,"[6.659960746765137, 5.078570485115051, 10.681055307388306]","[0.0, 0.0, 0.0]","[0.0, 0.0, 0.0]",0.0
development_DiagReachK3_s186_W2_cf_state,DiagReachK3,186,W2,cf_state,22,11040,exploration,20,7.522795847812668,6.4058425046596685,1.1169533431529999,0.4,0.45,"[6.124343681335449, 4.3907487988471985, 9.296412205696106]","[0.35, 0.15, 0.15]","[0.06073950018201556, 0.020969665967501126, 0.01900732040405273]",15.981416702270508
development_DiagReachK3_s186_W2_cf_state,DiagReachK3,186,W2,cf_state,22,11040,selection,12,9.121102898775666,9.119818269669144,0.0012846291065216064,0.9166666666666666,0.08333333333333333,"[6.203018029530843, 4.780106743176778, 9.956116120020548]","[0.08333333333333333, 0.0, 0.0]","[0.0002569300787789534, 0.0, 0.0]",0.02158212661743164
development_DiagReachK3_s186_W2_cf_state,DiagReachK3,186,W2,cf_state,22,11040,acceptance,8,9.35134632006957,9.35134632006957,0.0,1.0,0.0,"[6.485928118228912, 5.058070659637451, 10.507625579833984]","[0.0, 0.0, 0.0]","[0.0, 0.0, 0.0]",0.0
development_DiagReachK3_s186_W2_cf_state,DiagReachK3,186,W2,cf_state,23,11520,exploration,20,7.188207713263109,5.458818746106699,1.7293889671564102,0.25,0.25,"[5.687131261825561, 4.131989535689354, 8.450211226940155]","[0.15, 0.2, 0.1]","[0.040954368455069404, 0.032611799240112316, 0.035369338989257815]",18.81548023223877
development_DiagReachK3_s186_W2_cf_state,DiagReachK3,186,W2,cf_state,23,11520,selection,12,8.998920077423746,8.998920077423746,0.0,1.0,0.0,"[6.246275146802266, 4.466303765773773, 9.670504093170166]","[0.0, 0.0, 0.0]","[0.0, 0.0, 0.0]",0.0
development_DiagReachK3_s186_W2_cf_state,DiagReachK3,186,W2,cf_state,23,11520,acceptance,8,9.463835821052635,9.463835821052635,0.0,1.0,0.0,"[6.838343262672424, 5.155733704566956, 10.915000915527344]","[0.0, 0.0, 0.0]","[0.0, 0.0, 0.0]",0.0
development_DiagReachK3_s186_W2_cf_state,DiagReachK3,186,W2,cf_state,24,12000,exploration,20,7.562873220248439,4.895125499172426,2.6677477210760117,0.3,0.35,"[5.998604506254196, 4.410865722596645, 9.079586803913116]","[0.2, 0.2, 0.15]","[0.029356418337140765, 0.09108946873591497, 0.037705062866210934]",25.377795219421387
development_DiagReachK3_s186_W2_cf_state,DiagReachK3,186,W2,cf_state,24,12000,selection,12,8.848345667973264,8.848345667973264,0.0,1.0,0.0,"[6.52054750919342, 4.013397653897603, 9.454850673675537]","[0.0, 0.0, 0.0]","[0.0, 0.0, 0.0]",0.0
development_DiagReachK3_s186_W2_cf_state,DiagReachK3,186,W2,cf_state,24,12000,acceptance,8,9.480708199396759,9.480708199396759,0.0,1.0,0.0,"[6.8667967319488525, 5.142522811889648, 10.913958072662354]","[0.0, 0.0, 0.0]","[0.0, 0.0, 0.0]",0.0
development_DiagReachK3_s186_W2_time_loo,DiagReachK3,186,W2,time_loo,0,480,exploration,20,4.997135980804524,4.105929120262227,0.8912068605422974,0.1,0.4,"[5.58738404661417, 1.173620080947876, 4.714179801940918]","[0.4, 0.0, 0.0]","[0.08042649882180351, 0.0, 0.0]",11.25970983505249
development_DiagReachK3_s186_W2_time_loo,DiagReachK3,186,W2,time_loo,0,480,selection,12,6.103689765208401,6.103689765208401,0.0,0.0,0.0,"[6.029208978017171, 0.4424298455317815, 4.5094319979349775]","[0.0, 0.0, 0.0]","[0.0, 0.0, 0.0]",0.0
development_DiagReachK3_s186_W2_time_loo,DiagReachK3,186,W2,time_loo,0,480,acceptance,8,6.209490127186291,6.209490127186291,0.0,0.0,0.0,"[5.900539577007294, 0.6631163656711578, 4.56409078836441]","[0.0, 0.0, 0.0]","[0.0, 0.0, 0.0]",0.0
development_DiagReachK3_s186_W2_time_loo,DiagReachK3,186,W2,time_loo,1,960,exploration,20,5.446009807473747,4.962791882640449,0.48321792483329773,0.2,0.25,"[4.7903139114379885, 2.3940582811832427, 5.922367733716965]","[0.2, 0.05, 0.05]","[0.0345853328704834, 0.008765051915095402, 0.0011367492675781298]",6.265590667724609
development_DiagReachK3_s186_W2_time_loo,DiagReachK3,186,W2,time_loo,1,960,selection,12,7.947893201326951,7.797480756059909,0.15041244526704153,0.4166666666666667,0.3333333333333333,"[6.945087154706319, 1.9214305877685547, 7.694297432899475]","[0.3333333333333333, 0.0, 0.0]","[0.025680065155029297, 0.0, 0.0]",2.157125473022461
development_DiagReachK3_s186_W2_time_loo,DiagReachK3,186,W2,time_loo,1,960,acceptance,8,7.7289205649925865,7.7289205649925865,0.0,0.5,0.0,"[6.373753130435944, 1.8455129861831665, 7.070580840110779]","[0.0, 0.0, 0.0]","[0.0, 0.0, 0.0]",0.0
development_DiagReachK3_s186_W2_time_loo,DiagReachK3,186,W2,time_loo,2,1440,exploration,20,6.030828964255051,5.246590134046273,0.7842388302087784,0.2,0.25,"[5.219928109645844, 2.4018649846315383, 6.301722502708435]","[0.25, 0.0, 0.1]","[0.05374090330941337, 0.0, 0.010153057098388674]",10.061990737915039
development_DiagReachK3_s186_W2_time_loo,DiagReachK3,186,W2,time_loo,2,1440,selection,12,8.582961860380601,8.582961860380601,0.0,1.0,0.0,"[6.361390988032023, 3.2875126004219055, 8.596084276835123]","[0.0, 0.0, 0.0]","[0.0, 0.0, 0.0]",0.0
development_DiagReachK3_s186_W2_time_loo,DiagReachK3,186,W2,time_loo,2,1440,acceptance,8,8.658311827981379,8.658311827981379,0.0,1.0,0.0,"[6.320188462734222, 3.286639004945755, 8.546595931053162]","[0.0, 0.0, 0.0]","[0.0, 0.0, 0.0]",0.0
development_DiagReachK3_s186_W2_time_loo,DiagReachK3,186,W2,time_loo,3,1920,exploration,20,7.394762510470171,6.17845737378957,1.216305136680603,0.25,0.5,"[5.8754469871521, 4.634737879037857, 9.229041016101837]","[0.35, 0.25, 0.15]","[0.05226177828652519, 0.03703933128943811, 0.01170599365234375]",15.058260440826416
development_DiagReachK3_s186_W2_time_loo,DiagReachK3,186,W2,time_loo,3,1920,selection,12,9.166767716273899,9.166767716273899,0.0,1.0,0.0,"[6.461753805478414, 4.428775072097778, 9.8733491897583]","[0.0, 0.0, 0.0]","[0.0, 0.0, 0.0]",0.0
development_DiagReachK3_s186_W2_time_loo,DiagReachK3,186,W2,time_loo,3,1920,acceptance,8,9.165554161401815,9.165554161401815,0.0,1.0,0.0,"[6.409355342388153, 4.580454170703888, 9.974706292152405]","[0.0, 0.0, 0.0]","[0.0, 0.0, 0.0]",0.0
development_DiagReachK3_s186_W2_time_loo,DiagReachK3,186,W2,time_loo,4,2400,exploration,20,7.541223835065031,5.394200857593678,2.1470229774713516,0.2,0.45,"[6.523207318782807, 4.469814082980156, 9.67098513841629]","[0.35, 0.2, 0.2]","[0.07826941013336183, 0.0376064997452956, 0.030856628417968757]",23.56071949005127
development_DiagReachK3_s186_W2_time_loo,DiagReachK3,186,W2,time_loo,4,2400,selection,12,8.861625657117596,8.861625657117596,0.0,1.0,0.0,"[5.812765002250671, 4.74921711285909, 9.545761466026306]","[0.0, 0.0, 0.0]","[0.0, 0.0, 0.0]",0.0
development_DiagReachK3_s186_W2_time_loo,DiagReachK3,186,W2,time_loo,4,2400,acceptance,8,9.267855087629869,9.267855087629869,0.0,1.0,0.0,"[6.584165334701538, 5.013892292976379, 10.561347246170044]","[0.0, 0.0, 0.0]","[0.0, 0.0, 0.0]",0.0
development_DiagReachK3_s186_W2_time_loo,DiagReachK3,186,W2,time_loo,5,2880,exploration,20,6.9790155074093505,6.643029235908761,0.33598627150058746,0.2,0.25,"[5.609309560060501, 3.5711763203144073, 7.919484400749207]","[0.2, 0.05, 0.05]","[0.02690980093819755, 0.004775791901808523, 0.000783462524414058]",4.584090709686279
development_DiagReachK3_s186_W2_time_loo,DiagReachK3,186,W2,time_loo,5,2880,selection,12,9.468298811985006,9.199034605694761,0.26926420629024506,0.3333333333333333,0.6666666666666666,"[6.90576418240865, 5.8204218943913775, 11.667565107345581]","[0.3333333333333333, 0.3333333333333333, 0.08333333333333333]","[0.025175724710736962, 0.015341398043510238, 0.0010703023274739598]",3.471935272216797
development_DiagReachK3_s186_W2_time_loo,DiagReachK3,186,W2,time_loo,5,2880,acceptance,8,9.283093836827902,9.283093836827902,0.0,1.0,0.0,"[6.5625234842300415, 5.069682836532593, 10.600052118301392]","[0.0, 0.0, 0.0]","[0.0, 0.0, 0.0]",0.0
development_DiagReachK3_s186_W2_time_loo,DiagReachK3,186,W2,time_loo,6,3360,exploration,20,7.395854120455333,6.553170715771266,0.8426834046840668,0.25,0.35,"[5.787433171272278, 3.81025373339653, 8.345920050144196]","[0.25, 0.2, 0.1]","[0.030614617892674046, 0.027047736828143775, 0.01622378921508788]",11.85819959640503
development_DiagReachK3_s186_W2_time_loo,DiagReachK3,186,W2,time_loo,6,3360,selection,12,9.265384399922914,9.265384399922914,0.0,1.0,0.0,"[6.404675046602885, 5.318114638328552, 10.663741191228231]","[0.0, 0.0, 0.0]","[0.0, 0.0, 0.0]",0.0
development_DiagReachK3_s186_W2_time_loo,DiagReachK3,186,W2,time_loo,6,3360,acceptance,8,9.368530699721305,9.368530699721305,0.0,1.0,0.0,"[6.699838161468506, 5.052251756191254, 10.686723947525024]","[0.0, 0.0, 0.0]","[0.0, 0.0, 0.0]",0.0
development_DiagReachK3_s186_W2_time_loo,DiagReachK3,186,W2,time_loo,7,3840,exploration,20,7.836226756488905,5.996783579504117,1.839443176984787,0.15,0.55,"[6.87331246137619, 4.7617151737213135, 10.477516579627991]","[0.5, 0.1, 0.15]","[0.10597408839634488, 0.019510775346022392, 0.01614181518554687]",21.40822696685791
development_DiagReachK3_s186_W2_time_loo,DiagReachK3,186,W2,time_loo,7,3840,selection,12,9.107644287403007,9.104674585318147,0.0029697020848592124,0.9166666666666666,0.08333333333333333,"[6.254232247670491, 4.780144691467285, 9.968418598175049]","[0.08333333333333333, 0.0, 0.0]","[0.0005939404169718424, 0.0, 0.0]",0.049890995025634766
development_DiagReachK3_s186_W2_time_loo,DiagReachK3,186,W2,time_loo,7,3840,acceptance,8,9.302360506072034,9.302360506072034,0.0,1.0,0.0,"[6.732035219669342, 4.758325934410095, 10.405921697616577]","[0.0, 0.0, 0.0]","[0.0, 0.0, 0.0]",0.0
development_DiagReachK3_s186_W2_time_loo,DiagReachK3,186,W2,time_loo,8,4320,exploration,20,7.528053688708171,7.164193558398113,0.3638601303100586,0.15,0.35,"[5.63780769109726, 5.1753252923488615, 9.616685700416564]","[0.2, 0.2, 0.1]","[0.016110771042960038, 0.021121373543372523, 0.0012313652038574152]",5.3091278076171875
development_DiagReachK3_s186_W2_time_loo,DiagReachK3,186,W2,time_loo,8,4320,selection,12,9.70504406040612,8.652463932292692,1.0525801281134288,0.25,0.75,"[7.618134339650472, 5.549262166023254, 12.056341489156088]","[0.75, 0.0, 0.3333333333333333]","[0.09325169381641206, 0.0, 0.022670103708903006]",11.233657836914062
development_DiagReachK3_s186_W2_time_loo,DiagReachK3,186,W2,time_loo,8,4320,acceptance,8,9.471931852976558,9.471931852976558,0.0,1.0,0.0,"[6.866098761558533, 4.866172552108765, 10.634641647338867]","[0.0, 0.0, 0.0]","[0.0, 0.0, 0.0]",0.0
development_DiagReachK3_s186_W2_time_loo,DiagReachK3,186,W2,time_loo,9,4800,exploration,20,7.549290697700199,5.647076945430454,1.9022137522697449,0.25,0.45,"[6.104929035902023, 4.938088887929917, 9.845710957050324]","[0.35, 0.2, 0.15]","[0.050848596436636785, 0.062158966064453126, 0.03838434219360352]",24.795554637908936
development_DiagReachK3_s186_W2_time_loo,DiagReachK3,186,W2,time_loo,9,4800,selection,12,8.962215028267321,8.962215028267321,0.0,1.0,0.0,"[6.3758485317230225, 4.1520474553108215, 9.442140499750773]","[0.0, 0.0, 0.0]","[0.0, 0.0, 0.0]",0.0
development_DiagReachK3_s186_W2_time_loo,DiagReachK3,186,W2,time_loo,9,4800,acceptance,8,9.469751420538524,9.459591659824946,0.01015976071357727,0.75,0.25,"[6.914527177810669, 5.03422474861145, 10.857059717178345]","[0.25, 0.0, 0.0]","[0.002031939370291558, 0.0, 0.0]",0.11378860473632812
development_DiagReachK3_s186_W2_time_loo,DiagReachK3,186,W2,time_loo,10,5280,exploration,20,7.095803781319409,6.817244290281087,0.27855949103832245,0.15,0.4,"[5.764120733737945, 4.009716300666332, 8.390237486362457]","[0.25, 0.15, 0.05]","[0.023919718606131422, 0.01267400888296274, 0.0003682022094726567]",5.088432312011719
development_DiagReachK3_s186_W2_time_loo,DiagReachK3,186,W2,time_loo,10,5280,selection,12,9.614989574443703,9.16597457298776,0.4490150014559428,0.25,0.75,"[7.082136472066243, 5.981107314427693, 11.956079324086508]","[0.5, 0.3333333333333333, 0.3333333333333333]","[0.02183931782132102, 0.03348763172443096, 0.013060461680094412]",6.405607223510742
development_DiagReachK3_s186_W2_time_loo,DiagReachK3,186,W2,time_loo,10,5280,acceptance,8,9.502024542883735,9.4898432906426,0.012181252241134644,0.5,0.5,"[6.905393838882446, 5.00996732711792, 10.81848692893982]","[0.5, 0.0, 0.0]","[0.002436263220650825, 0.0, 0.0]",0.1364307403564453
development_DiagReachK3_s186_W2_time_loo,DiagReachK3,186,W2,time_loo,11,5760,exploration,20,7.643963152628858,5.650498354893644,1.9934647977352142,0.15,0.5,"[6.983062314987182, 4.284852311015129, 10.149341082572937]","[0.5, 0.0, 0.25]","[0.11477141380310056, 0.0, 0.027161281585693354]",22.858318328857422
development_DiagReachK3_s186_W2_time_loo,DiagReachK3,186,W2,time_loo,11,5760,selection,12,8.95358216142243,8.95358216142243,0.0,1.0,0.0,"[5.805794994036357, 4.717377543449402, 9.490012804667154]","[0.0, 0.0, 0.0]","[0.0, 0.0, 0.0]",0.0
development_DiagReachK3_s186_W2_time_loo,DiagReachK3,186,W2,time_loo,11,5760,acceptance,8,9.459091588793672,9.45854248100368,0.0005491077899932861,0.75,0.25,"[6.855058550834656, 4.961462736129761, 10.72695541381836]","[0.25, 0.0, 0.0]","[0.00010980878557476093, 0.0, 0.0]",0.0061492919921875
development_DiagReachK3_s186_W2_time_loo,DiagReachK3,186,W2,time_loo,12,6240,exploration,20,7.768219913066133,6.416074732959968,1.352145180106163,0.3,0.45,"[6.549717092514038, 4.390794599056244, 9.64682993888855]","[0.4, 0.05, 0.15]","[0.06746513162340437, 0.018407132075383116, 0.01802196502685547]",16.343536853790283
development_DiagReachK3_s186_W2_time_loo,DiagReachK3,186,W2,time_loo,12,6240,selection,12,9.17902168919066,9.17902168919066,0.0,1.0,0.0,"[6.208308974901835, 4.851396560668945, 10.01484990119934]","[0.0, 0.0, 0.0]","[0.0, 0.0, 0.0]",0.0
development_DiagReachK3_s186_W2_time_loo,DiagReachK3,186,W2,time_loo,12,6240,acceptance,8,9.483203285484343,9.476837658433944,0.00636562705039978,0.75,0.25,"[6.8802183866500854, 4.979247331619263, 10.757220268249512]","[0.25, 0.0, 0.0]","[0.0012731381825038524, 0.0, 0.0]",0.07129573822021484
development_DiagReachK3_s186_W2_time_loo,DiagReachK3,186,W2,time_loo,13,6720,exploration,20,7.768019032672747,5.6100998194969725,2.1579192131757736,0.2,0.65,"[6.600500702857971, 4.7143164977431296, 9.944007086753846]","[0.55, 0.25, 0.2]","[0.07887881142752512, 0.06205091843238244, 0.032686065673828125]",27.281169414520264
development_DiagReachK3_s186_W2_time_loo,DiagReachK3,186,W2,time_loo,13,6720,selection,12,9.140198966394806,9.140198966394806,0.0,1.0,0.0,"[6.356954375902812, 4.627790709336598, 9.92736021677653]","[0.0, 0.0, 0.0]","[0.0, 0.0, 0.0]",0.0
development_DiagReachK3_s186_W2_time_loo,DiagReachK3,186,W2,time_loo,13,6720,acceptance,8,9.43227097230265,9.43227097230265,0.0,1.0,0.0,"[6.741939187049866, 4.8768473863601685, 10.539551258087158]","[0.0, 0.0, 0.0]","[0.0, 0.0, 0.0]",0.0
development_DiagReachK3_s186_W2_time_loo,DiagReachK3,186,W2,time_loo,14,7200,exploration,20,7.335917370882816,6.3880756967933845,0.9478416740894318,0.3,0.35,"[5.946540343761444, 3.9933870434761047, 8.657317459583282]","[0.25, 0.1, 0.1]","[0.04221348081316266, 0.033353603803194486, 0.010039825439453132]",12.755812168121338
development_DiagReachK3_s186_W2_time_loo,DiagReachK3,186,W2,time_loo,14,7200,selection,12,9.254624259413442,9.254624259413442,0.0,1.0,0.0,"[6.668468236923218, 4.567768216133118, 10.14854613939921]","[0.0, 0.0, 0.0]","[0.0, 0.0, 0.0]",0.0
development_DiagReachK3_s186_W2_time_loo,DiagReachK3,186,W2,time_loo,14,7200,acceptance,8,9.506392059708014,9.506392059708014,0.0,1.0,0.0,"[6.891374945640564, 4.979053854942322, 10.781750679016113]","[0.0, 0.0, 0.0]","[0.0, 0.0, 0.0]",0.0
development_DiagReachK3_s186_W2_time_loo,DiagReachK3,186,W2,time_loo,15,7680,exploration,20,7.365657056273774,6.0033187815564455,1.362338274717331,0.3,0.3,"[5.792190194129944, 4.4299678146839145, 8.92616047859192]","[0.25, 0.05, 0.1]","[0.06357886110033308, 0.0034096791194035414, 0.015422389984130858]",13.199896335601807
development_DiagReachK3_s186_W2_time_loo,DiagReachK3,186,W2,time_loo,15,7680,selection,12,9.177880930132718,9.172504839526663,0.00537609060605367,0.9166666666666666,0.08333333333333333,"[6.125447988510132, 4.8673970301946, 9.944982608159384]","[0.08333333333333333, 0.0, 0.0]","[0.001075222378685366, 0.0, 0.0]",0.09031867980957031
development_DiagReachK3_s186_W2_time_loo,DiagReachK3,186,W2,time_loo,15,7680,acceptance,8,9.287911127245025,9.287911127245025,0.0,1.0,0.0,"[6.447985470294952, 4.831931829452515, 10.210954904556274]","[0.0, 0.0, 0.0]","[0.0, 0.0, 0.0]",0.0
development_DiagReachK3_s186_W2_time_loo,DiagReachK3,186,W2,time_loo,16,8160,exploration,20,7.4611005836894035,6.8863060677220345,0.5747945159673691,0.2,0.4,"[5.8393463611602785, 4.6322514593601225, 9.34933431148529]","[0.35, 0.05, 0.15]","[0.030369945934840603, 0.02035587750948392, 0.007099208831787118]",8.672858715057373
development_DiagReachK3_s186_W2_time_loo,DiagReachK3,186,W2,time_loo,16,8160,selection,12,9.426696376615048,9.375355717155616,0.05134065945943197,0.5833333333333334,0.4166666666666667,"[6.960378885269165, 4.948787808418274, 10.84358278910319]","[0.4166666666666667, 0.0, 0.0]","[0.010268131891886393, 0.0, 0.0]",0.862523078918457
development_DiagReachK3_s186_W2_time_loo,DiagReachK3,186,W2,time_loo,16,8160,acceptance,8,9.488792866800212,9.488792866800212,0.0,1.0,0.0,"[6.766845345497131, 4.971599817276001, 10.653356552124023]","[0.0, 0.0, 0.0]","[0.0, 0.0, 0.0]",0.0
development_DiagReachK3_s186_W2_time_loo,DiagReachK3,186,W2,time_loo,17,8640,exploration,20,7.268484152072922,6.919279343599337,0.34920480847358704,0.3,0.35,"[6.2987165451049805, 4.185416701436043, 9.308282780647279]","[0.35, 0.0, 0.05]","[0.03198626722608294, 0.0, 0.00329645156860352]",5.30219030380249
development_DiagReachK3_s186_W2_time_loo,DiagReachK3,186,W2,time_loo,17,8640,selection,12,9.364049938352158,9.358040399383755,0.006009538968404134,0.75,0.25,"[6.696175853411357, 5.401538769404094, 11.004568020502726]","[0.25, 0.0, 0.0]","[0.0012019021170479778, 0.0, 0.0]",0.10095977783203125
development_DiagReachK3_s186_W2_time_loo,DiagReachK3,186,W2,time_loo,17,8640,acceptance,8,9.489049711709958,9.481885233407956,0.007164478302001953,0.75,0.25,"[6.9273834228515625, 4.956436038017273, 10.797289848327637]","[0.25, 0.0, 0.0]","[0.0014328956604003906, 0.0, 0.0]",0.08024215698242188
development_DiagReachK3_s186_W2_time_loo,DiagReachK3,186,W2,time_loo,18,9120,exploration,20,7.433719984991475,6.76255487631075,0.6711651086807251,0.3,0.2,"[5.659738171100616, 4.338739186525345, 8.822432017326355]","[0.2, 0.0, 0.1]","[0.05211861474173409, 0.0, 0.005187961578369138]",8.593596458435059
development_DiagReachK3_s186_W2_time_loo,DiagReachK3,186,W2,time_loo,18,9120,selection,12,9.249510089973713,9.249510089973713,0.0,1.0,0.0,"[6.021405935287476, 5.455783565839131, 10.42247462272644]","[0.0, 0.0, 0.0]","[0.0, 0.0, 0.0]",0.0
development_DiagReachK3_s186_W2_time_loo,DiagReachK3,186,W2,time_loo,18,9120,acceptance,8,9.453213649123791,9.453213649123791,0.0,1.0,0.0,"[6.783823251724243, 4.911293983459473, 10.607694864273071]","[0.0, 0.0, 0.0]","[0.0, 0.0, 0.0]",0.0
development_DiagReachK3_s186_W2_time_loo,DiagReachK3,186,W2,time_loo,19,9600,exploration,20,7.4521559800877,6.009199905015412,1.4429560750722885,0.2,0.5,"[6.402148419618607, 4.18034383058548, 9.266507387161255]","[0.45, 0.05, 0.1]","[0.10126164640699113, 0.004651337403517508, 0.004867332458496099]",15.998137474060059
development_DiagReachK3_s186_W2_time_loo,DiagReachK3,186,W2,time_loo,19,9600,selection,12,9.409076579437048,9.409076579437048,0.0,1.0,0.0,"[6.465319792429606, 5.520955204963684, 10.920827150344849]","[0.0, 0.0, 0.0]","[0.0, 0.0, 0.0]",0.0
development_DiagReachK3_s186_W2_time_loo,DiagReachK3,186,W2,time_loo,19,9600,acceptance,8,9.46171294475207,9.461583453661296,0.00012949109077453613,0.875,0.125,"[6.895128071308136, 5.677694261074066, 11.45627236366272]","[0.125, 0.0, 0.0]","[2.5902475629530075e-05, 0.0, 0.0]",0.0014505386352539062
development_DiagReachK3_s186_W2_time_loo,DiagReachK3,186,W2,time_loo,20,10080,exploration,20,8.064566673904192,7.110119627981914,0.9544470459222794,0.55,0.35,"[5.838746559619904, 5.321199870109558, 9.98595724105835]","[0.1, 0.3, 0.15]","[0.00583655834197998, 0.042328445728008555, 0.016274074554443362]",10.38833475112915
development_DiagReachK3_s186_W2_time_loo,DiagReachK3,186,W2,time_loo,20,10080,selection,12,9.302838757366407,9.302838757366407,0.0,1.0,0.0,"[6.534217079480489, 5.71057657400767, 11.159286419550577]","[0.0, 0.0, 0.0]","[0.0, 0.0, 0.0]",0.0
development_DiagReachK3_s186_W2_time_loo,DiagReachK3,186,W2,time_loo,20,10080,acceptance,8,9.425752853858285,9.425752853858285,0.0,1.0,0.0,"[6.754884362220764, 6.258172273635864, 11.92097282409668]","[0.0, 0.0, 0.0]","[0.0, 0.0, 0.0]",0.0
development_DiagReachK3_s186_W2_time_loo,DiagReachK3,186,W2,time_loo,21,10560,exploration,20,7.787544042780064,5.719072730257176,2.068471312522888,0.35,0.45,"[5.8588349461555485, 5.566620230674744, 10.190500044822693]","[0.25, 0.3, 0.15]","[0.04221255438668388, 0.057276447002704324, 0.03789466094970704]",22.829360961914062
development_DiagReachK3_s186_W2_time_loo,DiagReachK3,186,W2,time_loo,21,10560,selection,12,9.130380643064077,9.129884186043636,0.000496457020441691,0.9166666666666666,0.08333333333333333,"[6.14783251285553, 5.532243529955546, 10.612910509109497]","[0.0, 0.08333333333333333, 0.0]","[0.0, 9.929216825044218e-05, 0.0]",0.007744789123535156
development_DiagReachK3_s186_W2_time_loo,DiagReachK3,186,W2,time_loo,21,10560,acceptance,8,9.303253912657965,9.303253912657965,0.0,1.0,0.0,"[6.438277959823608, 5.899187743663788, 11.269287586212158]","[0.0, 0.0, 0.0]","[0.0, 0.0, 0.0]",0.0
development_DiagReachK3_s186_W2_time_loo,DiagReachK3,186,W2,time_loo,22,11040,exploration,20,7.968121870623072,4.3671920292238795,3.600929841399193,0.15,0.7,"[6.501826429367066, 6.197802591323852, 11.49618113040924]","[0.45, 0.5, 0.3]","[0.0933417660849435, 0.11191443663377028, 0.06046340560913085]",42.73257541656494
development_DiagReachK3_s186_W2_time_loo,DiagReachK3,186,W2,time_loo,22,11040,selection,12,9.294256732020102,9.273440356208207,0.020816375811894734,0.8333333333333334,0.16666666666666666,"[6.467417558034261, 5.486175735791524, 10.88386313120524]","[0.16666666666666666, 0.0, 0.0]","[0.0041632765815371635, 0.0, 0.0]",0.3497152328491211
development_DiagReachK3_s186_W2_time_loo,DiagReachK3,186,W2,time_loo,22,11040,acceptance,8,9.199622782770893,9.198358270231983,0.0012645125389099121,0.875,0.125,"[6.198857665061951, 5.541247367858887, 10.677349925041199]","[0.0, 0.125, 0.0]","[0.0, 0.0002529070927546617, 0.0]",0.013151168823242188
development_DiagReachK3_s186_W2_time_loo,DiagReachK3,186,W2,time_loo,23,11520,exploration,20,7.390784859100822,5.78557543400908,1.6052094250917435,0.25,0.4,"[5.517167592048645, 4.669826003909111, 9.061328196525574]","[0.2, 0.25, 0.2]","[0.046229658808027, 0.04793491730323204, 0.029169605255126952]",19.996092796325684
development_DiagReachK3_s186_W2_time_loo,DiagReachK3,186,W2,time_loo,23,11520,selection,12,8.277647603582592,8.277647603582592,0.0,0.9166666666666666,0.0,"[4.78213107585907, 3.9993715286254883, 7.7623060544331866]","[0.0, 0.0, 0.0]","[0.0, 0.0, 0.0]",0.0
development_DiagReachK3_s186_W2_time_loo,DiagReachK3,186,W2,time_loo,23,11520,acceptance,8,8.939575453428551,8.939575453428551,0.0,1.0,0.0,"[5.757482886314392, 4.7064491510391235, 9.416317224502563]","[0.0, 0.0, 0.0]","[0.0, 0.0, 0.0]",0.0
development_DiagReachK3_s186_W2_time_loo,DiagReachK3,186,W2,time_loo,24,12000,exploration,20,7.415278579991427,7.26789456228551,0.14738401770591736,0.4,0.15,"[5.49094465970993, 4.286447215080261, 8.551253461837769]","[0.1, 0.05, 0.0]","[0.007171910149710514, 0.006119786776029146, 0.0]",1.7996397018432617
development_DiagReachK3_s186_W2_time_loo,DiagReachK3,186,W2,time_loo,24,12000,selection,12,9.079822399121865,9.079822399121865,0.0,1.0,0.0,"[5.968874494234721, 4.851914604504903, 9.804839849472046]","[0.0, 0.0, 0.0]","[0.0, 0.0, 0.0]",0.0
development_DiagReachK3_s186_W2_time_loo,DiagReachK3,186,W2,time_loo,24,12000,acceptance,8,9.134572551734163,9.134572551734163,0.0,1.0,0.0,"[6.104390978813171, 5.077026844024658, 10.126752495765686]","[0.0, 0.0, 0.0]","[0.0, 0.0, 0.0]",0.0
development_DiagReachK3_s187_KL_cf_state,DiagReachK3,187,KL,cf_state,0,480,exploration,20,6.7650091622537,5.203994085318408,1.5610150769352913,0.1,0.45,"[4.237565392255783, 5.660638844966888, 8.544022274017333]","[0.15, 0.3, 0.15]","[0.02293247835976736, 0.08446271969721868, 0.020750148773193356]",19.3782377243042
development_DiagReachK3_s187_KL_cf_state,DiagReachK3,187,KL,cf_state,0,480,selection,12,8.380242639787804,8.380242639787804,0.0,1.0,0.0,"[5.787308096885681, 4.121366202831268, 8.907108823458353]","[0.0, 0.0, 0.0]","[0.0, 0.0, 0.0]",0.0
development_DiagReachK3_s187_KL_cf_state,DiagReachK3,187,KL,cf_state,0,480,acceptance,8,8.591416535875759,8.591416535875759,0.0,1.0,0.0,"[5.744553208351135, 4.504747748374939, 9.244760513305664]","[0.0, 0.0, 0.0]","[0.0, 0.0, 0.0]",0.0
development_DiagReachK3_s187_KL_cf_state,DiagReachK3,187,KL,cf_state,1,960,exploration,20,6.361914745119866,4.793485066441353,1.5684296786785126,0.1,0.45,"[4.699011550843716, 3.7219346508383753, 7.032728397846222]","[0.3, 0.15, 0.15]","[0.07202242783137731, 0.03232678266671988, 0.01568001556396483]",18.205625534057617
development_DiagReachK3_s187_KL_cf_state,DiagReachK3,187,KL,cf_state,1,960,selection,12,8.348004738110467,8.333700616775118,0.014304121335347494,0.75,0.25,"[5.98698369661967, 3.9351744453112283, 8.929576635360718]","[0.25, 0.0, 0.0]","[0.002860818590436668, 0.0, 0.0]",0.2403087615966797
development_DiagReachK3_s187_KL_cf_state,DiagReachK3,187,KL,cf_state,1,960,acceptance,8,8.66615188049618,8.66615188049618,0.0,1.0,0.0,"[5.617457270622253, 4.552721738815308, 9.156479597091675]","[0.0, 0.0, 0.0]","[0.0, 0.0, 0.0]",0.0
development_DiagReachK3_s187_KL_cf_state,DiagReachK3,187,KL,cf_state,2,1440,exploration,20,6.672931131714139,4.805672031634603,1.8672591000795364,0.2,0.5,"[5.186635898053646, 4.594826823472976, 8.634708964824677]","[0.25, 0.3, 0.15]","[0.06432526111602781, 0.06276852167569673, 0.008733360290527337]",19.34878444671631
development_DiagReachK3_s187_KL_cf_state,DiagReachK3,187,KL,cf_state,2,1440,selection,12,8.858971271504803,8.858971271504803,0.0,1.0,0.0,"[5.7252927621205645, 4.929197231928508, 9.626207113265991]","[0.0, 0.0, 0.0]","[0.0, 0.0, 0.0]",0.0
development_DiagReachK3_s187_KL_cf_state,DiagReachK3,187,KL,cf_state,2,1440,acceptance,8,8.89116942922119,8.89116942922119,0.0,1.0,0.0,"[5.871764123439789, 5.119945228099823, 9.959165692329407]","[0.0, 0.0, 0.0]","[0.0, 0.0, 0.0]",0.0
development_DiagReachK3_s187_KL_cf_state,DiagReachK3,187,KL,cf_state,3,1920,exploration,20,6.535205791541375,5.67566497141961,0.8595408201217651,0.15,0.3,"[4.494231560826302, 4.309152391552925, 7.516686114668846]","[0.2, 0.15, 0.05]","[0.054041937419346396, 0.01906482989971454, 0.007181877136230463]",11.839768409729004
development_DiagReachK3_s187_KL_cf_state,DiagReachK3,187,KL,cf_state,3,1920,selection,12,9.263974985379415,9.189598546324609,0.07437643905480702,0.6666666666666666,0.3333333333333333,"[6.090005993843079, 6.0508376359939575, 11.058624903361002]","[0.0, 0.3333333333333333, 0.0]","[0.0, 0.01125425558823806, 0.0]",0.8778319358825684
development_DiagReachK3_s187_KL_cf_state,DiagReachK3,187,KL,cf_state,3,1920,acceptance,8,9.115474043833093,9.115474043833093,0.0,1.0,0.0,"[6.207599759101868, 5.8394306898117065, 10.977094173431396]","[0.0, 0.0, 0.0]","[0.0, 0.0, 0.0]",0.0
development_DiagReachK3_s187_KL_cf_state,DiagReachK3,187,KL,cf_state,4,2400,exploration,20,7.125486374394969,5.834200576441361,1.2912857979536057,0.25,0.5,"[5.223328393697739, 5.011449229717255, 8.75744765996933]","[0.3, 0.25, 0.2]","[0.08874959605080741, 0.018174002720759464, 0.01861936187744141]",19.44240427017212
development_DiagReachK3_s187_KL_cf_state,DiagReachK3,187,KL,cf_state,4,2400,selection,12,9.024446203980672,9.024446203980672,0.0,1.0,0.0,"[5.515457550684611, 5.407888929049174, 9.854609886805216]","[0.0, 0.0, 0.0]","[0.0, 0.0, 0.0]",0.0
development_DiagReachK3_s187_KL_cf_state,DiagReachK3,187,KL,cf_state,4,2400,acceptance,8,9.119139791186898,9.119139791186898,0.0,1.0,0.0,"[6.1508400440216064, 5.68143093585968, 10.794214248657227]","[0.0, 0.0, 0.0]","[0.0, 0.0, 0.0]",0.0
development_DiagReachK3_s187_KL_cf_state,DiagReachK3,187,KL,cf_state,5,2880,exploration,20,6.5188653356092985,5.610283691312652,0.9085816442966461,0.1,0.4,"[4.655201953649521, 4.359432673454284, 7.644491255283356]","[0.2, 0.25, 0.2]","[0.051053973606654576, 0.027157897215623127, 0.01543756866455077]",14.537475109100342
development_DiagReachK3_s187_KL_cf_state,DiagReachK3,187,KL,cf_state,5,2880,selection,12,9.200312132155522,8.931738197322314,0.26857393483320874,0.6666666666666666,0.3333333333333333,"[6.364774783452352, 6.101292093594869, 11.37057375907898]","[0.0, 0.3333333333333333, 0.08333333333333333]","[0.0, 0.028285130476340275, 0.00035376230875651854]",2.2593045234680176
development_DiagReachK3_s187_KL_cf_state,DiagReachK3,187,KL,cf_state,5,2880,acceptance,8,9.146684848191217,9.146684848191217,0.0,1.0,0.0,"[6.0767035484313965, 5.734846830368042, 10.746959924697876]","[0.0, 0.0, 0.0]","[0.0, 0.0, 0.0]",0.0
development_DiagReachK3_s187_KL_cf_state,DiagReachK3,187,KL,cf_state,6,3360,exploration,20,6.717352115887917,3.256307163614548,3.461044952273369,0.15,0.45,"[4.493240593373775, 4.821450155973435, 8.112840381264686]","[0.3, 0.25, 0.2]","[0.07423004763466971, 0.09705568827115572, 0.05949577331542969]",37.883389472961426
development_DiagReachK3_s187_KL_cf_state,DiagReachK3,187,KL,cf_state,6,3360,selection,12,8.730198030435714,8.730198030435714,0.0,1.0,0.0,"[5.535534501075745, 4.754181543986003, 9.271149754524231]","[0.0, 0.0, 0.0]","[0.0, 0.0, 0.0]",0.0
development_DiagReachK3_s187_KL_cf_state,DiagReachK3,187,KL,cf_state,6,3360,acceptance,8,9.129526320146397,9.129526320146397,0.0,1.0,0.0,"[6.061309456825256, 5.736585855484009, 10.73622179031372]","[0.0, 0.0, 0.0]","[0.0, 0.0, 0.0]",0.0
development_DiagReachK3_s187_KL_cf_state,DiagReachK3,187,KL,cf_state,7,3840,exploration,20,6.997679265460467,6.39243112715194,0.6052481383085251,0.35,0.4,"[4.218092060089111, 4.865070903301239, 7.793250226974488]","[0.15, 0.25, 0.1]","[0.012329544339861198, 0.03227813427264874, 0.004657981872558592]",7.086789131164551
development_DiagReachK3_s187_KL_cf_state,DiagReachK3,187,KL,cf_state,7,3840,selection,12,9.237551715760492,9.232881095795893,0.004670619964599609,0.75,0.25,"[6.2607390483220415, 5.966430902481079, 11.148736794789633]","[0.16666666666666666, 0.08333333333333333, 0.0]","[0.0008859804698399162, 4.814221308781693e-05, 0.0]",0.07817745208740234
development_DiagReachK3_s187_KL_cf_state,DiagReachK3,187,KL,cf_state,7,3840,acceptance,8,9.138879192061722,9.138879192061722,0.0,1.0,0.0,"[6.094032049179077, 5.715830683708191, 10.758357524871826]","[0.0, 0.0, 0.0]","[0.0, 0.0, 0.0]",0.0
development_DiagReachK3_s187_KL_cf_state,DiagReachK3,187,KL,cf_state,8,4320,exploration,20,6.7382796260248865,4.743307084096595,1.9949725419282913,0.3,0.45,"[5.47247803658247, 4.3501109182834625, 8.416101670265197]","[0.3, 0.2, 0.15]","[0.07820621558598109, 0.046847768930288455, 0.019182750701904294]",21.834767818450928
development_DiagReachK3_s187_KL_cf_state,DiagReachK3,187,KL,cf_state,8,4320,selection,12,9.149345669321097,9.149345669321097,0.0,1.0,0.0,"[5.724029103914897, 5.651955087979634, 10.351269404093424]","[0.0, 0.0, 0.0]","[0.0, 0.0, 0.0]",0.0
development_DiagReachK3_s187_KL_cf_state,DiagReachK3,187,KL,cf_state,8,4320,acceptance,8,9.242954306199682,9.242954306199682,0.0,1.0,0.0,"[5.903149127960205, 5.780385971069336, 10.621866822242737]","[0.0, 0.0, 0.0]","[0.0, 0.0, 0.0]",0.0
development_DiagReachK3_s187_KL_cf_state,DiagReachK3,187,KL,cf_state,9,4800,exploration,20,6.409759147411679,6.139844550138806,0.2699145972728729,0.15,0.3,"[4.409338289499283, 4.301288998126983, 7.330044460296631]","[0.2, 0.1, 0.05]","[0.01013874326433455, 0.012883747540987455, 0.000746971130371099]",3.2810540199279785
development_DiagReachK3_s187_KL_cf_state,DiagReachK3,187,KL,cf_state,9,4800,selection,12,9.337018932991972,9.311298386349032,0.02572054664293925,0.8333333333333334,0.16666666666666666,"[6.514342824618022, 5.919360280036926, 11.370114803314209]","[0.16666666666666666, 0.0, 0.0]","[0.005144107909429633, 0.0, 0.0]",0.43210506439208984
development_DiagReachK3_s187_KL_cf_state,DiagReachK3,187,KL,cf_state,9,4800,acceptance,8,9.307948004861828,9.307948004861828,0.0,1.0,0.0,"[6.12177836894989, 5.971965193748474, 11.009211659431458]","[0.0, 0.0, 0.0]","[0.0, 0.0, 0.0]",0.0
development_DiagReachK3_s187_KL_cf_state,DiagReachK3,187,KL,cf_state,10,5280,exploration,20,7.575564995256718,5.538787491468247,2.036777503788471,0.3,0.35,"[5.72992035150528, 5.361090111732483, 9.889313876628876]","[0.2, 0.25, 0.25]","[0.051785080773489825, 0.0779638253725492, 0.039441448211669915]",27.24557065963745
development_DiagReachK3_s187_KL_cf_state,DiagReachK3,187,KL,cf_state,10,5280,selection,12,9.145851111419809,9.145851111419809,0.0,1.0,0.0,"[5.827704032262166, 5.726923863093059, 10.460405031840006]","[0.0, 0.0, 0.0]","[0.0, 0.0, 0.0]",0.0
development_DiagReachK3_s187_KL_cf_state,DiagReachK3,187,KL,cf_state,10,5280,acceptance,8,9.459996222797782,9.449602662865074,0.01039355993270874,0.75,0.25,"[6.520859360694885, 6.374791860580444, 11.793381929397583]","[0.0, 0.25, 0.0]","[0.0, 0.0020787165715144273, 0.0]",0.10809326171875
development_DiagReachK3_s187_KL_cf_state,DiagReachK3,187,KL,cf_state,11,5760,exploration,20,7.696330107062384,6.263365841715858,1.432964265346527,0.3,0.5,"[6.012916964292526, 5.217008924484253, 10.055648469924927]","[0.45, 0.25, 0.3]","[0.07450864996228898, 0.024417829513549805, 0.03334569168090821]",21.941951751708984
development_DiagReachK3_s187_KL_cf_state,DiagReachK3,187,KL,cf_state,11,5760,selection,12,9.319566702101534,9.319566702101534,0.0,1.0,0.0,"[6.140046238899231, 5.913464585940043, 10.968075037002563]","[0.0, 0.0, 0.0]","[0.0, 0.0, 0.0]",0.0
development_DiagReachK3_s187_KL_cf_state,DiagReachK3,187,KL,cf_state,11,5760,acceptance,8,9.414464016281999,9.414464016281999,0.0,1.0,0.0,"[6.544162034988403, 6.162874937057495, 11.612316608428955]","[0.0, 0.0, 0.0]","[0.0, 0.0, 0.0]",0.0
development_DiagReachK3_s187_KL_cf_state,DiagReachK3,187,KL,cf_state,12,6240,exploration,20,7.423653457639739,5.672852609632537,1.7508008480072021,0.25,0.45,"[5.28788920789957, 4.737926054000854, 8.797449517250062]","[0.3, 0.25, 0.2]","[0.06914584636688234, 0.025733793698824357, 0.03156393814086914]",20.91679620742798
development_DiagReachK3_s187_KL_cf_state,DiagReachK3,187,KL,cf_state,12,6240,selection,12,9.191495758056893,9.191495758056893,0.0,1.0,0.0,"[5.705746412277222, 5.8710349798202515, 10.497996012369791]","[0.0, 0.0, 0.0]","[0.0, 0.0, 0.0]",0.0
development_DiagReachK3_s187_KL_cf_state,DiagReachK3,187,KL,cf_state,12,6240,acceptance,8,9.427611312782393,9.427611312782393,0.0,1.0,0.0,"[6.565218567848206, 6.258123993873596, 11.724239349365234]","[0.0, 0.0, 0.0]","[0.0, 0.0, 0.0]",0.0
development_DiagReachK3_s187_KL_cf_state,DiagReachK3,187,KL,cf_state,13,6720,exploration,20,7.7849956335593005,6.081146124200896,1.703849509358406,0.15,0.65,"[5.743792372941971, 5.711128449440002, 10.202467560768127]","[0.3, 0.5, 0.25]","[0.042266951288495745, 0.07797985810499923, 0.02504201507568359]",22.315258502960205
development_DiagReachK3_s187_KL_cf_state,DiagReachK3,187,KL,cf_state,13,6720,selection,12,9.269520551666696,9.269520551666696,0.0,1.0,0.0,"[5.98483947912852, 5.66303813457489, 10.56200377146403]","[0.0, 0.0, 0.0]","[0.0, 0.0, 0.0]",0.0
development_DiagReachK3_s187_KL_cf_state,DiagReachK3,187,KL,cf_state,13,6720,acceptance,8,9.446101092593745,9.446101092593745,0.0,1.0,0.0,"[6.453128933906555, 6.265876650810242, 11.626769065856934]","[0.0, 0.0, 0.0]","[0.0, 0.0, 0.0]",0.0
development_DiagReachK3_s187_KL_cf_state,DiagReachK3,187,KL,cf_state,14,7200,exploration,20,7.249131555929779,5.502766865566373,1.7463646903634071,0.2,0.45,"[5.381819248199463, 4.719667476415634, 8.89853614270687]","[0.2, 0.3, 0.25]","[0.0435690062386649, 0.061541480284470776, 0.019785087585449213]",19.046325206756592
development_DiagReachK3_s187_KL_cf_state,DiagReachK3,187,KL,cf_state,14,7200,selection,12,9.4027276007672,9.4027276007672,0.0,1.0,0.0,"[6.466692129770915, 5.748632709185283, 11.139882961908976]","[0.0, 0.0, 0.0]","[0.0, 0.0, 0.0]",0.0
development_DiagReachK3_s187_KL_cf_state,DiagReachK3,187,KL,cf_state,14,7200,acceptance,8,9.480150742846309,9.480150742846309,0.0,1.0,0.0,"[6.463513612747192, 6.040221691131592, 11.425636291503906]","[0.0, 0.0, 0.0]","[0.0, 0.0, 0.0]",0.0
development_DiagReachK3_s187_KL_cf_state,DiagReachK3,187,KL,cf_state,15,7680,exploration,20,7.53371742798714,6.424180556673091,1.1095368713140488,0.25,0.4,"[5.117311960458755, 5.662946784496308, 9.596371817588807]","[0.15, 0.35, 0.2]","[0.020688073975699283, 0.062161665696364186, 0.018366531372070304]",15.568979740142822
development_DiagReachK3_s187_KL_cf_state,DiagReachK3,187,KL,cf_state,15,7680,selection,12,9.34408557395994,9.34408557395994,0.0,1.0,0.0,"[6.623768011728923, 5.335013349850972, 10.926068464914957]","[0.0, 0.0, 0.0]","[0.0, 0.0, 0.0]",0.0
development_DiagReachK3_s187_KL_cf_state,DiagReachK3,187,KL,cf_state,15,7680,acceptance,8,9.424698225269095,9.424698225269095,0.0,1.0,0.0,"[6.509366393089294, 5.875768780708313, 11.309528350830078]","[0.0, 0.0, 0.0]","[0.0, 0.0, 0.0]",0.0
development_DiagReachK3_s187_KL_cf_state,DiagReachK3,187,KL,cf_state,16,8160,exploration,20,7.685872705602089,5.568602146529592,2.1172705590724945,0.4,0.4,"[6.047970700263977, 4.737280285358429, 9.567565894126892]","[0.35, 0.15, 0.15]","[0.06317696571350098, 0.053389563927283654, 0.025467899322509757]",22.152393341064453
development_DiagReachK3_s187_KL_cf_state,DiagReachK3,187,KL,cf_state,16,8160,selection,12,9.188250960299776,9.188250960299776,0.0,1.0,0.0,"[5.934964696566264, 5.35030996799469, 10.241130669911703]","[0.0, 0.0, 0.0]","[0.0, 0.0, 0.0]",0.0
development_DiagReachK3_s187_KL_cf_state,DiagReachK3,187,KL,cf_state,16,8160,acceptance,8,9.452577326062599,9.452577326062599,0.0,1.0,0.0,"[6.499889612197876, 5.76302182674408, 11.194952487945557]","[0.0, 0.0, 0.0]","[0.0, 0.0, 0.0]",0.0
development_DiagReachK3_s187_KL_cf_state,DiagReachK3,187,KL,cf_state,17,8640,exploration,20,7.54641217066208,6.248814166320953,1.2975980043411255,0.45,0.3,"[5.2392818331718445, 5.181060361862182, 9.263474774360656]","[0.15, 0.25, 0.25]","[0.02929043088640485, 0.05597031666682316, 0.027737918853759768]",18.311281204223633
development_DiagReachK3_s187_KL_cf_state,DiagReachK3,187,KL,cf_state,17,8640,selection,12,9.018641481410791,9.018641481410791,0.0,1.0,0.0,"[5.770932197570801, 4.907252709070842, 9.647528886795044]","[0.0, 0.0, 0.0]","[0.0, 0.0, 0.0]",0.0
development_DiagReachK3_s187_KL_cf_state,DiagReachK3,187,KL,cf_state,17,8640,acceptance,8,9.450491346803028,9.450491346803028,0.0,1.0,0.0,"[6.5619271993637085, 5.87947416305542, 11.352813005447388]","[0.0, 0.0, 0.0]","[0.0, 0.0, 0.0]",0.0
development_DiagReachK3_s187_KL_cf_state,DiagReachK3,187,KL,cf_state,18,9120,exploration,20,7.355136097210925,5.730091810959857,1.6250442862510681,0.35,0.3,"[5.147517895698547, 4.555692827701568, 8.41118906736374]","[0.15, 0.2, 0.1]","[0.019432820592607758, 0.05078407434316782, 0.015970283508300785]",13.3150954246521
development_DiagReachK3_s187_KL_cf_state,DiagReachK3,187,KL,cf_state,18,9120,selection,12,8.92444042303056,8.92444042303056,0.0,1.0,0.0,"[5.820856054623921, 4.81575592358907, 9.585045019785563]","[0.0, 0.0, 0.0]","[0.0, 0.0, 0.0]",0.0
development_DiagReachK3_s187_KL_cf_state,DiagReachK3,187,KL,cf_state,18,9120,acceptance,8,9.403323127457407,9.403323127457407,0.0,1.0,0.0,"[6.428284049034119, 5.801763415336609, 11.15062928199768]","[0.0, 0.0, 0.0]","[0.0, 0.0, 0.0]",0.0
development_DiagReachK3_s187_KL_cf_state,DiagReachK3,187,KL,cf_state,19,9600,exploration,20,7.0621406175289305,5.303273756066337,1.758866861462593,0.25,0.25,"[4.996764647960663, 4.816613781452179, 8.665848970413208]","[0.25, 0.15, 0.2]","[0.08146909986223494, 0.017147489694448615, 0.045739826202392586]",25.069804191589355
development_DiagReachK3_s187_KL_cf_state,DiagReachK3,187,KL,cf_state,19,9600,selection,12,9.019198495612605,9.019198495612605,0.0,1.0,0.0,"[5.709956248601277, 5.4528036912282305, 10.100155909856161]","[0.0, 0.0, 0.0]","[0.0, 0.0, 0.0]",0.0
development_DiagReachK3_s187_KL_cf_state,DiagReachK3,187,KL,cf_state,19,9600,acceptance,8,9.44465389107354,9.44465389107354,0.0,1.0,0.0,"[6.603802919387817, 5.915048241615295, 11.432430505752563]","[0.0, 0.0, 0.0]","[0.0, 0.0, 0.0]",0.0
development_DiagReachK3_s187_KL_cf_state,DiagReachK3,187,KL,cf_state,20,10080,exploration,20,7.328374345434568,5.352158729565999,1.9762156158685684,0.2,0.45,"[5.669164407253265, 5.554021501541138, 9.871704936027527]","[0.3, 0.25, 0.25]","[0.0815688371658325, 0.04597947780902569, 0.042179698944091806]",27.941894054412842
development_DiagReachK3_s187_KL_cf_state,DiagReachK3,187,KL,cf_state,20,10080,selection,12,9.062139476303129,9.062139476303129,0.0,1.0,0.0,"[5.713983654975891, 5.111365079879761, 9.784260590871176]","[0.0, 0.0, 0.0]","[0.0, 0.0, 0.0]",0.0
development_DiagReachK3_s187_KL_cf_state,DiagReachK3,187,KL,cf_state,20,10080,acceptance,8,9.427015939960256,9.427015939960256,0.0,1.0,0.0,"[6.517273187637329, 5.8372275829315186, 11.272773265838623]","[0.0, 0.0, 0.0]","[0.0, 0.0, 0.0]",0.0
development_DiagReachK3_s187_KL_cf_state,DiagReachK3,187,KL,cf_state,21,10560,exploration,20,7.190839590224205,6.139012278708397,1.051827311515808,0.2,0.35,"[5.455441397428513, 4.44826781898737, 8.73840081691742]","[0.3, 0.1, 0.15]","[0.04442141056060792, 0.01085855410649227, 0.012998561859130852]",10.880249977111816
development_DiagReachK3_s187_KL_cf_state,DiagReachK3,187,KL,cf_state,21,10560,selection,12,9.237693897821009,9.237693897821009,0.0,1.0,0.0,"[6.06823456287384, 5.417194326718648, 10.427337964375814]","[0.0, 0.0, 0.0]","[0.0, 0.0, 0.0]",0.0
development_DiagReachK3_s187_KL_cf_state,DiagReachK3,187,KL,cf_state,21,10560,acceptance,8,9.471942596230654,9.471942596230654,0.0,1.0,0.0,"[6.442027807235718, 5.8374751806259155, 11.207354068756104]","[0.0, 0.0, 0.0]","[0.0, 0.0, 0.0]",0.0
development_DiagReachK3_s187_KL_cf_state,DiagReachK3,187,KL,cf_state,22,11040,exploration,20,7.099104250387169,6.186158592418651,0.9129456579685211,0.35,0.35,"[5.538468813896179, 4.119173979759216, 8.37704266309738]","[0.35, 0.0, 0.05]","[0.06902955600193567, 0.0, 0.003293239593505859]",10.487447738647461
development_DiagReachK3_s187_KL_cf_state,DiagReachK3,187,KL,cf_state,22,11040,selection,12,9.37689500663352,9.192017764982301,0.18487724165121713,0.6666666666666666,0.3333333333333333,"[5.940117716789246, 6.248243610064189, 11.104736089706421]","[0.0, 0.3333333333333333, 0.0]","[0.0, 0.024216156739455003, 0.0]",1.8888602256774902
development_DiagReachK3_s187_KL_cf_state,DiagReachK3,187,KL,cf_state,22,11040,acceptance,8,9.441167524177583,9.441167524177583,0.0,1.0,0.0,"[6.442177176475525, 5.7991344928741455, 11.16780400276184]","[0.0, 0.0, 0.0]","[0.0, 0.0, 0.0]",0.0
development_DiagReachK3_s187_KL_cf_state,DiagReachK3,187,KL,cf_state,23,11520,exploration,20,7.8853031892143175,4.03117035811767,3.854132831096649,0.25,0.65,"[6.492663240432739, 5.633490598201751, 10.926395571231842]","[0.45, 0.4, 0.25]","[0.13860704558236256, 0.07056554647592397, 0.06059807205200196]",43.72802543640137
development_DiagReachK3_s187_KL_cf_state,DiagReachK3,187,KL,cf_state,23,11520,selection,12,9.091524094566555,9.091524094566555,0.0,1.0,0.0,"[5.9685055414835615, 5.338271379470825, 10.25601323445638]","[0.0, 0.0, 0.0]","[0.0, 0.0, 0.0]",0.0
development_DiagReachK3_s187_KL_cf_state,DiagReachK3,187,KL,cf_state,23,11520,acceptance,8,9.433597356453538,9.433597356453538,0.0,1.0,0.0,"[6.280510187149048, 5.769578576087952, 10.995861530303955]","[0.0, 0.0, 0.0]","[0.0, 0.0, 0.0]",0.0
development_DiagReachK3_s187_KL_cf_state,DiagReachK3,187,KL,cf_state,24,12000,exploration,20,7.8604918310866925,6.1520314852223965,1.708460345864296,0.4,0.4,"[6.216728508472443, 4.953448194265365, 10.03063178062439]","[0.35, 0.15, 0.1]","[0.06463913576943534, 0.03261879407442534, 0.02996469497680664]",20.7810959815979
development_DiagReachK3_s187_KL_cf_state,DiagReachK3,187,KL,cf_state,24,12000,selection,12,9.148878057671634,9.148878057671634,0.0,1.0,0.0,"[6.090606888135274, 5.3698692719141645, 10.414105892181396]","[0.0, 0.0, 0.0]","[0.0, 0.0, 0.0]",0.0
development_DiagReachK3_s187_KL_cf_state,DiagReachK3,187,KL,cf_state,24,12000,acceptance,8,9.461938547238242,9.461938547238242,0.0,1.0,0.0,"[6.489178657531738, 5.855971574783325, 11.266645908355713]","[0.0, 0.0, 0.0]","[0.0, 0.0, 0.0]",0.0
development_DiagReachK3_s187_KL_time_loo,DiagReachK3,187,KL,time_loo,0,480,exploration,20,6.7650091622537,5.203994085318408,1.5610150769352913,0.1,0.45,"[4.237565392255783, 5.660638844966888, 8.544022274017333]","[0.15, 0.3, 0.15]","[0.02293247835976736, 0.08446271969721868, 0.020750148773193356]",19.3782377243042
development_DiagReachK3_s187_KL_time_loo,DiagReachK3,187,KL,time_loo,0,480,selection,12,8.411825324975263,8.411825324975263,0.0,1.0,0.0,"[5.927097638448079, 4.105665584405263, 9.03060015042623]","[0.0, 0.0, 0.0]","[0.0, 0.0, 0.0]",0.0
development_DiagReachK3_s187_KL_time_loo,DiagReachK3,187,KL,time_loo,0,480,acceptance,8,8.591416535875759,8.591416535875759,0.0,1.0,0.0,"[5.744553208351135, 4.504747748374939, 9.244760513305664]","[0.0, 0.0, 0.0]","[0.0, 0.0, 0.0]",0.0
development_DiagReachK3_s187_KL_time_loo,DiagReachK3,187,KL,time_loo,1,960,exploration,20,6.361914745119866,4.793485066441353,1.5684296786785126,0.1,0.45,"[4.699011550843716, 3.7219346508383753, 7.032728397846222]","[0.3, 0.15, 0.15]","[0.07202242783137731, 0.03232678266671988, 0.01568001556396483]",18.205625534057617
development_DiagReachK3_s187_KL_time_loo,DiagReachK3,187,KL,time_loo,1,960,selection,12,8.32074010191039,8.306435980575044,0.014304121335347494,0.75,0.25,"[5.890190641085307, 3.955431282520294, 8.85625954469045]","[0.25, 0.0, 0.0]","[0.002860818590436668, 0.0, 0.0]",0.2403087615966797
development_DiagReachK3_s187_KL_time_loo,DiagReachK3,187,KL,time_loo,1,960,acceptance,8,8.66615188049618,8.66615188049618,0.0,1.0,0.0,"[5.617457270622253, 4.552721738815308, 9.156479597091675]","[0.0, 0.0, 0.0]","[0.0, 0.0, 0.0]",0.0
development_DiagReachK3_s187_KL_time_loo,DiagReachK3,187,KL,time_loo,2,1440,exploration,20,6.672931131714139,4.805672031634603,1.8672591000795364,0.2,0.5,"[5.186635898053646, 4.594826823472976, 8.634708964824677]","[0.25, 0.3, 0.15]","[0.06432526111602781, 0.06276852167569673, 0.008733360290527337]",19.34878444671631
development_DiagReachK3_s187_KL_time_loo,DiagReachK3,187,KL,time_loo,2,1440,selection,12,8.920250290554637,8.920250290554637,0.0,1.0,0.0,"[5.8735372225443525, 5.030370871225993, 9.887202262878418]","[0.0, 0.0, 0.0]","[0.0, 0.0, 0.0]",0.0
development_DiagReachK3_s187_KL_time_loo,DiagReachK3,187,KL,time_loo,2,1440,acceptance,8,8.89116942922119,8.89116942922119,0.0,1.0,0.0,"[5.871764123439789, 5.119945228099823, 9.959165692329407]","[0.0, 0.0, 0.0]","[0.0, 0.0, 0.0]",0.0
development_DiagReachK3_s187_KL_time_loo,DiagReachK3,187,KL,time_loo,3,1920,exploration,20,6.535205791541375,5.67566497141961,0.8595408201217651,0.15,0.3,"[4.494231560826302, 4.309152391552925, 7.516686114668846]","[0.2, 0.15, 0.05]","[0.054041937419346396, 0.01906482989971454, 0.007181877136230463]",11.839768409729004
development_DiagReachK3_s187_KL_time_loo,DiagReachK3,187,KL,time_loo,3,1920,selection,12,9.355157179005134,9.280780739950329,0.07437643905480702,0.6666666666666666,0.3333333333333333,"[6.135837475458781, 6.282384196917216, 11.322939157485962]","[0.0, 0.3333333333333333, 0.0]","[0.0, 0.01125425558823806, 0.0]",0.8778319358825684
development_DiagReachK3_s187_KL_time_loo,DiagReachK3,187,KL,time_loo,3,1920,acceptance,8,9.241613235534171,9.236826237500647,0.00478699803352356,0.875,0.125,"[6.150878489017487, 6.145221650600433, 11.205383777618408]","[0.0, 0.125, 0.0]","[0.0, 0.0009573973142183723, 0.0]",0.04978466033935547
development_DiagReachK3_s187_KL_time_loo,DiagReachK3,187,KL,time_loo,4,2400,exploration,20,7.125486374394969,5.834200576441361,1.2912857979536057,0.25,0.5,"[5.223328393697739, 5.011449229717255, 8.75744765996933]","[0.3, 0.25, 0.2]","[0.08874959605080741, 0.018174002720759464, 0.01861936187744141]",19.44240427017212
development_DiagReachK3_s187_KL_time_loo,DiagReachK3,187,KL,time_loo,4,2400,selection,12,9.19195075109601,9.19195075109601,0.0,1.0,0.0,"[5.686005473136902, 5.83660074075063, 10.432347695032755]","[0.0, 0.0, 0.0]","[0.0, 0.0, 0.0]",0.0
development_DiagReachK3_s187_KL_time_loo,DiagReachK3,187,KL,time_loo,4,2400,acceptance,8,9.182723860582335,9.178436498483642,0.004287362098693848,0.875,0.125,"[5.832059741020203, 6.025298655033112, 10.779404640197754]","[0.0, 0.125, 0.0]","[0.0, 0.0008574724197387695, 0.0]",0.044588565826416016
development_DiagReachK3_s187_KL_time_loo,DiagReachK3,187,KL,time_loo,5,2880,exploration,20,6.5188653356092985,5.610283691312652,0.9085816442966461,0.1,0.4,"[4.655201953649521, 4.359432673454284, 7.644491255283356]","[0.2, 0.25, 0.2]","[0.051053973606654576, 0.027157897215623127, 0.01543756866455077]",14.537475109100342
development_DiagReachK3_s187_KL_time_loo,DiagReachK3,187,KL,time_loo,5,2880,selection,12,9.179924401268364,8.851990548397104,0.32793385287125904,0.4166666666666667,0.5833333333333334,"[6.56755252679189, 6.1437409321467085, 11.619755665461222]","[0.25, 0.3333333333333333, 0.08333333333333333]","[0.011871985026768284, 0.028285130476340275, 0.00035376230875651854]",3.2565512657165527
development_DiagReachK3_s187_KL_time_loo,DiagReachK3,187,KL,time_loo,5,2880,acceptance,8,9.146684848191217,9.146684848191217,0.0,1.0,0.0,"[6.0767035484313965, 5.734846830368042, 10.746959924697876]","[0.0, 0.0, 0.0]","[0.0, 0.0, 0.0]",0.0
development_DiagReachK3_s187_KL_time_loo,DiagReachK3,187,KL,time_loo,6,3360,exploration,20,6.717352115887917,3.256307163614548,3.461044952273369,0.15,0.45,"[4.493240593373775, 4.821450155973435, 8.112840381264686]","[0.3, 0.25, 0.2]","[0.07423004763466971, 0.09705568827115572, 0.05949577331542969]",37.883389472961426
development_DiagReachK3_s187_KL_time_loo,DiagReachK3,187,KL,time_loo,6,3360,selection,12,8.685732397045165,8.685732397045165,0.0,1.0,0.0,"[5.557847897211711, 4.762694398562114, 9.296908577283224]","[0.0, 0.0, 0.0]","[0.0, 0.0, 0.0]",0.0
development_DiagReachK3_s187_KL_time_loo,DiagReachK3,187,KL,time_loo,6,3360,acceptance,8,9.129526320146397,9.129526320146397,0.0,1.0,0.0,"[6.061309456825256, 5.736585855484009, 10.73622179031372]","[0.0, 0.0, 0.0]","[0.0, 0.0, 0.0]",0.0
development_DiagReachK3_s187_KL_time_loo,DiagReachK3,187,KL,time_loo,7,3840,exploration,20,6.997679265460467,6.39243112715194,0.6052481383085251,0.35,0.4,"[4.218092060089111, 4.865070903301239, 7.793250226974488]","[0.15, 0.25, 0.1]","[0.012329544339861198, 0.03227813427264874, 0.004657981872558592]",7.086789131164551
development_DiagReachK3_s187_KL_time_loo,DiagReachK3,187,KL,time_loo,7,3840,selection,12,9.193451836689686,9.145591790461912,0.04786004622777303,0.5,0.5,"[6.7087312539418535, 5.70444385210673, 11.330142339070639]","[0.5, 0.0, 0.0]","[0.00957201208387102, 0.0, 0.0]",0.804049015045166
development_DiagReachK3_s187_KL_time_loo,DiagReachK3,187,KL,time_loo,7,3840,acceptance,8,9.138879192061722,9.138879192061722,0.0,1.0,0.0,"[6.094032049179077, 5.715830683708191, 10.758357524871826]","[0.0, 0.0, 0.0]","[0.0, 0.0, 0.0]",0.0
development_DiagReachK3_s187_KL_time_loo,DiagReachK3,187,KL,time_loo,8,4320,exploration,20,6.7382796260248865,4.743307084096595,1.9949725419282913,0.3,0.45,"[5.47247803658247, 4.3501109182834625, 8.416101670265197]","[0.3, 0.2, 0.15]","[0.07820621558598109, 0.046847768930288455, 0.019182750701904294]",21.834767818450928
development_DiagReachK3_s187_KL_time_loo,DiagReachK3,187,KL,time_loo,8,4320,selection,12,9.1203775560949,9.1203775560949,0.0,1.0,0.0,"[5.7657069365183515, 5.48959465821584, 10.237143198649088]","[0.0, 0.0, 0.0]","[0.0, 0.0, 0.0]",0.0
development_DiagReachK3_s187_KL_time_loo,DiagReachK3,187,KL,time_loo,8,4320,acceptance,8,9.242954306199682,9.242954306199682,0.0,1.0,0.0,"[5.903149127960205, 5.780385971069336, 10.621866822242737]","[0.0, 0.0, 0.0]","[0.0, 0.0, 0.0]",0.0
development_DiagReachK3_s187_KL_time_loo,DiagReachK3,187,KL,time_loo,9,4800,exploration,20,6.409759147411679,6.139844550138806,0.2699145972728729,0.15,0.3,"[4.409338289499283, 4.301288998126983, 7.330044460296631]","[0.2, 0.1, 0.05]","[0.01013874326433455, 0.012883747540987455, 0.000746971130371099]",3.2810540199279785
development_DiagReachK3_s187_KL_time_loo,DiagReachK3,187,KL,time_loo,9,4800,selection,12,9.336071263463237,9.310350716820297,0.02572054664293925,0.8333333333333334,0.16666666666666666,"[6.558253010114034, 5.930239240328471, 11.422167857487997]","[0.16666666666666666, 0.0, 0.0]","[0.005144107909429633, 0.0, 0.0]",0.43210506439208984
development_DiagReachK3_s187_KL_time_loo,DiagReachK3,187,KL,time_loo,9,4800,acceptance,8,9.30789293727139,9.30789293727139,0.0,1.0,0.0,"[6.183786034584045, 5.990394294261932, 11.085558772087097]","[0.0, 0.0, 0.0]","[0.0, 0.0, 0.0]",0.0
development_DiagReachK3_s187_KL_time_loo,DiagReachK3,187,KL,time_loo,10,5280,exploration,20,7.633237022771499,5.5553106776019545,2.077926345169544,0.3,0.35,"[5.776812726259232, 5.406324243545532, 9.980059015750886]","[0.2, 0.25, 0.25]","[0.05519952092851911, 0.07549985005305362, 0.04099570083618163]",27.79183864593506
development_DiagReachK3_s187_KL_time_loo,DiagReachK3,187,KL,time_loo,10,5280,selection,12,9.16170674507157,9.16170674507157,0.0,1.0,0.0,"[6.016718626022339, 5.571292599042256, 10.501094182332357]","[0.0, 0.0, 0.0]","[0.0, 0.0, 0.0]",0.0
development_DiagReachK3_s187_KL_time_loo,DiagReachK3,187,KL,time_loo,10,5280,acceptance,8,9.461764906719326,9.449684386327862,0.012080520391464233,0.75,0.25,"[6.656036853790283, 6.399109244346619, 11.944686889648438]","[0.0, 0.25, 0.0]","[0.0, 0.0024160972008338555, 0.0]",0.12563705444335938
development_DiagReachK3_s187_KL_time_loo,DiagReachK3,187,KL,time_loo,11,5760,exploration,20,7.706199264834578,6.158405191014462,1.5477940738201141,0.3,0.5,"[6.072512674331665, 5.260603404045105, 10.15819970369339]","[0.45, 0.25, 0.3]","[0.08204679829733713, 0.023032558881319488, 0.03669224929809569]",23.653846740722656
development_DiagReachK3_s187_KL_time_loo,DiagReachK3,187,KL,time_loo,11,5760,selection,12,9.309717940725385,9.309717940725385,0.0,1.0,0.0,"[6.386157671610515, 5.9046904643376665, 11.205876350402832]","[0.0, 0.0, 0.0]","[0.0, 0.0, 0.0]",0.0
development_DiagReachK3_s187_KL_time_loo,DiagReachK3,187,KL,time_loo,11,5760,acceptance,8,9.413035528035834,9.413035528035834,0.0,1.0,0.0,"[6.670103430747986, 6.2044596672058105, 11.771620273590088]","[0.0, 0.0, 0.0]","[0.0, 0.0, 0.0]",0.0
development_DiagReachK3_s187_KL_time_loo,DiagReachK3,187,KL,time_loo,12,6240,exploration,20,7.438777643442154,5.5865483611822135,1.852229282259941,0.25,0.45,"[5.329676865041256, 4.799394589662552, 8.887106156349182]","[0.3, 0.25, 0.2]","[0.07491570200238909, 0.02481586382939265, 0.03400817489624024]",22.216304302215576
development_DiagReachK3_s187_KL_time_loo,DiagReachK3,187,KL,time_loo,12,6240,selection,12,9.215812599555889,9.215812599555889,0.0,1.0,0.0,"[5.741465449333191, 5.995291074117024, 10.644743204116821]","[0.0, 0.0, 0.0]","[0.0, 0.0, 0.0]",0.0
development_DiagReachK3_s187_KL_time_loo,DiagReachK3,187,KL,time_loo,12,6240,acceptance,8,9.430283645167947,9.430283645167947,0.0,1.0,0.0,"[6.69521701335907, 6.292361855506897, 11.880276203155518]","[0.0, 0.0, 0.0]","[0.0, 0.0, 0.0]",0.0
development_DiagReachK3_s187_KL_time_loo,DiagReachK3,187,KL,time_loo,13,6720,exploration,20,7.830788490623235,6.068283257335425,1.7625052332878113,0.15,0.65,"[5.796988373994827, 5.7508648335933685, 10.290238046646119]","[0.35, 0.5, 0.25]","[0.04700284685407367, 0.07523968036358174, 0.02761746215820312]",23.26592254638672
development_DiagReachK3_s187_KL_time_loo,DiagReachK3,187,KL,time_loo,13,6720,selection,12,9.29655798212431,9.29655798212431,0.0,1.0,0.0,"[6.150578498840332, 5.759678641955058, 10.81452210744222]","[0.0, 0.0, 0.0]","[0.0, 0.0, 0.0]",0.0
development_DiagReachK3_s187_KL_time_loo,DiagReachK3,187,KL,time_loo,13,6720,acceptance,8,9.450680121639744,9.450680121639744,0.0,1.0,0.0,"[6.580635666847229, 6.30133843421936, 11.78150463104248]","[0.0, 0.0, 0.0]","[0.0, 0.0, 0.0]",0.0
development_DiagReachK3_s187_KL_time_loo,DiagReachK3,187,KL,time_loo,14,7200,exploration,20,7.279516245698323,5.517648379778257,1.7618678659200668,0.2,0.45,"[5.445406095683575, 4.75943032503128, 8.996383622288704]","[0.2, 0.3, 0.2]","[0.04743145533970424, 0.05743260383605956, 0.021280185699462894]",19.42668867111206
development_DiagReachK3_s187_KL_time_loo,DiagReachK3,187,KL,time_loo,14,7200,selection,12,9.36737692913739,9.36737692913739,0.0,1.0,0.0,"[6.379602034886678, 5.856427033742269, 11.171399434407553]","[0.0, 0.0, 0.0]","[0.0, 0.0, 0.0]",0.0
development_DiagReachK3_s187_KL_time_loo,DiagReachK3,187,KL,time_loo,14,7200,acceptance,8,9.474004906928167,9.474004906928167,0.0,1.0,0.0,"[6.635571002960205, 6.2945204973220825, 11.830672264099121]","[0.0, 0.0, 0.0]","[0.0, 0.0, 0.0]",0.0
development_DiagReachK3_s187_KL_time_loo,DiagReachK3,187,KL,time_loo,15,7680,exploration,20,7.506582175847145,6.0402934602461755,1.4662887156009674,0.2,0.45,"[5.040480268001557, 5.871102368831634, 9.677767837047577]","[0.15, 0.45, 0.2]","[0.02502513953617641, 0.07791092212383566, 0.023311916351318362]",19.45991849899292
development_DiagReachK3_s187_KL_time_loo,DiagReachK3,187,KL,time_loo,15,7680,selection,12,9.286821769767753,9.286821769767753,0.0,1.0,0.0,"[6.748767693837483, 5.679063121477763, 11.348894039789835]","[0.0, 0.0, 0.0]","[0.0, 0.0, 0.0]",0.0
development_DiagReachK3_s187_KL_time_loo,DiagReachK3,187,KL,time_loo,15,7680,acceptance,8,9.406150133209302,9.387506694393231,0.018643438816070557,0.75,0.25,"[6.752397537231445, 6.356720328330994, 11.999467849731445]","[0.0, 0.25, 0.0]","[0.0, 0.0037287015181321492, 0.0]",0.1938924789428711
development_DiagReachK3_s187_KL_time_loo,DiagReachK3,187,KL,time_loo,16,8160,exploration,20,7.697306106165051,5.161158735230565,2.5361473709344864,0.35,0.45,"[6.1217022895812985, 4.93267043530941, 9.842579436302184]","[0.35, 0.25, 0.2]","[0.08053081035614014, 0.061964493531447194, 0.03447776031494141]",27.949137687683105
development_DiagReachK3_s187_KL_time_loo,DiagReachK3,187,KL,time_loo,16,8160,selection,12,9.27571635893158,9.27571635893158,0.0,1.0,0.0,"[6.109954277674357, 5.558167815208435, 10.598673025767008]","[0.0, 0.0, 0.0]","[0.0, 0.0, 0.0]",0.0
development_DiagReachK3_s187_KL_time_loo,DiagReachK3,187,KL,time_loo,16,8160,acceptance,8,9.43701000995934,9.420903195813299,0.01610681414604187,0.75,0.25,"[6.732959985733032, 6.2363444566726685, 11.866854429244995]","[0.25, 0.0, 0.0]","[0.0032213756016322703, 0.0, 0.0]",0.18039703369140625
development_DiagReachK3_s187_KL_time_loo,DiagReachK3,187,KL,time_loo,17,8640,exploration,20,7.49325216282392,5.626326602885966,1.866925559937954,0.35,0.4,"[5.205937004089355, 5.355052030086517, 9.37486708164215]","[0.25, 0.25, 0.25]","[0.04080442019871303, 0.0687127846937913, 0.04029636764526366]",24.719372749328613
development_DiagReachK3_s187_KL_time_loo,DiagReachK3,187,KL,time_loo,17,8640,selection,12,9.034079830689977,9.034079830689977,0.0,1.0,0.0,"[6.203156471252441, 5.072221299012502, 10.2290358543396]","[0.0, 0.0, 0.0]","[0.0, 0.0, 0.0]",0.0
development_DiagReachK3_s187_KL_time_loo,DiagReachK3,187,KL,time_loo,17,8640,acceptance,8,9.43620618879795,9.43620618879795,0.0,1.0,0.0,"[6.813343524932861, 6.3649855852127075, 12.055584907531738]","[0.0, 0.0, 0.0]","[0.0, 0.0, 0.0]",0.0
development_DiagReachK3_s187_KL_time_loo,DiagReachK3,187,KL,time_loo,18,9120,exploration,20,7.049692556670053,5.644162029435973,1.4055305272340775,0.1,0.5,"[5.124335485696792, 4.72245055437088, 8.636837482452393]","[0.15, 0.4, 0.15]","[0.04583430290222168, 0.04847139211801382, 0.017176609039306644]",17.012235641479492
development_DiagReachK3_s187_KL_time_loo,DiagReachK3,187,KL,time_loo,18,9120,selection,12,9.415657622735793,9.365793419997985,0.04986420273780823,0.6666666666666666,0.3333333333333333,"[6.423081676165263, 6.198085308074951, 11.495112816492716]","[0.08333333333333333, 0.25, 0.0]","[0.0018237772442045719, 0.007443678684723676, 0.0]",0.7338042259216309
development_DiagReachK3_s187_KL_time_loo,DiagReachK3,187,KL,time_loo,18,9120,acceptance,8,9.33003150552977,9.33003150552977,0.0,1.0,0.0,"[6.39119815826416, 6.022669315338135, 11.305273294448853]","[0.0, 0.0, 0.0]","[0.0, 0.0, 0.0]",0.0
development_DiagReachK3_s187_KL_time_loo,DiagReachK3,187,KL,time_loo,19,9600,exploration,20,7.425721686943435,6.167000141604804,1.2587215453386307,0.2,0.45,"[5.388157534599304, 5.083885949850083, 9.330786597728729]","[0.2, 0.35, 0.1]","[0.0589158092226301, 0.01978598007789024, 0.02321997833251953]",16.625385284423828
development_DiagReachK3_s187_KL_time_loo,DiagReachK3,187,KL,time_loo,19,9600,selection,12,9.323221730223546,9.320539074173817,0.0026826560497283936,0.9166666666666666,0.08333333333333333,"[6.1195679903030396, 6.306758324305217, 11.308786153793335]","[0.0, 0.08333333333333333, 0.0]","[0.0, 0.0005365273891351219, 0.0]",0.04184913635253906
development_DiagReachK3_s187_KL_time_loo,DiagReachK3,187,KL,time_loo,19,9600,acceptance,8,9.429226283868775,9.401464973529801,0.027761310338974,0.75,0.25,"[6.8626720905303955, 6.403260946273804, 12.150424242019653]","[0.0, 0.25, 0.0]","[0.0, 0.00555227353022647, 0.0]",0.28871822357177734
development_DiagReachK3_s187_KL_time_loo,DiagReachK3,187,KL,time_loo,20,10080,exploration,20,7.460023233542451,6.12086894536973,1.3391542881727219,0.45,0.35,"[5.173980414867401, 4.726730632781982, 8.75445235967636]","[0.15, 0.25, 0.1]","[0.046207250867571145, 0.033355635863084064, 0.01479956436157227]",14.505138874053955
development_DiagReachK3_s187_KL_time_loo,DiagReachK3,187,KL,time_loo,20,10080,selection,12,8.98904519712014,8.988020344923765,0.001024852196375529,0.9166666666666666,0.08333333333333333,"[5.35158892472585, 5.624266982078552, 9.873521089553833]","[0.0, 0.08333333333333333, 0.0]","[0.0, 0.00020496661846454897, 0.0]",0.015987396240234375
development_DiagReachK3_s187_KL_time_loo,DiagReachK3,187,KL,time_loo,20,10080,acceptance,8,9.213501864758289,9.213501864758289,0.0,1.0,0.0,"[5.957130968570709, 5.8171780705451965, 10.669322609901428]","[0.0, 0.0, 0.0]","[0.0, 0.0, 0.0]",0.0
development_DiagReachK3_s187_KL_time_loo,DiagReachK3,187,KL,time_loo,21,10560,exploration,20,6.988509586984293,5.614018476540222,1.374491110444069,0.25,0.5,"[4.609768319129944, 4.932695493102074, 8.184879505634308]","[0.2, 0.3, 0.05]","[0.026372112546648306, 0.051974975145780124, 0.011482830047607417]",13.319550037384033
development_DiagReachK3_s187_KL_time_loo,DiagReachK3,187,KL,time_loo,21,10560,selection,12,9.291647395483837,9.278646082671669,0.013001312812169393,0.6666666666666666,0.3333333333333333,"[6.895113110542297, 5.723123073577881, 11.515013853708902]","[0.25, 0.08333333333333333, 0.0]","[0.002025632631211046, 0.0005746254554161631, 0.0]",0.21497392654418945
development_DiagReachK3_s187_KL_time_loo,DiagReachK3,187,KL,time_loo,21,10560,acceptance,8,9.276028400240467,9.269767081318424,0.006261318922042847,0.75,0.25,"[6.696122109889984, 5.5840097069740295, 11.193916082382202]","[0.125, 0.125, 0.0]","[0.0005417551313127711, 0.0007104965356680149, 0.0]",0.06728410720825195
development_DiagReachK3_s187_KL_time_loo,DiagReachK3,187,KL,time_loo,22,11040,exploration,20,7.226762855172856,6.402935871601803,0.8238269835710526,0.25,0.4,"[6.0912764966487885, 3.9425472259521483, 8.869355905056]","[0.4, 0.0, 0.05]","[0.08174028737204417, 0.0, 0.008981025695800782]",13.688896656036377
development_DiagReachK3_s187_KL_time_loo,DiagReachK3,187,KL,time_loo,22,11040,selection,12,9.189820855292298,9.189820855292298,0.0,1.0,0.0,"[6.372737844785054, 5.3295738697052, 10.606479247411093]","[0.0, 0.0, 0.0]","[0.0, 0.0, 0.0]",0.0
development_DiagReachK3_s187_KL_time_loo,DiagReachK3,187,KL,time_loo,22,11040,acceptance,8,9.226920921276905,9.226920921276905,0.0,1.0,0.0,"[6.268190979957581, 5.419716060161591, 10.580114603042603]","[0.0, 0.0, 0.0]","[0.0, 0.0, 0.0]",0.0
development_DiagReachK3_s187_KL_time_loo,DiagReachK3,187,KL,time_loo,23,11520,exploration,20,7.822542203972115,6.526480866977946,1.2960613369941711,0.25,0.3,"[6.076568216085434, 5.275668787956238, 10.15534965991974]","[0.3, 0.15, 0.15]","[0.051634533064705966, 0.03051067132216233, 0.02762434768676757]",18.101308822631836
development_DiagReachK3_s187_KL_time_loo,DiagReachK3,187,KL,time_loo,23,11520,selection,12,9.08080888476834,9.08080888476834,0.0,1.0,0.0,"[5.629642128944397, 5.590051293373108, 10.102212270100912]","[0.0, 0.0, 0.0]","[0.0, 0.0, 0.0]",0.0
development_DiagReachK3_s187_KL_time_loo,DiagReachK3,187,KL,time_loo,23,11520,acceptance,8,9.396666698125774,9.396666698125774,0.0,1.0,0.0,"[5.629704117774963, 5.98903226852417, 10.487950563430786]","[0.0, 0.0, 0.0]","[0.0, 0.0, 0.0]",0.0
development_DiagReachK3_s187_KL_time_loo,DiagReachK3,187,KL,time_loo,24,12000,exploration,20,7.521644798740162,5.69521975301148,1.8264250457286835,0.45,0.35,"[5.239994359016419, 5.175612652301789, 9.063219714164735]","[0.25, 0.15, 0.2]","[0.07033759525844029, 0.03530880487882173, 0.03333217239379882]",22.770451068878174
development_DiagReachK3_s187_KL_time_loo,DiagReachK3,187,KL,time_loo,24,12000,selection,12,8.962362801422811,8.962362801422811,0.0,1.0,0.0,"[5.277938961982727, 5.533194303512573, 9.667824506759644]","[0.0, 0.0, 0.0]","[0.0, 0.0, 0.0]",0.0
development_DiagReachK3_s187_KL_time_loo,DiagReachK3,187,KL,time_loo,24,12000,acceptance,8,9.428275786072483,9.428275786072483,0.0,1.0,0.0,"[5.870277285575867, 6.078256607055664, 10.79754638671875]","[0.0, 0.0, 0.0]","[0.0, 0.0, 0.0]",0.0
development_DiagReachK3_s187_W2_cf_state,DiagReachK3,187,W2,cf_state,0,480,exploration,20,6.7650091622537,5.203994085318408,1.5610150769352913,0.1,0.45,"[4.237565392255783, 5.660638844966888, 8.544022274017333]","[0.15, 0.3, 0.15]","[0.02293247835976736, 0.08446271969721868, 0.020750148773193356]",19.3782377243042
development_DiagReachK3_s187_W2_cf_state,DiagReachK3,187,W2,cf_state,0,480,selection,12,8.42852515653552,8.42852515653552,0.0,1.0,0.0,"[5.877710620562236, 4.1927996079127, 9.06384015083313]","[0.0, 0.0, 0.0]","[0.0, 0.0, 0.0]",0.0
development_DiagReachK3_s187_W2_cf_state,DiagReachK3,187,W2,cf_state,0,480,acceptance,8,8.591416535875759,8.591416535875759,0.0,1.0,0.0,"[5.744553208351135, 4.504747748374939, 9.244760513305664]","[0.0, 0.0, 0.0]","[0.0, 0.0, 0.0]",0.0
development_DiagReachK3_s187_W2_cf_state,DiagReachK3,187,W2,cf_state,1,960,exploration,20,6.361914745119866,4.793485066441353,1.5684296786785126,0.1,0.45,"[4.699011550843716, 3.7219346508383753, 7.032728397846222]","[0.3, 0.15, 0.15]","[0.07202242783137731, 0.03232678266671988, 0.01568001556396483]",18.205625534057617
development_DiagReachK3_s187_W2_cf_state,DiagReachK3,187,W2,cf_state,1,960,selection,12,8.386904096814881,8.372599975479533,0.014304121335347494,0.75,0.25,"[6.002373576164246, 4.042579472064972, 9.045175552368164]","[0.25, 0.0, 0.0]","[0.002860818590436668, 0.0, 0.0]",0.2403087615966797
development_DiagReachK3_s187_W2_cf_state,DiagReachK3,187,W2,cf_state,1,960,acceptance,8,8.66615188049618,8.66615188049618,0.0,1.0,0.0,"[5.617457270622253, 4.552721738815308, 9.156479597091675]","[0.0, 0.0, 0.0]","[0.0, 0.0, 0.0]",0.0
development_DiagReachK3_s187_W2_cf_state,DiagReachK3,187,W2,cf_state,2,1440,exploration,20,6.672931131714139,4.805672031634603,1.8672591000795364,0.2,0.5,"[5.186635898053646, 4.594826823472976, 8.634708964824677]","[0.25, 0.3, 0.15]","[0.06432526111602781, 0.06276852167569673, 0.008733360290527337]",19.34878444671631
development_DiagReachK3_s187_W2_cf_state,DiagReachK3,187,W2,cf_state,2,1440,selection,12,8.805234370896747,8.805234370896747,0.0,1.0,0.0,"[5.752055684725444, 4.7747370799382525, 9.507643540700277]","[0.0, 0.0, 0.0]","[0.0, 0.0, 0.0]",0.0
development_DiagReachK3_s187_W2_cf_state,DiagReachK3,187,W2,cf_state,2,1440,acceptance,8,8.89116942922119,8.89116942922119,0.0,1.0,0.0,"[5.871764123439789, 5.119945228099823, 9.959165692329407]","[0.0, 0.0, 0.0]","[0.0, 0.0, 0.0]",0.0
development_DiagReachK3_s187_W2_cf_state,DiagReachK3,187,W2,cf_state,3,1920,exploration,20,6.535205791541375,5.67566497141961,0.8595408201217651,0.15,0.3,"[4.494231560826302, 4.309152391552925, 7.516686114668846]","[0.2, 0.15, 0.05]","[0.054041937419346396, 0.01906482989971454, 0.007181877136230463]",11.839768409729004
development_DiagReachK3_s187_W2_cf_state,DiagReachK3,187,W2,cf_state,3,1920,selection,12,9.253348540126657,9.17897210107185,0.07437643905480702,0.6666666666666666,0.3333333333333333,"[6.114739418029785, 6.061822692553203, 11.091840744018555]","[0.0, 0.3333333333333333, 0.0]","[0.0, 0.01125425558823806, 0.0]",0.8778319358825684
development_DiagReachK3_s187_W2_cf_state,DiagReachK3,187,W2,cf_state,3,1920,acceptance,8,9.115474043833093,9.115474043833093,0.0,1.0,0.0,"[6.207599759101868, 5.8394306898117065, 10.977094173431396]","[0.0, 0.0, 0.0]","[0.0, 0.0, 0.0]",0.0
development_DiagReachK3_s187_W2_cf_state,DiagReachK3,187,W2,cf_state,4,2400,exploration,20,7.125486374394969,5.834200576441361,1.2912857979536057,0.25,0.5,"[5.223328393697739, 5.011449229717255, 8.75744765996933]","[0.3, 0.25, 0.2]","[0.08874959605080741, 0.018174002720759464, 0.01861936187744141]",19.44240427017212
development_DiagReachK3_s187_W2_cf_state,DiagReachK3,187,W2,cf_state,4,2400,selection,12,9.066133525878348,9.066133525878348,0.0,1.0,0.0,"[5.573109030723572, 5.453476031621297, 9.961905320485434]","[0.0, 0.0, 0.0]","[0.0, 0.0, 0.0]",0.0
development_DiagReachK3_s187_W2_cf_state,DiagReachK3,187,W2,cf_state,4,2400,acceptance,8,9.119139791186898,9.119139791186898,0.0,1.0,0.0,"[6.1508400440216064, 5.68143093585968, 10.794214248657227]","[0.0, 0.0, 0.0]","[0.0, 0.0, 0.0]",0.0
development_DiagReachK3_s187_W2_cf_state,DiagReachK3,187,W2,cf_state,5,2880,exploration,20,6.5188653356092985,5.610283691312652,0.9085816442966461,0.1,0.4,"[4.655201953649521, 4.359432673454284, 7.644491255283356]","[0.2, 0.25, 0.2]","[0.051053973606654576, 0.027157897215623127, 0.01543756866455077]",14.537475109100342
development_DiagReachK3_s187_W2_cf_state,DiagReachK3,187,W2,cf_state,5,2880,selection,12,9.192340486496686,8.923766551663478,0.26857393483320874,0.6666666666666666,0.3333333333333333,"[6.313508669535319, 6.117793838183085, 11.332231601079306]","[0.0, 0.3333333333333333, 0.08333333333333333]","[0.0, 0.028285130476340275, 0.00035376230875651854]",2.2593045234680176
development_DiagReachK3_s187_W2_cf_state,DiagReachK3,187,W2,cf_state,5,2880,acceptance,8,9.146684848191217,9.146684848191217,0.0,1.0,0.0,"[6.0767035484313965, 5.734846830368042, 10.746959924697876]","[0.0, 0.0, 0.0]","[0.0, 0.0, 0.0]",0.0
development_DiagReachK3_s187_W2_cf_state,DiagReachK3,187,W2,cf_state,6,3360,exploration,20,6.717352115887917,3.256307163614548,3.461044952273369,0.15,0.45,"[4.493240593373775, 4.821450155973435, 8.112840381264686]","[0.3, 0.25, 0.2]","[0.07423004763466971, 0.09705568827115572, 0.05949577331542969]",37.883389472961426
development_DiagReachK3_s187_W2_cf_state,DiagReachK3,187,W2,cf_state,6,3360,selection,12,8.719860995079701,8.719860995079701,0.0,1.0,0.0,"[5.44850488503774, 4.857067545255025, 9.281735221544901]","[0.0, 0.0, 0.0]","[0.0, 0.0, 0.0]",0.0
development_DiagReachK3_s187_W2_cf_state,DiagReachK3,187,W2,cf_state,6,3360,acceptance,8,9.129526320146397,9.129526320146397,0.0,1.0,0.0,"[6.061309456825256, 5.736585855484009, 10.73622179031372]","[0.0, 0.0, 0.0]","[0.0, 0.0, 0.0]",0.0
development_DiagReachK3_s187_W2_cf_state,DiagReachK3,187,W2,cf_state,7,3840,exploration,20,6.997679265460467,6.39243112715194,0.6052481383085251,0.35,0.4,"[4.218092060089111, 4.865070903301239, 7.793250226974488]","[0.15, 0.25, 0.1]","[0.012329544339861198, 0.03227813427264874, 0.004657981872558592]",7.086789131164551
development_DiagReachK3_s187_W2_cf_state,DiagReachK3,187,W2,cf_state,7,3840,selection,12,9.228738245437855,9.224308328897072,0.004429916540781657,0.8333333333333334,0.16666666666666666,"[6.265483538309733, 5.9280573924382525, 11.118515650431315]","[0.16666666666666666, 0.0, 0.0]","[0.0008859804698399162, 0.0, 0.0]",0.07442235946655273
development_DiagReachK3_s187_W2_cf_state,DiagReachK3,187,W2,cf_state,7,3840,acceptance,8,9.138879192061722,9.138879192061722,0.0,1.0,0.0,"[6.094032049179077, 5.715830683708191, 10.758357524871826]","[0.0, 0.0, 0.0]","[0.0, 0.0, 0.0]",0.0
development_DiagReachK3_s187_W2_cf_state,DiagReachK3,187,W2,cf_state,8,4320,exploration,20,6.7382796260248865,4.743307084096595,1.9949725419282913,0.3,0.45,"[5.47247803658247, 4.3501109182834625, 8.416101670265197]","[0.3, 0.2, 0.15]","[0.07820621558598109, 0.046847768930288455, 0.019182750701904294]",21.834767818450928
development_DiagReachK3_s187_W2_cf_state,DiagReachK3,187,W2,cf_state,8,4320,selection,12,9.156895376803975,9.156895376803975,0.0,1.0,0.0,"[5.721016963322957, 5.663549820582072, 10.359828869501749]","[0.0, 0.0, 0.0]","[0.0, 0.0, 0.0]",0.0
development_DiagReachK3_s187_W2_cf_state,DiagReachK3,187,W2,cf_state,8,4320,acceptance,8,9.242954306199682,9.242954306199682,0.0,1.0,0.0,"[5.903149127960205, 5.780385971069336, 10.621866822242737]","[0.0, 0.0, 0.0]","[0.0, 0.0, 0.0]",0.0
development_DiagReachK3_s187_W2_cf_state,DiagReachK3,187,W2,cf_state,9,4800,exploration,20,6.409759147411679,6.139844550138806,0.2699145972728729,0.15,0.3,"[4.409338289499283, 4.301288998126983, 7.330044460296631]","[0.2, 0.1, 0.05]","[0.01013874326433455, 0.012883747540987455, 0.000746971130371099]",3.2810540199279785
development_DiagReachK3_s187_W2_cf_state,DiagReachK3,187,W2,cf_state,9,4800,selection,12,9.339107587529968,9.31338704088703,0.02572054664293925,0.8333333333333334,0.16666666666666666,"[6.505807876586914, 5.920976718266805, 11.361971219380697]","[0.16666666666666666, 0.0, 0.0]","[0.005144107909429633, 0.0, 0.0]",0.43210506439208984
development_DiagReachK3_s187_W2_cf_state,DiagReachK3,187,W2,cf_state,9,4800,acceptance,8,9.311299817916005,9.311299817916005,0.0,1.0,0.0,"[6.107865691184998, 5.974608898162842, 10.996081113815308]","[0.0, 0.0, 0.0]","[0.0, 0.0, 0.0]",0.0
development_DiagReachK3_s187_W2_cf_state,DiagReachK3,187,W2,cf_state,10,5280,exploration,20,7.57356751848536,5.529577502501779,2.0439900159835815,0.3,0.35,"[5.709164041280746, 5.370025682449341, 9.874733579158782]","[0.2, 0.25, 0.25]","[0.051847413608006064, 0.07816903774554913, 0.039214103698730476]",27.224138736724854
development_DiagReachK3_s187_W2_cf_state,DiagReachK3,187,W2,cf_state,10,5280,selection,12,9.155075004529985,9.155075004529985,0.0,1.0,0.0,"[5.789737621943156, 5.766742865244548, 10.46420987447103]","[0.0, 0.0, 0.0]","[0.0, 0.0, 0.0]",0.0
development_DiagReachK3_s187_W2_cf_state,DiagReachK3,187,W2,cf_state,10,5280,acceptance,8,9.46587939222809,9.454822283587418,0.011057108640670776,0.75,0.25,"[6.495705485343933, 6.378502368927002, 11.76822805404663]","[0.0, 0.25, 0.0]","[0.0, 0.002211424020620467, 0.0]",0.11499404907226562
development_DiagReachK3_s187_W2_cf_state,DiagReachK3,187,W2,cf_state,11,5760,exploration,20,7.691982486352645,6.25233071397277,1.4396517723798752,0.25,0.5,"[5.997642558813095, 5.222719037532807, 10.042841148376464]","[0.45, 0.25, 0.3]","[0.07431093624659946, 0.02449507346520058, 0.033358913421630866]",21.927618980407715
development_DiagReachK3_s187_W2_cf_state,DiagReachK3,187,W2,cf_state,11,5760,selection,12,9.33076369500098,9.33076369500098,0.0,1.0,0.0,"[6.118867635726929, 6.0030646324157715, 11.028281132380167]","[0.0, 0.0, 0.0]","[0.0, 0.0, 0.0]",0.0
development_DiagReachK3_s187_W2_cf_state,DiagReachK3,187,W2,cf_state,11,5760,acceptance,8,9.421495177224278,9.421495177224278,0.0,1.0,0.0,"[6.517555356025696, 6.168483376502991, 11.587648153305054]","[0.0, 0.0, 0.0]","[0.0, 0.0, 0.0]",0.0
development_DiagReachK3_s187_W2_cf_state,DiagReachK3,187,W2,cf_state,12,6240,exploration,20,7.414958912211004,5.645798984246794,1.7691599279642105,0.25,0.45,"[5.26784668713808, 4.761240512132645, 8.784902799129487]","[0.3, 0.25, 0.2]","[0.06970884118761335, 0.025618589841402483, 0.031890842437744135]",21.06236505508423
development_DiagReachK3_s187_W2_cf_state,DiagReachK3,187,W2,cf_state,12,6240,selection,12,9.192675034581043,9.192675034581043,0.0,1.0,0.0,"[5.751001874605815, 5.884637753168742, 10.552875280380249]","[0.0, 0.0, 0.0]","[0.0, 0.0, 0.0]",0.0
development_DiagReachK3_s187_W2_cf_state,DiagReachK3,187,W2,cf_state,12,6240,acceptance,8,9.433953585941344,9.433953585941344,0.0,1.0,0.0,"[6.5394392013549805, 6.26298987865448, 11.699599504470825]","[0.0, 0.0, 0.0]","[0.0, 0.0, 0.0]",0.0
development_DiagReachK3_s187_W2_cf_state,DiagReachK3,187,W2,cf_state,13,6720,exploration,20,7.78031827494735,6.0613806991302415,1.7189375758171082,0.15,0.65,"[5.726632302999496, 5.718790811300278, 10.186005306243896]","[0.3, 0.5, 0.25]","[0.04285114833286831, 0.0780718473287729, 0.025269062042236324]",22.465766429901123
development_DiagReachK3_s187_W2_cf_state,DiagReachK3,187,W2,cf_state,13,6720,selection,12,9.271942452391766,9.271942452391766,0.0,1.0,0.0,"[5.937314351399739, 5.690553466478984, 10.537704547246298]","[0.0, 0.0, 0.0]","[0.0, 0.0, 0.0]",0.0
development_DiagReachK3_s187_W2_cf_state,DiagReachK3,187,W2,cf_state,13,6720,acceptance,8,9.452389429905452,9.452389429905452,0.0,1.0,0.0,"[6.426408767700195, 6.270901560783386, 11.601437091827393]","[0.0, 0.0, 0.0]","[0.0, 0.0, 0.0]",0.0
development_DiagReachK3_s187_W2_cf_state,DiagReachK3,187,W2,cf_state,14,7200,exploration,20,7.241610757308083,5.507029137806968,1.734581619501114,0.2,0.45,"[5.370294292271137, 4.727172082662582, 8.887715777754783]","[0.2, 0.3, 0.2]","[0.043425137656075606, 0.06107083467336801, 0.01947401809692382]",18.887232303619385
development_DiagReachK3_s187_W2_cf_state,DiagReachK3,187,W2,cf_state,14,7200,selection,12,9.403000818061992,9.403000818061992,0.0,1.0,0.0,"[6.399234493573506, 5.7071709632873535, 11.029359579086304]","[0.0, 0.0, 0.0]","[0.0, 0.0, 0.0]",0.0
development_DiagReachK3_s187_W2_cf_state,DiagReachK3,187,W2,cf_state,14,7200,acceptance,8,9.48314325902611,9.48314325902611,0.0,1.0,0.0,"[6.323031187057495, 6.008798182010651, 11.251108646392822]","[0.0, 0.0, 0.0]","[0.0, 0.0, 0.0]",0.0
development_DiagReachK3_s187_W2_cf_state,DiagReachK3,187,W2,cf_state,15,7680,exploration,20,7.494355741152541,6.466860416540875,1.0274953246116638,0.25,0.4,"[4.976375144720078, 5.643294632434845, 9.427611076831818]","[0.15, 0.35, 0.2]","[0.01736350400107247, 0.05999839489276594, 0.015639240264892572]",14.140491962432861
development_DiagReachK3_s187_W2_cf_state,DiagReachK3,187,W2,cf_state,15,7680,selection,12,9.308610395198533,9.308610395198533,0.0,1.0,0.0,"[6.418898264567058, 5.272368987401326, 10.65860946973165]","[0.0, 0.0, 0.0]","[0.0, 0.0, 0.0]",0.0
development_DiagReachK3_s187_W2_cf_state,DiagReachK3,187,W2,cf_state,15,7680,acceptance,8,9.427532293705735,9.427532293705735,0.0,1.0,0.0,"[6.255655765533447, 5.804832696914673, 10.98377251625061]","[0.0, 0.0, 0.0]","[0.0, 0.0, 0.0]",0.0
development_DiagReachK3_s187_W2_cf_state,DiagReachK3,187,W2,cf_state,16,8160,exploration,20,7.650094653884881,5.688203516821377,1.9618911370635033,0.4,0.4,"[5.89178159236908, 4.712976267933845, 9.392348909378052]","[0.3, 0.15, 0.1]","[0.05548805509294783, 0.05116419425377479, 0.02318930435180664]",20.216999053955078
development_DiagReachK3_s187_W2_cf_state,DiagReachK3,187,W2,cf_state,16,8160,selection,12,9.195782450868256,9.195782450868256,0.0,1.0,0.0,"[5.7949076890945435, 5.373104174931844, 10.114972988764444]","[0.0, 0.0, 0.0]","[0.0, 0.0, 0.0]",0.0
development_DiagReachK3_s187_W2_cf_state,DiagReachK3,187,W2,cf_state,16,8160,acceptance,8,9.455727456882597,9.455727456882597,0.0,1.0,0.0,"[6.245442509651184, 5.694901943206787, 10.871124029159546]","[0.0, 0.0, 0.0]","[0.0, 0.0, 0.0]",0.0
development_DiagReachK3_s187_W2_cf_state,DiagReachK3,187,W2,cf_state,17,8640,exploration,20,7.516766188255278,6.362207253983943,1.1545589342713356,0.4,0.3,"[5.106058037281036, 5.165488076210022, 9.10886857509613]","[0.15, 0.25, 0.2]","[0.02576633862086706, 0.052963344867412866, 0.02375452423095704]",16.431153297424316
development_DiagReachK3_s187_W2_cf_state,DiagReachK3,187,W2,cf_state,17,8640,selection,12,9.010294405976795,9.010294405976795,0.0,1.0,0.0,"[5.5995222727457685, 4.944412350654602, 9.507562239964804]","[0.0, 0.0, 0.0]","[0.0, 0.0, 0.0]",0.0
development_DiagReachK3_s187_W2_cf_state,DiagReachK3,187,W2,cf_state,17,8640,acceptance,8,9.450016275327652,9.450016275327652,0.0,1.0,0.0,"[6.30744469165802, 5.808115720748901, 11.025718212127686]","[0.0, 0.0, 0.0]","[0.0, 0.0, 0.0]",0.0
development_DiagReachK3_s187_W2_cf_state,DiagReachK3,187,W2,cf_state,18,9120,exploration,20,7.318183703745016,5.813541306579719,1.5046423971652985,0.4,0.25,"[5.016016322374344, 4.542107984423637, 8.259693348407746]","[0.1, 0.2, 0.1]","[0.017338861737932476, 0.04829148879418006, 0.013875778198242183]",12.174278736114502
development_DiagReachK3_s187_W2_cf_state,DiagReachK3,187,W2,cf_state,18,9120,selection,12,8.921072422627669,8.921072422627669,0.0,1.0,0.0,"[5.927998145421346, 4.752301057179769, 9.635761181513468]","[0.0, 0.0, 0.0]","[0.0, 0.0, 0.0]",0.0
development_DiagReachK3_s187_W2_cf_state,DiagReachK3,187,W2,cf_state,18,9120,acceptance,8,9.406380072631874,9.406380072631874,0.0,1.0,0.0,"[6.174599528312683, 5.734372019767761, 10.828171730041504]","[0.0, 0.0, 0.0]","[0.0, 0.0, 0.0]",0.0
development_DiagReachK3_s187_W2_cf_state,DiagReachK3,187,W2,cf_state,19,9600,exploration,20,7.022976005246166,5.369227656890871,1.6537483483552933,0.25,0.25,"[4.863838797807693, 4.819469612836838, 8.530419075489045]","[0.25, 0.15, 0.2]","[0.07674994468688964, 0.01617699036231408, 0.04328248977661133]",23.668623447418213
development_DiagReachK3_s187_W2_cf_state,DiagReachK3,187,W2,cf_state,19,9600,selection,12,9.008762153690986,9.008762153690986,0.0,1.0,0.0,"[5.545902729034424, 5.535404602686564, 10.009926319122314]","[0.0, 0.0, 0.0]","[0.0, 0.0, 0.0]",0.0
development_DiagReachK3_s187_W2_cf_state,DiagReachK3,187,W2,cf_state,19,9600,acceptance,8,9.44409261116525,9.44409261116525,0.0,1.0,0.0,"[6.349316358566284, 5.842682957649231, 11.103533506393433]","[0.0, 0.0, 0.0]","[0.0, 0.0, 0.0]",0.0
development_DiagReachK3_s187_W2_cf_state,DiagReachK3,187,W2,cf_state,20,10080,exploration,20,7.308191171080108,5.510580992490285,1.7976101785898209,0.2,0.45,"[5.539800465106964, 5.545148181915283, 9.719977676868439]","[0.3, 0.25, 0.15]","[0.07437481198992049, 0.043992288296039295, 0.038704521179199224]",25.80760145187378
development_DiagReachK3_s187_W2_cf_state,DiagReachK3,187,W2,cf_state,20,10080,selection,12,9.036453272609409,9.036453272609409,0.0,1.0,0.0,"[5.559866031010945, 5.10978486140569, 9.62440538406372]","[0.0, 0.0, 0.0]","[0.0, 0.0, 0.0]",0.0
development_DiagReachK3_s187_W2_cf_state,DiagReachK3,187,W2,cf_state,20,10080,acceptance,8,9.430671354616061,9.430671354616061,0.0,1.0,0.0,"[6.262776613235474, 5.767187118530273, 10.947087049484253]","[0.0, 0.0, 0.0]","[0.0, 0.0, 0.0]",0.0
development_DiagReachK3_s187_W2_cf_state,DiagReachK3,187,W2,cf_state,21,10560,exploration,20,7.160482727783966,6.240743503767298,0.9197392240166664,0.2,0.35,"[5.318351304531097, 4.441313618421555, 8.595029997825623]","[0.3, 0.1, 0.1]","[0.03751988410949707, 0.009716675831721377, 0.01057577514648438]",9.159895420074463
development_DiagReachK3_s187_W2_cf_state,DiagReachK3,187,W2,cf_state,21,10560,selection,12,9.27500260847543,9.27500260847543,0.0,1.0,0.0,"[5.9376680453618365, 5.5523107051849365, 10.417748053868612]","[0.0, 0.0, 0.0]","[0.0, 0.0, 0.0]",0.0
development_DiagReachK3_s187_W2_cf_state,DiagReachK3,187,W2,cf_state,21,10560,acceptance,8,9.474372261855752,9.474372261855752,0.0,1.0,0.0,"[6.1882792711257935, 5.767833113670349, 10.882694482803345]","[0.0, 0.0, 0.0]","[0.0, 0.0, 0.0]",0.0
development_DiagReachK3_s187_W2_cf_state,DiagReachK3,187,W2,cf_state,22,11040,exploration,20,7.06112652683165,6.2425848361244425,0.8185416907072067,0.4,0.3,"[5.397643578052521, 4.1162214368581775, 8.22757716178894]","[0.3, 0.0, 0.05]","[0.06230551174708774, 0.0, 0.0026826324462890573]",9.39342975616455
development_DiagReachK3_s187_W2_cf_state,DiagReachK3,187,W2,cf_state,22,11040,selection,12,9.39138345416092,9.189012621797156,0.20237083236376444,0.6666666666666666,0.3333333333333333,"[5.915774504343669, 6.248450756072998, 11.075711170832315]","[0.0, 0.3333333333333333, 0.0]","[0.0, 0.025551184629782658, 0.0]",1.9929924011230469
development_DiagReachK3_s187_W2_cf_state,DiagReachK3,187,W2,cf_state,22,11040,acceptance,8,9.440968794748187,9.440968794748187,0.0,1.0,0.0,"[6.188358783721924, 5.729704022407532, 10.843353986740112]","[0.0, 0.0, 0.0]","[0.0, 0.0, 0.0]",0.0
development_DiagReachK3_s187_W2_cf_state,DiagReachK3,187,W2,cf_state,23,11520,exploration,20,7.852766923015007,4.283777728085406,3.5689891949295998,0.25,0.65,"[6.360287067294121, 5.612032645940781, 10.76503882408142]","[0.45, 0.4, 0.25]","[0.12900613716670445, 0.06634011268615722, 0.05670309066772462]",40.860846519470215
development_DiagReachK3_s187_W2_cf_state,DiagReachK3,187,W2,cf_state,23,11520,selection,12,9.048108389892361,9.048108389892361,0.0,1.0,0.0,"[5.784688433011373, 5.228221654891968, 9.978403647740683]","[0.0, 0.0, 0.0]","[0.0, 0.0, 0.0]",0.0
development_DiagReachK3_s187_W2_cf_state,DiagReachK3,187,W2,cf_state,23,11520,acceptance,8,9.436458720383234,9.436458720383234,0.0,1.0,0.0,"[6.027936100959778, 5.704383730888367, 10.67655634880066]","[0.0, 0.0, 0.0]","[0.0, 0.0, 0.0]",0.0
development_DiagReachK3_s187_W2_cf_state,DiagReachK3,187,W2,cf_state,24,12000,exploration,20,7.823209957506043,6.247218997504096,1.5759909600019455,0.35,0.3,"[6.073674714565277, 4.949265730381012, 9.885702562332153]","[0.25, 0.15, 0.1]","[0.05832189151218958, 0.03143699719355656, 0.028299732208251948]",19.326807498931885
development_DiagReachK3_s187_W2_cf_state,DiagReachK3,187,W2,cf_state,24,12000,selection,12,9.063956979482706,9.063956979482706,0.0,1.0,0.0,"[5.7508262395858765, 5.210091511408488, 9.918533086776733]","[0.0, 0.0, 0.0]","[0.0, 0.0, 0.0]",0.0
development_DiagReachK3_s187_W2_cf_state,DiagReachK3,187,W2,cf_state,24,12000,acceptance,8,9.462468094239012,9.462468094239012,0.0,1.0,0.0,"[6.235403418540955, 5.784884691238403, 10.940640449523926]","[0.0, 0.0, 0.0]","[0.0, 0.0, 0.0]",0.0
development_DiagReachK3_s187_W2_time_loo,DiagReachK3,187,W2,time_loo,0,480,exploration,20,6.7650091622537,5.203994085318408,1.5610150769352913,0.1,0.45,"[4.237565392255783, 5.660638844966888, 8.544022274017333]","[0.15, 0.3, 0.15]","[0.02293247835976736, 0.08446271969721868, 0.020750148773193356]",19.3782377243042
development_DiagReachK3_s187_W2_time_loo,DiagReachK3,187,W2,time_loo,0,480,selection,12,8.405712247686461,8.405712247686461,0.0,1.0,0.0,"[5.93476680914561, 4.106037437915802, 9.038187821706137]","[0.0, 0.0, 0.0]","[0.0, 0.0, 0.0]",0.0
development_DiagReachK3_s187_W2_time_loo,DiagReachK3,187,W2,time_loo,0,480,acceptance,8,8.591416535875759,8.591416535875759,0.0,1.0,0.0,"[5.744553208351135, 4.504747748374939, 9.244760513305664]","[0.0, 0.0, 0.0]","[0.0, 0.0, 0.0]",0.0
development_DiagReachK3_s187_W2_time_loo,DiagReachK3,187,W2,time_loo,1,960,exploration,20,6.361914745119866,4.793485066441353,1.5684296786785126,0.1,0.45,"[4.699011550843716, 3.7219346508383753, 7.032728397846222]","[0.3, 0.15, 0.15]","[0.07202242783137731, 0.03232678266671988, 0.01568001556396483]",18.205625534057617
development_DiagReachK3_s187_W2_time_loo,DiagReachK3,187,W2,time_loo,1,960,selection,12,8.331139820003107,8.31683569866776,0.014304121335347494,0.75,0.25,"[5.940794785817464, 3.980883161226908, 8.93355425198873]","[0.25, 0.0, 0.0]","[0.002860818590436668, 0.0, 0.0]",0.2403087615966797
development_DiagReachK3_s187_W2_time_loo,DiagReachK3,187,W2,time_loo,1,960,acceptance,8,8.66615188049618,8.66615188049618,0.0,1.0,0.0,"[5.617457270622253, 4.552721738815308, 9.156479597091675]","[0.0, 0.0, 0.0]","[0.0, 0.0, 0.0]",0.0
development_DiagReachK3_s187_W2_time_loo,DiagReachK3,187,W2,time_loo,2,1440,exploration,20,6.672931131714139,4.805672031634603,1.8672591000795364,0.2,0.5,"[5.186635898053646, 4.594826823472976, 8.634708964824677]","[0.25, 0.3, 0.15]","[0.06432526111602781, 0.06276852167569673, 0.008733360290527337]",19.34878444671631
development_DiagReachK3_s187_W2_time_loo,DiagReachK3,187,W2,time_loo,2,1440,selection,12,8.903846574163374,8.903846574163374,0.0,1.0,0.0,"[5.868279139200847, 4.980381766955058, 9.833672285079956]","[0.0, 0.0, 0.0]","[0.0, 0.0, 0.0]",0.0
development_DiagReachK3_s187_W2_time_loo,DiagReachK3,187,W2,time_loo,2,1440,acceptance,8,8.89116942922119,8.89116942922119,0.0,1.0,0.0,"[5.871764123439789, 5.119945228099823, 9.959165692329407]","[0.0, 0.0, 0.0]","[0.0, 0.0, 0.0]",0.0
development_DiagReachK3_s187_W2_time_loo,DiagReachK3,187,W2,time_loo,3,1920,exploration,20,6.535205791541375,5.67566497141961,0.8595408201217651,0.15,0.3,"[4.494231560826302, 4.309152391552925, 7.516686114668846]","[0.2, 0.15, 0.05]","[0.054041937419346396, 0.01906482989971454, 0.007181877136230463]",11.839768409729004
development_DiagReachK3_s187_W2_time_loo,DiagReachK3,187,W2,time_loo,3,1920,selection,12,9.343427863212613,9.269051424157807,0.07437643905480702,0.6666666666666666,0.3333333333333333,"[6.157166679700215, 6.233656088511149, 11.297772804896036]","[0.0, 0.3333333333333333, 0.0]","[0.0, 0.01125425558823806, 0.0]",0.8778319358825684
development_DiagReachK3_s187_W2_time_loo,DiagReachK3,187,W2,time_loo,3,1920,acceptance,8,9.224526508711278,9.224526508711278,0.0,1.0,0.0,"[6.182754814624786, 6.072169542312622, 11.167667984962463]","[0.0, 0.0, 0.0]","[0.0, 0.0, 0.0]",0.0
development_DiagReachK3_s187_W2_time_loo,DiagReachK3,187,W2,time_loo,4,2400,exploration,20,7.358990215801168,6.284328916214871,1.074661299586296,0.15,0.55,"[5.235738927125931, 5.374787425994873, 9.198986077308655]","[0.3, 0.3, 0.15]","[0.06941898209708078, 0.026832771301269532, 0.017102542877197268]",17.482553482055664
development_DiagReachK3_s187_W2_time_loo,DiagReachK3,187,W2,time_loo,4,2400,selection,12,9.352463659648008,9.163390176498796,0.1890734831492106,0.6666666666666666,0.3333333333333333,"[5.7708150545756025, 6.214399377504985, 10.888869047164917]","[0.0, 0.3333333333333333, 0.0]","[0.0, 0.02181002421256824, 0.0]",1.7011818885803223
development_DiagReachK3_s187_W2_time_loo,DiagReachK3,187,W2,time_loo,4,2400,acceptance,8,9.336973585141822,9.336973585141822,0.0,1.0,0.0,"[6.098306894302368, 6.178097724914551, 11.198296308517456]","[0.0, 0.0, 0.0]","[0.0, 0.0, 0.0]",0.0
development_DiagReachK3_s187_W2_time_loo,DiagReachK3,187,W2,time_loo,5,2880,exploration,20,6.781620326340199,5.937585669457913,0.8440346568822861,0.15,0.4,"[4.749249130487442, 4.727224186062813, 8.12085577249527]","[0.2, 0.25, 0.15]","[0.041917630604335246, 0.0336612481337327, 0.011240409851074218]",13.054533004760742
development_DiagReachK3_s187_W2_time_loo,DiagReachK3,187,W2,time_loo,5,2880,selection,12,9.376947854172128,8.788241792928117,0.5887060612440109,0.6666666666666666,0.3333333333333333,"[6.3048166036605835, 6.486058235168457, 11.670643965403238]","[0.0, 0.3333333333333333, 0.0]","[0.0, 0.038452796446971416, 0.0]",2.9993181228637695
development_DiagReachK3_s187_W2_time_loo,DiagReachK3,187,W2,time_loo,5,2880,acceptance,8,9.364060417516157,9.364060417516157,0.0,1.0,0.0,"[6.06608247756958, 6.219559550285339, 11.182602405548096]","[0.0, 0.0, 0.0]","[0.0, 0.0, 0.0]",0.0
development_DiagReachK3_s187_W2_time_loo,DiagReachK3,187,W2,time_loo,6,3360,exploration,20,7.102040651327696,3.7352052136126437,3.3668354377150536,0.25,0.4,"[4.556197911500931, 5.206693112850189, 8.563115194439888]","[0.25, 0.25, 0.2]","[0.06114289419991631, 0.09887795815101036, 0.05488531112670898]",35.135467529296875
development_DiagReachK3_s187_W2_time_loo,DiagReachK3,187,W2,time_loo,6,3360,selection,12,8.94336945093916,8.94336945093916,0.0,1.0,0.0,"[5.573511203130086, 5.209124485651652, 9.747462431589762]","[0.0, 0.0, 0.0]","[0.0, 0.0, 0.0]",0.0
development_DiagReachK3_s187_W2_time_loo,DiagReachK3,187,W2,time_loo,6,3360,acceptance,8,9.319040563493036,9.319040563493036,0.0,1.0,0.0,"[6.031312465667725, 6.213823914527893, 11.14383578300476]","[0.0, 0.0, 0.0]","[0.0, 0.0, 0.0]",0.0
development_DiagReachK3_s187_W2_time_loo,DiagReachK3,187,W2,time_loo,7,3840,exploration,20,7.239662926985185,6.569169130517404,0.6704937964677811,0.35,0.35,"[4.384219735860825, 5.216730380058289, 8.317848575115203]","[0.1, 0.3, 0.1]","[0.003696611949375694, 0.03924040060776931, 0.002990634918212898]",6.36643648147583
development_DiagReachK3_s187_W2_time_loo,DiagReachK3,187,W2,time_loo,7,3840,selection,12,9.249678163661153,9.240527310901475,0.009150852759679159,0.8333333333333334,0.16666666666666666,"[6.028869390487671, 5.80403486887614, 10.739731152852377]","[0.16666666666666666, 0.0, 0.0]","[0.0018301691327776333, 0.0, 0.0]",0.1537342071533203
development_DiagReachK3_s187_W2_time_loo,DiagReachK3,187,W2,time_loo,7,3840,acceptance,8,9.352715429151433,9.352715429151433,0.0,1.0,0.0,"[6.071561098098755, 6.203249216079712, 11.1837637424469]","[0.0, 0.0, 0.0]","[0.0, 0.0, 0.0]",0.0
development_DiagReachK3_s187_W2_time_loo,DiagReachK3,187,W2,time_loo,8,4320,exploration,20,7.64953269265592,5.003667118176817,2.645865574479103,0.2,0.55,"[5.43653062582016, 5.785392343997955, 9.982467925548553]","[0.25, 0.4, 0.15]","[0.08702308791024344, 0.06146284616910493, 0.037386688232421875]",29.520074367523193
development_DiagReachK3_s187_W2_time_loo,DiagReachK3,187,W2,time_loo,8,4320,selection,12,8.726934282014069,8.726934282014069,0.0,1.0,0.0,"[5.016584058602651, 5.3824648062388105, 9.344457507133484]","[0.0, 0.0, 0.0]","[0.0, 0.0, 0.0]",0.0
development_DiagReachK3_s187_W2_time_loo,DiagReachK3,187,W2,time_loo,8,4320,acceptance,8,9.406328139081598,9.406328139081598,0.0,1.0,0.0,"[6.0195653438568115, 6.273086190223694, 11.20327615737915]","[0.0, 0.0, 0.0]","[0.0, 0.0, 0.0]",0.0
development_DiagReachK3_s187_W2_time_loo,DiagReachK3,187,W2,time_loo,9,4800,exploration,20,6.756371708484366,6.101911099525169,0.654460608959198,0.35,0.3,"[4.575286114215851, 4.197985142469406, 7.614172005653382]","[0.15, 0.2, 0.05]","[0.028226593562534874, 0.022182075793926538, 0.011235809326171875]",9.6443452835083
development_DiagReachK3_s187_W2_time_loo,DiagReachK3,187,W2,time_loo,9,4800,selection,12,9.382428618318713,9.380349161274111,0.0020794570446014404,0.9166666666666666,0.08333333333333333,"[6.189941803614299, 6.251298268636067, 11.354849576950073]","[0.08333333333333333, 0.0, 0.0]","[0.00041588715144565597, 0.0, 0.0]",0.03493452072143555
development_DiagReachK3_s187_W2_time_loo,DiagReachK3,187,W2,time_loo,9,4800,acceptance,8,9.351535169163254,9.351535169163254,0.0,1.0,0.0,"[5.7871949672698975, 6.287067353725433, 10.998358011245728]","[0.0, 0.0, 0.0]","[0.0, 0.0, 0.0]",0.0
development_DiagReachK3_s187_W2_time_loo,DiagReachK3,187,W2,time_loo,10,5280,exploration,20,7.433068549179007,5.491059681319166,1.9420088678598404,0.25,0.35,"[5.34123587012291, 5.334785795211792, 9.475581967830658]","[0.2, 0.25, 0.2]","[0.04820038250514439, 0.0760027188521165, 0.031927177429199205]",24.610201358795166
development_DiagReachK3_s187_W2_time_loo,DiagReachK3,187,W2,time_loo,10,5280,selection,12,9.046916519322743,9.046916519322743,0.0,1.0,0.0,"[5.205862323443095, 5.689977725346883, 9.853299061457315]","[0.0, 0.0, 0.0]","[0.0, 0.0, 0.0]",0.0
development_DiagReachK3_s187_W2_time_loo,DiagReachK3,187,W2,time_loo,10,5280,acceptance,8,9.452599855954759,9.406323331291787,0.0462765246629715,0.5,0.5,"[5.6331000328063965, 6.482579469680786, 11.070918798446655]","[0.0, 0.5, 0.0]","[0.0, 0.008680196908804116, 0.0]",0.4513702392578125
development_DiagReachK3_s187_W2_time_loo,DiagReachK3,187,W2,time_loo,11,5760,exploration,20,7.018761329617119,6.528626911606406,0.49013441801071167,0.2,0.3,"[3.905813840031624, 5.389507430791855, 7.971834433078766]","[0.05, 0.25, 0.05]","[0.0036260945456368598, 0.0273082659794734, 0.0034881210327148415]",4.929758071899414
development_DiagReachK3_s187_W2_time_loo,DiagReachK3,187,W2,time_loo,11,5760,selection,12,9.244926894751066,9.05109584336169,0.1938310513893763,0.6666666666666666,0.3333333333333333,"[6.472325245539348, 6.085722247759501, 11.523143847783407]","[0.3333333333333333, 0.0, 0.16666666666666666]","[0.03325502645401729, 0.0, 0.0010124778747558534]",2.94529390335083
development_DiagReachK3_s187_W2_time_loo,DiagReachK3,187,W2,time_loo,11,5760,acceptance,8,9.398819732642734,9.398819732642734,0.0,1.0,0.0,"[5.664033055305481, 6.284318447113037, 10.912362098693848]","[0.0, 0.0, 0.0]","[0.0, 0.0, 0.0]",0.0
development_DiagReachK3_s187_W2_time_loo,DiagReachK3,187,W2,time_loo,12,6240,exploration,20,7.267924755805869,5.253517568105599,2.0144071877002716,0.25,0.35,"[5.2028489232063295, 4.7451184570789335, 8.799005806446075]","[0.2, 0.2, 0.15]","[0.05314928122929165, 0.05253762098459097, 0.029129554748535146]",21.553178787231445
development_DiagReachK3_s187_W2_time_loo,DiagReachK3,187,W2,time_loo,12,6240,selection,12,8.957057777639662,8.957057777639662,0.0,1.0,0.0,"[5.125355084737142, 5.53923233350118, 9.66405693689982]","[0.0, 0.0, 0.0]","[0.0, 0.0, 0.0]",0.0
development_DiagReachK3_s187_W2_time_loo,DiagReachK3,187,W2,time_loo,12,6240,acceptance,8,9.418998917192223,9.418998917192223,0.0,1.0,0.0,"[5.681348562240601, 6.369877099990845, 11.010101318359375]","[0.0, 0.0, 0.0]","[0.0, 0.0, 0.0]",0.0
development_DiagReachK3_s187_W2_time_loo,DiagReachK3,187,W2,time_loo,13,6720,exploration,20,7.170947275273503,5.64086802970618,1.5300792455673218,0.15,0.4,"[5.464484167098999, 5.151733887195587, 9.430077314376831]","[0.3, 0.1, 0.2]","[0.07954302855900355, 0.025329344089214622, 0.011269920349121087]",17.246318817138672
development_DiagReachK3_s187_W2_time_loo,DiagReachK3,187,W2,time_loo,13,6720,selection,12,9.116074097558158,9.090653809313276,0.02542028824488322,0.6666666666666666,0.3333333333333333,"[4.991476893424988, 6.12417737642924, 10.086677074432373]","[0.0, 0.3333333333333333, 0.0]","[0.0, 0.005084068347246211, 0.0]",0.3965573310852051
development_DiagReachK3_s187_W2_time_loo,DiagReachK3,187,W2,time_loo,13,6720,acceptance,8,9.437216884666121,9.434223390393889,0.0029934942722320557,0.75,0.25,"[5.5627201795578, 6.391732335090637, 10.920760154724121]","[0.0, 0.25, 0.0]","[0.0, 0.0005987057319054023, 0.0]",0.03113269805908203
development_DiagReachK3_s187_W2_time_loo,DiagReachK3,187,W2,time_loo,14,7200,exploration,20,6.884645941361088,5.976984816297191,0.9076611250638962,0.25,0.35,"[5.255789417028427, 4.19020888209343, 8.215959137678146]","[0.25, 0.15, 0.1]","[0.0586179256439209, 0.019661569595336915, 0.020482372283935547]",15.883106708526611
development_DiagReachK3_s187_W2_time_loo,DiagReachK3,187,W2,time_loo,14,7200,selection,12,9.334934939048253,8.971655010284545,0.36327992876370746,0.5833333333333334,0.4166666666666667,"[5.458271821339925, 6.359288851420085, 10.734586318333944]","[0.0, 0.4166666666666667, 0.0]","[0.0, 0.027963558832804363, 0.0]",2.1811575889587402
development_DiagReachK3_s187_W2_time_loo,DiagReachK3,187,W2,time_loo,14,7200,acceptance,8,9.338572038456913,9.338572038456913,0.0,1.0,0.0,"[5.5909921526908875, 6.010499179363251, 10.577371001243591]","[0.0, 0.0, 0.0]","[0.0, 0.0, 0.0]",0.0
development_DiagReachK3_s187_W2_time_loo,DiagReachK3,187,W2,time_loo,15,7680,exploration,20,7.051719795211976,6.724923054918472,0.3267967402935028,0.45,0.2,"[4.975345265865326, 3.911215117573738, 7.717172920703888]","[0.15, 0.05, 0.1]","[0.021276027815682552, 0.008542181895329404, 0.0029902839660644553]",4.836698532104492
development_DiagReachK3_s187_W2_time_loo,DiagReachK3,187,W2,time_loo,15,7680,selection,12,9.523070486122743,8.46490669422783,1.0581637918949127,0.25,0.75,"[5.689082662264506, 7.013023376464844, 11.632676680882772]","[0.0, 0.75, 0.0]","[0.0, 0.08525329369765061, 0.0]",6.649756908416748
development_DiagReachK3_s187_W2_time_loo,DiagReachK3,187,W2,time_loo,15,7680,acceptance,8,9.396593967801891,9.345843145973049,0.05075082182884216,0.5,0.5,"[5.734992146492004, 6.439526677131653, 11.129719972610474]","[0.0, 0.5, 0.0]","[0.0, 0.009126314750084519, 0.0]",0.47456836700439453
development_DiagReachK3_s187_W2_time_loo,DiagReachK3,187,W2,time_loo,16,8160,exploration,20,7.170804417701437,5.400441779764369,1.770362637937069,0.25,0.4,"[4.764465820789337, 5.477120649814606, 9.10457365512848]","[0.2, 0.3, 0.15]","[0.015344786643981922, 0.07684782468355619, 0.02286056137084961]",17.853627681732178
development_DiagReachK3_s187_W2_time_loo,DiagReachK3,187,W2,time_loo,16,8160,selection,12,8.995645478746154,8.995645478746154,0.0,1.0,0.0,"[5.399834831555684, 5.415143966674805, 9.804116090138754]","[0.0, 0.0, 0.0]","[0.0, 0.0, 0.0]",0.0
development_DiagReachK3_s187_W2_time_loo,DiagReachK3,187,W2,time_loo,16,8160,acceptance,8,9.417672664229759,9.417672664229759,0.0,1.0,0.0,"[5.728722929954529, 6.307817339897156, 11.001160144805908]","[0.0, 0.0, 0.0]","[0.0, 0.0, 0.0]",0.0
development_DiagReachK3_s187_W2_time_loo,DiagReachK3,187,W2,time_loo,17,8640,exploration,20,7.240052665491239,4.287852498610155,2.9522001668810844,0.3,0.35,"[5.542221164703369, 4.766558639705181, 8.97296404838562]","[0.2, 0.25, 0.1]","[0.06509045873369489, 0.08359918227562538, 0.03946656036376953]",29.847198009490967
development_DiagReachK3_s187_W2_time_loo,DiagReachK3,187,W2,time_loo,17,8640,selection,12,8.925723486931323,8.925723486931323,0.0,1.0,0.0,"[5.1357576449712115, 5.407659530639648, 9.525529146194458]","[0.0, 0.0, 0.0]","[0.0, 0.0, 0.0]",0.0
development_DiagReachK3_s187_W2_time_loo,DiagReachK3,187,W2,time_loo,17,8640,acceptance,8,9.419816417060794,9.419816417060794,0.0,1.0,0.0,"[5.8024338483810425, 6.436829090118408, 11.18200159072876]","[0.0, 0.0, 0.0]","[0.0, 0.0, 0.0]",0.0
development_DiagReachK3_s187_W2_time_loo,DiagReachK3,187,W2,time_loo,18,9120,exploration,20,7.4218530533090235,6.257692563273013,1.1641604900360107,0.3,0.4,"[5.153809118270874, 5.268319594860077, 9.120805788040162]","[0.25, 0.25, 0.2]","[0.029121191161019466, 0.04850395275996281, 0.01753520584106445]",14.766282081604004
development_DiagReachK3_s187_W2_time_loo,DiagReachK3,187,W2,time_loo,18,9120,selection,12,9.12690170359953,9.125357396923937,0.0015443066755930583,0.9166666666666666,0.08333333333333333,"[6.235129912694295, 5.6672645807266235, 10.870311737060547]","[0.08333333333333333, 0.0, 0.0]","[0.00030886559259324375, 0.0, 0.0]",0.02594470977783203
development_DiagReachK3_s187_W2_time_loo,DiagReachK3,187,W2,time_loo,18,9120,acceptance,8,9.371041402849368,9.371041402849368,0.0,1.0,0.0,"[5.6152743101119995, 6.357599496841431, 10.926035642623901]","[0.0, 0.0, 0.0]","[0.0, 0.0, 0.0]",0.0
development_DiagReachK3_s187_W2_time_loo,DiagReachK3,187,W2,time_loo,19,9600,exploration,20,6.96382102124393,5.93138912819326,1.0324318930506706,0.35,0.25,"[4.562726378440857, 4.607046982645988, 7.940263080596924]","[0.1, 0.15, 0.05]","[0.014981702395847863, 0.04882740607628455, 0.004187530517578119]",9.491883754730225
development_DiagReachK3_s187_W2_time_loo,DiagReachK3,187,W2,time_loo,19,9600,selection,12,9.228965246956795,9.072805001617718,0.15616024533907572,0.4166666666666667,0.5833333333333334,"[6.3175225257873535, 6.059833645820618, 11.35028076171875]","[0.16666666666666666, 0.4166666666666667, 0.0]","[0.003132723626636321, 0.021322323725773733, 0.0]",1.9262900352478027
development_DiagReachK3_s187_W2_time_loo,DiagReachK3,187,W2,time_loo,19,9600,acceptance,8,9.408674287213943,9.34053567291703,0.06813861429691315,0.5,0.5,"[5.847549676895142, 6.480643391609192, 11.271059513092041]","[0.0, 0.5, 0.0]","[0.0, 0.01112006260798526, 0.0]",0.5782432556152344
development_DiagReachK3_s187_W2_time_loo,DiagReachK3,187,W2,time_loo,20,10080,exploration,20,6.915573742843698,4.670914214707445,2.2446595281362534,0.25,0.25,"[4.488733257353306, 4.888044655323029, 8.284014880657196]","[0.2, 0.15, 0.25]","[0.08012264456067766, 0.025744819641113283, 0.0506687126159668]",27.2311749458313
development_DiagReachK3_s187_W2_time_loo,DiagReachK3,187,W2,time_loo,20,10080,selection,12,8.863641548655869,8.84676722536727,0.01687432328859965,0.75,0.25,"[4.590073724587758, 6.1328920523325605, 9.67877201239268]","[0.0, 0.25, 0.0]","[0.0, 0.003374863893557826, 0.0]",0.26323938369750977
development_DiagReachK3_s187_W2_time_loo,DiagReachK3,187,W2,time_loo,20,10080,acceptance,8,8.7125804386058,8.7125804386058,0.0,1.0,0.0,"[4.596720576286316, 5.958143889904022, 9.514369130134583]","[0.0, 0.0, 0.0]","[0.0, 0.0, 0.0]",0.0
development_DiagReachK3_s187_W2_time_loo,DiagReachK3,187,W2,time_loo,21,10560,exploration,20,7.199821267854422,5.599450860749931,1.6003704071044922,0.15,0.35,"[6.049774712324142, 4.598539310693741, 9.510531175136567]","[0.3, 0.15, 0.1]","[0.0455263648714338, 0.035600830958439765, 0.024685920715332033]",17.173279285430908
development_DiagReachK3_s187_W2_time_loo,DiagReachK3,187,W2,time_loo,21,10560,selection,12,9.284558498905971,9.2763605257341,0.008197973171869913,0.9166666666666666,0.08333333333333333,"[5.609916726748149, 6.0475287437438965, 10.624950488408407]","[0.0, 0.08333333333333333, 0.0]","[0.0, 0.0016395984551845395, 0.0]",0.12788867950439453
development_DiagReachK3_s187_W2_time_loo,DiagReachK3,187,W2,time_loo,21,10560,acceptance,8,9.37018315695459,9.35999664865667,0.010186508297920227,0.875,0.125,"[5.496218979358673, 6.181640565395355, 10.651598572731018]","[0.0, 0.125, 0.0]","[0.0, 0.002037305098313541, 0.0]",0.10593986511230469
development_DiagReachK3_s187_W2_time_loo,DiagReachK3,187,W2,time_loo,22,11040,exploration,20,6.943635291591782,5.3650296397363135,1.5786056518554688,0.35,0.35,"[4.947472620010376, 4.5477455139160154, 8.315961372852325]","[0.25, 0.1, 0.15]","[0.04983721120016915, 0.034241060110238884, 0.0158289451599121]",15.385783672332764
development_DiagReachK3_s187_W2_time_loo,DiagReachK3,187,W2,time_loo,22,11040,selection,12,8.747669047087848,8.747669047087848,0.0,1.0,0.0,"[4.488850037256877, 5.792316198348999, 9.247570872306824]","[0.0, 0.0, 0.0]","[0.0, 0.0, 0.0]",0.0
development_DiagReachK3_s187_W2_time_loo,DiagReachK3,187,W2,time_loo,22,11040,acceptance,8,9.28372793730814,9.28372793730814,0.0,1.0,0.0,"[5.3415608406066895, 5.919819951057434, 10.245766639709473]","[0.0, 0.0, 0.0]","[0.0, 0.0, 0.0]",0.0
development_DiagReachK3_s187_W2_time_loo,DiagReachK3,187,W2,time_loo,23,11520,exploration,20,7.432702465380279,5.457291869844048,1.975410595536232,0.3,0.45,"[5.1384118556976315, 5.206339931488037, 9.172898483276366]","[0.2, 0.25, 0.25]","[0.06648910045623779, 0.048262819877037635, 0.021330921173095697]",20.91537094116211
development_DiagReachK3_s187_W2_time_loo,DiagReachK3,187,W2,time_loo,23,11520,selection,12,8.72908277504339,8.72908277504339,0.0,1.0,0.0,"[4.64358635743459, 5.2767930428187055, 8.885142962137857]","[0.0, 0.0, 0.0]","[0.0, 0.0, 0.0]",0.0
development_DiagReachK3_s187_W2_time_loo,DiagReachK3,187,W2,time_loo,23,11520,acceptance,8,9.231087187840604,9.231087187840604,0.0,1.0,0.0,"[5.144452810287476, 5.899817109107971, 10.039919137954712]","[0.0, 0.0, 0.0]","[0.0, 0.0, 0.0]",0.0
development_DiagReachK3_s187_W2_time_loo,DiagReachK3,187,W2,time_loo,24,12000,exploration,20,7.704140628690366,6.439448426479939,1.2646922022104263,0.35,0.35,"[5.857246208190918, 4.9952010154724125, 9.733397614955901]","[0.2, 0.2, 0.1]","[0.05264687878744943, 0.017144327897291922, 0.01299087524414062]",12.847044467926025
development_DiagReachK3_s187_W2_time_loo,DiagReachK3,187,W2,time_loo,24,12000,selection,12,8.868948169659902,8.868948169659902,0.0,1.0,0.0,"[4.557473599910736, 5.839776158332825, 9.355578422546387]","[0.0, 0.0, 0.0]","[0.0, 0.0, 0.0]",0.0
development_DiagReachK3_s187_W2_time_loo,DiagReachK3,187,W2,time_loo,24,12000,acceptance,8,9.300693839485756,9.300693839485756,0.0,1.0,0.0,"[5.392908334732056, 5.983461380004883, 10.359300136566162]","[0.0, 0.0, 0.0]","[0.0, 0.0, 0.0]",0.0
