job,env,seed,metric,estimator,cycle,selected_source,accepted,effective_update,middle_solver_accepted,middle_distance_active,recovery,reward_gain,reward_advantage_std,reward_advantage_mean,Jhat,predicted_cost,cost_advantage_std,baseline_seconds,solver_seconds,raw_KL,raw_W2
development_DiagReachK2_s180_KL_cf_state,DiagReachK2,180,KL,cf_state,0,full_PPO,True,True,True,True,False,1.4278860683463888,2.004805642476605,-0.089415470693147,"[1.5594117641448975, 1.6262317895889282]","[2.162372448058007, 1.9628429271855952]","[1.4768442461009963, 1.6281454103660928]",0.004955084063112736,0.508030891418457,0.009999999860636629,0.011090105547212596
development_DiagReachK2_s180_KL_cf_state,DiagReachK2,180,KL,cf_state,1,full_PPO,True,True,True,True,False,1.8640100477265,2.4700890609045,-0.17330110965887174,"[2.284193515777588, 2.948697566986084]","[3.2355110048387994, 2.7099762069598645]","[1.6587145642948702, 1.9946264382057255]",0.004120931029319763,0.39136290550231934,0.010000003285883215,0.013009727797199914
development_DiagReachK2_s180_KL_cf_state,DiagReachK2,180,KL,cf_state,2,old,True,False,True,True,False,1.25420011475702,2.1994300621816874,-0.06766177596706734,"[4.29714298248291, 4.123237609863281]","[3.819424427414081, 3.173213817885307]","[1.7091050158920644, 1.8802370604518985]",0.004062533378601074,0.40234875679016113,0.009999999631142398,0.01173669320067481
development_DiagReachK2_s180_KL_cf_state,DiagReachK2,180,KL,cf_state,3,old,True,False,True,True,False,2.862504502055103,3.55313191464965,-0.34601491309455223,"[4.2287678718566895, 3.1495063304901123]","[3.730391483363199, 2.314163939362825]","[1.368144649976563, 2.045257052927675]",0.004020083695650101,0.41228818893432617,0.009999998818670417,0.014606766372835108
development_DiagReachK2_s180_KL_cf_state,DiagReachK2,180,KL,cf_state,4,full_PPO,True,True,True,True,False,1.0033077998885804,1.5813676619680825,-0.045890926286326295,"[4.229766368865967, 3.3824381828308105]","[4.521868001518731, 4.347889362750486]","[1.4705749577189455, 1.5089549494539605]",0.00428449921309948,0.39705657958984375,0.009999999790363022,0.012482848154302938
development_DiagReachK2_s180_KL_cf_state,DiagReachK2,180,KL,cf_state,5,old,True,False,True,True,False,1.2411418104571759,2.1002158243894278,-0.10049231605218217,"[4.106780052185059, 4.595884323120117]","[4.133068652987034, 4.169222395409699]","[1.7161747213498448, 2.0222979857711194]",0.004292640835046768,0.388749361038208,0.010000000360332863,0.013953631995961894
development_DiagReachK2_s180_KL_cf_state,DiagReachK2,180,KL,cf_state,6,old,True,False,True,True,False,3.3941831303713075,4.5594968021458655,-0.35575302315859514,"[5.597563743591309, 5.0062456130981445]","[4.675251871633596, 3.934002680006023]","[1.7449275962295017, 1.5198210107840435]",0.004447439685463905,0.40971827507019043,0.010000000166455232,0.012407961444841187
development_DiagReachK2_s180_KL_cf_state,DiagReachK2,180,KL,cf_state,7,joint_KL,True,True,True,True,False,0.948328848405971,1.4072391103589867,-0.07154398387713433,"[3.940136671066284, 4.472141265869141]","[4.7184800138485725, 4.2387223603608515]","[1.752904569431147, 1.8226923784546187]",0.004373466596007347,0.3996100425720215,0.010000003886911905,0.010055928860741548
development_DiagReachK2_s180_KL_cf_state,DiagReachK2,180,KL,cf_state,8,old,True,False,True,True,False,0.6972271979008695,1.0736537086076394,-0.04675403056968033,"[4.689210414886475, 4.166357040405273]","[4.580619455392631, 4.413989678193318]","[1.5491023684392502, 1.5136116576861396]",0.004147089086472988,0.42642712593078613,0.010000001064934622,0.010076308849098603
development_DiagReachK2_s180_KL_cf_state,DiagReachK2,180,KL,cf_state,9,old,True,False,True,True,False,0.7966335807435598,1.4055467972290787,-0.003115040728544995,"[5.514498710632324, 5.016975402832031]","[5.677956137343356, 4.324526574944359]","[0.9897914258477888, 1.4792085189747353]",0.004188925959169865,0.38640928268432617,0.009999999428001182,0.013313448736626455
development_DiagReachK2_s180_KL_cf_state,DiagReachK2,180,KL,cf_state,10,old,True,False,True,True,False,1.0896570028253691,2.2982450957732463,-0.02053161522174887,"[5.483389377593994, 4.326736927032471]","[5.013121337076748, 3.6873888948480493]","[1.5764387463505396, 1.7401714045352321]",0.004082934930920601,0.39676499366760254,0.009999999018050066,0.011363860124534613
development_DiagReachK2_s180_KL_cf_state,DiagReachK2,180,KL,cf_state,11,old,True,False,True,True,False,1.2685156895063892,2.3799665990264947,-0.09846827126065504,"[4.938116550445557, 3.8709042072296143]","[4.384620540214987, 3.959751820849235]","[1.9484111451500425, 1.660618765112045]",0.004265470430254936,0.40258169174194336,0.010000001447973642,0.011546744935168782
development_DiagReachK2_s180_KL_cf_state,DiagReachK2,180,KL,cf_state,12,old,True,False,True,True,False,0.5635128135684211,1.1480359015169683,-0.021259127479583743,"[4.448909759521484, 3.608664035797119]","[5.15987247938699, 4.080640323147589]","[1.5998136803130203, 1.7393468318945253]",0.004157014191150665,0.37270569801330566,0.009999999913805407,0.011681338458367293
development_DiagReachK2_s180_KL_cf_state,DiagReachK2,180,KL,cf_state,13,old,True,False,True,True,False,2.6024883227143154,3.099587482836636,-0.1635224758831477,"[5.101651191711426, 5.024245262145996]","[4.559660878838379, 4.5363587184268885]","[1.617135835397033, 1.4060004214674544]",0.004324920475482941,0.41336941719055176,0.009999998514876127,0.009982024791050868
development_DiagReachK2_s180_KL_cf_state,DiagReachK2,180,KL,cf_state,14,old,True,False,True,True,False,0.699994676339662,1.2698677976032249,-0.010020017952261037,"[5.450529098510742, 3.620471477508545]","[4.5584913922378565, 3.728311777055286]","[1.573781424241097, 0.9955637776264186]",0.004371370188891888,0.45239758491516113,0.009999998132734904,0.009724452188955698
development_DiagReachK2_s180_KL_cf_state,DiagReachK2,180,KL,cf_state,15,old,True,False,True,True,False,1.0395870929857964,1.8010872537473286,-0.038733543528862845,"[4.081145286560059, 4.448241233825684]","[4.678016460617183, 3.675873469681762]","[1.4576994497101579, 1.8171254923604008]",0.004104454070329666,0.399045467376709,0.00999999921810508,0.009584118607515919
development_DiagReachK2_s180_KL_cf_state,DiagReachK2,180,KL,cf_state,16,old,True,False,True,True,False,1.590045106439971,2.3665096944930926,-0.09599757190303843,"[5.177320957183838, 4.626410007476807]","[4.803800651152305, 4.494266515771102]","[1.8459102036749515, 1.550918059099906]",0.005375897511839867,0.44300246238708496,0.010000001352295229,0.009869350951093352
development_DiagReachK2_s180_KL_cf_state,DiagReachK2,180,KL,cf_state,17,old,True,False,True,True,False,1.36644117335732,2.6079227566882524,-0.07261345700076328,"[5.664647102355957, 4.670257568359375]","[4.881530783204845, 5.551399743550549]","[1.67627861409368, 1.7481473012314999]",0.004237323068082333,0.4430093765258789,0.009999999361695672,0.013544786032170434
development_DiagReachK2_s180_KL_cf_state,DiagReachK2,180,KL,cf_state,18,old,True,False,True,True,False,1.5079895903744618,2.477097390013881,-0.12514302092566118,"[5.082757472991943, 4.246945858001709]","[4.492579317206349, 4.13392566698756]","[1.6309704749073983, 1.4307100949876617]",0.00416280422359705,0.5105469226837158,0.010000000729967979,0.010069930854716974
development_DiagReachK2_s180_KL_cf_state,DiagReachK2,180,KL,cf_state,19,old,True,False,True,True,False,2.4207145836820247,3.052989311315072,-0.23391863895100223,"[4.420497894287109, 5.02224063873291]","[3.7307761142375337, 5.306785106541242]","[1.7773384291137053, 1.253006948367806]",0.00422084704041481,0.5115537643432617,0.010000000193510687,0.011243734231626421
development_DiagReachK2_s180_KL_cf_state,DiagReachK2,180,KL,cf_state,20,old,True,False,True,True,False,1.3474688404387396,2.283311831348514,-0.0528052337225282,"[4.969910621643066, 4.524205207824707]","[3.736569727940295, 4.513747705882759]","[1.9495318161599138, 1.542704281795622]",0.004127826541662216,0.425769567489624,0.0099999972286807,0.011585732814968238
development_DiagReachK2_s180_KL_cf_state,DiagReachK2,180,KL,cf_state,21,old,True,False,True,True,False,1.1072773232400832,1.7328643629834335,-0.03220533618395607,"[5.5953145027160645, 4.808564186096191]","[4.786920957854657, 4.581301341209069]","[1.3434970227328715, 1.3353602561177567]",0.004442538134753704,0.46907973289489746,0.010000001630440252,0.010038623315843705
development_DiagReachK2_s180_KL_cf_state,DiagReachK2,180,KL,cf_state,22,old,True,False,True,True,False,2.083945046598179,3.0029078445783637,-0.05462993011216656,"[4.009197235107422, 5.45436954498291]","[4.779637286526834, 4.4442297438443035]","[1.6345419425562986, 1.841672142312974]",0.006005607545375824,0.4913327693939209,0.009999999061895403,0.011665661376466132
development_DiagReachK2_s180_KL_cf_state,DiagReachK2,180,KL,cf_state,23,old,True,False,True,True,False,0.8739605359122586,1.9693125533484006,-0.07168736753258043,"[5.653357028961182, 3.6441657543182373]","[5.157517575731563, 3.3435160854393886]","[1.7644510713753983, 1.295438077976338]",0.004347228445112705,0.3788120746612549,0.010000000809343582,0.012603206543111043
development_DiagReachK2_s180_KL_cf_state,DiagReachK2,180,KL,cf_state,24,old,True,False,True,True,False,1.821717943056068,2.421170716733138,-0.0966021286709743,"[4.845083236694336, 4.785897731781006]","[4.588158850755525, 4.01922681726893]","[1.4383048599786956, 1.6380423675190197]",0.0043426500633358955,0.44939136505126953,0.010000000684948012,0.011028722053700016
development_DiagReachK2_s180_KL_time_loo,DiagReachK2,180,KL,time_loo,0,full_PPO,True,True,True,True,False,1.4575888551974396,1.9613194771138975,1.9678069899479548e-08,"[1.5594117641448975, 1.6262317895889282]","[2.139171873073506, 1.956608420378274]","[1.4768442461009963, 1.6281454103660928]",0.0,0.4183778762817383,0.009999999178104523,0.011096113090443876
development_DiagReachK2_s180_KL_time_loo,DiagReachK2,180,KL,time_loo,1,full_PPO,True,True,True,True,False,1.7214890489053243,2.1849631006467947,4.1816383600234984e-08,"[2.284193515777588, 2.948697566986084]","[3.186267917917399, 2.685384452661891]","[1.6587145642948702, 1.9946264382057255]",0.0,0.3746457099914551,0.010000002134297192,0.01201350091466012
development_DiagReachK2_s180_KL_time_loo,DiagReachK2,180,KL,time_loo,2,old,True,False,True,True,False,2.4497339561376075,2.8067563166241953,-6.016731883088748e-08,"[4.29714298248291, 4.123237609863281]","[3.463226506681327, 2.8469732125704517]","[1.7091050158920644, 1.8802370604518985]",0.0,0.43695783615112305,0.010000000908952944,0.013896039152883713
development_DiagReachK2_s180_KL_time_loo,DiagReachK2,180,KL,time_loo,3,old,True,False,True,True,False,3.069561407124797,4.062691752255626,-2.231293668349584e-10,"[4.2287678718566895, 3.1495063304901123]","[3.737554328725957, 2.3169987388133544]","[1.368144649976563, 2.045257052927675]",0.0,0.3992288112640381,0.010000000218733896,0.01348471335321237
development_DiagReachK2_s180_KL_time_loo,DiagReachK2,180,KL,time_loo,4,full_PPO,True,True,True,True,False,0.973700079979815,1.9351500531644341,3.5190047735037905e-08,"[4.229766368865967, 3.3824381828308105]","[4.489804668483279, 4.161291008605093]","[1.4705749577189455, 1.5089549494539605]",0.0,0.39258909225463867,0.010000001672883391,0.012361004645196318
development_DiagReachK2_s180_KL_time_loo,DiagReachK2,180,KL,time_loo,5,old,True,False,True,True,False,1.167796143333894,2.34280702717911,2.0830581585566203e-08,"[4.106780052185059, 4.595884323120117]","[3.934896560548926, 3.7641405625857924]","[1.7161747213498448, 2.0222979857711194]",0.0,0.3815498352050781,0.01000000014821263,0.014637049065084107
development_DiagReachK2_s180_KL_time_loo,DiagReachK2,180,KL,time_loo,6,old,True,False,True,True,False,3.543196665552704,5.04555713926998,1.3628353675206502e-08,"[5.597563743591309, 5.0062456130981445]","[4.33437284484855, 4.016073190839181]","[1.7449275962295017, 1.5198210107840435]",0.0,0.41139674186706543,0.00999999928173647,0.011779537279149817
development_DiagReachK2_s180_KL_time_loo,DiagReachK2,180,KL,time_loo,7,joint_KL,True,True,True,True,False,0.9426165264963329,1.4755691227798033,-2.9398749272028605e-08,"[3.940136671066284, 4.472141265869141]","[4.611146049625861, 4.119832549215742]","[1.752904569431147, 1.8226923784546187]",0.0,0.3862135410308838,0.010000001012158281,0.010077361610174784
development_DiagReachK2_s180_KL_time_loo,DiagReachK2,180,KL,time_loo,8,old,True,False,True,True,False,0.7457385025835601,1.7079235349968986,-8.652277756482363e-08,"[4.708289623260498, 4.234912872314453]","[3.9713908284127974, 4.14318001895462]","[1.5756303714401576, 1.5731460825875752]",0.0,0.40767645835876465,0.010000001352191666,0.010292698371921682
development_DiagReachK2_s180_KL_time_loo,DiagReachK2,180,KL,time_loo,9,old,True,False,True,True,False,0.6790853048069337,1.6758762950500004,6.300397217273713e-08,"[5.575467586517334, 5.126607418060303]","[5.747787267275291, 4.567408879934271]","[1.0100474189028636, 1.5090187813272602]",0.0,0.36693572998046875,0.010000000097786958,0.011534164999558864
development_DiagReachK2_s180_KL_time_loo,DiagReachK2,180,KL,time_loo,10,old,True,False,True,True,False,1.0836345848364488,2.743751724836599,-5.892167488733927e-08,"[5.527050971984863, 4.417552947998047]","[5.688166798371281, 3.7991204720132665]","[1.5910421281206106, 1.7785875157458304]",0.0,0.3788018226623535,0.010000001211683287,0.010888461203297428
development_DiagReachK2_s180_KL_time_loo,DiagReachK2,180,KL,time_loo,11,old,True,False,True,True,False,1.6076461703029863,2.915694971813805,1.0294994960228603e-08,"[4.945609092712402, 3.937485933303833]","[3.870105677859133, 3.8997686891923093]","[1.9773757394110323, 1.7022881271911992]",0.0,0.38306570053100586,0.009999998840427817,0.01115648699169719
development_DiagReachK2_s180_KL_time_loo,DiagReachK2,180,KL,time_loo,12,old,False,False,True,True,False,0.7818992401771003,1.2706643950734462,3.0019630988438925e-08,"[4.25039005279541, 4.359755992889404]","[4.663155859572525, 5.529758353902983]","[1.3962768431494545, 1.8295786904126266]",0.0,0.459017276763916,0.010000001529424936,0.008715634085662992
development_DiagReachK2_s180_KL_time_loo,DiagReachK2,180,KL,time_loo,13,old,True,False,True,True,False,1.613860195548634,2.9515223156060406,2.749535876015822e-08,"[4.565127372741699, 5.141995906829834]","[4.528150343207536, 4.13167270719956]","[1.4212006858354314, 1.644113814395445]",0.0,0.4149003028869629,0.01000000025131804,0.009701244796163933
development_DiagReachK2_s180_KL_time_loo,DiagReachK2,180,KL,time_loo,14,old,True,False,True,True,False,0.9517332712183654,1.9859124424834906,-1.21118500828743e-07,"[4.46700382232666, 4.461730003356934]","[4.29254861515155, 4.072163870980954]","[1.482046225977034, 1.6046631679929366]",0.0,0.3926067352294922,0.009999998110129063,0.007529806359229051
development_DiagReachK2_s180_KL_time_loo,DiagReachK2,180,KL,time_loo,15,old,True,False,True,True,False,0.9129624119388723,1.7255383328083573,1.943068734059731e-08,"[4.6802473068237305, 4.8878984451293945]","[5.240309411482844, 4.628305676279142]","[1.4377715853344426, 1.2971359145121621]",0.0,0.36101746559143066,0.009999999231157729,0.00715922390541676
development_DiagReachK2_s180_KL_time_loo,DiagReachK2,180,KL,time_loo,16,old,True,False,True,True,False,1.2368527674858858,2.562686708474033,4.528556019067764e-09,"[6.109203338623047, 4.955704689025879]","[5.783057642955555, 4.216937262659864]","[1.4275133072543045, 1.4200865573294097]",0.0,0.3905365467071533,0.010000000714832032,0.008096709185358802
development_DiagReachK2_s180_KL_time_loo,DiagReachK2,180,KL,time_loo,17,old,True,False,True,True,False,3.1603099419275322,5.183863257897418,3.4645199775695803e-08,"[5.945372581481934, 5.032425880432129]","[4.539402378359912, 4.130793178978893]","[2.0857863696382983, 2.036676309760379]",0.0,0.41593480110168457,0.009999999762165262,0.009661292527245516
development_DiagReachK2_s180_KL_time_loo,DiagReachK2,180,KL,time_loo,18,old,True,False,True,True,False,2.4743805911750014,3.877274204784322,-7.92245070139567e-08,"[5.483637809753418, 5.193979740142822]","[5.682317987257775, 4.596620425763971]","[1.5041296285684935, 1.3746291002092343]",0.0,0.4225120544433594,0.009999999790269602,0.009701357037334372
development_DiagReachK2_s180_KL_time_loo,DiagReachK2,180,KL,time_loo,19,old,True,False,True,True,False,2.154213178479335,3.4602728316024667,-1.4311323563257854e-08,"[4.427603721618652, 5.087618827819824]","[3.752718832123049, 5.42202085954221]","[1.8043945830733101, 1.2855712707195655]",0.0,0.5394048690795898,0.010000000127070207,0.010106844392494266
development_DiagReachK2_s180_KL_time_loo,DiagReachK2,180,KL,time_loo,20,old,True,False,True,True,False,1.7212867597123331,2.7567007082617594,7.261987775564193e-08,"[4.994189262390137, 4.594077110290527]","[3.836897277961284, 4.745905732818409]","[1.970129562923133, 1.5568833368478578]",0.0,0.4043748378753662,0.010000000897202703,0.011612023199054649
development_DiagReachK2_s180_KL_time_loo,DiagReachK2,180,KL,time_loo,21,joint_KL,True,True,True,True,False,1.6677448781152724,3.1971523848218495,2.161444475253423e-08,"[4.985427379608154, 4.989104747772217]","[4.3292505129869365, 4.484532862099415]","[1.3724492328047957, 1.8913271019479416]",0.0,0.41356325149536133,0.010000001029470022,0.012502784635601802
development_DiagReachK2_s180_KL_time_loo,DiagReachK2,180,KL,time_loo,22,old,True,False,True,True,False,1.3328608461595715,2.5288513603851306,4.117221881945928e-08,"[4.844663143157959, 5.353098392486572]","[3.4880497435455875, 5.716227845304933]","[1.8645169194272317, 1.3274536302061124]",0.0,0.39935946464538574,0.009999997905567297,0.009597976209600853
development_DiagReachK2_s180_KL_time_loo,DiagReachK2,180,KL,time_loo,23,joint_KL,False,False,True,True,False,1.0014095154479257,1.905867937038609,6.689127379407486e-08,"[4.788668632507324, 4.573681354522705]","[4.783821928394992, 4.680418543232975]","[1.5319626253506673, 1.570680285122217]",0.0,0.3768596649169922,0.0099999988129833,0.006815478581626914
development_DiagReachK2_s180_KL_time_loo,DiagReachK2,180,KL,time_loo,24,old,True,False,True,True,False,0.9880108467574298,1.9774292230072008,-5.4792811473210655e-08,"[4.7911882400512695, 5.404141902923584]","[5.356446267246689, 5.064394577237758]","[1.5146312157983066, 1.2539063395871055]",0.0,0.369978666305542,0.010000001974775312,0.010144926543944227
development_DiagReachK2_s180_W2_cf_state,DiagReachK2,180,W2,cf_state,0,full_PPO,True,True,True,True,False,1.4473472083326056,2.004805642476605,-0.089415470693147,"[1.5594117641448975, 1.6262317895889282]","[2.1488025991351263, 2.0096269068132933]","[1.4768442461009963, 1.6281454103660928]",0.004454769194126129,0.3943626880645752,0.01085583654606114,0.011096113766323572
development_DiagReachK2_s180_W2_cf_state,DiagReachK2,180,W2,cf_state,1,full_PPO,True,True,True,True,False,1.7600235879659096,2.4700890609045,-0.17330110965887174,"[2.284193515777588, 2.948697566986084]","[3.1877931037442204, 2.911326973484423]","[1.6587145642948702, 1.9946264382057255]",0.006901510991156101,0.7537684440612793,0.008937398214277198,0.01109611252596527
development_DiagReachK2_s180_W2_cf_state,DiagReachK2,180,W2,cf_state,2,old,True,False,True,True,False,1.232261130510296,2.1994300621816874,-0.06766177596706734,"[4.29714298248291, 4.123237609863281]","[3.8423766417937943, 3.3036664093908046]","[1.7091050158920644, 1.8802370604518985]",0.007440575398504734,0.776719331741333,0.009625565118741157,0.011096114088042557
development_DiagReachK2_s180_W2_cf_state,DiagReachK2,180,W2,cf_state,3,old,True,False,True,True,False,2.598105663185521,3.55313191464965,-0.34601491309455223,"[4.2287678718566895, 3.1495063304901123]","[3.761134865381353, 2.4951850868316257]","[1.368144649976563, 2.045257052927675]",0.007393111474812031,0.7931609153747559,0.007685556889766445,0.011096112729719654
development_DiagReachK2_s180_W2_cf_state,DiagReachK2,180,W2,cf_state,4,full_PPO,True,True,True,True,False,0.9826447534119079,1.5813676619680825,-0.045890926286326295,"[4.229766368865967, 3.3824381828308105]","[4.4999740878718315, 4.161649178992263]","[1.4705749577189455, 1.5089549494539605]",0.007190902717411518,0.7092092037200928,0.010326971338073414,0.011096115378020825
development_DiagReachK2_s180_W2_cf_state,DiagReachK2,180,W2,cf_state,5,old,True,False,True,True,False,1.1427611565159441,2.1002158243894278,-0.10049231605218217,"[4.106780052185059, 4.595884323120117]","[4.163187427139037, 4.246167522221469]","[1.7161747213498448, 2.0222979857711194]",0.0075188567861914635,0.7479424476623535,0.008077552896334739,0.011096114724130376
development_DiagReachK2_s180_W2_cf_state,DiagReachK2,180,W2,cf_state,6,old,True,False,True,True,False,3.2563703455266415,4.5594968021458655,-0.35575302315859514,"[5.597563743591309, 5.0062456130981445]","[4.6646021418372525, 3.9910658863766315]","[1.7449275962295017, 1.5198210107840435]",0.007421404123306274,0.7845916748046875,0.009012066155006012,0.011096116403050237
development_DiagReachK2_s180_W2_cf_state,DiagReachK2,180,W2,cf_state,7,joint_W2,True,True,True,True,False,0.9889692248780783,1.4072391103589867,-0.07154398387713433,"[3.940136671066284, 4.472141265869141]","[4.681905509832171, 4.238907632852579]","[1.752904569431147, 1.8226923784546187]",0.007433333434164524,0.7604706287384033,0.011311780360973241,0.01109611180202533
development_DiagReachK2_s180_W2_cf_state,DiagReachK2,180,W2,cf_state,8,old,True,False,True,True,False,0.717794949554717,1.053945436470138,-0.04613340530497744,"[4.669477462768555, 4.170655250549316]","[4.662230804478519, 4.4233371085557085]","[1.5473368079782739, 1.5169952121989525]",0.011099616065621376,1.10459303855896,0.01143307716465265,0.011096115092975032
development_DiagReachK2_s180_W2_cf_state,DiagReachK2,180,W2,cf_state,9,old,True,False,True,True,False,0.7487899192146539,1.4104276012759227,-0.0020040280629793276,"[5.486804008483887, 5.030198574066162]","[5.676621106471294, 4.378027160170535]","[0.9864137233013475, 1.4821391326005209]",0.00725280586630106,0.7585408687591553,0.008537969097638941,0.011096114438785864
development_DiagReachK2_s180_W2_cf_state,DiagReachK2,180,W2,cf_state,10,old,True,False,True,True,False,1.064501181921073,2.2835214895842304,-0.020100603855550216,"[5.461991786956787, 4.340484619140625]","[5.061673108021806, 3.7523850161398027]","[1.5760810873921884, 1.7408661821672171]",0.007344924844801426,0.7754123210906982,0.010013530228796308,0.011096114344007764
development_DiagReachK2_s180_W2_cf_state,DiagReachK2,180,W2,cf_state,11,old,True,False,True,True,False,1.2424051060393668,2.358584163614588,-0.09917717879397278,"[4.921494483947754, 3.8785691261291504]","[4.452334542023892, 3.9900069170636945]","[1.9427846943780072, 1.66271464545853]",0.007515259087085724,0.7564272880554199,0.009238578728646174,0.011096114435500404
development_DiagReachK2_s180_W2_cf_state,DiagReachK2,180,W2,cf_state,12,joint_W2,True,True,True,True,False,0.9650042220495179,1.1563725387737456,-0.0672761646779452,"[4.205851078033447, 4.315112113952637]","[4.9283536217581, 5.862562905167632]","[1.3646090571835847, 1.7688388872610386]",0.0074893152341246605,0.7516562938690186,0.012915110753321827,0.011096115453189477
development_DiagReachK2_s180_W2_cf_state,DiagReachK2,180,W2,cf_state,13,old,True,False,True,True,False,1.160920280754714,2.2867229460037155,-0.08217927257192113,"[4.5554070472717285, 5.487914085388184]","[4.660777290712189, 4.781900601470882]","[1.2465821230117966, 1.4483898703874822]",0.007218432612717152,0.7274997234344482,0.01458555355362608,0.01109611467141895
development_DiagReachK2_s180_W2_cf_state,DiagReachK2,180,W2,cf_state,14,old,True,False,True,True,False,0.7153856095777759,1.5278247146222768,-0.03355970815006824,"[4.523098468780518, 4.908553600311279]","[4.689422613363423, 4.328565729343224]","[1.3330023290992752, 1.445457358506134]",0.007122088223695755,0.6946814060211182,0.010876386185232283,0.011096111685827385
development_DiagReachK2_s180_W2_cf_state,DiagReachK2,180,W2,cf_state,15,old,True,False,True,True,False,1.115597621589839,1.825519550233525,0.052857422258135736,"[4.618368625640869, 5.2608842849731445]","[5.264425437012493, 5.001462862914742]","[1.341030548407072, 1.199641105916698]",0.007363326847553253,0.7448709011077881,0.01719852762873534,0.011096112772253875
development_DiagReachK2_s180_W2_cf_state,DiagReachK2,180,W2,cf_state,16,joint_W2,False,False,True,True,False,1.7674235597460695,2.7748617740928516,-0.09546494309828289,"[5.827569484710693, 5.141873836517334]","[4.954684597139543, 4.940342037291638]","[1.245240633931916, 1.8399690802084268]",0.007497536949813366,0.7362825870513916,0.010313570320927657,0.011096117229931948
development_DiagReachK2_s180_W2_cf_state,DiagReachK2,180,W2,cf_state,17,joint_W2,True,True,True,True,False,1.2313944230671,2.264435027491373,-0.04191567396032525,"[4.5302534103393555, 4.94769287109375]","[4.666652458250546, 4.456094865865022]","[1.6195650124466934, 1.7248439629262844]",0.0072310250252485275,0.8013637065887451,0.009668864875450997,0.011096115585619142
development_DiagReachK2_s180_W2_cf_state,DiagReachK2,180,W2,cf_state,18,old,True,False,True,True,False,1.1714051339005447,2.693853298124113,-0.26287712647275446,"[5.24460506439209, 4.3143815994262695]","[5.179586853716658, 3.738537399556985]","[1.3644179077807086, 1.211818248254452]",0.007358308881521225,0.7957746982574463,0.014587390297444198,0.011096112954279154
development_DiagReachK2_s180_W2_cf_state,DiagReachK2,180,W2,cf_state,19,old,True,False,True,True,False,1.7636953413174776,2.880784834779256,-0.20389894827664978,"[4.6990156173706055, 5.062909126281738]","[4.174996722339296, 5.075641428405309]","[1.5731427068140806, 1.0673469284156845]",0.007369121536612511,0.770611047744751,0.011026525048238717,0.011096117233462453
development_DiagReachK2_s180_W2_cf_state,DiagReachK2,180,W2,cf_state,20,old,True,False,True,True,False,1.2261912110624,2.168970472902027,-0.05736160703128383,"[5.153548240661621, 4.616977214813232]","[3.823643474014384, 4.584316856153184]","[1.7562957581480634, 1.4015267082411351]",0.0070752911269664764,0.7900238037109375,0.012262967565371628,0.011096114901102263
development_DiagReachK2_s180_W2_cf_state,DiagReachK2,180,W2,cf_state,21,old,True,False,True,True,False,1.2682359800144265,1.583272905629658,-0.051864157204478574,"[5.6798787117004395, 4.715582370758057]","[4.991887124993321, 4.364567769361341]","[1.1652711389737325, 1.2041446599782863]",0.007419154047966003,0.7755746841430664,0.01393419819109381,0.011096112012943955
development_DiagReachK2_s180_W2_cf_state,DiagReachK2,180,W2,cf_state,22,old,True,False,True,True,False,1.853781629182737,2.5209380024016887,0.006806105261398362,"[4.228392601013184, 5.395410060882568]","[4.895378128375874, 4.273151339264752]","[1.4830026671978702, 1.5854816253573878]",0.0074715642258524895,0.8041200637817383,0.012074795137094663,0.011096117659043258
development_DiagReachK2_s180_W2_cf_state,DiagReachK2,180,W2,cf_state,23,joint_W2,True,True,True,True,False,1.0185280108102663,1.9516209206559016,-0.0406420529978435,"[5.868700981140137, 3.893336534500122]","[5.19487595617429, 3.8372476374723465]","[1.5720252065869327, 1.0912781382850394]",0.00736540462821722,0.7326281070709229,0.010901758930183724,0.011096111289146858
development_DiagReachK2_s180_W2_cf_state,DiagReachK2,180,W2,cf_state,24,old,True,False,True,True,False,1.375144342706875,1.7593767938863372,-0.060830911848365435,"[4.880914688110352, 5.26210880279541]","[4.725038272599281, 4.421229808858047]","[1.1086465794159677, 1.3912710496014182]",0.007543396204710007,0.7596826553344727,0.013715517434618336,0.01109611248300098
development_DiagReachK2_s180_W2_time_loo,DiagReachK2,180,W2,time_loo,0,full_PPO,True,True,True,True,False,1.4705033905203597,1.9613194771138975,1.9678069899479548e-08,"[1.5594117641448975, 1.6262317895889282]","[2.1300326406458256, 1.9928914328772835]","[1.4768442461009963, 1.6281454103660928]",0.0,0.40167951583862305,0.010544379537281412,0.011096116330720296
development_DiagReachK2_s180_W2_time_loo,DiagReachK2,180,W2,time_loo,1,full_PPO,True,True,True,True,False,1.6789711003628007,2.1849631006467947,4.1816383600234984e-08,"[2.284193515777588, 2.948697566986084]","[3.184005851189352, 2.8539325890298803]","[1.6587145642948702, 1.9946264382057255]",0.0,0.38398027420043945,0.009610915928583015,0.011096114146948007
development_DiagReachK2_s180_W2_time_loo,DiagReachK2,180,W2,time_loo,2,old,True,False,True,True,False,2.206774711478011,2.8067563166241953,-6.016731883088748e-08,"[4.29714298248291, 4.123237609863281]","[3.529106064250681, 3.0074323414012856]","[1.7091050158920644, 1.8802370604518985]",0.0,0.4344460964202881,0.007987600669507515,0.01109611424415582
development_DiagReachK2_s180_W2_time_loo,DiagReachK2,180,W2,time_loo,3,old,True,False,True,True,False,2.878752185567639,4.062691752255626,-2.231293668349584e-10,"[4.2287678718566895, 3.1495063304901123]","[3.8455316590480857, 2.62799971984885]","[1.368144649976563, 2.045257052927675]",0.0,0.39093494415283203,0.008674417495282903,0.011096114856635302
development_DiagReachK2_s180_W2_time_loo,DiagReachK2,180,W2,time_loo,4,full_PPO,True,True,True,True,False,0.983136227855627,1.9351500531644341,3.5190047735037905e-08,"[4.229766368865967, 3.3824381828308105]","[4.3565615412453385, 3.827623533598927]","[1.4705749577189455, 1.5089549494539605]",0.0,0.39617180824279785,0.010950583879344295,0.011096114844675547
development_DiagReachK2_s180_W2_time_loo,DiagReachK2,180,W2,time_loo,5,old,True,False,True,True,False,1.0599828926304256,2.34280702717911,2.0830581585566203e-08,"[4.106780052185059, 4.595884323120117]","[4.003773300866965, 3.9683733635351226]","[1.7161747213498448, 2.0222979857711194]",0.0,0.39746856689453125,0.00771360201316702,0.011096112332188879
development_DiagReachK2_s180_W2_time_loo,DiagReachK2,180,W2,time_loo,6,old,True,False,True,True,False,3.4684052548783946,5.04555713926998,1.3628353675206502e-08,"[5.597563743591309, 5.0062456130981445]","[4.3556005052029825, 4.041598282613108]","[1.7449275962295017, 1.5198210107840435]",0.0,0.46585798263549805,0.009450093671499902,0.011096111963515377
development_DiagReachK2_s180_W2_time_loo,DiagReachK2,180,W2,time_loo,7,joint_W2,False,False,True,True,False,0.9771706448520039,1.4755691227798033,-2.9398749272028605e-08,"[3.940136671066284, 4.472141265869141]","[4.61758126602987, 4.124064926846123]","[1.752904569431147, 1.8226923784546187]",0.0,0.37564754486083984,0.011072980168349799,0.011096114900243714
development_DiagReachK2_s180_W2_time_loo,DiagReachK2,180,W2,time_loo,8,old,True,False,True,True,False,0.6387655755119587,1.4972666311516885,-6.328433907280366e-08,"[4.294307708740234, 4.091494083404541]","[4.5044103632869295, 3.7121415242981297]","[1.7596532810797985, 1.5928322084809527]",0.0,0.3859138488769531,0.008904636040780133,0.011096113189533744
development_DiagReachK2_s180_W2_time_loo,DiagReachK2,180,W2,time_loo,9,old,True,False,True,True,False,0.7583453613990228,1.6742638750778147,2.0465813577175142e-08,"[5.262460231781006, 4.968461513519287]","[5.06475212665808, 4.707676971231123]","[1.1885143550141215, 1.5390718104238597]",0.0,0.39826202392578125,0.01131676570430261,0.011096112714339542
development_DiagReachK2_s180_W2_time_loo,DiagReachK2,180,W2,time_loo,10,old,True,False,True,True,False,2.0984069630150533,2.7850018688298057,-1.2274055431286494e-08,"[4.8204145431518555, 3.8690390586853027]","[3.9754386528110723, 3.841645237950105]","[2.0319626223118794, 1.7023690951134764]",0.0,0.38170480728149414,0.012933929993413196,0.011096115178232054
development_DiagReachK2_s180_W2_time_loo,DiagReachK2,180,W2,time_loo,11,old,True,False,True,True,False,2.328331004573464,3.2746708209310365,-4.192794828365247e-08,"[4.699188709259033, 3.968803882598877]","[3.279027639828976, 3.750777012250535]","[1.769621644723531, 1.444633133383035]",0.0,0.4187595844268799,0.01426627865625649,0.011096115626557043
development_DiagReachK2_s180_W2_time_loo,DiagReachK2,180,W2,time_loo,12,old,True,False,True,True,False,0.6890341105696406,2.1226105009926464,-1.7462298274040222e-08,"[4.516615390777588, 5.0447587966918945]","[4.697637626445088, 4.190637033828785]","[1.8200134725973793, 1.6379386925051707]",0.0,0.38602542877197266,0.00884532930271654,0.011096115324541031
development_DiagReachK2_s180_W2_time_loo,DiagReachK2,180,W2,time_loo,13,old,True,False,True,True,False,2.0001684950695635,3.8659014323827305,6.728029499451319e-08,"[5.094964027404785, 4.99043607711792]","[4.535601039910815, 4.075805920139208]","[1.661295595584138, 1.844483059275239]",0.0,0.44830989837646484,0.012015970786314419,0.011096114388062572
development_DiagReachK2_s180_W2_time_loo,DiagReachK2,180,W2,time_loo,14,old,True,False,True,True,False,2.5782619021072994,3.1519714936891043,-6.176220873991648e-08,"[5.18035364151001, 5.244481563568115]","[4.251051543796734, 5.565875698509091]","[1.9110153110178991, 1.4934235248174368]",0.0,0.41399192810058594,0.00925571781390421,0.011096114491047327
development_DiagReachK2_s180_W2_time_loo,DiagReachK2,180,W2,time_loo,15,old,True,False,True,True,False,1.640651718121211,2.4227717854022695,-1.1683732736855745e-08,"[4.705514907836914, 4.10675048828125]","[4.416593696682797, 4.511318405307792]","[1.531339522071938, 1.8118044457148077]",0.0,0.384751558303833,0.008915031846402167,0.011096114379509617
development_DiagReachK2_s180_W2_time_loo,DiagReachK2,180,W2,time_loo,16,old,True,False,True,True,False,1.1114887028380713,1.7467676194714092,-4.563480615615845e-09,"[4.375267028808594, 4.8369879722595215]","[4.302872332411803, 5.149126512790566]","[1.7251515492411396, 1.527000716066863]",0.0,0.39162182807922363,0.008967251690723311,0.011096116638141999
development_DiagReachK2_s180_W2_time_loo,DiagReachK2,180,W2,time_loo,17,joint_W2,True,True,True,True,False,1.1462045423819618,1.543925842914942,6.959307938814163e-08,"[4.349900722503662, 4.830729007720947]","[4.5853047352632, 5.336470318735184]","[1.930936905885726, 1.3664820562990447]",0.0,0.4387326240539551,0.011624463373996429,0.011096113019775521
development_DiagReachK2_s180_W2_time_loo,DiagReachK2,180,W2,time_loo,18,old,True,False,True,True,False,2.3648976096368477,4.047356801183961,-2.0799537499745687e-09,"[5.82022762298584, 4.372824192047119]","[4.802259310077142, 4.167698845554173]","[1.9144099002136055, 1.0128766727125933]",0.0,0.5677049160003662,0.009815455339342468,0.011096110457408494
development_DiagReachK2_s180_W2_time_loo,DiagReachK2,180,W2,time_loo,19,old,True,False,True,True,False,0.6734661494748397,2.4527743877284784,-1.0710209608078002e-09,"[5.120579242706299, 4.714777946472168]","[5.191258598554347, 5.019877322360728]","[1.7299788187481842, 1.5020470178905279]",0.0,0.42162442207336426,0.00801843526888529,0.01109611170188305
development_DiagReachK2_s180_W2_time_loo,DiagReachK2,180,W2,time_loo,20,joint_W2,True,True,True,True,False,1.9600250662512686,2.4820597469881096,-3.841317569216092e-08,"[5.593315124511719, 4.860024452209473]","[4.601031091615664, 4.828021641583977]","[1.4708474786445385, 1.3440913006105781]",0.0,0.4331393241882324,0.014650187266152036,0.011096113947020357
development_DiagReachK2_s180_W2_time_loo,DiagReachK2,180,W2,time_loo,21,old,True,False,True,True,False,1.6551050270700807,3.271387376094497,4.0194330116113025e-08,"[3.913320541381836, 5.4660139083862305]","[4.356260527210398, 4.364470786452138]","[1.5800205957352342, 1.8202933037783238]",0.0,0.4464855194091797,0.00817989525735983,0.011096112433208127
development_DiagReachK2_s180_W2_time_loo,DiagReachK2,180,W2,time_loo,22,old,True,False,True,True,False,2.6379768842502855,3.8069816546327306,1.6395157823959987e-09,"[4.970774173736572, 4.786324501037598]","[3.1319123859506104, 4.091697092660784]","[1.9970278337782223, 1.346808535116538]",0.0,0.48058104515075684,0.012667010794492999,0.011096113507338901
development_DiagReachK2_s180_W2_time_loo,DiagReachK2,180,W2,time_loo,23,joint_W2,True,True,True,True,False,1.2856187467557099,1.7691925855731743,1.481773021320502e-08,"[5.049612522125244, 4.681926727294922]","[5.999999776128151, 4.449962696862859]","[1.9070310664405767, 1.0909842773988057]",0.0,0.36542820930480957,0.01689495968642562,0.011096114818395321
development_DiagReachK2_s180_W2_time_loo,DiagReachK2,180,W2,time_loo,24,old,True,False,True,True,False,0.8570369372205464,1.5980140850451052,1.0006867038706939e-07,"[4.6048054695129395, 5.5049729347229]","[4.54776858354043, 5.030033396944547]","[1.3283564659938287, 1.3170644911378526]",0.0,0.3726201057434082,0.01102964177781663,0.011096113347892851
development_DiagReachK2_s186_KL_cf_state,DiagReachK2,186,KL,cf_state,0,joint_KL,True,True,True,True,False,1.3006900422455299,2.5409826218259246,-0.06167132753290505,"[3.9224324226379395, 1.9191131591796875]","[3.822288953713562, 2.6755121673307922]","[1.8225246319374, 1.8274829017058296]",0.007026387378573418,0.6200990676879883,0.009999999705261728,0.019573815908007566
development_DiagReachK2_s186_KL_cf_state,DiagReachK2,186,KL,cf_state,1,full_PPO,True,True,True,True,False,1.3474069934602297,2.771950127298097,-0.03778420611137957,"[4.631919860839844, 1.365431785583496]","[4.214756860237724, 2.015482118303237]","[2.4283872663876704, 1.3138491720655223]",0.004194339737296104,0.39809370040893555,0.010000001019249301,0.018576674893276513
development_DiagReachK2_s186_KL_cf_state,DiagReachK2,186,KL,cf_state,2,joint_KL,True,True,True,True,False,1.3300228457123147,2.12499320438886,-0.06560397954733017,"[3.893611431121826, 1.6941200494766235]","[4.344201311906934, 1.7241575356390617]","[2.332345365961813, 1.1398748146997029]",0.004078686237335205,0.37874865531921387,0.010000000913777589,0.015420842453278509
development_DiagReachK2_s186_KL_cf_state,DiagReachK2,186,KL,cf_state,3,joint_KL,True,True,True,True,False,1.4456605151694244,2.4794782622213765,-0.13541731052627023,"[4.388031005859375, 2.1941490173339844]","[4.261420673254167, 2.2128825742035345]","[2.243680827269265, 1.5399763253163343]",0.004222618415951729,0.39662790298461914,0.009999999670918873,0.0185310192630679
development_DiagReachK2_s186_KL_cf_state,DiagReachK2,186,KL,cf_state,4,full_PPO,True,True,True,True,False,1.9311036577848053,2.5406397697804697,-0.07730837872819579,"[4.567389965057373, 2.7755942344665527]","[4.512750889086937, 3.076697645569571]","[2.010221636927598, 1.4800658987919657]",0.004200517199933529,0.3863711357116699,0.010000000296021085,0.013634037808789284
development_DiagReachK2_s186_KL_cf_state,DiagReachK2,186,KL,cf_state,5,full_PPO,True,True,True,True,False,0.8434992901369759,1.3030137529974013,-0.028494485662667525,"[4.1042280197143555, 3.34419322013855]","[4.177975396580885, 3.711273330111164]","[1.420437488321986, 1.5329989816830492]",0.004188034683465958,0.37645459175109863,0.010000001227783136,0.015826069498324196
development_DiagReachK2_s186_KL_cf_state,DiagReachK2,186,KL,cf_state,6,old,True,False,True,True,False,1.7467257758820771,2.320149996163622,-0.15366996575173877,"[4.622102737426758, 4.206554412841797]","[4.936769684840164, 3.516142257830821]","[1.4923400908628777, 1.605076808174454]",0.004205326549708843,0.3829197883605957,0.010000001848322839,0.016932526180919328
development_DiagReachK2_s186_KL_cf_state,DiagReachK2,186,KL,cf_state,7,joint_KL,True,True,True,True,False,0.8497025286169798,1.6962987148156363,-0.03251662766561304,"[5.364315032958984, 4.3759446144104]","[5.390655034224164, 4.380597477920074]","[1.2307004965271817, 0.9937031184891728]",0.004223983734846115,0.40566515922546387,0.010000000499140778,0.011818861250779578
development_DiagReachK2_s186_KL_cf_state,DiagReachK2,186,KL,cf_state,8,old,True,False,True,True,False,0.4749781734600614,1.309249680625605,-0.011721528075242703,"[5.31394624710083, 4.926125526428223]","[5.065867903754828, 4.477897600051961]","[1.1063265896548091, 1.5151816311807098]",0.004114312119781971,0.3916127681732178,0.010000003954192527,0.016129370082404056
development_DiagReachK2_s186_KL_cf_state,DiagReachK2,186,KL,cf_state,9,old,True,False,True,True,False,2.051318479628118,2.6880959390951853,-0.11865166276746818,"[5.393107891082764, 5.018397331237793]","[5.095827683027474, 4.521906386875997]","[1.1236246258257572, 1.829668662328009]",0.004339566454291344,0.40596842765808105,0.01000000032324495,0.017355645179714625
development_DiagReachK2_s186_KL_cf_state,DiagReachK2,186,KL,cf_state,10,joint_KL,True,True,True,True,False,0.9501860351930945,1.6412420175863731,-0.03152585552439497,"[5.05767297744751, 4.3532586097717285]","[5.20614382386396, 3.9471275670483106]","[1.2347316701087991, 1.3056759609921014]",0.0048365965485572815,0.4080512523651123,0.009999999521855395,0.01663261391472764
development_DiagReachK2_s186_KL_cf_state,DiagReachK2,186,KL,cf_state,11,joint_KL,True,True,True,True,False,1.339415693621324,1.5759577422020188,-0.0347087486562665,"[5.370891571044922, 4.5167131423950195]","[5.340782142580638, 3.8699784258888803]","[1.1111030999542073, 1.2881228767583763]",0.004138601012527943,0.39687538146972656,0.0100000005180923,0.016144192971779783
development_DiagReachK2_s186_KL_cf_state,DiagReachK2,186,KL,cf_state,12,full_PPO,True,True,True,True,False,0.4851755847217472,0.8609285419967736,-0.015476979358234612,"[5.100579261779785, 3.1746106147766113]","[4.628465243037757, 3.3966515729419493]","[0.952852739670447, 0.9473932124257773]",0.0042669568210840225,0.3842182159423828,0.010000004252438162,0.013711391167203376
development_DiagReachK2_s186_KL_cf_state,DiagReachK2,186,KL,cf_state,13,old,True,False,True,True,False,0.6192677802408021,1.2619223407827258,0.01321787927693044,"[5.637689113616943, 4.181532382965088]","[5.478377528426494, 4.581119302187043]","[0.8501314138801471, 1.0539837998772716]",0.004139081574976444,0.38712167739868164,0.009999999620430385,0.013286624579564761
development_DiagReachK2_s186_KL_cf_state,DiagReachK2,186,KL,cf_state,14,joint_KL,True,True,True,True,False,1.0074785085432585,1.4754514483984602,-0.05259308032547739,"[5.046720027923584, 4.094979763031006]","[5.495341000103008, 3.657878086446596]","[0.9104211151724444, 1.376282281934796]",0.004145439714193344,0.40643906593322754,0.009999999093905363,0.013905334568305996
development_DiagReachK2_s186_KL_cf_state,DiagReachK2,186,KL,cf_state,15,full_PPO,True,True,True,True,False,0.9888276499921689,1.458313974233312,-0.052607004843166924,"[5.596930027008057, 4.239147186279297]","[5.603981372178661, 4.649975618172462]","[1.2123172393091897, 1.3258849952145828]",0.004132186062633991,0.38466596603393555,0.009999998648302097,0.011455698956999851
development_DiagReachK2_s186_KL_cf_state,DiagReachK2,186,KL,cf_state,16,old,True,False,True,True,False,0.6850597264654953,1.0346995686127294,-0.02458074781582216,"[4.9630446434021, 4.765244483947754]","[4.219992630981526, 4.920427015094655]","[1.2420099558880435, 1.082477860597954]",0.004144245758652687,0.36925363540649414,0.01000000666441203,0.012837561640315475
development_DiagReachK2_s186_KL_cf_state,DiagReachK2,186,KL,cf_state,17,old,True,False,True,True,False,0.7131508720258675,1.053371337004269,-0.016687140057538463,"[5.339084148406982, 4.764376640319824]","[5.0627324598127, 4.312063203803211]","[0.9662261853713733, 0.9374707394310975]",0.0045944033190608025,0.3820347785949707,0.00999999830857577,0.011831021299338646
development_DiagReachK2_s186_KL_cf_state,DiagReachK2,186,KL,cf_state,18,full_PPO,True,True,True,True,False,11.292030844650565,14.677703689693152,1.5918886850475034,"[5.406598091125488, 4.429286956787109]","[5.4590948587787045, 4.52508950266143]","[0.7385402674775807, 1.0168711044554493]",0.004193143919110298,0.4811570644378662,0.010000002033789946,0.011014546588181238
development_DiagReachK2_s186_KL_cf_state,DiagReachK2,186,KL,cf_state,19,joint_KL,True,True,True,True,False,0.49211426714088213,0.7802809263292129,-0.02097341000397692,"[5.07016658782959, 5.186203956604004]","[5.195403168133847, 4.782780120021092]","[0.6159050823072793, 0.8514622546635771]",0.004065890796482563,0.4863097667694092,0.010000001404918725,0.00935569236410994
development_DiagReachK2_s186_KL_cf_state,DiagReachK2,186,KL,cf_state,20,full_PPO,True,True,True,True,False,0.2263979705657968,0.5763637487741483,-0.011354201904928687,"[5.36925745010376, 5.16480016708374]","[5.203811963544281, 4.953805298659177]","[0.599093562811695, 0.7433370881987919]",0.004114074632525444,0.4066932201385498,0.010000002420598708,0.01018334243425333
development_DiagReachK2_s186_KL_cf_state,DiagReachK2,186,KL,cf_state,21,old,True,False,True,True,False,0.3556905452597047,0.6683825088094356,-0.023590907143661913,"[5.236626625061035, 5.702147006988525]","[5.135901479828271, 5.385037935578449]","[1.0132234974334209, 0.732140364445547]",0.004203887656331062,0.4142730236053467,0.010000002406391349,0.009634200696159445
development_DiagReachK2_s186_KL_cf_state,DiagReachK2,186,KL,cf_state,22,old,True,False,True,True,False,0.4161186062388936,0.7446655755242072,-0.00882145684567578,"[5.416324615478516, 5.10968542098999]","[5.028931912063092, 5.186134979980337]","[0.9037696401670012, 0.5820743098176251]",0.0041741132736206055,0.3822810649871826,0.009999997466473272,0.006746213345924564
development_DiagReachK2_s186_KL_cf_state,DiagReachK2,186,KL,cf_state,23,joint_KL,True,True,True,True,False,0.8420691555201184,1.5103012215281642,-0.027435030206805554,"[6.04293966293335, 5.626570224761963]","[5.735747015437568, 5.497387890521642]","[0.7416061922090043, 0.7567997728729221]",0.004387540742754936,0.39490437507629395,0.009999998388660353,0.006447436879492547
development_DiagReachK2_s186_KL_cf_state,DiagReachK2,186,KL,cf_state,24,old,True,False,True,True,False,0.2715225093135864,0.5098429955883831,0.006739953821074394,"[5.52744722366333, 5.248242378234863]","[5.54552438960265, 5.094226695807092]","[0.6075766630896297, 0.8039417290605767]",0.004291975870728493,0.3846614360809326,0.010000001106324005,0.008420490451747224
development_DiagReachK2_s186_KL_time_loo,DiagReachK2,186,KL,time_loo,0,joint_KL,True,True,True,True,False,1.072377391264977,2.724620272865301,2.8172507882118225e-08,"[3.9224324226379395, 1.9191131591796875]","[3.672366979650056, 2.6228903579407143]","[1.8225246319374, 1.8274829017058296]",0.0,0.3928802013397217,0.009999997071645443,0.019700601861052994
development_DiagReachK2_s186_KL_time_loo,DiagReachK2,186,KL,time_loo,1,joint_KL,True,True,True,True,False,1.827043180262251,3.4046652174230734,-1.3356717924276988e-08,"[4.624058723449707, 1.3234789371490479]","[3.246288096886264, 1.4326667879222508]","[2.43851790865149, 1.31408920029517]",0.0,0.4341118335723877,0.010000001083235425,0.0193551290280795
development_DiagReachK2_s186_KL_time_loo,DiagReachK2,186,KL,time_loo,2,joint_KL,True,True,True,True,False,0.9112978461139795,1.9985795322136397,3.69288803388675e-08,"[3.7298381328582764, 1.5277572870254517]","[3.9101851688840856, 1.8956478139798074]","[2.3484928216307734, 1.0307622321787824]",0.0,0.3896212577819824,0.010000000518109698,0.021170452870638547
development_DiagReachK2_s186_KL_time_loo,DiagReachK2,186,KL,time_loo,3,joint_KL,True,True,True,True,False,2.4276244660059625,3.190678745078871,4.344619810581207e-08,"[4.51499080657959, 3.1822853088378906]","[4.268076962690819, 2.440055455858552]","[2.0285000521970136, 2.1729311652894574]",0.0,0.422072172164917,0.010000004126238282,0.015958022257100034
development_DiagReachK2_s186_KL_time_loo,DiagReachK2,186,KL,time_loo,4,full_PPO,True,True,True,True,False,1.0357563030738182,1.624081594643058,2.704521951576074e-08,"[4.074004173278809, 2.575143337249756]","[3.994072307579121, 2.6114040772707265]","[1.4998654797550337, 1.2566630920601396]",0.0,0.40058255195617676,0.010000001951070548,0.022887619098877963
development_DiagReachK2_s186_KL_time_loo,DiagReachK2,186,KL,time_loo,5,joint_KL,True,True,True,True,False,2.282370921410693,3.1237147323597436,-3.419506053129832e-08,"[5.499563217163086, 3.125046968460083]","[4.87217061733931, 3.0733954051502392]","[1.501174621479669, 1.2829048050869836]",0.0,0.4621002674102783,0.009999998377172341,0.01492323025634584
development_DiagReachK2_s186_KL_time_loo,DiagReachK2,186,KL,time_loo,6,full_PPO,True,True,True,True,False,0.5080520925219295,1.9880027452466922,3.660000705470641e-08,"[3.967951536178589, 3.608795166015625]","[4.171616120734874, 3.393885325540486]","[1.7759545420926424, 1.2130608456916527]",0.0,0.3568451404571533,0.010000023059713503,0.012050927723756563
development_DiagReachK2_s186_KL_time_loo,DiagReachK2,186,KL,time_loo,7,old,True,False,True,True,False,2.0392469310940475,2.3846089963199413,3.763901380201181e-08,"[5.201534271240234, 4.4631147384643555]","[4.504846039902755, 3.8126634880998136]","[1.49018033753, 1.6098017439143781]",0.0,0.40741705894470215,0.010000001674570724,0.01544711707132395
development_DiagReachK2_s186_KL_time_loo,DiagReachK2,186,KL,time_loo,8,old,True,False,True,True,False,2.3422497246268525,2.6868348910559776,-3.799020002285639e-09,"[5.6101508140563965, 4.224437236785889]","[4.7620181782092095, 4.434246977692232]","[1.514755827043523, 1.4460521994982394]",0.0,0.40547919273376465,0.010000000600739843,0.010421997774206715
development_DiagReachK2_s186_KL_time_loo,DiagReachK2,186,KL,time_loo,9,joint_KL,True,True,True,True,False,0.9567146851809115,1.994586413976506,-7.027507914851109e-08,"[4.436939239501953, 4.191687107086182]","[4.541081540896733, 4.272769561099836]","[1.1826356736953494, 1.4752247060683084]",0.0,0.4168374538421631,0.009999997822363634,0.011935769676434413
development_DiagReachK2_s186_KL_time_loo,DiagReachK2,186,KL,time_loo,10,old,True,False,True,True,False,1.0230379849764104,1.854575433163326,-2.3106501127282777e-08,"[4.870394229888916, 4.312769889831543]","[4.57077935428943, 4.928337526081938]","[1.3173559380231832, 1.7464830887702065]",0.0,0.43522143363952637,0.0100000009192466,0.01399715886091713
development_DiagReachK2_s186_KL_time_loo,DiagReachK2,186,KL,time_loo,11,old,True,False,True,True,False,2.5734231833149908,3.671796149856494,-1.148534162590901e-08,"[5.5824294090271, 4.690058708190918]","[4.099943730292221, 3.667332378579845]","[1.7882512466480467, 1.562657285616484]",0.0,0.4215846061706543,0.010000004024937913,0.016692084191067727
development_DiagReachK2_s186_KL_time_loo,DiagReachK2,186,KL,time_loo,12,old,True,False,True,True,False,1.5392442447885937,3.110373347508938,-3.4158195679386455e-09,"[5.091132164001465, 4.601107120513916]","[5.463583030056783, 4.10438836287578]","[1.3420100936703472, 1.4766212815125346]",0.0,0.4170405864715576,0.009999998858202049,0.012940275981667053
development_DiagReachK2_s186_KL_time_loo,DiagReachK2,186,KL,time_loo,13,old,True,False,True,True,False,0.8074888454444371,1.098209294581791,6.981038798888525e-09,"[4.630106449127197, 3.188479423522949]","[4.184621638463549, 3.149030003310846]","[1.099966698991036, 1.1661022042218716]",0.0,0.37335968017578125,0.01000000002995977,0.014042551483162675
development_DiagReachK2_s186_KL_time_loo,DiagReachK2,186,KL,time_loo,14,old,True,False,True,True,False,2.4906571981350663,3.2685888009045905,-1.5203841030597686e-08,"[5.69559383392334, 3.901637315750122]","[4.590520691248392, 4.081783087621627]","[1.555344158614697, 1.6823278051994404]",0.0,0.4215848445892334,0.010000002086805515,0.011542891140927184
development_DiagReachK2_s186_KL_time_loo,DiagReachK2,186,KL,time_loo,15,old,True,False,True,True,False,0.5355801391024306,0.9653965612932858,-2.567927973965804e-08,"[4.9561872482299805, 4.62552547454834]","[4.6312504750324415, 4.030340963209572]","[1.2033145650416066, 1.32927733014886]",0.0,0.40070176124572754,0.010000002009900711,0.012434213106091654
development_DiagReachK2_s186_KL_time_loo,DiagReachK2,186,KL,time_loo,16,old,True,False,True,True,False,0.5497112052369248,1.077365549523841,-3.135452667872111e-08,"[3.8022727966308594, 4.725514888763428]","[4.118605307601121, 4.829073207303181]","[1.0198293948028774, 1.134546608606149]",0.0,0.38606858253479004,0.010000005720017137,0.014227254356305265
development_DiagReachK2_s186_KL_time_loo,DiagReachK2,186,KL,time_loo,17,full_PPO,True,True,True,True,False,0.4047900755614725,1.2716093597462224,4.525063559412956e-08,"[5.0523505210876465, 3.7508704662323]","[5.264497872531351, 4.248635764360795]","[1.6168255207513065, 1.1066017607801562]",0.0,0.40578675270080566,0.010000001030888208,0.012944134305023412
development_DiagReachK2_s186_KL_time_loo,DiagReachK2,186,KL,time_loo,18,old,True,False,True,True,False,2.3571897645700584,3.407289657970338,-4.249886842444539e-09,"[4.879302978515625, 5.623709678649902]","[4.509572872221319, 5.191472932405586]","[1.097182291737955, 1.1922119806279357]",0.0,0.4587843418121338,0.010000001470512576,0.011009280566201679
development_DiagReachK2_s186_KL_time_loo,DiagReachK2,186,KL,time_loo,19,joint_KL,False,False,True,True,False,0.6190945853199394,1.4297550077118972,-4.7670134032766026e-08,"[5.08306884765625, 5.295096397399902]","[5.546553276814797, 5.4153973911930615]","[1.0359447416688894, 1.053820905080625]",0.0,0.42456603050231934,0.010000000188989664,0.012563006326869925
development_DiagReachK2_s186_KL_time_loo,DiagReachK2,186,KL,time_loo,20,full_PPO,True,True,True,True,False,0.5886475305897481,1.8173000918135553,6.76945395146807e-08,"[4.879915714263916, 4.983096599578857]","[4.511959165839884, 4.4332497490009715]","[1.2363521234885508, 1.591153028116558]",0.0,0.3856658935546875,0.010000029008883035,0.012515406615292405
development_DiagReachK2_s186_KL_time_loo,DiagReachK2,186,KL,time_loo,21,old,True,False,True,True,False,0.5022236482304617,1.3748101142767963,3.771856427192688e-08,"[5.133579730987549, 4.340096950531006]","[4.522724342528756, 4.378063034666449]","[1.07855147428493, 1.1894923834544429]",0.0,0.3924088478088379,0.00999999483437866,0.01240932027615225
development_DiagReachK2_s186_KL_time_loo,DiagReachK2,186,KL,time_loo,22,old,True,False,True,True,False,0.6160265731477319,0.9908801266091246,-7.622875273227691e-08,"[4.50606632232666, 4.403286933898926]","[4.838242754846368, 4.743985326379983]","[1.171262794177652, 0.8937501810749023]",0.0,0.4306037425994873,0.009999996455382661,0.011391874282188352
development_DiagReachK2_s186_KL_time_loo,DiagReachK2,186,KL,time_loo,23,old,True,False,True,True,False,2.233199613386238,4.080332955650148,-3.837534071256717e-08,"[5.427678108215332, 5.157747745513916]","[5.205766877300383, 4.699357653420381]","[1.3985959316609635, 1.5206244405674674]",0.0,0.4097476005554199,0.009999999058439136,0.01003953863093431
development_DiagReachK2_s186_KL_time_loo,DiagReachK2,186,KL,time_loo,24,old,True,False,True,True,False,0.658544544101192,1.7904353765200645,1.8803317895314346e-08,"[5.187175750732422, 4.911586761474609]","[5.305842422863864, 4.265090623032786]","[0.996913306621576, 1.282674647330928]",0.0,0.36524295806884766,0.010000004313860568,0.011371469590186489
development_DiagReachK2_s186_W2_cf_state,DiagReachK2,186,W2,cf_state,0,joint_W2,True,True,True,True,False,1.3054749824127225,2.5409826218259246,-0.06167132753290505,"[3.9224324226379395, 1.9191131591796875]","[3.8117896142647933, 2.6838642853231507]","[1.8225246319374, 1.8274829017058296]",0.004294482991099358,0.3753621578216553,0.010158872026513159,0.01970060502855009
development_DiagReachK2_s186_W2_cf_state,DiagReachK2,186,W2,cf_state,1,full_PPO,True,True,True,True,False,1.4008083558618645,2.7695043936223818,-0.03815721234629662,"[4.6142096519470215, 1.365311861038208]","[4.325089078798737, 2.0023886614489514]","[2.4340559061231146, 1.3160898660598392]",0.004063204862177372,0.3863871097564697,0.01135847899868159,0.019700606137878066
development_DiagReachK2_s186_W2_cf_state,DiagReachK2,186,W2,cf_state,2,old,True,False,True,True,False,1.278743330894408,2.133912794434767,-0.06586673153149762,"[3.906280994415283, 1.7205278873443604]","[4.248262020309518, 1.8838966624644136]","[2.334726105766225, 1.145188594924192]",0.003994720987975597,0.38828277587890625,0.014695404831266363,0.01970060872256155
development_DiagReachK2_s186_W2_cf_state,DiagReachK2,186,W2,cf_state,3,joint_W2,True,True,True,True,False,0.8334982668611481,2.541657619335267,-0.13083982942611938,"[4.346159934997559, 2.1288864612579346]","[3.8022303217354363, 2.4814500614248503]","[2.416673074480772, 1.528033794457778]",0.004476608708500862,0.3806781768798828,0.010178311993481869,0.019700607808093552
development_DiagReachK2_s186_W2_cf_state,DiagReachK2,186,W2,cf_state,4,full_PPO,True,True,True,True,False,2.3465144672935065,3.0035828257959727,-0.06399972799623996,"[4.3225603103637695, 2.8807926177978516]","[4.090749478795294, 3.404758864811332]","[2.1903085883419244, 1.5109989985533825]",0.004297791980206966,0.425154447555542,0.011250254717700286,0.019700607551516865
development_DiagReachK2_s186_W2_cf_state,DiagReachK2,186,W2,cf_state,5,full_PPO,True,True,True,True,False,1.1479360505055043,1.3962876415105465,-0.03615948359827596,"[3.7075958251953125, 3.4889938831329346]","[4.062806154951696, 3.779978651353849]","[1.725419795576353, 1.654728314534514]",0.004261325113475323,0.39630627632141113,0.013295269979414822,0.019700607312398796
development_DiagReachK2_s186_W2_cf_state,DiagReachK2,186,W2,cf_state,6,old,True,False,True,True,False,1.7141884272376338,2.394870195039534,-0.16134527783789887,"[4.443812370300293, 4.34818172454834]","[4.6646810131728, 3.438540300465706]","[1.7649134158037456, 1.6171832564187145]",0.004126768559217453,0.4090595245361328,0.014341982157296432,0.01970060369320077
development_DiagReachK2_s186_W2_cf_state,DiagReachK2,186,W2,cf_state,7,old,True,False,True,True,False,1.4170898321016723,2.13445796660125,-0.09814726574625385,"[5.38672399520874, 4.699803829193115]","[4.380571898745357, 4.585132486119507]","[1.5708128492997697, 1.021632399668025]",0.0044492073357105255,0.4120922088623047,0.01944816060593079,0.019700604942232594
development_DiagReachK2_s186_W2_cf_state,DiagReachK2,186,W2,cf_state,8,old,True,False,True,True,False,1.4072592886892419,1.7168767653269057,-0.017107826004428135,"[5.51931095123291, 5.151900768280029]","[4.016730956421389, 5.208320576922672]","[1.5850920377931805, 1.4632594272831236]",0.004262317903339863,0.4197878837585449,0.01272740727281475,0.019700608306113216
development_DiagReachK2_s186_W2_cf_state,DiagReachK2,186,W2,cf_state,9,old,True,False,True,True,False,1.0906212246925755,1.9098678159195424,0.013679848210796548,"[4.533730983734131, 4.634793758392334]","[3.674267713995718, 4.305844508765204]","[1.8742945433749485, 1.4459942168119635]",0.004205217584967613,0.420792818069458,0.011877346319233676,0.019700607627415757
development_DiagReachK2_s186_W2_cf_state,DiagReachK2,186,W2,cf_state,10,old,True,False,True,True,False,1.36532574512606,2.38072315196423,-0.11462222256347093,"[5.1366472244262695, 4.456045627593994]","[4.784387445727346, 4.073503679039827]","[1.6995401936398364, 1.3111448633463847]",0.00418997835367918,0.4172475337982178,0.012041357652746554,0.019700608455966464
development_DiagReachK2_s186_W2_cf_state,DiagReachK2,186,W2,cf_state,11,old,True,False,True,True,False,2.041995146569858,2.436657360604735,-0.04565932284528367,"[4.995776176452637, 5.113099575042725]","[4.520643259789131, 4.063286782361495]","[1.525662227245988, 1.519046535513775]",0.0040438128635287285,0.397322416305542,0.01120372348353976,0.019700600990460837
development_DiagReachK2_s186_W2_cf_state,DiagReachK2,186,W2,cf_state,12,old,True,False,True,True,False,0.7184006174680151,1.7815353267914416,-0.07937975265566612,"[4.56985330581665, 3.7961761951446533]","[4.61123006108166, 4.084698493916606]","[1.5067799086712614, 1.0615388576133407]",0.004286574199795723,0.44632434844970703,0.012736334040098506,0.019700604124832714
development_DiagReachK2_s186_W2_cf_state,DiagReachK2,186,W2,cf_state,13,old,True,False,True,True,False,2.1962729672155645,2.9890088990292543,0.04729982241266249,"[5.852309703826904, 4.334231376647949]","[5.297468069050543, 4.2239738513119995]","[1.427040782798667, 1.2485935224519245]",0.004224230535328388,0.4712789058685303,0.011831816513579448,0.01970060490790426
development_DiagReachK2_s186_W2_cf_state,DiagReachK2,186,W2,cf_state,14,old,True,False,True,True,False,2.054233361725982,2.347260001356869,-0.1369580641512241,"[4.782008171081543, 4.080712795257568]","[5.361467178760585, 4.166238241519535]","[1.26753770685118, 1.7946944223467372]",0.004229648970067501,0.4125485420227051,0.013736704366284467,0.01970060655948407
development_DiagReachK2_s186_W2_cf_state,DiagReachK2,186,W2,cf_state,15,old,True,False,True,True,False,1.4340817696397434,2.888053399862572,-0.09544745147227526,"[5.673535346984863, 4.618369102478027]","[5.999999863150784, 5.123155095301926]","[1.9593918392689267, 1.757474217940513]",0.004225210286676884,0.3920769691467285,0.011645895649833319,0.019700603679617457
development_DiagReachK2_s186_W2_cf_state,DiagReachK2,186,W2,cf_state,16,old,True,False,True,True,False,1.5505299083995763,2.4478498463476464,-0.004914843086398691,"[4.8151068687438965, 4.642806053161621]","[3.8764475051980654, 4.094393884728745]","[2.1890577085989853, 1.5041292139175684]",0.004234250634908676,0.40996360778808594,0.01168470914577882,0.019700610727402857
development_DiagReachK2_s186_W2_cf_state,DiagReachK2,186,W2,cf_state,17,old,True,False,True,True,False,1.4800570373527058,2.8839338275224886,-0.04632603856663129,"[5.203537464141846, 4.6304426193237305]","[4.1092939296700175, 3.4921401781895822]","[1.7899500474507584, 1.680639283004668]",0.0043097566813230515,0.4196295738220215,0.012787021377060627,0.019700609368586565
development_DiagReachK2_s186_W2_cf_state,DiagReachK2,186,W2,cf_state,18,old,True,False,True,True,False,2.4169501040833063,2.941034827051118,-0.02163446976004655,"[5.515193462371826, 4.209574222564697]","[4.78278750290497, 4.53891849091578]","[1.3573837629715737, 1.528016796329987]",0.00467346515506506,0.4367954730987549,0.010071751913170064,0.019700605067163906
development_DiagReachK2_s186_W2_cf_state,DiagReachK2,186,W2,cf_state,19,old,True,False,True,True,False,0.49998130358864445,1.0224783258656582,-0.021772003708983953,"[5.083257675170898, 4.183441638946533]","[5.187788957785359, 4.253328979715639]","[1.2773715434345292, 1.4820184522536108]",0.006348990835249424,0.4208183288574219,0.017358932974386697,0.01970060778072475
development_DiagReachK2_s186_W2_cf_state,DiagReachK2,186,W2,cf_state,20,old,True,False,True,True,False,0.590697686892417,1.2481428837171138,-0.02644359065872682,"[5.073930263519287, 4.734103202819824]","[4.721666408831032, 5.181054795603719]","[1.1830275218010555, 1.176674602340036]",0.004429072141647339,0.413649320602417,0.013382004172725765,0.019700613956961377
development_DiagReachK2_s186_W2_cf_state,DiagReachK2,186,W2,cf_state,21,old,True,False,True,True,False,0.7581045895276676,1.2062596841799902,-0.06032855128384519,"[4.666531085968018, 5.1073737144470215]","[4.841491783455104, 4.594254349084453]","[1.5354980956254103, 1.4391695154427329]",0.004447935149073601,0.4629824161529541,0.011399237239277278,0.019700608969882617
development_DiagReachK2_s186_W2_cf_state,DiagReachK2,186,W2,cf_state,22,old,True,False,True,True,False,1.6946423426465844,2.5292837888710453,-0.09456591702859264,"[5.145089149475098, 4.220736980438232]","[3.7674855202786808, 4.181672030088934]","[1.9815003580848034, 0.9413893636458056]",0.005598832853138447,0.42127370834350586,0.009735296443163203,0.019700602365617846
development_DiagReachK2_s186_W2_cf_state,DiagReachK2,186,W2,cf_state,23,old,True,False,True,True,False,1.4886202595328881,1.84680865572432,-0.11606155159918119,"[4.691451549530029, 4.567689895629883]","[5.437242264470056, 4.855815770940415]","[1.6155755009772474, 1.5148982960467685]",0.00475838128477335,0.4521195888519287,0.014782630776620453,0.019700609631992185
development_DiagReachK2_s186_W2_cf_state,DiagReachK2,186,W2,cf_state,24,old,True,False,True,True,False,1.9458737312163508,2.4129881613750412,-0.05045525743803741,"[4.696829795837402, 4.610493183135986]","[4.394160460755053, 3.815116131433715]","[2.0039838753824943, 1.7589119516350156]",0.004268992692232132,0.39250993728637695,0.018603449253288565,0.019700607127273253
development_DiagReachK2_s186_W2_time_loo,DiagReachK2,186,W2,time_loo,0,joint_W2,True,True,True,True,False,1.0736967317726116,2.724620272865301,2.8172507882118225e-08,"[3.9224324226379395, 1.9191131591796875]","[3.626044313133343, 2.6163141478881373]","[1.8225246319374, 1.8274829017058296]",0.0,0.37168145179748535,0.010133439499922015,0.019700609896842084
development_DiagReachK2_s186_W2_time_loo,DiagReachK2,186,W2,time_loo,1,full_PPO,True,True,True,True,False,1.8478399222577935,3.3754703123622853,-2.0073881993691127e-08,"[4.590684413909912, 1.3126627206802368]","[3.223071440359768, 1.3812602949141948]","[2.438313148756137, 1.3134785087942795]",0.0,0.4152646064758301,0.010521914315955977,0.019700610839661604
development_DiagReachK2_s186_W2_time_loo,DiagReachK2,186,W2,time_loo,2,joint_W2,True,True,True,True,False,1.1488152139994479,2.1626726185912544,-6.853175970415274e-08,"[3.7855286598205566, 1.6609621047973633]","[4.583338631976379, 1.602108183295735]","[2.3432253237689573, 1.1990066861620519]",0.0,0.36605143547058105,0.011273898259432204,0.019700608311188233
development_DiagReachK2_s186_W2_time_loo,DiagReachK2,186,W2,time_loo,3,joint_W2,True,True,True,True,False,1.5436670136881352,2.9195958808225497,7.566995918750763e-09,"[4.525636672973633, 2.2290806770324707]","[4.949881371623588, 1.687972201026274]","[2.3932466193684983, 1.6990734005893375]",0.0,0.352435827255249,0.010014613530170446,0.01970060702379816
development_DiagReachK2_s186_W2_time_loo,DiagReachK2,186,W2,time_loo,4,full_PPO,True,True,True,True,False,1.5589629309449333,3.40026100921466,7.018873778482278e-10,"[4.897385120391846, 2.636955738067627]","[4.341486513159342, 3.4735625066892943]","[2.119158356646343, 1.5132083609644968]",0.0,0.3643970489501953,0.010422453541057456,0.01970061047384449
development_DiagReachK2_s186_W2_time_loo,DiagReachK2,186,W2,time_loo,5,full_PPO,True,True,True,True,False,1.4123766324237723,1.5508802607757661,6.852981944878896e-09,"[4.196173667907715, 2.411386013031006]","[5.275927035757522, 1.918756463048819]","[1.6568167027372416, 1.326644249380238]",0.0,0.3853607177734375,0.012564663226166629,0.019700604516701924
development_DiagReachK2_s186_W2_time_loo,DiagReachK2,186,W2,time_loo,6,joint_W2,False,False,True,True,False,0.6405151110755204,1.205275136801788,-4.6608814348777136e-08,"[4.861689567565918, 3.4275424480438232]","[5.282690335350102, 3.839723771703444]","[1.1914798294569509, 1.3150136802586878]",0.0,0.3667161464691162,0.014089678203078024,0.019700611764713025
development_DiagReachK2_s186_W2_time_loo,DiagReachK2,186,W2,time_loo,7,old,True,False,True,True,False,1.7791520858278809,3.5139799490233155,-4.475004971027374e-08,"[5.112049102783203, 3.3996853828430176]","[3.781825818992123, 3.4236588481608266]","[1.8778174961517422, 1.2968948237735947]",0.0,0.38436317443847656,0.01310248078005344,0.01970061255755331
development_DiagReachK2_s186_W2_time_loo,DiagReachK2,186,W2,time_loo,8,full_PPO,True,True,True,True,False,1.5694524593865027,2.734512564246499,3.5295912918324275e-08,"[4.882529258728027, 3.6763672828674316]","[4.145162991496182, 3.67042821988631]","[1.1974150128811814, 1.5959854918977638]",0.0,0.3834528923034668,0.010498220648264413,0.019700614519668518
development_DiagReachK2_s186_W2_time_loo,DiagReachK2,186,W2,time_loo,9,old,True,False,True,True,False,0.5627436023400234,1.0696456863206236,-5.481221402684847e-08,"[4.176150798797607, 4.434609413146973]","[4.868594226098194, 4.337550705354827]","[1.3264374985652798, 1.4254587172708533]",0.0,0.38987183570861816,0.012769498462641547,0.019700606658465503
development_DiagReachK2_s186_W2_time_loo,DiagReachK2,186,W2,time_loo,10,joint_W2,True,True,True,True,False,0.5562543743570707,0.9252178626711854,-3.968986372152964e-08,"[3.7815871238708496, 3.3446707725524902]","[4.780426883406337, 3.723775859874044]","[1.3132596645333419, 1.2768248586914026]",0.0,0.37389421463012695,0.01787989308186092,0.01970061173379785
development_DiagReachK2_s186_W2_time_loo,DiagReachK2,186,W2,time_loo,11,old,True,False,True,True,False,0.9163662645778412,2.32548561924479,-3.8847792893648146e-08,"[5.058259010314941, 4.148404121398926]","[4.905306474644207, 3.8659199329525276]","[1.1419716026069424, 1.3818991348041156]",0.0,0.3822338581085205,0.016034016826096835,0.019700605768218717
development_DiagReachK2_s186_W2_time_loo,DiagReachK2,186,W2,time_loo,12,old,True,False,True,True,False,2.131317066351195,2.4803658262870276,-5.684948215881983e-08,"[5.445620059967041, 3.428863048553467]","[4.353664386607558, 2.9759459797197456]","[1.5466448024244397, 1.5962556133968144]",0.0,0.39530205726623535,0.016239502521459385,0.019700596852092505
development_DiagReachK2_s186_W2_time_loo,DiagReachK2,186,W2,time_loo,13,old,True,False,True,True,False,1.3000010563873936,2.149792040772034,4.6012185824414095e-08,"[5.058075904846191, 3.8199124336242676]","[4.648815844759781, 3.6294654762582748]","[1.2210245362005416, 1.035416825962822]",0.0,0.4409646987915039,0.016732951762774725,0.01970060524508723
development_DiagReachK2_s186_W2_time_loo,DiagReachK2,186,W2,time_loo,14,old,True,False,True,True,False,1.1123784082188986,1.6603998879421278,4.0607604508598645e-08,"[5.564652442932129, 3.853421449661255]","[5.540683349562114, 4.146291456648151]","[1.1580023829693795, 1.066994731015509]",0.0,0.4080929756164551,0.014367350597158272,0.019700602981407144
development_DiagReachK2_s186_W2_time_loo,DiagReachK2,186,W2,time_loo,15,full_PPO,True,True,True,True,False,0.8445612441923691,2.3041970939313363,1.6540676976243656e-08,"[5.294814109802246, 4.256035804748535]","[5.196586859058139, 2.9093738718601836]","[1.4569157862493591, 1.8137882441263735]",0.0,0.3769693374633789,0.013953860590275025,0.019700608883928585
development_DiagReachK2_s186_W2_time_loo,DiagReachK2,186,W2,time_loo,16,old,True,False,True,True,False,1.7660139443389227,2.4784120652436084,-1.2087790916363398e-08,"[4.988154411315918, 4.540673732757568]","[3.7693524998049486, 3.910824170887594]","[1.6280879803049177, 1.3452897282978782]",0.0,0.39850902557373047,0.016812559029234272,0.019700605149501598
development_DiagReachK2_s186_W2_time_loo,DiagReachK2,186,W2,time_loo,17,old,True,False,True,True,False,2.252094182738041,2.8142246005892035,-8.156833549340566e-08,"[5.37836217880249, 4.4914069175720215]","[4.258161192681858, 3.319435812044078]","[1.253127063620925, 1.3834305499484383]",0.0,0.3891918659210205,0.015974943331770537,0.01970060914555645
development_DiagReachK2_s186_W2_time_loo,DiagReachK2,186,W2,time_loo,18,old,True,False,True,True,False,1.1273809406730049,1.9264775736647022,-2.373902437587579e-08,"[5.4608073234558105, 4.059080123901367]","[4.979257356378219, 3.0001532994687694]","[0.8478708618787596, 1.3923754353144222]",0.0,0.4041099548339844,0.020837089507458596,0.01970060437864901
development_DiagReachK2_s186_W2_time_loo,DiagReachK2,186,W2,time_loo,19,joint_W2,True,True,True,True,False,0.5551626191547607,0.9116809712418619,8.050895606478056e-08,"[5.244396686553955, 4.165887832641602]","[5.333772463759391, 5.175895656752806]","[0.8809916366005605, 1.335392064009667]",0.0,0.40723133087158203,0.020931317921367622,0.019700605627986995
development_DiagReachK2_s186_W2_time_loo,DiagReachK2,186,W2,time_loo,20,full_PPO,True,True,True,True,False,0.38920193848761503,1.5777238147544457,-1.6740523278713228e-08,"[5.264466762542725, 4.891237735748291]","[5.041253428482666, 4.423182523171474]","[0.8856888639197478, 1.2536706321746043]",0.0,0.3992342948913574,0.014595651454799408,0.01970060701348729
development_DiagReachK2_s186_W2_time_loo,DiagReachK2,186,W2,time_loo,21,old,True,False,True,True,False,1.174705489924758,1.7245005424724744,-3.8067810237407684e-08,"[4.753304481506348, 5.782990455627441]","[4.550815323620583, 5.675277052028922]","[1.3227500017210536, 1.3325986816503763]",0.0,0.3809225559234619,0.016817721512370827,0.019700607058451912
development_DiagReachK2_s186_W2_time_loo,DiagReachK2,186,W2,time_loo,22,old,True,False,True,True,False,2.263189846402208,2.98118031175118,-1.3969838619232178e-09,"[5.3775315284729, 5.182250022888184]","[4.094093260475738, 4.406013323491054]","[1.4956982471525035, 1.2286585302410669]",0.0,0.41966700553894043,0.014915781204716407,0.0197006100699131
development_DiagReachK2_s186_W2_time_loo,DiagReachK2,186,W2,time_loo,23,old,True,False,True,True,False,1.4228510725142833,1.5456601091863245,-1.3015232980251312e-08,"[4.626093864440918, 5.150426387786865]","[5.415420136104725, 5.103530399133611]","[1.2981024421754113, 1.3467581015938122]",0.0,0.3904285430908203,0.022035885642694132,0.01970060836785114
development_DiagReachK2_s186_W2_time_loo,DiagReachK2,186,W2,time_loo,24,joint_W2,True,True,True,True,False,2.254029204619504,2.805297886714604,-4.6651499966780346e-08,"[4.754708290100098, 5.285186290740967]","[4.708900942086904, 5.348983953289961]","[1.496554945852942, 1.4254397205295852]",0.0,0.3980906009674072,0.020355462435925075,0.019700610116085298
development_DiagReachK2_s187_KL_cf_state,DiagReachK2,187,KL,cf_state,0,joint_KL,True,True,True,True,False,1.817375433738988,3.148136900540298,-0.08523620524637747,"[4.442942142486572, 3.63773775100708]","[3.5607872755542433, 4.067119928116761]","[2.2570801720787337, 1.9580201098468435]",0.004504319280385971,0.4239952564239502,0.010000000055558329,0.017247981676744784
development_DiagReachK2_s187_KL_cf_state,DiagReachK2,187,KL,cf_state,1,old,True,False,True,True,False,1.4173588198312401,2.7581805151230587,-0.021223428803946513,"[4.4289655685424805, 4.7466044425964355]","[3.0322394418771585, 3.784456784554843]","[2.739983684981432, 1.8610350941043707]",0.005089852958917618,0.3998405933380127,0.00999999942494174,0.020367384338217574
development_DiagReachK2_s187_KL_cf_state,DiagReachK2,187,KL,cf_state,2,old,True,False,True,True,False,1.6293149173087351,3.0029725603558677,0.02843344375328268,"[3.624995470046997, 3.6532464027404785]","[3.4674563767181854, 2.6574303707659412]","[1.8159973061820869, 2.029035738517193]",0.0041711051017045975,0.3951902389526367,0.010000000743536337,0.015171302567581035
development_DiagReachK2_s187_KL_cf_state,DiagReachK2,187,KL,cf_state,3,old,True,False,True,True,False,2.29865186087444,2.816471286019164,-0.0667514613683854,"[3.855043888092041, 3.7746665477752686]","[3.85254398951823, 3.5324132313137735]","[1.3860735551294998, 1.9831802706166675]",0.004369089379906654,0.4101440906524658,0.010000000883540146,0.015228622275114198
development_DiagReachK2_s187_KL_cf_state,DiagReachK2,187,KL,cf_state,4,full_PPO,True,True,True,True,False,1.171883329561143,2.580316320036277,-0.09433642223863034,"[4.650010108947754, 4.085371971130371]","[3.7742394317515453, 3.6721775267900565]","[2.1654274497028325, 1.5686896175046712]",0.0041359057649970055,0.42302656173706055,0.010000002057812008,0.018765015204668774
development_DiagReachK2_s187_KL_cf_state,DiagReachK2,187,KL,cf_state,5,full_PPO,False,False,True,True,False,0.5791595560803898,0.9978081503470657,-0.05623091642559961,"[4.007914066314697, 3.028872013092041]","[4.4316991177913305, 3.394848963721291]","[1.2794094214753908, 1.1269956752097665]",0.004423527978360653,0.4069633483886719,0.010000000922953788,0.016060837882326883
development_DiagReachK2_s187_KL_cf_state,DiagReachK2,187,KL,cf_state,6,old,True,False,True,True,False,1.6911546992366187,2.3868772991993197,-0.04745193779649858,"[4.836029529571533, 2.9132239818573]","[3.819858472705712, 2.325144701850125]","[1.9545493620970387, 1.675612007241372]",0.004416174255311489,0.4284381866455078,0.009999998826668587,0.017574494583007215
development_DiagReachK2_s187_KL_cf_state,DiagReachK2,187,KL,cf_state,7,full_PPO,True,True,True,True,False,1.6059351791981538,2.038753774780612,-0.09771455064688853,"[4.2942609786987305, 2.057952404022217]","[4.666446620825371, 1.3303815723827566]","[1.6904571012773222, 1.7756741464306323]",0.004175884649157524,0.40488171577453613,0.01000000048943319,0.024507240804202333
development_DiagReachK2_s187_KL_cf_state,DiagReachK2,187,KL,cf_state,8,old,True,False,True,True,False,1.498122397765669,2.406637586119023,-0.06639878776401995,"[5.634964942932129, 3.14456844329834]","[4.961583770252675, 3.286247249145379]","[2.3566214115571538, 1.063179742745814]",0.004413762129843235,0.3807346820831299,0.010000000729811942,0.015966150936466535
development_DiagReachK2_s187_KL_cf_state,DiagReachK2,187,KL,cf_state,9,joint_KL,True,True,True,True,False,0.6964325901127694,1.2992229458978741,-0.027989477500526536,"[4.727137088775635, 2.953904628753662]","[4.753300809125697, 3.818361244458239]","[1.7744288076888834, 1.706913388178081]",0.004228183068335056,0.39745330810546875,0.010000003322410475,0.027280196282827185
development_DiagReachK2_s187_KL_cf_state,DiagReachK2,187,KL,cf_state,10,old,True,False,True,True,False,33.758491486370104,36.63920106879989,-5.415332554724311,"[4.299217700958252, 4.456435680389404]","[3.905644565610869, 4.056612648765937]","[1.754431213730821, 1.8481890652227788]",0.004270507022738457,0.49503254890441895,0.009999999759715949,0.013317441679289565
development_DiagReachK2_s187_KL_cf_state,DiagReachK2,187,KL,cf_state,11,old,True,False,True,True,False,1.1046806347597697,2.0413707832330497,-0.04897395964611061,"[4.924921989440918, 3.809006452560425]","[4.4392412475601875, 4.17284634804494]","[2.0369191730379015, 1.5594125965198686]",0.004098101519048214,0.427868127822876,0.010000001071792195,0.019698486615677763
development_DiagReachK2_s187_KL_cf_state,DiagReachK2,187,KL,cf_state,12,old,True,False,True,True,False,4.084749033958694,5.079355039110629,-0.3955120592935583,"[5.503067970275879, 5.249775409698486]","[4.810313094578887, 5.003272876450003]","[1.84845054750015, 1.5413252734472929]",0.004574703052639961,0.48203158378601074,0.009999999292003087,0.02592967958158749
development_DiagReachK2_s187_KL_cf_state,DiagReachK2,187,KL,cf_state,13,old,True,False,True,True,False,0.9006354503368147,1.7608774881909313,-0.10663801635982269,"[4.570823669433594, 4.196897029876709]","[4.642593060359362, 4.581137034681259]","[1.856644544988758, 1.9237487755506435]",0.004166235215961933,0.39421629905700684,0.009999998902579015,0.02580107535109163
development_DiagReachK2_s187_KL_cf_state,DiagReachK2,187,KL,cf_state,14,full_PPO,True,True,True,True,False,3.5203717283494926,3.0682686864047564,0.217379292163858,"[4.495360374450684, 4.75569486618042]","[4.354513455056857, 5.277871888099247]","[1.3641248581347807, 2.024072703897807]",0.004226597957313061,0.449648380279541,0.009999999245905365,0.022373552352746337
development_DiagReachK2_s187_KL_cf_state,DiagReachK2,187,KL,cf_state,15,joint_KL,True,True,True,True,False,0.9932417271614622,1.1491307970220292,-0.004540090947511046,"[4.329955101013184, 3.3599674701690674]","[4.299971862653558, 3.8173341492204833]","[1.9801721608444378, 1.4779125113176839]",0.004487352445721626,0.44835972785949707,0.010000002343661444,0.02058822263487108
development_DiagReachK2_s187_KL_cf_state,DiagReachK2,187,KL,cf_state,16,old,True,False,True,True,False,1.377862928607477,3.115972068368577,-0.15723909589497204,"[4.982152462005615, 5.142748832702637]","[4.514177147565716, 4.771140320656217]","[1.43216992736664, 1.6350508066216523]",0.004220330156385899,0.4298524856567383,0.009999999385356046,0.01579149392460155
development_DiagReachK2_s187_KL_cf_state,DiagReachK2,187,KL,cf_state,17,old,True,False,True,True,False,0.5464208562743315,1.215904818475993,-0.029822492318564302,"[4.340904235839844, 5.176474571228027]","[4.606497898636229, 4.420478492257054]","[0.8803245018949556, 1.5117753550765884]",0.004183878190815449,0.40471744537353516,0.009999999004604984,0.01834903702218094
development_DiagReachK2_s187_KL_cf_state,DiagReachK2,187,KL,cf_state,18,old,True,False,True,True,False,0.6801876125436909,1.4981734806502747,-0.042484948045707724,"[4.602994918823242, 4.3260087966918945]","[4.476417293775434, 4.385540879152121]","[1.386981686263378, 1.739465325706807]",0.0043997252359986305,0.3786022663116455,0.010000002223133504,0.014001045440872452
development_DiagReachK2_s187_KL_cf_state,DiagReachK2,187,KL,cf_state,19,old,True,False,True,True,False,2.415762446528368,2.5071857624430054,-0.059954463316582114,"[5.247393608093262, 4.413848876953125]","[5.027580579650101, 4.656140489624811]","[1.7505908707263929, 1.4483244320142672]",0.004278725013136864,0.4226949214935303,0.010000000795245321,0.017201323481572314
development_DiagReachK2_s187_KL_cf_state,DiagReachK2,187,KL,cf_state,20,old,True,False,True,True,False,3.6795353955526524,4.586123480356932,-0.24440830343486417,"[5.038938522338867, 5.646049499511719]","[4.631207774080661, 4.562360116502122]","[1.8236629349536662, 1.6176651667085704]",0.004242312163114548,0.6042544841766357,0.010000003299693975,0.02068250823011548
development_DiagReachK2_s187_KL_cf_state,DiagReachK2,187,KL,cf_state,21,old,True,False,True,True,False,1.6516570366401004,3.071891848252052,-0.17700873253351163,"[5.338461875915527, 4.0734477043151855]","[4.99621729729128, 3.8249572427713527]","[1.619285319813779, 1.5043096531877047]",0.004364589229226112,0.5293014049530029,0.010000000107612202,0.01864416907233392
development_DiagReachK2_s187_KL_cf_state,DiagReachK2,187,KL,cf_state,22,joint_KL,True,True,True,True,False,0.9678315266494171,1.9789199819472534,-0.04657460327084779,"[5.314410209655762, 4.040997505187988]","[4.670143818574103, 4.7470394933569775]","[2.0093655150440184, 1.265348575954418]",0.0043923938646912575,0.3996765613555908,0.010000000281595504,0.01831212460710665
development_DiagReachK2_s187_KL_cf_state,DiagReachK2,187,KL,cf_state,23,old,True,False,True,True,False,1.9324805899508384,2.6907392053774633,-0.17111864332138182,"[4.5197272300720215, 5.72653865814209]","[4.10086180442478, 4.9576228928530215]","[1.6556823491963268, 1.923711036849793]",0.004214583896100521,0.4252207279205322,0.01000000311829923,0.020903023668279133
development_DiagReachK2_s187_KL_cf_state,DiagReachK2,187,KL,cf_state,24,old,True,False,True,True,False,0.9534522547666132,1.17632710021067,-0.03699317087208166,"[4.371568202972412, 4.969094276428223]","[4.882300018746613, 4.198804692887591]","[1.03895275564214, 1.3113663620818539]",0.004197499714791775,0.39323949813842773,0.009999998961034885,0.024304408864962667
development_DiagReachK2_s187_KL_time_loo,DiagReachK2,187,KL,time_loo,0,old,True,False,True,True,False,1.8949290516107609,3.1790752022734545,2.0562826345364252e-08,"[4.442942142486572, 3.63773775100708]","[3.3796757190070847, 3.804463118475291]","[2.2570801720787337, 1.9580201098468435]",0.0,0.76645827293396,0.009999998258337762,0.013704748787286718
development_DiagReachK2_s187_KL_time_loo,DiagReachK2,187,KL,time_loo,1,old,True,False,True,True,False,1.808288454042993,4.090872107770048,9.292270988225937e-08,"[4.434871196746826, 4.425499439239502]","[1.9870925164780444, 3.860031769485131]","[2.9391967352186157, 1.7649409325175947]",0.0,0.7179641723632812,0.00999999945574823,0.020610603539930977
development_DiagReachK2_s187_KL_time_loo,DiagReachK2,187,KL,time_loo,2,old,True,False,True,True,False,2.5273071411624954,3.1475052761023954,-9.701276818911234e-12,"[3.6314854621887207, 3.4088828563690186]","[4.030562708424548, 2.2949003760191515]","[1.907422177412459, 1.9800897449657533]",0.0,0.7643413543701172,0.009999998345555884,0.01939309685420803
development_DiagReachK2_s187_KL_time_loo,DiagReachK2,187,KL,time_loo,3,old,True,False,True,True,False,1.3448894127181124,2.8552455872708458,-1.9194461250056823e-08,"[3.9045894145965576, 3.5034966468811035]","[4.04092066219019, 2.8394369712479763]","[1.3546957551557244, 1.9524269446111289]",0.0,0.7647709846496582,0.009999998974558066,0.015035912019256045
development_DiagReachK2_s187_KL_time_loo,DiagReachK2,187,KL,time_loo,4,old,True,False,True,True,False,1.6908059272753224,3.043425098783502,5.25692788263162e-08,"[4.699217319488525, 3.7424674034118652]","[3.9604106267093253, 3.490056538138785]","[2.29564386753141, 1.479331096968758]",0.0,0.7536001205444336,0.009999999420459142,0.01656746999875951
development_DiagReachK2_s187_KL_time_loo,DiagReachK2,187,KL,time_loo,5,full_PPO,True,True,True,True,False,0.7087919011255427,1.0495445567694568,2.7889230599006017e-08,"[3.7765395641326904, 3.171602487564087]","[3.9073927402850073, 3.369657090466338]","[1.438721981984187, 1.1540182417456988]",0.0,0.7246332168579102,0.010000000995648234,0.01855099158002398
development_DiagReachK2_s187_KL_time_loo,DiagReachK2,187,KL,time_loo,6,old,True,False,True,True,False,2.7802450603420215,3.914941800371236,-5.8448252578576405e-08,"[3.4134202003479004, 4.429396629333496]","[2.4231085587613226, 3.899443307321268]","[1.9836772336454205, 2.20968639802183]",0.0,0.7587270736694336,0.010000000153803996,0.015911944900856907
development_DiagReachK2_s187_KL_time_loo,DiagReachK2,187,KL,time_loo,7,old,True,False,True,True,False,1.7568481484594252,3.8959712787295167,-3.695022314786911e-08,"[5.659701347351074, 4.079949855804443]","[5.177707086398551, 4.126458655991819]","[1.8549042425614655, 1.6069033328771565]",0.0,0.7155094146728516,0.01000000091005258,0.01449880954160589
development_DiagReachK2_s187_KL_time_loo,DiagReachK2,187,KL,time_loo,8,old,True,False,True,True,False,1.3366423709843251,3.187870001195264,2.3019189635912576e-08,"[4.432318687438965, 4.02801513671875]","[3.5446930244401567, 3.8736423907085253]","[2.219772427930422, 1.5462730368066864]",0.0,0.7981624603271484,0.01000000062932248,0.015050994070772003
development_DiagReachK2_s187_KL_time_loo,DiagReachK2,187,KL,time_loo,9,old,True,False,True,True,False,1.2593955337962162,3.3720634207495985,1.9701352963844934e-08,"[4.6132612228393555, 4.861440181732178]","[3.5729770583982225, 4.9226493391604915]","[2.684069431042332, 1.6205132698683693]",0.0,0.7737829685211182,0.010000000665558777,0.014227308667402287
development_DiagReachK2_s187_KL_time_loo,DiagReachK2,187,KL,time_loo,10,old,True,False,True,True,False,2.4046891274019595,4.362121372574923,-1.8129746119181314e-08,"[3.465266704559326, 4.596463203430176]","[2.4173283028599855, 4.500885003056305]","[2.0983696094266735, 1.7239152061615037]",0.0,0.7628569602966309,0.010000001243047563,0.015969156964988025
development_DiagReachK2_s187_KL_time_loo,DiagReachK2,187,KL,time_loo,11,old,True,False,True,True,False,1.3196216974381993,4.2819831485060815,2.483526865641276e-10,"[3.994403839111328, 4.538670063018799]","[2.994413740830166, 4.564420207965146]","[2.3811814660970514, 1.6595015433091893]",0.0,0.8025527000427246,0.009999998179449224,0.017105049419817987
development_DiagReachK2_s187_KL_time_loo,DiagReachK2,187,KL,time_loo,12,old,True,False,True,True,False,4.710377874433806,6.009601777290439,6.984919309616089e-08,"[5.732598304748535, 5.2489752769470215]","[4.322233499474993, 4.564511967799874]","[2.226528328018517, 1.5310027974659233]",0.0,0.5211474895477295,0.009999999803552796,0.016698733753207493
development_DiagReachK2_s187_KL_time_loo,DiagReachK2,187,KL,time_loo,13,old,True,False,True,True,False,1.6257876905760973,2.799940690624347,-4.36945507923762e-09,"[4.707367897033691, 4.171663761138916]","[4.506995390790484, 3.802522127506627]","[2.232498260291932, 1.8397739575432202]",0.0,0.4803807735443115,0.010000000093731417,0.018086140814745792
development_DiagReachK2_s187_KL_time_loo,DiagReachK2,187,KL,time_loo,14,old,True,False,True,True,False,0.5997710054369181,2.2954156320770887,5.344239374001821e-08,"[4.594721794128418, 4.755293846130371]","[4.0234029835810565, 5.999999871532699]","[1.6001105302491612, 2.0374532855983065]",0.0,0.47707033157348633,0.009999999061158728,0.015183179602146568
development_DiagReachK2_s187_KL_time_loo,DiagReachK2,187,KL,time_loo,15,old,True,False,True,True,False,2.9052009327408195,4.100028486613317,6.509944796562195e-08,"[4.892645359039307, 4.358517646789551]","[3.550742186383134, 3.8239668390886647]","[2.0983927937990066, 1.9875469526354332]",0.0,0.4451119899749756,0.009999998802059377,0.017416894446794593
development_DiagReachK2_s187_KL_time_loo,DiagReachK2,187,KL,time_loo,16,joint_KL,True,True,True,True,False,1.7648369188266577,3.088465409823384,2.960829685131709e-09,"[4.381603240966797, 3.938493251800537]","[3.4074616136323055, 4.162825116983546]","[2.368366436325251, 1.6528068723875338]",0.0,0.5048344135284424,0.009999999954211171,0.01646075279593689
development_DiagReachK2_s187_KL_time_loo,DiagReachK2,187,KL,time_loo,17,joint_KL,True,True,True,True,False,2.4017781280379147,3.499195064925051,4.262449995925029e-08,"[4.318899631500244, 5.653725624084473]","[4.114416084109009, 4.362955053758675]","[2.0605536065988432, 1.9523778033907824]",0.0,0.5310952663421631,0.010000002098242554,0.018231770390123848
development_DiagReachK2_s187_KL_time_loo,DiagReachK2,187,KL,time_loo,18,joint_KL,True,True,True,True,False,2.670117579626727,3.843977058763957,-7.683411240577698e-09,"[4.162600517272949, 3.330099582672119]","[3.1662052883164193, 3.118721123829095]","[2.0102376905833865, 1.3618764879847178]",0.0,0.46001195907592773,0.0100000007382127,0.013808338516945122
development_DiagReachK2_s187_KL_time_loo,DiagReachK2,187,KL,time_loo,19,old,True,False,True,True,False,3.911175889039945,4.583819393066938,-4.1622358063856764e-08,"[4.605663776397705, 4.468104362487793]","[3.2964664744656025, 4.242574555658028]","[2.438025051165575, 1.2271599486432079]",0.0,0.4753890037536621,0.009999999609588372,0.013350703649655637
development_DiagReachK2_s187_KL_time_loo,DiagReachK2,187,KL,time_loo,20,full_PPO,True,True,True,True,False,1.2598550040423089,2.180251954109311,-7.156098339085777e-08,"[3.825267791748047, 4.399136066436768]","[3.953962324747101, 3.66972300702084]","[1.5778261082580187, 1.6824300908522345]",0.0,0.43843626976013184,0.00999999985739118,0.0193861218386971
development_DiagReachK2_s187_KL_time_loo,DiagReachK2,187,KL,time_loo,21,joint_KL,True,True,True,True,False,0.8001890906200515,2.36772207723734,5.8766454458236696e-08,"[4.1385626792907715, 4.655928611755371]","[4.283064480753663, 4.2291817610608895]","[1.7616063410918947, 1.533456069467062]",0.0,0.4587831497192383,0.010000002566189475,0.011488541198363272
development_DiagReachK2_s187_KL_time_loo,DiagReachK2,187,KL,time_loo,22,old,True,False,True,True,False,0.7659855094755509,1.106635686533793,9.650830179452897e-09,"[4.222537040710449, 4.326816082000732]","[4.6149831429031405, 4.577702624171205]","[1.7096320285796296, 1.5661877957102563]",0.0,0.5127253532409668,0.010000000529220298,0.018974930029743656
development_DiagReachK2_s187_KL_time_loo,DiagReachK2,187,KL,time_loo,23,old,True,False,True,True,False,1.0799687591855907,2.4221065886441764,4.7357752919197084e-08,"[4.3055877685546875, 4.481797695159912]","[4.356678956703903, 4.20638084321436]","[1.670481810529992, 1.4770732320383908]",0.0,0.7976253032684326,0.010000000650587664,0.011750166253900986
development_DiagReachK2_s187_KL_time_loo,DiagReachK2,187,KL,time_loo,24,old,True,False,True,True,False,1.7570463047013027,2.69219027081026,4.4074840843677523e-08,"[4.597035884857178, 4.73483943939209]","[3.630327746589313, 4.22109017910866]","[1.6707053644188332, 1.7037334939077338]",0.0,0.8204290866851807,0.010000000183291021,0.0166083521126214
development_DiagReachK2_s187_W2_cf_state,DiagReachK2,187,W2,cf_state,0,joint_W2,True,True,True,True,False,1.6977258749621746,3.148136900540298,-0.08523620524637747,"[4.442942142486572, 3.63773775100708]","[3.6811511837398747, 3.9366302617945665]","[2.2570801720787337, 1.9580201098468435]",0.004498317837715149,0.39902520179748535,0.008132987205661395,0.013704750327621447
development_DiagReachK2_s187_W2_cf_state,DiagReachK2,187,W2,cf_state,1,old,True,False,True,True,False,1.1478519129829343,2.7549246558906275,-0.01837155159327651,"[4.440746784210205, 4.662572860717773]","[3.070125070813886, 3.917090256091362]","[2.7607777084172653, 1.8540675266179585]",0.004295882768929005,0.4222579002380371,0.006965656833928186,0.01370475095513873
development_DiagReachK2_s187_W2_cf_state,DiagReachK2,187,W2,cf_state,2,old,True,False,True,True,False,1.567951447680942,2.945684424405614,0.011560873156994516,"[3.6369316577911377, 3.5913567543029785]","[3.5106367949935793, 2.6764737741538047]","[1.8260150778517654, 2.0251134519519005]",0.004361933097243309,0.4258911609649658,0.009070438675433896,0.01370475229734897
development_DiagReachK2_s187_W2_cf_state,DiagReachK2,187,W2,cf_state,3,old,True,False,True,True,False,2.1016506467557705,2.763627923144059,-0.06679426769764812,"[3.877254009246826, 3.7018730640411377]","[3.9256313507896743, 3.4914122571875947]","[1.3774812253524766, 1.977037025717978]",0.004244652576744556,0.40932178497314453,0.008944493560282069,0.013704753516363256
development_DiagReachK2_s187_W2_cf_state,DiagReachK2,187,W2,cf_state,4,full_PPO,True,True,True,True,False,1.0405851797832582,2.5556237000205777,-0.10589681372394132,"[4.667607307434082, 4.010733604431152]","[3.9177622459699166, 3.6939076027368656]","[2.1783648261162174, 1.5605795916700085]",0.004291248507797718,0.36411523818969727,0.007541894703665255,0.013704752652902545
development_DiagReachK2_s187_W2_cf_state,DiagReachK2,187,W2,cf_state,5,old,True,False,True,True,False,0.5614683812956902,0.9933181517644228,-0.05549508550992163,"[4.038853645324707, 3.0489981174468994]","[4.481158571179725, 3.3679489652232233]","[1.2836460892059076, 1.1276435943032246]",0.004169179126620293,0.39131808280944824,0.008823907445272458,0.013704749467490156
development_DiagReachK2_s187_W2_cf_state,DiagReachK2,187,W2,cf_state,6,old,True,False,True,True,False,7.5839380053709275,12.455736394743548,0.7389324310928352,"[4.886042594909668, 2.9289538860321045]","[4.769160162294334, 2.95884384136682]","[1.946311628962195, 1.6753977641707045]",0.004127813503146172,0.419464111328125,0.006054754499128582,0.013704752729642592
development_DiagReachK2_s187_W2_cf_state,DiagReachK2,187,W2,cf_state,7,full_PPO,True,True,True,True,False,1.2980767379775873,2.025392299594853,-0.09597342417731432,"[4.360437870025635, 2.0732505321502686]","[4.542051548200852, 1.627105754997673]","[1.6874828633960195, 1.7714232792006002]",0.004219268448650837,0.41824769973754883,0.0056793130593356025,0.013704750119726711
development_DiagReachK2_s187_W2_cf_state,DiagReachK2,187,W2,cf_state,8,old,True,False,True,True,False,1.4012467274170437,2.4133519627892275,-0.06714061541863223,"[5.615405082702637, 3.17686128616333]","[5.072375743924556, 3.3084925031860535]","[2.3634856671720255, 1.058829348329109]",0.004196572117507458,0.3826138973236084,0.008100815127951435,0.013704751168711593
development_DiagReachK2_s187_W2_cf_state,DiagReachK2,187,W2,cf_state,9,joint_W2,True,True,True,True,False,0.5790949720879267,1.2839849693777219,-0.028441295456026933,"[4.703510761260986, 2.982173204421997]","[4.859526645667019, 3.474692064241063]","[1.7763134235150209, 1.7036738987368774]",0.004157346673309803,0.391695499420166,0.0065501595581862115,0.01370474945453182
development_DiagReachK2_s187_W2_cf_state,DiagReachK2,187,W2,cf_state,10,old,True,False,True,True,False,5.416001332192587,6.708815134396831,-1.0425653388376541,"[4.432197570800781, 4.1212286949157715]","[3.909719508006636, 4.030519599260845]","[1.7212494479612555, 1.7578644201676288]",0.004230380989611149,0.4364902973175049,0.0092636091214862,0.013704754676807688
development_DiagReachK2_s187_W2_cf_state,DiagReachK2,187,W2,cf_state,11,old,True,False,True,True,False,1.0355342101336897,2.159117671674121,-0.06624350355506424,"[5.063456058502197, 3.4466331005096436]","[4.836626125510294, 3.955231981502917]","[2.0110055081012934, 1.462479332487872]",0.004315667785704136,0.37381982803344727,0.007523884074564607,0.013704750166855092
development_DiagReachK2_s187_W2_cf_state,DiagReachK2,187,W2,cf_state,12,old,True,False,True,True,False,2.8731424242999224,4.953724012235966,-0.4233305039225407,"[5.638291835784912, 4.882053375244141]","[4.756423324716234, 4.494335797774072]","[1.843669971147664, 1.5261996795023374]",0.004200305789709091,0.514106273651123,0.0054170444251481365,0.013704753074607168
development_DiagReachK2_s187_W2_cf_state,DiagReachK2,187,W2,cf_state,13,joint_W2,True,True,True,True,False,0.824731751130086,1.8259896604780228,-0.10262507302579423,"[4.704913139343262, 3.8224239349365234]","[4.9124757290644565, 4.13423435937459]","[1.8807168281426918, 1.8316826173487524]",0.004168258048593998,0.3719310760498047,0.005825499969509063,0.013704751432614272
development_DiagReachK2_s187_W2_cf_state,DiagReachK2,187,W2,cf_state,14,full_PPO,True,True,True,True,False,1.110733901489303,1.8392638655678049,-0.14807047833017178,"[4.415280818939209, 4.535894870758057]","[4.23817478570259, 5.298584970082792]","[1.256406376636367, 1.9960759395244878]",0.004209446720778942,0.3697631359100342,0.008871066856672463,0.01370475184865879
development_DiagReachK2_s187_W2_cf_state,DiagReachK2,187,W2,cf_state,15,full_PPO,False,False,True,True,False,0.6508977430620035,1.051026912211926,0.004714224828869371,"[4.439613342285156, 3.5636496543884277]","[4.46480978476355, 3.6618114322009285]","[1.8166397885832841, 1.390557684854364]",0.004119927063584328,0.3807239532470703,0.007238215128372831,0.013704752399761787
development_DiagReachK2_s187_W2_cf_state,DiagReachK2,187,W2,cf_state,16,old,False,False,True,True,False,1.5704206849311582,2.882286905724345,-0.10176486477498842,"[5.268868446350098, 4.874117851257324]","[4.7229634175928386, 4.184765443647857]","[1.4182786641614331, 1.648079912168484]",0.004087340086698532,0.4056396484375,0.008297486866033632,0.013704751447717121
development_DiagReachK2_s187_W2_cf_state,DiagReachK2,187,W2,cf_state,17,old,True,False,True,True,False,0.6243424373307339,1.1759803787654746,-0.04133839372706128,"[4.639110565185547, 4.9463043212890625]","[4.811548017666012, 4.888096315393518]","[0.9067905003694537, 1.5322943891028709]",0.004103302024304867,0.37573981285095215,0.008499735755710594,0.013704751696980044
development_DiagReachK2_s187_W2_cf_state,DiagReachK2,187,W2,cf_state,18,joint_W2,False,False,True,True,False,0.7362947087089243,1.4820413789900462,-0.04298306879625524,"[4.858838081359863, 4.066933631896973]","[4.5803186392052035, 3.912931437485021]","[1.4491751227423377, 1.723595987373552]",0.004114239476621151,0.37791991233825684,0.00805960599278135,0.013704752458384461
development_DiagReachK2_s187_W2_cf_state,DiagReachK2,187,W2,cf_state,19,joint_W2,False,False,True,True,False,2.188587786427476,3.612810491977831,-0.13331531010205191,"[5.5398077964782715, 4.49399471282959]","[4.225682213642639, 4.3799781949984915]","[1.9991400866016549, 1.2242252039476864]",0.004271862097084522,0.4105236530303955,0.007152076171745098,0.01370474935351685
development_DiagReachK2_s187_W2_cf_state,DiagReachK2,187,W2,cf_state,20,joint_W2,True,True,True,True,False,0.7972031704396626,1.3992887405912515,-0.018310304317359315,"[5.374917030334473, 3.296239137649536]","[4.891802994807677, 3.692286641981567]","[1.3899796005825007, 1.081949352361587]",0.004157973453402519,0.37694430351257324,0.009157380480052105,0.013704753720935992
development_DiagReachK2_s187_W2_cf_state,DiagReachK2,187,W2,cf_state,21,old,True,False,True,True,False,1.550584568381146,2.135550398793316,-0.12502967735521012,"[4.900820732116699, 4.435947895050049]","[5.1177404924339776, 4.148809780700783]","[1.8619056004334216, 2.0680234964514237]",0.0057903192937374115,0.39168620109558105,0.00842658169459751,0.013704750814343932
development_DiagReachK2_s187_W2_cf_state,DiagReachK2,187,W2,cf_state,22,old,True,False,True,True,False,0.7071840055233165,1.1630597426146139,-0.03246083077414606,"[4.6254706382751465, 4.516111373901367]","[3.926744439328198, 4.401265991834423]","[1.6021736795583896, 1.0960711363218238]",0.004273880273103714,0.35948657989501953,0.007875781643490466,0.013704752041360041
development_DiagReachK2_s187_W2_cf_state,DiagReachK2,187,W2,cf_state,23,joint_W2,True,True,True,True,False,1.0813699536827113,1.7794829260008724,-0.06981721134470048,"[5.161971092224121, 5.033499717712402]","[5.427486254364186, 4.375483066354579]","[1.230081005638957, 1.3419666718519028]",0.004175120033323765,0.3678398132324219,0.007610240223711527,0.013704747840183691
development_DiagReachK2_s187_W2_cf_state,DiagReachK2,187,W2,cf_state,24,old,True,False,True,True,False,1.7351001515395488,2.5829817093863268,-0.2219355718466352,"[4.640960216522217, 4.774689674377441]","[4.706309629106301, 4.350027404103223]","[1.3823717991919935, 1.2376085790425817]",0.004343545064330101,0.40813255310058594,0.011167831395881015,0.013704748394742863
development_DiagReachK2_s187_W2_time_loo,DiagReachK2,187,W2,time_loo,0,old,True,False,True,True,False,1.9105440627538812,3.1790752022734545,2.0562826345364252e-08,"[4.442942142486572, 3.63773775100708]","[3.5463696984985806, 3.748632649708752]","[2.2570801720787337, 1.9580201098468435]",0.0,0.456881046295166,0.01044594364962775,0.013704751057670177
development_DiagReachK2_s187_W2_time_loo,DiagReachK2,187,W2,time_loo,1,old,True,False,True,True,False,1.569485352480272,4.090872107770048,9.292270988225937e-08,"[4.434871196746826, 4.425499439239502]","[2.4468948747252806, 3.905046435432775]","[2.9391967352186157, 1.7649409325175947]",0.0,0.6140961647033691,0.0068055583719582955,0.013704753529188195
development_DiagReachK2_s187_W2_time_loo,DiagReachK2,187,W2,time_loo,2,old,True,False,True,True,False,2.2881808569429807,3.1475052761023954,-9.701276818911234e-12,"[3.6314854621887207, 3.4088828563690186]","[3.7804246811767253, 2.509998029002744]","[1.907422177412459, 1.9800897449657533]",0.0,0.4682471752166748,0.00847371118428431,0.013704751438673774
development_DiagReachK2_s187_W2_time_loo,DiagReachK2,187,W2,time_loo,3,old,True,False,True,True,False,1.321141027771521,2.8552455872708458,-1.9194461250056823e-08,"[3.9045894145965576, 3.5034966468811035]","[4.034459643097819, 2.880428121873252]","[1.3546957551557244, 1.9524269446111289]",0.0,0.37825679779052734,0.009188523654235763,0.013704749347330332
development_DiagReachK2_s187_W2_time_loo,DiagReachK2,187,W2,time_loo,4,joint_W2,True,True,True,True,False,1.5590559746499508,3.043425098783502,5.25692788263162e-08,"[4.699217319488525, 3.7424674034118652]","[4.008105191907028, 3.523045544573415]","[2.29564386753141, 1.479331096968758]",0.0,0.49257493019104004,0.008340727058239378,0.013704750800181069
development_DiagReachK2_s187_W2_time_loo,DiagReachK2,187,W2,time_loo,5,full_PPO,True,True,True,True,False,0.5200018590182897,0.9911462907612648,3.447445730368296e-08,"[3.550934314727783, 3.0507864952087402]","[3.824538011739194, 3.189252417557156]","[1.307180890650267, 1.0761761825526703]",0.0,0.3760237693786621,0.007700631909767358,0.013704751321904997
development_DiagReachK2_s187_W2_time_loo,DiagReachK2,187,W2,time_loo,6,old,True,False,True,True,False,1.5403524289147819,3.759785001897741,3.692499982813994e-08,"[3.5150413513183594, 4.360586643218994]","[2.5910876847931297, 5.002565267843932]","[1.8562188615716537, 2.0667366627380344]",0.0,0.46383070945739746,0.0065682935504894815,0.01370475311476865
development_DiagReachK2_s187_W2_time_loo,DiagReachK2,187,W2,time_loo,7,old,True,False,True,True,False,1.9568352221360612,3.4636686254350644,6.543026150514682e-08,"[5.498040199279785, 4.10128116607666]","[4.751614068008004, 4.391067026050899]","[1.6692260660898466, 1.5783914331921742]",0.0,0.4320552349090576,0.007072806364071066,0.013704750669777608
development_DiagReachK2_s187_W2_time_loo,DiagReachK2,187,W2,time_loo,8,old,True,False,True,True,False,1.0727373538130656,2.828095850427641,-4.904189457496007e-08,"[4.344500541687012, 3.953735828399658]","[3.895779477505296, 4.124481490933339]","[2.0306529894522654, 1.5066203562188971]",0.0,0.4092597961425781,0.010048248466701985,0.013704749908580947
development_DiagReachK2_s187_W2_time_loo,DiagReachK2,187,W2,time_loo,9,joint_W2,True,True,True,True,False,1.6688136394484245,3.0340263815057766,-2.161444475253423e-08,"[4.510286808013916, 4.7399492263793945]","[3.7171439435430553, 4.356912705044019]","[2.510451011110053, 1.5365778186839365]",0.0,0.4215860366821289,0.008904807437586818,0.013704750906996825
development_DiagReachK2_s187_W2_time_loo,DiagReachK2,187,W2,time_loo,10,old,True,False,True,True,False,1.871744190280377,3.8586282748064047,3.864988684654236e-09,"[3.407754898071289, 4.70471715927124]","[2.9686226134845644, 4.739337126887846]","[1.9134889058083029, 1.4914351800044987]",0.0,0.38787126541137695,0.00916718671571718,0.013704751090119484
development_DiagReachK2_s187_W2_time_loo,DiagReachK2,187,W2,time_loo,11,old,True,False,True,True,False,0.7415333936785364,2.7855972697304026,7.986285102864106e-08,"[5.180362224578857, 3.4966845512390137]","[5.2184527668311596, 4.142235154793397]","[1.9231236767566688, 1.371276431427839]",0.0,0.4053006172180176,0.006319858623602173,0.013704748791309273
development_DiagReachK2_s187_W2_time_loo,DiagReachK2,187,W2,time_loo,12,old,True,False,True,True,False,2.3489654598211467,3.845581272199289,-3.745080903172493e-08,"[4.884184837341309, 4.784171104431152]","[3.8346141463638586, 4.594021072701967]","[2.375980338035824, 1.3914698558258454]",0.0,0.4654548168182373,0.008724432200579892,0.013704752334514757
development_DiagReachK2_s187_W2_time_loo,DiagReachK2,187,W2,time_loo,13,joint_W2,False,False,True,True,False,0.973429721090595,2.842407727722242,2.7858186513185502e-08,"[5.05377721786499, 3.673450469970703]","[5.330268042873785, 4.154211251806678]","[1.449576435241423, 1.5484426901116413]",0.0,0.5301539897918701,0.007073482147777276,0.013704752211034696
development_DiagReachK2_s187_W2_time_loo,DiagReachK2,187,W2,time_loo,14,old,True,False,True,True,False,1.273540955885,2.619239145586343,-2.5615251312653223e-08,"[3.343670606613159, 4.057008266448975]","[3.040577454738382, 3.884198090722611]","[1.6086159493665084, 1.4227613622917126]",0.0,0.40034055709838867,0.012640537367715794,0.013704750314432213
development_DiagReachK2_s187_W2_time_loo,DiagReachK2,187,W2,time_loo,15,old,True,False,True,True,False,0.701096865696755,1.3056526360166756,-4.575898249944051e-08,"[3.94122576713562, 3.76025390625]","[4.134469358260278, 4.146761649136561]","[2.158684448722114, 1.4461724273830159]",0.0,0.36902570724487305,0.006025054998893571,0.013704749301990306
development_DiagReachK2_s187_W2_time_loo,DiagReachK2,187,W2,time_loo,16,old,True,False,True,True,False,2.1734532975163554,4.081526845993507,-5.080364644527435e-08,"[4.696009635925293, 5.151821136474609]","[4.332354070424361, 4.3800959958003345]","[1.7256046888792391, 1.6545409544029568]",0.0,0.49747157096862793,0.007278778117015062,0.01370475695270151
development_DiagReachK2_s187_W2_time_loo,DiagReachK2,187,W2,time_loo,17,joint_W2,True,True,True,True,False,0.5728135995960544,1.2870964885994305,8.575443644076585e-09,"[3.8712258338928223, 5.060940742492676]","[3.8259695386750763, 4.78614182484883]","[1.1090551138492883, 1.4904780998331322]",0.0,0.4138953685760498,0.008301021707113264,0.013704751706288976
development_DiagReachK2_s187_W2_time_loo,DiagReachK2,187,W2,time_loo,18,old,True,False,True,True,False,1.5483458878157674,2.659075797586153,-6.521586328744889e-08,"[4.427412986755371, 4.473733425140381]","[4.543973505719969, 4.300358075689461]","[1.8652643730077554, 1.6393545916072734]",0.0,0.4361543655395508,0.008564946433176476,0.013704747380117914
development_DiagReachK2_s187_W2_time_loo,DiagReachK2,187,W2,time_loo,19,old,True,False,True,True,False,3.015814705895305,4.951414840696633,-5.376447613040606e-09,"[5.131980895996094, 4.840521812438965]","[3.806487137086004, 4.681119065604633]","[2.4126855748844775, 1.167896885509856]",0.0,0.4259982109069824,0.010322258490595449,0.013704749516576624
development_DiagReachK2_s187_W2_time_loo,DiagReachK2,187,W2,time_loo,20,old,True,False,True,True,False,1.366386785137705,2.98695880773343,-6.244517862796783e-08,"[4.351585388183594, 4.889193534851074]","[4.094343919203797, 4.468018487527242]","[1.5691913067790109, 1.5685797542260107]",0.0,0.4463210105895996,0.007264749057482365,0.013704753817208513
development_DiagReachK2_s187_W2_time_loo,DiagReachK2,187,W2,time_loo,21,old,True,False,True,True,False,1.2191146982615855,2.9896121116705365,-2.9041742285092672e-08,"[4.102754592895508, 4.8129119873046875]","[3.5880832044432225, 4.1270603951060485]","[1.9201311454762842, 1.591618616039467]",0.0,0.41002607345581055,0.00757170059281557,0.013704749282839206
development_DiagReachK2_s187_W2_time_loo,DiagReachK2,187,W2,time_loo,22,old,True,False,True,True,False,0.9678790894086328,1.423397014561987,-6.33221740523974e-08,"[3.9131367206573486, 4.551952362060547]","[3.556095981335443, 4.2561307533911235]","[1.9453752640588498, 1.63342150561423]",0.0,0.4150276184082031,0.008626960988855235,0.013704746838201857
development_DiagReachK2_s187_W2_time_loo,DiagReachK2,187,W2,time_loo,23,old,True,False,True,True,False,1.320418288661995,2.6972100035925903,5.6927092373371124e-08,"[4.037539482116699, 4.680858612060547]","[3.4769873707306638, 4.315758622378115]","[1.8988788885449033, 1.4897636307736069]",0.0,0.40168118476867676,0.0074316386579303595,0.013704752840516072
development_DiagReachK2_s187_W2_time_loo,DiagReachK2,187,W2,time_loo,24,old,True,False,True,True,False,1.199710218470464,2.9381115647991978,2.4777060995499295e-09,"[4.360432147979736, 4.876000881195068]","[3.941341352393275, 4.492433741593606]","[1.9434808113639965, 1.7318191191139454]",0.0,0.4154388904571533,0.007755995418027948,0.013704751652439007
development_DiagReachK3_s180_KL_cf_state,DiagReachK3,180,KL,cf_state,0,full_PPO,True,True,True,True,False,1.6776929364181943,2.2858958145653774,-0.2153539816335718,"[1.2264814376831055, 2.887852191925049, 2.8972878456115723]","[1.2267292220847859, 3.1335606676308356, 2.9941073288260123]","[1.3898310571073305, 1.7057761907688929, 2.831811412816766]",0.008369586430490017,1.099658489227295,0.010000000119630096,0.014478598711516244
development_DiagReachK3_s180_KL_cf_state,DiagReachK3,180,KL,cf_state,1,full_PPO,True,True,True,True,False,1.121743751219937,1.5748202277653716,-0.02656703793092272,"[2.3469161987304688, 3.286191940307617, 4.3901166915893555]","[2.8667989374413096, 3.562762692580798, 5.207346349106992]","[1.4054184740869147, 1.3347838130067236, 1.8870702160326314]",0.008084472268819809,0.971926212310791,0.009999998562732322,0.01337293940894509
development_DiagReachK3_s180_KL_cf_state,DiagReachK3,180,KL,cf_state,2,old,True,False,True,True,False,0.7084079612280322,1.5863985954948463,-0.0744388466556494,"[4.495903015136719, 3.8987574577331543, 7.250419616699219]","[5.90288918306111, 3.6289609206714144, 8.322574605136275]","[1.9139527288699818, 1.4700807890287646, 2.5398644267496886]",0.007879179902374744,0.9771287441253662,0.010000000602757906,0.01352457953410403
development_DiagReachK3_s180_KL_cf_state,DiagReachK3,180,KL,cf_state,3,joint_KL,True,True,True,True,False,1.8055306927462156,2.322071384828688,-0.00970166021185862,"[4.745136737823486, 3.2345309257507324, 6.614968299865723]","[4.12586078740676, 3.1890160460524815, 5.943711535377757]","[2.0980635596976924, 1.589825281371461, 3.1944076632548466]",0.008443454280495644,1.0407588481903076,0.010000001170752396,0.011684370864398698
development_DiagReachK3_s180_KL_cf_state,DiagReachK3,180,KL,cf_state,4,joint_KL,True,True,True,True,False,1.218926498391717,1.9523748099554834,-0.17175830056142438,"[3.736410617828369, 3.939976453781128, 6.501992702484131]","[4.703182090785329, 3.5474027676549515, 7.188618392168573]","[1.8642235593824383, 1.743925182246853, 2.747283509841518]",0.007945173420011997,0.9874334335327148,0.009999998973034534,0.013329329883400555
development_DiagReachK3_s180_KL_cf_state,DiagReachK3,180,KL,cf_state,5,full_PPO,False,False,True,True,False,1.3240164710591558,1.6853207755026856,-0.06457403015369585,"[4.839601516723633, 4.139765739440918, 7.882956027984619]","[5.672301828551718, 3.872584011943567, 8.455845874862879]","[1.8140037129344333, 1.8875534446783158, 2.6238253981523103]",0.008000635541975498,0.9262175559997559,0.009999999677980856,0.011914776769575676
development_DiagReachK3_s180_KL_cf_state,DiagReachK3,180,KL,cf_state,6,joint_KL,True,True,True,True,False,1.835654409064648,2.527343564388012,-0.2078575905906358,"[6.239756107330322, 4.894783973693848, 9.937335968017578]","[5.039112984046016, 5.430552448807759, 9.31038483447487]","[1.749247529705972, 1.6493282982351007, 2.1085694794841814]",0.008287672884762287,1.0272436141967773,0.010000000733662768,0.011277772957855389
development_DiagReachK3_s180_KL_cf_state,DiagReachK3,180,KL,cf_state,7,old,True,False,True,True,False,1.0066945976081567,1.4844344628582882,-0.10623559870732048,"[4.4279303550720215, 4.498455047607422, 7.739651679992676]","[4.619136199548432, 3.677107530490312, 7.144658808484208]","[1.2437005328783188, 1.7078996952910035, 2.3522170547542403]",0.008235774002969265,1.0214765071868896,0.010000002278124958,0.010815476044835074
development_DiagReachK3_s180_KL_cf_state,DiagReachK3,180,KL,cf_state,8,full_PPO,True,True,True,True,False,0.7643195466294779,1.1300305054316278,-0.043173255475107496,"[5.256532192230225, 4.451413154602051, 8.587759017944336]","[5.969696069871161, 4.862483735579527, 9.686017046185526]","[1.8407619440286485, 1.3461226089974647, 2.5817675189883698]",0.007338377647101879,0.9616775512695312,0.010000000748876662,0.012994594640813713
development_DiagReachK3_s180_KL_cf_state,DiagReachK3,180,KL,cf_state,9,old,True,False,True,True,False,0.7483016075726032,1.6778730681173046,-0.02551160932404589,"[4.781849384307861, 5.2442803382873535, 8.886919975280762]","[5.114390972819997, 4.76496267046763, 8.725708978724892]","[1.3993759284117715, 1.6382166568668621, 2.346583298997064]",0.008416702039539814,0.9645431041717529,0.010000000340733905,0.010395812624524678
development_DiagReachK3_s180_KL_cf_state,DiagReachK3,180,KL,cf_state,10,joint_KL,True,True,True,True,False,0.6610551339639034,1.1435505214245327,-0.09530254308352974,"[5.00827169418335, 5.435587406158447, 9.278295516967773]","[5.387136540990669, 5.501326562605925, 9.70659746814376]","[1.3224043985664258, 1.0695273898160327, 1.6020289344185712]",0.008354170247912407,0.9773657321929932,0.009999999399880471,0.008515399289968006
development_DiagReachK3_s180_KL_cf_state,DiagReachK3,180,KL,cf_state,11,old,True,False,True,True,False,1.2819171432634822,2.148718072176627,-0.05979451216612166,"[6.003026962280273, 5.629925727844238, 10.432816505432129]","[5.816139485325871, 4.816862468829711, 9.45023180670153]","[1.2014002325918605, 1.6805919332868304, 2.0762145448772387]",0.005005853250622749,0.7261407375335693,0.010000001044603364,0.009325702181996982
development_DiagReachK3_s180_KL_cf_state,DiagReachK3,180,KL,cf_state,12,old,True,False,True,True,False,2.0485354204161137,3.147922972946333,-0.30644540163331596,"[5.483550071716309, 4.816699504852295, 8.985692024230957]","[4.388309993950015, 5.41195448684619, 8.71415859706255]","[1.4601691813428797, 1.8204212885823703, 2.3400715916499277]",0.004835604690015316,0.5392210483551025,0.010000000987994287,0.00964484379389227
development_DiagReachK3_s180_KL_cf_state,DiagReachK3,180,KL,cf_state,13,full_PPO,True,True,True,True,False,0.6163597730641094,1.1161564977460443,-0.04590125832617133,"[4.741693496704102, 5.356970310211182, 8.882436752319336]","[4.755853564712157, 6.003485715035438, 9.542073590273652]","[1.6052143679175863, 1.4031516506935757, 2.0477741402859135]",0.004815913736820221,0.5674066543579102,0.010000002761008276,0.0103112529834034
development_DiagReachK3_s180_KL_cf_state,DiagReachK3,180,KL,cf_state,14,old,True,False,True,True,False,0.9571408459798866,2.2190166767791624,0.009277691550580395,"[6.307336330413818, 5.88327693939209, 11.011858940124512]","[6.380464277580731, 5.133807268703722, 10.352743834615824]","[0.9827185013772405, 1.5328460960008674, 1.914423566918987]",0.005105285905301571,0.5774054527282715,0.010000002416388853,0.010869154754985252
development_DiagReachK3_s180_KL_cf_state,DiagReachK3,180,KL,cf_state,15,old,True,False,True,True,False,2.042886769568338,2.4950061582046072,-0.07339149725345634,"[6.644738674163818, 6.064512729644775, 11.552610397338867]","[6.35799070244057, 5.336714493824723, 10.535767142835827]","[1.3261646220422765, 1.3945051416629517, 1.8325391636290551]",0.004724037833511829,0.5591039657592773,0.00999999966454944,0.010249185681271427
development_DiagReachK3_s180_KL_cf_state,DiagReachK3,180,KL,cf_state,16,joint_KL,False,False,True,True,False,1.7424766671796057,2.2040827527293265,-0.019577702633345847,"[6.699044704437256, 5.603462219238281, 11.123748779296875]","[6.030939392623787, 4.912413922065321, 9.737862121719079]","[1.0473221311320657, 1.3018825586134788, 1.9018316786685068]",0.004853586666285992,0.7599246501922607,0.009999997694471498,0.009040681657426159
development_DiagReachK3_s180_KL_cf_state,DiagReachK3,180,KL,cf_state,17,old,False,False,True,True,False,0.4768133612099673,0.8059102886323214,-0.01606928387345434,"[6.031210899353027, 5.316081523895264, 10.214628219604492]","[6.299840120361419, 5.050947293493555, 10.224629388186916]","[1.0513980175287987, 1.4924050926388799, 1.8646997284174998]",0.00480946060270071,0.5548176765441895,0.009999992660971856,0.009261298037685156
development_DiagReachK3_s180_KL_cf_state,DiagReachK3,180,KL,cf_state,18,old,False,False,True,True,False,1.191064092848651,1.8076508002556892,-0.12232497078574749,"[6.2047319412231445, 5.183245658874512, 10.134382247924805]","[5.807515531814419, 6.0162189300369455, 10.674063391970103]","[1.2234729249974172, 1.4800425245952489, 1.353834809083753]",0.004843750968575478,0.5340409278869629,0.00999999872566084,0.011616000489517709
development_DiagReachK3_s180_KL_cf_state,DiagReachK3,180,KL,cf_state,19,old,True,False,True,True,False,0.605640077682857,1.4493092882562428,-0.05611916225012732,"[6.195279121398926, 5.899366855621338, 10.970337867736816]","[5.985750596156313, 5.747088340708364, 10.611039727176859]","[1.125478873990274, 1.0669617674596397, 1.7257131986532224]",0.0047386931255459785,0.5861361026763916,0.010000000948411724,0.009384447390186157
development_DiagReachK3_s180_KL_cf_state,DiagReachK3,180,KL,cf_state,20,old,True,False,True,True,False,1.3999345274947381,2.443478578400895,-0.005863642359781914,"[6.481795310974121, 6.563518524169922, 11.858209609985352]","[6.105953943160168, 6.231719077576954, 11.173717771497618]","[1.2362365804845996, 1.3029092829805637, 1.829033964273709]",0.0050185564905405045,0.5715582370758057,0.009999999338362717,0.008704629225300674
development_DiagReachK3_s180_KL_cf_state,DiagReachK3,180,KL,cf_state,21,old,True,False,True,True,False,1.1069760077377462,2.5170496531904205,-0.011532140512549437,"[6.602777004241943, 6.307307720184326, 11.735989570617676]","[6.74597123223047, 5.894317619574915, 11.493160798607516]","[0.8223491370887658, 1.206672660697312, 1.5749063856132266]",0.004845333285629749,0.5748658180236816,0.009999996892448038,0.00878226836302242
development_DiagReachK3_s180_KL_cf_state,DiagReachK3,180,KL,cf_state,22,old,False,False,True,True,False,1.579217264171885,1.4436466662329628,0.006057598958741536,"[6.426580905914307, 5.30080509185791, 10.556961059570312]","[6.410433081359133, 4.924727367612484, 10.169006076866618]","[1.1601299781402783, 1.284292427701565, 1.6249828145233123]",0.00517616979777813,0.60750412940979,0.009999995358008107,0.008539468239475047
development_DiagReachK3_s180_KL_cf_state,DiagReachK3,180,KL,cf_state,23,old,False,False,True,True,False,3.373670631797439,5.112323513964861,-0.4122375177964702,"[6.1963701248168945, 6.138450622558594, 11.141462326049805]","[5.853071353445311, 6.004188360260903, 10.776903632829471]","[1.2628521190480064, 1.0969819914600119, 1.7411743919535134]",0.004976434633135796,0.6047310829162598,0.010000001712950854,0.009182445058535297
development_DiagReachK3_s180_KL_cf_state,DiagReachK3,180,KL,cf_state,24,old,True,False,True,True,False,1.5038367519667188,2.2029032351246016,-0.10230740579145035,"[5.73553991317749, 5.961881160736084, 10.520309448242188]","[5.145057524304287, 5.299314279081695, 9.269632466890691]","[0.7380175347079351, 1.2824013729028532, 1.7157479239437112]",0.005070795305073261,0.5683929920196533,0.010000000549017951,0.008390256897935858
development_DiagReachK3_s180_KL_time_loo,DiagReachK3,180,KL,time_loo,0,full_PPO,True,True,True,True,False,1.2325916201905793,1.6337425938574444,6.290307889382044e-09,"[1.2264814376831055, 2.887852191925049, 2.8972878456115723]","[2.0206400385375263, 3.988941330495529, 4.667801128898386]","[1.3898310571073305, 1.7057761907688929, 2.831811412816766]",0.0,0.6891744136810303,0.009999999824424049,0.014076899217701971
development_DiagReachK3_s180_KL_time_loo,DiagReachK3,180,KL,time_loo,1,full_PPO,True,True,True,True,False,0.9704565610634021,1.3892908358549494,-4.357813547054926e-09,"[2.3469161987304688, 3.286191940307617, 4.3901166915893555]","[2.9223496164099383, 3.730958659240857, 5.405022458663062]","[1.4054184740869147, 1.3347838130067236, 1.8870702160326314]",0.0,0.9208593368530273,0.009999997908209783,0.012752109228492483
development_DiagReachK3_s180_KL_time_loo,DiagReachK3,180,KL,time_loo,2,joint_KL,True,True,True,True,False,0.7030631271647868,1.7194385941573633,-2.133019734174013e-08,"[4.495903015136719, 3.8987574577331543, 7.250419616699219]","[5.264424169477116, 3.268360334253117, 7.334907313492534]","[1.9139527288699818, 1.4700807890287646, 2.5398644267496886]",0.0,0.6982262134552002,0.010000002877468538,0.012040119876092987
development_DiagReachK3_s180_KL_time_loo,DiagReachK3,180,KL,time_loo,3,old,True,False,True,True,False,1.785137041859901,3.8263811678819066,-4.3151279290517173e-08,"[5.227999687194824, 3.3138794898986816, 7.192396640777588]","[4.56055484292679, 2.3953633214235435, 5.571470819224684]","[2.0599463813044054, 1.5375477725631332, 3.144806174683844]",0.0,0.5584924221038818,0.009999999949058884,0.011817651300392865
development_DiagReachK3_s180_KL_time_loo,DiagReachK3,180,KL,time_loo,4,old,True,False,True,True,False,1.0952617955068331,1.671098551559935,-4.206473628679911e-08,"[4.580039024353027, 3.8994011878967285, 7.287905693054199]","[4.040385620799541, 3.524666319180918, 6.333308962973972]","[1.9905203756841394, 1.5690472129372024, 2.7920100659862386]",0.0,0.5888447761535645,0.010000000436134844,0.011822052891586535
development_DiagReachK3_s180_KL_time_loo,DiagReachK3,180,KL,time_loo,5,full_PPO,True,True,True,True,False,0.7021755701395465,2.0114037235565845,-5.6973658502101896e-08,"[4.919203281402588, 4.092785358428955, 7.8422064781188965]","[5.247578650072298, 3.8224007286717865, 7.7752486788637265]","[2.0522961205934895, 1.864388527956477, 2.798422215593568]",0.0,0.5898447036743164,0.010000002786882027,0.010841088905973437
development_DiagReachK3_s180_KL_time_loo,DiagReachK3,180,KL,time_loo,6,joint_KL,False,False,True,True,False,2.5081843062812577,4.0369816048413965,3.365178902943929e-08,"[6.58254861831665, 5.216516494750977, 10.60629940032959]","[5.930111037899702, 5.5371458124376645, 10.292936862824554]","[1.8436468419308516, 1.611194290916917, 2.217086380793282]",0.0,0.5627319812774658,0.009999999934165553,0.01251519890817551
development_DiagReachK3_s180_KL_time_loo,DiagReachK3,180,KL,time_loo,7,old,True,False,True,True,False,0.9648891755820891,2.1410471931493205,2.2685465713342032e-08,"[5.334358215332031, 4.470515251159668, 8.581258773803711]","[5.137270584288759, 3.8866100153655765, 7.82859612086931]","[1.307098856113914, 1.8048242954076437, 2.32587968187737]",0.0,0.5621509552001953,0.009999999761005325,0.015038396837964717
development_DiagReachK3_s180_KL_time_loo,DiagReachK3,180,KL,time_loo,8,old,True,False,True,True,False,1.3877190305008702,2.345895498603972,5.676459598665436e-08,"[5.2219367027282715, 4.24178409576416, 8.187278747558594]","[3.79924574661083, 4.325402271596473, 6.838682637383219]","[2.098752927620684, 1.1928655769434815, 2.565734326881164]",0.0,0.5570883750915527,0.009999999858287454,0.010877485657355105
development_DiagReachK3_s180_KL_time_loo,DiagReachK3,180,KL,time_loo,9,old,True,False,True,True,False,2.3024323422994333,5.101216598595686,-7.469207048416138e-08,"[5.8322954177856445, 4.343392372131348, 8.851348876953125]","[4.693541257248164, 3.624711705017595, 6.9434307703168665]","[2.2926836805404345, 2.0136531633469072, 3.1520818641278145]",0.0,0.6582522392272949,0.009999999213015805,0.011537697120167367
development_DiagReachK3_s180_KL_time_loo,DiagReachK3,180,KL,time_loo,10,joint_KL,True,True,True,True,False,0.9279447709221369,2.158725835613764,-4.95691589700679e-08,"[6.024222373962402, 4.103707790374756, 8.961148262023926]","[5.163358536995843, 4.4624896409631605, 8.516442877887595]","[1.7030062701194328, 1.665029382388023, 2.5247029710110938]",0.0,0.593735933303833,0.009999998330793706,0.012591563700066056
development_DiagReachK3_s180_KL_time_loo,DiagReachK3,180,KL,time_loo,11,old,True,False,True,True,False,0.5906763358220546,1.1030512071252017,2.215771625439326e-08,"[5.009243965148926, 3.995770215988159, 7.738077640533447]","[5.086403738653816, 3.6022110859039596, 7.45539297557727]","[1.4124313388290517, 1.6344947070373124, 2.462193234428664]",0.0,0.5184698104858398,0.010000003766400156,0.010700010182517115
development_DiagReachK3_s180_KL_time_loo,DiagReachK3,180,KL,time_loo,12,old,True,False,True,True,False,1.6554002147029663,2.02770074702135,-7.955046991507212e-09,"[5.232324123382568, 3.5183701515197754, 7.525296211242676]","[3.8796669687201217, 4.021459473785077, 6.621014127768438]","[2.065346417447785, 1.473415001863224, 2.5223606310751303]",0.0,0.5136258602142334,0.010000001545712456,0.013549809690586327
development_DiagReachK3_s180_KL_time_loo,DiagReachK3,180,KL,time_loo,13,old,True,False,True,True,False,2.5596209203877427,4.422152641857344,-2.998858690261841e-08,"[5.782277584075928, 5.0025858879089355, 9.558625221252441]","[5.061444499201998, 3.9476096148849065, 7.765381443457831]","[1.8504066409660462, 1.9769242050811977, 3.131958757316652]",0.0,0.962282657623291,0.009999999630742067,0.021179956374245013
development_DiagReachK3_s180_KL_time_loo,DiagReachK3,180,KL,time_loo,14,joint_KL,True,True,True,True,False,1.5458793812360367,1.3053221617688853,4.188768798485399e-09,"[4.5857768058776855, 4.379077911376953, 7.860224723815918]","[4.879334058818589, 4.44008254357866, 8.286768374281124]","[1.6169017398174348, 1.4516190472080936, 2.378676020040713]",0.0,0.6055185794830322,0.01000000021632624,0.011140690937509657
development_DiagReachK3_s180_KL_time_loo,DiagReachK3,180,KL,time_loo,15,joint_KL,True,True,True,True,False,1.3425188022483865,1.8691933449841651,-1.3100725482217968e-07,"[5.697246551513672, 4.63608980178833, 9.196253776550293]","[5.744801439229172, 5.111824602453311, 9.689154716054302]","[1.4815647916701133, 1.2824290361447341, 2.1853791860558154]",0.0,0.512531042098999,0.010000001870631903,0.012555634247278345
development_DiagReachK3_s180_KL_time_loo,DiagReachK3,180,KL,time_loo,16,old,True,False,True,True,False,2.1256995019616847,2.8911845469419823,3.676007812221845e-08,"[6.2865891456604, 5.00939416885376, 10.094724655151367]","[5.495161559181104, 4.641642240152949, 8.95943937372143]","[1.5087215323970333, 1.6870338732335737, 2.458201585504881]",0.0,0.5482749938964844,0.01000000267396456,0.013936287837216621
development_DiagReachK3_s180_KL_time_loo,DiagReachK3,180,KL,time_loo,17,old,True,False,True,True,False,4.926680960796724,5.852299409495656,3.259629011154175e-08,"[5.948705673217773, 5.160447597503662, 9.950014114379883]","[5.753711075395763, 4.564324327096338, 9.165097154498373]","[1.246896055757661, 1.7134877206701076, 2.2684384179738637]",0.0,0.5672752857208252,0.010000000001915409,0.01163365856677831
development_DiagReachK3_s180_KL_time_loo,DiagReachK3,180,KL,time_loo,18,old,True,False,True,True,False,2.2253830412445854,3.6485574077160354,-6.424573560555776e-08,"[6.008483409881592, 5.322232723236084, 10.227455139160156]","[5.044276229286927, 4.45115016157517, 8.359600032070372]","[1.5066066863255447, 1.8941449404835073, 2.8032016854980975]",0.0,0.5701255798339844,0.010000002202833964,0.016844161859787342
development_DiagReachK3_s180_KL_time_loo,DiagReachK3,180,KL,time_loo,19,full_PPO,True,True,True,True,False,1.073199102328194,1.6969442729037558,-1.721976635356744e-08,"[6.190103530883789, 4.420432090759277, 9.465423583984375]","[5.802491236539282, 4.430563388271913, 9.102701538870347]","[1.28504775538413, 1.0864451297309117, 1.8082718870441112]",0.0,0.5733740329742432,0.01000000009625015,0.00992356925136686
development_DiagReachK3_s180_KL_time_loo,DiagReachK3,180,KL,time_loo,20,old,True,False,True,True,False,2.7272812269475835,3.533409667206483,3.0772450069586434e-08,"[5.151220798492432, 4.659392833709717, 8.68266487121582]","[4.878642781354665, 3.62729410512959, 7.405386844087336]","[1.0864043290182674, 1.8231158404734096, 2.2717961713547967]",0.0,0.7943394184112549,0.009999999736614121,0.010983647229902305
development_DiagReachK3_s180_KL_time_loo,DiagReachK3,180,KL,time_loo,21,full_PPO,True,True,True,True,False,0.4409288535241022,0.8023753519750231,-1.3238289587510128e-07,"[5.056067943572998, 4.823718070983887, 8.661417961120605]","[5.275189379306819, 5.283340485543607, 9.42055181409931]","[1.0393752704195725, 1.3200760456277014, 1.7592672047890883]",0.0,0.5305886268615723,0.009999996424576172,0.011594595847414173
development_DiagReachK3_s180_KL_time_loo,DiagReachK3,180,KL,time_loo,22,joint_KL,False,False,True,True,False,1.090129093373291,2.1275562631077602,-7.72803711394469e-09,"[5.434084892272949, 4.369752407073975, 8.63864517211914]","[4.944769517300674, 4.269835860381506, 8.005223426316494]","[1.4806288291085563, 1.753629779402614, 2.756843944078537]",0.0,0.551161527633667,0.009999999989366657,0.012824348628302451
development_DiagReachK3_s180_KL_time_loo,DiagReachK3,180,KL,time_loo,23,old,True,False,True,True,False,2.061007396025551,2.923455019282947,-5.289136121670405e-08,"[6.225322723388672, 4.166684150695801, 9.260265350341797]","[5.509471763025626, 3.4599601688105595, 7.86386800226201]","[1.4498928396682926, 1.735220931948661, 2.2397078082265027]",0.0,0.5533573627471924,0.009999999615624418,0.01059382156491862
development_DiagReachK3_s180_KL_time_loo,DiagReachK3,180,KL,time_loo,24,old,True,False,True,True,False,0.8842539215472378,1.754675492183502,1.9227930655082066e-08,"[5.974605083465576, 5.4474687576293945, 10.32226276397705]","[5.455053340680353, 5.4213949920071824, 9.744783224944946]","[1.0119918992283288, 1.3291355326259153, 1.9375475330222152]",0.0,0.5703797340393066,0.009999997996264796,0.011820777245173367
development_DiagReachK3_s180_W2_cf_state,DiagReachK3,180,W2,cf_state,0,full_PPO,True,True,True,True,False,1.6924293269783628,2.2858958145653774,-0.2153539816335718,"[1.2264814376831055, 2.887852191925049, 2.8972878456115723]","[1.5818146073394688, 3.3860711531330336, 3.6049995653983276]","[1.3898310571073305, 1.7057761907688929, 2.831811412816766]",0.004969879984855652,0.5870311260223389,0.011653703124981636,0.01407689855802818
development_DiagReachK3_s180_W2_cf_state,DiagReachK3,180,W2,cf_state,1,full_PPO,True,True,True,True,False,1.1711008101706255,1.5748202277653716,-0.02656703793092272,"[2.3469161987304688, 3.286191940307617, 4.3901166915893555]","[2.9118073839085685, 3.5682313257550438, 5.226142002365981]","[1.4054184740869147, 1.3347838130067236, 1.8870702160326314]",0.00489739328622818,0.5331778526306152,0.011782150852735119,0.014076898932355631
development_DiagReachK3_s180_W2_cf_state,DiagReachK3,180,W2,cf_state,2,old,True,False,True,True,False,0.7378309379330548,1.5863985954948463,-0.0744388466556494,"[4.495903015136719, 3.8987574577331543, 7.250419616699219]","[6.327482154586332, 2.579462490998001, 7.589737365163345]","[1.9139527288699818, 1.4700807890287646, 2.5398644267496886]",0.0046838270500302315,0.5273840427398682,0.011773898963400812,0.01407690108788832
development_DiagReachK3_s180_W2_cf_state,DiagReachK3,180,W2,cf_state,3,joint_W2,True,True,True,True,False,1.9735310646980317,2.322071384828688,-0.00970166021185862,"[4.745136737823486, 3.2345309257507324, 6.614968299865723]","[4.088597557397563, 3.2463007392275376, 5.957308849066147]","[2.0980635596976924, 1.589825281371461, 3.1944076632548466]",0.004961563274264336,0.5798461437225342,0.012586699767216535,0.014076900615330287
development_DiagReachK3_s180_W2_cf_state,DiagReachK3,180,W2,cf_state,4,joint_W2,True,True,True,True,False,1.347553782875244,1.9957755855586934,-0.17586838260918727,"[3.727648973464966, 3.9589858055114746, 6.516461372375488]","[4.758772458364218, 3.536920975948588, 7.2560370713250935]","[1.8485878155441398, 1.7590981907268375, 2.7478164873621593]",0.005118082277476788,0.526369571685791,0.0115901499817897,0.01407690092055868
development_DiagReachK3_s180_W2_cf_state,DiagReachK3,180,W2,cf_state,5,full_PPO,True,True,True,True,False,1.4084579197223175,1.6573972368711976,-0.04718702381041441,"[4.827581882476807, 4.089869022369385, 7.833695411682129]","[5.8886251318542655, 4.011940452746233, 8.808217657594945]","[1.782059802832584, 1.8806967205217735, 2.6059780185850396]",0.00480559840798378,0.5128030776977539,0.013389599558644381,0.014076901213600251
development_DiagReachK3_s180_W2_cf_state,DiagReachK3,180,W2,cf_state,6,joint_W2,True,True,True,True,False,2.188614404455063,2.6794410339753543,-0.21253508854386557,"[6.699178218841553, 5.184508323669434, 10.697315216064453]","[5.6686623659930415, 5.8476410979574815, 10.369242557413676]","[1.5329981679097968, 1.5438809915759593, 1.8680328720194326]",0.0047762226313352585,0.525787353515625,0.017246595403863942,0.014076901408632481
development_DiagReachK3_s180_W2_cf_state,DiagReachK3,180,W2,cf_state,7,old,True,False,True,True,False,1.2466221814154874,1.6523707336161508,-0.12350102676097827,"[5.019864082336426, 4.777258396148682, 8.63420295715332]","[5.6165857487490705, 4.1862807907540445, 8.651492738993827]","[1.0812016789901369, 1.67106666217694, 2.1569334383592977]",0.004765704274177551,0.5575697422027588,0.016114669524331587,0.014076900924942237
development_DiagReachK3_s180_W2_cf_state,DiagReachK3,180,W2,cf_state,8,old,True,False,True,True,False,0.5571553165739723,0.9003680640352468,-0.004091725350723655,"[4.931776523590088, 4.496915340423584, 8.254765510559082]","[3.7549911272711407, 4.672339786911849, 7.229946076468135]","[1.6775489828351722, 1.1445143282682262, 2.0883659243220074]",0.004837374202907085,0.5209169387817383,0.014052704783342647,0.014076901682123083
development_DiagReachK3_s180_W2_cf_state,DiagReachK3,180,W2,cf_state,9,old,True,False,True,True,False,2.064508143564095,3.5459141095287627,-0.39884610709583923,"[5.551961421966553, 4.493349552154541, 8.790492057800293]","[4.60728194587235, 4.386358457847304, 7.731879672618824]","[1.7846384345764985, 1.8930973125493697, 2.8843300513421264]",0.004808093421161175,0.580446720123291,0.013400030016710106,0.014076898319383574
development_DiagReachK3_s180_W2_cf_state,DiagReachK3,180,W2,cf_state,10,old,True,False,True,True,False,0.8597483109102381,1.2286939483818486,-0.03760776844126422,"[5.193180561065674, 3.7444534301757812, 7.7996416091918945]","[5.1145430332257344, 4.703605681953673, 8.761786094850272]","[1.630714117692008, 1.6677354426328828, 2.660364087175442]",0.005594921298325062,0.5422072410583496,0.013325685604334577,0.014076901706534443
development_DiagReachK3_s180_W2_cf_state,DiagReachK3,180,W2,cf_state,11,old,True,False,True,True,False,4.607656605419568,4.121892100102904,-0.3243725637940882,"[5.361962795257568, 3.90962290763855, 8.165307998657227]","[4.641100287318138, 4.511206728876464, 7.9899429121695515]","[1.8977129316295307, 1.7258429885322113, 2.8526903482107424]",0.005176953040063381,0.6014750003814697,0.012824547570391455,0.014076901098831434
development_DiagReachK3_s180_W2_cf_state,DiagReachK3,180,W2,cf_state,12,joint_W2,True,True,True,True,False,0.6206094856152709,0.8733275588695674,-0.0438699018735497,"[4.72580623626709, 4.313845157623291, 7.916670799255371]","[5.547529960147575, 4.2588999435860115, 8.676941491920955]","[0.9864367171133035, 1.455208752152616, 1.8574858146134055]",0.004838450811803341,0.5506763458251953,0.013646072545457218,0.014076898806986886
development_DiagReachK3_s180_W2_cf_state,DiagReachK3,180,W2,cf_state,13,old,True,False,True,True,False,0.7834828655506721,1.1217347089318404,-0.0022845459984337296,"[5.877065658569336, 5.128347873687744, 9.923306465148926]","[5.136163809827202, 5.522883889548837, 9.568919365661129]","[1.4139767591498398, 1.2765438688629431, 2.087028469946904]",0.004951800219714642,0.6066725254058838,0.01878637135786067,0.014076900798623433
development_DiagReachK3_s180_W2_cf_state,DiagReachK3,180,W2,cf_state,14,old,True,False,True,True,False,0.6603678174548868,1.465548552808395,-0.11582511436840197,"[5.819345474243164, 4.283944129943848, 8.887540817260742]","[6.463729039200333, 3.7943212192004157, 9.034022095442118]","[1.4981728305253328, 1.4311266023668006, 2.2237631018896282]",0.004933422431349754,0.5324039459228516,0.014607421476467911,0.01407689994829999
development_DiagReachK3_s180_W2_cf_state,DiagReachK3,180,W2,cf_state,15,old,True,False,True,True,False,0.7822425612318533,1.7159062795273943,-0.0380779055879777,"[6.038031101226807, 4.617739677429199, 9.492022514343262]","[5.476827554939627, 4.899704042531899, 9.229884777014997]","[1.0116813141317145, 1.4583128305954884, 2.07198409975324]",0.004801432602107525,0.5367631912231445,0.011813791076698653,0.014076902651213833
development_DiagReachK3_s180_W2_cf_state,DiagReachK3,180,W2,cf_state,16,joint_W2,True,True,True,True,False,1.0832417409901485,1.2592874884242065,-0.04428759011384735,"[5.824925422668457, 4.676963806152344, 9.41958999633789]","[6.386324102306644, 5.467046965287695, 10.724779987591413]","[1.1220083556161158, 1.0020662249627508, 1.587245746325211]",0.004865461960434914,0.542335033416748,0.016569500553800263,0.014076897657697216
development_DiagReachK3_s180_W2_cf_state,DiagReachK3,180,W2,cf_state,17,old,True,False,True,True,False,0.8573818907747588,1.653962631002932,-0.034942166984397886,"[6.447683811187744, 5.13077449798584, 10.484504699707031]","[6.465693219673042, 4.493901747863793, 9.873844430648953]","[1.0567591658718236, 1.4006366718293395, 1.7722103711382913]",0.004820138216018677,0.5478343963623047,0.0136748474482841,0.014076897496231052
development_DiagReachK3_s180_W2_cf_state,DiagReachK3,180,W2,cf_state,18,joint_W2,False,False,True,True,False,0.5381352438949712,0.7024838635105431,0.008846966635568505,"[5.3972930908203125, 4.3769636154174805, 8.630210876464844]","[5.653727733057331, 5.161914559667212, 9.659873305880794]","[1.0118482537782518, 1.5008859166832476, 1.9802225295240612]",0.004850410856306553,0.554776668548584,0.014049063432416948,0.014076902307744506
development_DiagReachK3_s180_W2_cf_state,DiagReachK3,180,W2,cf_state,19,joint_W2,True,True,True,True,False,0.3857824263309623,0.6748874220195263,-0.02523580921460964,"[5.592690944671631, 4.346281051635742, 8.792643547058105]","[5.986561549987411, 4.354882093287741, 9.213924431303884]","[1.0034767324344862, 1.3035207364491235, 1.616101613325638]",0.004736864939332008,0.5783326625823975,0.01373334052282039,0.014076909198265373
development_DiagReachK3_s180_W2_cf_state,DiagReachK3,180,W2,cf_state,20,old,True,False,True,True,False,1.157905117668084,2.1797756686444276,-0.12605236570446074,"[5.91616678237915, 5.492356777191162, 10.26891040802002]","[5.281348481922263, 4.575708652725225, 8.706445535680885]","[1.3109786282955271, 1.1478515227962192, 1.5266561558705884]",0.004933725111186504,0.5853147506713867,0.014094509334184062,0.014076900792344527
development_DiagReachK3_s180_W2_cf_state,DiagReachK3,180,W2,cf_state,21,old,True,False,True,True,False,0.7171997827062767,1.590076419441359,-0.11815659274020798,"[5.859809398651123, 5.228570461273193, 9.979745864868164]","[5.75736489368995, 4.847053703045703, 9.489642337555075]","[0.9514647341586825, 1.1591543916876923, 1.5263606089125072]",0.005302739329636097,0.6260693073272705,0.014189107425110493,0.014076899952928957
development_DiagReachK3_s180_W2_cf_state,DiagReachK3,180,W2,cf_state,22,old,True,False,True,True,False,0.4179259918622524,1.027622547687699,-0.015460976961361153,"[5.750113487243652, 4.857494354248047, 9.477043151855469]","[5.88293930840713, 4.461645628546229, 9.21421038552073]","[1.2623725566025454, 1.3753031338691657, 1.98735470472295]",0.004974231123924255,0.6258602142333984,0.010385216154693363,0.014076900185411712
development_DiagReachK3_s180_W2_cf_state,DiagReachK3,180,W2,cf_state,23,old,True,False,True,True,False,1.6909793474769834,2.7987285622662847,0.03074846437506694,"[5.824977397918701, 5.3390936851501465, 10.013957977294922]","[5.873763828921518, 4.479728436837437, 9.179049040916805]","[1.1122464659851687, 1.497325623028608, 1.8354690507752722]",0.00476992130279541,0.5444281101226807,0.013591441766994115,0.014076894610289544
development_DiagReachK3_s180_W2_cf_state,DiagReachK3,180,W2,cf_state,24,old,True,False,True,True,False,3.0153701939310262,3.895110749784552,-0.27823211834789846,"[6.035292625427246, 5.796290397644043, 10.627218246459961]","[5.391762277192082, 5.793375169503147, 9.946383573610785]","[1.2680545736800244, 1.0682435307162987, 1.6157953977051087]",0.004929523915052414,0.598186731338501,0.012071154614215979,0.01407690347979747
development_DiagReachK3_s180_W2_time_loo,DiagReachK3,180,W2,time_loo,0,full_PPO,True,True,True,True,False,1.2333040713046295,1.6337425938574444,6.290307889382044e-09,"[1.2264814376831055, 2.887852191925049, 2.8972878456115723]","[2.039407989208063, 3.993036157151221, 4.6974335227941175]","[1.3898310571073305, 1.7057761907688929, 2.831811412816766]",0.0,0.6573386192321777,0.010028567390841557,0.014076903006996289
development_DiagReachK3_s180_W2_time_loo,DiagReachK3,180,W2,time_loo,1,full_PPO,True,True,True,True,False,1.046686673134576,1.3892908358549494,-4.357813547054926e-09,"[2.3469161987304688, 3.286191940307617, 4.3901166915893555]","[2.935523164595007, 3.704954985075437, 5.351707143426823]","[1.4054184740869147, 1.3347838130067236, 1.8870702160326314]",0.0,0.5707423686981201,0.013134028433248573,0.014076899444717387
development_DiagReachK3_s180_W2_time_loo,DiagReachK3,180,W2,time_loo,2,joint_W2,True,True,True,True,False,0.7545662959850447,1.7194385941573633,-2.133019734174013e-08,"[4.495903015136719, 3.8987574577331543, 7.250419616699219]","[5.328160795106577, 3.406809054803914, 7.555279267740314]","[1.9139527288699818, 1.4700807890287646, 2.5398644267496886]",0.0,0.6745309829711914,0.014214181037271366,0.01407689892362318
development_DiagReachK3_s180_W2_time_loo,DiagReachK3,180,W2,time_loo,3,old,True,False,True,True,False,1.997546794060969,3.618520550802956,1.1237959067026774e-08,"[5.148863792419434, 3.335831880569458, 7.150544166564941]","[4.533366561385911, 2.517712580613209, 5.691169382788283]","[2.0109332446193307, 1.5490191313277233, 3.139490385741484]",0.0,0.5551598072052002,0.013292202174797535,0.01407689645611438
development_DiagReachK3_s180_W2_time_loo,DiagReachK3,180,W2,time_loo,4,joint_W2,True,True,True,True,False,1.1659881928309188,1.5882587523552207,-8.806431045134863e-08,"[4.533877372741699, 3.9269537925720215, 7.277371406555176]","[3.7669798196145026, 3.3053097587340083, 5.860783979225937]","[1.9465075117774933, 1.5572779346508894, 2.784635079144223]",0.0,0.5217247009277344,0.012708784203398046,0.014076898143790944
development_DiagReachK3_s180_W2_time_loo,DiagReachK3,180,W2,time_loo,5,full_PPO,True,True,True,True,False,0.6039704085692148,2.1895537995754255,5.842515141315137e-08,"[5.214888572692871, 4.175436973571777, 8.214569091796875]","[5.315184405856874, 3.800361568639957, 7.902452669274937]","[2.0005401325639682, 1.6591176757539612, 2.751226838997956]",0.0,0.5415077209472656,0.010704934594925183,0.01407689595869212
development_DiagReachK3_s180_W2_time_loo,DiagReachK3,180,W2,time_loo,6,old,True,False,True,True,False,2.325148472499508,3.3035084155487753,5.289815211047729e-08,"[4.465350151062012, 4.621954917907715, 7.926368713378906]","[3.7717844665964346, 3.8747614978588905, 6.538063471094972]","[1.703193259711092, 1.3654388680847596, 2.772713734596931]",0.0,0.5271077156066895,0.02240651648050198,0.014076893716773608
development_DiagReachK3_s180_W2_time_loo,DiagReachK3,180,W2,time_loo,7,old,True,False,True,True,False,0.7018353332060185,1.8609017305151085,-1.5989644452929496e-08,"[4.601455211639404, 4.880434989929199, 8.256479263305664]","[4.284444396250292, 4.497469157358236, 7.680798000179308]","[1.3088652298085688, 1.698550223834169, 2.2952800452367876]",0.0,0.5290064811706543,0.013647650591737162,0.014076898805323868
development_DiagReachK3_s180_W2_time_loo,DiagReachK3,180,W2,time_loo,8,joint_W2,False,False,True,True,False,0.8553680387003446,1.7605710976841031,4.30824002251029e-08,"[4.529945373535156, 4.668290138244629, 7.878115177154541]","[4.1553719811169065, 4.918201794523283, 7.883670445936298]","[2.104505117590664, 1.1346162425826414, 2.594392653412269]",0.0,0.5102097988128662,0.012292632004625081,0.014076899852042071
development_DiagReachK3_s180_W2_time_loo,DiagReachK3,180,W2,time_loo,9,old,True,False,True,True,False,2.002335442627065,4.475148417461168,-2.7481776972611745e-08,"[5.178666114807129, 4.668255805969238, 8.529451370239258]","[4.188306965883898, 4.329956983708273, 7.201454211013075]","[2.205727251561446, 1.8709758439293236, 3.1146976307463734]",0.0,0.5615925788879395,0.011641724072086513,0.01407690045962314
development_DiagReachK3_s180_W2_time_loo,DiagReachK3,180,W2,time_loo,10,joint_W2,True,True,True,True,False,1.0851995503194,1.40788207288067,-4.960068811972936e-08,"[4.979758262634277, 4.003305912017822, 7.870042324066162]","[4.9701382566791334, 4.8837909131582045, 8.743757432178791]","[1.9312091285831599, 1.6739766375331175, 2.7324014164231873]",0.0,0.5496616363525391,0.013966649020387118,0.014076903761083111
development_DiagReachK3_s180_W2_time_loo,DiagReachK3,180,W2,time_loo,11,old,True,False,True,True,False,1.37683262983447,2.386741431177853,1.4319084584712982e-08,"[5.331189155578613, 5.241884708404541, 9.345003128051758]","[5.523240008528675, 4.205915655618491, 8.564878812402748]","[1.4562511920868695, 1.7756538080033144, 2.380643668427741]",0.0,0.5433084964752197,0.011807896436961627,0.014076897500989234
development_DiagReachK3_s180_W2_time_loo,DiagReachK3,180,W2,time_loo,12,joint_W2,True,True,True,True,False,0.4552434407631777,0.7396292291811745,1.328221211830775e-07,"[3.9557716846466064, 4.523866653442383, 7.270440578460693]","[4.635348937806388, 4.647519008465409, 8.14193525088135]","[1.2280477075414815, 1.1138684542365302, 1.7394377199985762]",0.0,0.5645546913146973,0.013810222615319863,0.014076906486663064
development_DiagReachK3_s180_W2_time_loo,DiagReachK3,180,W2,time_loo,13,full_PPO,True,True,True,True,False,0.5717534556026846,0.8948093309919462,3.0904387434323626e-08,"[5.222489356994629, 4.202744960784912, 8.258033752441406]","[5.191663290581267, 4.610346270612237, 8.658545850195983]","[1.256975324441221, 1.5432765996858213, 2.212067304620387]",0.0,0.5424866676330566,0.01133191429934722,0.01407690147602126
development_DiagReachK3_s180_W2_time_loo,DiagReachK3,180,W2,time_loo,14,old,True,False,True,True,False,1.9849380967723769,2.3828321900630924,-5.5782341708739596e-09,"[4.673698902130127, 5.290059566497803, 8.660313606262207]","[3.042571667941234, 5.562181755666594, 7.247550747814621]","[2.0055287287270724, 1.2747538428167644, 2.619847287929595]",0.0,0.6324515342712402,0.019179083344762402,0.014076902216131828
development_DiagReachK3_s180_W2_time_loo,DiagReachK3,180,W2,time_loo,15,old,True,False,True,True,False,1.0353919604836543,2.1619966277116194,-6.232100228468577e-09,"[5.894398212432861, 5.51062536239624, 10.21200942993164]","[5.433679968570409, 5.072610056145623, 9.296309089761115]","[1.3278011404397172, 1.379105177943329, 1.854836365346435]",0.0,0.5821616649627686,0.01158766511967998,0.014076899951339322
development_DiagReachK3_s180_W2_time_loo,DiagReachK3,180,W2,time_loo,16,old,True,False,True,True,False,0.6023070297625683,1.3382875551364215,-1.3411045074462891e-08,"[5.393462181091309, 5.159130096435547, 9.253374099731445]","[5.139631302676992, 5.485719239191916, 9.361466399001689]","[1.1028008108179552, 1.537117895175592, 2.1484682524824827]",0.0,0.5737528800964355,0.01565025585728511,0.014076901841917866
development_DiagReachK3_s180_W2_time_loo,DiagReachK3,180,W2,time_loo,17,old,True,False,True,True,False,2.271144795595654,3.013143982015493,-9.604846127331256e-08,"[5.114368915557861, 5.627600193023682, 9.525178909301758]","[5.295430269990416, 4.997142315867315, 9.199266722265955]","[1.6027937199855558, 1.4532935590581377, 2.3268502619691342]",0.0,0.6039631366729736,0.01248064444509926,0.01407689373735596
development_DiagReachK3_s180_W2_time_loo,DiagReachK3,180,W2,time_loo,18,joint_W2,True,True,True,True,False,1.9618640664274196,2.7407670129738904,-3.1542731449007987e-08,"[5.525716781616211, 5.659287452697754, 9.99229621887207]","[5.668471658875804, 4.434891616324429, 8.943771630643367]","[1.045422832608139, 1.8305186163316596, 1.9486173173307593]",0.0,0.6039226055145264,0.013513250586465445,0.014076905487133171
development_DiagReachK3_s180_W2_time_loo,DiagReachK3,180,W2,time_loo,19,old,True,False,True,True,False,1.3377803962986436,2.083768026826665,6.011687219142914e-08,"[6.05681037902832, 5.264920234680176, 10.191492080688477]","[5.564269116294634, 5.357231902306711, 9.724909608372867]","[1.049287159086282, 1.1377468996072646, 1.4280103423360047]",0.0,0.5745329856872559,0.010515287221614872,0.014076901601841193
development_DiagReachK3_s180_W2_time_loo,DiagReachK3,180,W2,time_loo,20,joint_W2,False,False,True,True,False,0.6324195103208465,2.2414591848287206,-1.936047434962044e-08,"[5.098940372467041, 5.205901145935059, 9.149232864379883]","[4.774114512082092, 5.576319714405642, 9.184008108226832]","[1.3216234306998917, 1.2966186147037502, 2.0552054356417924]",0.0,0.7336900234222412,0.014005614907069695,0.014076894382903948
development_DiagReachK3_s180_W2_time_loo,DiagReachK3,180,W2,time_loo,21,old,True,False,True,True,False,0.9996943589676359,2.1573539545161946,5.2310254735251265e-08,"[6.017346382141113, 4.441461086273193, 9.326416015625]","[4.835436996716842, 3.867709960860879, 7.6950028774854]","[1.1989141049268413, 1.340512549210736, 1.9366540672375365]",0.0,0.585399866104126,0.01170977196358322,0.014076899293790412
development_DiagReachK3_s180_W2_time_loo,DiagReachK3,180,W2,time_loo,22,old,True,False,True,True,False,0.7537124604953004,1.0995532342255343,1.0980584193021059e-07,"[5.3252410888671875, 4.4188127517700195, 8.660873413085938]","[5.317449277099914, 4.646622900435317, 8.845491196554459]","[1.4861843425556456, 1.2456357595079612, 1.9972201353163657]",0.0,0.5270652770996094,0.012531288822243252,0.014076900347383363
development_DiagReachK3_s180_W2_time_loo,DiagReachK3,180,W2,time_loo,23,full_PPO,True,True,True,True,False,1.2693529808284825,1.9426266877056353,4.7862219313780466e-08,"[5.9797868728637695, 5.050626277923584, 9.928434371948242]","[5.479944367049934, 4.692849513575935, 9.065479356130187]","[1.4450134385157944, 1.4457006173438773, 2.3175830515043843]",0.0,0.5702924728393555,0.026878735776162614,0.014076895505034577
development_DiagReachK3_s180_W2_time_loo,DiagReachK3,180,W2,time_loo,24,old,True,False,True,True,False,0.5278976175170668,1.1373855342856478,-1.4355949436624844e-08,"[5.561214447021484, 4.740460395812988, 9.117243766784668]","[5.690408686646861, 5.094649471290033, 9.594501968277385]","[0.9537004808034993, 1.0099865427340793, 1.4526631087022228]",0.0,0.5549917221069336,0.01562889513360384,0.014076898530750106
development_DiagReachK3_s186_KL_cf_state,DiagReachK3,186,KL,cf_state,0,full_PPO,True,True,True,True,False,1.7845572399932546,2.338087632434695,-0.14512518714453027,"[5.587384223937988, 1.1736201047897339, 4.714179992675781]","[6.490508194822614, 1.6423327466657112, 6.20580110899454]","[2.311484847453264, 1.0648511428217053, 2.5621950249943564]",0.005049209110438824,0.6082823276519775,0.010000000012492972,0.020953558388368668
development_DiagReachK3_s186_KL_cf_state,DiagReachK3,186,KL,cf_state,1,joint_KL,True,True,True,True,False,1.1694572302341109,1.9559272289131713,-0.07619977773418156,"[4.790313720703125, 2.3940582275390625, 5.922368049621582]","[5.507446409751846, 3.188127330778116, 7.474065334455291]","[2.1087065821233937, 1.697834100880981, 2.9952022337754935]",0.004747922532260418,0.5413999557495117,0.010000001501754778,0.01846870578788174
development_DiagReachK3_s186_KL_cf_state,DiagReachK3,186,KL,cf_state,2,full_PPO,True,True,True,True,False,2.140917173593144,2.9470988400292377,-0.12242816927055793,"[5.173523426055908, 2.4478588104248047, 6.320990562438965]","[4.814453377077653, 2.844602270985902, 6.427339979728124]","[1.9442992834604003, 1.5057910482891292, 3.2266886369073116]",0.004804329015314579,1.0594570636749268,0.010000000188803137,0.01728464262229398
development_DiagReachK3_s186_KL_cf_state,DiagReachK3,186,KL,cf_state,3,full_PPO,True,True,True,True,False,0.6978149091063046,1.433610536474298,-0.049831641984481916,"[5.843941688537598, 4.732242107391357, 9.29560375213623]","[6.338833918556624, 4.369118548539037, 9.455614680145338]","[1.5866274272331213, 1.7434009020482053, 2.7303286357099728]",0.0055576227605342865,0.5994367599487305,0.010000001570201054,0.013252395990877807
development_DiagReachK3_s186_KL_cf_state,DiagReachK3,186,KL,cf_state,4,old,True,False,True,True,False,1.8997863284967853,3.693702204849546,-0.38857203860455714,"[6.63360595703125, 4.424419403076172, 9.702539443969727]","[6.185142062368256, 3.444985115915414, 8.195685610600886]","[1.4855775547251142, 1.800993285683731, 2.8380531747736386]",0.004983885213732719,0.5578320026397705,0.00999999960484969,0.010729199992726542
development_DiagReachK3_s186_KL_cf_state,DiagReachK3,186,KL,cf_state,5,old,True,False,True,True,False,0.6472671363840801,1.0110440529765128,-0.03037207252052315,"[5.760469913482666, 3.4654641151428223, 7.912505149841309]","[6.138119549945703, 4.087148331799809, 8.971663338535983]","[1.3730384059250003, 1.4105593906872549, 2.373721116666914]",0.004978299140930176,0.612058162689209,0.010000003844717621,0.013984513333479338
development_DiagReachK3_s186_KL_cf_state,DiagReachK3,186,KL,cf_state,6,old,True,False,True,True,False,0.6953451406027182,1.8013586922314424,-0.04978319514542789,"[5.957963943481445, 3.7693724632263184, 8.44212532043457]","[5.943362416301874, 3.6301588229655186, 8.288357726230716]","[1.2153912053299203, 1.7999623163402996, 2.5845153737268216]",0.005264991894364357,0.5888411998748779,0.009999999269347075,0.011724302796386308
development_DiagReachK3_s186_KL_cf_state,DiagReachK3,186,KL,cf_state,7,old,True,False,True,True,False,1.3821322828508862,2.351054895549324,-0.09477090148665422,"[6.860703945159912, 4.750170707702637, 10.441749572753906]","[6.432765977311664, 4.559989164561238, 9.825434711106778]","[1.5832525900233732, 1.1873480260425058, 2.052063696279387]",0.005121705122292042,0.619626522064209,0.00999999773542553,0.011472535567030658
development_DiagReachK3_s186_KL_cf_state,DiagReachK3,186,KL,cf_state,8,old,True,False,True,True,False,2.5820945940630295,4.116061383177271,-0.13615006536754232,"[6.7832441329956055, 4.839715003967285, 10.328485488891602]","[6.35260222376869, 4.42491813373106, 9.451394036604833]","[1.5321672133369415, 2.026596088442829, 3.0924694226175276]",0.004820381291210651,0.555689811706543,0.009999998368880766,0.012030342999599186
development_DiagReachK3_s186_KL_cf_state,DiagReachK3,186,KL,cf_state,9,old,True,False,True,True,False,2.345663602885604,3.412789229589871,-0.05870535811864741,"[6.353758811950684, 5.610147476196289, 10.753934860229492]","[5.506851663735446, 4.801560037425434, 9.119393904239962]","[1.797372661237789, 1.758533260065027, 2.9571811239160954]",0.005025097168982029,0.5653560161590576,0.009999999991538411,0.01446737468774106
development_DiagReachK3_s186_KL_cf_state,DiagReachK3,186,KL,cf_state,10,old,True,False,True,True,False,16.73821765467202,16.115218827925442,1.5302023125323834,"[6.006609916687012, 3.9689345359802246, 8.708809852600098]","[5.740978942795253, 4.061757108995272, 8.552002747281923]","[1.5611836972852597, 1.5103649474886345, 2.648472354337989]",0.005032991990447044,0.6404821872711182,0.010000000734646842,0.010336414071102185
development_DiagReachK3_s186_KL_cf_state,DiagReachK3,186,KL,cf_state,11,old,True,False,True,True,False,0.655757608206043,1.1703944415895895,-0.03451529490770473,"[6.271014213562012, 4.168210506439209, 9.24958610534668]","[6.062631054639128, 4.810962484338468, 9.72131865501374]","[1.3049256060055736, 1.4553150057939959, 2.217387605840589]",0.004961121827363968,0.6690971851348877,0.010000000102194961,0.015109985318426363
development_DiagReachK3_s186_KL_cf_state,DiagReachK3,186,KL,cf_state,12,joint_KL,False,False,True,True,False,2.4626327936920647,3.5208158198874147,-0.14618917352721877,"[5.602005958557129, 4.944377422332764, 9.431264877319336]","[6.123699418659036, 4.6019217709100095, 9.60482693365792]","[1.61704140185612, 1.783000494562384, 3.1292827729359844]",0.004847615025937557,0.6100506782531738,0.009999999568070982,0.01499989830381755
development_DiagReachK3_s186_KL_cf_state,DiagReachK3,186,KL,cf_state,13,old,True,False,True,True,False,1.3556717247151522,2.3787187639597573,-0.22238561708036134,"[5.913418292999268, 3.978456974029541, 8.69053840637207]","[5.388522801588955, 3.7707016406960063, 7.977725732829504]","[1.4850733849465134, 1.38648122011443, 2.408991266630165]",0.0048492299392819405,0.5208578109741211,0.010000002538203968,0.010338459857118116
development_DiagReachK3_s186_KL_cf_state,DiagReachK3,186,KL,cf_state,14,old,True,False,True,True,False,1.5507383391618934,3.2974999529494937,-0.27966976520964165,"[5.554806709289551, 4.3246965408325195, 8.722179412841797]","[5.433158285906343, 4.345374919201743, 8.672932131848448]","[1.7371443131376494, 1.8339451411363263, 3.2888977616955475]",0.004820259287953377,0.4979424476623535,0.009999998815715335,0.01582640548040066
development_DiagReachK3_s186_KL_cf_state,DiagReachK3,186,KL,cf_state,15,old,True,False,True,True,False,2.650474406449656,4.3036474805401195,-0.07174464022621173,"[7.194083213806152, 4.652807712554932, 10.634620666503906]","[6.8807270821455715, 3.5070406319912077, 9.171645628486552]","[1.3671042971396512, 1.976207008607027, 2.589758947201072]",0.005161280743777752,0.6438665390014648,0.009999997164860405,0.011626220515775783
development_DiagReachK3_s186_KL_cf_state,DiagReachK3,186,KL,cf_state,16,full_PPO,True,True,True,True,False,0.5693127637745715,1.444930519399503,-0.0992608140269561,"[6.1557135581970215, 4.312638759613037, 9.318379402160645]","[5.91224260883556, 4.6471039237446385, 9.384695784791983]","[1.2718735157846612, 1.3877615169768733, 2.0815872689539527]",0.0050171418115496635,0.6268072128295898,0.009999999684931692,0.012967440951822506
development_DiagReachK3_s186_KL_cf_state,DiagReachK3,186,KL,cf_state,17,old,True,False,True,True,False,1.6078947377474448,2.799503031605544,-0.021893546377821795,"[6.256325721740723, 5.1126580238342285, 10.043844223022461]","[6.405770179244517, 5.882231805172572, 11.064969265956679]","[1.4417638581562304, 2.0813733056396124, 3.0584211325369446]",0.0055037206038832664,0.527860164642334,0.01000000163232634,0.013983032044552736
development_DiagReachK3_s186_KL_cf_state,DiagReachK3,186,KL,cf_state,18,old,True,False,True,True,False,0.9186962284163428,1.9339262049727053,0.04874021617581047,"[6.0247979164123535, 4.422393798828125, 9.0699462890625]","[5.95857068454586, 4.290366030146745, 8.953395759685206]","[1.4189718716347646, 1.4525863834974877, 2.316285987744268]",0.004859667271375656,0.5548486709594727,0.009999999696542224,0.011669317036914722
development_DiagReachK3_s186_KL_cf_state,DiagReachK3,186,KL,cf_state,19,old,True,False,True,True,False,2.5596278567926034,4.473543307980146,-0.3173665602320371,"[6.340691566467285, 4.7163567543029785, 9.78590202331543]","[5.840074243099467, 4.00554846497663, 8.596593097438348]","[1.2775758072057308, 1.5974725109787362, 2.129564035771965]",0.005050573498010635,0.6970360279083252,0.009999997470629551,0.013071069251482157
development_DiagReachK3_s186_KL_cf_state,DiagReachK3,186,KL,cf_state,20,old,True,False,True,True,False,0.6029024455854302,0.9247364706235253,0.03605351121467836,"[6.463907718658447, 4.767612457275391, 9.99832534790039]","[6.207547165986379, 4.784203729860915, 9.762731046728893]","[0.9548118052669603, 1.1810595005602318, 1.8066820384425206]",0.004750859923660755,0.5978140830993652,0.009999999110970655,0.013347806151684898
development_DiagReachK3_s186_KL_cf_state,DiagReachK3,186,KL,cf_state,21,old,True,False,True,True,False,2.242319612948786,3.4913158118177727,-0.0997259300634842,"[6.2591681480407715, 5.235080718994141, 10.284513473510742]","[5.506750351173921, 4.03164463385992, 8.344125322700947]","[1.5762376635612747, 1.5748995860111548, 2.687872143233688]",0.004925924353301525,0.5357954502105713,0.010000000306080642,0.0123431994965657
development_DiagReachK3_s186_KL_cf_state,DiagReachK3,186,KL,cf_state,22,joint_KL,False,False,True,True,False,2.378215989122892,3.2761049222796217,0.01323437677653567,"[6.61679220199585, 5.278836250305176, 10.606619834899902]","[5.714010693012068, 4.281221031673458, 8.68881789751635]","[1.4405935995850285, 1.5932441379224191, 2.6543965840309336]",0.004702399484813213,0.5586793422698975,0.010000001214029278,0.014930057615027395
development_DiagReachK3_s186_KL_cf_state,DiagReachK3,186,KL,cf_state,23,old,True,False,True,True,False,1.3872534133842769,2.0275908813820265,-0.024506255066981543,"[5.507425785064697, 5.599785804748535, 10.032663345336914]","[5.0299776280803785, 5.369955561083372, 9.333715633577565]","[1.4462697733187901, 1.8955428101076017, 2.779118739473579]",0.005011518485844135,0.5628266334533691,0.01000000088790862,0.014976459340717277
development_DiagReachK3_s186_KL_cf_state,DiagReachK3,186,KL,cf_state,24,old,True,False,True,True,False,1.139451093942748,2.4616376722232864,-0.15570455217161067,"[5.740118026733398, 4.558956623077393, 9.066495895385742]","[5.3295589362077145, 4.225232590649375, 8.330275980506356]","[1.3864061382068087, 1.8140910657870477, 2.626216053985515]",0.004892055876553059,0.5568630695343018,0.009999999409365247,0.009576975232350734
development_DiagReachK3_s186_KL_time_loo,DiagReachK3,186,KL,time_loo,0,full_PPO,True,True,True,True,False,1.620456272039915,2.3259654960457126,3.898749127984047e-08,"[5.587384223937988, 1.1736201047897339, 4.714179992675781]","[6.519408679753955, 1.6576303764661993, 6.472245441747924]","[2.311484847453264, 1.0648511428217053, 2.5621950249943564]",0.0,0.8109772205352783,0.009999999289862916,0.020088002370573732
development_DiagReachK3_s186_KL_time_loo,DiagReachK3,186,KL,time_loo,1,joint_KL,True,True,True,True,False,1.0143494969981934,1.869078282558005,1.4902131321529546e-08,"[4.790313720703125, 2.3940582275390625, 5.922368049621582]","[5.547587556815951, 3.0451039605334382, 7.344609536392169]","[2.1087065821233937, 1.697834100880981, 2.9952022337754935]",0.0,0.9629943370819092,0.01000000113718543,0.01710743119897217
development_DiagReachK3_s186_KL_time_loo,DiagReachK3,186,KL,time_loo,2,full_PPO,True,True,True,True,False,1.3839051633359651,2.294977826576316,1.1018710210919381e-08,"[5.140136241912842, 2.404872179031372, 6.230410575866699]","[4.906270205626378, 2.9006242757367118, 6.539771871384378]","[1.9086394503425332, 1.4280961660786848, 3.051053208674668]",0.0,1.089095115661621,0.010000001668323247,0.0152385234485131
development_DiagReachK3_s186_KL_time_loo,DiagReachK3,186,KL,time_loo,3,full_PPO,True,True,True,True,False,0.5006816027209441,1.7364653744997491,7.687291751305262e-09,"[5.753533363342285, 4.669050693511963, 9.147342681884766]","[6.307987391174912, 4.914577036325282, 9.945500910481467]","[1.6320646738845939, 1.669500559172837, 2.603201466327953]",0.0,1.0738790035247803,0.009999998855464383,0.012167378398548168
development_DiagReachK3_s186_KL_time_loo,DiagReachK3,186,KL,time_loo,4,old,True,False,True,True,False,2.2489156441113276,3.725559466185528,-8.668672914306323e-08,"[6.533641815185547, 4.38923978805542, 9.59567642211914]","[5.864219268934768, 3.761024413048548, 8.224409636129943]","[1.5142970552191577, 1.7177216730317504, 2.656445700089264]",0.0,1.1291520595550537,0.009999996005289412,0.01218857979252979
development_DiagReachK3_s186_KL_time_loo,DiagReachK3,186,KL,time_loo,5,old,True,False,True,True,False,0.62144999901268,1.0213934461973242,8.930995439489683e-09,"[5.587655067443848, 3.4875073432922363, 7.817355155944824]","[6.142274062071804, 3.969031282796807, 8.83504012799718]","[1.4382726675144784, 1.323973439597611, 2.2544662331643184]",0.0,1.115713357925415,0.01000000036104532,0.012430187465631239
development_DiagReachK3_s186_KL_time_loo,DiagReachK3,186,KL,time_loo,6,old,True,False,True,True,False,0.7369686537688914,1.6299684716204972,-5.1366320500771206e-08,"[5.7737040519714355, 3.740708589553833, 8.255419731140137]","[5.982432923486754, 3.6107904778699624, 8.325762690607968]","[1.2814054871843688, 1.7142505970645523, 2.4630099596524784]",0.0,1.1531174182891846,0.00999999914068302,0.010859964254048156
development_DiagReachK3_s186_KL_time_loo,DiagReachK3,186,KL,time_loo,7,old,True,False,True,True,False,1.2046327065371227,2.4505320878000476,-1.4720717445015908e-08,"[6.716059684753418, 4.623258113861084, 10.184699058532715]","[6.36537388130889, 4.765136926955388, 9.975990124787273]","[1.6094636691960444, 1.1689275684453841, 1.9666104085084695]",0.0,1.1371831893920898,0.00999999936038285,0.014043593253187303
development_DiagReachK3_s186_KL_time_loo,DiagReachK3,186,KL,time_loo,8,old,True,False,True,True,False,1.971967473695819,4.527033978772017,-1.272807518641154e-09,"[6.668398857116699, 4.769084453582764, 10.172030448913574]","[5.887238243766546, 3.661957130339188, 8.210771851310545]","[1.5436662999497732, 1.8991367695511907, 2.884855778360143]",0.0,1.0888426303863525,0.010000000518464301,0.0121428904196573
development_DiagReachK3_s186_KL_time_loo,DiagReachK3,186,KL,time_loo,9,old,True,False,True,True,False,2.5896047561217856,3.7483251393397112,-5.432715018590292e-10,"[6.1690521240234375, 5.554014682769775, 10.528722763061523]","[5.235068447812387, 4.863568094928893, 8.919110583819968]","[1.8569709808005785, 1.666148213705113, 2.848790076360408]",0.0,1.0939366817474365,0.010000001795594068,0.014270535354726664
development_DiagReachK3_s186_KL_time_loo,DiagReachK3,186,KL,time_loo,10,old,True,False,True,True,False,1.242988509206243,2.6621857945982748,-3.834308396714429e-09,"[5.856862545013428, 3.9600226879119873, 8.573183059692383]","[5.489510952401544, 3.420384868969019, 7.666154068585887]","[1.6232441733479128, 1.425920152433201, 2.5655420486061535]",0.0,1.084916591644287,0.01000000093850975,0.012466713931111935
development_DiagReachK3_s186_KL_time_loo,DiagReachK3,186,KL,time_loo,11,full_PPO,True,True,True,True,False,0.5951418159387772,1.2331898782251527,9.210877275715272e-09,"[6.07318639755249, 4.111081600189209, 9.005773544311523]","[6.7415747673964725, 4.4064442182109405, 9.935325236981871]","[1.3860576663582191, 1.3781662298022417, 2.124750541292926]",0.0,1.134415864944458,0.009999998401894139,0.012423313744120697
development_DiagReachK3_s186_KL_time_loo,DiagReachK3,186,KL,time_loo,12,old,True,False,True,True,False,2.7967793706417665,4.044287621422015,-6.430843010699998e-08,"[5.407816410064697, 5.848517894744873, 10.116571426391602]","[5.090628076301374, 4.85023326512861, 8.828880844503127]","[1.528994394488627, 1.642246604017296, 2.8862117496052813]",0.0,1.130711317062378,0.009999999013684941,0.011664761904241228
development_DiagReachK3_s186_KL_time_loo,DiagReachK3,186,KL,time_loo,13,old,True,False,True,True,False,1.6766127182002808,2.940374785683056,-2.4633482098579406e-08,"[5.7757768630981445, 4.921107292175293, 9.525788307189941]","[5.083673449366813, 4.588436252880493, 8.50951248840178]","[1.422277543213099, 1.2802824459870736, 2.1395979723730436]",0.0,0.641974687576294,0.009999998759536005,0.009617088478761044
development_DiagReachK3_s186_KL_time_loo,DiagReachK3,186,KL,time_loo,14,old,True,False,True,True,False,0.6094568557611871,2.747661063537011,2.4451098094383875e-08,"[5.385397911071777, 5.1913676261901855, 9.440742492675781]","[4.838961395532888, 5.267227183479402, 8.983420314002935]","[1.6208099867516887, 1.7064074725580496, 2.9468381464458706]",0.0,0.6906805038452148,0.010000002013635352,0.012280838682922797
development_DiagReachK3_s186_KL_time_loo,DiagReachK3,186,KL,time_loo,15,old,True,False,True,True,False,3.886450815815107,5.124989692338123,-2.2274131576220194e-09,"[7.00457763671875, 5.50315523147583, 11.376631736755371]","[6.999999898801987, 4.185188684266653, 10.041594158098494]","[1.3186673222947694, 1.771101408625678, 2.234627926505581]",0.0,0.6970505714416504,0.010000002186364739,0.014997897191159897
development_DiagReachK3_s186_KL_time_loo,DiagReachK3,186,KL,time_loo,16,full_PPO,True,True,True,True,False,0.5897572637786785,1.513429826923005,5.381176985489825e-08,"[5.983744144439697, 5.257431983947754, 10.15446949005127]","[5.859612890471716, 5.532522297354157, 10.294207798763772]","[1.2278287593520358, 1.261742304252147, 1.844843327929497]",0.0,0.7073912620544434,0.01000000022955685,0.010332744357702766
development_DiagReachK3_s186_KL_time_loo,DiagReachK3,186,KL,time_loo,17,old,True,False,True,True,False,1.0529940873192842,2.7796076265395304,5.954255660374959e-08,"[6.257387638092041, 5.5526838302612305, 10.546829223632812]","[6.255644222178801, 4.85473188078959, 9.609819531428325]","[1.3829582757216552, 1.7992168498151677, 2.6480499690246355]",0.0,0.5888440608978271,0.010000002010244943,0.011092259647057272
development_DiagReachK3_s186_KL_time_loo,DiagReachK3,186,KL,time_loo,18,old,True,False,True,True,False,0.6831587092414688,1.8821257824790183,-1.0729612161715826e-09,"[6.0351104736328125, 5.029648780822754, 9.78581428527832]","[6.513305691426189, 5.317638446935835, 10.614822133556125]","[1.3670055277608075, 1.2963431620972197, 2.0536849720595627]",0.0,0.7452764511108398,0.009999999142817635,0.010589281768148745
development_DiagReachK3_s186_KL_time_loo,DiagReachK3,186,KL,time_loo,19,old,True,False,True,True,False,1.9003385978485554,2.432622878623587,2.705492079257965e-08,"[6.157375335693359, 5.24493408203125, 10.152478218078613]","[5.646139912095483, 4.637326849258658, 9.047865507746222]","[1.3368228858439757, 1.6314578427150064, 1.954182530703222]",0.0,1.1044790744781494,0.010000001282470344,0.007207394454880187
development_DiagReachK3_s186_KL_time_loo,DiagReachK3,186,KL,time_loo,20,old,True,False,True,True,False,0.7415304690675446,1.3704016859888764,-6.495974957942962e-09,"[5.827308654785156, 5.118107318878174, 9.733612060546875]","[5.786653528287243, 4.65845218734485, 8.946041713035562]","[1.3023142649538952, 0.93936260293935, 1.6600778717093028]",0.0,0.8917889595031738,0.01000000046503753,0.011884090231500537
development_DiagReachK3_s186_KL_time_loo,DiagReachK3,186,KL,time_loo,21,old,True,False,True,True,False,3.465509561241615,4.53699057301174,3.182018796602885e-08,"[7.112713813781738, 5.411723613739014, 11.366207122802734]","[6.465571309255114, 4.756478998509523, 10.059865444695703]","[1.2334568275601594, 1.50798606802695, 2.1303056974182053]",0.0,1.0924088954925537,0.009999998388330681,0.009907003934976072
development_DiagReachK3_s186_KL_time_loo,DiagReachK3,186,KL,time_loo,22,old,True,False,True,True,False,2.4843672742462104,3.6465649283991515,7.508012155691782e-08,"[6.15558385848999, 5.643459320068359, 10.704434394836426]","[6.000174664344127, 4.805081389960225, 9.704471491638847]","[1.4257650832379676, 1.4647048300922079, 2.145851525960315]",0.0,0.771641731262207,0.0099999996259391,0.009640176955723312
development_DiagReachK3_s186_KL_time_loo,DiagReachK3,186,KL,time_loo,23,old,True,False,True,True,False,0.9227292280436259,1.5005035940636162,2.9837246984243394e-08,"[6.162656784057617, 5.335799694061279, 10.296404838562012]","[5.949924775879248, 4.699908751349678, 9.433499538198486]","[0.8567522599376386, 1.1719832256010059, 1.4477530698999876]",0.0,0.6445481777191162,0.009999999963119573,0.009943804918652238
development_DiagReachK3_s186_KL_time_loo,DiagReachK3,186,KL,time_loo,24,old,True,False,True,True,False,0.9451805747161612,2.5011580338803183,-2.651164929072062e-08,"[5.819069862365723, 5.342620849609375, 9.965417861938477]","[5.404486428104184, 5.132257735510316, 9.386012245201643]","[1.7243321947916948, 1.5112256930900856, 2.5354324763684777]",0.0,0.80918288230896,0.009999998738747247,0.009485940496553606
development_DiagReachK3_s186_W2_cf_state,DiagReachK3,186,W2,cf_state,0,full_PPO,True,True,True,True,False,1.7982242300473097,2.338087632434695,-0.14512518714453027,"[5.587384223937988, 1.1736201047897339, 4.714179992675781]","[6.4597544495939445, 1.5897925472541734, 6.209871265701542]","[2.311484847453264, 1.0648511428217053, 2.5621950249943564]",0.00905275996774435,1.078920602798462,0.011023784911227966,0.020088004213562563
development_DiagReachK3_s186_W2_cf_state,DiagReachK3,186,W2,cf_state,1,joint_W2,True,True,True,True,False,1.2274621693397783,1.9559272289131713,-0.07619977773418156,"[4.790313720703125, 2.3940582275390625, 5.922368049621582]","[5.645106390060244, 3.244007092388895, 7.625038101015262]","[2.1087065821233937, 1.697834100880981, 2.9952022337754935]",0.005059242248535156,0.6732993125915527,0.011790618117150273,0.02008800289017027
development_DiagReachK3_s186_W2_cf_state,DiagReachK3,186,W2,cf_state,2,full_PPO,True,True,True,True,False,2.370800596431893,3.038391059429272,-0.13163066442364954,"[5.2270917892456055, 2.4192214012145996, 6.326893329620361]","[4.491798881374273, 2.5698653630946904, 5.7900738103110045]","[1.9350799728472068, 1.5088834637914372, 3.2469408361422856]",0.005195074714720249,0.6946310997009277,0.012890100669089636,0.020088004851011438
development_DiagReachK3_s186_W2_cf_state,DiagReachK3,186,W2,cf_state,3,joint_W2,True,True,True,True,False,0.7110053182795786,1.4089505508841333,-0.04690908942916497,"[5.933145046234131, 4.663765907287598, 9.291825294494629]","[6.7956419680494875, 5.473516948369677, 10.988715011838636]","[1.565784031221975, 1.7533898021520147, 2.7551941152886776]",0.005161800421774387,0.6930997371673584,0.015820037001030112,0.020088003031715075
development_DiagReachK3_s186_W2_cf_state,DiagReachK3,186,W2,cf_state,4,old,True,False,True,True,False,2.0976971549767756,3.331563318459165,-0.31480238266621924,"[6.541023254394531, 4.160217761993408, 9.23378849029541]","[5.920994613543561, 3.7673544002170036, 8.257554911307453]","[1.6217213571557507, 1.904435544438947, 3.088836215663219]",0.005395091138780117,0.731788158416748,0.014007603045921883,0.020088004398313982
development_DiagReachK3_s186_W2_cf_state,DiagReachK3,186,W2,cf_state,5,old,False,False,True,True,False,0.7362557943569584,1.0149650132711043,-0.023616497029978627,"[5.607674598693848, 3.264132022857666, 7.531782627105713]","[5.784163545508989, 3.775192959819083, 8.296288351323941]","[1.4050523083676847, 1.4511026876439752, 2.4484355623287253]",0.004949796944856644,0.732072114944458,0.01110840035978509,0.02008799713777225
development_DiagReachK3_s186_W2_cf_state,DiagReachK3,186,W2,cf_state,6,old,True,False,True,True,False,4.288392485981653,4.024707703041406,-0.33882029125824287,"[5.975904941558838, 3.772042751312256, 8.490032196044922]","[4.910172168675478, 3.4232155593476152, 7.125517217763492]","[1.7862268967238069, 1.7533423062845315, 2.9893873281772803]",0.005113177001476288,0.7722625732421875,0.013054135707099299,0.02008800585827406
development_DiagReachK3_s186_W2_cf_state,DiagReachK3,186,W2,cf_state,7,old,True,False,True,True,False,0.915263818949643,1.2547859157058074,-0.014845971310904623,"[5.330695629119873, 3.1164743900299072, 6.992868900299072]","[6.021992236715169, 4.551638933915049, 9.338456439781831]","[1.2382007918146916, 2.0153826121284317, 2.9983491514558667]",0.005164915695786476,0.6631758213043213,0.014667375827755784,0.020088012048082585
development_DiagReachK3_s186_W2_cf_state,DiagReachK3,186,W2,cf_state,8,old,True,False,True,True,False,2.972247027151606,4.1918429769856616,-0.4612172571524017,"[5.821351528167725, 4.150418281555176, 8.68968677520752]","[5.606556674010976, 3.397380536043565, 7.741813586619551]","[1.7961951838370007, 1.4704512417006381, 2.6624174188607808]",0.006804408505558968,0.717494010925293,0.01379660030150096,0.020088006254403237
development_DiagReachK3_s186_W2_cf_state,DiagReachK3,186,W2,cf_state,9,old,False,False,True,True,False,1.634343687605393,1.7572484853353,-0.13794099775407387,"[5.644453525543213, 3.3757293224334717, 7.592726230621338]","[5.130163342309601, 3.8085815750028504, 7.468612345234783]","[1.3132157832391027, 1.3127607984804972, 2.2656633074930443]",0.008089172653853893,0.9921224117279053,0.013275856436320203,0.020088002482498358
development_DiagReachK3_s186_W2_cf_state,DiagReachK3,186,W2,cf_state,10,old,True,False,True,True,False,0.898025937098782,1.4326060706959614,-0.07053275384497927,"[6.118818283081055, 4.507202625274658, 9.32602596282959]","[6.387480957364674, 4.208130074714518, 9.343126992029463]","[1.5662851703706893, 1.3321480930396297, 2.2363412618450895]",0.007496117614209652,0.9408316612243652,0.016667670518711746,0.020088000046382785
development_DiagReachK3_s186_W2_cf_state,DiagReachK3,186,W2,cf_state,11,full_PPO,True,True,True,True,False,0.8291472711481293,1.2650713194519265,-0.11462535456414007,"[6.123094081878662, 4.3182830810546875, 9.170215606689453]","[6.19093586063131, 4.326180464533485, 9.186389856494943]","[1.356361765480067, 1.6161404090140148, 2.466476378430438]",0.00862835068255663,1.1119279861450195,0.014572018153348288,0.0200880075555731
development_DiagReachK3_s186_W2_cf_state,DiagReachK3,186,W2,cf_state,12,old,True,False,True,True,False,1.3968367542263938,2.0461380244484797,-0.002879476090933064,"[6.613909721374512, 4.853992462158203, 10.119205474853516]","[5.7832630371108795, 4.61163291731091, 9.017550048401679]","[1.3263157120368454, 1.8996629028321703, 2.64792266689913]",0.012012974359095097,1.034637451171875,0.013593373433156275,0.020088003322089355
development_DiagReachK3_s186_W2_cf_state,DiagReachK3,186,W2,cf_state,13,old,True,False,True,True,False,2.6209529965067184,3.5833284126410763,-0.052525587398181285,"[5.5955305099487305, 4.827893257141113, 9.220264434814453]","[4.749460271531962, 4.123510710098466, 7.493699930703088]","[1.5138886331011543, 1.8563352252920762, 3.0797691375769745]",0.008727507665753365,1.1991844177246094,0.017534533083720567,0.020088005724507398
development_DiagReachK3_s186_W2_cf_state,DiagReachK3,186,W2,cf_state,14,old,True,False,True,True,False,1.5731203359074624,1.7989900277238764,-0.003833829547645382,"[6.047371864318848, 4.901923656463623, 9.722906112670898]","[6.317999520079277, 4.762426604967661, 9.789579067534152]","[1.3525206791087563, 1.5357088692095062, 2.031546419372121]",0.008549388498067856,0.9957249164581299,0.016229675576010207,0.020088000257726175
development_DiagReachK3_s186_W2_cf_state,DiagReachK3,186,W2,cf_state,15,old,True,False,True,True,False,1.1153820017814475,1.433703511440756,0.01418493470775515,"[5.529202461242676, 4.194310665130615, 8.371145248413086]","[5.439185948549877, 4.682781102746157, 8.910184434934397]","[1.2609198230430982, 1.654096920684153, 2.387466583058837]",0.00839418638497591,1.0669441223144531,0.013409464503669245,0.02008800295894675
development_DiagReachK3_s186_W2_cf_state,DiagReachK3,186,W2,cf_state,16,old,True,False,True,True,False,2.261714163654898,3.0179019373370304,-0.28888325288322936,"[5.945018768310547, 5.029929161071777, 9.690402030944824]","[5.125525714206432, 4.167554022804664, 8.010910092794047]","[1.154028332134893, 1.5354186606975626, 2.4449593399056004]",0.008614350110292435,1.1375856399536133,0.01701663579420155,0.02008800180213492
development_DiagReachK3_s186_W2_cf_state,DiagReachK3,186,W2,cf_state,17,old,True,False,True,True,False,2.260145646223094,2.711411541025356,-0.0692328159856703,"[6.346609592437744, 5.0470476150512695, 10.167509078979492]","[5.806952873249956, 4.223562759047782, 8.800712033771692]","[1.10292847086246, 1.5318967188748773, 2.369428543544721]",0.008779086172580719,1.0977506637573242,0.012666080637917299,0.02008800648898846
development_DiagReachK3_s186_W2_cf_state,DiagReachK3,186,W2,cf_state,18,old,True,False,True,True,False,2.5201413835345656,2.3902888401886755,-0.10652244371092132,"[5.934878349304199, 3.9979629516601562, 8.566502571105957]","[4.964705194333315, 3.4584981789785556, 7.12220872605644]","[1.358293100546396, 1.7562921652566075, 2.7869291664781977]",0.012251158244907856,1.0753493309020996,0.013309393216543104,0.020088000131026476
development_DiagReachK3_s186_W2_cf_state,DiagReachK3,186,W2,cf_state,19,full_PPO,True,True,True,True,False,1.4676067717408185,1.436661240195898,-0.08394387469584129,"[5.471560001373291, 3.952449083328247, 8.174781799316406]","[5.302528018944415, 3.7569983824953064, 7.907184602141954]","[1.189848137920801, 1.7155045839783503, 2.703622155986633]",0.008554198779165745,1.048445224761963,0.013639870024394363,0.020088002239834278
development_DiagReachK3_s186_W2_cf_state,DiagReachK3,186,W2,cf_state,20,old,True,False,True,True,False,0.7184595106908624,1.0591830639987083,-0.022432019163403857,"[6.034743309020996, 3.8381667137145996, 8.561673164367676]","[5.695590184673687, 3.3468259130490523, 7.803480855607438]","[0.9605528300165942, 1.4685579733378338, 1.7284393008717176]",0.011272838339209557,1.0153775215148926,0.016771221985295414,0.020088070186836175
development_DiagReachK3_s186_W2_cf_state,DiagReachK3,186,W2,cf_state,21,old,True,False,True,True,False,1.4151654774286782,1.857270118335927,-0.0628333750563469,"[6.336742401123047, 4.244730472564697, 9.068563461303711]","[5.931190140897252, 3.9731127647036986, 8.492177108408084]","[1.3041614795046867, 1.9935626370784356, 2.6116295360069235]",0.008538393303751945,1.021848201751709,0.01386613159384639,0.0200880025889598
development_DiagReachK3_s186_W2_cf_state,DiagReachK3,186,W2,cf_state,22,joint_W2,False,False,True,True,False,0.6818307687463872,1.1117393910799973,0.012306003131999588,"[6.1243438720703125, 4.390748977661133, 9.296411514282227]","[5.508274159153937, 4.878295329495554, 9.212129412725577]","[1.4999746306813564, 1.4677095979585923, 2.195022595421224]",0.008907775394618511,0.9488778114318848,0.018938073457029293,0.020088117364306716
development_DiagReachK3_s186_W2_cf_state,DiagReachK3,186,W2,cf_state,23,old,True,False,True,True,False,5.193659680650725,5.3403355393476994,-0.23853515163836586,"[5.687130928039551, 4.131989479064941, 8.450212478637695]","[5.40887607888394, 3.3541485999559733, 7.436950835502602]","[1.4356682323574825, 1.6442249359584376, 2.948870918000457]",0.007375465705990791,1.3420443534851074,0.012407896098146345,0.020088007623752017
development_DiagReachK3_s186_W2_cf_state,DiagReachK3,186,W2,cf_state,24,old,True,False,True,True,False,3.4255325080709524,3.7814809866153425,-0.04048357080343881,"[5.998604774475098, 4.410865783691406, 9.079586029052734]","[5.569962045683889, 2.2639868557772553, 6.484664794029324]","[1.2366142411917314, 2.314098914724878, 3.0789605118636887]",0.008977963589131832,1.0764124393463135,0.014789230624815498,0.02008800640628782
development_DiagReachK3_s186_W2_time_loo,DiagReachK3,186,W2,time_loo,0,full_PPO,True,True,True,True,False,1.6346013273643216,2.3259654960457126,3.898749127984047e-08,"[5.587384223937988, 1.1736201047897339, 4.714179992675781]","[6.449961796681354, 1.6536904423097085, 6.452057670388394]","[2.311484847453264, 1.0648511428217053, 2.5621950249943564]",0.0,0.554157018661499,0.010428893478115372,0.02008800473964719
development_DiagReachK3_s186_W2_time_loo,DiagReachK3,186,W2,time_loo,1,joint_W2,True,True,True,True,False,1.073103816669231,1.869078282558005,1.4902131321529546e-08,"[4.790313720703125, 2.3940582275390625, 5.922368049621582]","[5.681094401168383, 3.1039069371192634, 7.527155836275447]","[2.1087065821233937, 1.697834100880981, 2.9952022337754935]",0.0,0.5295925140380859,0.01232530505820594,0.02008800256509411
development_DiagReachK3_s186_W2_time_loo,DiagReachK3,186,W2,time_loo,2,full_PPO,True,True,True,True,False,1.5832377916814337,2.3298382145011565,-3.41970007866621e-08,"[5.219927787780762, 2.401865005493164, 6.301722049713135]","[4.717526446391186, 2.7937604672062855, 6.227561745736099]","[1.8928444930395654, 1.4251619575250527, 3.055556993336296]",0.0,0.5371391773223877,0.015256043791173958,0.0200880031225114
development_DiagReachK3_s186_W2_time_loo,DiagReachK3,186,W2,time_loo,3,full_PPO,True,True,True,True,False,0.5027032076700361,1.7232482004943013,-2.9057749391843874e-08,"[5.8754472732543945, 4.634737968444824, 9.229040145874023]","[6.644229287055783, 5.130810262258602, 10.505412222292655]","[1.60323418370328, 1.666200443477066, 2.6077917017182104]",0.0,0.5875301361083984,0.018741635900872616,0.020088005878456293
development_DiagReachK3_s186_W2_time_loo,DiagReachK3,186,W2,time_loo,4,old,True,False,True,True,False,2.7261771562807033,3.6834434015266524,-3.0081719160079953e-08,"[6.523207187652588, 4.469813823699951, 9.670985221862793]","[5.7502943837772005, 3.5880514891963267, 7.909438563305452]","[1.4779026669131154, 1.71955486102055, 2.638685113464684]",0.0,0.6224985122680664,0.01672240059613622,0.02008800814861965
development_DiagReachK3_s186_W2_time_loo,DiagReachK3,186,W2,time_loo,5,old,True,False,True,True,False,0.7880091491264567,1.0003523482693992,1.1716232014199098e-08,"[5.609309673309326, 3.571176052093506, 7.9194841384887695]","[6.198601626328502, 4.13949399516153, 9.088697564894995]","[1.4046073530631538, 1.332818509079225, 2.245065732660959]",0.0,0.9293680191040039,0.01794715374271654,0.020088010756666382
development_DiagReachK3_s186_W2_time_loo,DiagReachK3,186,W2,time_loo,6,joint_W2,True,True,True,True,False,0.8311795119658232,1.6303679278842924,2.148541777084271e-08,"[5.787432670593262, 3.810253858566284, 8.345919609069824]","[6.1703276978932236, 3.7624493416135616, 8.662994121052357]","[1.2451958780421684, 1.7174259458202383, 2.4425964633212676]",0.0,0.5999393463134766,0.017408136682528216,0.020088003599340775
development_DiagReachK3_s186_W2_time_loo,DiagReachK3,186,W2,time_loo,7,joint_W2,False,False,True,True,False,1.8368298440146664,2.5397278881024685,1.549099882443746e-08,"[6.873312473297119, 4.761715412139893, 10.477516174316406]","[6.9980368686714405, 4.8042553867461075, 10.645097351083923]","[1.657084696258918, 1.1897397196321748, 1.891223103687538]",0.0,0.5613298416137695,0.014092421410823267,0.020088004191708995
development_DiagReachK3_s186_W2_time_loo,DiagReachK3,186,W2,time_loo,8,old,True,False,True,True,False,0.7893755195226033,1.0145556938059526,8.81215479845802e-08,"[5.637807369232178, 5.175325393676758, 9.61668586730957]","[6.120096773485871, 5.867276967574536, 10.802982242331503]","[1.1058909186920394, 1.441360967593534, 2.17377852095054]",0.0,0.5361793041229248,0.012264804568216695,0.020088006898451048
development_DiagReachK3_s186_W2_time_loo,DiagReachK3,186,W2,time_loo,9,old,False,False,True,True,False,2.1599663190011436,3.490132127334254,7.096678018569947e-08,"[6.104929447174072, 4.938088893890381, 9.845710754394531]","[5.118182802027861, 4.264496026611545, 8.26081368744498]","[1.5306563154551664, 1.7487850429258869, 2.661703632733552]",0.0,0.5758674144744873,0.01253810884876618,0.020088004740126685
development_DiagReachK3_s186_W2_time_loo,DiagReachK3,186,W2,time_loo,10,old,False,False,True,True,False,0.7291240303381251,1.0458114773712066,-3.341362268353502e-09,"[5.764120578765869, 4.009716033935547, 8.390237808227539]","[6.593773023665998, 5.029836277972004, 10.254051531737796]","[1.2999505929099975, 1.5657804138612879, 2.2299348599759217]",0.0,0.549243688583374,0.013155503818329563,0.020088006489422508
development_DiagReachK3_s186_W2_time_loo,DiagReachK3,186,W2,time_loo,11,old,False,False,True,True,False,2.7588553024154105,3.5398986682237856,-5.59356218824784e-08,"[6.983062744140625, 4.284852027893066, 10.149340629577637]","[5.676176811662571, 3.522457634929983, 8.097831238973678]","[1.3549228246594396, 1.2598804439910585, 2.2861729373057895]",0.0,0.7517070770263672,0.018847604045042272,0.02008800754118219
development_DiagReachK3_s186_W2_time_loo,DiagReachK3,186,W2,time_loo,12,old,False,False,True,True,False,1.985653919581323,2.8106385496120216,-1.13272835733369e-07,"[6.549716949462891, 4.39079475402832, 9.646829605102539]","[5.178621439998516, 4.653562361541659, 8.559160827771766]","[1.305218165904692, 1.5391686932079502, 2.027319474446913]",0.0,0.6016137599945068,0.015086409854916572,0.020088004995710403
development_DiagReachK3_s186_W2_time_loo,DiagReachK3,186,W2,time_loo,13,old,True,False,True,True,False,1.7435347443864533,2.873503267128415,6.174668669700622e-08,"[6.600500583648682, 4.714316368103027, 9.944007873535156]","[5.578506370237768, 3.9810946094134105, 8.230308242172056]","[1.5130998729385035, 1.8450347209197584, 2.6674760674335323]",0.0,0.564617395401001,0.016360301564148548,0.02008800648377195
development_DiagReachK3_s186_W2_time_loo,DiagReachK3,186,W2,time_loo,14,old,True,False,True,True,False,1.4712450787480686,2.288446078324804,-1.5459954738616945e-08,"[5.946539878845215, 3.993386745452881, 8.657317161560059]","[5.492274700063592, 2.308104139922475, 6.203876285753545]","[1.4496643192939966, 1.6662162549980628, 2.1349811350142285]",0.0,0.5560343265533447,0.01689895055888668,0.020087999780609007
development_DiagReachK3_s186_W2_time_loo,DiagReachK3,186,W2,time_loo,15,joint_W2,False,False,True,True,False,1.1156430813474867,2.764458659269879,2.825909177772701e-08,"[5.792189598083496, 4.429967880249023, 8.92616081237793]","[4.597046403717428, 3.775401478869844, 7.112146159993791]","[1.5934467458400583, 1.3032647595638767, 2.480643883978568]",0.0,0.5350384712219238,0.014553141232763706,0.020088005055581157
development_DiagReachK3_s186_W2_time_loo,DiagReachK3,186,W2,time_loo,16,old,True,False,True,True,False,0.661708566324082,1.418695656058366,-7.003060697267452e-08,"[5.839346408843994, 4.632251262664795, 9.349333763122559]","[6.429228803405573, 4.856046443963003, 10.160016344413489]","[1.5182587029564956, 1.2523474172798361, 2.239651665662091]",0.0,0.5934352874755859,0.02204809975074171,0.0200880055303463
development_DiagReachK3_s186_W2_time_loo,DiagReachK3,186,W2,time_loo,17,old,False,False,True,True,False,0.7967457468788173,1.2435940093553461,-4.9285396623114747e-08,"[6.2987165451049805, 4.1854166984558105, 9.308282852172852]","[6.4537936893502295, 4.96300087127494, 10.2891670121692]","[1.2802703281203793, 1.4086826610578163, 1.8277885060054873]",0.0,0.5949087142944336,0.013859796030036826,0.020088003493576746
development_DiagReachK3_s186_W2_time_loo,DiagReachK3,186,W2,time_loo,18,old,True,False,True,True,False,0.9480234800679771,1.7773332206973542,5.500429930786292e-08,"[5.659738063812256, 4.338738918304443, 8.822431564331055]","[5.07692608101409, 4.642950866295135, 8.567988898857573]","[1.5833602214686178, 1.088554107944864, 1.9960290765594524]",0.0,0.5602796077728271,0.012810462025028009,0.02008800351311617
development_DiagReachK3_s186_W2_time_loo,DiagReachK3,186,W2,time_loo,19,full_PPO,True,True,True,True,False,1.254389175447926,2.195142511568536,-5.972106009721756e-09,"[6.402148246765137, 4.180344104766846, 9.266507148742676]","[5.488610054827716, 4.993783972508316, 9.205697782947906]","[1.8678320746891268, 1.5596845848297822, 2.3864829548544164]",0.0,0.5030183792114258,0.013332925295169586,0.02008799770945931
development_DiagReachK3_s186_W2_time_loo,DiagReachK3,186,W2,time_loo,20,old,True,False,True,True,False,2.110077880271876,2.7253682768438328,5.859571198622386e-09,"[5.838746547698975, 5.321199893951416, 9.985957145690918]","[5.798116673057746, 4.649610437920656, 9.281461937859444]","[0.8270797599583624, 1.3727568113349236, 1.7893836399784104]",0.0,0.5525894165039062,0.02055663051465818,0.020088001674984802
development_DiagReachK3_s186_W2_time_loo,DiagReachK3,186,W2,time_loo,21,joint_W2,False,False,True,True,False,3.4449971588512427,4.791383009183566,7.795946051677068e-08,"[5.858834743499756, 5.566620349884033, 10.190500259399414]","[5.068210490976023, 4.3555052392701725, 8.169777547784527]","[1.5198699547586478, 1.6236367100838005, 2.257223283703703]",0.0,0.6045305728912354,0.019592941301357903,0.02008801059774968
development_DiagReachK3_s186_W2_time_loo,DiagReachK3,186,W2,time_loo,22,full_PPO,True,True,True,True,False,1.937367857450526,3.933672690495926,-8.009374141693115e-09,"[6.501826286315918, 6.197802543640137, 11.496180534362793]","[6.60717510574956, 5.753768295477454, 11.182321399415283]","[1.5549384931252095, 1.8005510493976966, 2.348148335550048]",0.0,0.6117420196533203,0.010937845185214139,0.020087996823171958
development_DiagReachK3_s186_W2_time_loo,DiagReachK3,186,W2,time_loo,23,old,True,False,True,True,False,1.9719140566225104,2.859185590373367,5.996553227305413e-08,"[5.517167568206787, 4.669825553894043, 9.061327934265137]","[4.67842343780056, 3.617486537948616, 7.168118510653849]","[1.4616791964313134, 1.7427398490700314, 2.4732906062629727]",0.0,0.7396972179412842,0.019607536259696832,0.020088005878545097
development_DiagReachK3_s186_W2_time_loo,DiagReachK3,186,W2,time_loo,24,joint_W2,True,True,True,True,False,0.9584653701975311,0.8415361051130994,2.1226393679777782e-08,"[5.490944862365723, 4.286447048187256, 8.551252365112305]","[6.173251667733948, 5.2657422110009104, 10.277184965292802]","[0.98734697763337, 1.3288828266021637, 1.7022426400179533]",0.0,0.514911413192749,0.013420938097144949,0.020088001156736746
development_DiagReachK3_s187_KL_cf_state,DiagReachK3,187,KL,cf_state,0,old,True,False,True,True,False,1.4125774228403625,2.6909344482089232,-0.18229313234102182,"[4.237565517425537, 5.660638809204102, 8.544022560119629]","[4.221641937812401, 5.291746200840218, 8.18859138257337]","[2.106057025385158, 1.822459487636146, 3.047768889589212]",0.005358715541660786,0.5777943134307861,0.01000000028689763,0.017945417350058345
development_DiagReachK3_s187_KL_cf_state,DiagReachK3,187,KL,cf_state,1,old,True,False,True,True,False,0.7162068860621101,1.8314397046120643,-0.03610771485946676,"[4.69901180267334, 3.7219345569610596, 7.032728672027588]","[4.806503751401206, 3.0905024932902316, 6.443931096080164]","[2.40390685378778, 2.025644390282442, 3.390211952494801]",0.005145049653947353,0.6824007034301758,0.010000000669938223,0.01790345739074064
development_DiagReachK3_s187_KL_cf_state,DiagReachK3,187,KL,cf_state,2,full_PPO,True,True,True,True,False,1.9088485261864314,3.1483702029567393,-0.08420637450681201,"[5.186636447906494, 4.594826698303223, 8.634710311889648]","[5.287299581521182, 5.2845986314341715, 9.340603918897807]","[2.298806871888405, 2.1817422378825695, 3.1186996548859827]",0.004827635362744331,0.5580472946166992,0.009999999575420578,0.02324948800972765
development_DiagReachK3_s187_KL_cf_state,DiagReachK3,187,KL,cf_state,3,old,True,False,True,True,False,0.9611157631485006,1.4027232872212165,-0.06829948303267726,"[4.494231224060059, 4.309152126312256, 7.51668643951416]","[4.734577168521586, 4.8195194996970505, 8.424857689017392]","[2.217082525249391, 1.698162697790067, 3.046378978961956]",0.005059272050857544,0.5390446186065674,0.010000000278865167,0.016556099559280533
development_DiagReachK3_s187_KL_cf_state,DiagReachK3,187,KL,cf_state,4,old,True,False,True,True,False,1.448619977937918,2.2309413716712205,-0.16362534179597607,"[5.223328590393066, 5.011449337005615, 8.757448196411133]","[5.115596325798369, 4.781550437374495, 8.582702444919903]","[2.2816118090424804, 1.402236788854032, 2.6666512094197254]",0.00478648766875267,0.5324437618255615,0.00999999887662939,0.0175924768234282
development_DiagReachK3_s187_KL_cf_state,DiagReachK3,187,KL,cf_state,5,old,True,False,True,True,False,0.7885628377349356,1.4663208904122706,-0.004546196090403995,"[4.6552019119262695, 4.359433174133301, 7.644491672515869]","[4.862395463936161, 4.4519402559354475, 8.06469716724171]","[2.0702877805426594, 1.8851466561618628, 3.1757268208969283]",0.004981078207492828,0.6246168613433838,0.009999999590367934,0.013521978320186498
development_DiagReachK3_s187_KL_cf_state,DiagReachK3,187,KL,cf_state,6,old,True,False,True,True,False,4.201296512052833,5.639219945173757,-0.23056832951714867,"[4.4932403564453125, 4.821450233459473, 8.11284065246582]","[3.754072694424374, 3.761518647686978, 6.302789788241093]","[2.666437268788884, 2.3035164832098767, 4.142521435441723]",0.005271288566291332,0.5601150989532471,0.01000000005479376,0.023380280647697115
development_DiagReachK3_s187_KL_cf_state,DiagReachK3,187,KL,cf_state,7,old,True,False,True,True,False,1.1404717736773755,1.8295552877606942,-0.1498862667095784,"[4.218092441558838, 4.8650712966918945, 7.79325008392334]","[4.586080532914091, 5.096019150644838, 8.400411552543202]","[1.560956251922885, 1.4934807428637686, 2.3143122981286037]",0.004928771406412125,0.5724358558654785,0.01000000182114724,0.014837488616695874
development_DiagReachK3_s187_KL_cf_state,DiagReachK3,187,KL,cf_state,8,full_PPO,True,True,True,True,False,1.9421102295078683,3.091097937304734,-0.05969866472399876,"[5.472477912902832, 4.350111484527588, 8.416101455688477]","[4.222404425225072, 5.2617091384596195, 7.88922726727642]","[2.3883237564098505, 1.998844717766428, 3.2492706336519284]",0.004841543734073639,0.53645920753479,0.009999999978836901,0.018285561182351657
development_DiagReachK3_s187_KL_cf_state,DiagReachK3,187,KL,cf_state,9,joint_KL,True,True,True,True,False,0.9200394813206387,1.382733807251758,-0.03494955373111209,"[4.409338474273682, 4.301288604736328, 7.330044746398926]","[5.382337411678449, 4.38386704782207, 8.596149432607042]","[1.9501095407933335, 1.128175062019789, 2.621385755073762]",0.005069267936050892,0.5569572448730469,0.009999998828610338,0.017694790949257373
development_DiagReachK3_s187_KL_cf_state,DiagReachK3,187,KL,cf_state,10,old,False,False,True,True,False,2.245003187036905,3.19372124476506,-0.16481945800668593,"[5.729920387268066, 5.361090660095215, 9.889314651489258]","[4.645639224412488, 5.362521156675383, 8.79629522215738]","[1.5515230956027413, 1.8708683206616379, 2.67960852405285]",0.005468769930303097,0.6134378910064697,0.009999999338610906,0.010760864924100753
development_DiagReachK3_s187_KL_cf_state,DiagReachK3,187,KL,cf_state,11,old,True,False,True,True,False,1.8436315569084485,2.75752577491369,-0.0851833379357486,"[6.012916564941406, 5.2170090675354, 10.055647850036621]","[5.481139809747248, 5.0143082438143365, 9.341774758973932]","[1.9713048000853417, 1.300433119823373, 2.624788501861884]",0.005273916758596897,0.5590152740478516,0.010000000525967742,0.015606965941524113
development_DiagReachK3_s187_KL_cf_state,DiagReachK3,187,KL,cf_state,12,old,True,False,True,True,False,2.030307283315478,3.3744646093497854,-0.2745094299128122,"[5.28788948059082, 4.737926006317139, 8.797449111938477]","[4.952903783906777, 4.534752313502606, 8.451031441771445]","[2.0759787799403817, 1.5418671655689553, 3.0019828697954436]",0.0047337356954813,0.6057531833648682,0.00999999987223053,0.013724692837118975
development_DiagReachK3_s187_KL_cf_state,DiagReachK3,187,KL,cf_state,13,old,True,False,True,True,False,1.0696609472823464,2.134284639717699,-0.09594784278325008,"[5.743792533874512, 5.711128234863281, 10.202467918395996]","[5.454477290037975, 5.080492227678938, 9.289768414451954]","[1.6588283925884029, 1.6288569733304474, 2.0344204648527366]",0.004847613163292408,0.5344593524932861,0.010000002267857796,0.01588529330899825
development_DiagReachK3_s187_KL_cf_state,DiagReachK3,187,KL,cf_state,14,joint_KL,True,True,True,True,False,1.0571331609247294,1.9025579258757699,-0.04404168690469014,"[5.381819248199463, 4.719667911529541, 8.898536682128906]","[5.258676395532445, 4.393431169328171, 8.498547760153794]","[1.9159855806451187, 1.8571214524522928, 3.082238983039544]",0.0047401972115039825,0.5458261966705322,0.009999999533830971,0.013277418505205144
development_DiagReachK3_s187_KL_cf_state,DiagReachK3,187,KL,cf_state,15,old,True,False,True,True,False,0.8640621341771821,1.6675932283600374,-0.07541644716996296,"[5.117311954498291, 5.662946701049805, 9.596372604370117]","[5.631217159618671, 4.954382351375547, 9.3814095727019]","[1.5572386931364908, 1.6008422193616325, 2.4899060914008877]",0.004975736141204834,0.5578052997589111,0.010000090907318432,0.01458450200566454
development_DiagReachK3_s187_KL_cf_state,DiagReachK3,187,KL,cf_state,16,old,True,False,True,True,False,1.9382252883994453,4.101904028708534,-0.3531474512653087,"[6.047970771789551, 4.737280368804932, 9.56756591796875]","[5.851229881230369, 4.237499928165737, 8.89487435150075]","[1.5389078742015714, 1.8484608956967805, 2.6392496944519537]",0.0047558387741446495,0.5660996437072754,0.01000000034108788,0.01527768337362772
development_DiagReachK3_s187_KL_cf_state,DiagReachK3,187,KL,cf_state,17,old,True,False,True,True,False,0.8215869172124333,1.3153904453199263,0.00015846393713185488,"[5.239282131195068, 5.181060314178467, 9.26347541809082]","[4.525884290447522, 4.158624106443866, 7.512486779949018]","[1.4760711502991994, 1.4070435515665374, 2.3925167648732892]",0.004721000790596008,0.5522594451904297,0.010000000935432437,0.018795477773828083
development_DiagReachK3_s187_KL_cf_state,DiagReachK3,187,KL,cf_state,18,old,True,False,True,True,False,1.3860246504815423,3.06833882489789,-0.14374802488042782,"[5.147517681121826, 4.55569314956665, 8.411189079284668]","[4.479146258398679, 3.891999968880012, 7.0128042960870065]","[1.1473272428207872, 1.7849572440568178, 2.337281480860116]",0.005141380243003368,0.574568510055542,0.00999999845494642,0.016085428334445036
development_DiagReachK3_s187_KL_cf_state,DiagReachK3,187,KL,cf_state,19,old,True,False,True,True,False,2.5443101805773796,4.100653080981409,-0.4079885994732491,"[4.996764659881592, 4.816613674163818, 8.665848731994629]","[4.2187351331570815, 4.6106950610136455, 7.72836659770945]","[2.29111796559832, 1.1521354932255876, 3.150378010127597]",0.004851370118558407,0.5632259845733643,0.010000000935697176,0.015459357128322833
development_DiagReachK3_s187_KL_cf_state,DiagReachK3,187,KL,cf_state,20,old,True,False,True,True,False,2.0995860822291483,2.7188573304342203,-0.157505760156746,"[5.669164180755615, 5.55402135848999, 9.871705055236816]","[4.156563339104435, 5.222053955623555, 8.054996163428521]","[1.9797255013928752, 1.3079162239141287, 2.4475645612413794]",0.005058315582573414,0.5875697135925293,0.009999999872782443,0.016760313600922023
development_DiagReachK3_s187_KL_cf_state,DiagReachK3,187,KL,cf_state,21,old,True,False,True,True,False,1.8887753867917307,2.21608964882801,0.09101926952920246,"[5.455441474914551, 4.448267936706543, 8.738401412963867]","[4.9641790092819384, 3.750894386906207, 7.578613385705662]","[1.676884116700147, 1.3441559742839657, 2.4502873520191915]",0.004883930087089539,0.5364513397216797,0.010000000876389508,0.015341224702652156
development_DiagReachK3_s187_KL_cf_state,DiagReachK3,187,KL,cf_state,22,old,True,False,True,True,False,1.2761879700874972,1.8307414748730633,-0.12357374403112459,"[5.538468837738037, 4.119174003601074, 8.377042770385742]","[5.067746022271387, 4.801479841411463, 8.604299437437705]","[1.8448208135724091, 1.332434412562727, 2.142903134589202]",0.004695255309343338,0.5502982139587402,0.010000001351336728,0.011801404059558243
development_DiagReachK3_s187_KL_cf_state,DiagReachK3,187,KL,cf_state,23,old,True,False,True,False,False,0.6913902087862743,3.725305756755506,-0.0951099040074385,"[6.492663383483887, 5.633490562438965, 10.92639446258545]","[6.65873864157907, 5.71668259535944, 11.185669837305294]","[2.227288604929891, 1.5048644581265447, 3.076387979639995]",0.004931783303618431,0.4867370128631592,0.009193600511193707,0.012640064209763624
development_DiagReachK3_s187_KL_cf_state,DiagReachK3,187,KL,cf_state,24,old,True,False,True,True,False,1.4233815922729411,3.2870961759674895,-0.17883021830413254,"[6.216728687286377, 4.953448295593262, 10.030632019042969]","[5.797312654835163, 5.008441123807968, 9.72326472153551]","[1.4913385632764673, 1.4310848259268263, 2.1646945710009167]",0.004836983047425747,0.6297545433044434,0.009999999385166288,0.014888910788929894
development_DiagReachK3_s187_KL_time_loo,DiagReachK3,187,KL,time_loo,0,old,True,False,True,True,False,1.5088302925905803,2.647733275609451,2.1618325263261794e-08,"[4.237565517425537, 5.660638809204102, 8.544022560119629]","[4.175611487945775, 5.252410380374666, 8.063245929028751]","[2.106057025385158, 1.822459487636146, 3.047768889589212]",0.0,0.6906580924987793,0.010000000582641201,0.01658006117988511
development_DiagReachK3_s187_KL_time_loo,DiagReachK3,187,KL,time_loo,1,old,True,False,True,True,False,0.6913052410818006,2.2900095192856673,7.064081728458404e-08,"[4.69901180267334, 3.7219345569610596, 7.032728672027588]","[3.9826700450885917, 3.0401354262268616, 5.588022194724351]","[2.40390685378778, 2.025644390282442, 3.390211952494801]",0.0,0.6559104919433594,0.010000001308686047,0.017583064217918404
development_DiagReachK3_s187_KL_time_loo,DiagReachK3,187,KL,time_loo,2,full_PPO,True,True,True,True,False,1.9027522737921587,3.1912132231837598,-3.847138335307439e-08,"[5.186636447906494, 4.594826698303223, 8.634710311889648]","[4.976878814470206, 5.220427977273347, 9.041047413860035]","[2.298806871888405, 2.1817422378825695, 3.1186996548859827]",0.0,0.6726677417755127,0.010000000728662218,0.020374601918234293
development_DiagReachK3_s187_KL_time_loo,DiagReachK3,187,KL,time_loo,3,joint_KL,False,False,True,True,False,0.9443270363682708,1.5270504573309982,1.5607414146264394e-08,"[4.494231224060059, 4.309152126312256, 7.51668643951416]","[4.5898620376774755, 5.009223553733918, 8.416601864096512]","[2.217082525249391, 1.698162697790067, 3.046378978961956]",0.0,0.6988346576690674,0.010000001913497767,0.01954878543607567
development_DiagReachK3_s187_KL_time_loo,DiagReachK3,187,KL,time_loo,4,joint_KL,False,False,True,True,False,1.5688493062099815,2.430892274431169,2.4226028472185134e-08,"[5.223328590393066, 5.011449337005615, 8.757448196411133]","[4.507553525275009, 5.034400298201292, 8.149409657652203]","[2.2816118090424804, 1.402236788854032, 2.6666512094197254]",0.0,0.6461119651794434,0.009999999081373223,0.01851728952064491
development_DiagReachK3_s187_KL_time_loo,DiagReachK3,187,KL,time_loo,5,old,True,False,True,True,False,0.8608801435048681,1.649487730879976,1.1957066211228569e-08,"[4.6552019119262695, 4.359433174133301, 7.644491672515869]","[4.879536557644626, 4.659182070046968, 8.263611191676276]","[2.0702877805426594, 1.8851466561618628, 3.1757268208969283]",0.0,0.7350006103515625,0.009999999658252006,0.016279274335540855
development_DiagReachK3_s187_KL_time_loo,DiagReachK3,187,KL,time_loo,6,old,True,False,True,True,False,4.525169091209461,7.267630744142337,-2.6030465960502624e-08,"[4.4932403564453125, 4.821450233459473, 8.11284065246582]","[3.541669391801145, 3.575239854525748, 5.9050719024215965]","[2.666437268788884, 2.3035164832098767, 4.142521435441723]",0.0,0.7957918643951416,0.009999998562182914,0.021296025934284632
development_DiagReachK3_s187_KL_time_loo,DiagReachK3,187,KL,time_loo,7,old,True,False,True,True,False,0.8410526156246227,1.417955727449276,1.274553748468558e-08,"[4.218092441558838, 4.8650712966918945, 7.79325008392334]","[4.586554876775026, 4.9323001639293045, 8.22100408413028]","[1.560956251922885, 1.4934807428637686, 2.3143122981286037]",0.0,0.6899318695068359,0.010000001005878167,0.02323103662070097
development_DiagReachK3_s187_KL_time_loo,DiagReachK3,187,KL,time_loo,8,full_PPO,True,True,True,True,False,1.9108170976065597,3.3782068450254945,3.0947073052326836e-08,"[5.472477912902832, 4.350111484527588, 8.416101455688477]","[4.712701559960768, 4.748627305072008, 8.039716659611681]","[2.3883237564098505, 1.998844717766428, 3.2492706336519284]",0.0,0.6355745792388916,0.010000000491331115,0.018383174230894566
development_DiagReachK3_s187_KL_time_loo,DiagReachK3,187,KL,time_loo,9,joint_KL,True,True,True,True,False,0.7923967798841896,1.231630720738851,4.017880807320277e-08,"[4.409338474273682, 4.301288604736328, 7.330044746398926]","[5.368961084107326, 4.542716049449751, 8.71221336840803]","[1.9501095407933335, 1.128175062019789, 2.621385755073762]",0.0,0.6464805603027344,0.010000001228395054,0.017296796561250723
development_DiagReachK3_s187_KL_time_loo,DiagReachK3,187,KL,time_loo,10,old,False,False,True,True,False,2.9214074175742377,3.6537619708841853,-2.4047524978717168e-08,"[5.776812553405762, 5.4063239097595215, 9.980058670043945]","[4.9657063486850195, 4.757721518124528, 8.523458544139602]","[1.585648797108595, 1.8138845608994716, 2.6793738546537127]",0.0,0.7058358192443848,0.009999999675133212,0.012175162615811001
development_DiagReachK3_s187_KL_time_loo,DiagReachK3,187,KL,time_loo,11,old,True,False,True,True,False,2.001147276314492,3.130292259632208,4.384977122147878e-08,"[6.072512626647949, 5.260603427886963, 10.15820026397705]","[5.549046112090888, 4.727124140260903, 9.1156181978785]","[2.0204085225598627, 1.2544749573614729, 2.647787705846191]",0.0,0.6885788440704346,0.01000000078775778,0.014204696641382023
development_DiagReachK3_s187_KL_time_loo,DiagReachK3,187,KL,time_loo,12,old,True,False,True,True,False,2.139567701792765,3.718752699224515,-2.6783285041650136e-08,"[5.329677104949951, 4.799394130706787, 8.887105941772461]","[4.5570644752466505, 4.683881015398736, 8.100125555621446]","[2.130008322217157, 1.4911789602283378, 3.03779408341099]",0.0,0.7150588035583496,0.010000001268760328,0.015572576988036853
development_DiagReachK3_s187_KL_time_loo,DiagReachK3,187,KL,time_loo,13,old,True,False,True,True,False,0.7637032447274423,2.404115716657701,4.071140817056099e-09,"[5.796988010406494, 5.7508649826049805, 10.290237426757812]","[6.069805668099065, 5.101436347669968, 9.934132161656638]","[1.6886583918040379, 1.5599541885157768, 2.0467060915470157]",0.0,0.6643097400665283,0.010000030753457642,0.014384225070868622
development_DiagReachK3_s187_KL_time_loo,DiagReachK3,187,KL,time_loo,14,old,True,False,True,True,False,0.9100431903495558,2.1727839617571676,2.1024607121944427e-08,"[5.44540548324585, 4.759430408477783, 8.996383666992188]","[4.68616197297456, 4.447490994144569, 7.94985998833822]","[1.9481137038302196, 1.7845073407786622, 3.072909074270631]",0.0,0.6809144020080566,0.00999999908431873,0.01424874605947398
development_DiagReachK3_s187_KL_time_loo,DiagReachK3,187,KL,time_loo,15,old,False,False,True,True,False,1.1929059928156207,2.2014610437377056,2.4262893324096996e-09,"[5.040480613708496, 5.871102333068848, 9.677767753601074]","[4.898012771039997, 5.077339993761735, 8.706295820355853]","[1.720197821880074, 1.6350137581178743, 2.691312896533373]",0.0,0.6254439353942871,0.01000000004828981,0.014009169240171286
development_DiagReachK3_s187_KL_time_loo,DiagReachK3,187,KL,time_loo,16,old,False,False,True,True,False,3.062857815471208,4.588329829635673,2.6620303591092426e-08,"[6.121702671051025, 4.9326701164245605, 9.84257984161377]","[5.362767104190804, 3.8432223270354213, 7.994505902678698]","[1.7225377418575953, 1.9201307624462989, 2.884439726727697]",0.0,0.6659097671508789,0.010000000222992569,0.016254865119431177
development_DiagReachK3_s187_KL_time_loo,DiagReachK3,187,KL,time_loo,17,old,True,False,True,True,False,1.9365291355936762,3.078658848747755,-3.846362233161926e-08,"[5.205937385559082, 5.3550519943237305, 9.37486743927002]","[4.684629485101866, 3.940347391425843, 7.47648689630158]","[1.7177845631397821, 1.4770989267223555, 2.7138631053664093]",0.0,0.6800308227539062,0.010000001494721834,0.017211151300758846
development_DiagReachK3_s187_KL_time_loo,DiagReachK3,187,KL,time_loo,18,joint_KL,False,False,True,True,False,1.1812021893838311,2.208083783203931,-3.1307960549990337e-08,"[5.124335289001465, 4.722451210021973, 8.63683795928955]","[4.79118896859224, 4.514711863899788, 8.120795781525999]","[1.7528995042615152, 2.0264120640125567, 3.148404600438966]",0.0,0.7416660785675049,0.009999999206612162,0.013055512779063617
development_DiagReachK3_s187_KL_time_loo,DiagReachK3,187,KL,time_loo,19,old,False,False,True,True,False,1.3779739354770253,2.554681689514704,1.3034635533889135e-08,"[5.388157367706299, 5.08388614654541, 9.33078670501709]","[5.079277950372222, 5.119389645769969, 9.061604452562563]","[1.8008341553490095, 1.325353472314403, 2.373971432916148]",0.0,0.6861388683319092,0.00999999898833123,0.013786861521548777
development_DiagReachK3_s187_KL_time_loo,DiagReachK3,187,KL,time_loo,20,joint_KL,False,False,True,True,False,1.3403293366330213,2.806353343242311,-8.32679991920789e-08,"[5.173980712890625, 4.7267303466796875, 8.7544527053833]","[4.173038946352463, 4.237499325144045, 7.265334088779079]","[1.5119402891218756, 1.4528576413127663, 2.3729914463864863]",0.0,0.6665225028991699,0.010000000275662961,0.018517424511625198
development_DiagReachK3_s187_KL_time_loo,DiagReachK3,187,KL,time_loo,21,full_PPO,True,True,True,True,False,1.792035627631129,3.1892226841488,1.0446334878603617e-08,"[4.609768390655518, 4.932695388793945, 8.184879302978516]","[4.600168568861439, 4.205558935604062, 7.485783265136283]","[1.8008690265809106, 1.7777331002224135, 2.815426381185792]",0.0,0.6579413414001465,0.009999999337601645,0.012748581737074546
development_DiagReachK3_s187_KL_time_loo,DiagReachK3,187,KL,time_loo,22,full_PPO,True,True,True,True,False,0.8586116747940384,1.650993388192464,-8.390682827060422e-08,"[6.0912766456604, 3.942546844482422, 8.869356155395508]","[5.554630666161822, 3.8911727904267996, 8.273974275412835]","[1.9159197689867344, 1.1545539128466158, 2.535730535052575]",0.0,0.5999891757965088,0.010000000433186643,0.010960497195079149
development_DiagReachK3_s187_KL_time_loo,DiagReachK3,187,KL,time_loo,23,old,True,False,True,True,False,1.1994781270953794,2.9108305191986603,3.9165994773308437e-08,"[6.076567649841309, 5.275669097900391, 10.155349731445312]","[5.663275947743742, 5.328987515773818, 9.861729011018799]","[1.6057323147284734, 1.212106447119008, 2.1596560569445695]",0.0,0.7318954467773438,0.010000001542536684,0.013719498575357448
development_DiagReachK3_s187_KL_time_loo,DiagReachK3,187,KL,time_loo,24,old,True,False,True,True,False,2.791577039435125,3.361076438622116,-6.59686823685964e-10,"[5.239994525909424, 5.175612449645996, 9.06321907043457]","[4.0503198224383965, 4.49685279340784, 7.120090251880857]","[1.89982826044017, 1.503132154445991, 2.603454392265796]",0.0,0.7808833122253418,0.009999998729666596,0.011933533086645125
development_DiagReachK3_s187_W2_cf_state,DiagReachK3,187,W2,cf_state,0,old,True,False,True,True,False,1.4013114655736856,2.6909344482089232,-0.18229313234102182,"[4.237565517425537, 5.660638809204102, 8.544022560119629]","[4.38867746218667, 5.310059175963142, 8.389814794578374]","[2.106057025385158, 1.822459487636146, 3.047768889589212]",0.004908327013254166,0.6012661457061768,0.010173990679162106,0.016580062655967474
development_DiagReachK3_s187_W2_cf_state,DiagReachK3,187,W2,cf_state,1,old,True,False,True,True,False,0.7074130980458706,1.8314397046120643,-0.03610771485946676,"[4.69901180267334, 3.7219345569610596, 7.032728672027588]","[4.888434766168452, 3.2930036358746886, 6.760085960374844]","[2.40390685378778, 2.025644390282442, 3.390211952494801]",0.004977638833224773,0.557809591293335,0.00992004819884886,0.01658006043761232
development_DiagReachK3_s187_W2_cf_state,DiagReachK3,187,W2,cf_state,2,full_PPO,True,True,True,True,False,1.7104370223160388,3.1483702029567393,-0.08420637450681201,"[5.186636447906494, 4.594826698303223, 8.634710311889648]","[5.425422761497212, 5.0068882245542685, 9.226523431773463]","[2.298806871888405, 2.1817422378825695, 3.1186996548859827]",0.005001651123166084,0.5814828872680664,0.00811826089497455,0.016580058866117218
development_DiagReachK3_s187_W2_cf_state,DiagReachK3,187,W2,cf_state,3,old,True,False,True,True,False,0.9778690585562728,1.4027232872212165,-0.06829948303267726,"[4.494231224060059, 4.309152126312256, 7.51668643951416]","[4.727574846517519, 4.898806469005429, 8.474561117900967]","[2.217082525249391, 1.698162697790067, 3.046378978961956]",0.005012831650674343,0.5501980781555176,0.010792562651222033,0.016580060490756665
development_DiagReachK3_s187_W2_cf_state,DiagReachK3,187,W2,cf_state,4,old,True,False,True,True,False,1.4388841177093101,2.2309413716712205,-0.16362534179597607,"[5.223328590393066, 5.011449337005615, 8.757448196411133]","[5.215936938720374, 4.830410892094291, 8.762113060064138]","[2.2816118090424804, 1.402236788854032, 2.6666512094197254]",0.0047505563125014305,0.5529134273529053,0.010155178904001586,0.01658006268403044
development_DiagReachK3_s187_W2_cf_state,DiagReachK3,187,W2,cf_state,5,old,True,False,True,True,False,0.8652573324223216,1.4663208904122706,-0.004546196090403995,"[4.6552019119262695, 4.359433174133301, 7.644491672515869]","[4.780574689532333, 4.44083021802359, 7.979991434442166]","[2.0702877805426594, 1.8851466561618628, 3.1757268208969283]",0.005025794729590416,0.595855712890625,0.012882830397027121,0.01658005995552506
development_DiagReachK3_s187_W2_cf_state,DiagReachK3,187,W2,cf_state,6,old,True,False,True,True,False,2.6863191018158465,5.639219945173757,-0.23056832951714867,"[4.4932403564453125, 4.821450233459473, 8.11284065246582]","[3.3479558734608803, 3.62307249736354, 5.751143773202579]","[2.666437268788884, 2.3035164832098767, 4.142521435441723]",0.004863681271672249,1.1107707023620605,0.007753695018389565,0.016580059300723735
development_DiagReachK3_s187_W2_cf_state,DiagReachK3,187,W2,cf_state,7,old,True,False,True,True,False,1.1800301494386845,1.8295552877606942,-0.1498862667095784,"[4.218092441558838, 4.8650712966918945, 7.79325008392334]","[4.601936400012022, 5.056865027921557, 8.395638389319346]","[1.560956251922885, 1.4934807428637686, 2.3143122981286037]",0.005060388706624508,0.540400505065918,0.011802618787833324,0.016580060852388105
development_DiagReachK3_s187_W2_cf_state,DiagReachK3,187,W2,cf_state,8,full_PPO,True,True,True,True,False,1.8521415652335556,3.091097937304734,-0.05969866472399876,"[5.472477912902832, 4.350111484527588, 8.416101455688477]","[4.332901265717439, 5.210389347868945, 7.974945184256395]","[2.3883237564098505, 1.998844717766428, 3.2492706336519284]",0.004879330284893513,0.5375223159790039,0.009089250330795237,0.016580058308187415
development_DiagReachK3_s187_W2_cf_state,DiagReachK3,187,W2,cf_state,9,joint_W2,True,True,True,True,False,0.9015890020283777,1.382733807251758,-0.03494955373111209,"[4.409338474273682, 4.301288604736328, 7.330044746398926]","[5.360770138572917, 4.414988807514678, 8.590752382957042]","[1.9501095407933335, 1.128175062019789, 2.621385755073762]",0.004889878444373608,0.5428040027618408,0.009633995298547391,0.01658005798384258
development_DiagReachK3_s187_W2_cf_state,DiagReachK3,187,W2,cf_state,10,old,False,False,True,True,False,2.5852580418771014,3.207514672953683,-0.16670542219471843,"[5.709163665771484, 5.370026111602783, 9.874733924865723]","[4.475049147624013, 5.584434462309166, 8.849286677432449]","[1.5620318351608269, 1.8664755488321696, 2.6810913396783898]",0.004791810177266598,0.5570518970489502,0.017541271856707882,0.0165800590871031
development_DiagReachK3_s187_W2_cf_state,DiagReachK3,187,W2,cf_state,11,old,True,False,True,True,False,1.971438119667021,2.778859054072536,-0.08777788755832727,"[5.997642517089844, 5.222718715667725, 10.042840957641602]","[5.474201067888294, 5.117886452373529, 9.425831037508438]","[1.9820275833988543, 1.2969421011927091, 2.6344962820547324]",0.004984106868505478,0.5842697620391846,0.010821628034878255,0.01658006465869072
development_DiagReachK3_s187_W2_cf_state,DiagReachK3,187,W2,cf_state,12,old,True,False,True,True,False,2.30326093538223,3.3832655937127885,-0.2705136244186941,"[5.267846584320068, 4.761240482330322, 8.784902572631836]","[5.2122795734481535, 4.675638407750846, 8.784095332987958]","[2.0953063495349515, 1.5331814876568182, 3.019724981141619]",0.005114341154694557,0.5886504650115967,0.01482636853988428,0.016580058894362
development_DiagReachK3_s187_W2_cf_state,DiagReachK3,187,W2,cf_state,13,old,True,False,True,True,False,1.0624610936003973,2.1406908796490303,-0.10021696876367128,"[5.726632118225098, 5.718790531158447, 10.186005592346191]","[5.5183712399173, 4.903456424054686, 9.17094588768652]","[1.6755429678186746, 1.6217420617129503, 2.0482315996340668]",0.005054106004536152,0.5514159202575684,0.011219602419799616,0.01658006280592435
development_DiagReachK3_s187_W2_cf_state,DiagReachK3,187,W2,cf_state,14,joint_W2,True,True,True,True,False,1.1655159495503713,1.8890905705272674,-0.044252862645522986,"[5.370294570922852, 4.727172374725342, 8.887716293334961]","[5.02452775233046, 4.284286170114522, 8.144911941704189]","[1.9187848278242376, 1.8487174007253897, 3.081358788611008]",0.004720689728856087,0.5244810581207275,0.013035161185830499,0.016580060338183142
development_DiagReachK3_s187_W2_cf_state,DiagReachK3,187,W2,cf_state,15,old,True,False,True,True,False,0.8883041971245902,1.5799046517626611,-0.0655406157690344,"[4.976375102996826, 5.643294334411621, 9.427610397338867]","[5.511330029928952, 5.0199154541254485, 9.313709891225201]","[1.5451304299786015, 1.583264036772467, 2.475386465902543]",0.004825352691113949,0.5465772151947021,0.012828356578179583,0.01658005608109329
development_DiagReachK3_s187_W2_cf_state,DiagReachK3,187,W2,cf_state,16,old,True,False,True,True,False,2.0099187802820375,3.8739444053025798,-0.3324419104828672,"[5.891781806945801, 4.712976455688477, 9.392349243164062]","[5.742516318710282, 4.284952677910143, 8.849068445819222]","[1.533323115930249, 1.8141578173904052, 2.604879287431742]",0.004860264249145985,0.5790266990661621,0.010574480435600839,0.016580060653951515
development_DiagReachK3_s187_W2_cf_state,DiagReachK3,187,W2,cf_state,17,old,True,False,True,True,False,0.6909746709676868,1.1647130981773124,0.001546554510750392,"[5.106058120727539, 5.165488243103027, 9.108868598937988]","[4.507470468632988, 4.103864916796091, 7.4224762646275035]","[1.4647233700171864, 1.3766455679666005, 2.357626320280417]",0.004773885942995548,0.5832176208496094,0.010626526887070168,0.016580061114093395
development_DiagReachK3_s187_W2_cf_state,DiagReachK3,187,W2,cf_state,18,old,True,False,True,True,False,1.5000368258363,2.8656029380581116,-0.14034096612325345,"[5.016016483306885, 4.542108058929443, 8.259692192077637]","[4.846336522357083, 3.7390948143387117, 7.32644472694046]","[1.1330468766278556, 1.7514881614160174, 2.2976671789439824]",0.004830659367144108,0.6249861717224121,0.009850166810773575,0.016580061639975493
development_DiagReachK3_s187_W2_cf_state,DiagReachK3,187,W2,cf_state,19,old,True,False,True,True,False,2.433199152261107,3.916812114481352,-0.39469591529686576,"[4.863839149475098, 4.819469928741455, 8.53041934967041]","[4.397097573038965, 4.735374572153179, 8.035200579464277]","[2.286840327924495, 1.1321400418866392, 3.129527829242915]",0.004841862246394157,0.5739326477050781,0.011486205980794828,0.016580059722209148
development_DiagReachK3_s187_W2_cf_state,DiagReachK3,187,W2,cf_state,20,old,True,False,True,True,False,1.901032863931779,2.5558085221196545,-0.15103359925667953,"[5.53980016708374, 5.5451483726501465, 9.719978332519531]","[4.173889516065356, 5.380796791404792, 8.237787234993933]","[1.96714736570901, 1.2848356347624341, 2.422407724591235]",0.005750037729740143,0.5877549648284912,0.01073431307176422,0.016580058820657592
development_DiagReachK3_s187_W2_cf_state,DiagReachK3,187,W2,cf_state,21,old,True,False,True,True,False,2.2235908640775985,2.495122853190589,0.2240854321707261,"[5.3183512687683105, 4.441313743591309, 8.595029830932617]","[4.944091362772726, 3.7699678624218196, 7.582475138294854]","[1.6624521431462784, 1.3193236770036412, 2.407329025295287]",0.0049093784764409065,0.5451357364654541,0.013891532035946256,0.016580062584422472
development_DiagReachK3_s187_W2_cf_state,DiagReachK3,187,W2,cf_state,22,old,True,False,True,True,False,1.4437645173644527,1.737409640363072,-0.12123010715693103,"[5.39764404296875, 4.1162214279174805, 8.227577209472656]","[5.343437851734816, 4.956368923351308, 9.011876033828887]","[1.828198145106789, 1.3159305542517457, 2.115748537136152]",0.004836317151784897,0.5682811737060547,0.018525347136223818,0.016580058812737147
development_DiagReachK3_s187_W2_cf_state,DiagReachK3,187,W2,cf_state,23,old,True,False,True,True,False,1.1568253673525688,3.5756617301397036,-0.08948547399269001,"[6.360287189483643, 5.612032413482666, 10.765039443969727]","[6.357756050036693, 5.349251997304308, 10.517117098694497]","[2.217626714878221, 1.4695300201524486, 3.0426916235633032]",0.004864097572863102,0.6142077445983887,0.013457620479205875,0.016580060218128957
development_DiagReachK3_s187_W2_cf_state,DiagReachK3,187,W2,cf_state,24,old,True,False,True,True,False,1.3028306744550253,3.14631594354677,-0.17485326752257724,"[6.073674201965332, 4.949265956878662, 9.885702133178711]","[5.601350108401866, 4.978109266997617, 9.513809609677171]","[1.4826525466386105, 1.4118754142679977, 2.1466371708981886]",0.0047898245975375175,0.6554551124572754,0.012796139162516212,0.01658005944424931
development_DiagReachK3_s187_W2_time_loo,DiagReachK3,187,W2,time_loo,0,old,True,False,True,True,False,1.5136644759349092,2.647733275609451,2.1618325263261794e-08,"[4.237565517425537, 5.660638809204102, 8.544022560119629]","[4.163686255563276, 5.188198707201688, 7.983846123216421]","[2.106057025385158, 1.822459487636146, 3.047768889589212]",0.0,0.5624325275421143,0.01020192563270506,0.01658006182324799
development_DiagReachK3_s187_W2_time_loo,DiagReachK3,187,W2,time_loo,1,old,True,False,True,True,False,0.681508519347898,2.2900095192856673,7.064081728458404e-08,"[4.69901180267334, 3.7219345569610596, 7.032728672027588]","[4.0999527313125, 3.1116263441620546, 5.795217941064507]","[2.40390685378778, 2.025644390282442, 3.390211952494801]",0.0,0.9079959392547607,0.009661455095880652,0.01658005951051484
development_DiagReachK3_s187_W2_time_loo,DiagReachK3,187,W2,time_loo,2,full_PPO,True,True,True,True,False,1.7877594594061121,3.1912132231837598,-3.847138335307439e-08,"[5.186636447906494, 4.594826698303223, 8.634710311889648]","[4.965522876656435, 5.111148199147747, 8.927686204907866]","[2.298806871888405, 2.1817422378825695, 3.1186996548859827]",0.0,0.7553396224975586,0.008398249960967911,0.016580062195172725
development_DiagReachK3_s187_W2_time_loo,DiagReachK3,187,W2,time_loo,3,joint_W2,True,True,True,True,False,0.8844896452063317,1.5270504573309982,1.5607414146264394e-08,"[4.494231224060059, 4.309152126312256, 7.51668643951416]","[4.674451680390796, 4.888340840279211, 8.386678565580013]","[2.217082525249391, 1.698162697790067, 3.046378978961956]",0.0,0.5365121364593506,0.008684263370556595,0.01658006109502074
development_DiagReachK3_s187_W2_time_loo,DiagReachK3,187,W2,time_loo,4,old,True,False,True,True,False,1.0011640912412871,2.1360503293278206,-2.8114300221204758e-08,"[5.235739231109619, 5.3747878074646, 9.198986053466797]","[5.069411970295058, 5.827521396968106, 9.504098336733742]","[2.0444482795943086, 1.313641063757333, 2.3745876860287964]",0.0,0.5199716091156006,0.008166178584163068,0.016580059624718344
development_DiagReachK3_s187_W2_time_loo,DiagReachK3,187,W2,time_loo,5,old,True,False,True,True,False,0.7795725064184188,1.4995854881479669,-9.344269831975301e-09,"[4.749249458312988, 4.727224349975586, 8.120855331420898]","[5.059701007709115, 5.00810383715007, 8.822394923178035]","[1.8773383121650065, 1.8127922190212025, 2.9022869469762003]",0.0,0.5460996627807617,0.008956201011419066,0.016580057342280373
development_DiagReachK3_s187_W2_time_loo,DiagReachK3,187,W2,time_loo,6,old,True,False,True,True,False,4.275938983888413,6.958435906888345,3.877406318982442e-08,"[4.5561981201171875, 5.206692695617676, 8.563115119934082]","[3.4908339362981935, 4.379864135879044, 6.659220541355047]","[2.443558372002958, 2.1058575647895807, 3.7889000386627942]",0.0,0.6364128589630127,0.008155401522860147,0.016580062745818736
development_DiagReachK3_s187_W2_time_loo,DiagReachK3,187,W2,time_loo,7,old,True,False,True,True,False,0.6070575965216044,1.4752700966677594,-2.805609256029129e-08,"[4.384220123291016, 5.21673059463501, 8.317848205566406]","[4.0024067345104095, 5.012802706407386, 7.68117738460776]","[1.327608946608927, 1.3791991880756036, 2.0770810349936157]",0.0,0.542877197265625,0.009203134918754819,0.01658005705781927
development_DiagReachK3_s187_W2_time_loo,DiagReachK3,187,W2,time_loo,8,old,True,False,True,True,False,1.8237201664144826,4.561133935469654,6.892563154300055e-08,"[5.436530113220215, 5.785391807556152, 9.982467651367188]","[5.123789220515754, 5.174177868770098, 9.106184291886192]","[2.200041476479417, 1.2496658349316259, 2.595615146170312]",0.0,0.5290958881378174,0.007512893854563312,0.01658006013498258
development_DiagReachK3_s187_W2_time_loo,DiagReachK3,187,W2,time_loo,9,joint_W2,True,True,True,True,False,0.6558186924393004,1.784167607059184,1.2301219006379446e-08,"[4.575285911560059, 4.1979851722717285, 7.614171504974365]","[4.453314438963638, 3.9105935695392278, 7.238257338741914]","[1.7799752399306614, 1.7083703110003619, 2.824190122625466]",0.0,0.6832084655761719,0.016351483672478663,0.01658006157029139
development_DiagReachK3_s187_W2_time_loo,DiagReachK3,187,W2,time_loo,10,old,False,False,True,True,False,2.5797960207948014,3.2652290853602732,-5.029141902923584e-09,"[5.341236114501953, 5.3347859382629395, 9.475581169128418]","[4.474936623149379, 5.044964152078611, 8.29415876848858]","[1.640083404105033, 1.9078132499963916, 2.7202096074798248]",0.0,0.5688869953155518,0.012450451045837715,0.01658006182139559
development_DiagReachK3_s187_W2_time_loo,DiagReachK3,187,W2,time_loo,11,old,True,False,True,True,False,0.8597029120304335,1.4694220745151112,1.024057079727451e-07,"[3.9058139324188232, 5.389507293701172, 7.9718337059021]","[4.242353731615178, 5.363452689939847, 8.404472765165673]","[1.8099324362171365, 1.2131186948385295, 2.2957810974315533]",0.0,0.664654016494751,0.014025900526709512,0.016580061013330868
development_DiagReachK3_s187_W2_time_loo,DiagReachK3,187,W2,time_loo,12,old,True,False,True,True,False,2.448486806995335,4.07200111939846,1.0720104910433293e-07,"[5.202849388122559, 4.745118141174316, 8.799005508422852]","[4.369470527689322, 4.0639845071816385, 7.31072333898371]","[1.8623881182727864, 1.8730245317853513, 2.905521845935348]",0.0,0.5484299659729004,0.009940323335230017,0.016580064673095744
development_DiagReachK3_s187_W2_time_loo,DiagReachK3,187,W2,time_loo,13,old,False,False,True,True,False,1.2859579461872996,2.390700736131948,-2.2351741790771484e-09,"[5.464484214782715, 5.151734352111816, 9.430078506469727]","[3.843246252380833, 5.563541065608165, 8.186427470471594]","[2.060519230914047, 1.3168608193350941, 2.3508395503088124]",0.0,0.5487008094787598,0.011069793927333002,0.01658006194375571
development_DiagReachK3_s187_W2_time_loo,DiagReachK3,187,W2,time_loo,14,joint_W2,False,False,True,True,False,1.401695542632017,2.276027991841811,-2.2174693488826353e-08,"[5.255789756774902, 4.190208435058594, 8.215959548950195]","[5.133257991600668, 3.8036488992423325, 7.728785782368084]","[2.0364104383554085, 1.8077251392750342, 3.0149969198385786]",0.0,0.6294622421264648,0.012884931777345425,0.016580061897774247
development_DiagReachK3_s187_W2_time_loo,DiagReachK3,187,W2,time_loo,15,old,False,False,True,True,False,0.4100012934958498,1.163197808132692,3.016854558760921e-09,"[4.975345134735107, 3.911215305328369, 7.717173099517822]","[4.642408884657774, 4.3821507017582695, 7.868742362667835]","[1.409913621214093, 1.3493133097129169, 1.9982725718985432]",0.0,0.8925514221191406,0.019701425663010284,0.016580061525792264
development_DiagReachK3_s187_W2_time_loo,DiagReachK3,187,W2,time_loo,16,old,True,False,True,True,False,2.0954964213611027,3.655737576595373,3.978493623435497e-08,"[4.764466285705566, 5.477120399475098, 9.104573249816895]","[3.9772340211736372, 3.066847508203183, 5.808294318303545]","[1.5484481184019503, 1.7408269617690943, 2.612519441378959]",0.0,0.8676085472106934,0.011164827788311505,0.01658005984520304
development_DiagReachK3_s187_W2_time_loo,DiagReachK3,187,W2,time_loo,17,old,True,False,True,True,False,4.333440077936833,5.296163021007572,1.727991426984469e-08,"[5.5422210693359375, 4.766558647155762, 8.9729642868042]","[4.984761543759977, 3.9450098600244745, 7.602627787854237]","[1.7700774734565368, 2.211542785985947, 3.1779116883725598]",0.0,0.6017677783966064,0.010569757035059768,0.016580061336311038
development_DiagReachK3_s187_W2_time_loo,DiagReachK3,187,W2,time_loo,18,old,True,False,True,True,False,1.3088603925469549,2.3187256224501582,4.061342527468999e-08,"[5.153809547424316, 5.268319606781006, 9.120805740356445]","[5.661560617731152, 4.657191151479439, 9.089566865315627]","[1.7822924158548583, 1.4460038966902709, 2.607209528952062]",0.0,0.5925347805023193,0.019359966498970555,0.016580060418046758
development_DiagReachK3_s187_W2_time_loo,DiagReachK3,187,W2,time_loo,19,old,False,False,True,True,False,0.8222224910659571,2.1708543926053876,-1.162203261628747e-07,"[4.5627264976501465, 4.607047080993652, 7.940262794494629]","[5.110147597793097, 4.489104528074659, 8.391895999070304]","[1.6898967780950391, 1.6840607203166829, 2.3954231053475654]",0.0,0.5691425800323486,0.009513913938088174,0.01658006296700045
development_DiagReachK3_s187_W2_time_loo,DiagReachK3,187,W2,time_loo,20,full_PPO,False,False,True,True,False,2.841631718015276,4.477672406162281,-1.307344064116478e-08,"[4.488733291625977, 4.888044834136963, 8.284014701843262]","[3.8569798295234574, 4.6540675220309256, 7.402585544643774]","[2.5544002469760545, 1.379490835659157, 3.5170314320008726]",0.0,0.581653356552124,0.014117221812028723,0.016580058723136656
development_DiagReachK3_s187_W2_time_loo,DiagReachK3,187,W2,time_loo,21,joint_W2,True,True,True,True,False,2.8193737790413973,4.3581149742107845,1.872964882447074e-08,"[6.049774169921875, 4.598538875579834, 9.510530471801758]","[5.478644423666955, 4.467761956222133, 8.814425783328648]","[1.6330820812499833, 1.711512062509817, 2.4302869936674814]",0.0,0.8146181106567383,0.01493133779577325,0.016580058645636764
development_DiagReachK3_s187_W2_time_loo,DiagReachK3,187,W2,time_loo,22,old,True,False,True,True,False,2.274229941548497,3.4465553365124144,-4.9810235699017843e-08,"[4.94747257232666, 4.547745704650879, 8.315960884094238]","[3.8544382517782814, 4.158346481931793, 6.905631980912355]","[1.9465030139674566, 1.6351581482295423, 2.8391443394841693]",0.0,0.7027626037597656,0.014301233226537816,0.016580060533290957
development_DiagReachK3_s187_W2_time_loo,DiagReachK3,187,W2,time_loo,23,old,True,False,True,True,False,1.6766622933559852,2.948004789859088,-6.667493532101313e-08,"[5.138411521911621, 5.2063398361206055, 9.17289924621582]","[4.39115406308048, 4.627324152500847, 7.848210033238789]","[1.8789909351242393, 1.651419452551565, 2.442671711152191]",0.0,0.5699131488800049,0.009659265357987614,0.01658005930025374
development_DiagReachK3_s187_W2_time_loo,DiagReachK3,187,W2,time_loo,24,old,True,False,True,True,False,1.5797555400578407,2.6260519015689585,2.0320779488732418e-08,"[5.857246398925781, 4.995201110839844, 9.733396530151367]","[4.983412987136876, 4.89206627604468, 8.76579612393105]","[1.5219949282410357, 1.3370469734286354, 1.9773357490100925]",0.0,0.627345085144043,0.011546728607870142,0.01658005571273146
