env,seed,cycle,anchor,metric,channel,Gtrain,GholdLR,GholdLR_lo,GholdLR_hi,Gsample,Gsample_lo,Gsample_hi,Gdet,Gdet_lo,Gdet_hi,T,T_lo,T_hi,L,L_lo,L_hi,K,K_lo,K_hi,mean_only,mean_only_lo,mean_only_hi,std_only,std_only_lo,std_only_hi,interaction,interaction_lo,interaction_hi,cost_intercept_sample,cost_intercept_det,inner_cost_over_budget,det_any_event
DiagReachK2,180,0,0,KL,shaped,1.457588772881019,0.41881340110451637,0.2656452208238657,0.5859656621979229,0.42650625109672546,0.34240101352334024,0.5143400475382804,1.3239890336990356,1.3157065004110335,1.3333898037672043,1.0387753717765027,0.8716231106830962,1.1919435520571533,-0.007692849992209094,-0.16567371982620654,0.16885182158193288,-0.8974827527999878,-0.9725722253322602,-0.8098442763090135,0.47492629289627075,0.392313452064991,0.5642949000000953,-0.06582003086805344,-0.07696685027331114,-0.05453785927966238,0.017400065436959267,0.00789758563041687,0.029418504983186704,,,,0.0
DiagReachK2,180,0,0,KL,raw,1.3378307056170853,0.4309778993783512,0.2834139891809278,0.6051227494796598,0.48542797565460205,0.43012124449014666,0.5511740311980245,1.3239890336990356,1.3157065004110335,1.3333898037672043,0.9068528062387341,0.7327079561374253,1.0544167164361573,-0.05445007627625087,-0.2072600067292052,0.12625325041998983,-0.8385610580444336,-0.8926712453365326,-0.7724180817604065,0.5381507873535156,0.48047189339995383,0.6069311991333961,-0.06223649904131889,-0.07254065461456775,-0.05203464487567544,0.009513781405985355,0.005479318276047707,0.013154040090739724,,,,0.0
DiagReachK2,180,0,0,KL,penalty,-0.11975803021740854,0.012164505243044979,-0.005076265052904369,0.03338690489445024,0.05892171710729599,0.025642750225961207,0.0968114960938692,0.0,0.0,0.0,-0.13192253546045352,-0.15314493511185878,-0.11468176516450418,-0.04675721186425101,-0.07854419124737692,-0.019081536694293456,0.05892171710729599,0.025642750225961207,0.0968114960938692,0.06322447955608368,0.029842811124399304,0.10229832008481024,0.0035835132002830505,-0.0030196514213457703,0.010293368645943697,-0.007886283099651337,-0.019389028148725628,0.0009506461676210149,,,,0.0
DiagReachK2,180,0,0,KL,cost_0,0.5797600938195491,0.14699482868945735,0.05867778248118856,0.23456935978208704,0.24192512035369873,0.2020238157361746,0.28234823048114777,0.08382248133420944,0.07394763603806495,0.09353078585118052,0.4327652651300917,0.34519073403746203,0.5210823113383605,-0.09493029166424138,-0.1876532014570864,-0.0012260788444048727,0.1581026315689087,0.11869876310229302,0.2007799807935953,0.3140639364719391,0.2616746544837952,0.36567056179046625,-0.07532232999801636,-0.09230143018066883,-0.05797146810218693,0.003183573018759489,-0.0021877387538552285,0.00795409511774778,0.028136134147644043,1.5594117641448975,0.3565286429940744,0.0
DiagReachK2,180,0,0,KL,cost_1,0.3303766213328741,0.2509520921419172,0.1272230231223216,0.36926568732624415,0.3049219846725464,0.2672262407839298,0.34202309027314187,0.6255630850791931,0.6166046470403671,0.6342741191387177,0.07942452919095688,-0.03888906599337011,0.20315359821055248,-0.05396989253062917,-0.1838075005759648,0.07095731364083381,-0.32064110040664673,-0.3599654667079449,-0.28220735788345336,0.3036237955093384,0.2684065654873848,0.33814150020480155,0.0009700336959213018,-0.005202902317978442,0.007037586858496064,0.0003281456883996725,-0.0016203980485443026,0.0021639823156874628,-0.31322646141052246,1.322800636291504,0.3261014018203004,0.0
DiagReachK2,180,0,0,W2,shaped,1.4705034978292555,0.41003976320819446,0.25049805367837247,0.5872857000534333,0.4453459680080414,0.3652158059179783,0.5314194157719612,1.3313555717468262,1.323158511519432,1.3405898958444595,1.060463734621061,0.883217797775822,1.220005444150883,-0.03530620479984692,-0.1939890090573681,0.15235350702701364,-0.8860095739364624,-0.9603225573897362,-0.8011680334806442,0.49061691761016846,0.40920339822769164,0.5789208948612212,-0.07003359496593475,-0.08152627181261778,-0.0581908755004406,0.024762731045484543,0.014853686466813088,0.03737231791019439,,,,0.0
DiagReachK2,180,0,0,W2,raw,1.3767718378916158,0.4267884310797519,0.26996794151352854,0.6058779693545304,0.49984923005104065,0.44330115243792534,0.5628789305686951,1.3313555717468262,1.323158511519432,1.3405898958444595,0.949983406811864,0.770893868537085,1.1068038963780873,-0.07306079897128875,-0.22774039571597823,0.1118100528838476,-0.8315063714981079,-0.8855760559439659,-0.7654930472373963,0.5562096834182739,0.5000054612755775,0.6232078567147254,-0.07265949249267578,-0.08323664404451847,-0.062030916661024095,0.01629919558763504,0.012340438924729824,0.020126813463866706,,,,0.0
DiagReachK2,180,0,0,W2,penalty,-0.09373162311209143,0.016748673558614324,0.00260333479593053,0.035159018496740475,0.05450335890054703,0.02371531678363681,0.09010730683803558,0.0,0.0,0.0,-0.11048029667070576,-0.12889064160883193,-0.09633495790802196,-0.0377546853419327,-0.06378277563582598,-0.014797853847484005,0.05450335890054703,0.02371531678363681,0.09010730683803558,0.06559279561042786,0.030964793218299747,0.10719011146575211,-0.002625931054353714,-0.009986372571438551,0.002605088474228974,-0.008463508449494839,-0.020621489360928537,-8.936738595368372e-06,,,,0.0
DiagReachK2,180,0,0,W2,cost_0,0.5706208602521459,0.12274329213086263,0.03232176815239869,0.21450010339325085,0.22688958048820496,0.1900866527110338,0.2644870519638061,0.0783463791012764,0.06877160724252462,0.087825140543282,0.4478775681212832,0.356120756858895,0.5382990920997471,-0.10414628835734233,-0.19845934353720432,-0.006412394200308573,0.14854320883750916,0.11214833240956068,0.18906376212835307,0.3138701915740967,0.26469413936138153,0.363107031583786,-0.09204886853694916,-0.11125095132738352,-0.07261939682066441,0.0050683156587183475,-0.0009269729256629944,0.010509288311004637,0.028136134147644043,1.5594117641448975,0.35500543739950724,0.0
DiagReachK2,180,0,0,W2,cost_1,0.36665963601470025,0.2583758787598611,0.13572207037728304,0.3849507792230064,0.3151320219039917,0.2805893778800964,0.35042230933904644,0.6488766074180603,0.6396065473556518,0.6578333303332329,0.10828375725483913,-0.01829114320830617,0.2309375656374171,-0.05675614314413058,-0.18607487729087546,0.08354049318598548,-0.3337445855140686,-0.36973870992660524,-0.2973456226289272,0.32619184255599976,0.29170704409480097,0.36059759259223934,-0.014984163455665112,-0.02100099823437631,-0.009136359044350686,0.003924368415027857,0.002139667421579361,0.005399382160976528,-0.31322646141052246,1.322800636291504,0.33214857093393807,0.0
DiagReachK2,180,6,1,KL,shaped,3.5431965724474908,0.5307259575748916,0.21396611454586428,0.8132760129921146,0.5560109615325928,0.3348765268921852,0.7817695528268814,-0.6495317816734314,-0.663634991645813,-0.6355089858174324,3.012470614872599,2.729920559455376,3.3292304579016263,-0.02528500395770117,-0.28370586503901535,0.22561145419877995,1.205542802810669,0.9918581068515777,1.429910659790039,0.5350098609924316,0.30861900746822357,0.763578650355339,0.01637568697333336,0.0034720707219094036,0.03038240578025579,0.004625458270311356,-0.0022060075309127567,0.011306388746015718,,,,0.0
DiagReachK2,180,6,1,KL,raw,-0.36385860053281305,-0.31545942936843113,-0.3926901865577617,-0.23933335684536522,-0.3342602849006653,-0.3686932519078255,-0.29808689057827,-0.6495317816734314,-0.663634991645813,-0.6355089858174324,-0.048399171164381916,-0.12452524368744788,0.02883158602494867,0.01880085553223415,-0.052935669528529,0.09580262629387415,0.3152714967727661,0.2792177192866802,0.3530307292938232,-0.35517042875289917,-0.3876473121345043,-0.3206907853484154,0.022902946919202805,0.01789375822991133,0.028087916225194926,-0.001992877572774887,-0.0034654431976377962,-0.0006046763621270664,,,,0.0
DiagReachK2,180,6,1,KL,penalty,-3.9070551678028664,-0.8461854306060295,-1.1435869848616316,-0.5128762934429749,-0.8902711868286133,-1.1073882788419724,-0.671717931330204,0.0,0.0,0.0,-3.060869737196837,-3.3941788743598917,-2.763468182941235,0.044085756222583816,-0.2184165827063164,0.32052512916016246,-0.8902711868286133,-1.1073882788419724,-0.671717931330204,-0.8901801705360413,-1.1018812477588653,-0.6718514204025269,0.00652729906141758,-0.006527030910365284,0.019457862433046095,-0.006618378218263388,-0.013219418795779347,2.2605829872185325e-05,,,,0.0
DiagReachK2,180,6,1,KL,cost_0,-1.2631909135562287,-0.6422336081286506,-0.799014491548516,-0.4823499895873079,-0.5941699743270874,-0.6386525198817253,-0.552070450782776,-1.037579894065857,-1.0429956704378127,-1.031726250052452,-0.6209573054275781,-0.7808409239689208,-0.46417642200771275,-0.0480636338015632,-0.21226823853099558,0.11113725521656569,0.44340991973876953,0.3996709331870079,0.4850824072957039,-0.6035206913948059,-0.6473496273159981,-0.5623244121670724,0.009393958374857903,0.0058579010423272845,0.013331547938287254,-4.3323030695319176e-05,-0.0018791664391756059,0.0016755337361246347,1.030324935913086,0.346951961517334,0.7223954716725133,0.0
DiagReachK2,180,6,1,KL,cost_1,-0.9901724222589626,-0.39384392822295866,-0.561701587225982,-0.2476113214662491,-0.4991138279438019,-0.5599359974265099,-0.43548431247472774,-0.8118612766265869,-0.8174482941627502,-0.8065247386693954,-0.596328494036004,-0.7425611007927135,-0.42847083503298083,0.10526989972084322,-0.04406881276468907,0.24888788382893315,0.31274744868278503,0.25176930278539655,0.37427395060658436,-0.5096590518951416,-0.5675223290920257,-0.4486860044300557,0.029307719320058823,0.021966780070215464,0.037368417531251905,-0.018762623891234398,-0.02148650763556361,-0.01610499368980527,0.36059999465942383,-0.25059032440185547,0.6693455318065303,0.0
DiagReachK2,180,6,1,W2,shaped,3.4684051979268604,0.5168117060235424,0.2051519671744028,0.7935203217380453,0.5452748537063599,0.3307620003819466,0.7646664962172507,-0.6281684041023254,-0.6421337589621544,-0.6141080364584923,2.951593491903318,2.674884876188815,3.2632532307524578,-0.028463147682817436,-0.2825579149955416,0.21201705094469328,1.17344331741333,0.964689415693283,1.39296452999115,0.5250049233436584,0.30493036583065986,0.748989363014698,0.015082511119544506,0.002108835382387042,0.029049399262294166,0.0051872618496418,-0.0011576497927308083,0.011433555046096439,,,,0.0
DiagReachK2,180,6,1,W2,raw,-0.35542655689288943,-0.3090842200387129,-0.3846139099336181,-0.2328689576303333,-0.3277822434902191,-0.36167195737361907,-0.2931148670613766,-0.6281684041023254,-0.6421337589621544,-0.6141080364584923,-0.04634233685417655,-0.1225575992625562,0.029187353040728656,0.01869802345150623,-0.0516044168424998,0.09444413255960557,0.3003861606121063,0.26513547226786616,0.33746039122343063,-0.3471730947494507,-0.3791023187339306,-0.31381876915693285,0.021365610882639885,0.01640358231961727,0.026619373029097913,-0.0019746627658605576,-0.0033671585842967033,-0.0006259906105697177,,,,0.0
DiagReachK2,180,6,1,W2,penalty,-3.8238317482808952,-0.8258959687456869,-1.1152010012972295,-0.49665761010057613,-0.8730568289756775,-1.086999100446701,-0.660217659175396,0.0,0.0,0.0,-2.9979357795352084,-3.327174138180319,-2.708630746983666,0.04716086022999055,-0.20851368487785527,0.31944616384141633,-0.8730568289756775,-1.086999100446701,-0.660217659175396,-0.8721779584884644,-1.0806919455528259,-0.6598097771406174,0.006283152848482132,-0.007194562756922096,0.01890558484010398,-0.00716199167072773,-0.013042409345507622,-0.0010329043027013547,,,,0.0
DiagReachK2,180,6,1,W2,cost_0,-1.241963254834633,-0.6219861185664265,-0.7756398563136776,-0.46739069714120246,-0.579221248626709,-0.6233252346515655,-0.5374994143843651,-1.0129640102386475,-1.0183597534894944,-1.0071355044841765,-0.6199771362682066,-0.7745725576934307,-0.46632339852095556,-0.04276486993971751,-0.20348533744792488,0.11288087026129759,0.4337427616119385,0.3911652237176895,0.4745053350925445,-0.5882139205932617,-0.6310738116502762,-0.5472885921597481,0.009251337498426437,0.005800722888670862,0.012905620597302908,-0.00025889906100928783,-0.0019740115851163862,0.00137211550027132,1.030324935913086,0.346951961517334,0.7259334147927792,0.0
DiagReachK2,180,6,1,W2,cost_1,-0.9646473304850371,-0.385732004254175,-0.5498962446760197,-0.24476543405160545,-0.4899848401546478,-0.5492297649383545,-0.42668100595474245,-0.7880392074584961,-0.7934217855334282,-0.7829654395580292,-0.5789153262308622,-0.7198818964334318,-0.4147510858090175,0.10425283590047285,-0.041140820961321996,0.24382110755249253,0.29805436730384827,0.23869070410728455,0.35983749628067,-0.4999901056289673,-0.5556558415293693,-0.4396534286439419,0.028183430433273315,0.020832037134096027,0.0360941887833178,-0.018178019672632217,-0.02090046713128686,-0.015622119512408973,0.36059999465942383,-0.25059032440185547,0.6735997137688513,0.0
DiagReachK2,180,12,2,KL,shaped,0.7818992890256766,-0.18957305087053358,-0.44441323618958734,0.02983405779483215,-0.2559153735637665,-0.37298547849059105,-0.1430194757878781,-0.06926388293504715,-0.08721208740025758,-0.05426015313714746,0.9714723398962102,0.7520652312308445,1.2263125252152638,0.0663423226932329,-0.16484377993889576,0.336045852756745,-0.18665149807929993,-0.30923170074820516,-0.07593625374138357,-0.325599730014801,-0.44430305287241934,-0.20729116648435592,0.08228471130132675,0.06748186070472002,0.09912040978670117,-0.012600405141711235,-0.019456399045884608,-0.006622600555419923,,,,0.59375
DiagReachK2,180,12,2,KL,raw,0.7842907096464055,0.2340791210811048,0.15578047000597162,0.3223207428788029,0.23246288299560547,0.19754936173558235,0.27213180586695673,-0.0036556273698806763,-0.006169428676366806,-0.0013246759772300722,0.5502115885653007,0.4619699667676025,0.6285102396404337,0.001616238085499322,-0.07770846715073361,0.08840149229597094,0.23611851036548615,0.20070639438927174,0.275788389891386,0.17650669813156128,0.1467025727033615,0.21040825024247167,0.05529151111841202,0.0478091417811811,0.06337751001119614,0.0006647389382123947,-0.0012524695135653018,0.002506543416529894,,,,0.59375
DiagReachK2,180,12,2,KL,penalty,0.0023913997871153224,0.4236521602628028,0.1915331818523342,0.6629002514393292,0.48837846517562866,0.3928938195109367,0.5874237000942231,0.06560825556516647,0.05218236763030291,0.08164642099291085,-0.42126076047568745,-0.6605088516522141,-0.18914178206521895,-0.06472630491282588,-0.34451988581280857,0.17350778588024357,0.4227702021598816,0.3267694763839245,0.5273079544305801,0.5021064877510071,0.40440780445933344,0.6072314411401749,-0.026993239298462868,-0.04675888055935502,-0.010744444350712024,0.01326515432447195,0.006952911755070091,0.020221723103895785,,,,0.59375
DiagReachK2,180,12,2,KL,cost_0,0.41276580922714723,0.14680608099278095,0.005282373152684957,0.3018516722314457,0.1601141095161438,0.14566607177257537,0.17447524107992649,0.15681274235248566,0.15457536689937115,0.15892745964229107,0.2659597282343663,0.11091413699570149,0.4074834360744622,-0.013308028523362853,-0.16066268698047723,0.14539230625861865,0.003301367163658142,-0.011857649683952332,0.017799650132656088,0.12312182039022446,0.11159742027521133,0.13489914499223232,0.03498668596148491,0.025071105593815445,0.045746419578790665,0.002005599671974778,9.017148986458783e-05,0.004032023902982473,-0.9819364547729492,-1.4631586074829102,0.7771926436704262,0.59375
DiagReachK2,180,12,2,KL,cost_1,1.1700023610135784,0.6579122145294247,0.5223212219327161,0.8170639371367799,0.49474745988845825,0.4655641995370388,0.5255701065063476,0.5775367021560669,0.5746838226914406,0.5802151665091515,0.5120901464841536,0.3529384238767984,0.6476811390808622,0.16316475464096647,0.02829680413291942,0.33180376348180796,-0.08278924226760864,-0.11183556392788888,-0.051416747272014646,0.45940065383911133,0.4325096994638443,0.48805628195405004,0.026547398418188095,0.016801461670547725,0.03595471177250146,0.00879922229796648,0.006199649581685662,0.011447481764480471,-0.47119951248168945,-1.0844602584838867,0.9216263923171638,0.59375
DiagReachK2,180,12,2,W2,shaped,0.8581236365364011,-0.2367308219114824,-0.5338680285395399,0.03148092664236064,-0.3033715784549713,-0.4361651547253132,-0.17316152639687063,-0.14135709404945374,-0.16702520698308945,-0.12090772204101088,1.0948544584478834,0.8266427098940405,1.3919916650759407,0.06664075654348892,-0.2057155171037966,0.3808951373629588,-0.16201448440551758,-0.30600287243723867,-0.03430348969995976,-0.3846210837364197,-0.5251101538538933,-0.25042644999921326,0.09806334972381592,0.08090674392879009,0.11659548636525864,-0.016813896596431732,-0.02488666884601116,-0.009134439565241338,,,,0.84375
DiagReachK2,180,12,2,W2,raw,0.871984175631213,0.2634789766259438,0.17154723810479797,0.36356924107093047,0.25905942916870117,0.2206806518137455,0.30275607481598854,-0.013910055160522461,-0.016575631126761435,-0.011461791023612023,0.6085051990052692,0.5084149345602824,0.7004369375264151,0.004419547457242601,-0.0849927923331149,0.10434393615669393,0.27296948432922363,0.23330524563789368,0.3173980057239532,0.19269081950187683,0.16014346480369568,0.22941871248185633,0.06543441861867905,0.05693540442734957,0.0747222762554884,0.0009342413395643234,-0.0013574616983532905,0.003120714239776133,,,,0.84375
DiagReachK2,180,12,2,W2,penalty,0.013860513769378474,0.5002097836956153,0.23168274392659086,0.7962523274607735,0.5624309778213501,0.4533458538353443,0.6782558947801589,0.1274470090866089,0.10928241685032844,0.1511451683938503,-0.48634926992623684,-0.7823918136913951,-0.21782223015721247,-0.06222119412573479,-0.3810839212999681,0.21488326511950886,0.4349839687347412,0.3225542947649956,0.5565279364585876,0.5773118734359741,0.46155516505241395,0.6993159458041192,-0.032628849148750305,-0.05471245115622878,-0.013969125482253734,0.017748093232512474,0.010220497380942106,0.02549799093976616,,,,0.84375
DiagReachK2,180,12,2,W2,cost_0,0.463770522477022,0.1590331229316757,-0.001059763195830497,0.33407057027181464,0.17294970154762268,0.15767340920865536,0.18912842907011507,0.1706385314464569,0.16840918809175492,0.1727434903383255,0.3047373995453463,0.1296999522052073,0.4648302856728525,-0.013916578615946973,-0.17890476974939115,0.16141030106094587,0.0023111701011657715,-0.013659628108143806,0.01891258507966995,0.12854896485805511,0.11638235263526439,0.14074872881174086,0.0410892628133297,0.029682360077276825,0.05392352938652038,0.003311504377052188,0.0009961935691535472,0.005576008092612027,-0.9819364547729492,-1.4631586074829102,0.785693429212072,0.84375
DiagReachK2,180,12,2,W2,cost_1,1.3170509955062422,0.7585843038674183,0.6081874856953402,0.9387903570869156,0.5677511692047119,0.53624237626791,0.6012861013412475,0.6785449981689453,0.6755653768777847,0.6812831535935402,0.5584666916388239,0.3782606384193265,0.708863509810902,0.19083313466270635,0.04032455248836021,0.3787655615905719,-0.1107938289642334,-0.14227954149246216,-0.07594723254442218,0.5274437665939331,0.4987217724323273,0.5589398071169853,0.029338283464312553,0.01864066277630627,0.0396031618118286,0.01096922717988491,0.007924899645149707,0.014040194964036344,-0.47119951248168945,-1.0844602584838867,0.9461344980659411,0.84375
DiagReachK2,180,18,3,KL,shaped,2.4743805154610365,0.390740832186069,-0.045728681302162746,0.9002530801529548,0.23823101818561554,0.08411930855363607,0.41789783164858807,-0.08163373172283173,-0.09200138133019209,-0.07264999467879533,2.0836396832749675,1.5741274353080819,2.520109196763199,0.15250981400045344,-0.250712043198511,0.5877979384831297,0.31986474990844727,0.16910788491368295,0.49566819593310346,0.2505316138267517,0.11504066530615091,0.41534184366464616,-0.008753417059779167,-0.037431223783642054,0.020094597525894632,-0.003547125495970249,-0.025352463778108358,0.013479517051018774,,,,0.3828125
DiagReachK2,180,18,3,KL,raw,0.036245399049162574,0.03741723836498882,-0.03972070960904559,0.11684912653935882,0.05017631873488426,0.019350038003176452,0.08526782989501952,-0.053224533796310425,-0.057131878472864626,-0.04981163367629051,-0.001171839315826248,-0.08060372749019631,0.07596610865820816,-0.01275908036989544,-0.0792569876417589,0.05910659761102439,0.10340085625648499,0.07149663288146257,0.13949711322784422,0.07333829253911972,0.036332139372825624,0.11364016570150852,-0.012846296653151512,-0.025267943693324923,-0.002948425430804493,-0.010315684601664543,-0.013692329823970794,-0.006949591403827071,,,,0.3828125
DiagReachK2,180,18,3,KL,penalty,-2.438134975671481,-0.3533236048057229,-0.8609375734743249,0.0873920898211525,-0.18805471062660217,-0.37034143283963206,-0.014247367088682978,0.02840917930006981,0.020483408216387035,0.037744487076997756,-2.0848113708657583,-2.525527065492634,-1.5771974021971567,-0.16526889417912072,-0.6016769062755539,0.24842621288974007,-0.21646389365196228,-0.3961919374763966,-0.04723776262253527,-0.177193284034729,-0.33910069763660433,-0.025493526877835477,-0.004092853982001543,-0.03219993487000465,0.0208501448854804,-0.006768585182726383,-0.02351779444143176,0.015061483718454834,,,,0.3828125
DiagReachK2,180,18,3,KL,cost_0,0.19868012102685362,0.23933074408944063,0.11023412827997453,0.38114636155001763,0.18221060931682587,0.1507973451167345,0.21354181952774523,0.23935943841934204,0.23605655133724213,0.24267264269292355,-0.040650623062587016,-0.18246624052316407,0.08844599274687888,0.05712013477261477,-0.07510906528941708,0.20113182145206557,-0.057148829102516174,-0.08927222676575183,-0.026069757714867636,0.20224566757678986,0.17489699684083462,0.23348422199487687,-0.009709321893751621,-0.01869910382665694,-0.001208275964017958,-0.010325770825147629,-0.012751201330684126,-0.008315749000757936,0.5065350532531738,-0.23596811294555664,0.9470529884633786,0.3828125
DiagReachK2,180,18,3,KL,cost_1,-0.5973592998129125,-0.1712601819698768,-0.41685647714883656,0.054715150912750914,-0.13446080684661865,-0.20075552687048911,-0.06257043872028596,-0.13868972659111023,-0.1451766949146986,-0.13228058405220508,-0.42609911784303567,-0.6520744507256637,-0.18050282266407594,-0.03679937512325815,-0.25466155055235895,0.17133410661290077,0.004228919744491577,-0.0642495822161436,0.0791630698367953,-0.12296384572982788,-0.18773902468383313,-0.05020902734249834,0.015386788174510002,0.0038456611218862236,0.02700868654064834,-0.026883717626333237,-0.03182117026299238,-0.02234882162883878,0.5930881500244141,-0.2407822608947754,0.7661034067216517,0.3828125
DiagReachK2,180,18,3,W2,shaped,2.577581853439141,0.40928426380309824,-0.05595157389582577,0.9560099302978288,0.24212616682052612,0.07981238588690757,0.43117368221282953,-0.08855198323726654,-0.09856520853936672,-0.08022726830095053,2.168297589636043,1.6215719231413122,2.6335334273349664,0.1671580969825721,-0.2626230650306903,0.627492046679895,0.33067816495895386,0.17347000278532504,0.5152265369892118,0.25880226492881775,0.118642533197999,0.43008142709732045,-0.012231668457388878,-0.04272158900275826,0.018509507132694097,-0.00444445013999939,-0.0292125107254833,0.0154008075594902,,,,0.34375
DiagReachK2,180,18,3,W2,raw,0.018984792742518415,0.02271338152170975,-0.057022188715338,0.1067696403125729,0.033733658492565155,0.0009136419743299485,0.0696534929797053,-0.06401624530553818,-0.06823322903364896,-0.06032850202172994,-0.0037285887791913344,-0.0877848475700545,0.07600698145785637,-0.011020276970855405,-0.08070189175391726,0.0662177995939121,0.09774990379810333,0.06433917060494423,0.1357886116951704,0.06174536421895027,0.022931303642690182,0.10443647447973484,-0.016182396560907364,-0.029557374026626348,-0.0056994020007550845,-0.011829309165477753,-0.01565669234842062,-0.008018127549439669,,,,0.34375
DiagReachK2,180,18,3,W2,penalty,-2.558596912779921,-0.3865708938826999,-0.9291481125765327,0.08019326802307893,-0.20839248597621918,-0.40191458761692045,-0.024521974194794943,0.02453574910759926,0.017279004491865636,0.033275443408638236,-2.1720260188972214,-2.6387901808030003,-1.629448800203389,-0.1781784079064807,-0.6453270756483674,0.2619241290615508,-0.23292823135852814,-0.4267223499715328,-0.0534964982420207,-0.19705691933631897,-0.3742383077740669,-0.03558563254773617,-0.003950787708163261,-0.03362835757434368,0.022417844878509625,-0.007384819909930229,-0.02734254589304328,0.017832467053085558,,,,0.34375
DiagReachK2,180,18,3,W2,cost_0,0.19821092550720856,0.23124133168136318,0.09529891730309817,0.3822431814614324,0.17090311646461487,0.13772425167262553,0.20311453677713867,0.2253980189561844,0.22187791392207146,0.2289425428956747,-0.03303040617415462,-0.18403225595422393,0.10291200820411019,0.060338215216748314,-0.08013030248487306,0.21483527888453807,-0.05449490249156952,-0.08884336687624454,-0.02050057463347913,0.1940426081418991,0.16492542661726475,0.22614594623446466,-0.01172819547355175,-0.021258377749472857,-0.002786840719636542,-0.0114113325253129,-0.014152518007904291,-0.009042401262558997,0.5065350532531738,-0.23596811294555664,0.9469747892101044,0.34375
DiagReachK2,180,18,3,W2,cost_1,-0.6372096331560491,-0.2021370864474044,-0.45949150638844366,0.03738162667468692,-0.16648460924625397,-0.23744052983820438,-0.09060154166072612,-0.1707972288131714,-0.1776299722492695,-0.16402691677212716,-0.43507254670864465,-0.6745912598307361,-0.17771812676760554,-0.035652477201150445,-0.26184235976126186,0.1812150624870366,0.004312619566917419,-0.06848841570317746,0.08352169673889873,-0.14996950328350067,-0.21921180076897145,-0.07219418939203026,0.014652598649263382,0.0021688876440748572,0.027112150145694593,-0.031167710199952126,-0.03701001750305295,-0.02589872088283301,0.5930881500244141,-0.2407822608947754,0.7594616844977956,0.34375
DiagReachK2,180,24,4,KL,shaped,0.9880108880702281,0.05972052875130643,-0.18391580100565352,0.2774918077408985,0.17868365347385406,0.07800396103411913,0.27142961472272864,-0.02518896758556366,-0.029910128563642502,-0.02005907539278269,0.9282903593189217,0.7105190803293294,1.1719266890758813,-0.11896312472254764,-0.3647543310585588,0.11540099966484861,0.20387262105941772,0.10492698941379786,0.29533066749572756,0.1396155059337616,0.0463745579123497,0.22413588054478165,0.04049091041088104,0.02147698667831719,0.06299742087721824,-0.0014227554202079773,-0.00790937659330666,0.005630945693701504,,,,0.0078125
DiagReachK2,180,24,4,KL,raw,0.14509108282269545,0.2168487479223014,0.15074171072837025,0.2980477030591635,0.1351684182882309,0.10883161760866641,0.16642700433731075,-0.024902239441871643,-0.029621685110032558,-0.019843672402203083,-0.07175766509960596,-0.15295662023646805,-0.00565062790567483,0.08168032963407051,0.018565829208635098,0.1459144065031779,0.16007065773010254,0.13363432474434375,0.19029607251286507,0.11520995944738388,0.09223135635256767,0.1422608859837055,0.02298717387020588,0.016400123387575148,0.030897911405190822,-0.0030287299305200577,-0.004401989514008164,-0.0015572163276374362,,,,0.0078125
DiagReachK2,180,24,4,KL,penalty,-0.8429197985956465,0.157128210647739,-0.05035488377069123,0.39002697537298664,-0.043515272438526154,-0.1339320044964552,0.054706851858645635,0.00028672628104686737,0.0,0.0008601788431406021,-1.0000480092433854,-1.2329467739686333,-0.7925649148249554,0.20064348308626515,-0.02834954599686922,0.44818765081959105,-0.04380200058221817,-0.1339320044964552,0.05442012455314394,-0.024405574426054955,-0.11016958840191364,0.06650826632976517,-0.017503736540675163,-0.04150385307148099,0.0023580575478262932,-0.001605964731425047,-0.008417545026168228,0.004699452966451643,,,,0.0078125
DiagReachK2,180,24,4,KL,cost_0,0.5652580159721315,0.43457219687756493,0.30340782335724403,0.552405856123813,0.39053747057914734,0.36321591809391973,0.41660610511898993,0.594735860824585,0.5931964129209518,0.5963354423642159,0.1306858190945666,0.012852159848318515,0.26185019261488746,0.04403472629841759,-0.10452412362231661,0.17034779337569317,-0.20419839024543762,-0.23141513392329216,-0.17783888354897498,0.39131638407707214,0.36805273666977883,0.4132494002580643,-0.003194342367351055,-0.013480686978437007,0.006222049659118054,0.002415454015135765,0.00027727845590561626,0.004638388962484896,-0.15887737274169922,-0.34644365310668945,0.8927410426705668,0.0078125
DiagReachK2,180,24,4,KL,cost_1,-0.33974734187207883,0.06705320558125101,-0.07377155833206778,0.21910744393874132,-0.10661831498146057,-0.14522025361657143,-0.07040540743619204,-0.3413547873497009,-0.34568787887692454,-0.33707535490393636,-0.40680054745332983,-0.5588547858108203,-0.26597578354001117,0.17367152056271157,0.04630268602494998,0.3260457922300214,0.23473647236824036,0.19690683484077454,0.27179716229438783,-0.1283843219280243,-0.16288139000535012,-0.09358905497938397,0.02802586741745472,0.018108792137354612,0.03660750100389122,-0.006259911227971315,-0.008718326035887004,-0.0041807622183114325,0.38295412063598633,-0.2278280258178711,0.8440657601752508,0.0078125
DiagReachK2,180,24,4,W2,shaped,1.0153913972064705,0.07690549551852752,-0.1682036740309905,0.2957592191944805,0.19693458080291748,0.09143404085189104,0.2943702705204487,-0.03210509568452835,-0.03689439110457897,-0.02680323012173176,0.938485901687943,0.71963217801199,1.1835950712374608,-0.12002908528438996,-0.3709257083733176,0.12134150668819305,0.22903966903686523,0.12413002401590348,0.3231489449739456,0.15177516639232635,0.05719263209030032,0.23993349373340594,0.04631630331277847,0.02596559701487422,0.0706550944596529,-0.0011568786576390266,-0.008234649524092674,0.006395558826625343,,,,0.0078125
DiagReachK2,180,24,4,W2,raw,0.13510114872581908,0.21643552524267243,0.1500975707958457,0.29860550111992357,0.13224922120571136,0.1052778484299779,0.16403396353125568,-0.031890176236629486,-0.036767369322478774,-0.026752792485058307,-0.08133437651685335,-0.16350435239410457,-0.014996422070026655,0.08418630403696106,0.01997924752389435,0.15028416463287791,0.16413938999176025,0.13733459785580635,0.1951755028218031,0.10935978591442108,0.08639854677021504,0.13574518039822578,0.02602705918252468,0.01918920185416937,0.03408301854506134,-0.003137623891234398,-0.004601025953888893,-0.001556982006877661,,,,0.0078125
DiagReachK2,180,24,4,W2,penalty,-0.8802902394894876,0.13953001983828195,-0.0705500732192935,0.3706732009279479,-0.06468535959720612,-0.16073952093720437,0.03796092709526412,0.00021492131054401398,0.0,0.0006447639316320419,-1.0198202593277697,-1.2509634404174355,-0.8097401662701942,0.20421537943548806,-0.029939015195181454,0.44911147477649876,-0.06490027904510498,-0.16098130866885185,0.03774600476026528,-0.04241538047790527,-0.1300926201045513,0.0541266033425927,-0.02028922364115715,-0.046375157218426465,0.0009313293849117671,-0.0019807484932243824,-0.009408742724917828,0.0049560638144612226,,,,0.0078125
DiagReachK2,180,24,4,W2,cost_0,0.560412545803824,0.4323633176211262,0.29736561592460553,0.5551975021744029,0.3895394802093506,0.3609034538269043,0.4165221072733402,0.5862234234809875,0.5845402404665947,0.5879640683531762,0.12804922818269787,0.005215043629420987,0.2630469298792184,0.04282383741177559,-0.11047531541723549,0.17154225570938558,-0.19668394327163696,-0.22523472383618354,-0.16917418614029886,0.38994550704956055,0.36596847176551817,0.41293116584420203,-0.0034259501844644547,-0.014161640219390393,0.006254175072535866,0.0030199848115444183,0.0007319222437217832,0.005440801288932561,-0.15887737274169922,-0.34644365310668945,0.8919334643091822,0.0078125
DiagReachK2,180,24,4,W2,cost_1,-0.36983630929205197,0.047015797346705565,-0.09603875553459876,0.20150420321632612,-0.13009782135486603,-0.1708123005926609,-0.09206183329224586,-0.3818954527378082,-0.3863807931542397,-0.3774937652051449,-0.41685210663875755,-0.5713405125083781,-0.27379755375745335,0.1771136187015716,0.04942594061842774,0.33011554467259047,0.251797616481781,0.21225031092762947,0.2906623475253582,-0.15264275670051575,-0.18848887234926223,-0.11637607552111148,0.030480366200208664,0.019631419191136958,0.03973078625276684,-0.007935425266623497,-0.010624671960249544,-0.005650998186320067,0.38295412063598633,-0.2278280258178711,0.8390509322719221,0.0078125
DiagReachK2,186,0,5,KL,shaped,1.0723773812274835,0.4815623951600483,0.26198966895832426,0.7047150250605171,0.47719305753707886,0.38742628395557405,0.5578807011246681,1.0322957038879395,1.0238845229148865,1.0411734133958817,0.5908149860674352,0.3676623561669663,0.8103877122691592,0.004369337622969427,-0.23457755059599356,0.23881105887742912,-0.5551026463508606,-0.6441548109054566,-0.4732869625091553,0.49483874440193176,0.4227761931717396,0.5643520206212997,0.005955389700829983,-0.01520923082716763,0.025508948042988765,-0.023601027205586433,-0.030372404307127,-0.017720676213502887,,,,0.0
DiagReachK2,186,0,5,KL,raw,0.26410371425847406,0.43268959768628146,0.3360398030682245,0.5393929477598576,0.4504621922969818,0.3999113067984581,0.5016861528158187,1.0322957038879395,1.0238845229148865,1.0411734133958817,-0.1685858834278074,-0.27528923350138357,-0.07193608880975055,-0.017772594610700354,-0.12175099295508725,0.08255808960813844,-0.5818334817886353,-0.6323345720767974,-0.5287682712078094,0.434373676776886,0.38094260841608046,0.4854587450623512,0.03707106411457062,0.029607749683782457,0.04480909314006566,-0.020982418209314346,-0.02318346668034792,-0.01861758641898632,,,,0.0
DiagReachK2,186,0,5,KL,penalty,-0.8082737396592906,-0.04887279854761159,-0.2893843315543157,0.19092505245985858,-0.026730749756097794,-0.08672897554934025,0.049682537466287556,0.0,0.0,0.0,-0.759400941111679,-0.9991987921191495,-0.5188894081049751,-0.022142048791513796,-0.2760686383558325,0.20760078019180667,-0.026730749756097794,-0.08672897554934025,0.049682537466287556,-0.06046503037214279,-0.11634653937071562,0.0031475088675505932,0.031115669757127762,0.011159141035750508,0.053028332255780686,0.0026186248287558556,-0.0027940841391682625,0.008872515312395983,,,,0.0
DiagReachK2,186,0,5,KL,cost_0,-0.25006544045752854,-0.1622966952962376,-0.33027302254995516,0.007747917370509723,-0.016679581254720688,-0.0413727686740458,0.009233707911334927,0.07958032190799713,0.07460128907114268,0.08501977920532226,-0.08776874516129093,-0.25781335782803827,0.08020758209242654,-0.14561711404151692,-0.31602380108778655,0.026431015387374076,-0.09625990688800812,-0.12133122459053994,-0.07178697213530541,-0.027429956942796707,-0.05204588770866394,-0.0022315336565952833,0.014457088895142078,0.007193866337183863,0.021837448189035057,-0.0037067136727273464,-0.005630660802125931,-0.0016039947513490917,-0.8358006477355957,-1.181239128112793,0.6120611636967351,0.0
DiagReachK2,186,0,5,KL,cost_1,0.7037771960475989,0.5491946413897875,0.3994673568575428,0.692775169957032,0.5355390906333923,0.4785579189658165,0.592032827436924,0.11964735388755798,0.10905396156013011,0.1305555585771799,0.15458255465781146,0.0110020260905669,0.30430983919005605,0.01365555075639513,-0.1392928482169494,0.1714150722434274,0.41589173674583435,0.35884815007448195,0.47452398315072053,0.4863116443157196,0.4320817835628986,0.5405561119318008,0.058432042598724365,0.04929731478914619,0.06759591493755579,-0.009204684756696224,-0.011952870152890682,-0.005933649931102994,0.39485859870910645,1.9191131591796875,0.4371483925378811,0.0
DiagReachK2,186,0,5,W2,shaped,1.0736967325536648,0.4773371639626809,0.2524006454427003,0.7056846973759118,0.4739523231983185,0.3836913280189037,0.5560606464743614,0.9628672003746033,0.9545426458120346,0.9717124462127685,0.5963595685909839,0.3680120351777529,0.8212960871109645,0.0033848407643624068,-0.23848457735494705,0.24591716560077176,-0.4889148771762848,-0.5817321166396141,-0.40842054784297943,0.49155518412590027,0.4165822364389896,0.5639481350779533,0.0064187198877334595,-0.017758002085611225,0.027504189591854796,-0.02402162365615368,-0.03136224411427975,-0.017460243403911592,,,,0.0
DiagReachK2,186,0,5,W2,raw,0.22084406728013312,0.3988170546428557,0.29931357999576147,0.5101594882795147,0.4179094433784485,0.36899502500891684,0.46785958483815193,0.9628672003746033,0.9545426458120346,0.9717124462127685,-0.1779729873627226,-0.2893154209993817,-0.07846951271562837,-0.01909238873559277,-0.12249211549757516,0.0873154865237113,-0.5449577569961548,-0.5933418080210686,-0.49255751296877864,0.3998798429965973,0.3476687014102936,0.4495102614164352,0.04047197103500366,0.03273242870345712,0.048678490519523616,-0.022442199289798737,-0.024877583235502244,-0.019712823536247016,,,,0.0
DiagReachK2,186,0,5,W2,penalty,-0.8528527405412343,-0.0785201111413981,-0.3212418185579432,0.1600632331366149,-0.05604280158877373,-0.12533037401735783,0.028771213348954907,0.0,0.0,0.0,-0.7743326293998362,-1.0129159736778495,-0.5316109219832913,-0.022477309552624378,-0.27964354525289625,0.21150285476106662,-0.05604280158877373,-0.12533037401735783,0.028771213348954907,-0.09167543053627014,-0.15754443667829038,-0.025482341134920806,0.034053243696689606,0.012559509323909878,0.058224853780120586,0.0015794052742421627,-0.004688712581992149,0.008834782871417698,,,,0.0
DiagReachK2,186,0,5,W2,cost_0,-0.29638810726842235,-0.19617816994239262,-0.36469552925111026,-0.028396684817656666,-0.056345801800489426,-0.08364255167543888,-0.028190774656832233,-0.017533209174871445,-0.022728679236024618,-0.011715187411755326,-0.10020993732602973,-0.26799142245076585,0.06830742198268791,-0.1398323681419032,-0.3127986476852003,0.03427569552513252,-0.03881259262561798,-0.06598453596234322,-0.012068028096109634,-0.06798140704631805,-0.09540746286511421,-0.03911147695034743,0.015572331845760345,0.007982567138969898,0.02337997960858047,-0.003936726599931717,-0.006018355488777161,-0.0016716374550014741,-0.8358006477355957,-1.181239128112793,0.6043407192282528,0.0
DiagReachK2,186,0,5,W2,cost_1,0.6972009865856404,0.5450027129979227,0.38764582235493167,0.698848293066823,0.5247555375099182,0.4665307760238647,0.580812656879425,0.08997835963964462,0.0802919790148735,0.09980545956641435,0.15219827358771776,-0.001647306481182533,0.3095551642307087,0.020247175488004476,-0.1424155314601677,0.1810671572599533,0.434777170419693,0.3765570126473904,0.49338237494230264,0.4694555401802063,0.4156310424208641,0.523335938155651,0.06570617854595184,0.05559997707605362,0.07584157120436429,-0.010406128130853176,-0.013606705144047737,-0.00659241769462824,0.39485859870910645,1.9191131591796875,0.4360523576275546,0.0
DiagReachK2,186,6,6,KL,shaped,0.5080520451556312,0.14117313138133294,-0.031787012354946464,0.3791318057872376,0.0746251791715622,0.004823481338098646,0.15257902853190894,-0.12604376673698425,-0.13443795517086982,-0.11764039900153875,0.36687891377429827,0.12892023936839325,0.5398390575105777,0.06654795220977075,-0.09412660365314571,0.26710867348902306,0.20066894590854645,0.13050930984318257,0.2806595996022224,-0.004531362093985081,-0.06344163492321968,0.0641094109043478,0.081875279545784,0.06382302399724722,0.10320497397333384,-0.0027187447994947433,-0.006757684238255024,0.0012839259579777698,,,,0.0
DiagReachK2,186,6,6,KL,raw,0.1974216928462682,-0.05109730192883438,-0.1105541961283516,0.0051450759751864895,-0.03942667692899704,-0.05961433434858918,-0.02129690777510408,-0.12604376673698425,-0.13443795517086982,-0.11764039900153875,0.2485189947751026,0.19227661687108152,0.30797588897461975,-0.011670624999837342,-0.07116450315226948,0.046445861354552836,0.08661708980798721,0.06618331633508205,0.10622953958809375,-0.09264042973518372,-0.11899641826748848,-0.07014921661466364,0.0563175305724144,0.044868651498109105,0.06847165357321498,-0.0031037721782922745,-0.00622497983276844,0.0002170369029045102,,,,0.0
DiagReachK2,186,6,6,KL,penalty,-0.31063032594189477,-0.192270425798091,-0.4363162320722992,-0.022874848346767864,-0.11405187100172043,-0.18824999816715718,-0.05298103503882887,0.0,0.0,0.0,-0.11835990014380376,-0.287755477595127,0.12568590613040437,-0.07821855479637058,-0.27857414455671226,0.06758000047334516,-0.11405187100172043,-0.18824999816715718,-0.05298103503882887,-0.08810912072658539,-0.14846157804131507,-0.038614367134869126,-0.02555777132511139,-0.049151499010622504,-0.00923606702126563,-0.00038499804213643074,-0.0027038366999477146,0.0017561276443302629,,,,0.0
DiagReachK2,186,6,6,KL,cost_0,0.2036645719283599,0.023448491690116605,-0.087846992293853,0.12955683496646705,0.09199658036231995,0.07110586538910865,0.1117551214993,0.2523236572742462,0.2512989595532417,0.2534445486962795,0.18021608023824331,0.07410773696189278,0.29151156422221286,-0.06854808867220334,-0.18267271171001034,0.02950537161108551,-0.16032707691192627,-0.18085063211619853,-0.14054499566555023,0.07835210114717484,0.05903973653912544,0.0962769640609622,0.011422275565564632,0.004848654719535261,0.01708385068923234,0.0022222306579351425,0.001172303268685937,0.0033432281808927636,-0.44277358055114746,-0.875929594039917,0.6952693513511581,0.0
DiagReachK2,186,6,6,KL,cost_1,-0.21490981728353215,-0.3028998080223194,-0.4309196089335206,-0.17888212730417943,-0.33158209919929504,-0.3605599105358124,-0.30550519451498986,-0.5664758682250977,-0.5679597169160843,-0.564927251636982,0.08798999073878727,-0.03602768997935273,0.21600979164998835,0.028682291176975627,-0.09446945022539475,0.1484798430379449,0.2348937690258026,0.20626919344067574,0.260363308340311,-0.3422437906265259,-0.36596529707312586,-0.32165978476405144,0.023343665525317192,0.008693035668693483,0.036974623799324036,-0.012682119384407997,-0.015271695097908378,-0.009996921569108964,-0.25225186347961426,-0.9411191940307617,0.5656475581220155,0.0
DiagReachK2,186,6,6,W2,shaped,0.556634413348787,0.18264507191307472,-0.05472420508667877,0.48749501045175664,0.0639205053448677,-0.02325926022604108,0.15911380574107167,-0.18832927942276,-0.19801910892128943,-0.17852509915828704,0.37398934143571233,0.06913940289703022,0.6113586184354658,0.11872456656820701,-0.08899670191159198,0.37390871999391767,0.2522497773170471,0.16567520648241044,0.34899769574403755,-0.035543836653232574,-0.10943033602088689,0.047339017223566704,0.10769940167665482,0.08498920314013958,0.13519924506545067,-0.008235018700361252,-0.015315183997154235,-0.0012494988739490513,,,,0.0
DiagReachK2,186,6,6,W2,raw,0.23347155890159152,-0.09093533044292573,-0.16702117701936578,-0.01690417428589592,-0.07115280628204346,-0.09618344008922577,-0.04804522683843971,-0.18832927942276,-0.19801910892128943,-0.17852509915828704,0.3244068893445172,0.2503757331874869,0.40049273592095724,-0.019782524160882275,-0.09892834020672761,0.056381617832526335,0.11717647314071655,0.09100457504391671,0.14183516316115855,-0.14012669026851654,-0.17403136491775512,-0.1103393267840147,0.0758010745048523,0.06120843552052975,0.09122378714382648,-0.006827209144830704,-0.011410323716700078,-0.0019924627617001534,,,,0.0
DiagReachK2,186,6,6,W2,penalty,-0.32316282251662853,-0.2735803907020858,-0.5933959800384038,-0.05196570559110619,-0.13507334887981415,-0.23008819110691547,-0.0618855070322752,0.0,0.0,0.0,-0.04958243181454275,-0.27119711692552245,0.27023315752177524,-0.13850704182227164,-0.3998002835993996,0.04244098696234433,-0.13507334887981415,-0.23008819110691547,-0.0618855070322752,-0.10458283126354218,-0.17832623571157455,-0.04673794442787769,-0.03189831227064133,-0.06265399092808366,-0.011417296482250107,0.001407803501933813,-0.0036110414192080495,0.006506125349551439,,,,0.0
DiagReachK2,186,6,6,W2,cost_0,0.31559725027743385,0.02465693344722677,-0.11818553025476305,0.149798894238438,0.11655731499195099,0.09274804070591927,0.13844611831009387,0.2983849346637726,0.2970031060278416,0.2997829981148243,0.2909403168302071,0.16579835603899568,0.4337827805321968,-0.09190038154472421,-0.22915791703445565,0.03968091017517614,-0.1818276196718216,-0.2053111106157303,-0.15950060822069645,0.09534379839897156,0.073794861510396,0.11495757941156626,0.0166753102093935,0.008252578787505627,0.024473542580381036,0.004538237117230892,0.0029037897940725086,0.0062369133811444,-0.44277358055114746,-0.875929594039917,0.7139247977426705,0.0
DiagReachK2,186,6,6,W2,cost_1,-0.28526353688642453,-0.4586600505026646,-0.6262227388406756,-0.2901893491904537,-0.4623418152332306,-0.49805204272270204,-0.43168175444006923,-0.7740270495414734,-0.7758768975734711,-0.7720532357692719,0.1733965136162401,0.004925812304029137,0.340959201954251,0.003681764730565973,-0.1599742268301858,0.16351380041494762,0.3116852343082428,0.2759739153087139,0.3435029663145542,-0.4698176383972168,-0.5000282317399979,-0.44134892597794534,0.031782761216163635,0.012674933508969843,0.04902222165837883,-0.024306928738951683,-0.02787552112713456,-0.02026570667512715,-0.25225186347961426,-0.9411191940307617,0.5539219381882,0.0
DiagReachK2,186,12,7,KL,shaped,1.5392443144888788,-0.0474376413691679,-0.1939924511579426,0.10312958169176455,-0.14657434821128845,-0.24486782327294349,-0.047028168011456754,-0.0486680343747139,-0.05052631963044405,-0.04668100140988827,1.5866819558580467,1.4361147327971142,1.7332367656468215,0.09913670684212056,-0.04623331156181432,0.2495373819108109,-0.09790631383657455,-0.19644589237868787,0.0012240589596330936,-0.04545966163277626,-0.1344894751906395,0.04154728753492232,-0.10438504815101624,-0.137314298376441,-0.07389288693666458,0.003270372748374939,-0.0060907922685146335,0.012968637235462639,,,,0.0
DiagReachK2,186,12,7,KL,raw,0.18756743825113573,0.011538843880072478,-0.0777320641897281,0.11221823028152489,-0.07873645424842834,-0.103622542694211,-0.05527912797406316,-0.0486680343747139,-0.05052631963044405,-0.04668100140988827,0.17602859437106325,0.07534920796961075,0.2652995024408638,0.09027529812850082,0.0009470382386834212,0.18950028485894296,-0.030068419873714447,-0.05483737122267485,-0.0062842705287039355,-0.02135385200381279,-0.04556221291422844,7.624151185152094e-05,-0.05300171673297882,-0.06120641035959125,-0.04535771729424596,-0.004380900412797928,-0.007849495019763708,-0.001258256193250419,,,,0.0
DiagReachK2,186,12,7,KL,penalty,-1.3516769213643198,0.05897649051712084,-0.0840783655805123,0.20357245834022555,0.06783786416053772,-0.017500604037195444,0.1562721390277147,0.0,0.0,0.0,-1.4106534118814407,-1.5552493797045455,-1.2675985557838076,-0.008861373643416881,-0.14295533552531878,0.12925634575632336,0.06783786416053772,-0.017500604037195444,0.1562721390277147,0.024105822667479515,-0.052861984446644784,0.09882070962339634,0.051383353769779205,0.02276192312128842,0.08422367051243781,-0.0076513029634952545,-0.015990817546844484,-0.0002204485237598422,,,,0.0
DiagReachK2,186,12,7,KL,cost_0,0.37245092838507576,0.2570730261691115,0.12888824292906176,0.39692870489949283,0.1963377296924591,0.1713958777487278,0.22114486321806906,0.3273089826107025,0.32576664015650747,0.32889014929533006,0.11537790221596428,-0.02447777651441709,0.243562685456014,0.06073529647665238,-0.06917349746934523,0.20427991174264024,-0.1309712529182434,-0.15623320825397968,-0.10561866946518421,0.2429863065481186,0.21789950914680958,0.2693027757108211,-0.030674727633595467,-0.04448868166655302,-0.017573579633608467,-0.01597382314503193,-0.019877524953335522,-0.012822436448186637,0.21805191040039062,-0.013510704040527344,0.9105971820644235,0.0
DiagReachK2,186,12,7,KL,cost_1,-0.496718761963432,-0.27060170752441975,-0.41914804158862706,-0.1255694380822398,-0.2801438570022583,-0.3079134538769722,-0.2526013307273388,-0.38635092973709106,-0.38767007291316985,-0.3851322755217552,-0.22611705443901225,-0.3711493238811922,-0.0775707203748052,0.009542149477838546,-0.13513386508180308,0.1493736376393376,0.10620707273483276,0.07872751802206039,0.13374693170189858,-0.27639642357826233,-0.3003589376807213,-0.2511978380382061,-0.006663070991635323,-0.01121937413699925,-0.0020438268489670047,0.002915695309638977,0.0011247250949963927,0.005049238842912015,0.48025035858154297,0.06349563598632812,0.6840647264250806,0.0
DiagReachK2,186,12,7,W2,shaped,1.735551333793007,-0.08095854537689733,-0.27162952524297806,0.10867705241772725,-0.2341727316379547,-0.3606753274798393,-0.10743229947984224,-0.06304024904966354,-0.06488950047641992,-0.06094073243439198,1.8165098791699044,1.62687428137528,2.007180859035985,0.15321418626105737,-0.03836544369420843,0.3490200848572573,-0.17113247513771057,-0.298719534277916,-0.04378203954547647,-0.10274910181760788,-0.2208869308233261,0.011649900162592484,-0.1373753547668457,-0.17962955720722676,-0.09797091875225307,0.005951776169240475,-0.006668338924646378,0.020660607889294625,,,,0.0
DiagReachK2,186,12,7,W2,raw,0.19752368766855138,-0.009025710246141658,-0.12097659410892639,0.11775313063929115,-0.12424293160438538,-0.15706386752426624,-0.09354117251932621,-0.06304024904966354,-0.06488950047641992,-0.06094073243439198,0.20654939791469304,0.07977055702926024,0.31850028177747775,0.11521722135824372,0.003498158374418821,0.24555805674935724,-0.06120268255472183,-0.09468461163341998,-0.0299235736951232,-0.04966015741229057,-0.08249942008405924,-0.021008729375898847,-0.06852274388074875,-0.07854340951889753,-0.058812031615525485,-0.006060030311346054,-0.011213223822414875,-0.0014443743973970415,,,,0.0
DiagReachK2,186,12,7,W2,penalty,-1.5380276930846664,0.07193284183340351,-0.11216116096849896,0.26151346377048074,0.10992982238531113,0.00034409241052344477,0.22210296764969822,0.0,0.0,0.0,-1.60996053491807,-1.7995411568551472,-1.4258665321161674,-0.037996980551907616,-0.21363764231599894,0.1344139378432282,0.10992982238531113,0.00034409241052344477,0.22210296764969822,0.05308893322944641,-0.04408719278872013,0.14936586134135724,0.06885264813899994,0.03180909398943186,0.11235084328800438,-0.012011761777102947,-0.024393045343458652,-0.0013796495273709474,,,,0.0
DiagReachK2,186,12,7,W2,cost_0,0.46146970362568973,0.3178551264748098,0.15642733135006542,0.4915262932803916,0.23574724793434143,0.20416715629398824,0.268307763338089,0.3901354670524597,0.3884947463870049,0.39182313680648806,0.14361457715087994,-0.030056589654702117,0.3050423722756242,0.08210787854046836,-0.07907973518852683,0.2571871588659745,-0.1543882191181183,-0.18520022481679915,-0.12190057486295705,0.298448771238327,0.26862354204058647,0.3302162319421767,-0.03754996880888939,-0.05479624522849917,-0.02028935546986759,-0.02515144646167755,-0.031304931640625,-0.02019079700112343,0.21805191040039062,-0.013510704040527344,0.9254336446045257,0.0
DiagReachK2,186,12,7,W2,cost_1,-0.6477138704817398,-0.36989631461014283,-0.5608447684802866,-0.18647714292349052,-0.3737253248691559,-0.40788735896348954,-0.3384861283004284,-0.5327349901199341,-0.5344510555267334,-0.5310993537306785,-0.27781755587159696,-0.4612367275582495,-0.08686910200145319,0.003829010259013055,-0.1914580308330385,0.18255321736055596,0.1590096652507782,0.1246334969997406,0.19423241689801213,-0.37035849690437317,-0.40019858703017236,-0.3389699839055539,-0.007999229244887829,-0.013830126612447202,-0.0019188348203897487,0.004632346332073212,0.002034139423631132,0.00748136983020231,0.48025035858154297,0.06349563598632812,0.6588988750053627,0.0
DiagReachK2,186,18,8,KL,shaped,2.3571897606498444,0.3703094130444457,0.10845924463101667,0.7388715484679953,0.14379578828811646,0.0376898848451674,0.2816650003194809,-0.09865418076515198,-0.099826367944479,-0.09753345567733049,1.9868803476053987,1.6183182121818482,2.2487305160188273,0.22651362475632925,0.023441798650473033,0.5053130551564319,0.24244996905326843,0.13678020127117635,0.3799294017255306,0.15706104040145874,0.05121033983305097,0.2887976966798304,-0.017679253593087196,-0.03206381183117628,-0.0014728577341884532,0.004414059221744537,-0.0014097286388278006,0.009798286063596607,,,,0.0
DiagReachK2,186,18,8,KL,raw,-0.012894373056343358,-0.06227724969442927,-0.11482592615624754,-0.009115584869203509,-0.06142883375287056,-0.07870099525898695,-0.044190271850675346,-0.09865418076515198,-0.099826367944479,-0.09753345567733049,0.04938287663808591,-0.0037787881871399922,0.10193155309990415,-0.0008484159415587111,-0.05678441502964403,0.05492953463918192,0.03722534701228142,0.02027735635638237,0.054282796289771784,-0.06040500849485397,-0.07662530206143855,-0.04470406463369728,0.002555008977651596,-0.003604690544307232,0.008167857583612194,-0.0035788342356681824,-0.005741195846349001,-0.0016836130991578118,,,,0.0
DiagReachK2,186,18,8,KL,penalty,-2.3700841995402127,-0.43258667054956573,-0.7949728280863846,-0.16460007038665017,-0.2052246630191803,-0.34483161866664885,-0.09776684157550335,0.0,0.0,0.0,-1.9374975289906469,-2.2054841291535627,-1.5751113714538296,-0.22736200753038543,-0.5025271490748437,-0.02280589409790445,-0.2052246630191803,-0.34483161866664885,-0.09776684157550335,-0.21746602654457092,-0.3514114633202553,-0.11231749020516885,0.020234251394867897,0.00472487056395039,0.03336752010509371,-0.00799289345741272,-0.013688916619867087,-0.00270227990113199,,,,0.0
DiagReachK2,186,18,8,KL,cost_0,-0.369730146557806,0.019885597570883495,-0.08518252118084899,0.10985310118320309,0.07038644701242447,0.047321053314954044,0.09203463848680257,0.020936045795679092,0.01837427644059062,0.023241253197193144,-0.3896157441286895,-0.47958324774100913,-0.28454762537695705,-0.05050084944154097,-0.14817735229024592,0.0329159031753735,0.04945040121674538,0.02645997367799282,0.07045645322650669,0.08298113197088242,0.05962033858522773,0.10652414094656705,-0.004807355348020792,-0.011168406903743744,0.0002658477285876835,-0.007787327282130718,-0.009457645821385086,-0.006235826411284507,-0.11713218688964844,-0.5345325469970703,0.7515954719929697,0.0
DiagReachK2,186,18,8,KL,cost_1,-0.4322367184536344,-0.2914610044307945,-0.4258406331150895,-0.16127041328237673,-0.25519245862960815,-0.29792976155877116,-0.21503446213901045,-0.48893874883651733,-0.49226777330040933,-0.48599106445908546,-0.14077571402283995,-0.27096630517125775,-0.006396085338545103,-0.036268545801186325,-0.1535500662470219,0.08711021742531726,0.23374629020690918,0.19105677530169488,0.27435805797576907,-0.2752624750137329,-0.31174169629812243,-0.23955709226429464,0.029171088710427284,0.021783854439854623,0.03684590915217995,-0.00910095777362585,-0.011280094552785159,-0.006764584220945835,0.570981502532959,-0.20862674713134766,0.8652454933660447,0.0
DiagReachK2,186,18,8,W2,shaped,2.9292531402640796,0.4780203178417207,0.12876765038142746,0.9836036944644462,0.15099787712097168,0.015620402060449125,0.33042283803224554,-0.15068745613098145,-0.15236481577157973,-0.14923992045223713,2.4512328224223587,1.9456494457996325,2.800485489882652,0.32702244072074904,0.057348501134153455,0.7029759431819884,0.3016853332519531,0.16612747944891454,0.48078994378447526,0.1707771122455597,0.03782936288043857,0.3385876663029193,-0.030797529965639114,-0.051290209498256446,-0.00932687013410032,0.011018294841051102,0.0011288393288850784,0.020728219719603657,,,,0.0
DiagReachK2,186,18,8,W2,raw,-0.04446125644585043,-0.1170628328917036,-0.1918118028923909,-0.042707004168253904,-0.1057465523481369,-0.12728527523577213,-0.0853768227621913,-0.15068745613098145,-0.15236481577157973,-0.14923992045223713,0.07260157644585317,-0.001754252277596562,0.14735054644654044,-0.011316280543566704,-0.09439053526532656,0.06428025624508782,0.04494090378284454,0.023769405856728553,0.06487876828759909,-0.09904777258634567,-0.11828055363148451,-0.08017220422625541,-0.0007333308458328247,-0.009300373401492834,0.007354613021016118,-0.005965430289506912,-0.00918759498745203,-0.0032390943728387357,,,,0.0
DiagReachK2,186,18,8,W2,penalty,-2.973714475448739,-0.5950831622252238,-1.0898134352111037,-0.24203067300768832,-0.2567444443702698,-0.4371720999479294,-0.11765592154115441,0.0,0.0,0.0,-2.378631313223515,-2.731683802441051,-1.8839010402376368,-0.33833871785495406,-0.7110669219277108,-0.06695925264175168,-0.2567444443702698,-0.4371720999479294,-0.11765592154115441,-0.26982489228248596,-0.4458189748227596,-0.13466272689402106,0.030064204707741737,0.007837401190772652,0.047969455458223814,-0.016983799636363983,-0.02685828525573015,-0.0073604559409432314,,,,0.0
DiagReachK2,186,18,8,W2,cost_0,-0.5424730817227437,-0.01696111718688391,-0.15945796751820018,0.10706424018974106,0.05944778025150299,0.02997742285951972,0.08774356339126824,0.02126690000295639,0.01809504218399525,0.02412452585995197,-0.5255119645358598,-0.6495373219124848,-0.38301511420454354,-0.0764088974383869,-0.21191795266183377,0.036386739722266,0.0381808802485466,0.009787213522940874,0.06523933894932264,0.0822729766368866,0.05435458971187472,0.11086480617523194,-0.008653498254716396,-0.01764431335031986,-0.00108687431784347,-0.014171711169183254,-0.016913670022040604,-0.01163851956371218,-0.11713218688964844,-0.5345325469970703,0.7228049827988136,0.0
DiagReachK2,186,18,8,W2,cost_1,-0.6006086192250393,-0.41781332376265,-0.5957483264915849,-0.2411846779421334,-0.3532525300979614,-0.4061774849891663,-0.3028705850243568,-0.6371265649795532,-0.6414468735456467,-0.6333249524235726,-0.18279529546238926,-0.35942394128290583,-0.004860292733454421,-0.06456079366468859,-0.22133178051391378,0.1023802932265474,0.2838740348815918,0.23067954182624817,0.3351587399840355,-0.3776225447654724,-0.4217609204351902,-0.33402515575289726,0.0404413565993309,0.030202935682609677,0.05098578389734029,-0.016071414574980736,-0.01946645015850663,-0.012468205578625203,0.570981502532959,-0.20862674713134766,0.8371835099041438,0.0
DiagReachK2,186,24,9,KL,shaped,0.6585446473182014,0.1010974529085869,-0.17483967304603645,0.4211064478895569,-0.011156043037772179,-0.11983160506933928,0.1085460152477025,-0.10753736644983292,-0.11405776459723711,-0.100446411408484,0.5574471944096144,0.2374381994286444,0.8333843203642378,0.11225349594635908,-0.10080786042620728,0.3741377073020505,0.09638132154941559,-0.009392687119543552,0.21401957571506494,0.044596925377845764,-0.059723328333348036,0.1641105763614176,-0.06077009439468384,-0.0768399277701974,-0.04671796523034573,0.005017131567001343,0.002107607666403055,0.008177082985639567,,,,0.0
DiagReachK2,186,24,9,KL,raw,-0.08780889952536616,-0.1904748019197454,-0.25489938811866053,-0.13345382203245404,-0.14123433828353882,-0.16208897158503532,-0.12159784063696862,-0.10753736644983292,-0.11405776459723711,-0.100446411408484,0.10266590239437923,0.045644922507087876,0.16709048859329437,-0.04924046363620657,-0.11714762294429966,0.013178405030859824,-0.0336969718337059,-0.054655755683779714,-0.012676909007132066,-0.11529505252838135,-0.13459190726280212,-0.09717911835759878,-0.02844274416565895,-0.03333053858950734,-0.02428194098174572,0.002503488212823868,0.001407707203179598,0.0036016494035720813,,,,0.0
DiagReachK2,186,24,9,KL,penalty,-0.7463535749367364,-0.29157226936248803,-0.6489234349624139,0.007139763208371991,-0.1300782859325409,-0.2569888956844807,-0.01848912867717447,0.0,0.0,0.0,-0.45478130557424834,-0.7534933381451085,-0.09743013997432268,-0.16149398342994714,-0.4496375492024357,0.06805510987901034,-0.1300782859325409,-0.2569888956844807,-0.01848912867717447,-0.15989193320274353,-0.2840679943561554,-0.05136037571355702,0.03232729434967041,0.017420221772044896,0.050375947635620824,-0.002513621002435684,-0.00566000253893435,0.0002895847894251344,,,,0.0
DiagReachK2,186,24,9,KL,cost_0,0.11866667895697505,0.026727164169715482,-0.08467596961824106,0.1354543593209047,-0.010709347203373909,-0.04793246490880847,0.02843913119286296,-0.09336335957050323,-0.09555232375860215,-0.09099823590368032,0.09193951478725956,-0.01678768036392968,0.2033426485752161,0.03743651137308939,-0.05883234380304175,0.13972825974503544,0.08265401422977448,0.04445381481200457,0.1225724661722779,-0.004264157265424728,-0.03848956674337387,0.030532517703250033,-0.009357033297419548,-0.017362923314794897,-0.0009284331928938641,0.0029118433594703674,0.0016798589378595353,0.004154929285869002,-0.02283477783203125,-0.1889634132385254,0.8843070716148995,0.0
DiagReachK2,186,24,9,KL,cost_1,-0.6464961436791191,-0.48736132679230254,-0.6337173656608454,-0.3485176276746637,-0.3896447420120239,-0.4075836889445782,-0.37245042622089386,-0.5184856057167053,-0.5199592188000679,-0.5172009333968163,-0.15913481688681658,-0.29797851600445546,-0.012778778018273847,-0.09771658478027861,-0.24663461612288032,0.03954309682531646,0.1288408637046814,0.11107627972960472,0.14602068364620208,-0.3770870268344879,-0.39599335193634033,-0.3579572066664696,-0.016463257372379303,-0.02118308669887483,-0.011462195683270693,0.0039055412635207176,0.0029050161130726336,0.004818453593179583,0.0024657249450683594,-0.48204803466796875,0.7108484362992483,0.0
DiagReachK2,186,24,9,W2,shaped,0.7506902751157937,0.10362430077273617,-0.24749688683233326,0.5072578477615801,-0.04885402321815491,-0.1871544100344181,0.10680649168789387,-0.16935184597969055,-0.17797350734472275,-0.1590727109462023,0.6470659743430575,0.24343242735421272,0.9981871619481268,0.15247832399089106,-0.12835218171556514,0.47253760834594544,0.12049782276153564,-0.017854268103837966,0.272495238482952,0.0267188623547554,-0.10633054990321397,0.17783610559999943,-0.08464375138282776,-0.10595950819551944,-0.06559493560343982,0.0090708676725626,0.004982021450996399,0.013560462929308412,,,,0.0
DiagReachK2,186,24,9,W2,raw,-0.1227865968935015,-0.266916869091431,-0.3509150673769665,-0.19332421665643237,-0.20209825038909912,-0.23008280657231808,-0.17658849582076075,-0.16935184597969055,-0.17797350734472275,-0.1590727109462023,0.14413027219792945,0.07053761976293087,0.22812847048346493,-0.06481861870233185,-0.1494498694684961,0.011786481870671741,-0.03274640440940857,-0.06114763393998146,-0.00579219423234467,-0.16559913754463196,-0.1909992977976799,-0.14227851256728175,-0.03957108035683632,-0.04591989777982235,-0.0341391570866108,0.003071926534175873,0.0014667781069874763,0.004563450720161197,,,,0.0
DiagReachK2,186,24,9,W2,penalty,-0.8734769075468405,-0.3705411904282707,-0.8165530126500546,0.012076349467328194,-0.1532442420721054,-0.31545461118221285,-0.00834767965134235,0.0,0.0,0.0,-0.5029357171185698,-0.8855532570141688,-0.05692389489678633,-0.2172969483561653,-0.587310377487308,0.07660773313279845,-0.1532442420721054,-0.31545461118221285,-0.00834767965134235,-0.19231800734996796,-0.35152576863765717,-0.051729819644242524,0.045072659850120544,0.024827958084642887,0.06882458496838807,-0.005998884793370962,-0.010654780082404613,-0.0017549437470734132,,,,0.0
DiagReachK2,186,24,9,W2,cost_0,0.12965061972043707,0.01824640603539489,-0.11999127170125012,0.16024052986698117,-0.02332715317606926,-0.07422593217343092,0.030523691885173284,-0.11999580264091492,-0.12296465821564198,-0.11674297768622637,0.11140421368504218,-0.030589910146544178,0.24964189142168716,0.04157355921146415,-0.08039439075529534,0.17577124797447022,0.09666864573955536,0.044951454550027845,0.15117928199470043,-0.015272647142410278,-0.06283521633595228,0.03291852325201034,-0.012329122051596642,-0.02299096235074103,-0.0014451791997998995,0.004274614155292511,0.00232587936334312,0.006241647573187946,-0.02283477783203125,-0.1889634132385254,0.8861377284088099,0.0
DiagReachK2,186,24,9,W2,cost_1,-0.8321903572727806,-0.6458070675838684,-0.8260386579796057,-0.471129018027095,-0.5236652493476868,-0.5460556104779244,-0.5014174923300743,-0.7041745185852051,-0.7059924483299256,-0.7025617182254791,-0.18638328968891216,-0.36106133924568556,-0.006151699293174874,-0.12214181823618164,-0.3090471414349163,0.05258050787776579,0.1805092692375183,0.15804866403341294,0.20269359052181243,-0.5097358822822571,-0.5340314105153083,-0.48569227308034896,-0.02009592391550541,-0.026419795211404563,-0.013598964619450277,0.006166563369333744,0.004661429580301047,0.007572336215525865,0.0024657249450683594,-0.48204803466796875,0.6798994007003047,0.0
DiagReachK2,187,0,10,KL,shaped,1.8949288754119742,0.47223500211604036,0.05536570174168264,0.8821348495244371,0.2476249784231186,0.08615410383790731,0.435380195081234,-0.06842665374279022,-0.0701816299930215,-0.06628461591899396,1.4226938732959338,1.012794025887537,1.8395631736702909,0.22461002369292177,-0.13947021565124657,0.5866265057594613,0.3160516321659088,0.1536985866725445,0.5041102305054664,0.1995934396982193,0.05054722931236029,0.37618114948272696,0.03115002252161503,0.0037228279397822917,0.053598582278937094,0.0168815515935421,-0.0037552074529230593,0.041884229145944085,,,,0.0
DiagReachK2,187,0,10,KL,raw,-0.05117152810757984,-0.19058961182566422,-0.29864200968880544,-0.0769069014416534,-0.16745434701442719,-0.20337261892855168,-0.13238689713180066,-0.06875399500131607,-0.07049053069204092,-0.06677869744598866,0.1394180837180844,0.02573537333407354,0.2474704815812253,-0.02313526481123704,-0.12861484685244023,0.08273803870064382,-0.09870035201311111,-0.13379020094871522,-0.06401511561125517,-0.19581612944602966,-0.23753860890865325,-0.15391587801277637,0.038780998438596725,0.02538761394098401,0.051462037023156874,-0.010419188998639584,-0.014473913051187993,-0.006368691101670266,,,,0.0
DiagReachK2,187,0,10,KL,penalty,-1.9461004719670185,-0.662824618079953,-1.0470166953555864,-0.2768071355178946,-0.415079265832901,-0.5815307900309563,-0.26677309274673466,-0.0003273412585258484,-0.0009001372382044792,0.0,-1.2832758538870657,-1.669293336449124,-0.899083776611432,-0.24774535224705196,-0.5737735408552223,0.11385144587292499,-0.41475191712379456,-0.5812218680977821,-0.2663905173540116,-0.39540955424308777,-0.5520231753587723,-0.2518947295844555,0.007630961947143078,-0.014293910702690482,0.029231919767335055,-0.027300702407956123,-0.05106151169165969,-0.008234646520577375,,,,0.0
DiagReachK2,187,0,10,KL,cost_0,-1.0632663923850543,-0.6063549342672816,-0.8164738795546206,-0.3859603693491746,-0.4070824384689331,-0.46815335676074027,-0.3357030361890793,-0.8186132907867432,-0.8280142739415168,-0.80996503084898,-0.4569114581177727,-0.6773060230358797,-0.24679251283043385,-0.1992724957983485,-0.42417370968776114,0.032848866902027825,0.41153085231781006,0.3493749976158142,0.48367581292986866,-0.41156402230262756,-0.47257245928049085,-0.34257969036698355,0.032823942601680756,0.021692479914054274,0.04507062919437885,-0.02834227681159973,-0.03793372008949518,-0.019486966961994777,-0.3384432792663574,-0.9995012283325195,0.5632792916835864,0.0
DiagReachK2,187,0,10,KL,cost_1,0.1667253567210289,-0.08475311613977261,-0.21538649304154509,0.055158261898442376,-0.050098806619644165,-0.0767575204372406,-0.019270123913884166,-0.13243485987186432,-0.13672272339463235,-0.12826214395463467,0.2514784728608015,0.11156709482258649,0.38211184976257395,-0.03465430952012845,-0.1626906851051827,0.10334120943541364,0.08233605325222015,0.05435772091150284,0.11355283316224812,-0.053133562207221985,-0.08016954809427261,-0.023418037686496977,0.007432678714394569,0.0020063370175193995,0.013169259484857318,-0.004397924058139324,-0.005869033606722951,-0.0029445288353599627,0.21048736572265625,-0.5642070770263672,0.6340771846213514,0.0
DiagReachK2,187,0,10,W2,shaped,1.9105439998731502,0.4193184160315935,0.0287002476419553,0.7926673199393753,0.22182318568229675,0.08336423747241498,0.38529348149895665,-0.06722251325845718,-0.06827209889888763,-0.06592151336371899,1.4912255838415567,1.1178766799337743,1.8818437522311948,0.19749523034929672,-0.16102181449319775,0.5466608159276172,0.28904569149017334,0.15096280835568904,0.4519351907074451,0.17417095601558685,0.04228097833693028,0.32227031439542736,0.030687911435961723,0.0018043753458186988,0.05388172436505554,0.01696440577507019,-0.0034094393253326417,0.04215553915128112,,,,0.0
DiagReachK2,187,0,10,W2,raw,-0.0031331999439613207,-0.14246260472353586,-0.2464284667978168,-0.0329686995809219,-0.12111099809408188,-0.15522459633648394,-0.08672566432505847,-0.06754985451698303,-0.0685813531279564,-0.06629084069281817,0.13932940477957453,0.029835499636960566,0.24329526685385525,-0.021351606629453984,-0.12326277167638523,0.07843699015791471,-0.053561143577098846,-0.08767224457114935,-0.018928323499858384,-0.15055733919143677,-0.18938998728990555,-0.11069339960813525,0.04002545401453972,0.026589821744710206,0.05271491929888725,-0.01057913526892662,-0.014653608482331038,-0.0067868516780436065,,,,0.0
DiagReachK2,187,0,10,W2,penalty,-1.9136772598414988,-0.5617810237487066,-0.915503923306401,-0.19240766569518922,-0.3429342210292816,-0.4942971095442772,-0.20992000810801983,-0.0003273412585258484,-0.0009001372382044792,0.0,-1.3518962360927922,-1.72126959414631,-0.9981733365350981,-0.21884680271942503,-0.5318665427282948,0.13522223015183654,-0.34260687232017517,-0.49396614655852317,-0.2096110861748457,-0.3247281610965729,-0.4609638459980488,-0.19714128151535992,0.009337510913610458,-0.013480860437266528,0.03226524386554956,-0.027543464675545692,-0.05211088331416249,-0.008002591226249934,,,,0.0
DiagReachK2,187,0,10,W2,cost_0,-0.8965724201914218,-0.47716049135956506,-0.6865609313551917,-0.25607659160032314,-0.2957577109336853,-0.3540477268397808,-0.22842756882309914,-0.5545946359634399,-0.5640586867928505,-0.5460084304213524,-0.41941192883185674,-0.6404958285910988,-0.21001148883623022,-0.18140278042587976,-0.40496398168003694,0.04049246324775391,0.25883692502975464,0.19996310025453568,0.32708313986659043,-0.30563077330589294,-0.36393856927752494,-0.2366033181548119,0.037293847650289536,0.025838764710351826,0.04984464263543486,-0.027420716360211372,-0.03686509067192674,-0.018934825668111454,-0.3384432792663574,-0.9995012283325195,0.5910616203825251,0.0
DiagReachK2,187,0,10,W2,cost_1,0.11089489255920067,-0.09266410990817825,-0.225938712957541,0.0464263695628581,-0.053971197456121445,-0.07914181016385555,-0.025581155437976167,-0.1415674090385437,-0.14525462836027145,-0.13774630874395372,0.2035590024673789,0.06446852299634256,0.3368336055167416,-0.038692912452056805,-0.167559352592644,0.10305194711042791,0.08759620785713196,0.06258457712829113,0.11629916690289974,-0.05705828219652176,-0.08218132015317678,-0.0297078317962587,0.007510808762162924,0.00195438030641526,0.013443105597980318,-0.004423737991601229,-0.00589384981431067,-0.0030408613150939364,0.21048736572265625,-0.5642070770263672,0.6247721072610468,0.0
DiagReachK2,187,6,11,KL,shaped,2.780245152026893,1.2146353367804321,0.5836892167263852,1.9730617082873616,0.7074328660964966,0.5170226275920868,0.933708593249321,-0.22631019353866577,-0.22823514975607395,-0.22433130368590354,1.565609815246461,0.8071834437395311,2.1965559353005077,0.5072024706839355,-0.024340604229997707,1.116589686774189,0.9337430596351624,0.7413089454174042,1.1596671879291534,0.7727617621421814,0.567849624156952,1.0091503590345379,-0.05568373203277588,-0.08053580410778523,-0.028346361033618456,-0.009645473212003708,-0.024444280564785002,0.0037218796089291497,,,,0.0
DiagReachK2,187,6,11,KL,raw,-0.17514526623190657,-0.1012752473337331,-0.17781366331681503,-0.020426589410734886,-0.16104257106781006,-0.18813712671399116,-0.1344122339040041,-0.22696414589881897,-0.22833994142711161,-0.22572333104908465,-0.07387001889817348,-0.1547186768211717,0.0026683970849084217,0.05976732373407696,-0.03447631534547968,0.14898063472472065,0.06592157483100891,0.038960809260606764,0.09248169511556625,-0.14374327659606934,-0.17136083580553532,-0.11248976066708567,-0.022771188989281654,-0.03603320186957717,-0.012061101361177877,0.005471964366734028,0.0030399946495890617,0.008143422706052656,,,,0.0
DiagReachK2,187,6,11,KL,penalty,-2.9553906038751836,-1.315910597064033,-2.076946198005639,-0.6963799174609759,-0.8684754967689514,-1.0888339132070541,-0.6811476841568948,-0.0006539560854434967,-0.00196186825633049,0.0,-1.6394800068111506,-2.259010686414208,-0.8784444058695451,-0.4474351002950816,-1.0737468016410145,0.07022979871223343,-0.8678215146064758,-1.087525948882103,-0.6798397794365884,-0.9165055155754089,-1.1545740604400634,-0.7031373172998429,0.032912477850914,0.005050689761992544,0.0583342232741415,0.015117514878511429,0.001828505378216505,0.030196307832375167,,,,0.0
DiagReachK2,187,6,11,KL,cost_0,-0.9903115775983518,-0.5745144993300377,-0.8488183735594423,-0.29850782482612126,-0.42525652050971985,-0.49800965487957,-0.3607447788119317,-0.7637099623680115,-0.7735210493206978,-0.754221211373806,-0.415797078268314,-0.6918037527722305,-0.1414932040389095,-0.14925797882031788,-0.42084159099000257,0.09649165169288366,0.3384534418582916,0.26561450511217116,0.4036629475653171,-0.42279061675071716,-0.5000392444431782,-0.35065440759062777,-0.017428986728191376,-0.030152935348451138,-0.004643387696705761,0.014962974935770035,0.010747588076628744,0.0200153567828238,-1.8706865310668945,-2.064889907836914,0.40385143712492483,0.0
DiagReachK2,187,6,11,KL,cost_1,-0.5299533021077851,-0.15462627303200163,-0.32268086827727677,0.015333047668768127,-0.187417134642601,-0.22032221630215645,-0.15810509696602823,-0.42483341693878174,-0.4296304501593113,-0.4202830605208874,-0.3753270290757835,-0.5452863497765533,-0.20727243383050847,0.03279086161059938,-0.13513684943947,0.2163162885709686,0.23741628229618073,0.20565230585634708,0.2692489072680473,-0.19333040714263916,-0.22294398099184037,-0.1658446151763201,0.003063363954424858,-0.00726764015853405,0.012324779899790876,0.0028499355539679527,0.000239975773729384,0.0056492568925023065,0.012707710266113281,-0.9276952743530273,0.6499072212042852,0.0
DiagReachK2,187,6,11,W2,shaped,2.683081127570172,1.1047890282064168,0.5383584545582589,1.8170628585763826,0.6309004426002502,0.4612193636596203,0.8162221714854239,-0.1332700103521347,-0.13569259382784365,-0.13103255331516267,1.578292099363755,0.8660182689937886,2.144722673011912,0.47388858560616653,-0.015646882445138306,1.0438131625949993,0.7641704678535461,0.595689257979393,0.9504964947700499,0.695361852645874,0.5143939524888992,0.8982186943292616,-0.055470552295446396,-0.08140926379710436,-0.028205868322402246,-0.008990827016532421,-0.02194170318543911,0.004755602777004235,,,,0.0
DiagReachK2,187,6,11,W2,raw,-0.10999023889591153,0.009686099180443001,-0.06372870760932009,0.08070191268415615,-0.07162916660308838,-0.10082240682095289,-0.04407049519941211,-0.1339239627122879,-0.13580711968243123,-0.13202047012746335,-0.11967633807635453,-0.19069215158006772,-0.046261531286591516,0.08131526578353138,-0.0016998808985190638,0.16454952470652356,0.062294796109199524,0.032366972975432874,0.09035327676683665,-0.056047335267066956,-0.08651991970837117,-0.022028526104986682,-0.017909038811922073,-0.030531795835122465,-0.006806421000510461,0.002327205613255501,5.194512195885182e-05,0.004621947137638923,,,,0.0
DiagReachK2,187,6,11,W2,penalty,-2.7930715507027406,-1.09510293997491,-1.8029126744436474,-0.5301233922596515,-0.7025296688079834,-0.8881398946046829,-0.5375198900699617,-0.0006539560854434967,-0.00196186825633049,0.0,-1.6979686107278307,-2.262948158443089,-0.9901588762590934,-0.39257327116692653,-0.9679029690488169,0.08710533151539274,-0.7018756866455078,-0.8871467903256416,-0.5360648393630983,-0.7514092326164246,-0.952121625840664,-0.5656929507851601,0.03756142780184746,0.009908101125620305,0.06290937811136245,0.01131813507527113,-0.001982648205012083,0.02483656983822584,,,,0.0
DiagReachK2,187,6,11,W2,cost_0,-0.8967159675012478,-0.44099006931082063,-0.7259617806872208,-0.19162903419780736,-0.32450130581855774,-0.3925147049129009,-0.26187913417816167,-0.5603176951408386,-0.5702951475977898,-0.5506793677806854,-0.4557258981904272,-0.7050869333034405,-0.1707541868140276,-0.11648876349226289,-0.37283708163190493,0.1154598706957538,0.23581638932228088,0.16831803396344186,0.29863240495324134,-0.32147812843322754,-0.3932191446423531,-0.250545808672905,-0.013675378635525703,-0.02695178212597966,-0.0006076361227314981,0.010652215220034122,0.006687505729496479,0.01542833370622247,-1.8706865310668945,-2.064889907836914,0.4194507054744421,0.0
DiagReachK2,187,6,11,W2,cost_1,-0.39633978384350077,-0.015272236344617829,-0.17185828330724365,0.155384147410403,-0.05731787532567978,-0.0867793245241046,-0.03184142112731934,-0.16792114078998566,-0.1724567137658596,-0.163585102558136,-0.38106754749888294,-0.5517239312539038,-0.22448150053625712,0.04204563898106195,-0.11680238215729245,0.21945399996290474,0.11060326546430588,0.08277225494384766,0.13882769867777825,-0.06907948106527328,-0.09313777144998311,-0.04680285956710579,0.008986766450107098,-0.0007162561756558715,0.017944392235949635,0.0027748364955186844,0.0009501723572611809,0.004729546676389872,0.012707710266113281,-0.9276952743530273,0.6721761409149992,0.0
DiagReachK2,187,12,12,KL,shaped,4.7103778763114805,1.8920142360914318,0.9591869157864539,3.0174783151222293,0.8857446908950806,0.5694097071886063,1.1843267500400538,-0.40396177768707275,-0.4206002503633499,-0.38658347427845,2.8183636402200487,1.6928995611892503,3.751190960525026,1.0062695451963513,0.20597544404104873,1.92136861533605,1.2897064685821533,0.9662955671548843,1.5875236719846724,0.8847496509552002,0.5700668558478356,1.1894724190235137,0.0173361636698246,-0.0012730482849292457,0.03424332411959766,-0.016341375187039375,-0.025272003002464773,-0.008112876070663334,,,,0.0
DiagReachK2,187,12,12,KL,raw,-0.5647600262420667,-0.28451978472125244,-0.35094050681867833,-0.21383344773272453,-0.2170451134443283,-0.2571756087243557,-0.1823085315525532,-0.40405434370040894,-0.4206456646323204,-0.3867726296186447,-0.2802402415208142,-0.3509265785093424,-0.2138195194233884,-0.06747467127692414,-0.13342288266891453,0.020271970671086846,0.18700923025608063,0.14681187123060227,0.22284121438860893,-0.2214927077293396,-0.25800244584679605,-0.18862876258790495,0.003057810477912426,-0.003985152603127063,0.011471029161475596,0.00138974585570395,-0.0006824553711339831,0.003249526163563132,,,,0.0
DiagReachK2,187,12,12,KL,penalty,-5.275138072733893,-2.1765340297677946,-3.348091553547414,-1.221295846725937,-1.1027895212173462,-1.4088707596063614,-0.7875553220510487,-9.256415069103241e-05,-0.00027769245207309723,0.0,-3.098604042966098,-4.053842226007956,-1.9270465191864794,-1.0737445085504485,-2.045705978887742,-0.25171977184190114,-1.1026970148086548,-1.4087990671396255,-0.7875553220510487,-1.106242299079895,-1.4124495357275009,-0.7959201842546468,-0.014278365299105644,-0.031133106304332615,0.0037385138333775035,0.01773117110133171,0.00927158622071147,0.026468996563926334,,,,0.0
DiagReachK2,187,12,12,KL,cost_0,-1.4103648052735425,-1.069618219913385,-1.3765757807563488,-0.7952890439110242,-0.6930890083312988,-0.760248550772667,-0.6263547167181969,-1.527625322341919,-1.5371474117040633,-1.5176941841840743,-0.34074658536015745,-0.6150757613625184,-0.03378902451719434,-0.3765292115820862,-0.6697762716242917,-0.10885742422868389,0.8345363140106201,0.7683398962020874,0.9029597148299217,-0.6874653697013855,-0.752374655008316,-0.6230881690979004,-0.005892216227948666,-0.013757603894919156,0.0027965713583398577,0.000268775038421154,-0.002880678849760443,0.0028763416688889257,0.7797684669494629,0.2547760009765625,0.7203722499124988,0.0
DiagReachK2,187,12,12,KL,cost_1,-0.6844633160131539,-0.33575500135601355,-0.5393600908686507,-0.15924003170373083,-0.1590905785560608,-0.20027366951107978,-0.11820615474134684,-0.3814224302768707,-0.3875229761004448,-0.37572355195879936,-0.34870831465714036,-0.5252232843094232,-0.14510322514450333,-0.17666442279995276,-0.3647347969135433,-0.0023030375321017064,0.22233185172080994,0.18076725900173188,0.26334839016199113,-0.15969744324684143,-0.20154170840978622,-0.11934317946434021,-0.002261808142066002,-0.006147821398917586,0.0020693651400506474,0.002868678653612733,0.0012816736940294503,0.004533736372832209,0.6733388900756836,-0.09759998321533203,0.7607519934889778,0.0
DiagReachK2,187,12,12,W2,shaped,4.391153390349592,1.7134905729924927,0.8492779388013737,2.724830488165343,0.8134921193122864,0.5210377529263497,1.0873352050781249,-0.2516246736049652,-0.26815619468688967,-0.23458155021071436,2.677662817357099,1.6663229021842472,3.541875451548218,0.8999984536802064,0.15084091851804143,1.770387620005294,1.0651167631149292,0.7757361516356468,1.3392416536808014,0.7932926416397095,0.5055485218763351,1.061081090569496,0.03185482695698738,0.011845285049639642,0.05102035338059066,-0.011655537411570549,-0.019984064251184465,-0.0039374211337417425,,,,0.0
DiagReachK2,187,12,12,W2,raw,-0.4524343487563173,-0.22771973595795358,-0.291166663801637,-0.1595974377805246,-0.15492811799049377,-0.19331772141158582,-0.11893229149281989,-0.2517172396183014,-0.26815619468688967,-0.23464403226971628,-0.2247146127983637,-0.2928369109757927,-0.16126768495468025,-0.07279161796745981,-0.13815200016349571,0.006369456313407167,0.09678912162780762,0.05844654515385628,0.13298575617372987,-0.16148076951503754,-0.19731226824223996,-0.1289488509297371,0.007257732562720776,-0.00063876798376441,0.017851439211517554,-0.0007050612475723028,-0.00287944155279547,0.0011710860475432126,,,,0.0
DiagReachK2,187,12,12,W2,penalty,-4.843587894389341,-1.9412103187007252,-2.980254336939236,-1.0517022198176356,-0.9684203267097473,-1.2513312995433807,-0.6833740845322611,-9.256415069103241e-05,-0.00027769245207309723,0.0,-2.9023775756886154,-3.7918856745717053,-1.8633335574501062,-0.9727899919909779,-1.8544410198343437,-0.2438787506551907,-0.9683277606964111,-1.2513104856014252,-0.6833023458719256,-0.9547733664512634,-1.2339665442705154,-0.6712920531630517,-0.024597136303782463,-0.043004135694354774,-0.005227000848390171,0.010950579307973385,0.0037851347122341396,0.018873771000653503,,,,0.0
DiagReachK2,187,12,12,W2,cost_0,-1.2721798892905856,-0.965431428834213,-1.2675506570900343,-0.7107729364499157,-0.6303276419639587,-0.6933591917157174,-0.5668090403079986,-1.3877182006835938,-1.3963973432779313,-1.3788817405700684,-0.3067484604563726,-0.5614069528406701,-0.004629232200551531,-0.3351037868702542,-0.6137612768083291,-0.08392624228403714,0.757390558719635,0.6941779494285584,0.8220076888799668,-0.6209062337875366,-0.6815444469451905,-0.56101283878088,-0.0028019656892865896,-0.01153271719813347,0.00680092370603233,-0.006619516760110855,-0.009564210847020149,-0.003912086389027539,0.7797684669494629,0.2547760009765625,0.7434030692429916,0.0
DiagReachK2,187,12,12,W2,cost_1,-0.49668007890202287,-0.2353577645750012,-0.4141443360104428,-0.06520873816465393,-0.05478428304195404,-0.0942308796569705,-0.014249547501094643,-0.16982710361480713,-0.1756102465093136,-0.1641553808003664,-0.2613223143270217,-0.43147134073736904,-0.08253574289158024,-0.18057348153304717,-0.36148732902212166,-0.02085993692465826,0.11504282057285309,0.07470650169998408,0.15510370358824727,-0.050756990909576416,-0.09012021198868751,-0.008821066492237158,-0.006432367954403162,-0.01042186284903437,-0.001657468860503287,0.002405080245807767,0.0007663520111236722,0.004005505947861821,0.6733388900756836,-0.09759998321533203,0.7920491996741664,0.0
DiagReachK2,187,18,13,KL,shaped,2.6701177337394433,0.30144610016917417,-0.11470774563130343,0.9688237557071355,0.1736915558576584,0.09286443199962377,0.26043821424245833,0.13239917159080505,0.1262786291539669,0.1391783080995083,2.368671633570269,1.7012939780323073,2.7848254793707468,0.12775454431151578,-0.28907827924527646,0.7966087475683806,0.04129238426685333,-0.03900453150272369,0.12545139417052256,0.18041855096817017,0.10540533307939769,0.26324013099074356,-0.008383507840335369,-0.026123521942645313,0.009862043103203164,0.0016566002741456032,-0.0032901060534641148,0.006713317427784202,,,,0.0
DiagReachK2,187,18,13,KL,raw,-0.24700898375308297,0.02957478627681764,-0.07324179684890396,0.13049787884454941,0.00919719971716404,-0.036732278484851125,0.05246108584105962,0.13239917159080505,0.1262786291539669,0.1391783080995083,-0.2765837700299006,-0.37750686259763244,-0.1737671869041791,0.0203775865596536,-0.07744691209616078,0.12855793751624886,-0.12320197373628616,-0.17003945112228394,-0.07990140579640868,0.021814050152897835,-0.011684159748256207,0.05701980264857411,-0.014333147555589676,-0.03084148741327226,-0.0003075646702200202,0.0017162971198558807,-0.0002092056442052126,0.003579597687348722,,,,0.0
DiagReachK2,187,18,13,KL,penalty,-2.9171267452781473,-0.27187131917721435,-0.8846224659319442,0.09524583369747987,-0.16449442505836487,-0.26421822756528857,-0.08150222785770896,0.0,0.0,0.0,-2.645255426100933,-3.012372578975627,-2.032504279346204,-0.10737689411884949,-0.7070460267065878,0.2597028040767638,-0.16449442505836487,-0.26421822756528857,-0.08150222785770896,-0.1586044579744339,-0.25031105279922483,-0.08263013046234849,-0.005949630402028561,-0.02067828821018338,0.0072318557649850845,5.9674493968486786e-05,-0.004716849303804338,0.004572214349173008,,,,0.0
DiagReachK2,187,18,13,KL,cost_0,-0.9963951931067058,-0.05999792490002203,-0.24856915561539483,0.1012738395949851,-0.03554384782910347,-0.09711862541735172,0.027513008425012222,0.24115565419197083,0.2336198728531599,0.2478105030953884,-0.9363972682066838,-1.097669032701691,-0.7478260374913109,-0.02445407707091856,-0.19299057339468628,0.12661565321397364,-0.2766995131969452,-0.3394250631332397,-0.2146260403096676,-0.026970118284225464,-0.08390687759965658,0.02957630339078604,-0.0074827829375863075,-0.01499411400873214,0.00031046143267303325,-0.0010909521952271461,-0.004117338242940605,0.0017320854822173656,0.1557755470275879,0.23768258094787598,0.5277008873610406,0.0
DiagReachK2,187,18,13,KL,cost_1,-0.21137845315078102,0.01042212619617397,-0.1433980791354228,0.19917310202230634,-0.022900260984897614,-0.04444650374352932,-0.0025254504289478077,0.04994781315326691,0.048716882895678285,0.051202151086181404,-0.221800579346955,-0.4105515551730874,-0.06798037401535825,0.03332238718107158,-0.12722634984582254,0.22671690029015532,-0.07284807413816452,-0.0942424226552248,-0.05239011710509658,-0.0051261549815535545,-0.016670969408005477,0.008022979716770339,-0.023009272292256355,-0.03781343847513199,-0.008710880810394894,0.005235167220234871,0.002885518572293222,0.008201490575447678,-0.9228301048278809,-1.4395384788513184,0.519786854920223,0.0
DiagReachK2,187,18,13,W2,shaped,2.666725348543648,0.3111577955450025,-0.10505447449378401,0.9627338918128807,0.1862020492553711,0.10718637257814408,0.2690937407314777,0.16005027294158936,0.15348141193389891,0.16732855811715125,2.3555675529986457,1.7039914567307668,2.7717798230374324,0.12495574628963141,-0.28906219604594324,0.7752977496233056,0.02615177631378174,-0.05347336158156395,0.10844231434166426,0.1907530277967453,0.1146240297704935,0.2713043458759784,-0.005463361740112305,-0.02304240772500634,0.013366571255028242,0.0009123757481575012,-0.0040675562107935544,0.005746709438972175,,,,0.0
DiagReachK2,187,18,13,W2,raw,-0.21028025158955904,0.05746258683254502,-0.048326206803708464,0.15867053847513535,0.03562746196985245,-0.012743539409711957,0.08230233341455459,0.16005027294158936,0.15348141193389891,0.16732855811715125,-0.26774283842210406,-0.36895079006469444,-0.16195404478585063,0.021835124862692575,-0.07786402539254493,0.13131536816961573,-0.12442281097173691,-0.17261232249438763,-0.0794560028240085,0.04599694907665253,0.010131302103400231,0.08414533175528048,-0.012234587222337723,-0.02869186447933316,0.001845023175701483,0.0018651001155376434,-5.6468648836016655e-05,0.003873391821980475,,,,0.0
DiagReachK2,187,18,13,W2,penalty,-2.877005623315877,-0.25369521381493304,-0.8541551052417519,0.1083655040275771,-0.15057465434074402,-0.24499366097152234,-0.06887384615838536,0.0,0.0,0.0,-2.6233104095009443,-2.9853711273434542,-2.022850518074126,-0.10312055947418902,-0.6861369068095153,0.26279979223391375,-0.15057465434074402,-0.24499366097152234,-0.06887384615838536,-0.14475607872009277,-0.23263082504272461,-0.07102003525942566,-0.006771227344870567,-0.021782232634723186,0.006533731508534394,0.0009526745416224003,-0.0035921094473451375,0.005108654499053955,,,,0.0
DiagReachK2,187,18,13,W2,cost_0,-0.957300480726024,-0.018172437120848407,-0.20066320777638275,0.14211594139683353,0.004562140442430973,-0.058194583747535944,0.06657714881002902,0.3170066475868225,0.30932722240686417,0.3237966887652874,-0.9391280436051757,-1.0994164221228577,-0.7566372729496414,-0.02273457756327938,-0.1865556408667576,0.1248772717370672,-0.3124445080757141,-0.3760437697172165,-0.2497764386236668,0.011270989663898945,-0.045592124294489625,0.06737299021333454,-0.007611927576363087,-0.01529295512009412,0.000320934655610469,0.000903076259419322,-0.0022878639050759376,0.003750502492766827,0.1557755470275879,0.23768258094787598,0.5342166727578209,0.0
DiagReachK2,187,18,13,W2,cost_1,-0.17826918763195426,0.023960957864413497,-0.1290769523685649,0.20929227213388157,-0.00862791482359171,-0.03113663853146136,0.012354474887251846,0.06992175430059433,0.0685766464099288,0.07127178851515055,-0.20223014549636775,-0.38756145976583584,-0.0491922352633894,0.032588872688005206,-0.12683686134609842,0.22463391506559952,-0.07854966819286346,-0.10145681910216808,-0.05719561036676169,0.007229503244161606,-0.005462431965861469,0.020795554388314482,-0.021134311333298683,-0.03589613661170006,-0.006841852888464949,0.005276894196867943,0.0028876626864075662,0.008081355271860954,-0.9228301048278809,-1.4395384788513184,0.5253050658400275,0.0
DiagReachK2,187,24,14,KL,shaped,1.7570462611527191,0.5221616665555879,0.140383734265603,0.9816442837469819,0.34911295771598816,0.17554630115628242,0.5275365620851515,-0.33079129457473755,-0.3390176184475422,-0.32326935678720475,1.2348845945971312,0.7754019774057368,1.6166625268871155,0.17304870883959977,-0.14814739935501162,0.5395806723506315,0.6799042224884033,0.5064206704497337,0.8575880870223044,0.3515830338001251,0.16629729531705378,0.5286237373948097,-0.00872519239783287,-0.04169093230739236,0.02314921538345513,0.00625505018979311,-0.0006579527864232659,0.013014519144780934,,,,0.0
DiagReachK2,187,24,14,KL,raw,0.08697505582886525,-0.2900657606216161,-0.35843365558228213,-0.22182276811594479,-0.26789236068725586,-0.2968223623931408,-0.2399385325610638,-0.33079129457473755,-0.3390176184475422,-0.32326935678720475,0.3770408164504814,0.30879782394481003,0.44540871141114724,-0.02217339993436024,-0.09563853845215267,0.05081728533123549,0.06289893388748169,0.032812179625034334,0.09019881263375282,-0.26949745416641235,-0.29827996268868445,-0.24204956069588665,0.00018810853362083435,-0.005931482929736376,0.005660999566316602,0.0014169048517942429,-0.0006473756395280362,0.0036653449758887284,,,,0.0
DiagReachK2,187,24,14,KL,penalty,-1.6700712020721842,-0.8122274396402615,-1.2876347130435757,-0.4398704105810502,-0.6170052289962769,-0.7880379498004914,-0.451937371492386,0.0,0.0,0.0,-0.8578437624319227,-1.2302007914911346,-0.3824364890286091,-0.1952222106439846,-0.6032980210154352,0.14003363478020542,-0.6170052289962769,-0.7880379498004914,-0.451937371492386,-0.6210803389549255,-0.7885609358549118,-0.45315785557031635,0.00891330000013113,-0.024685519048944116,0.04167338404804464,-0.004838131368160248,-0.011986961215734481,0.0018206711625680285,,,,0.0
DiagReachK2,187,24,14,KL,cost_0,-0.9667081339149437,-0.5916640832958657,-0.7878941426120794,-0.4049552301323294,-0.49061354994773865,-0.525784483551979,-0.4566505037248135,-0.8767580389976501,-0.8806906402111053,-0.8725630357861519,-0.375044050619078,-0.5617529037826143,-0.1788139913028645,-0.10105053334812708,-0.29462560984816677,0.08436329114688915,0.3861444890499115,0.3502662718296051,0.4199912510812282,-0.5026920437812805,-0.5417762264609337,-0.4678357027471066,0.0030846400186419487,-0.003613704117015004,0.010625836392864577,0.00899386778473854,0.006568077043630183,0.011430483986623585,-0.257718563079834,-0.7329730987548828,0.605054625157039,0.0
DiagReachK2,187,24,14,KL,cost_1,-0.5137492485556574,-0.31442281300985275,-0.4333665981660298,-0.19754553892488982,-0.3077513873577118,-0.3368508018553257,-0.2802578277885914,-0.5652533769607544,-0.5679140985012054,-0.562760503590107,-0.19932643554580465,-0.31620370963076766,-0.08038265038962762,-0.006671425652140961,-0.129303622794311,0.11051104654887763,0.2575019896030426,0.22830243557691574,0.2864278949797153,-0.3121078610420227,-0.3399295337498188,-0.2850902244448662,0.015372080728411674,0.005448214872740209,0.025053777964785695,-0.011015534400939941,-0.013537836144678295,-0.008708202885463834,-0.023914337158203125,-0.676729679107666,0.703515031806072,0.0
DiagReachK2,187,24,14,W2,shaped,1.6315852996087912,0.4833852264349012,0.1256611114858533,0.8955236465887745,0.30090466141700745,0.15215796492993833,0.45473478510975834,-0.22028738260269165,-0.2278772320598364,-0.21321993097662928,1.14820007317389,0.7360616530200164,1.5059241881229377,0.18248056501789378,-0.11984321805343143,0.5361200610568913,0.5211920738220215,0.37261821404099466,0.6725209847092628,0.3012130856513977,0.14558519944548606,0.4450785502791404,-0.0004225457087159157,-0.038319607824087144,0.03871878907084462,0.00011408794671297073,-0.006325971079058945,0.005701472517102956,,,,0.0
DiagReachK2,187,24,14,W2,raw,0.05808588417877525,-0.24832819442165177,-0.30872186589327594,-0.18991396537984717,-0.22434569895267487,-0.24979718178510665,-0.19899832606315612,-0.22028738260269165,-0.2278772320598364,-0.21321993097662928,0.306414078600427,0.2479998495586224,0.36680775007205113,-0.023982495468976905,-0.09059666227914179,0.03685444434934495,-0.004058316349983215,-0.029033837839961052,0.0196440018713474,-0.213497132062912,-0.23859726078808308,-0.19072236493229866,-0.012625839561223984,-0.019925552234053612,-0.006559994723647833,0.0017772335559129715,-5.7826656848192216e-05,0.0036871369928121547,,,,0.0
DiagReachK2,187,24,14,W2,penalty,-1.573499424046049,-0.7317134296608785,-1.1543484919046323,-0.3743839606925934,-0.5252503752708435,-0.67242631316185,-0.3855915896594525,0.0,0.0,0.0,-0.8417859943851704,-1.1991154633534555,-0.41915093214141724,-0.20646305439003498,-0.5692890512704839,0.0958957363952053,-0.5252503752708435,-0.67242631316185,-0.3855915896594525,-0.5147101879119873,-0.6522738739848137,-0.3769863776862622,-0.012203235179185867,-0.05367610296234489,0.025701697915792455,0.0016631144098937511,-0.004150542942807078,0.007678119535557919,,,,0.0
DiagReachK2,187,24,14,W2,cost_0,-0.7568236427792392,-0.4945828437233331,-0.6775681140767371,-0.3286541715474243,-0.4059901833534241,-0.43546426221728324,-0.37840205058455467,-0.6982617974281311,-0.7014151841402054,-0.6949622124433518,-0.2622407990559061,-0.428169471231815,-0.07925552870250221,-0.08859266036990904,-0.2651916341322456,0.076100716165291,0.29227161407470703,0.26330212876200676,0.3194396413862705,-0.4110328257083893,-0.44446456283330915,-0.3802681788802147,-0.005365343764424324,-0.01308563412167132,0.0029764266917481994,0.010408008471131325,0.008367073140107095,0.012455159449018536,-0.257718563079834,-0.7329730987548828,0.6400353736796563,0.0
DiagReachK2,187,24,14,W2,cost_1,-0.5600049187160737,-0.27282677780843567,-0.3826706974268518,-0.1661789967454815,-0.25261732935905457,-0.27897588834166526,-0.22770542837679386,-0.4540835916996002,-0.45637114271521567,-0.4518826209008694,-0.28717814090763805,-0.3938259219705924,-0.17733422128922197,-0.020209448449381107,-0.12904243574622348,0.08471273428259388,0.20146626234054565,0.17510988637804986,0.22618548497557636,-0.24446147680282593,-0.2683086507022381,-0.21994577944278718,7.65826553106308e-05,-0.011689840280450881,0.010842152126133441,-0.008232410997152328,-0.01031149176415056,-0.00625026966445148,-0.023914337158203125,-0.676729679107666,0.6958057534460026,0.0
DiagReachK3,180,0,15,KL,shaped,1.2325916138192392,0.7920549358363042,0.6873104117349915,0.9017499686315338,0.8946917057037354,0.7987814247608185,0.9735314354300498,2.3763587474823,2.365361201763153,2.3873730659484864,0.44053667798293505,0.33084164518770537,0.5452812020842477,-0.1026367698674312,-0.2529330004717684,0.04375442623048486,-1.4816670417785645,-1.5750837683677674,-1.400212860107422,0.8913296461105347,0.7964712217450142,0.972586065530777,0.01041388139128685,0.003339377196971327,0.01765466020442545,-0.0070521836169064045,-0.010553028644062578,-0.003058463509660214,,,,0.0
DiagReachK3,180,0,15,KL,raw,1.3763945776854114,0.809216843231257,0.7051203213668435,0.9177021303456709,0.9587464928627014,0.8972268357872963,1.0188910990953446,2.3763587474823,2.365361201763153,2.3873730659484864,0.5671777344541544,0.45869244733974046,0.6712742563185679,-0.14952964963144444,-0.288198341610645,-0.01576499016306658,-1.4176123142242432,-1.480652466416359,-1.357212522625923,0.9592331647872925,0.9002295792102813,1.0205114662647248,0.006110707297921181,0.0007369331200607121,0.011336019239388402,-0.0065976777113974094,-0.008737441361881792,-0.004641736205667258,,,,0.0
DiagReachK3,180,0,15,KL,penalty,0.14380303579986609,0.017161897367438613,-0.0034806141915288778,0.046019018830117255,0.06405467540025711,0.017148757353425026,0.13297948017716404,0.0,0.0,0.0,0.12664113843242747,0.0977840169697488,0.14728364999139493,-0.046892778032818494,-0.09956122407047514,-0.009444185981200308,0.06405467540025711,0.017148757353425026,0.13297948017716404,0.06790335476398468,0.018371868366375565,0.13827153220772742,-0.0043031638488173485,-0.010665088519454002,5.11854887008667e-05,0.00045448634773492813,-0.0028524729190394283,0.0030184497591108075,,,,0.0
DiagReachK3,180,0,15,KL,cost_0,0.7941586008544206,0.3827448842002051,0.27839166735648163,0.48760367799434795,0.5233154296875,0.4658753305673599,0.5765361428260803,0.6272943019866943,0.6037645831704139,0.6498715057969093,0.4114137166542155,0.3065549228600725,0.5157669334979389,-0.14057054548729492,-0.2666540577806853,-0.017692478012858046,-0.10397887229919434,-0.16835773065686227,-0.045769834518432646,0.5181371569633484,0.4622623026371002,0.5691403552889823,0.008051598444581032,0.0020926346362102775,0.014215343119576573,-0.002873159246519208,-0.0053092701826244594,-0.0007387237506918614,-0.1598055362701416,1.2264814376831055,0.28866286264821805,0.0
DiagReachK3,180,0,15,KL,cost_1,1.1010891385704802,0.44189342354057604,0.32629293281272526,0.5522393520374612,0.644000232219696,0.5867080360651016,0.6976895079016685,1.4512724876403809,1.4375990599393844,1.4637395411729812,0.6591957150299042,0.548849786533019,0.7747962057577547,-0.20210680867912,-0.3502632379906343,-0.04772603811277535,-0.8072722554206848,-0.8640678405761719,-0.7543060258030893,0.6426905393600464,0.5843073695898056,0.6966708779335021,0.0024927726481109858,-0.0014820831536781042,0.006039739737752825,-0.0011828707065433264,-0.002421761117875576,-3.688412252813642e-05,1.054810643196106,2.505972236394882,0.6136832816146968,0.0
DiagReachK3,180,0,15,KL,cost_2,1.7705132832868142,0.7477060794640124,0.5838504519043481,0.9310825484286782,1.1027535200119019,0.9824176549911499,1.2108227878808975,1.7096898555755615,1.6683906614780426,1.751906681060791,1.022807203822802,0.8394307348581359,1.186662831382466,-0.3550474405478895,-0.5583810727794688,-0.14230462573485372,-0.6069363355636597,-0.7181056067347527,-0.4920118749141693,1.096526861190796,0.9795098289847374,1.2026095360517501,0.011851479299366474,0.0041246288921684025,0.01915380633436143,-0.005625138990581036,-0.009183792117983102,-0.0028116849251091486,0.8943052291870117,2.894089656881988,0.3734240903118709,0.0
DiagReachK3,180,0,15,W2,shaped,1.2333041597845669,0.7872265855896589,0.683170620754612,0.8958264864239817,0.8967918753623962,0.802912974357605,0.9748588532209396,2.3805060386657715,2.3699968218803407,2.3910243213176727,0.446077574194908,0.33747767336058515,0.5501335390299548,-0.10956528977273738,-0.2609098894186174,0.03838385124690531,-1.4837141036987305,-1.5762677907943725,-1.4032890319824218,0.8924362659454346,0.7974810123443603,0.9729495257139206,0.010481618344783783,0.0033600286056753247,0.017825173027813435,-0.006125928834080696,-0.00972953038290143,-0.001985716726630927,,,,0.0
DiagReachK3,180,0,15,W2,raw,1.3842513917194255,0.802665254347918,0.7001530851618436,0.9103782670648729,0.9604853987693787,0.8996885061264038,1.0199143409729003,2.3805060386657715,2.3699968218803407,2.3910243213176727,0.5815861373715074,0.47387312465455256,0.6840983065575819,-0.15782014442146064,-0.2962356450082548,-0.022977539743617978,-1.420020580291748,-1.481891229748726,-1.3599478244781493,0.9605950117111206,0.902021637558937,1.0200677335262298,0.005660194903612137,0.00034015876008197665,0.010705012013204394,-0.005769869312644005,-0.00794739737175405,-0.003746789402794093,,,,0.0
DiagReachK3,180,0,15,W2,penalty,0.15094730277577445,0.015438658749216747,-0.006552458012529838,0.044876326829005796,0.06369343400001526,0.01706370897591114,0.13185664080083365,0.0,0.0,0.0,0.1355086440265577,0.10607097594676865,0.1574997607883043,-0.048254775250798514,-0.10113128841074327,-0.010465302102751279,0.06369343400001526,0.01706370897591114,0.13185664080083365,0.06815879046916962,0.01841983278281987,0.13882811628282068,-0.004821408540010452,-0.01150698265992105,2.7177855372428894e-05,0.00035605067387223244,-0.0031205293256789447,0.003003732580691575,,,,0.0
DiagReachK3,180,0,15,W2,cost_0,0.812926551524958,0.3824241588564509,0.2774816717844293,0.4884755296734062,0.5332844257354736,0.4738602936267853,0.5874797269701958,0.6334249377250671,0.6094461560249329,0.6565081745386123,0.43050239266850704,0.3244510218515517,0.5354448797405287,-0.1508602668790227,-0.27695338253739177,-0.02859182646717396,-0.1001405119895935,-0.16545322313904762,-0.039952261745929724,0.5278012752532959,0.4700683832168579,0.5811915338039398,0.00779699208214879,0.0018346764729358256,0.014009969797916707,-0.00231377175077796,-0.004706198279745877,-0.00013022106140852076,-0.1598055362701416,1.2264814376831055,0.2913439984582948,0.0
DiagReachK3,180,0,15,W2,cost_1,1.1051839652261723,0.4407379029757794,0.3251246040946905,0.5528478735984278,0.6452928781509399,0.58840571641922,0.6986674353480339,1.4490559101104736,1.4352213501930238,1.4618104904890061,0.6644460622503929,0.5523360916277444,0.7800593611314816,-0.20455497517516052,-0.3530674727078787,-0.050130424704102436,-0.8037630319595337,-0.8605396211147308,-0.7500586375594139,0.6447573304176331,0.5861737683415413,0.6979220733046532,0.0011482613626867533,-0.0030479537381324917,0.00497540779178962,-0.0006127653177827597,-0.0018785239662975073,0.0005631769658066331,1.054810643196106,2.505972236394882,0.6143132549463417,0.0
DiagReachK3,180,0,15,W2,cost_2,1.8001456771825453,0.7485226396606024,0.5835501093544717,0.9319085047231886,1.116962194442749,0.9937600329518318,1.2274016231298446,1.714292287826538,1.672166869044304,1.7572156488895416,1.0516230375219429,0.8682371724593565,1.2165955678280733,-0.3684395547821466,-0.5690347836731818,-0.15504026925250244,-0.5973300933837891,-0.711528405547142,-0.48116318881511694,1.1108511686325073,0.9893052369356156,1.218547239899635,0.010941742919385433,0.0033494858071208,0.01829056381247937,-0.004830964840948582,-0.00833898528944701,-0.002099210373125971,0.8943052291870117,2.894089656881988,0.3757946818235294,0.0
DiagReachK3,180,6,16,KL,shaped,2.508184425752959,0.4944454702648135,0.2739575484809691,0.7235223578674939,0.563797652721405,0.45326133370399474,0.6897872388362885,-0.013739876449108124,-0.018562835454940797,-0.00826466903090477,2.0137389554881455,1.7846620678854648,2.2342268772719898,-0.06935218245659153,-0.27196846825133447,0.11941027693762851,0.5775375366210938,0.46898055747151374,0.7040764495730399,0.4698387682437897,0.3714155152440071,0.5835152238607406,0.0930209830403328,0.07116541378200054,0.11637775022536515,0.0009379582479596138,-0.0037897929549217226,0.006154079735279081,,,,0.0
DiagReachK3,180,6,16,KL,raw,0.12486728271855374,0.11350279600422133,0.050831414475367286,0.18123530535524163,0.14799556136131287,0.11259901598095894,0.18638161718845367,-0.013739876449108124,-0.018562835454940797,-0.00826466903090477,0.011364486714332406,-0.0563680226366879,0.07403586824318646,-0.03449276535709153,-0.1043307425066096,0.032555667165139336,0.1617354452610016,0.1262544184923172,0.20008236877620217,0.10347162932157516,0.07193640302866697,0.13755906373262405,0.04580339044332504,0.03810193501412869,0.05427073631435632,-0.0012794826179742813,-0.0029503893107175826,0.00034606046974658855,,,,0.0
DiagReachK3,180,6,16,KL,penalty,-2.3833171087195186,-0.38094267788937636,-0.6267816005259395,-0.12126220442381361,-0.4158020615577698,-0.5483206778764724,-0.2992563396692276,0.0,0.0,0.0,-2.0023744308301423,-2.2620549042957054,-1.7565355081935798,0.03485938366839342,-0.14209234419163483,0.24137111084687737,-0.4158020615577698,-0.5483206778764724,-0.2992563396692276,-0.36636704206466675,-0.4834944322705269,-0.26399822607636464,-0.04721757769584656,-0.0717866400256753,-0.024457856407389074,-0.0022174548357725143,-0.007356368936598301,0.002224089857190844,,,,0.0
DiagReachK3,180,6,16,KL,cost_0,-0.652437580416948,-0.11736407462888984,-0.24919523743174624,0.03077543124094022,-0.07760915160179138,-0.13415316231548785,-0.020009969361126426,-0.15625086426734924,-0.16123718097805978,-0.1517720427364111,-0.5350735057880581,-0.6832130116578882,-0.40324234298520195,-0.03975492302709846,-0.15302467708095013,0.09217506488500282,0.07864171266555786,0.021740711852908136,0.13700526356697082,-0.1003953292965889,-0.15091050192713737,-0.049811153020709785,0.02484043873846531,0.013987986580468714,0.03439669050276279,-0.0020542507991194725,-0.0037893066648393868,-0.00018652770668268307,0.5626740455627441,-0.079315185546875,0.8471587196999575,0.0
DiagReachK3,180,6,16,KL,cost_1,0.32062931843473497,0.13970703096616552,0.030739469415009813,0.24565820393107335,0.19535431265830994,0.15760662965476513,0.2310248918831348,0.4613775908946991,0.45806082934141157,0.46469963490962984,0.18092228746856945,0.07497111450366145,0.28988984901972503,-0.05564728169214442,-0.16762398400000206,0.05798406791248317,-0.26602327823638916,-0.3033952921628952,-0.22993148826062682,0.1818610578775406,0.14955092072486878,0.21205225624144078,0.007527231238782406,-0.0012530000472906976,0.01643124897964297,0.005966037046164274,0.0034098699456080795,0.00811640336178243,0.7437677383422852,0.6451139450073242,0.8518685866439556,0.0
DiagReachK3,180,6,16,KL,cost_2,-0.31336253750503623,0.04221803482778536,-0.15170097185930279,0.24615022838968634,0.14240077137947083,0.07497564032673835,0.21136506013572212,0.3058054447174072,0.3006333649158478,0.31137663796544074,-0.3555805723328216,-0.5595127658947227,-0.16166156564573347,-0.10018273655168547,-0.28299715872360814,0.09591202833092098,-0.1634046733379364,-0.23109144456684588,-0.09638149403035641,0.09616910666227341,0.0373305918648839,0.15243759751319874,0.04201153293251991,0.025672454619780183,0.0583358535543084,0.004220098257064819,0.0005325289443135261,0.007486782222986219,1.294631004333496,0.3731231689453125,0.8234349490259644,0.0
DiagReachK3,180,6,16,W2,shaped,2.721840516835884,0.5814286759483679,0.32979405703565295,0.8675637778796639,0.6453049182891846,0.5120038256049156,0.8035218596458433,-0.08910749107599258,-0.09346541948616505,-0.08440558314323426,2.1404118408875163,1.85427673895622,2.39204645980023,-0.06387624234081668,-0.29104690990545334,0.14368276547689515,0.734412431716919,0.6001141607761383,0.8929888859391212,0.5128507614135742,0.39751939922571183,0.6514318212866783,0.1308605670928955,0.10322634764015674,0.16016356013715263,0.0015933969989418983,-0.007655349001288414,0.011331142857670777,,,,0.0
DiagReachK3,180,6,16,W2,raw,0.14195963759646923,0.07784758808830053,0.01017135010114554,0.15010164515600616,0.10361184924840927,0.0696163099259138,0.14301427379250525,-0.08910749107599258,-0.09346541948616505,-0.08440558314323426,0.0641120495081687,-0.008142007559536972,0.13178828749532367,-0.025764261160108742,-0.1024725706129703,0.052289436639923935,0.19271934032440186,0.15808675065636635,0.23189212568104264,0.04198608174920082,0.013961902447044849,0.07312757149338721,0.06626031547784805,0.055408612452447416,0.07862281464040279,-0.004634540528059006,-0.007124492153525353,-0.002475249860435725,,,,0.0
DiagReachK3,180,6,16,W2,penalty,-2.5798808239528332,-0.5035810920651451,-0.7982511528356668,-0.2079222714174681,-0.5416929721832275,-0.7079800277948379,-0.39505058825016026,0.0,0.0,0.0,-2.076299731887688,-2.3719585525353652,-1.7816296711171666,0.03811188011808242,-0.16757779146726268,0.27303712879528824,-0.5416929721832275,-0.7079800277948379,-0.39505058825016026,-0.470864862203598,-0.6154986694455147,-0.3492265008389953,-0.06460031867027283,-0.09587154313921928,-0.034548144508153224,-0.006227895151823759,-0.016498324647545814,0.0036496834829449626,,,,0.0
DiagReachK3,180,6,16,W2,cost_0,-0.6540071322787018,-0.16720860892098127,-0.3158914197764404,0.001470183928887309,-0.12246167659759521,-0.1797723714262247,-0.06085371160879732,-0.25751954317092896,-0.26277717649936677,-0.25276474580168723,-0.4867985233577205,-0.6554773162075891,-0.3381157125022617,-0.04474693232338606,-0.18544778310834212,0.11560931084934135,0.13505786657333374,0.07772866748273373,0.1957624703645706,-0.15917520225048065,-0.20914423167705537,-0.10977714061737065,0.043683215975761414,0.028859056439250706,0.057255276106297964,-0.006969710811972618,-0.010049179196357727,-0.003988837730139503,0.5626740455627441,-0.079315185546875,0.8469344980054212,0.0
DiagReachK3,180,6,16,W2,cost_1,0.24148618768253752,-0.009009535890835106,-0.1393571123393124,0.12040646286906544,0.059324394911527634,0.021121734473854303,0.09783249124884602,0.23414191603660583,0.23114058040082455,0.23696075454354287,0.25049572357337263,0.12107972481347193,0.38084330002184985,-0.06833393080236275,-0.1886803002490403,0.06317061633168755,-0.1748175173997879,-0.21328287795186043,-0.1356260068714619,0.04720929265022278,0.017832168797031044,0.07671453654766082,0.011116794310510159,0.0001598243310581893,0.022796727856621138,0.0009983081836253405,-0.002553558605723083,0.003835871396586296,0.7437677383422852,0.6451139450073242,0.8396927203743867,0.0
DiagReachK3,180,6,16,W2,cost_2,-0.3932312322325447,-0.16323431848007353,-0.3901230137526411,0.08208114441353903,-0.04525531455874443,-0.120318534784019,0.03308455301448689,-0.02117980271577835,-0.027018997259438036,-0.014641369692981245,-0.22999691375247117,-0.4753123766460837,-0.0031082184799038712,-0.1179790039213291,-0.33992146062872425,0.11980366171753466,-0.02407551184296608,-0.0987922577187419,0.05564989391714333,-0.10731176286935806,-0.16836886219680308,-0.04323722692206515,0.06834445893764496,0.045166581962257625,0.09145647343248127,-0.00628799619153142,-0.011086091212928296,-0.0018528779037296876,1.294631004333496,0.3731231689453125,0.8170454534477636,0.0
DiagReachK3,180,12,17,KL,shaped,1.6554002527397498,0.5425419585219495,0.1942957016085304,0.9123296788337979,0.344826877117157,0.20738794580101966,0.4970029287040233,-0.08772213011980057,-0.09708516504615546,-0.07726641613990068,1.1128582942178002,0.7430705739059507,1.461104551131219,0.19771508140479255,-0.06593618174593847,0.48194432334290893,0.43254899978637695,0.29522876590490343,0.5850044220685959,0.2912245988845825,0.15871647000312805,0.4261882476508617,0.051958441734313965,0.034892935492098334,0.06947518661618232,0.0016438346356153488,-0.003525920584797859,0.006102698482573031,,,,0.0
DiagReachK3,180,12,17,KL,raw,0.39857192121057555,0.06586643926447174,-0.01098229834843822,0.14378044582139646,0.02713971957564354,-0.010061077075079083,0.06163259884342545,-0.08772213011980057,-0.09708516504615546,-0.07726641613990068,0.33270548194610383,0.254791475389179,0.4095542195590138,0.038726719688828196,-0.03867405193598065,0.1156906622890759,0.11486184597015381,0.07705511655658484,0.15020637996494768,0.0045508649200201035,-0.03437280720099807,0.0410225356929004,0.02081964910030365,0.014960457198321819,0.026469870610162614,0.001769205555319786,6.186701357364656e-05,0.0032400527503341414,,,,0.0
DiagReachK3,180,12,17,KL,penalty,-1.2568283207285216,-0.47667550335227865,-0.8387257248242639,-0.12233217710287977,-0.3176872134208679,-0.47999433279037473,-0.17788587436079983,0.0,0.0,0.0,-0.7801528173762429,-1.1344961436256418,-0.41810259590425786,-0.15898828993141073,-0.44560860659071616,0.09582882833353112,-0.3176872134208679,-0.47999433279037473,-0.17788587436079983,-0.28667372465133667,-0.4268807716667652,-0.1586637176573277,-0.031138736754655838,-0.05008738143369555,-0.014829845330677934,0.00012529222294688225,-0.0040385069791227576,0.005181284435093402,,,,0.0
DiagReachK3,180,12,17,KL,cost_0,-1.3526571546624466,-0.44895263450576733,-0.6305743486803811,-0.2667517580529219,-0.4313334822654724,-0.4941566526889801,-0.3684620544314385,-0.7681097388267517,-0.7758334785699844,-0.7612905398011207,-0.9037045201566793,-1.085905396609525,-0.7220828059820656,-0.017619152240294922,-0.17692780467936833,0.15310524440965148,0.3367762565612793,0.27095614224672315,0.39811928272247316,-0.43214255571365356,-0.4958669751882553,-0.37000605016946797,0.005111298523843288,-2.0835129544138898e-05,0.010131467878818507,-0.0043023740872740746,-0.006242026388645172,-0.0022080891299992816,-0.48025941848754883,-0.8688030242919922,0.5542381383885888,0.0
DiagReachK3,180,12,17,KL,cost_1,0.5030893225119095,0.3229485160548793,0.19002413561259104,0.4537326941361818,0.2768115699291229,0.2502155490219593,0.3078131012618541,0.4914000928401947,0.4890524186193943,0.4935975059866905,0.18014080645703023,0.04935662837572756,0.31306518689931834,0.04613694612575636,-0.0966762906702967,0.19067855376323392,-0.21458852291107178,-0.2405969899147749,-0.18370743170380593,0.2693161368370056,0.24405369721353054,0.2966133043169975,0.006809317506849766,-0.002063725428888574,0.014829411520622665,0.0006861102301627398,-0.0012295020278543234,0.0023841569491196415,-0.5539736747741699,-1.300407886505127,0.6186860729279515,0.0
DiagReachK3,180,12,17,KL,cost_2,-0.904282083474237,-0.11986189316549346,-0.3490839180141408,0.12985336806513745,-0.16462278366088867,-0.2347781766206026,-0.09534966796636597,-0.2943027913570404,-0.2991002306342125,-0.28936744555830957,-0.7844201903087435,-1.0341354515393746,-0.5551981654600964,0.04476089049539521,-0.19175908334202416,0.27799290997760145,0.12968000769615173,0.0581692349165678,0.19824795164167877,-0.17870169878005981,-0.25109612941741943,-0.10514980182051667,0.017513159662485123,0.006276287999935448,0.028789630159735645,-0.003434145823121071,-0.006381897907704115,-0.0003271539695560933,-1.0513086318969727,-2.4137496948242188,0.5296811302214751,0.0
DiagReachK3,180,12,17,W2,shaped,1.6934110846165022,0.5873235851677093,0.21143417442786022,0.9863910180280291,0.3746607303619385,0.22633893489837648,0.5352591276168823,-0.12059438228607178,-0.12981282509863376,-0.110292699187994,1.106087499448793,0.7070200665884728,1.481976910188642,0.21266285480577085,-0.07397523023470383,0.5018568737836558,0.49525511264801025,0.34925675466656686,0.655377596616745,0.2974700331687927,0.16020430400967597,0.4380716867744922,0.07529159635305405,0.05332583039999008,0.10012832749634981,0.0018991176038980484,-0.003878486901521683,0.007187152281403539,,,,0.0
DiagReachK3,180,12,17,W2,raw,0.3919074236645062,0.06617887632884584,-0.014132709593610465,0.15115674015418362,0.015540836378932,-0.021245487872511147,0.049196527060121294,-0.12059438228607178,-0.12981282509863376,-0.110292699187994,0.32572854733566037,0.24075068351032256,0.4060401332581165,0.05063803994991384,-0.036577715667723,0.12947948589927863,0.13613522052764893,0.09891024772077799,0.1716361816972494,-0.019975047558546066,-0.0573101120069623,0.01570547572337089,0.03324040025472641,0.02677620523609221,0.04019140461459755,0.002275485545396805,0.0002080950886011124,0.004234937205910682,,,,0.0
DiagReachK3,180,12,17,W2,penalty,-1.3015036591390612,-0.5211446958119786,-0.9260517032043233,-0.13111578732611523,-0.35911986231803894,-0.5255007371306419,-0.20871237181127075,0.0,0.0,0.0,-0.7803589633270825,-1.1703878718129461,-0.3754519559347387,-0.1620248334939397,-0.43476148226537314,0.12102996455863342,-0.35911986231803894,-0.5255007371306419,-0.20871237181127075,-0.3174450695514679,-0.46858464628458024,-0.18030381426215175,-0.042051173746585846,-0.06937198713421822,-0.019666710589081055,0.00037635723128914833,-0.005042744986712933,0.005635777022689578,,,,0.0
DiagReachK3,180,12,17,W2,cost_0,-1.3995783665384338,-0.47218875028417423,-0.6605571161122756,-0.2878342196153651,-0.4506717026233673,-0.5163173019886017,-0.38539773896336554,-0.8081310391426086,-0.8159343391656876,-0.801269780099392,-0.9273896162542596,-1.1117441469230689,-0.7390212504261583,-0.02151704766080692,-0.1912723401661794,0.1508207314486248,0.35745933651924133,0.2899431988596916,0.42130332365632056,-0.4546913802623749,-0.5207563981413841,-0.39137929603457455,0.010482758283615112,0.004993835999630392,0.016453017527237532,-0.006463120691478252,-0.008664305508136749,-0.003919880883768202,-0.48025941848754883,-0.8688030242919922,0.5475351081205907,0.0
DiagReachK3,180,12,17,W2,cost_1,0.5068554982770658,0.30277157159091206,0.16395042940816176,0.44167099380232483,0.24101100862026215,0.2146719392389059,0.2729327142238616,0.42263391613960266,0.4203020095825195,0.42484197318553923,0.20408392668615372,0.06518450447474076,0.3429050688689039,0.06176056297064991,-0.08806916963910627,0.2100986409636382,-0.18162290751934052,-0.20822840183973312,-0.14981713742017747,0.22668570280075073,0.20252749398350717,0.25311215221881866,0.010874200612306595,-0.0015431838226504621,0.02136719790287316,0.003451115684583783,0.0008505566976964474,0.005759524728637187,-0.5539736747741699,-1.300407886505127,0.6192654845841294,0.0
DiagReachK3,180,12,17,W2,cost_2,-0.9469831704247417,-0.16009220744170563,-0.3952956501976771,0.09941662299029717,-0.2178257405757904,-0.2924009621143341,-0.14313242919743072,-0.3995524048805237,-0.4048017919063568,-0.39433966875076293,-0.7868909629830361,-1.046399793415039,-0.551687520227065,0.057733533134084775,-0.1918842852094569,0.2893487945277033,0.18172666430473328,0.10684852451086044,0.2558587417006492,-0.24492087960243225,-0.31823496147990227,-0.1710694618523121,0.029912862926721573,0.014529766980558634,0.045289751701056924,-0.002817758359014988,-0.006870495481416583,0.0011842079460620838,-1.0513086318969727,-2.4137496948242188,0.5262650432654348,0.0
DiagReachK3,180,18,18,KL,shaped,2.225383622555612,0.4742485357886891,0.085188547484846,0.9354215858627263,0.3247492015361786,0.17214578241109849,0.4946825549006461,-0.07084079831838608,-0.08035518806427717,-0.06274572759866714,1.7511350867669226,1.2899620366928854,2.140195075070766,0.1494993342525105,-0.16211389358384015,0.4996973474933809,0.39559000730514526,0.2408900484442711,0.5691295161843299,0.2707493305206299,0.1274091772735119,0.43935442119836804,0.051547396928071976,0.0338471906259656,0.07019036412239074,0.0024525532498955727,-0.006723044905811548,0.011158583499491209,,,,0.0
DiagReachK3,180,18,18,KL,raw,-0.25117675554687213,-0.031214365803947708,-0.10641870144787825,0.03993246242722105,-0.0647713914513588,-0.1109607245773077,-0.011644055228680408,-0.07084079831838608,-0.08035518806427717,-0.06274572759866714,-0.21996238974292442,-0.2911092179740933,-0.1447580540989939,0.03355702564741109,-0.04292058206986955,0.09457787464795894,0.006069406867027283,-0.04115834534168243,0.05611647637560951,-0.10164949297904968,-0.14239303059875966,-0.05839751651510601,0.04004413262009621,0.027262119855731726,0.057418997585773436,-0.003166019916534424,-0.009417289029806852,0.0015203948132693757,,,,0.0
DiagReachK3,180,18,18,KL,penalty,-2.476560364595326,-0.5054628945498393,-0.9644519273550357,-0.12155165728390037,-0.38952067494392395,-0.5905431374907494,-0.21813971139490607,0.0,0.0,0.0,-1.9710974700454869,-2.355008707311426,-1.5121084372402904,-0.11594221960591533,-0.45021896481399654,0.1905721206957327,-0.38952067494392395,-0.5905431374907494,-0.21813971139490607,-0.37239882349967957,-0.5614075884222984,-0.20568347163498404,-0.011503289453685284,-0.0250652517657727,-0.00019451418193057828,-0.005618568975478411,-0.014517930708825589,0.00213145021116361,,,,0.0
DiagReachK3,180,18,18,KL,cost_0,-0.9642071805946644,-0.04323552204666046,-0.16944169383540925,0.11657728298702012,-0.12408410012722015,-0.1762989081442356,-0.06592427380383016,-0.36123108863830566,-0.36409724950790406,-0.3581753268837929,-0.9209716585480039,-1.0807844635816846,-0.7947654867592552,0.0808485780805597,-0.033123332793401634,0.20366045902178875,0.2371469885110855,0.18550167009234428,0.2953584298491478,-0.14205561578273773,-0.18252848833799362,-0.09727391116321091,0.017751643434166908,0.003309403546154499,0.035409063007682554,0.00021988153457641602,-0.003139885887503624,0.0032811332494020427,0.498809814453125,-0.3322877883911133,0.7206108898981325,0.0
DiagReachK3,180,18,18,KL,cost_1,-0.8710825624122064,-0.19084700094129836,-0.3795831268245901,-0.023413686587783457,-0.15028074383735657,-0.2163662638515234,-0.07333419118076567,-0.6072737574577332,-0.6134920939803123,-0.6003851160407067,-0.680235561470908,-0.847668875824423,-0.49149943558761644,-0.040566257103941794,-0.21439937515212307,0.09715917968987078,0.4569930136203766,0.3894158139824867,0.532712909579277,-0.17111054062843323,-0.23654082752764224,-0.09637909810990097,0.02357972227036953,0.015885108429938555,0.032044117152690885,-0.0027498621493577957,-0.005721146473661065,0.00013606627471745013,0.9497294425964355,-0.30246543884277344,0.6847923324344427,0.0
DiagReachK3,180,18,18,KL,cost_2,-1.8678551070897846,-0.2298935786739169,-0.49145088132496023,0.050688211645420055,-0.27563098073005676,-0.3927631676197052,-0.1355759356170893,-0.9680855870246887,-0.9772870659828186,-0.9581861913204193,-1.6379615284158677,-1.9185433187352048,-1.3764042257648246,0.04573740205613985,-0.17997399559207722,0.25296282126942243,0.6924545764923096,0.5739696934819222,0.8268286645412444,-0.3211090862751007,-0.423918829113245,-0.20059097409248358,0.04861439764499664,0.028524330258369444,0.07520192377269268,-0.0031363600865006447,-0.010191881842911244,0.003151126392185687,1.5169734954833984,-0.7375926971435547,0.6687680025656297,0.0
DiagReachK3,180,18,18,W2,shaped,2.1272982754817296,0.47480587285486275,0.11996658856608719,0.9057690628552194,0.3390562832355499,0.19727070145308973,0.4957633323967456,-0.028499245643615723,-0.035229532048106194,-0.022669030167162423,1.6524924026268668,1.22152921262651,2.0073316869156423,0.13574958961931283,-0.15095029100739024,0.46119268120675927,0.36755552887916565,0.22566224336624147,0.5244849935173987,0.2933145761489868,0.15836848840117454,0.44895426779985415,0.04558629170060158,0.03140553068369627,0.06232059709727761,0.00015527848154306412,-0.007998387608677148,0.007455540355294938,,,,0.0
DiagReachK3,180,18,18,W2,raw,-0.16962151121890243,0.008344441115121322,-0.054732249225207676,0.06875756975921009,-0.023723572492599487,-0.06755747981369495,0.025990185560658494,-0.028499245643615723,-0.035229532048106194,-0.022669030167162423,-0.17796595233402374,-0.23837908097811253,-0.11488926199369477,0.03206801360772081,-0.0352085114403855,0.0913743502106676,0.004775673151016235,-0.04156317543238401,0.05418808218091725,-0.0585932657122612,-0.09729902483522893,-0.015999077260494248,0.03949630260467529,0.027044872986152768,0.05603787302970886,-0.004626600071787834,-0.01102559845894575,7.494655437767264e-05,,,,0.0
DiagReachK3,180,18,18,W2,penalty,-2.2969197631505596,-0.46646142126043044,-0.8873186050830394,-0.1179107569887905,-0.36277979612350464,-0.5458712115883827,-0.20518575794994837,0.0,0.0,0.0,-1.8304583418901292,-2.1790090061617695,-1.40960115806752,-0.1036816251369258,-0.4095471920823376,0.17062607675152525,-0.36277979612350464,-0.5458712115883827,-0.20518575794994837,-0.3519079089164734,-0.5300688236951828,-0.1962435126304627,-0.006089974660426378,-0.01593901664018631,0.0032037560129538145,-0.00478191627189517,-0.012737580109387636,0.0018742301501333686,,,,0.0
DiagReachK3,180,18,18,W2,cost_0,-0.880487650525487,-0.030095171523496132,-0.14703088122960586,0.11529926292923158,-0.1086677834391594,-0.1574410654604435,-0.05172007158398629,-0.34539899230003357,-0.34828845858573915,-0.34233596473932265,-0.8503924790019909,-0.9957869134547187,-0.7334567692958813,0.07857261191566325,-0.022975409703458353,0.19416579668671352,0.23673120141029358,0.18747163601219655,0.29393423423171045,-0.12480494379997253,-0.164583770185709,-0.0803367614746094,0.016989685595035553,0.004019016842357814,0.03260530363768339,-0.0008525047451257706,-0.003720879089087248,0.0018059114227071391,0.498809814453125,-0.3322877883911133,0.7325708227651578,0.0
DiagReachK3,180,18,18,W2,cost_1,-0.6650835586447326,-0.0928114471432032,-0.25408321171887577,0.057309796360857805,-0.06383882462978363,-0.1255717348307371,0.011167154973372763,-0.4706920385360718,-0.4766190066933632,-0.4641644284129143,-0.5722721115015293,-0.7223933550055904,-0.41100034692585685,-0.028972622513419574,-0.1854040731648922,0.09180309411547054,0.40685319900512695,0.3424100935459137,0.4807640425860882,-0.08851982653141022,-0.15002230033278466,-0.016096727410331378,0.02733559161424637,0.019541036151349545,0.03586576459929347,-0.002654575975611806,-0.0057124320417642595,0.00010185325518250322,0.9497294425964355,-0.30246543884277344,0.7164844868602079,0.0
DiagReachK3,180,18,18,W2,cost_2,-1.568673470130145,-0.11186615912651646,-0.3558741843945826,0.1448763666921274,-0.1657623052597046,-0.2795627720654011,-0.03411963451653727,-0.8156720995903015,-0.8244807824492455,-0.8061475917696953,-1.4568073110036286,-1.7135498368222726,-1.2127992857355625,0.05389614613318813,-0.14547706352967574,0.24550046994223224,0.6499097943305969,0.535568642616272,0.776938185095787,-0.21395376324653625,-0.31420673578977587,-0.10077836681157362,0.052844125777482986,0.03264516964554787,0.0775642132386565,-0.004652766510844231,-0.01105704829096794,0.0011771259829401963,1.5169734954833984,-0.7375926971435547,0.6927025335224009,0.0
DiagReachK3,180,24,19,KL,shaped,0.8842538861735963,0.8941114007450093,0.4235056750523147,1.4437850161976598,0.44347190856933594,0.28014093562960624,0.6416219219565391,-0.18791669607162476,-0.190844314545393,-0.18538091368973256,-0.009857514571412929,-0.5595311300240634,0.46074821112128167,0.45063949217567334,0.09721701923440218,0.8840329183551118,0.6313886046409607,0.4682098127901554,0.8300154983997345,0.44574174284935,0.298480287194252,0.6238099411129951,0.00770987756550312,-0.02508268808014691,0.042834384460002144,-0.00997975468635559,-0.018401795718818902,0.00015418468974530595,,,,0.0
DiagReachK3,180,24,19,KL,raw,0.08096765201930824,-0.17874286670614523,-0.2514151733516814,-0.11015010088431079,-0.1318390965461731,-0.15007590614259242,-0.11356647834181786,-0.18791669607162476,-0.190844314545393,-0.18538091368973256,0.2597105187254535,0.19111775290361901,0.33238282537098945,-0.04690377015997213,-0.1293068712414061,0.026538561520224588,0.05607759952545166,0.039081542566418645,0.07479072734713552,-0.08290670067071915,-0.09871983174234629,-0.0669548099860549,-0.04920002818107605,-0.05943458005785942,-0.0389187646098435,0.00026763230562210083,-0.0019492316991090775,0.002200592402368784,,,,0.0
DiagReachK3,180,24,19,KL,penalty,-0.8032862211346794,-1.0728542771580134,-1.623210541065319,-0.6087892135134924,-0.575311005115509,-0.770053893327713,-0.40759661793708807,0.0,0.0,0.0,0.269568056023334,-0.19449700762118705,0.8199243199306393,-0.49754327204250437,-0.9107255044863594,-0.14354104977455048,-0.575311005115509,-0.770053893327713,-0.40759661793708807,-0.5286485552787781,-0.7093739852309227,-0.380281222611666,-0.056909896433353424,-0.09147572331130505,-0.022759718680754326,0.01024740468710661,4.446255043148995e-05,0.018789098039269442,,,,0.0
DiagReachK3,180,24,19,KL,cost_0,-0.5195517427852232,-0.3108199169384041,-0.426434281892544,-0.19245403637117756,-0.2643287777900696,-0.2854038417339325,-0.24483235329389574,-0.334990531206131,-0.33745749294757843,-0.33268563747406005,-0.2087318258468191,-0.32709770641404584,-0.09311746089267922,-0.046491139148334526,-0.162834611638056,0.07273616434712736,0.0706617534160614,0.049843376874923705,0.08969560489058494,-0.20833724737167358,-0.2287899289280176,-0.18987083286046982,-0.06369009613990784,-0.07705443985760212,-0.05055346218869093,0.007698636502027512,0.005725656170397997,0.00989169981330633,-0.05818986892700195,-0.6811680793762207,0.7792933343829075,0.0
DiagReachK3,180,24,19,KL,cost_1,-0.026073765622211705,-0.43621316284523337,-0.5880434990716248,-0.2599028049992882,-0.28888973593711853,-0.31951273828744886,-0.2537367820739746,-0.4829414188861847,-0.48580376133322717,-0.48018014878034593,0.4101393972230217,0.23382903937707622,0.5619697334494129,-0.14732342690811484,-0.2983450745262868,0.013464913895391891,0.19405168294906616,0.16323548182845116,0.228232853859663,-0.24798047542572021,-0.2779713526368141,-0.21404582932591443,-0.039962343871593475,-0.05108593767508864,-0.0280356511939317,-0.0009467559866607189,-0.0035038692876696587,0.001593115273863077,0.3284635543823242,-0.40509700775146484,0.834060768001105,0.0
DiagReachK3,180,24,19,KL,cost_2,-0.577479539032105,-0.7563064369619793,-0.964166277223085,-0.5499765985801358,-0.5736549496650696,-0.6167531132698059,-0.5250163853168488,-0.8008346557617188,-0.8057656168937684,-0.7964139744639397,0.17882689792987427,-0.02750294045196923,0.38668673819097993,-0.18265148729690972,-0.38755457320966896,0.028812647482645976,0.22717970609664917,0.1846332773566246,0.2740762144327163,-0.4675723612308502,-0.5097043007612229,-0.42363651543855674,-0.11277943849563599,-0.13748426586389542,-0.08996754772961141,0.0066968780010938644,0.0025457344949245454,0.010903419740498065,0.34853267669677734,-1.1116018295288086,0.7795826579955957,0.0
DiagReachK3,180,24,19,W2,shaped,0.9638742678966776,0.9486914996675272,0.4460279427688567,1.5400753099849376,0.4548066258430481,0.2857998125255108,0.6626691684126851,-0.1977131962776184,-0.2011657752096653,-0.19468177296221256,0.015182768229150434,-0.5762010420882601,0.5178463251278207,0.4938848738244791,0.11806075132484185,0.9507864032512752,0.6525198221206665,0.4832232311367989,0.8608783408999441,0.46814051270484924,0.3127656079828739,0.6571960225701332,-0.0010668998584151268,-0.03692419538274407,0.03760199779644608,-0.012267137877643108,-0.021892349421977996,-0.0007318475283682365,,,,0.0
DiagReachK3,180,24,19,W2,raw,0.09318335130965205,-0.20273946922562153,-0.2853290978514166,-0.12598748763875425,-0.1501186490058899,-0.1686028651893139,-0.13081690184772016,-0.1977131962776184,-0.2011657752096653,-0.19468177296221256,0.2959228205352736,0.21917083894840625,0.3785124491610686,-0.052620820219731634,-0.1448284255160957,0.028220995486412034,0.047594547271728516,0.030192766338586807,0.06731170341372489,-0.0898708924651146,-0.10617549847811461,-0.07299839705228806,-0.060839615762233734,-0.07230267357081174,-0.04916096422821283,0.0005919374525547028,-0.002021948900073767,0.002804176229983568,,,,0.0
DiagReachK3,180,24,19,W2,penalty,-0.8706909005393125,-1.1514309800812277,-1.7277078498212006,-0.6574284221322265,-0.6049251556396484,-0.8098004326224327,-0.4313925057649615,0.0,0.0,0.0,0.28074007954191516,-0.21326247840708598,0.857016949281888,-0.5465058244415792,-0.9816364052600247,-0.18057708861895447,-0.6049251556396484,-0.8098004326224327,-0.4313925057649615,-0.5580114126205444,-0.7472442284226417,-0.4028670206665996,-0.05977274104952812,-0.09635127987712622,-0.02341800695285203,0.01285911537706852,0.001227022148668766,0.022704135812818993,,,,0.0
DiagReachK3,180,24,19,W2,cost_0,-0.5540311636982844,-0.327464294087842,-0.45962031973542045,-0.19404605225460284,-0.27237391471862793,-0.29376767948269844,-0.2523596242070198,-0.33927664160728455,-0.3416850991547108,-0.3370332308113575,-0.22656686961044242,-0.3599851114436816,-0.09441084396286407,-0.05509037936921407,-0.18496470002625953,0.07948566616336114,0.06690272688865662,0.04528188481926918,0.0861293412744999,-0.20828700065612793,-0.22945795468986036,-0.18899189457297327,-0.07329848408699036,-0.08819741755723953,-0.05839740345254545,0.009211724624037743,0.006879137177020311,0.011783352680504322,-0.05818986892700195,-0.6811680793762207,0.7743677028238988,0.0
DiagReachK3,180,24,19,W2,cost_1,-0.03582569214468216,-0.4925529369558782,-0.6599887244493605,-0.29630540390771487,-0.3286762833595276,-0.3594832465052605,-0.2913065776228905,-0.5282103419303894,-0.5312003374099732,-0.5253345593810081,0.45672724481119603,0.2604797117630325,0.6241630323046782,-0.16387665359635062,-0.3291927325511757,0.010328656864908503,0.19953405857086182,0.16784074530005455,0.2363174587488174,-0.28042393922805786,-0.3123092338442802,-0.24429316222667694,-0.04879166930913925,-0.061687126941978934,-0.035519179329276104,0.0005392185412347317,-0.0024989725090563296,0.0033631271682679647,0.3284635543823242,-0.40509700775146484,0.8325604716130327,0.0
DiagReachK3,180,24,19,W2,cost_2,-0.6226798957252234,-0.8306506953572652,-1.057379965323425,-0.6027083771246263,-0.6238183379173279,-0.6675521284341812,-0.5760860651731492,-0.8486471772193909,-0.8536732792854309,-0.8441577568650246,0.2079707996320418,-0.0199715186005971,0.43470006959820146,-0.20683235743993733,-0.4302680528645774,0.01809204159364688,0.224828839302063,0.1802780345082283,0.27140077203512186,-0.5004514455795288,-0.5434108898043633,-0.4562299743294716,-0.13306862115859985,-0.15972351431846618,-0.10749508943408728,0.00970170833170414,0.004970289021730423,0.014495564997196194,0.34853267669677734,-1.1116018295288086,0.7759666294601462,0.0
DiagReachK3,186,0,20,KL,shaped,1.6204562022007338,0.6895506456243417,0.4949952697482959,0.8896824038498002,0.6195783019065857,0.51297198086977,0.7278127700090408,0.981747567653656,0.9695052161812783,0.9945459187030792,0.9309055565763922,0.7307737983509335,1.1254609324524378,0.06997234371775596,-0.09750179631172165,0.23414457996330829,-0.3621692657470703,-0.47024426609277725,-0.2539834126830101,0.6114230155944824,0.5068910896778107,0.7188102483749389,-0.0023295297287404537,-0.013713004626333713,0.006475545058492553,0.010484589263796806,0.004708469787146896,0.018523484747856856,,,,0.0
DiagReachK3,186,0,20,KL,raw,1.6830733485588745,0.8496916744251826,0.6596587291070739,1.0400407025351475,0.7035571336746216,0.6136894598603249,0.8006906315684318,0.981747567653656,0.9695052161812783,0.9945459187030792,0.8333816741336919,0.643032646023726,1.0234146194518006,0.14613454075056098,-0.030714713124090503,0.3240456603200653,-0.2781904339790344,-0.37207627296447754,-0.17825095206499103,0.6926901340484619,0.6032649770379066,0.7889012992382048,0.004344359505921602,-0.003591297991806641,0.010891756694763898,0.006522663868963718,0.0028368975268676876,0.011900991504080586,,,,0.0
DiagReachK3,186,0,20,KL,penalty,0.06261711805576335,0.16014102735338004,0.05355929830753818,0.28565854726808004,0.08397907763719559,0.04985347567126155,0.11909352149814363,0.0,0.0,0.0,-0.09752390929761669,-0.22304142921231673,0.009057819748225036,0.07616194971618445,-0.03418866844866512,0.20394536596112287,0.08397907763719559,0.04985347567126155,0.11909352149814363,0.08126717805862427,0.045970536209642886,0.11569837629795074,0.006673875730484724,-0.0006899084430187941,0.0162726689595729,-0.0039619882591068745,-0.009861681750044227,-3.1997100450099667e-05,,,,0.0
DiagReachK3,186,0,20,KL,cost_0,0.9320244558159665,0.6392089109604052,0.4592656394273248,0.8395476126917364,0.5211784839630127,0.47362323850393295,0.574673368036747,1.0974761247634888,1.0875850111246108,1.108014491200447,0.29281554485556127,0.09247684312423,0.4727588163886415,0.11803042699739252,-0.06767066049275294,0.3331543816289189,-0.5762976408004761,-0.6264893263578415,-0.5227208137512207,0.5257149338722229,0.4778742268681526,0.579996594786644,-0.004784242250025272,-0.009787188866175712,-0.0006539236055687112,0.00024796160869300365,-0.0012525401660241186,0.001829532964620738,1.0925946235656738,0.2991762161254883,0.9313440971077078,0.0
DiagReachK3,186,0,20,KL,cost_1,0.48401026530125935,0.3178914115991893,0.2418912590973094,0.39434904990513436,0.23560774326324463,0.20859293565154075,0.2610927075147628,0.01314570102840662,0.010526430350728333,0.015899989288300276,0.16611885370207002,0.08966121539612491,0.24211900620394994,0.08228366833594469,-0.00246711037842332,0.16109855010573762,0.22246204316616058,0.19455523937940597,0.24735754765570162,0.20401370525360107,0.1773436412215233,0.22759738378226757,0.022652864456176758,0.01584809785708785,0.029675060650333755,0.00894116796553135,0.006369172129780054,0.011537230713292955,-0.04939079284667969,1.1736201047897339,0.25502005693707586,0.0
DiagReachK3,186,0,20,KL,cost_2,1.7580654490721428,1.001679318537964,0.776193694203362,1.2238227758798947,0.81549471616745,0.7481207236647606,0.8908458352088927,1.9081660509109497,1.893785771727562,1.9226670384407043,0.7563861305341788,0.5342426731922482,0.9818717548687804,0.18618460237051404,-0.07942973468003453,0.4466078089212592,-1.0926713943481445,-1.162447726726532,-1.0165022253990175,0.78102046251297,0.7149350479245186,0.8587118834257125,0.02650250680744648,0.016639717994257806,0.035505477618426075,0.007971655577421188,0.003790844324976206,0.012374106259085235,0.6838579177856445,2.185605764389038,0.517779635339834,0.0
DiagReachK3,186,0,20,W2,shaped,1.634601365146723,0.6684348759159229,0.4948241883281091,0.8597439052292304,0.59897780418396,0.49879962503910064,0.7053205847740174,0.9238579273223877,0.9115476027131081,0.9367245107889175,0.9661664892308002,0.7748574599174926,1.1397771768186138,0.06945707173196292,-0.08815950740843127,0.22380323943966562,-0.32488012313842773,-0.4274830587208271,-0.21682429909706127,0.5916743278503418,0.49167352020740507,0.6975854322314262,-0.007134556770324707,-0.01874807123094797,0.0029680947947781527,0.014438114129006863,0.007721408607903868,0.022597173973917962,,,,0.0
DiagReachK3,186,0,20,W2,raw,1.6927947667686847,0.7945249350143856,0.6080901313158551,0.9879099203667322,0.6668233275413513,0.5790305271744728,0.7628270760178566,0.9238579273223877,0.9115476027131081,0.9367245107889175,0.8982698317542991,0.7048848464019521,1.0847046354528296,0.12770160747303427,-0.042536562222415863,0.30386409022277405,-0.2570345997810364,-0.35059564858675,-0.16013976037502292,0.6570289731025696,0.5690018951892852,0.7509627208113671,-0.001279092626646161,-0.010504283453337848,0.006163078045938161,0.011073649860918522,0.0063261126168072225,0.017992372158914804,,,,0.0
DiagReachK3,186,0,20,W2,penalty,0.05819337140297996,0.12609005520459013,0.02902268523486728,0.2414718216663454,0.06784559786319733,0.04030580772086978,0.09640007987618444,0.0,0.0,0.0,-0.06789668380161017,-0.18327845026336548,0.029170686168112653,0.0582444573413928,-0.041173453966238775,0.1708895912352293,0.06784559786319733,0.04030580772086978,0.09640007987618444,0.0653546005487442,0.03706914186477661,0.0937668565660715,0.005855475086718798,-0.0013225403148680924,0.014835868636146185,-0.0033644833602011204,-0.009087067493237556,0.0006038122926838689,,,,0.0
DiagReachK3,186,0,20,W2,cost_0,0.862577572743365,0.568947279045772,0.3835171225393803,0.7629570018767193,0.4615514278411865,0.41837999150156974,0.5093008205294609,0.9720017313957214,0.9628874525427819,0.9817928105592728,0.29363029369759297,0.09962057086664569,0.4790604502039847,0.1073958512045855,-0.07492744737650851,0.30025904184002505,-0.5104503035545349,-0.5566935688257217,-0.4637663140892983,0.46492207050323486,0.4208191201090813,0.513104048371315,-0.005489608738571405,-0.011340658902190626,-0.0005491779884323499,0.002119136042892933,0.000402572937309742,0.003866354469209909,1.0925946235656738,0.2991762161254883,0.9214231138116219,0.0
DiagReachK3,186,0,20,W2,cost_1,0.48007033122053544,0.29681762886576574,0.22050218106149289,0.37520862412935985,0.21842409670352936,0.1923024721443653,0.24309842474758622,0.007452498655766249,0.005538347573019564,0.00962837147526443,0.1832527023547697,0.10486170709117558,0.2595681501590425,0.07839353216223638,-0.004723805154962318,0.15513289965872354,0.21097159385681152,0.18373285718262194,0.23546903952956197,0.1938784271478653,0.16759555637836457,0.21818580105900764,0.013065135106444359,0.00611767201917246,0.020290961768478152,0.011480539105832577,0.008275724644772709,0.014667482604272662,-0.04939079284667969,1.1736201047897339,0.25441391323234913,0.0
DiagReachK3,186,0,20,W2,cost_2,1.7378776777126128,0.9279285631528772,0.7042664294620855,1.1526174932881064,0.7565842270851135,0.6924590319395065,0.8328867524862289,1.7950842380523682,1.7808011949062348,1.8096722811460495,0.8099491145597356,0.5852601844245064,1.0336112482505273,0.17134433606776367,-0.086697726017652,0.4218187155654136,-1.0385000705718994,-1.106566420197487,-0.9644471377134324,0.7278352975845337,0.6621457174420357,0.8053081959486007,0.01610453613102436,0.004334846523124725,0.02616878263652324,0.012644350528717041,0.007643326185643673,0.01829439969733357,0.6838579177856445,2.185605764389038,0.5161646136310715,0.0
DiagReachK3,186,6,21,KL,shaped,0.7369686313663212,0.005203863499967197,-0.2996260239590364,0.27955816568307285,0.09434382617473602,0.020545263588428498,0.16481130346655845,-0.01978972554206848,-0.027452094294130803,-0.012014705315232278,0.731764767866354,0.4574104656832482,1.0365946553253573,-0.08913996267476883,-0.4529943123393898,0.21238848662793938,0.1141335517168045,0.036567705869674685,0.1845115318894386,0.12770050764083862,0.06156880091875792,0.19405104294419287,-0.03106728196144104,-0.05368768749758601,-0.00906937166582793,-0.0022894050925970078,-0.007574891159310937,0.00264152688905596,,,,0.0
DiagReachK3,186,6,21,KL,raw,0.17648914392518567,0.07411613162370413,-0.041549521886115756,0.2181629699067714,0.0548628605902195,0.028028287924826145,0.08522105421870943,-0.01978972554206848,-0.027452094294130803,-0.012014705315232278,0.10237301230148153,-0.041673825981585776,0.21803866581130138,0.019253271033484634,-0.09048123437787586,0.1499395450580731,0.07465258240699768,0.046049001067876814,0.10401104856282473,0.09575237333774567,0.0664983071386814,0.12604000568389892,-0.04206056520342827,-0.048086104448884726,-0.0362770926207304,0.001171056181192398,-0.00036152591928839684,0.0026421633549034594,,,,0.0
DiagReachK3,186,6,21,KL,penalty,-0.560479470389469,0.0689122864936012,-0.22007044683558916,0.38585923983759274,-0.03948095813393593,-0.11178647205233574,0.03678389601409435,0.0,0.0,0.0,-0.6293917568830703,-0.946338710227062,-0.34040902355387986,0.10839324462753713,-0.20132340822455952,0.4848789898067459,-0.03948095813393593,-0.11178647205233574,0.03678389601409435,-0.03194813430309296,-0.09985030479729176,0.029905480612069348,-0.010993288829922676,-0.030834429245442153,0.011035229847766458,0.0034604654647409916,-0.0012389170471578837,0.008922761422581969,,,,0.0
DiagReachK3,186,6,21,KL,cost_0,0.20872887151531808,-0.0028663701337303827,-0.20313160531031288,0.21920990761126685,0.02579951286315918,-0.013372852327302098,0.06764898784458637,-0.007412176579236984,-0.012191115599125623,-0.0029504210688173793,0.21159524164904847,-0.010481036095948982,0.41186047682563093,-0.02866588299688956,-0.20921427919848318,0.18854648420458148,0.033211689442396164,-0.006060961680486798,0.07403054572641846,0.05920010060071945,0.02392960907891393,0.09948208071291444,-0.0365876704454422,-0.04916193010285497,-0.02521214485168458,0.003187088295817375,0.0007314560469239951,0.0056293846108019345,0.18270540237426758,-0.7713561058044434,0.854633274783822,0.0
DiagReachK3,186,6,21,KL,cost_1,-0.12991811168387063,0.01937450939224472,-0.16553077809315345,0.2056103603639381,0.06790802627801895,0.03205411788076162,0.11206510365009306,-0.1762714982032776,-0.17993614934384822,-0.17222962081432341,-0.14929262107611535,-0.3355284720478087,0.03561266640928269,-0.04853351688577423,-0.24751440025045987,0.13795698042774648,0.24417951703071594,0.2055557157844305,0.28623002916574475,0.07722476124763489,0.04207097543403506,0.11754555981606243,-0.010928991250693798,-0.017212366731837393,-0.004511239274870607,0.0016122560482472181,-0.0001634032232686877,0.003311909968033432,-0.649526834487915,-1.1134331226348877,0.5555062273646096,0.0
DiagReachK3,186,6,21,KL,cost_2,0.0703429594678311,-0.005214253296608712,-0.3683696773211309,0.3635087137022748,0.0784907266497612,0.025763269048184156,0.13397032506763934,-0.2198941856622696,-0.22657161727547645,-0.21271565780043603,0.07555721276443982,-0.29316575423444396,0.43871263678896144,-0.08370497994636991,-0.4407385643510422,0.2934245222581937,0.2983849048614502,0.24484356306493282,0.35588056370615956,0.12125392258167267,0.06808614395558835,0.17757900319993494,-0.04799821972846985,-0.06283979397267103,-0.03449266329407692,0.005235037766396999,0.0022532864473760127,0.008410066273063422,-0.4433012008666992,-2.12320613861084,0.6660610152486375,0.0
DiagReachK3,186,6,21,W2,shaped,0.9516768541721621,-0.02456837136482943,-0.4591112433104658,0.3510753600221062,0.05593904107809067,-0.02794564627110958,0.13031459525227546,0.031313635408878326,0.02385509926825762,0.038823743723332874,0.9762452255369916,0.6006014941500559,1.410788097482628,-0.08050741244292009,-0.5852853089556758,0.3258001132861865,0.02462540566921234,-0.057713248487561944,0.10196015592664474,0.10985983908176422,0.03191195474937558,0.17780968286097049,-0.04943212866783142,-0.08235642593353987,-0.018368969857692766,-0.004488671198487282,-0.012184083089232444,0.003069997392594811,,,,0.0
DiagReachK3,186,6,21,W2,raw,0.3288419988701873,0.13951625836846365,-0.012102616935622049,0.3263119940288524,0.09708941727876663,0.06580920144915581,0.13293549567461013,0.031313635408878326,0.02385509926825762,0.038823743723332874,0.18932574050172363,0.002530004841334677,0.34094461580580926,0.04242684108969702,-0.10430440250350263,0.21540764295107348,0.0657757818698883,0.03277271185070276,0.10030024908483026,0.15687182545661926,0.1218912348151207,0.19311821907758708,-0.06384479999542236,-0.07276148200035096,-0.05548107735812664,0.004062429070472717,0.001684715412557125,0.006333621591329573,,,,0.0
DiagReachK3,186,6,21,W2,penalty,-0.6228348448976313,0.16408465877908868,-0.2298539657136489,0.6387027479575637,0.04115039110183716,-0.03653043014928699,0.12300833910703658,0.0,0.0,0.0,-0.78691950367672,-1.2615375928551948,-0.39298087918398245,0.12293426767725152,-0.3038976373191029,0.6620981005268317,0.04115039110183716,-0.03653043014928699,0.12300833910703658,0.04701194912195206,-0.017076426837593316,0.11749897748231881,-0.01441268902271986,-0.042730087600648406,0.016883762693032586,0.008551131933927536,0.0008858994580805302,0.017004984384402625,,,,0.0
DiagReachK3,186,6,21,W2,cost_0,0.2943490099307344,0.02093330364045108,-0.23369075770249947,0.29352420594817535,0.04567957669496536,-0.004119243647437543,0.09646161962300538,0.0077984631061553955,0.002103538531810045,0.013187822420150033,0.2734157062902833,0.0008248039825589615,0.5280397676332338,-0.02474627305451428,-0.25725038902615555,0.24161970641577366,0.03788111358880997,-0.011891205026768149,0.08894330188632009,0.09816131740808487,0.05363167366012931,0.14745545759797096,-0.05931055173277855,-0.07881906349211931,-0.0424055114388466,0.006828807294368744,0.0025972483679652216,0.011025486327707765,0.18270540237426758,-0.7713561058044434,0.8668647231288814,0.0
DiagReachK3,186,6,21,W2,cost_1,0.034603755042710606,0.14019346219378145,-0.10748629125319915,0.3857228167867462,0.19634197652339935,0.1543187540024519,0.2466830465942621,-0.005316346883773804,-0.009370245411992073,-0.0009691443294286762,-0.10558970715107086,-0.3511190617440358,0.14209004629590974,-0.0561485143296179,-0.30553680427854835,0.19245585490353245,0.20165832340717316,0.15846750549972058,0.24940050244331355,0.20634299516677856,0.16581150367856026,0.2505143865942955,-0.015292711555957794,-0.02327136220410466,-0.006879545410629362,0.005291684530675411,0.0021646699169650674,0.008324587484821677,-0.649526834487915,-1.1134331226348877,0.5808172837840837,0.0
DiagReachK3,186,6,21,W2,cost_2,0.3330585342265924,0.13570399594317614,-0.323959953711658,0.6002726825803112,0.22894243896007538,0.16429301016032696,0.2935019925236702,-0.0466107502579689,-0.0540281992405653,-0.03857427127659322,0.19735453828341623,-0.26721414835371887,0.6570184879382495,-0.09323844301689924,-0.5548685173206697,0.3868171982942312,0.2755531966686249,0.20981662347912788,0.33870773464441295,0.29303228855133057,0.22955338098108768,0.3579816237092018,-0.07630198448896408,-0.097941230610013,-0.05647240113466978,0.012212194502353668,0.007254194468259811,0.01755971759557724,-0.4433012008666992,-2.12320613861084,0.6870782612293383,0.0
DiagReachK3,186,12,22,KL,shaped,2.7967793246342922,0.30250693273942797,0.054173366374073446,0.605191417324402,0.3448130190372467,0.19951627738773822,0.5245908915996551,-0.13354942202568054,-0.13808973804116248,-0.12922131270170212,2.494272391894864,2.19158790730989,2.742605958260219,-0.042306086297818735,-0.20850935769518114,0.14289901877059044,0.47836244106292725,0.33281282261013984,0.6594957917928695,0.29072433710098267,0.16405254788696766,0.4516637474298477,0.04566826671361923,0.026163496403023602,0.06893096528947351,0.008420297876000404,-0.00014412337914109226,0.018004885315895072,,,,0.0
DiagReachK3,186,12,22,KL,raw,-0.22179275026457992,-0.08929033076226835,-0.12503323471200342,-0.049088363354876645,-0.04269176349043846,-0.060809512808918956,-0.021644954010844247,-0.13433752954006195,-0.13867888115346433,-0.13025570586323737,-0.13250241950231156,-0.17270438690970336,-0.0967595155525765,-0.046598567271829885,-0.07950412105490208,-0.010548558029672854,0.09164576232433319,0.07357699014246463,0.11330012809485197,-0.06977637857198715,-0.0868129076436162,-0.05085373930633069,0.03148960694670677,0.027824996365234257,0.035997687838971615,-0.004404975101351738,-0.0059161287732422355,-0.0026040943805128347,,,,0.0
DiagReachK3,186,12,22,KL,penalty,-3.018572075115206,-0.39179725848716096,-0.7017166503257637,-0.1456238699552069,-0.3875046670436859,-0.5706482619047165,-0.2448618497699501,-0.0007881037890911102,-0.002190796658396721,0.0,-2.626774816628045,-2.8729482051599993,-2.316855424789442,-0.004292591443475047,-0.20327544023728633,0.16258788502775995,-0.3867165744304657,-0.5699236437678337,-0.24454538337886353,-0.3605007231235504,-0.5266131862998009,-0.23125520497560503,-0.014178660698235035,-0.03649108409881592,0.0036292350850999186,-0.01282531302422285,-0.021826022677123545,-0.004771421011537314,,,,0.0
DiagReachK3,186,12,22,KL,cost_0,-0.3171883337633238,0.04796041247760285,-0.006702153995003891,0.11055161134018357,0.016105150803923607,0.0016799322096630932,0.02966863620094954,0.00914953276515007,0.007813612930476665,0.010243967082351445,-0.36514874624092664,-0.4277399451035074,-0.3104861797683199,0.03185526167367924,-0.025179019769010998,0.09251430720370869,0.006955618038773537,-0.007844740734435618,0.01984326145611699,0.014040580950677395,-0.0010938191786408424,0.027702033985406157,0.0022802678868174553,0.0010481060482561589,0.0035319006536155937,-0.00021569803357124329,-0.0006013048114255071,0.0001598553033545613,-0.3971748352050781,-1.0137290954589844,0.7272325823287676,0.0
DiagReachK3,186,12,22,KL,cost_1,-0.9982846296162633,-0.39001208504299445,-0.5195712428170652,-0.2793022860662807,-0.33744239807128906,-0.38542711511254313,-0.2964261189103127,-0.7089635133743286,-0.7133065745234489,-0.7050975188612938,-0.6082725445732688,-0.7189823435499826,-0.4787133867991983,-0.05256968697170539,-0.16064387905899657,0.04045822321609698,0.37152111530303955,0.3231793411076069,0.41153566911816597,-0.3552393317222595,-0.3967857167124748,-0.31938522681593895,0.03321674093604088,0.02323134373873472,0.043345570098608725,-0.015419673174619675,-0.018065952975302935,-0.012929189158603551,0.8811631202697754,-0.3591270446777344,0.7461897330967092,0.0
DiagReachK3,186,12,22,KL,cost_2,-1.2876905818884752,-0.3372985179198429,-0.49227990952056616,-0.20774488518071552,-0.32016873359680176,-0.37808421477675436,-0.27065354809165004,-0.7058984637260437,-0.7107198357582092,-0.7013639405369758,-0.9503920639686323,-1.0799456967077596,-0.7954106723679091,-0.01712978432304113,-0.14169966982306595,0.098257325585948,0.38572973012924194,0.326947770267725,0.435421372950077,-0.3447415828704834,-0.3952330946922302,-0.30011313632130626,0.04007411748170853,0.029764805873855948,0.05019078813493252,-0.015501227229833603,-0.01815274599939585,-0.013044251780956983,0.5247592926025391,-1.4653511047363281,0.7063104675602502,0.0
DiagReachK3,186,12,22,W2,shaped,3.4681026758235105,0.363891235573494,0.07022344183618985,0.7228950167804062,0.4569084644317627,0.29347339645028114,0.6581300511956214,-0.1528347134590149,-0.158099764585495,-0.14763631038367747,3.1042114402500163,2.7452076590431043,3.3978792339873207,-0.09301722885826869,-0.31294166471050994,0.13327308314849476,0.6097431778907776,0.44807138815522196,0.8090249076485633,0.35272589325904846,0.21862072981894015,0.5224379003047942,0.08166118711233139,0.04897534968331456,0.11952720303088424,0.022521378472447395,0.007189617305994034,0.04077585153281688,,,,0.0
DiagReachK3,186,12,22,W2,raw,-0.08252126529799189,-0.029895072787338293,-0.08999494335376063,0.027370915563309152,0.025010734796524048,1.1424068361520862e-05,0.05321173416450618,-0.1536228060722351,-0.15891032628715038,-0.14851683489978312,-0.0526261925106536,-0.10989218086130113,0.00747367805576866,-0.05490580758386234,-0.11397538234922104,-0.004574114272851384,0.17863354086875916,0.15244038365781307,0.20837987773120403,-0.030692804604768753,-0.05307203680276871,-0.005644880374893553,0.0626610741019249,0.055213014129549265,0.07114592920988798,-0.006957530975341797,-0.010007908008992672,-0.0031036032363772393,,,,0.0
DiagReachK3,186,12,22,W2,penalty,-3.55062391780125,-0.39378629772192636,-0.7692532779983561,-0.09983945747753255,-0.43189775943756104,-0.6407599776983262,-0.2664901532232762,-0.0007881037890911102,-0.002190796658396721,0.0,-3.156837620079324,-3.450784460323718,-2.7813706398028937,0.038111461715634676,-0.2104316619974211,0.26097646679293346,-0.4311096668243408,-0.6403678402304649,-0.26617368683218956,-0.38341864943504333,-0.5584824413061142,-0.2460268050432207,-0.019000185653567314,-0.05545435734093189,0.011011951207183252,-0.029478900134563446,-0.04788013249635696,-0.014991392195224763,,,,0.0
DiagReachK3,186,12,22,W2,cost_0,-0.17197097803422215,0.10664976426370099,0.00873461379117095,0.19813814223538143,0.03185461834073067,0.0129074324388057,0.0508341571316123,-0.015919551253318787,-0.017557169031351804,-0.014569379203021527,-0.2786207422979231,-0.37010912026960374,-0.1807055918253932,0.07479514592297032,-0.015883011258611534,0.1669691857126406,0.047774169594049454,0.028531199786812067,0.06680205911397934,0.030450377613306046,0.010859058843925596,0.04959130398929119,0.0021222922950983047,0.0010787111008539797,0.0033316589659079907,-0.0007180501706898212,-0.0014384999638423323,1.8261722289025743e-05,-0.3971748352050781,-1.0137290954589844,0.7479779188614964,0.0
DiagReachK3,186,12,22,W2,cost_1,-0.9415540136636984,-0.3088466662316836,-0.4699177517092676,-0.15486622863848246,-0.2614540457725525,-0.3257943958044052,-0.20562555417418482,-0.6951435804367065,-0.7001297637820244,-0.6904779240489006,-0.6327073474320148,-0.7866877850252159,-0.4716362619544312,-0.04739262045913112,-0.1988329837611129,0.07982754807847156,0.43368953466415405,0.3702934704720974,0.48938301801681516,-0.2997724413871765,-0.34896702617406844,-0.25536632165312767,0.06906360387802124,0.0504565273411572,0.08729778248816729,-0.030745267868041992,-0.035662857629358766,-0.02569174896925688,0.8811631202697754,-0.3591270446777344,0.7549175201663345,0.0
DiagReachK3,186,12,22,W2,cost_2,-1.0794376501648313,-0.19121426511790618,-0.40705382946505075,0.0013004451934408368,-0.21805718541145325,-0.3008758373558521,-0.14886396117508413,-0.7258819341659546,-0.7319746673107147,-0.720266754925251,-0.8882233850469251,-1.0807380953582724,-0.6723838206997809,0.026842920293547068,-0.15585682965255357,0.19453034673338912,0.5078247785568237,0.4249561160802841,0.5776931941509247,-0.26668983697891235,-0.33359977826476095,-0.20833437144756317,0.0803469866514206,0.060378062259405854,0.09975949432700872,-0.03171438351273537,-0.03646969310939312,-0.026842581108212474,0.5247592926025391,-1.4653511047363281,0.7229707020981416,0.0
DiagReachK3,186,18,23,KL,shaped,0.6831586632019631,0.1209136858889192,-0.09084509881220983,0.33280947429178936,0.021793309599161148,-0.03130384385585785,0.06789516787976022,0.029975324869155884,0.016763553023338318,0.043772336468100526,0.5622449773130439,0.3503491889101734,0.7740037620141728,0.09912037628975805,-0.10589232357307966,0.29512596410530834,-0.008182015269994736,-0.0640325976535678,0.03996992502361533,0.02818642556667328,-0.026406729780137538,0.07558184061199422,0.006793192587792873,-0.011803073389455675,0.02292692558839917,-0.013186306692659855,-0.018262573331594468,-0.008061521896161142,,,,0.9765625
DiagReachK3,186,18,23,KL,raw,0.36839888571079366,0.2273973763423832,0.16432665129495397,0.3014963541817576,0.15264934301376343,0.12702347449958323,0.1794740281999111,0.13774792850017548,0.13469627499580383,0.14038601592183114,0.14100150936841047,0.066902531529036,0.20407223441583966,0.07474803332861976,0.016512895089318108,0.14281178604455821,0.014901414513587952,-0.010832593962550163,0.04225186035037039,0.15770068764686584,0.13457011617720127,0.1819454427808523,-0.0034336596727371216,-0.010111739207059146,0.00336053166538476,-0.0016176775097846985,-0.003105082083493471,-0.0002054519020020966,,,,0.9765625
DiagReachK3,186,18,23,KL,penalty,-0.31475977804097643,0.10648367914204085,-0.10011119126966704,0.33392469695116567,0.13085605204105377,0.09164149351418019,0.17753648124635216,0.1077725812792778,0.09513583667576313,0.12041007131338119,-0.42124345718301726,-0.6486844749921422,-0.21464858677130963,-0.024372372899012923,-0.22027001053760073,0.18899467374739837,0.02308347076177597,-0.01699542496353388,0.06963052209466693,0.12951432168483734,0.08775945473462343,0.17792559042572972,-0.010226876474916935,-0.025931553402915596,0.007825681008398507,0.01156863197684288,0.006795971503015608,0.01658766111359,,,,0.9765625
DiagReachK3,186,18,23,KL,cost_0,0.4781952177933765,0.4092673110503835,0.2766601107260849,0.5532196574432439,0.3823738992214203,0.35302580520510674,0.4144756980240345,0.4056592583656311,0.4032759994268417,0.40795341730117796,0.06892790674299298,-0.07502443964986771,0.20153510706729152,0.02689341182896321,-0.10478012569840695,0.16741797854175633,-0.023285359144210815,-0.052447006851434705,0.009100221842527376,0.3627057373523712,0.33652848601341245,0.3910877756774425,0.017513547092676163,0.009084374736994505,0.02558262296952307,0.0021544620394706726,0.0008041839580982923,0.003448287537321447,-0.06446170806884766,-0.6961069107055664,0.9304722416323127,0.9765625
DiagReachK3,186,18,23,KL,cost_1,0.28798966611308113,0.1398175095833448,0.02567578430949202,0.27294728965167875,0.06108088418841362,0.023293479438871147,0.10275544375181198,-0.062124695628881454,-0.0654845453798771,-0.059086234960705045,0.14817215652973634,0.015042376461402388,0.26231388180358906,0.07873662539493118,-0.024592105251386828,0.1999479986511202,0.12320557981729507,0.0844560418277979,0.16429698802530765,0.06956028938293457,0.03245306620374322,0.10650245677679777,-0.008774598129093647,-0.01863096277229488,0.0004326858557760591,0.00029518594965338707,-0.0017983698984608055,0.002357321197632699,-0.2915487289428711,-1.1752500534057617,0.818098222605513,0.9765625
DiagReachK3,186,18,23,KL,cost_2,0.8290078482778045,0.5381121974726212,0.33646977462332306,0.7668658039381999,0.44085240364074707,0.38145285174250604,0.5083914130926132,0.3295751214027405,0.3254252202808857,0.3337757959961891,0.2908956508051833,0.06214204433960424,0.4925380736544814,0.09725979383187411,-0.08926639142447873,0.32552279892700464,0.11127728223800659,0.051438841968774796,0.17861179113388062,0.432917058467865,0.37828621491789816,0.4946115784347057,0.006305454298853874,-0.007019908167421818,0.019022001279518,0.0016297511756420135,-0.001093736570328474,0.004509850172325968,-0.46832942962646484,-2.0576257705688477,0.84918577068449,0.9765625
DiagReachK3,186,18,23,W2,shaped,0.8488884299289461,0.12184726442397467,-0.2109250955666247,0.42462626147139865,0.028491489589214325,-0.03917108913883567,0.09162130393087864,-0.07444947212934494,-0.09333483390510082,-0.05512067619711162,0.7270411655049714,0.42426216845754744,1.0598135254955694,0.09335577483476035,-0.2405809962694477,0.37020488105802923,0.10294096171855927,0.027340392163023353,0.16524430923163888,0.02784579247236252,-0.04041597321629524,0.09216203447431325,0.032728925347328186,0.003545860061421991,0.06171451359987255,-0.03208322450518608,-0.04240368492901325,-0.022141599748283627,,,,1.0
DiagReachK3,186,18,23,W2,raw,0.46063736237846137,0.27663951525209085,0.19321033667426113,0.366536727024294,0.16822266578674316,0.13224547766149045,0.2032354511320591,0.1336280107498169,0.1291510909795761,0.13746628239750863,0.18399784712637052,0.09410063535416728,0.26742702570420024,0.10841684946534769,0.02796020758292265,0.19492434257747457,0.03459465503692627,-0.0023020625114440916,0.06951579824090001,0.16910380125045776,0.14021527469158174,0.19826003946363926,0.003819882869720459,-0.007619489543139934,0.015436632931232448,-0.004701029509305954,-0.007641130872070789,-0.0021368140354752585,,,,1.0
DiagReachK3,186,18,23,W2,penalty,-0.3882510563541594,0.15479222668905215,-0.13701801486801982,0.5126822443006689,0.13973118364810944,0.0927376925945282,0.1986524663865566,0.20807738602161407,0.1909955743700266,0.22402963414788243,-0.5430432830432116,-0.9009333006548291,-0.2512330414861398,0.015061043040942718,-0.2728634425766918,0.37506691899878375,-0.06834620237350464,-0.11963823232799768,-0.008284548297524518,0.14125803112983704,0.0872572423890233,0.2004856377840042,-0.02890901267528534,-0.05468162512406707,-0.00039497961988673,0.027382150292396545,0.018647101428359746,0.0377181270159781,,,,1.0
DiagReachK3,186,18,23,W2,cost_0,0.6749835121332699,0.5138810757489644,0.33938702270307536,0.7033387094711021,0.48504000902175903,0.45013233944773673,0.5248644679784775,0.5008824467658997,0.49812663719058037,0.5035366818308831,0.16110243638430555,-0.028355197337832403,0.3355964894301943,0.028841066727205322,-0.14642736432957743,0.21304125785071495,-0.015842437744140625,-0.05006185695528984,0.023737843334674824,0.45365720987319946,0.42296874076128005,0.4871516600251198,0.02643422782421112,0.015446100616827607,0.037520010489970446,0.004948630928993225,0.0030628632754087447,0.0069596110843122,-0.06446170806884766,-0.6961069107055664,0.9585848551094404,1.0
DiagReachK3,186,18,23,W2,cost_1,0.3785918854748548,0.11670852982562896,-0.04028151027054386,0.2972881384647786,0.0013109631836414337,-0.045894430764019487,0.053769708890467824,-0.1969044804573059,-0.20095543302595614,-0.19311519525945187,0.2618833556492258,0.08130374701007617,0.4188733957453986,0.11539756664198753,-0.018654223285819102,0.28093483938371216,0.19821543991565704,0.1500413130968809,0.2499724492430687,0.003194766119122505,-0.04023166066035628,0.04803261775523422,-0.004949032329022884,-0.02051828131079674,0.010047196992672973,0.003065229393541813,-0.0009550231508910656,0.007339727412909269,-0.2915487289428711,-1.1752500534057617,0.8320370255842474,1.0
DiagReachK3,186,18,23,W2,cost_2,1.1478706098086133,0.6171205231595109,0.3572627697855046,0.9308125145831426,0.4827319085597992,0.4091400854289532,0.5661801919341087,0.2865568995475769,0.2815271124243736,0.2916318945586681,0.5307500866491024,0.21705809522547037,0.7906078400231087,0.13438861459971174,-0.11271115380928762,0.4289051892272693,0.1961750090122223,0.12163861468434334,0.27906025424599645,0.4554852843284607,0.3890306316316128,0.5309122264385223,0.021244684234261513,0.000601376546546817,0.040915482025593516,0.006001979112625122,0.0012855473905801773,0.011858296813443303,-0.46832942962646484,-2.0576257705688477,0.8746947916069547,1.0
DiagReachK3,186,24,24,KL,shaped,0.945180466217295,0.4573200294701926,0.13268189826938548,1.0151326824354692,0.2682938873767853,0.15793148279190064,0.39664279147982595,-0.3489058017730713,-0.35075530111789704,-0.3470558479428291,0.4878604367471024,-0.06995221621817457,0.8124985679479095,0.18902614209340735,-0.09007983973270574,0.684871173934753,0.6171996593475342,0.5070601418614388,0.7456064045429229,0.1954795867204666,0.08303725365549326,0.3249920792877674,0.059550583362579346,0.04492225693538785,0.07440235670655965,0.013263668864965439,0.007119160331785679,0.020785650517791507,,,,0.0
DiagReachK3,186,24,24,KL,raw,-0.05183827303678336,-0.1546115299658254,-0.2190470743405402,-0.08954537583261299,-0.1070682555437088,-0.12462075855582952,-0.08830956798046831,-0.3489058017730713,-0.35075530111789704,-0.3470558479428291,0.10277325692904203,0.03770710279582957,0.1672088013037568,-0.04754327442211659,-0.11207044436213127,0.018349423673845348,0.2418375462293625,0.22419361993670464,0.2601769156754017,-0.1697556972503662,-0.18510916344821454,-0.1549428053200245,0.06295551359653473,0.05377900404855609,0.07329887636005877,-0.0002680644392967224,-0.0018089508637785911,0.0012725096195936201,,,,0.0
DiagReachK3,186,24,24,KL,penalty,-0.9970187182014125,-0.6119315811015188,-1.193310147563283,-0.2600686988863462,-0.3753621578216553,-0.5110858976840973,-0.25989855825901037,0.0,0.0,0.0,-0.38508713709989373,-0.7369500193150668,0.19629142936186997,-0.23656942327986352,-0.7582964725972251,0.06839349792346336,-0.3753621578216553,-0.5110858976840973,-0.25989855825901037,-0.36523526906967163,-0.4979519933462143,-0.25260432660579685,0.0034049139358103275,-0.006651266396511346,0.016098522348329414,-0.013531753793358803,-0.020959875639528038,-0.007263753248844299,,,,0.0
DiagReachK3,186,24,24,KL,cost_0,-0.414583434261539,-0.4382168138662954,-0.5526265804113677,-0.3213928314596864,-0.4253807067871094,-0.45002894923090936,-0.39923178106546403,-0.7720698714256287,-0.7735764592885971,-0.7703930050134659,0.02363337960475642,-0.09319060280185261,0.13804314614982863,-0.012836107079186032,-0.13795535352658578,0.10775559494257185,0.3466891646385193,0.32192189916968345,0.37372925505042076,-0.4490792453289032,-0.4727552212774754,-0.42592943012714385,0.03332867845892906,0.026185256615281104,0.04051554994657635,-0.009630068205296993,-0.01216226234100759,-0.007342915516346693,-0.10735797882080078,-0.8969721794128418,0.7720694897291691,0.0
DiagReachK3,186,24,24,KL,cost_1,-0.210363117553272,-0.13377749111712545,-0.28237257732770854,-0.0066340146962762265,-0.06095484644174576,-0.08455234821885824,-0.03577173808589578,-0.2915007174015045,-0.29304572492837905,-0.28998088985681536,-0.07658562643614655,-0.20372910285699583,0.07200945977443637,-0.07282264467537969,-0.20801195619014234,0.048969138984435764,0.23054587841033936,0.20701582692563533,0.2561281815171242,-0.12128951400518417,-0.13704833574593067,-0.10608937852084639,0.0655650794506073,0.053720804397016764,0.07834044396877288,-0.005230414681136608,-0.006841929815709591,-0.0036626858636736874,0.28070974349975586,-0.8764328956604004,0.7895781126240158,0.0
DiagReachK3,186,24,24,KL,cost_2,-0.579405616736833,-0.5469049225088972,-0.7732562066915638,-0.3434894581761415,-0.46852466464042664,-0.5254974082112313,-0.41227282509207724,-1.001220464706421,-1.0049264878034592,-0.9976675093173981,-0.03250069422793578,-0.2359161585606915,0.19385058995473062,-0.07838025786847058,-0.30886311655671295,0.13141330050867783,0.5326957702636719,0.4766764998435974,0.5890913397073746,-0.5634546875953674,-0.6095204442739487,-0.5199211478233338,0.10956841707229614,0.0911861702799797,0.12802209481596946,-0.01463819108903408,-0.01914887744933367,-0.010545996576547626,0.140350341796875,-1.8772058486938477,0.7508809796161314,0.0
DiagReachK3,186,24,24,W2,shaped,1.425883880499391,0.7104079277418136,0.2310056641445568,1.5111491290678083,0.3799422085285187,0.22012186981737614,0.5721683308482169,-0.5114734172821045,-0.5138007998466492,-0.509225158393383,0.7154759527575774,-0.08526524856841733,1.194878216354834,0.33046571921329493,-0.08176452168200654,1.022914925074267,0.8914155960083008,0.7327415704727173,1.0811160176992416,0.22090604901313782,0.06963783465325832,0.3993032485246656,0.13421104848384857,0.11005463302135468,0.15854090116918085,0.024825258180499077,0.010351354628801346,0.04166239574551582,,,,0.0
DiagReachK3,186,24,24,W2,raw,-0.008941005295627283,-0.2291855549930697,-0.32860503550519427,-0.1323224294520085,-0.13302096724510193,-0.15721753984689713,-0.10731262117624285,-0.5114734172821045,-0.5138007998466492,-0.509225158393383,0.22024454969744242,0.12338142415638106,0.3196640302095668,-0.09616458774796777,-0.1931162987584774,0.004622156077994562,0.37845245003700256,0.3550953209400177,0.4028506480157375,-0.25068002939224243,-0.2691598229110241,-0.2335951689630747,0.12150735408067703,0.10682938247919083,0.1376652494072914,-0.003848351538181305,-0.0068131726235151294,-0.0011511202901601794,,,,0.0
DiagReachK3,186,24,24,W2,penalty,-1.4348248430015673,-0.9395935172415707,-1.796461190728505,-0.40962187226220603,-0.5129631757736206,-0.7134467527270317,-0.3478252157568934,0.0,0.0,0.0,-0.4952313257599966,-1.0252029707393617,0.3616363477269375,-0.4266303414679501,-1.1717649957387277,0.015102943859379414,-0.5129631757736206,-0.7134467527270317,-0.3478252157568934,-0.47158604860305786,-0.651434563100338,-0.3209382057189943,-0.012703604064881802,-0.036409849766641855,0.009152322239242491,-0.02867366373538971,-0.044283521641045806,-0.015229418547824041,,,,0.0
DiagReachK3,186,24,24,W2,cost_0,-0.43567540928007215,-0.6284832679969905,-0.7926782139542917,-0.4667019095728116,-0.5799949765205383,-0.6170299187302589,-0.5463829070329667,-1.0401856899261475,-1.0431226551532746,-1.0371621698141098,0.19280785871691836,0.031026500292739474,0.3570028046742194,-0.04848829147645217,-0.20992121979976347,0.11871881711511513,0.46019071340560913,0.42228676527738573,0.49481729716062545,-0.6160664558410645,-0.6458379596471786,-0.5858445048332215,0.061612650752067566,0.04613682711496949,0.07489240728318691,-0.025541046634316444,-0.030112760700285436,-0.021246103942394255,-0.10735797882080078,-0.8969721794128418,0.7690563504408072,0.0
DiagReachK3,186,24,24,W2,cost_1,-0.18480146710999557,-0.1936126902534478,-0.40281882158522353,-0.015810457813467415,-0.06804246455430984,-0.09747927989810705,-0.03674492454156284,-0.3821374475955963,-0.3838105209171772,-0.3804667845368385,0.00881122314345223,-0.1689910092965282,0.21801735447522758,-0.12557022569913795,-0.3309593501819773,0.053680210752174384,0.31409499049186707,0.28530422523617743,0.3448257133364677,-0.17170047760009766,-0.18738744109869004,-0.1561560980975628,0.11945059895515442,0.09933462589979172,0.1402255494147539,-0.01579255610704422,-0.018503455445170403,-0.012993364408612252,0.28070974349975586,-0.8764328956604004,0.7935106742306738,0.0
DiagReachK3,186,24,24,W2,cost_2,-0.561913882285644,-0.7957841432441473,-1.1088448774047408,-0.5077224856500023,-0.6286891102790833,-0.7024281457066536,-0.5609896883368493,-1.341151237487793,-1.3456363946199417,-1.336863750219345,0.23387026095850327,-0.05419139663564169,0.5469309951190964,-0.167095032965064,-0.4803254753657354,0.10913650311081442,0.7124621272087097,0.6386272177100182,0.7799920335412025,-0.7891672253608704,-0.8379552453756333,-0.7406422421336174,0.20015983283519745,0.16850904636085035,0.23026244007050992,-0.03968162089586258,-0.04716021940112114,-0.03220238536596299,0.140350341796875,-1.8772058486938477,0.7522803183722266,0.0
DiagReachK3,187,0,25,KL,shaped,1.5088303175548778,0.19584819274072432,-0.03317772456823254,0.4406799967271938,0.22809794545173645,0.12171610109508038,0.3310406669974326,-0.3271835446357727,-0.3298892006278038,-0.3243465147912502,1.3129821248141536,1.068150320827684,1.5420080421231104,-0.03224975271101213,-0.22916110596298367,0.1745589034754184,0.5552815198898315,0.44763737097382544,0.6586970433592796,0.26509758830070496,0.14677051901817323,0.3785048745572566,-0.03198741748929024,-0.04563991837203503,-0.01749303024262191,-0.005012286361306906,-0.010196943767368793,-0.0006301013287156828,,,,0.0
DiagReachK3,187,0,25,KL,raw,0.15149967901640973,0.05390079026271616,-0.014036079497376138,0.12006344132255799,0.051340315490961075,0.010272385086864233,0.0938952101394534,-0.3271835446357727,-0.3298892006278038,-0.3243465147912502,0.09759888875369357,0.031436237693851614,0.16553575851378582,0.0025604747717550835,-0.065371095480228,0.07714932868438258,0.3785238564014435,0.3376141019165516,0.42075271829962724,0.0644238144159317,0.018676647963002325,0.10688435453921556,-0.01098841056227684,-0.018591287545859814,-0.0029244076111353944,-0.0020950702019035816,-0.004399652779102326,0.0002592478878796078,,,,0.0
DiagReachK3,187,0,25,KL,penalty,-1.3573305997742533,-0.14194740470615158,-0.3735845197760159,0.09231597596696955,-0.1767575740814209,-0.28536527156829833,-0.06997432727366693,0.0,0.0,0.0,-1.2153831950681018,-1.449646575741223,-0.9837460799982377,0.03481016937526932,-0.15308366417707367,0.22778781684692168,-0.1767575740814209,-0.28536527156829833,-0.06997432727366693,-0.20067380368709564,-0.3227377809584141,-0.08585646133869905,0.020998988300561905,0.007352966407779604,0.035649683512747256,0.0029172590002417564,-0.0008252802304923535,0.007452625781297683,,,,0.0
DiagReachK3,187,0,25,KL,cost_0,-0.061954029479761794,0.15814461732087512,0.04349330208390762,0.2838267925313529,0.13107217848300934,0.10130188744515181,0.1587419144809246,0.3736022710800171,0.3698793016374111,0.37738911136984826,-0.2200986468006369,-0.3457808220111147,-0.10544733156366945,0.02707243883786578,-0.08873735356403255,0.16679801055901913,-0.24253009259700775,-0.2721135087311268,-0.21485041119158269,0.1209058091044426,0.09253721199929714,0.14520695991814134,0.01269551645964384,0.0025175364513415842,0.024890588596463186,-0.002529176650568843,-0.005112589919008315,0.00015875406097620677,-0.17343473434448242,-1.3512177467346191,0.5965159268493965,0.0
DiagReachK3,187,0,25,KL,cost_1,-0.4082284338714587,-0.06724806416195973,-0.19679601034425676,0.07498950054612709,-0.22854836285114288,-0.29157199189066885,-0.1733278747648001,-0.8018774390220642,-0.8109632164239884,-0.7923256292939186,-0.34098036970949896,-0.4832179344175858,-0.211432423527202,0.16130029868918316,0.03923973415221344,0.29476808787370545,0.5733290910720825,0.5144338935613633,0.6276969850063324,-0.22621333599090576,-0.28805934339761735,-0.16888303942978383,-0.007295919582247734,-0.011146931303665042,-0.0035100193868856876,0.0049609229899942875,0.0032195470528677108,0.006544808926992117,1.7607898712158203,1.125082015991211,0.8080631346665604,0.0
DiagReachK3,187,0,25,KL,cost_2,-0.48077663109087804,0.12311215496549459,-0.022631952301611143,0.279900211306633,-0.06483569741249084,-0.13508110195398332,0.003551980736665312,-0.3991472125053406,-0.4106042146682739,-0.3869965419173241,-0.6038887860563726,-0.7606768423975111,-0.45814467878926707,0.18794785237798545,0.04657893867770555,0.3521324214875915,0.33431151509284973,0.26740537360310557,0.4001180753111839,-0.07101939618587494,-0.14579302705824376,-0.0004662925261073345,0.00464506633579731,-0.008109841658733786,0.01773550328798591,0.0015386245213449001,-0.0014696906553581357,0.0047769654775038336,1.6496672630310059,-0.5771989822387695,0.6450596743223,0.0
DiagReachK3,187,0,25,W2,shaped,1.5136644501902117,0.19283273388236172,-0.04812550933504096,0.41578762268768693,0.21093304455280304,0.1100531792268157,0.3099962204694746,-0.3449016213417053,-0.3474107250571251,-0.342214024066925,1.32083171630785,1.0978768275025246,1.5617899595252525,-0.018100310670441322,-0.21601400892938163,0.1827770485280989,0.5558346509933472,0.45540268868207934,0.6544164806604383,0.24668759107589722,0.13437920100986958,0.3603685729205608,-0.031144438311457634,-0.04617132637649775,-0.01645025336183609,-0.004610138013958931,-0.009573368914425373,-0.0003310114145278966,,,,0.0
DiagReachK3,187,0,25,W2,raw,0.11803544350438692,0.057829515025422176,-0.013535128440048883,0.12675514438668808,0.04676069691777229,0.006317121570464224,0.08769037928432226,-0.3449016213417053,-0.3474107250571251,-0.342214024066925,0.06020592847896475,-0.008719700882301206,0.1315705719444358,0.011068818107649883,-0.06260017756735482,0.08622596988941131,0.3916623294353485,0.3506790079176426,0.43272382244467733,0.058428168296813965,0.01386760186869651,0.09955414980649947,-0.009685782715678215,-0.018072090251371263,-0.0012337419146206282,-0.0019816833082586527,-0.004304637596942484,0.0003111086552962602,,,,0.0
DiagReachK3,187,0,25,W2,penalty,-1.395628968026119,-0.13500322111734503,-0.36486785011741474,0.10315265257791278,-0.16417226195335388,-0.2689283385872841,-0.061617215443402616,0.0,0.0,0.0,-1.2606257469087738,-1.4987816206040316,-1.0307611179087042,0.029169040836008853,-0.15180442758726045,0.22101498757700105,-0.16417226195335388,-0.2689283385872841,-0.061617215443402616,-0.18825936317443848,-0.3086503453552723,-0.07841590363532328,0.021458640694618225,0.007037107320502401,0.03650796236470341,0.0026284875348210335,-0.0009929538704454898,0.006956181209534407,,,,0.0
DiagReachK3,187,0,25,W2,cost_0,-0.07387926186226115,0.149909401064013,0.03662791017299134,0.2788780877405768,0.13634264469146729,0.10538277681916952,0.16385982148349285,0.39698320627212524,0.39411304593086244,0.40017241686582566,-0.22378866292627414,-0.35275734960283806,-0.11050717203525257,0.013566756372545702,-0.10581725792657072,0.15907103993133626,-0.26064056158065796,-0.29116821214556693,-0.2332627233117819,0.12470342218875885,0.09506061226129532,0.14946387782692902,0.013731101527810097,0.0028691715910099448,0.026671675918623804,-0.0020918722730129957,-0.0045924961101263765,0.0005511313152965149,-0.17343473434448242,-1.3512177467346191,0.5948123222233251,0.0
DiagReachK3,187,0,25,W2,cost_1,-0.4724401073490788,-0.06919390435224759,-0.1961061837044261,0.06670498142645818,-0.22923913598060608,-0.2923439107835293,-0.17386651486158372,-0.8005092144012451,-0.8097101226449013,-0.7906994625926018,-0.4032462029968312,-0.539145088775537,-0.2763339236446527,0.1600452316283585,0.040708296317771175,0.285291563381425,0.5712701082229614,0.5117554366588593,0.6252670913934708,-0.2226235419511795,-0.2849233843386173,-0.16517262235283856,-0.011377619579434395,-0.015845044050365686,-0.007021724851802003,0.004762017168104649,0.0029633006080985068,0.006514037726446983,1.7607898712158203,1.125082015991211,0.7981844156700035,0.0
DiagReachK3,187,0,25,W2,cost_2,-0.5601764369032078,0.1059837014978654,-0.04466648167452419,0.2774971781789047,-0.061179764568805695,-0.12852239310741426,0.006231100927107027,-0.374153733253479,-0.38538520112633706,-0.36249462589621545,-0.6661601384010732,-0.8376736150821128,-0.5155099552286838,0.1671634660666711,0.01077912929872039,0.3391834156127218,0.3129739761352539,0.24723225347697736,0.375447990745306,-0.06597521901130676,-0.13866933174431323,0.0020524971885606444,0.002387896180152893,-0.010920794494450093,0.01656037368811666,0.002407567109912634,-0.0006496503599919378,0.00554741835221648,1.6496672630310059,-0.5771989822387695,0.6387076898573136,0.0
DiagReachK3,187,6,26,KL,shaped,4.525168914429843,0.28452339623312844,-0.07459329771870671,0.7707733111759806,0.39758992195129395,0.22109287790954113,0.6112562254071235,-0.659883975982666,-0.6659314647316933,-0.6535260155797005,4.240645518196715,3.7543956032538617,4.5997622121485495,-0.1130665257181655,-0.4210951322802103,0.28098376873245506,1.05747389793396,0.8801368162035942,1.2710522294044495,0.3692028522491455,0.19723840318620206,0.5807254791259765,0.020420750603079796,0.009218356106430292,0.03281065179035067,0.007966199889779091,0.0015159839764237405,0.014687764924019573,,,,0.0
DiagReachK3,187,6,26,KL,raw,-0.3339498708408125,-0.2702567243781852,-0.32139421345553937,-0.20700748712719028,-0.2590613067150116,-0.2869814999401569,-0.23109660670161247,-0.659883975982666,-0.6659314647316933,-0.6535260155797005,-0.0636931464626273,-0.12694238371362226,-0.012555657385273162,-0.011195417663173612,-0.0745591938428985,0.052807287581656544,0.4008226692676544,0.37084763646125796,0.43015503957867623,-0.26633986830711365,-0.29430529475212097,-0.2395617537200451,0.009639229625463486,0.004590173671022058,0.014858074439689516,-0.0023606587201356888,-0.004278031131252647,-0.0005995424464344982,,,,0.0
DiagReachK3,187,6,26,KL,penalty,-4.85911878596019,-0.5547801517571319,-1.023751875763808,-0.1864452347633074,-0.6566511392593384,-0.8691096097230911,-0.4759513579308987,0.0,0.0,0.0,-4.304338634203058,-4.672673551196882,-3.835366910196382,0.10187098750220647,-0.29893657682560826,0.4027060657411376,-0.6566511392593384,-0.8691096097230911,-0.4759513579308987,-0.6355425715446472,-0.8453450575470924,-0.4603143490850927,-0.010781493969261646,-0.021198059804737567,-0.0003248369437642404,-0.010326881892979145,-0.01687072217464447,-0.004377623461186889,,,,0.0
DiagReachK3,187,6,26,KL,cost_0,-0.9515709646441675,-0.13118887117062683,-0.29294269628405234,0.012198761312812586,-0.19941848516464233,-0.22378838919103144,-0.17840196788311005,-0.5752812027931213,-0.5782545179128646,-0.5722933858633041,-0.8203820934735406,-0.9637697259569801,-0.6586282683601152,0.0682296139940155,-0.08761077519931001,0.20476824630099288,0.375862717628479,0.35144040659070014,0.39752246662974355,-0.1898731291294098,-0.2116269137710333,-0.17085562497377396,-0.010874669067561626,-0.016955086123198272,-0.004709308862220499,0.0013293656520545483,-0.00010596150532364846,0.0028560116421431298,-0.4421358108520508,-1.6418509483337402,0.5059527702573065,0.0
DiagReachK3,187,6,26,KL,cost_1,-1.2462103789337253,-0.7406786453170018,-0.8855032489695218,-0.5855456200986792,-0.6572019457817078,-0.7053121820092201,-0.6089948043227198,-1.4413666725158691,-1.4465704947710036,-1.436985033750534,-0.5055317336167235,-0.6606647588350463,-0.36070712996420357,-0.08347669953529402,-0.22780564274937376,0.0674108330832356,0.7841647267341614,0.7379303842782974,0.832532601058483,-0.6549004912376404,-0.7017786726355553,-0.6087157025933266,0.011735158041119576,0.006840032048057765,0.017578229401260612,-0.014036756940186024,-0.01624275939539075,-0.011826792033389212,0.1102743148803711,-0.9417543411254883,0.5500369006962689,0.0
DiagReachK3,187,6,26,KL,cost_2,-2.2077687500442233,-0.8746059585631127,-1.1341683032827319,-0.6275945327476782,-0.8504120707511902,-0.9162830591201783,-0.7868364483118058,-1.9877524375915527,-1.993196314573288,-1.9825969904661178,-1.3331627914811106,-1.5801742172965454,-1.0736004467614915,-0.024193887811922554,-0.2720601840249343,0.2294960314332074,1.1373403072357178,1.071706560254097,1.2009239315986633,-0.8409870862960815,-0.904967124760151,-0.778341518342495,0.003553427755832672,-0.004976550373248756,0.012211466068401932,-0.012978149577975273,-0.015549200028181076,-0.010342994634993377,-0.2108011245727539,-2.733470916748047,0.4724057521937277,0.0
DiagReachK3,187,6,26,W2,shaped,4.221278868824156,0.31984744119613956,-0.016960996740948073,0.7727127566963073,0.3935565948486328,0.24676155298948288,0.5711712285876274,-0.4034305214881897,-0.40843992978334426,-0.39828785285353663,3.901431427628016,3.4485661121278484,4.238239865565104,-0.07370915365249325,-0.36691198428509236,0.3049665470465967,0.7969871163368225,0.6502879336476326,0.9765537410974502,0.3591526448726654,0.2165783356875181,0.5384918883442877,0.02045959047973156,0.004899506969377398,0.0344670764170587,0.013944657519459724,0.005696702422574163,0.022360594989731895,,,,0.0
DiagReachK3,187,6,26,W2,raw,-0.12385868159429467,-0.14525766069929635,-0.1973555597483425,-0.08325897437221084,-0.1268969178199768,-0.15649617463350296,-0.0991832943633199,-0.4034305214881897,-0.40843992978334426,-0.39828785285353663,0.021398979105001686,-0.04059970722208384,0.07349687815404782,-0.018360742879319547,-0.07964607727214107,0.0471143141927667,0.2765336036682129,0.24816534668207169,0.3043214701116085,-0.1363414078950882,-0.16341601461172103,-0.11065285559743643,0.011569220572710037,0.005421629687771201,0.017754779243841765,-0.002124762162566185,-0.00433076866902411,-0.00017510047182440902,,,,0.0
DiagReachK3,187,6,26,W2,penalty,-4.345137578431324,-0.4651051338458883,-0.9196823674144818,-0.13575593998901125,-0.5204537510871887,-0.7063604488968849,-0.3722693763673307,0.0,0.0,0.0,-3.880032444585436,-4.209381638442313,-3.425455211016843,0.05534861724130041,-0.33192669610601694,0.34914388109146416,-0.5204537510871887,-0.7063604488968849,-0.3722693763673307,-0.4954940378665924,-0.6820023402571678,-0.3495789580047131,-0.008890355937182903,-0.022434778837487103,0.0032005650340579425,-0.01606938987970352,-0.02440292024984956,-0.008359035290777684,,,,0.0
DiagReachK3,187,6,26,W2,cost_0,-0.5514181607006774,-0.046969792840067595,-0.17663186557381202,0.08198624471033653,-0.08895188570022583,-0.11822912264615297,-0.06164220366626982,-0.3159584105014801,-0.31966139674186705,-0.31253220289945605,-0.5044483678606098,-0.6334044054110141,-0.3747862951268654,0.041982092860158235,-0.08335250190020752,0.16946139240604452,0.22700652480125427,0.19870054833590983,0.2549029998481273,-0.0775049701333046,-0.10538580771535636,-0.052045693341642656,-0.016087232157588005,-0.02244812734425068,-0.009576223744079473,0.0046403431333601475,0.00306666677352041,0.006434658169746399,-0.4421358108520508,-1.6418509483337402,0.5631174565349478,0.0
DiagReachK3,187,6,26,W2,cost_1,-0.7665190795815471,-0.5040655659324428,-0.6493830284259839,-0.38103307046122975,-0.46712252497673035,-0.5110471561551094,-0.42001327127218246,-1.1200941801071167,-1.1240981817245483,-1.1164786368608475,-0.2624535136491043,-0.3854860091203174,-0.11713605115556308,-0.036943040955712436,-0.16873314133339326,0.08922176353632075,0.652971625328064,0.6107127755880356,0.6981019347906112,-0.4691908061504364,-0.5139007672667504,-0.4241411440074444,0.01795511320233345,0.01097365936730057,0.025667465245351195,-0.01588689163327217,-0.018812668416649102,-0.01331337569281459,0.1102743148803711,-0.9417543411254883,0.6238355621350654,0.0
DiagReachK3,187,6,26,W2,cost_2,-1.3392559872526404,-0.5651054460565311,-0.8305830286053697,-0.3486583874565622,-0.5718092322349548,-0.6375170186161995,-0.5051625072956085,-1.4129563570022583,-1.4200060546398163,-1.406969854235649,-0.7741505411961093,-0.9905975997960783,-0.5086729586472708,0.00670378617842371,-0.22359289434934732,0.22641647695488812,0.8411471247673035,0.7764447227120399,0.9070922464132308,-0.5624759793281555,-0.625674058496952,-0.49878456741571425,0.0011109383776783943,-0.009236315567977726,0.010737839899957177,-0.010444115847349167,-0.01333518880419433,-0.0074976885225623855,-0.2108011245727539,-2.733470916748047,0.5418867732170544,0.0
DiagReachK3,187,12,27,KL,shaped,2.1395678579276334,0.839318548739102,0.44545911672702204,1.2156162946323998,0.5839893817901611,0.35947076976299286,0.8133280098438261,-0.054551951587200165,-0.06418051980435849,-0.044590103067457684,1.3002493091885312,0.9239515632952335,1.6941087412006113,0.2553291669489409,-0.012036742202746755,0.5277552653955204,0.6385413408279419,0.41982089802622796,0.8624754160642623,0.5522298812866211,0.32402714267373084,0.7766439884901044,0.042264554649591446,0.028936477238312365,0.05611193077638743,-0.010505225509405136,-0.019521092344075442,-0.002686938084661964,,,,0.015625
DiagReachK3,187,12,27,KL,raw,-0.04652847047328161,-0.04387798613269471,-0.100979858498949,0.018282086811417436,-0.0534231923520565,-0.09001718070358038,-0.009972588345408446,-0.055654436349868774,-0.06543535999953747,-0.045429933257400995,-0.0026504843405869005,-0.06481055728469906,0.054451388025667374,0.009545206219361793,-0.05118933725627134,0.06854073404611648,0.002231243997812271,-0.03519217949360609,0.04297780413180584,-0.08016900718212128,-0.11361118368804454,-0.04090128503739835,0.031107982620596886,0.022738714795559646,0.03984056701883674,-0.004362167790532112,-0.007071274798363447,-0.001925712963566184,,,,0.015625
DiagReachK3,187,12,27,KL,penalty,-2.186096448720718,-0.883196540575425,-1.2687388672032438,-0.48117325165528263,-0.6374124884605408,-0.8612780332565307,-0.4178744785487652,-0.0011024996638298035,-0.0023405449464917183,-0.00023182248696684886,-1.302899908145293,-1.7049231970654357,-0.9173575815174747,-0.2457840521148842,-0.5248335638854769,0.020435910044764853,-0.6363099813461304,-0.8609072893857956,-0.4172424726188183,-0.6323989629745483,-0.8540245354175567,-0.4149649292230606,-0.011156512424349785,-0.023400320392102002,0.0010112027521245143,0.0061429692432284355,-0.001203916419763118,0.014274999685585496,,,,0.015625
DiagReachK3,187,12,27,KL,cost_0,-0.7726126297033007,-0.7040229247126354,-0.8662329084507983,-0.5003091426455065,-0.53094482421875,-0.6000915825366974,-0.4541900731623174,-1.2089277505874634,-1.2167038828134538,-1.2013835847377776,-0.0685897049906653,-0.27230348705779417,0.09362027874749748,-0.1730781004938854,-0.32925852924424626,0.00017595443111242454,0.6779829263687134,0.6103089198470115,0.754765574634075,-0.5435628890991211,-0.6086172595620155,-0.4746153973042965,0.01984228752553463,0.010944131389260292,0.029581935191527006,-0.007224068511277437,-0.010142072895541787,-0.004346897965297105,-0.2915654182434082,-1.3716650009155273,0.6510092107495214,0.015625
DiagReachK3,187,12,27,KL,cost_1,-0.11551311530805146,0.052249064964805345,-0.03953786907332544,0.14134412028502952,0.08448727428913116,0.060777132771909236,0.11370699331164358,-0.008838072419166565,-0.01147365989163518,-0.006315186806023121,-0.1677621802728568,-0.256857235593081,-0.07597524623472604,-0.03223820932432582,-0.12602444949775662,0.06001653004654351,0.09332534670829773,0.06941758394241333,0.12284901421517133,0.06537631154060364,0.04405971709638834,0.09010284096002577,0.017866404727101326,0.012147358083166183,0.02449047928676009,0.001244568033143878,-0.0003591786604374647,0.0027320167049765583,-0.15737056732177734,-1.4850711822509766,0.7205970792921133,0.015625
DiagReachK3,187,12,27,KL,cost_2,-0.7869803861510148,-0.6559726737162519,-0.8523096611335182,-0.4058289853352186,-0.44355350732803345,-0.5312529489398002,-0.34616354629397406,-1.2230470180511475,-1.233155858516693,-1.2125974982976913,-0.13100771243476295,-0.3811514008157964,0.06532927498250313,-0.21241916638821845,-0.40981677050268933,0.010577776111209115,0.779493510723114,0.6940363824367524,0.8772024527192115,-0.48108217120170593,-0.5581760480999947,-0.3922559708356858,0.043496761471033096,0.031700240727514026,0.05861622532829642,-0.005968111101537943,-0.010086539853364229,-0.002315883897244931,-0.4614276885986328,-2.991164207458496,0.6480100444497157,0.015625
DiagReachK3,187,12,27,W2,shaped,2.219663882970928,0.8728088676341943,0.4840272246173656,1.2471672770716293,0.6385903358459473,0.4193135738372803,0.8734968587756154,-0.046618349850177765,-0.05607125908136368,-0.037218534015119084,1.3468550153367338,0.9724966058992986,1.7356366583535623,0.23421853178824703,-0.030308591700057955,0.5015880336129035,0.6852086782455444,0.46877885460853574,0.9158569991588592,0.5811131000518799,0.3611293353140354,0.811539629101753,0.0695938691496849,0.053322944324463606,0.08693715278059243,-0.012116696685552597,-0.022897709719836713,-0.002453863061964517,,,,0.015625
DiagReachK3,187,12,27,W2,raw,0.019710902706468962,-0.0001423883855442296,-0.06431503007126946,0.07363068057133332,-0.01931624300777912,-0.05868868585675955,0.027473462466150515,-0.048260048031806946,-0.05749822519719601,-0.03883509170264006,0.01985329109201319,-0.05391977786486436,0.08402593277773837,0.019173854622234893,-0.05080884729922361,0.08463367824717032,0.028943805024027824,-0.010238875448703767,0.07526845615357158,-0.06936269998550415,-0.10231933705508708,-0.029494710033759506,0.05658603459596634,0.04558144798502326,0.06938153784722088,-0.006539568305015564,-0.009878981672227383,-0.0038629617542028437,,,,0.015625
DiagReachK3,187,12,27,W2,penalty,-2.199953102269329,-0.872951262686182,-1.2475636698243973,-0.47109407090564626,-0.6579065322875977,-0.8869459524750709,-0.4356520935893059,-0.0016417168080806732,-0.0038395520532503724,-0.000387233216315508,-1.3270018395831469,-1.7288590313636827,-0.9523894324449317,-0.2150447303985843,-0.49049939158548994,0.05611320020597399,-0.6562648415565491,-0.8855140924453735,-0.43426900133490565,-0.650475800037384,-0.8766637504100799,-0.4309083506464959,-0.013007795438170433,-0.026291599869728087,0.001115647843107568,0.005577071104198694,-0.0034433714929036794,0.015619642380625008,,,,0.015625
DiagReachK3,187,12,27,W2,cost_0,-0.582369150014977,-0.6376166009620121,-0.7981321475618934,-0.43107002692569246,-0.4690420925617218,-0.5439837828278542,-0.3851134538650513,-1.1085429191589355,-1.1166321337223053,-1.1006015807390213,0.05524745094703509,-0.15129912308928467,0.2157629975469161,-0.1685745084002903,-0.32000719637091424,0.010588564275929817,0.6395008563995361,0.5677060142159462,0.7245118662714958,-0.49529585242271423,-0.5642806783318519,-0.4219123512506486,0.03665322810411453,0.025066670263186097,0.050261599477380514,-0.010399425402283669,-0.013985258433967829,-0.0066556591074913764,-0.2915654182434082,-1.3716650009155273,0.6781868507049963,0.015625
DiagReachK3,187,12,27,W2,cost_1,-0.1982626343891818,0.03297834178290397,-0.06006936257547412,0.13013766474097602,0.0630435198545456,0.03986733481287956,0.09160816501826047,-0.055660903453826904,-0.05811949074268341,-0.05336088454350829,-0.23124097617208578,-0.32840029913015784,-0.13819327181370766,-0.03006517807164162,-0.12801996954236805,0.06298263619477538,0.1187044233083725,0.09471375346183777,0.14689195863902565,0.030849453061819077,0.011570290522649884,0.05294574368745088,0.03249948471784592,0.02544035934843123,0.041042552702128886,-0.00030541978776454926,-0.0021168318577110766,0.0012656290549784882,-0.15737056732177734,-1.4850711822509766,0.7078663840488624,0.015625
DiagReachK3,187,12,27,W2,cost_2,-0.6622851887154981,-0.5972786980713255,-0.7969345045306243,-0.3479963857253097,-0.39427563548088074,-0.48334098383784296,-0.2903782889246941,-1.1625803709030151,-1.172731190919876,-1.1521280348300933,-0.06500649064417263,-0.314288802990189,0.134649315815126,-0.20300306259044476,-0.3992615500956037,0.020262871870266447,0.768304705619812,0.6777682483196259,0.8733626008033751,-0.46116650104522705,-0.5406364262104034,-0.37228710576891905,0.07831624895334244,0.06177792614325881,0.09750271625816821,-0.01142552588135004,-0.016278882510960102,-0.006651617027819157,-0.4614276885986328,-2.991164207458496,0.6579856602445571,0.015625
DiagReachK3,187,18,28,KL,shaped,1.1812021623633266,0.6299413169799357,0.10729475415637413,1.2018591049811724,0.46331796050071716,0.28815587386488917,0.64901412576437,-0.13294142484664917,-0.13761632107198238,-0.12877290807664393,0.5512608453833909,-0.020656942617845845,1.0739074082069522,0.16662335647921855,-0.2736570781558249,0.6696738937262554,0.596259355545044,0.4208008848130703,0.7819871783256531,0.3933728337287903,0.22992840148508548,0.5628186613321304,0.059595443308353424,0.03921566028147936,0.07966592535376547,0.01034967415034771,0.000835794396698475,0.019479555916041134,,,,0.0
DiagReachK3,187,18,28,KL,raw,0.005262515723588178,-0.07587316377779348,-0.14063485877537818,-0.0058331250962095505,-0.06728259474039078,-0.09159062039107084,-0.04401032505556943,-0.13381674885749817,-0.1380759734660387,-0.12959799803793431,0.08113567950138165,0.011095640819797704,0.14589737449896634,-0.008590569037402698,-0.06912734273577627,0.06531732135260675,0.06653415411710739,0.04153398908674717,0.0903237920254469,-0.10157697647809982,-0.12472911216318608,-0.08091082070022824,0.03804028779268265,0.031044824980199337,0.04530925955623388,-0.00374591164290905,-0.006147599127143621,-0.0015672742389142528,,,,0.0
DiagReachK3,187,18,28,KL,penalty,-1.175939599986808,-0.7058145218314549,-1.2501595535309358,-0.18361634179523753,-0.5306006073951721,-0.7199205502867698,-0.3474875830113888,-0.0008753221482038498,-0.002183765172958374,0.0,-0.4701250781553532,-0.9923232581915711,0.07421995354412757,-0.17521391443628276,-0.6871394208582281,0.2721362058577191,-0.5297253131866455,-0.7186360478401184,-0.3471519380807877,-0.4949498176574707,-0.6647985070943833,-0.32742345705628395,-0.021555105224251747,-0.04614118617027998,0.001036820479203004,-0.014095687307417393,-0.023872003145515918,-0.00507863168604672,,,,0.0
DiagReachK3,187,18,28,KL,cost_0,-0.3331463204092244,-0.22254987043178193,-0.3455480931075117,-0.09637856752464163,-0.22603839635849,-0.2570572145283222,-0.1925270937383175,-0.4837530255317688,-0.4868935845792294,-0.480561850965023,-0.11059644997744245,-0.23676775288458285,0.012401772698287199,0.0034885259267080637,-0.12056847603588533,0.13250469355100863,0.2577146291732788,0.22729832753539086,0.29040875434875485,-0.24747852981090546,-0.27269489616155623,-0.22074630968272685,0.029622629284858704,0.017161838104948403,0.04174507251009345,-0.008182433433830738,-0.010682392679154874,-0.005518315965309741,-0.3082242012023926,-1.5559110641479492,0.6844555669417486,0.0
DiagReachK3,187,18,28,KL,cost_1,-0.207739346122184,-0.2560817999235538,-0.3811201036874842,-0.12606735687882586,-0.18329909443855286,-0.2251788929104805,-0.1407549686729908,-0.5096665620803833,-0.5135092034935951,-0.5056856080889702,0.048342453801369784,-0.08167198924335824,0.17338075756530008,-0.07278270548500093,-0.19477652392116948,0.049852211571916556,0.32636746764183044,0.2834013029932976,0.3688684143126011,-0.18740573525428772,-0.22753530144691467,-0.14703037813305858,0.01585898920893669,0.005017610301729291,0.02582442406564951,-0.011752321384847164,-0.015326369693502784,-0.00837129121646285,-0.36756134033203125,-1.548807144165039,0.6945710559845828,0.0
DiagReachK3,187,18,28,KL,cost_2,-0.5160421777635524,-0.45905101381067587,-0.6721712177416684,-0.24892793327167606,-0.3992854058742523,-0.46062498167157173,-0.33374197334051137,-0.9838520288467407,-0.9907500654458999,-0.9769781798124313,-0.05699116395287657,-0.2671142444918765,0.15612903997811584,-0.05976560793642355,-0.26969393758159366,0.14336051674023398,0.584566593170166,0.5214722827076912,0.6493308678269386,-0.4199649691581726,-0.47558544427156446,-0.3626598514616489,0.0389915332198143,0.021102940756827594,0.05747971367090939,-0.01831194758415222,-0.02285322630777955,-0.01374753657728434,-0.6426801681518555,-3.21240234375,0.6496636625220799,0.0
DiagReachK3,187,18,28,W2,shaped,1.3018482489708174,0.7424038189372781,0.15133940942629304,1.380667668532693,0.5313999652862549,0.3341885693371296,0.7392794102430343,-0.14790919423103333,-0.15371321700513363,-0.14250264018774034,0.5594444300335393,-0.07881941956187595,1.1505088395445238,0.21100385365102325,-0.2923556676477738,0.7712732722327834,0.6793091297149658,0.48208078518509867,0.8879944637417793,0.4424845278263092,0.25531221777200697,0.6340361535549163,0.07618792355060577,0.052373386733233926,0.0996228240430355,0.012727716937661171,4.608649760484704e-05,0.02527580810710787,,,,0.0
DiagReachK3,187,18,28,W2,raw,-0.04198135493148291,-0.10147251721895423,-0.17833859664126328,-0.020389535421518962,-0.08066709339618683,-0.10803649444133043,-0.054234807752072824,-0.14878451824188232,-0.15412359833717346,-0.1434132546186447,0.05949116228747132,-0.021591819509963948,0.13635724170978034,-0.0208054238227674,-0.09013451598403201,0.06435265691025976,0.0681174248456955,0.040056503191590306,0.09464210569858551,-0.1257825493812561,-0.15190225914120675,-0.10159932840615511,0.05051267519593239,0.04153881743550301,0.05949019258841872,-0.005397209897637367,-0.008288094773888588,-0.0028330052271485343,,,,0.0
DiagReachK3,187,18,28,W2,penalty,-1.3438295514267833,-0.8438763809369655,-1.4450579952397007,-0.251438431111692,-0.6120671033859253,-0.8271186053752899,-0.40568019747734074,-0.0008753221482038498,-0.002183765172958374,0.0,-0.4999531704898178,-1.0923911203150913,0.10122844381291746,-0.2318092775510402,-0.7997694821312075,0.26331874957223134,-0.6111918091773987,-0.8263244166970253,-0.40503826811909677,-0.5682669281959534,-0.7610809847712516,-0.3806869298219682,-0.025675257667899132,-0.05403120284900069,-0.0004011911340058016,-0.01812485232949257,-0.030222018342465164,-0.005342681705951698,,,,0.0
DiagReachK3,187,18,28,W2,cost_0,-0.44328626677018573,-0.2784652086955077,-0.41983739054207464,-0.13422937381483074,-0.27320173382759094,-0.31201325058937074,-0.23092416934669024,-0.5882521867752075,-0.5923195064067841,-0.5842206999659538,-0.164821058074678,-0.30905689295535504,-0.02344887622811113,-0.005263474867916784,-0.14268549650442322,0.13733412163878508,0.3150504529476166,0.27677466049790383,0.3559389792382717,-0.3041210472583771,-0.3363704539835453,-0.2712308123707771,0.04486003890633583,0.029633359517902136,0.05941139264032244,-0.013940746895968914,-0.017140222154557704,-0.01042508869431913,-0.3082242012023926,-1.5559110641479492,0.6687212888901827,0.0
DiagReachK3,187,18,28,W2,cost_1,-0.2590383046373953,-0.32627300082433525,-0.4684236647918918,-0.17989959441529838,-0.21976213157176971,-0.26385325416922567,-0.1751358699053526,-0.5693826675415039,-0.5733872637152672,-0.5653017595410347,0.06723469618693995,-0.07913871022209724,0.20938536015449644,-0.10651086925256553,-0.24896605320719323,0.03987055311755041,0.349620521068573,0.306453201174736,0.39516862854361534,-0.22170478105545044,-0.2642255574464798,-0.17892167940735818,0.015440613031387329,0.0029054513550363483,0.02700406378135084,-0.013497981242835522,-0.01777988988906145,-0.009532349882647397,-0.36756134033203125,-1.548807144165039,0.6866789085207041,0.0
DiagReachK3,187,18,28,W2,cost_2,-0.6735292409245826,-0.5804945415670105,-0.8297269260866044,-0.3461004064267229,-0.4777514338493347,-0.5469044119119644,-0.4043913289904595,-1.1427664756774902,-1.1505156248807906,-1.1351673185825348,-0.09303469935757203,-0.32742883449785987,0.15619768516202162,-0.10274310771767581,-0.34453092888535725,0.13086845141124007,0.6650150418281555,0.5928815215826034,0.7374650910496712,-0.5074266195297241,-0.5693691477179528,-0.4442823715507985,0.054372046142816544,0.032916195783764125,0.07636493369936942,-0.02469678968191147,-0.030300309229642153,-0.01923391837626696,-0.6426801681518555,-3.21240234375,0.6370646974691975,0.0
DiagReachK3,187,24,29,KL,shaped,2.791576965008736,0.3823517687019683,0.09128687752685832,0.739693843720589,0.22761110961437225,0.08559565916657448,0.3722052291035652,-0.27609914541244507,-0.27944671288132666,-0.2728020004928112,2.409225196306768,2.0518831212881463,2.700290087481878,0.15474065908759604,-0.07468359092985181,0.4327604409888511,0.5037102699279785,0.3613848738372326,0.6493060678243636,0.19791442155838013,0.07544024884700776,0.32782134637236593,0.032040584832429886,-0.0004970744950696826,0.061058290675282456,-0.0023439405485987663,-0.008373260218650102,0.003142251819372173,,,,0.0
DiagReachK3,187,24,29,KL,raw,-0.09592586652223718,-0.14216624968944694,-0.21667451493764436,-0.07604833315676586,-0.11384311318397522,-0.1290402252227068,-0.0959857700392604,-0.27609914541244507,-0.27944671288132666,-0.2728020004928112,0.046240383167209756,-0.01987753336547138,0.12074864841540715,-0.02832313650547172,-0.10503826355572173,0.041824157357570294,0.16225603222846985,0.14645869322121144,0.180492240563035,-0.1281639039516449,-0.14404200352728366,-0.11149466577917339,0.019778184592723846,0.011579030193388462,0.02823943775147199,-0.005457423627376556,-0.008262073434889317,-0.0032143522053956998,,,,0.0
DiagReachK3,187,24,29,KL,penalty,-2.887502876073259,-0.5245180181030097,-0.8980895689744441,-0.21455638111026046,-0.34145423769950867,-0.49318182542920114,-0.19034265242516996,0.0,0.0,0.0,-2.362984857970249,-2.6729464949629986,-1.989413307098815,-0.18306378040350102,-0.4857526745237328,0.06422811390441258,-0.34145423769950867,-0.49318182542920114,-0.19034265242516996,-0.3260783553123474,-0.4594993397593498,-0.2000054322183135,-0.012262364849448204,-0.04380896277725697,0.02194351232610642,-0.003113546408712864,-0.008046279521659016,0.002128764428198336,,,,0.0
DiagReachK3,187,24,29,KL,cost_0,-1.1896747034710276,-0.410924338751386,-0.5836437974230877,-0.23953129037281348,-0.30586615204811096,-0.33748910427093504,-0.27453475072979927,-0.6608110666275024,-0.6642691969871521,-0.6571525439620018,-0.7787503647196415,-0.9501434130982143,-0.6060309060479399,-0.10505818670327505,-0.28767490311468,0.06850723744557925,0.3549449145793915,0.32172907292842867,0.38697787299752234,-0.31009751558303833,-0.3376830659806728,-0.2810156784951687,0.025743553414940834,0.009932900359854103,0.03943309355527162,-0.021512210369110107,-0.02531224228441715,-0.017895378451794387,0.18738031387329102,-0.6154117584228516,0.5786171174911995,0.0
DiagReachK3,187,24,29,KL,cost_1,-0.6787596486370308,-0.09062529847059637,-0.1979127125339808,0.011560979556400532,-0.045181579887866974,-0.06741518191993237,-0.020293248537927876,-0.17251864075660706,-0.17486283853650092,-0.17025861702859402,-0.5881343501664343,-0.6903206281934313,-0.48084693610304996,-0.0454437185827294,-0.15209972924471907,0.056863632071787275,0.12733706831932068,0.10664067957550287,0.15159436464309692,-0.0698556900024414,-0.09065439216792584,-0.046290405653417126,0.024883754551410675,0.01777624594978988,0.03249729946255683,-0.00020964443683624268,-0.0019798922818154096,0.0017626467626541847,0.03308391571044922,-0.8669300079345703,0.6918235078475331,0.0
DiagReachK3,187,24,29,KL,cost_2,-1.943128818553713,-0.5312117618584044,-0.7404912039877405,-0.32500670488744154,-0.37860220670700073,-0.4202696979045868,-0.33102235868573193,-0.8500468134880066,-0.8549808129668236,-0.8452583283185959,-1.4119170566953088,-1.6181221136662716,-1.2026376145659727,-0.15260955515140362,-0.3597858447855152,0.04718775474977917,0.47144460678100586,0.43035573065280913,0.5195426732301712,-0.41230225563049316,-0.4552654542028904,-0.36850321292877203,0.05816086381673813,0.04032326443120837,0.07512822374701499,-0.024460745975375175,-0.03020082265138626,-0.019391771312803036,0.0937967300415039,-1.6883306503295898,0.5696072201504685,0.0
DiagReachK3,187,24,29,W2,shaped,3.078930703410578,0.4444232028543861,0.08560198725731584,0.892391281954299,0.23368848860263824,0.0721125852316618,0.39824958965182305,-0.3373008668422699,-0.3402020588517189,-0.3342904105782509,2.6345075005561918,2.1865394214562786,2.993328716153262,0.21073471425174783,-0.06593692252607392,0.5344540226428511,0.5709893703460693,0.4100992321968079,0.7342500030994414,0.19422918558120728,0.05658409530296922,0.3454148449003696,0.03753495588898659,-0.0021367002045735717,0.07220752350985998,0.0019243573769927025,-0.0073779278434813024,0.011245518922805774,,,,0.0
DiagReachK3,187,24,29,W2,raw,-0.14460819427792734,-0.15656754531383563,-0.250040416388268,-0.07364185254149584,-0.12899984419345856,-0.14703068770468236,-0.10727660227566958,-0.3373008668422699,-0.3402020588517189,-0.3342904105782509,0.011959351035908283,-0.07096634173643165,0.10543222211034066,-0.02756770112037707,-0.12330425672564019,0.0566532190749104,0.20830102264881134,0.18921638652682304,0.23000598326325417,-0.15038222074508667,-0.16884286105632781,-0.1305382814258337,0.0272793248295784,0.01691563203930855,0.0378129692748189,-0.005896907299757004,-0.009575506392866372,-0.0030347995460033453,,,,0.0
DiagReachK3,187,24,29,W2,penalty,-3.223538953944646,-0.6009907450461625,-1.058454687988231,-0.21167255936329846,-0.362688273191452,-0.5354045152664184,-0.18617318458855167,0.0,0.0,0.0,-2.6225482088984835,-3.0118663945813475,-2.165084265956415,-0.23830247185471043,-0.5913606001268452,0.05563099418252641,-0.362688273191452,-0.5354045152664184,-0.18617318458855167,-0.34461137652397156,-0.49477122351527214,-0.20250892639160156,-0.010255563072860241,-0.04826397188007832,0.03156593395397064,-0.00782131589949131,-0.016925730649381875,0.0002790593542158599,,,,0.0
DiagReachK3,187,24,29,W2,cost_0,-1.5028285825681051,-0.5007839985228891,-0.6956599213150825,-0.299700659630249,-0.3979448676109314,-0.43928125873208046,-0.35923232287168505,-0.8519586324691772,-0.8561969503760338,-0.8476317599415779,-1.002044584045216,-1.2031279229378566,-0.8071686612530228,-0.10283913091195773,-0.3088869124826271,0.10699253126228521,0.45401376485824585,0.41340730860829356,0.49274842366576194,-0.40124210715293884,-0.43662466779351233,-0.36657927706837656,0.034471962600946426,0.015168922999873758,0.05030721239745616,-0.03117474913597107,-0.036300483625382185,-0.026000821311026826,0.18738031387329102,-0.6154117584228516,0.5338808490487599,0.0
DiagReachK3,187,24,29,W2,cost_1,-0.5818000900445749,-0.03791533999466243,-0.15844923206816883,0.07572971233544427,0.008670581504702568,-0.016194670181721448,0.03710896139964461,-0.1265183985233307,-0.12917735911905764,-0.1239831130951643,-0.5438847500499124,-0.6575298023800192,-0.4233508579764062,-0.046585921499364996,-0.1673781468885869,0.06631389322386348,0.1351889818906784,0.11080209165811539,0.16317270733416078,-0.030422581359744072,-0.05441903844475746,-0.004714581090956946,0.03795396909117699,0.028725936822593213,0.04874491449445486,0.001139194704592228,-0.0014024876058101655,0.003889716323465108,0.03308391571044922,-0.8669300079345703,0.7067403630156033,0.0
DiagReachK3,187,24,29,W2,cost_2,-2.1537892589642227,-0.5700535419075526,-0.7948055021990776,-0.33204410192861533,-0.42423897981643677,-0.475808697193861,-0.36685795411467553,-1.005332112312317,-1.0108216226100921,-1.0000029265880586,-1.58373571705667,-1.8217451570356076,-1.358983756765145,-0.14581456209111587,-0.37365268494776216,0.09638400925388714,0.5810931324958801,0.5305461317300797,0.6366221785545348,-0.47232651710510254,-0.5217672124505043,-0.4209570802748203,0.08227387070655823,0.059871961176395413,0.10315842386335135,-0.03418630361557007,-0.04179023429751396,-0.02748510837554932,0.0937967300415039,-1.6883306503295898,0.5527543849176279,0.0
