env,seed,cycle,anchor,kernel,channel,budget,mean_cost,cost_over_budget,q50,q90,q95,q99,event,positive_excess,any_event,success,joint,raw_reward,shaped_reward,penalty,mean_feasible_with_events
DiagReachK2,180,0,0,sample_old,0,6.0,1.531275987625122,0.255212664604187,0.7266139984130859,4.204840183258057,5.20099401473999,5.810682773590088,0.0,0.0,0.0546875,0.1015625,0.09375,3.7778470516204834,3.671470880508423,0.10637637227773666,True
DiagReachK2,180,0,0,sample_old,1,6.0,1.9394581317901611,0.32324302196502686,1.2171300649642944,4.882697582244873,6.385731220245361,7.288754463195801,0.0546875,0.009592970212300619,0.0546875,0.1015625,0.09375,3.7778470516204834,3.671470880508423,0.10637637227773666,True
DiagReachK2,180,0,0,sample_KL,0,6.0,1.7732012271881104,0.29553353786468506,1.121294379234314,4.655758857727051,5.432600498199463,6.138235092163086,0.0234375,0.0008018097529808674,0.09375,0.1015625,0.078125,4.263275146484375,4.0979766845703125,0.16529808938503265,True
DiagReachK2,180,0,0,sample_KL,1,6.0,2.244380235671997,0.3740633726119995,1.5952147245407104,5.035531997680664,6.860014915466309,7.709585666656494,0.0703125,0.013860019544760387,0.09375,0.1015625,0.078125,4.263275146484375,4.0979766845703125,0.16529808938503265,True
DiagReachK2,180,0,0,sample_W2,0,6.0,1.758165717124939,0.2930276195208232,1.1067571640014648,4.6183600425720215,5.416141033172607,6.089919090270996,0.015625,0.0005498963097731284,0.0859375,0.109375,0.0859375,4.27769660949707,4.116816520690918,0.1608797311782837,True
DiagReachK2,180,0,0,sample_W2,1,6.0,2.2545902729034424,0.37576504548390705,1.6396211385726929,5.0740132331848145,6.8307271003723145,7.675975799560547,0.0703125,0.013548875227570534,0.0859375,0.109375,0.0859375,4.27769660949707,4.116816520690918,0.1608797311782837,True
DiagReachK2,180,0,0,sample_KL_mean,0,6.0,1.8453400135040283,0.30755666891733807,1.1636841297149658,4.728382110595703,5.529387950897217,6.356296062469482,0.0390625,0.0017875315000613519,0.109375,0.1015625,0.078125,4.31599760055542,4.146396636962891,0.16960085928440094,True
DiagReachK2,180,0,0,sample_KL_mean,1,6.0,2.243082046508789,0.37384700775146484,1.6329631805419922,5.060109615325928,6.7869720458984375,7.6829423904418945,0.0703125,0.01323149229089419,0.109375,0.1015625,0.078125,4.31599760055542,4.146396636962891,0.16960085928440094,True
DiagReachK2,180,0,0,sample_KL_std,0,6.0,1.4559537172317505,0.2426589528719584,0.6540484428405762,3.946532726287842,5.0029401779174805,5.655755519866943,0.0,0.0,0.0625,0.1015625,0.0859375,3.7156105041503906,3.6056504249572754,0.10995988547801971,True
DiagReachK2,180,0,0,sample_KL_std,1,6.0,1.9404281377792358,0.3234046896298726,1.2222682237625122,4.870024681091309,6.4662981033325195,7.362216472625732,0.0625,0.010101804509758946,0.0625,0.1015625,0.0859375,3.7156105041503906,3.6056504249572754,0.10995988547801971,True
DiagReachK2,180,0,0,sample_W2_mean,0,6.0,1.8451462984085083,0.3075243830680847,1.1589322090148926,4.712407112121582,5.518809795379639,6.335546493530273,0.0390625,0.0015924361844857522,0.109375,0.109375,0.0859375,4.334056854248047,4.162087440490723,0.17196916043758392,True
DiagReachK2,180,0,0,sample_W2_mean,1,6.0,2.2656500339508057,0.37760833899180096,1.650071620941162,5.1312174797058105,6.8040242195129395,7.680208206176758,0.0703125,0.013418051724632582,0.109375,0.109375,0.0859375,4.334056854248047,4.162087440490723,0.17196916043758392,True
DiagReachK2,180,0,0,sample_W2_std,0,6.0,1.4392271041870117,0.2398711840311686,0.6374098658561707,3.9171793460845947,4.950477600097656,5.597620487213135,0.0,0.0,0.0546875,0.09375,0.0859375,3.7051875591278076,3.6014370918273926,0.10375045239925385,True
DiagReachK2,180,0,0,sample_W2_std,1,6.0,1.9244740009307861,0.32074566682179767,1.207373857498169,4.834982872009277,6.413245677947998,7.323060035705566,0.0546875,0.009604901696244873,0.0546875,0.09375,0.0859375,3.7051875591278076,3.6014370918273926,0.10375045239925385,True
DiagReachK2,180,0,0,det_old,0,6.0,0.0,0.0,0.0,0.0,0.0,0.0,0.0,0.0,0.0,0.0,0.0,2.470975399017334,2.470975399017334,0.0,False
DiagReachK2,180,0,0,det_old,1,6.0,0.30343109369277954,0.05057184894879659,0.29617249965667725,0.4446638822555542,0.4744223952293396,0.5680079460144043,0.0,0.0,0.0,0.0,0.0,2.470975399017334,2.470975399017334,0.0,False
DiagReachK2,180,0,0,det_KL,0,6.0,0.08382245898246765,0.013970409830411276,0.0694161057472229,0.1756458878517151,0.2043743133544922,0.2384052723646164,0.0,0.0,0.0,0.0,0.0,3.79496431350708,3.79496431350708,0.0,False
DiagReachK2,180,0,0,det_KL,1,6.0,0.9289940595626831,0.15483234326044717,0.9228148460388184,1.135138750076294,1.1676651239395142,1.2483493089675903,0.0,0.0,0.0,0.0,0.0,3.79496431350708,3.79496431350708,0.0,False
DiagReachK2,180,0,0,det_W2,0,6.0,0.07834640145301819,0.01305773357550303,0.06448793411254883,0.1665022224187851,0.1958068460226059,0.22804290056228638,0.0,0.0,0.0,0.0,0.0,3.80233097076416,3.80233097076416,0.0,False
DiagReachK2,180,0,0,det_W2,1,6.0,0.9523077011108398,0.15871795018513998,0.945846438407898,1.1623382568359375,1.1931148767471313,1.2756551504135132,0.0,0.0,0.0,0.0,0.0,3.80233097076416,3.80233097076416,0.0,False
DiagReachK2,180,6,1,sample_old,0,6.0,4.5672383308410645,0.7612063884735107,4.229221343994141,7.951111316680908,8.572372436523438,9.537514686584473,0.2890625,0.07823737959067026,0.484375,0.40625,0.21875,7.151766777038574,5.538575649261475,1.61319100856781,True
DiagReachK2,180,6,1,sample_old,1,6.0,4.645646095275879,0.7742743492126465,4.493109703063965,7.215491771697998,7.475494384765625,8.364175796508789,0.28125,0.047135570396979645,0.484375,0.40625,0.21875,7.151766777038574,5.538575649261475,1.61319100856781,True
DiagReachK2,180,6,1,sample_KL,0,6.0,3.9730684757232666,0.6621780792872111,3.526113748550415,7.194145202636719,7.966400623321533,8.736161231994629,0.21875,0.04755381867289543,0.34375,0.3671875,0.234375,6.817506313323975,6.0945868492126465,0.7229197025299072,True
DiagReachK2,180,6,1,sample_KL,1,6.0,4.1465325355529785,0.6910887559254965,4.024405479431152,6.292657852172852,6.559932708740234,7.65831995010376,0.1640625,0.015045500670870146,0.34375,0.3671875,0.234375,6.817506313323975,6.0945868492126465,0.7229197025299072,True
DiagReachK2,180,6,1,sample_W2,0,6.0,3.9880170822143555,0.6646695137023926,3.5390477180480957,7.214095115661621,7.9863128662109375,8.762441635131836,0.21875,0.04829672537744045,0.34375,0.375,0.2421875,6.823984622955322,6.083850383758545,0.7401340007781982,True
DiagReachK2,180,6,1,sample_W2,1,6.0,4.155661582946777,0.6926102638244629,4.0384392738342285,6.327432632446289,6.597530841827393,7.692141056060791,0.1640625,0.01581994630396366,0.34375,0.375,0.2421875,6.823984622955322,6.083850383758545,0.7401340007781982,True
DiagReachK2,180,6,1,sample_KL_mean,0,6.0,3.9637176990509033,0.6606196165084839,3.5253987312316895,7.1672821044921875,7.942785263061523,8.691574096679688,0.21875,0.046910836050907775,0.34375,0.3671875,0.234375,6.796596527099609,6.073585510253906,0.7230108380317688,True
DiagReachK2,180,6,1,sample_KL_mean,1,6.0,4.135987281799316,0.6893312136332194,3.997948169708252,6.382161617279053,6.576548099517822,7.654469966888428,0.1640625,0.015988268579045933,0.34375,0.3671875,0.234375,6.796596527099609,6.073585510253906,0.7230108380317688,True
DiagReachK2,180,6,1,sample_KL_std,0,6.0,4.576632499694824,0.7627720832824707,4.229326248168945,7.958291530609131,8.579378128051758,9.575827598571777,0.28125,0.07884503342211246,0.4765625,0.40625,0.21875,7.1746697425842285,5.5549516677856445,1.619718313217163,True
DiagReachK2,180,6,1,sample_KL_std,1,6.0,4.674953460693359,0.7791589101155599,4.535232067108154,7.214375972747803,7.442811965942383,8.408086776733398,0.28125,0.047002298136552184,0.4765625,0.40625,0.21875,7.1746697425842285,5.5549516677856445,1.619718313217163,True
DiagReachK2,180,6,1,sample_W2_mean,0,6.0,3.979024648666382,0.6631707747777303,3.538588285446167,7.1869964599609375,7.964684009552002,8.71901798248291,0.21875,0.04768378846347332,0.34375,0.375,0.2421875,6.804593086242676,6.063580513000488,0.7410128712654114,True
DiagReachK2,180,6,1,sample_W2_mean,1,6.0,4.145655632019043,0.6909426053365072,4.015733242034912,6.420292377471924,6.610877513885498,7.682411193847656,0.1640625,0.016709827507535625,0.34375,0.375,0.2421875,6.804593086242676,6.063580513000488,0.7410128712654114,True
DiagReachK2,180,6,1,sample_W2_std,0,6.0,4.576489448547363,0.7627482414245605,4.2314348220825195,7.960559844970703,8.57871150970459,9.575896263122559,0.28125,0.07881982065737247,0.4765625,0.40625,0.21875,7.173131942749023,5.5536580085754395,1.6194740533828735,True
DiagReachK2,180,6,1,sample_W2_std,1,6.0,4.673829555511475,0.7789715925852457,4.536213397979736,7.2149176597595215,7.442185878753662,8.409388542175293,0.28125,0.04704299072424571,0.4765625,0.40625,0.21875,7.173131942749023,5.5536580085754395,1.6194740533828735,True
DiagReachK2,180,6,1,det_old,0,6.0,5.250612735748291,0.8751021226247152,5.258539199829102,5.483017444610596,5.53759765625,5.608353614807129,0.0,0.0,0.0,1.0,1.0,9.1715726852417,9.1715726852417,0.0,False
DiagReachK2,180,6,1,det_old,1,6.0,5.2568359375,0.8761393229166666,5.251255989074707,5.433703422546387,5.471973896026611,5.504822254180908,0.0,0.0,0.0,1.0,1.0,9.1715726852417,9.1715726852417,0.0,False
DiagReachK2,180,6,1,det_KL,0,6.0,4.2130327224731445,0.7021721204121908,4.228734016418457,4.411398410797119,4.480140209197998,4.548138618469238,0.0,0.0,0.0,1.0,1.0,8.522040367126465,8.522040367126465,0.0,False
DiagReachK2,180,6,1,det_KL,1,6.0,4.444974899291992,0.7408291498819987,4.442994117736816,4.566277027130127,4.598181247711182,4.64318323135376,0.0,0.0,0.0,1.0,1.0,8.522040367126465,8.522040367126465,0.0,False
DiagReachK2,180,6,1,det_W2,0,6.0,4.2376484870910645,0.7062747478485107,4.253070831298828,4.436740398406982,4.505600452423096,4.5738959312438965,0.0,0.0,0.0,1.0,1.0,8.543404579162598,8.543404579162598,0.0,False
DiagReachK2,180,6,1,det_W2,1,6.0,4.468796730041504,0.7447994550069174,4.466299057006836,4.592687606811523,4.624935150146484,4.669124126434326,0.0,0.0,0.0,1.0,1.0,8.543404579162598,8.543404579162598,0.0,False
DiagReachK2,180,12,2,sample_old,0,6.0,5.232326507568359,0.8720544179280599,5.415313720703125,7.714338302612305,8.460883140563965,9.407418251037598,0.359375,0.0779854276527961,0.5390625,0.5078125,0.2421875,7.462489128112793,5.436406135559082,2.026083469390869,True
DiagReachK2,180,12,2,sample_old,1,6.0,4.83095645904541,0.8051594098409017,4.743441581726074,8.059712409973145,8.531814575195312,9.263285636901855,0.3515625,0.08200317372878392,0.5390625,0.5078125,0.2421875,7.462489128112793,5.436406135559082,2.026083469390869,True
DiagReachK2,180,12,2,sample_KL,0,6.0,5.3924407958984375,0.8987401326497396,5.543177604675293,7.839719295501709,8.620802879333496,9.471051216125488,0.3828125,0.08674875833094119,0.6171875,0.484375,0.203125,7.694952964782715,5.180490493774414,2.5144619941711426,True
DiagReachK2,180,12,2,sample_KL,1,6.0,5.3257036209106445,0.887617270151774,5.274681091308594,8.372281074523926,8.736037254333496,9.597554206848145,0.4296875,0.1094150816400846,0.6171875,0.484375,0.203125,7.694952964782715,5.180490493774414,2.5144619941711426,True
DiagReachK2,180,12,2,sample_W2,0,6.0,5.405276298522949,0.9008793830871582,5.55333137512207,7.841708660125732,8.611499786376953,9.46623706817627,0.3828125,0.08707616664469242,0.625,0.4765625,0.203125,7.721549034118652,5.1330342292785645,2.588514566421509,True
DiagReachK2,180,12,2,sample_W2,1,6.0,5.398707389831543,0.8997845649719238,5.364234447479248,8.428975105285645,8.781695365905762,9.658098220825195,0.453125,0.11444169220825037,0.625,0.4765625,0.203125,7.721549034118652,5.1330342292785645,2.588514566421509,True
DiagReachK2,180,12,2,sample_KL_mean,0,6.0,5.355448246002197,0.8925747076670328,5.490835189819336,7.912802219390869,8.631595611572266,9.571431159973145,0.3828125,0.08689058509965739,0.6171875,0.46875,0.1953125,7.638996124267578,5.110805988311768,2.5281901359558105,True
DiagReachK2,180,12,2,sample_KL_mean,1,6.0,5.2903571128845215,0.8817261854807535,5.21544075012207,8.375920295715332,8.781379699707031,9.664651870727539,0.421875,0.10930169560015202,0.6171875,0.46875,0.1953125,7.638996124267578,5.110805988311768,2.5281901359558105,True
DiagReachK2,180,12,2,sample_KL_std,0,6.0,5.267313003540039,0.8778855005900065,5.455218315124512,7.699818134307861,8.45397663116455,9.320083618164062,0.3515625,0.07770881180961928,0.5390625,0.515625,0.25,7.5177812576293945,5.518690586090088,1.9990901947021484,True
DiagReachK2,180,12,2,sample_KL_std,1,6.0,4.857503890991211,0.8095839818318685,4.781805992126465,8.036741256713867,8.481451988220215,9.177419662475586,0.3515625,0.0813342494269212,0.5390625,0.515625,0.25,7.5177812576293945,5.518690586090088,1.9990901947021484,True
DiagReachK2,180,12,2,sample_W2_mean,0,6.0,5.360875129699707,0.8934791882832845,5.499046325683594,7.925581932067871,8.627840042114258,9.584370613098145,0.3828125,0.08734770491719246,0.6171875,0.46875,0.203125,7.655179977416992,5.051784992218018,2.603395462036133,True
DiagReachK2,180,12,2,sample_W2_mean,1,6.0,5.358400344848633,0.8930667241414388,5.302457809448242,8.431650161743164,8.830344200134277,9.734295845031738,0.4375,0.11402053323884805,0.6171875,0.46875,0.203125,7.655179977416992,5.051784992218018,2.603395462036133,True
DiagReachK2,180,12,2,sample_W2_std,0,6.0,5.273415565490723,0.8789025942484537,5.467443466186523,7.693381309509277,8.450563430786133,9.302380561828613,0.359375,0.07753191081186137,0.546875,0.515625,0.2421875,7.527923583984375,5.5344696044921875,1.9934546947479248,True
DiagReachK2,180,12,2,sample_W2_std,1,6.0,4.860294818878174,0.8100491364796957,4.785896301269531,8.032227516174316,8.474822998046875,9.165995597839355,0.3515625,0.08122832079728444,0.546875,0.515625,0.2421875,7.527923583984375,5.5344696044921875,1.9934546947479248,True
DiagReachK2,180,12,2,det_old,0,6.0,5.713550567626953,0.9522584279378256,5.718108654022217,5.881579399108887,5.925439357757568,6.075957775115967,0.03125,0.00030258918801943577,0.03125,1.0,0.96875,9.209049224853516,9.207534790039062,0.001512942835688591,True
DiagReachK2,180,12,2,det_old,1,6.0,5.444216251373291,0.9073693752288818,5.451812744140625,5.606278419494629,5.644578456878662,5.788289546966553,0.0,0.0,0.03125,1.0,0.96875,9.209049224853516,9.207534790039062,0.001512942835688591,True
DiagReachK2,180,12,2,det_KL,0,6.0,5.870363235473633,0.9783938725789388,5.878873825073242,6.030392646789551,6.080499649047852,6.226890563964844,0.1328125,0.002010050540169077,0.59375,1.0,0.40625,9.205392837524414,9.13827133178711,0.06712119281291962,False
DiagReachK2,180,12,2,det_KL,1,6.0,6.021753311157227,1.0036255518595378,6.035036087036133,6.1956915855407715,6.224569320678711,6.367493152618408,0.5703125,0.011252906794349352,0.59375,1.0,0.40625,9.205392837524414,9.13827133178711,0.06712119281291962,False
DiagReachK2,180,12,2,det_W2,0,6.0,5.884189128875732,0.9806981881459554,5.891656875610352,6.044221878051758,6.093497276306152,6.242552280426025,0.1796875,0.0023868357141812666,0.84375,1.0,0.15625,9.195138931274414,9.066178321838379,0.12895995378494263,False
DiagReachK2,180,12,2,det_W2,1,6.0,6.122760772705078,1.0204601287841797,6.136131286621094,6.297375679016113,6.325503349304199,6.468835830688477,0.828125,0.022795294101039566,0.84375,1.0,0.15625,9.195138931274414,9.066178321838379,0.12895995378494263,False
DiagReachK2,180,18,3,sample_old,0,6.0,4.977103233337402,0.8295172055562338,4.92024040222168,7.356048107147217,8.007997512817383,9.062554359436035,0.3046875,0.06381903029978275,0.4609375,0.3203125,0.1796875,7.283031463623047,5.776506423950195,1.5065250396728516,True
DiagReachK2,180,18,3,sample_old,1,6.0,4.60089111328125,0.766815185546875,4.469781398773193,7.281449317932129,8.259939193725586,9.625893592834473,0.2421875,0.058894374097386994,0.4609375,0.3203125,0.1796875,7.283031463623047,5.776506423950195,1.5065250396728516,True
DiagReachK2,180,18,3,sample_KL,0,6.0,5.159313201904297,0.8598855336507162,5.199512481689453,7.738296031951904,8.309053421020508,9.247039794921875,0.3125,0.07423830591142178,0.4453125,0.3671875,0.2109375,7.333208084106445,6.014738082885742,1.3184702396392822,True
DiagReachK2,180,18,3,sample_KL,1,6.0,4.466430187225342,0.7444050312042236,4.439221382141113,6.891260147094727,7.472249984741211,8.821413040161133,0.1953125,0.03847838441530864,0.4453125,0.3671875,0.2109375,7.333208084106445,6.014738082885742,1.3184702396392822,True
DiagReachK2,180,18,3,sample_W2,0,6.0,5.148005485534668,0.858000914255778,5.163714408874512,7.761453628540039,8.318058967590332,9.25307846069336,0.3125,0.07438614840308824,0.4375,0.3671875,0.2109375,7.316765308380127,6.018632888793945,1.2981324195861816,True
DiagReachK2,180,18,3,sample_W2,1,6.0,4.434406280517578,0.7390677134195963,4.430845260620117,6.837189197540283,7.404101848602295,8.755766868591309,0.1875,0.03680007345974445,0.4375,0.3671875,0.2109375,7.316765308380127,6.018632888793945,1.2981324195861816,True
DiagReachK2,180,18,3,sample_KL_mean,0,6.0,5.179348468780518,0.8632247447967529,5.222498416900635,7.631403923034668,8.279133796691895,9.217272758483887,0.3125,0.07370920603473982,0.4453125,0.390625,0.21875,7.356369972229004,6.02703857421875,1.329331636428833,True
DiagReachK2,180,18,3,sample_KL_mean,1,6.0,4.477927207946777,0.7463212013244629,4.433871269226074,6.89301061630249,7.560050964355469,8.916264533996582,0.203125,0.039940460274616875,0.4453125,0.390625,0.21875,7.356369972229004,6.02703857421875,1.329331636428833,True
DiagReachK2,180,18,3,sample_KL_std,0,6.0,4.96739387512207,0.8278989791870117,4.907594203948975,7.4187469482421875,8.044788360595703,9.132023811340332,0.3046875,0.0648501105606556,0.46875,0.3203125,0.1796875,7.270185470581055,5.767753601074219,1.502432107925415,True
DiagReachK2,180,18,3,sample_KL_std,1,6.0,4.616277694702148,0.7693796157836914,4.535906791687012,7.279585361480713,8.15363883972168,9.568893432617188,0.2578125,0.05818717802564303,0.46875,0.3203125,0.1796875,7.270185470581055,5.767753601074219,1.502432107925415,True
DiagReachK2,180,18,3,sample_W2_mean,0,6.0,5.171145439147949,0.8618575731913248,5.190767765045166,7.647985458374023,8.296229362487793,9.226829528808594,0.3125,0.07383368040124576,0.4453125,0.390625,0.2265625,7.3447771072387695,6.035308837890625,1.309468150138855,True
DiagReachK2,180,18,3,sample_W2_mean,1,6.0,4.450921535491943,0.7418202559153239,4.41405725479126,6.842072486877441,7.533918857574463,8.858397483825684,0.1953125,0.038202956318855286,0.4453125,0.390625,0.2265625,7.3447771072387695,6.035308837890625,1.309468150138855,True
DiagReachK2,180,18,3,sample_W2_std,0,6.0,4.965374946594238,0.8275624910990397,4.904855251312256,7.424139976501465,8.047430038452148,9.133955001831055,0.3046875,0.06491844728589058,0.46875,0.3203125,0.1796875,7.266849040985107,5.764275074005127,1.5025742053985596,True
DiagReachK2,180,18,3,sample_W2_std,1,6.0,4.615544319152832,0.769257386525472,4.538575172424316,7.279213905334473,8.150285720825195,9.565905570983887,0.2578125,0.058132766435543694,0.46875,0.3203125,0.1796875,7.266849040985107,5.764275074005127,1.5025742053985596,True
DiagReachK2,180,18,3,det_old,0,6.0,5.719607353210449,0.9532678922017416,5.728758335113525,5.912452697753906,5.9339189529418945,5.991876125335693,0.0078125,5.165114998817444e-06,0.0078125,1.0,0.9921875,9.209366798400879,9.209341049194336,2.582557499408722e-05,True
DiagReachK2,180,18,3,det_old,1,6.0,5.434762001037598,0.9057936668395996,5.427265167236328,5.585188388824463,5.647217273712158,5.707717418670654,0.0,0.0,0.0078125,1.0,0.9921875,9.209366798400879,9.209341049194336,2.582557499408722e-05,True
DiagReachK2,180,18,3,det_KL,0,6.0,5.958966255187988,0.9931610425313314,5.959175109863281,6.132498264312744,6.177323818206787,6.234828472137451,0.3828125,0.005687000850836437,0.3828125,1.0,0.6171875,9.15614128112793,9.127706527709961,0.028435003012418747,True
DiagReachK2,180,18,3,det_KL,1,6.0,5.296072483062744,0.882678747177124,5.290480136871338,5.4173760414123535,5.456477165222168,5.511059761047363,0.0,0.0,0.3828125,1.0,0.6171875,9.15614128112793,9.127706527709961,0.028435003012418747,True
DiagReachK2,180,18,3,det_W2,0,6.0,5.945004940032959,0.9908341566721598,5.943988800048828,6.118391513824463,6.165010452270508,6.222286224365234,0.34375,0.004912311832110081,0.34375,1.0,0.65625,9.145349502563477,9.12078857421875,0.024561574682593346,True
DiagReachK2,180,18,3,det_W2,1,6.0,5.263965129852295,0.8773275216420492,5.257897853851318,5.384390830993652,5.4215569496154785,5.476239204406738,0.0,0.0,0.34375,1.0,0.65625,9.145349502563477,9.12078857421875,0.024561574682593346,True
DiagReachK2,180,24,4,sample_old,0,6.0,4.950066566467285,0.8250110944112142,4.854198455810547,7.950678825378418,8.511896133422852,9.421070098876953,0.25,0.0659992912163337,0.4296875,0.34375,0.1875,7.388642311096191,6.011642932891846,1.3769991397857666,True
DiagReachK2,180,24,4,sample_old,1,6.0,5.021188735961914,0.8368647893269857,5.042965412139893,7.326014518737793,7.760904312133789,8.411355972290039,0.28125,0.04956069402396678,0.4296875,0.34375,0.1875,7.388642311096191,6.011642932891846,1.3769991397857666,True
DiagReachK2,180,24,4,sample_KL,0,6.0,5.340603828430176,0.8901006380716959,5.2157063484191895,8.328676223754883,8.726550102233887,9.58609676361084,0.3515625,0.0804812740534544,0.4609375,0.3515625,0.1953125,7.523809909820557,6.190326690673828,1.3334838151931763,True
DiagReachK2,180,24,4,sample_KL,1,6.0,4.914569854736328,0.8190949757893881,4.946235656738281,7.045659065246582,7.50229549407959,8.082880973815918,0.234375,0.03601764825483164,0.4609375,0.3515625,0.1953125,7.523809909820557,6.190326690673828,1.3334838151931763,True
DiagReachK2,180,24,4,sample_W2,0,6.0,5.339605331420898,0.889934221903483,5.212213516235352,8.319388389587402,8.711840629577637,9.583351135253906,0.3515625,0.08016936853528023,0.4609375,0.359375,0.203125,7.520891189575195,6.2085771560668945,1.3123136758804321,True
DiagReachK2,180,24,4,sample_W2,1,6.0,4.891090393066406,0.8151817321777344,4.924185276031494,7.0070600509643555,7.469846248626709,8.054869651794434,0.2265625,0.03473668731749058,0.4609375,0.359375,0.203125,7.520891189575195,6.2085771560668945,1.3123136758804321,True
DiagReachK2,180,24,4,sample_KL_mean,0,6.0,5.341382026672363,0.8902303377787272,5.253325939178467,8.317435264587402,8.686338424682617,9.565658569335938,0.34375,0.08074386914571127,0.4609375,0.3515625,0.203125,7.503851413726807,6.1512579917907715,1.3525935411453247,True
DiagReachK2,180,24,4,sample_KL_mean,1,6.0,4.892804145812988,0.815467357635498,4.919721603393555,7.050694465637207,7.53091287612915,8.166688919067383,0.234375,0.03736645169556141,0.4609375,0.3515625,0.203125,7.503851413726807,6.1512579917907715,1.3525935411453247,True
DiagReachK2,180,24,4,sample_KL_std,0,6.0,4.946871757507324,0.8244786262512207,4.82502555847168,7.983131408691406,8.522629737854004,9.40213680267334,0.25,0.06583091927071413,0.4375,0.34375,0.1875,7.411628723144531,6.052133560180664,1.3594954013824463,True
DiagReachK2,180,24,4,sample_KL_std,1,6.0,5.0492143630981445,0.841535727183024,5.086606025695801,7.300233364105225,7.738862991333008,8.33725357055664,0.2890625,0.04886302165687084,0.4375,0.34375,0.1875,7.411628723144531,6.052133560180664,1.3594954013824463,True
DiagReachK2,180,24,4,sample_W2_mean,0,6.0,5.3400115966796875,0.8900019327799479,5.245573997497559,8.316598892211914,8.675223350524902,9.559905052185059,0.34375,0.08047893022497496,0.4453125,0.3515625,0.203125,7.498002052307129,6.163417816162109,1.3345837593078613,True
DiagReachK2,180,24,4,sample_W2_mean,1,6.0,4.8685455322265625,0.8114242553710938,4.910735130310059,7.020117282867432,7.501753330230713,8.143814086914062,0.21875,0.03628401582439741,0.4453125,0.3515625,0.203125,7.498002052307129,6.163417816162109,1.3345837593078613,True
DiagReachK2,180,24,4,sample_W2_std,0,6.0,4.946640491485596,0.824440081914266,4.824670791625977,7.982624053955078,8.519683837890625,9.4015531539917,0.25,0.06574691645801067,0.4375,0.34375,0.1875,7.414669036865234,6.057958602905273,1.3567098379135132,True
DiagReachK2,180,24,4,sample_W2_std,1,6.0,5.051668643951416,0.8419447739919027,5.092467308044434,7.296961784362793,7.737471580505371,8.331501960754395,0.2890625,0.04880237889786561,0.4375,0.34375,0.1875,7.414669036865234,6.057958602905273,1.3567098379135132,True
DiagReachK2,180,24,4,det_old,0,6.0,5.137633323669434,0.8562722206115723,5.135339260101318,5.307795524597168,5.341207027435303,5.398510456085205,0.0,0.0,0.0,1.0,1.0,9.259649276733398,9.259649276733398,0.0,False
DiagReachK2,180,24,4,det_old,1,6.0,5.631970405578613,0.9386617342631022,5.626415252685547,5.763214111328125,5.7980804443359375,5.9084601402282715,0.0,0.0,0.0,1.0,1.0,9.259649276733398,9.259649276733398,0.0,False
DiagReachK2,180,24,4,det_KL,0,6.0,5.732368469238281,0.9553947448730469,5.729618072509766,5.889248847961426,5.930273056030273,5.973265171051025,0.0078125,5.7345256209373474e-05,0.0078125,1.0,0.9921875,9.234746932983398,9.234460830688477,0.00028672628104686737,True
DiagReachK2,180,24,4,det_KL,1,6.0,5.290615558624268,0.8817692597707113,5.2903242111206055,5.385951995849609,5.425421237945557,5.525180339813232,0.0,0.0,0.0078125,1.0,0.9921875,9.234746932983398,9.234460830688477,0.00028672628104686737,True
DiagReachK2,180,24,4,det_W2,0,6.0,5.7238569259643555,0.9539761543273926,5.720855712890625,5.879942417144775,5.920373439788818,5.9625325202941895,0.0078125,4.2984262108802795e-05,0.0078125,1.0,0.9921875,9.227760314941406,9.227545738220215,0.00021492131054401398,True
DiagReachK2,180,24,4,det_W2,1,6.0,5.250075340270996,0.8750125567118326,5.249969005584717,5.34550666809082,5.384228706359863,5.483534812927246,0.0,0.0,0.0078125,1.0,0.9921875,9.227760314941406,9.227545738220215,0.00021492131054401398,True
DiagReachK2,186,0,5,sample_old,0,6.0,4.758232593536377,0.7930387655893961,4.477280616760254,8.626860618591309,9.348668098449707,11.156635284423828,0.3203125,0.10768311284482479,0.3359375,0.171875,0.125,5.258434295654297,3.5836801528930664,1.6747543811798096,True
DiagReachK2,186,0,5,sample_old,1,6.0,1.524254322052002,0.254042387008667,0.9097713232040405,3.704557418823242,4.213347911834717,6.636203765869141,0.015625,0.0033050750692685434,0.3359375,0.171875,0.125,5.258434295654297,3.5836801528930664,1.6747543811798096,True
DiagReachK2,186,0,5,sample_KL,0,6.0,4.74155330657959,0.7902588844299316,4.434730529785156,8.560135841369629,9.475248336791992,11.098542213439941,0.3125,0.10590723405281702,0.3359375,0.265625,0.1796875,5.708896636962891,4.060873031616211,1.6480236053466797,True
DiagReachK2,186,0,5,sample_KL,1,6.0,2.059793472290039,0.34329891204833984,1.634674072265625,4.483736038208008,5.229935646057129,7.344299793243408,0.0234375,0.005487257614731789,0.3359375,0.265625,0.1796875,5.708896636962891,4.060873031616211,1.6480236053466797,True
DiagReachK2,186,0,5,sample_W2,0,6.0,4.701887130737305,0.7836478551228842,4.386899948120117,8.51458740234375,9.444173812866211,11.073579788208008,0.3046875,0.10404361039400101,0.328125,0.2578125,0.171875,5.67634391784668,4.0576324462890625,1.6187115907669067,True
DiagReachK2,186,0,5,sample_W2,1,6.0,2.0490100383758545,0.3415016730626424,1.618373155593872,4.479392051696777,5.236005783081055,7.367260456085205,0.0234375,0.0055266792575518284,0.328125,0.2578125,0.171875,5.67634391784668,4.0576324462890625,1.6187115907669067,True
DiagReachK2,186,0,5,sample_KL_mean,0,6.0,4.730802536010742,0.7884670893351237,4.390448093414307,8.514752388000488,9.482242584228516,11.03419017791748,0.3125,0.10427887737751007,0.3359375,0.2578125,0.171875,5.692808151245117,4.078518867492676,1.6142895221710205,True
DiagReachK2,186,0,5,sample_KL_mean,1,6.0,2.010565996170044,0.3350943326950073,1.603090763092041,4.404811859130859,5.1192827224731445,7.169378757476807,0.0234375,0.004841514552632969,0.3359375,0.2578125,0.171875,5.692808151245117,4.078518867492676,1.6142895221710205,True
DiagReachK2,186,0,5,sample_KL_std,0,6.0,4.772690296173096,0.795448382695516,4.502555847167969,8.6758394241333,9.318826675415039,11.216517448425293,0.3203125,0.10920991065601507,0.34375,0.1796875,0.125,5.295505523681641,3.5896356105804443,1.7058701515197754,True
DiagReachK2,186,0,5,sample_KL_std,1,6.0,1.582686424255371,0.2637810707092285,0.985328197479248,3.8188650608062744,4.314461708068848,6.833713054656982,0.0234375,0.00389519582192103,0.34375,0.1796875,0.125,5.295505523681641,3.5896356105804443,1.7058701515197754,True
DiagReachK2,186,0,5,sample_W2_mean,0,6.0,4.690251350402832,0.781708558400472,4.348984718322754,8.475396156311035,9.471349716186523,11.00585651397705,0.296875,0.10242481902241707,0.3203125,0.2265625,0.1484375,5.658314228057861,4.075235366821289,1.5830789804458618,True
DiagReachK2,186,0,5,sample_W2_mean,1,6.0,1.9937100410461426,0.33228500684102374,1.5811982154846191,4.394402980804443,5.102626800537109,7.169126510620117,0.0234375,0.004807652284701664,0.3203125,0.2265625,0.1484375,5.658314228057861,4.075235366821289,1.5830789804458618,True
DiagReachK2,186,0,5,sample_W2_std,0,6.0,4.773805618286133,0.7956342697143555,4.502505302429199,8.6798734664917,9.319433212280273,11.22055435180664,0.3203125,0.10929995899399121,0.34375,0.1796875,0.125,5.2989068031311035,3.5900988578796387,1.7088077068328857,True
DiagReachK2,186,0,5,sample_W2_std,1,6.0,1.5899605751037598,0.26499342918395996,0.9971534013748169,3.843226909637451,4.334449291229248,6.859107494354248,0.0234375,0.003976951663692793,0.34375,0.1796875,0.125,5.2989068031311035,3.5900988578796387,1.7088077068328857,True
DiagReachK2,186,0,5,det_old,0,6.0,5.103670120239258,0.850611686706543,5.098728179931641,5.377481460571289,5.474142551422119,5.545579433441162,0.0,0.0,0.0,0.0,0.0,5.024045944213867,5.024045944213867,0.0,False
DiagReachK2,186,0,5,det_old,1,6.0,0.0,0.0,0.0,0.0,0.0,0.0,0.0,0.0,0.0,0.0,0.0,5.024045944213867,5.024045944213867,0.0,False
DiagReachK2,186,0,5,det_KL,0,6.0,5.183250427246094,0.8638750712076823,5.181841850280762,5.418325901031494,5.512566089630127,5.569079875946045,0.0,0.0,0.0,0.0,0.0,6.056341171264648,6.056341171264648,0.0,False
DiagReachK2,186,0,5,det_KL,1,6.0,0.11964733898639679,0.019941223164399464,0.11521819233894348,0.19196833670139313,0.23259055614471436,0.24768075346946716,0.0,0.0,0.0,0.0,0.0,6.056341171264648,6.056341171264648,0.0,False
DiagReachK2,186,0,5,det_W2,0,6.0,5.086136817932129,0.8476894696553549,5.084863662719727,5.321394920349121,5.414222240447998,5.468287467956543,0.0,0.0,0.0,0.0,0.0,5.986912727355957,5.986912727355957,0.0,False
DiagReachK2,186,0,5,det_W2,1,6.0,0.08997835218906403,0.014996392031510672,0.08286289870738983,0.1574113517999649,0.19409486651420593,0.20834222435951233,0.0,0.0,0.0,0.0,0.0,5.986912727355957,5.986912727355957,0.0,False
DiagReachK2,186,6,6,sample_old,0,6.0,4.4107255935668945,0.735120932261149,4.387504577636719,6.924873352050781,7.3304033279418945,8.593868255615234,0.21875,0.037425157303611435,0.28125,0.4296875,0.328125,6.747001647949219,5.947444915771484,0.799557089805603,True
DiagReachK2,186,6,6,sample_old,1,6.0,3.861046075820923,0.6435076793034872,3.7841081619262695,6.048135280609131,7.099367618560791,9.543349266052246,0.1015625,0.026162873332699142,0.28125,0.4296875,0.328125,6.747001647949219,5.947444915771484,0.799557089805603,True
DiagReachK2,186,6,6,sample_KL,0,6.0,4.502721786499023,0.7504536310831705,4.5512495040893555,6.952383518218994,7.341254711151123,8.521628379821777,0.2265625,0.03862960636615753,0.2734375,0.421875,0.3203125,6.707574844360352,6.022069931030273,0.6855051517486572,True
DiagReachK2,186,6,6,sample_KL,1,6.0,3.52946400642395,0.5882440010706583,3.43961238861084,5.693911075592041,6.467825412750244,8.96605396270752,0.078125,0.01713628632326921,0.2734375,0.421875,0.3203125,6.707574844360352,6.022069931030273,0.6855051517486572,True
DiagReachK2,186,6,6,sample_W2,0,6.0,4.52728271484375,0.754547119140625,4.58793830871582,6.9671502113342285,7.3425469398498535,8.532853126525879,0.21875,0.03906216410299142,0.2578125,0.4296875,0.3359375,6.675848960876465,6.0113654136657715,0.6644836664199829,True
DiagReachK2,186,6,6,sample_W2,1,6.0,3.3987042903900146,0.5664507150650024,3.308896780014038,5.556304454803467,6.287583827972412,8.834257125854492,0.0703125,0.015053069839874905,0.2578125,0.4296875,0.3359375,6.675848960876465,6.0113654136657715,0.6644836664199829,True
DiagReachK2,186,6,6,sample_KL_mean,0,6.0,4.489077568054199,0.7481795946756998,4.527817249298096,6.964271068572998,7.357878684997559,8.522015571594238,0.2265625,0.03911589955290158,0.2734375,0.4140625,0.3125,6.654361724853516,5.94291353225708,0.7114479541778564,True
DiagReachK2,186,6,6,sample_KL_mean,1,6.0,3.5188026428222656,0.5864671071370443,3.415531873703003,5.7944135665893555,6.638566493988037,9.07889461517334,0.078125,0.01868877994517485,0.2734375,0.4140625,0.3125,6.654361724853516,5.94291353225708,0.7114479541778564,True
DiagReachK2,186,6,6,sample_KL_std,0,6.0,4.422147274017334,0.7370245456695557,4.3997297286987305,6.907275199890137,7.312244415283203,8.590113639831543,0.2109375,0.03701209152738254,0.2734375,0.4375,0.34375,6.803319931030273,6.029320240020752,0.7739992141723633,True
DiagReachK2,186,6,6,sample_KL_std,1,6.0,3.884389877319336,0.647398312886556,3.84566593170166,5.994089126586914,6.946743011474609,9.375174522399902,0.1015625,0.024710881213347115,0.2734375,0.4375,0.34375,6.803319931030273,6.029320240020752,0.7739992141723633,True
DiagReachK2,186,6,6,sample_W2_mean,0,6.0,4.506069183349609,0.7510115305582682,4.566404342651367,6.992228031158447,7.3600077629089355,8.534523963928223,0.2265625,0.03962828715642293,0.2734375,0.4140625,0.3046875,6.606875419616699,5.911900520324707,0.6949741840362549,True
DiagReachK2,186,6,6,sample_W2_mean,1,6.0,3.391228675842285,0.5652047793070475,3.3203203678131104,5.687235355377197,6.509749889373779,9.0220308303833,0.078125,0.016933644811312355,0.2734375,0.4140625,0.3046875,6.606875419616699,5.911900520324707,0.6949741840362549,True
DiagReachK2,186,6,6,sample_W2_std,0,6.0,4.4274001121521,0.7379000186920166,4.40212345123291,6.900705337524414,7.306667804718018,8.58667278289795,0.21875,0.036869073286652565,0.28125,0.4375,0.3359375,6.822803497314453,6.055144309997559,0.7676587104797363,True
DiagReachK2,186,6,6,sample_W2_std,1,6.0,3.892828941345215,0.6488048235575358,3.857102632522583,5.981040954589844,6.907500267028809,9.370753288269043,0.1015625,0.024389620249470077,0.28125,0.4375,0.3359375,6.822803497314453,6.055144309997559,0.7676587104797363,True
DiagReachK2,186,6,6,det_old,0,6.0,4.843882083892822,0.8073136806488037,4.848336219787598,4.947878837585449,4.978540897369385,5.025234222412109,0.0,0.0,0.0,1.0,1.0,8.829830169677734,8.829830169677734,0.0,False
DiagReachK2,186,6,6,det_old,1,6.0,4.54991340637207,0.7583189010620117,4.552611351013184,4.69420051574707,4.709293842315674,4.735382556915283,0.0,0.0,0.0,1.0,1.0,8.829830169677734,8.829830169677734,0.0,False
DiagReachK2,186,6,6,det_KL,0,6.0,5.096205711364746,0.849367618560791,5.097124099731445,5.194304466247559,5.229389190673828,5.271061420440674,0.0,0.0,0.0,1.0,1.0,8.70378589630127,8.70378589630127,0.0,False
DiagReachK2,186,6,6,det_KL,1,6.0,3.9834372997283936,0.6639062166213989,3.9825453758239746,4.115104675292969,4.138101577758789,4.164873123168945,0.0,0.0,0.0,1.0,1.0,8.70378589630127,8.70378589630127,0.0,False
DiagReachK2,186,6,6,det_W2,0,6.0,5.142267227172852,0.857044537862142,5.141933441162109,5.2409539222717285,5.275376796722412,5.314096450805664,0.0,0.0,0.0,1.0,1.0,8.641500473022461,8.641500473022461,0.0,False
DiagReachK2,186,6,6,det_W2,1,6.0,3.775886058807373,0.6293143431345621,3.7727952003479004,3.9084250926971436,3.928520441055298,3.960360050201416,0.0,0.0,0.0,1.0,1.0,8.641500473022461,8.641500473022461,0.0,False
DiagReachK2,186,12,7,sample_old,0,6.0,4.873081207275391,0.8121802012125651,4.878329753875732,7.189194202423096,7.815524101257324,8.312359809875488,0.28125,0.05041735743482908,0.390625,0.46875,0.328125,7.133362770080566,6.2439165115356445,0.8894459009170532,True
DiagReachK2,186,12,7,sample_old,1,6.0,4.120857238769531,0.6868095397949219,3.9430971145629883,6.55230712890625,7.271860599517822,7.831233501434326,0.171875,0.026548009986678757,0.390625,0.46875,0.328125,7.133362770080566,6.2439165115356445,0.8894459009170532,True
DiagReachK2,186,12,7,sample_KL,0,6.0,5.0694193840026855,0.8449032306671143,5.092472553253174,7.434489727020264,8.052968978881836,8.8320894241333,0.3125,0.06089771352708339,0.40625,0.46875,0.3125,7.05462646484375,6.097342491149902,0.9572837352752686,True
DiagReachK2,186,12,7,sample_KL,1,6.0,3.8407130241394043,0.6401188373565674,3.7207608222961426,6.192846298217773,7.053194522857666,7.677070617675781,0.1328125,0.019914831966161728,0.40625,0.46875,0.3125,7.05462646484375,6.097342491149902,0.9572837352752686,True
DiagReachK2,186,12,7,sample_W2,0,6.0,5.108828544616699,0.8514714241027832,5.1231184005737305,7.513012886047363,8.157907485961914,9.084272384643555,0.328125,0.06490869261324406,0.40625,0.4609375,0.3125,7.009119987487793,6.009744167327881,0.9993757009506226,True
DiagReachK2,186,12,7,sample_W2,1,6.0,3.74713134765625,0.6245218912760416,3.653097152709961,6.177825927734375,7.004662990570068,7.694785118103027,0.1171875,0.018573212126890816,0.40625,0.4609375,0.3125,7.009119987487793,6.009744167327881,0.9993757009506226,True
DiagReachK2,186,12,7,sample_KL_mean,0,6.0,5.116067409515381,0.8526779015858968,5.094463348388672,7.458881855010986,8.086873054504395,8.633817672729492,0.3125,0.05973531864583492,0.40625,0.46875,0.3125,7.112008571624756,6.198457717895508,0.9135516881942749,True
DiagReachK2,186,12,7,sample_KL_mean,1,6.0,3.8444604873657227,0.6407434145609537,3.7244060039520264,6.201107025146484,7.037611961364746,7.604543685913086,0.1328125,0.019598942870895066,0.40625,0.46875,0.3125,7.112008571624756,6.198457717895508,0.9135516881942749,True
DiagReachK2,186,12,7,sample_KL_std,0,6.0,4.842406272888184,0.8070677121480306,4.825349807739258,7.231671333312988,7.890954971313477,8.472729682922363,0.2890625,0.05241026170551777,0.3984375,0.46875,0.3203125,7.0803608894348145,6.139532089233398,0.9408292770385742,True
DiagReachK2,186,12,7,sample_KL_std,1,6.0,4.114193916320801,0.6856989860534668,3.9401354789733887,6.561752796173096,7.310777187347412,7.836367130279541,0.171875,0.02695079582432906,0.3984375,0.46875,0.3203125,7.0803608894348145,6.139532089233398,0.9408292770385742,True
DiagReachK2,186,12,7,sample_W2_mean,0,6.0,5.171529769897461,0.8619216283162435,5.130699157714844,7.531087398529053,8.105162620544434,8.852884292602539,0.328125,0.06344634232421716,0.40625,0.46875,0.3125,7.08370304107666,6.141168117523193,0.9425348043441772,True
DiagReachK2,186,12,7,sample_W2_mean,1,6.0,3.7504982948303223,0.6250830491383871,3.654524326324463,6.183200836181641,6.974713325500488,7.591495990753174,0.1171875,0.01813216134905815,0.40625,0.46875,0.3125,7.08370304107666,6.141168117523193,0.9425348043441772,True
DiagReachK2,186,12,7,sample_W2_std,0,6.0,4.835531234741211,0.8059218724568685,4.808794975280762,7.248087406158447,7.947575092315674,8.54294204711914,0.2890625,0.05311863062282403,0.3984375,0.4609375,0.3125,7.064839839935303,6.106541633605957,0.9582985639572144,True
DiagReachK2,186,12,7,sample_W2_std,1,6.0,4.112857818603516,0.6854763031005859,3.943591594696045,6.562580585479736,7.328503131866455,7.839996814727783,0.171875,0.027144305408000946,0.3984375,0.4609375,0.3125,7.064839839935303,6.106541633605957,0.9582985639572144,True
DiagReachK2,186,12,7,det_old,0,6.0,5.104642391204834,0.8507737318674723,5.097714424133301,5.205537796020508,5.2269744873046875,5.264210224151611,0.0,0.0,0.0,1.0,1.0,9.020370483398438,9.020370483398438,0.0,False
DiagReachK2,186,12,7,det_old,1,6.0,4.5376105308532715,0.7562684218088785,4.537981033325195,4.655432224273682,4.693695068359375,4.7431817054748535,0.0,0.0,0.0,1.0,1.0,9.020370483398438,9.020370483398438,0.0,False
DiagReachK2,186,12,7,det_KL,0,6.0,5.431951522827148,0.9053252538045248,5.427548408508301,5.5243682861328125,5.5432305335998535,5.582484722137451,0.0,0.0,0.0,1.0,1.0,8.971702575683594,8.971702575683594,0.0,False
DiagReachK2,186,12,7,det_KL,1,6.0,4.151259422302246,0.6918765703837076,4.1500444412231445,4.265106678009033,4.315089225769043,4.357555866241455,0.0,0.0,0.0,1.0,1.0,8.971702575683594,8.971702575683594,0.0,False
DiagReachK2,186,12,7,det_W2,0,6.0,5.494777679443359,0.9157962799072266,5.4912590980529785,5.586279392242432,5.604636192321777,5.6467742919921875,0.0,0.0,0.0,1.0,1.0,8.957330703735352,8.957330703735352,0.0,False
DiagReachK2,186,12,7,det_W2,1,6.0,4.004875183105469,0.6674791971842448,4.003003120422363,4.122711658477783,4.171976566314697,4.215568542480469,0.0,0.0,0.0,1.0,1.0,8.957330703735352,8.957330703735352,0.0,False
DiagReachK2,186,18,8,sample_old,0,6.0,4.996434688568115,0.8327391147613525,4.909786224365234,6.975639820098877,7.518472194671631,8.032013893127441,0.2421875,0.03692904797693093,0.453125,0.4765625,0.2890625,7.577395439147949,6.488028049468994,1.0893677473068237,True
DiagReachK2,186,18,8,sample_old,1,6.0,5.052728176116943,0.8421213626861572,4.9640703201293945,7.391665458679199,7.711581230163574,9.019926071166992,0.2890625,0.05703200337787469,0.453125,0.4765625,0.2890625,7.577395439147949,6.488028049468994,1.0893677473068237,True
DiagReachK2,186,18,8,sample_KL,0,6.0,5.066821098327637,0.8444701830546061,4.844518661499023,7.2428507804870605,7.803391456604004,8.006755828857422,0.2734375,0.04303671233355999,0.4453125,0.484375,0.3203125,7.515966415405273,6.631823539733887,0.884143054485321,True
DiagReachK2,186,18,8,sample_KL,1,6.0,4.7975358963012695,0.7995893160502116,4.812082290649414,6.857134819030762,7.297919750213623,8.599625587463379,0.234375,0.03815143307050069,0.4453125,0.484375,0.3203125,7.515966415405273,6.631823539733887,0.884143054485321,True
DiagReachK2,186,18,8,sample_W2,0,6.0,5.055882453918457,0.8426470756530762,4.8212432861328125,7.273039817810059,7.85565710067749,8.01987075805664,0.2734375,0.04432944518824418,0.421875,0.5078125,0.34375,7.471649169921875,6.639025688171387,0.8326232433319092,True
DiagReachK2,186,18,8,sample_W2,1,6.0,4.699475288391113,0.7832458813985189,4.709788799285889,6.703358173370361,7.174235820770264,8.344756126403809,0.2109375,0.0328431980063518,0.421875,0.5078125,0.34375,7.471649169921875,6.639025688171387,0.8326232433319092,True
DiagReachK2,186,18,8,sample_KL_mean,0,6.0,5.079415321350098,0.8465692202250162,4.861740589141846,7.232400417327881,7.74927282333374,7.979464054107666,0.2734375,0.04236912354826927,0.4375,0.484375,0.3125,7.516990661621094,6.645089149475098,0.8719017505645752,True
DiagReachK2,186,18,8,sample_KL_mean,1,6.0,4.7774658203125,0.7962443033854166,4.7818098068237305,6.855865001678467,7.2566070556640625,8.6410551071167,0.2265625,0.03800991798440615,0.4375,0.484375,0.3125,7.516990661621094,6.645089149475098,0.8719017505645752,True
DiagReachK2,186,18,8,sample_KL_std,0,6.0,4.991627216339111,0.8319378693898519,4.911865234375,7.0115132331848145,7.580272674560547,8.045741081237793,0.234375,0.037955720598498985,0.4453125,0.4609375,0.296875,7.57995080947876,6.470348358154297,1.1096019744873047,True
DiagReachK2,186,18,8,sample_KL_std,1,6.0,5.081899642944336,0.846983273824056,5.043142318725586,7.356137275695801,7.754739284515381,9.042619705200195,0.28125,0.05753407130638759,0.4453125,0.4609375,0.296875,7.57995080947876,6.470348358154297,1.1096019744873047,True
DiagReachK2,186,18,8,sample_W2_mean,0,6.0,5.078707695007324,0.8464512825012207,4.848090648651123,7.26742696762085,7.7827067375183105,7.992467403411865,0.2734375,0.04360306511322657,0.421875,0.5,0.3359375,7.4783477783203125,6.658804416656494,0.8195428252220154,True
DiagReachK2,186,18,8,sample_W2_mean,1,6.0,4.675105571746826,0.7791842619578043,4.677093505859375,6.712085247039795,7.134603977203369,8.40534782409668,0.2109375,0.032808583229780204,0.421875,0.5,0.3359375,7.4783477783203125,6.658804416656494,0.8195428252220154,True
DiagReachK2,186,18,8,sample_W2_std,0,6.0,4.987781047821045,0.8312968413035074,4.902597427368164,7.023794174194336,7.60556697845459,8.056011199951172,0.234375,0.038424110040068626,0.4453125,0.453125,0.2890625,7.576662063598633,6.4572296142578125,1.119431972503662,True
DiagReachK2,186,18,8,sample_W2_std,1,6.0,5.093169212341309,0.8488615353902181,5.066465377807617,7.34749174118042,7.777215480804443,9.0538969039917,0.28125,0.05776685786743958,0.4453125,0.453125,0.2890625,7.576662063598633,6.4572296142578125,1.119431972503662,True
DiagReachK2,186,18,8,det_old,0,6.0,5.413835525512695,0.9023059209187826,5.409195899963379,5.50928258895874,5.531282424926758,5.558815002441406,0.0,0.0,0.0,1.0,1.0,9.136124610900879,9.136124610900879,0.0,False
DiagReachK2,186,18,8,det_old,1,6.0,5.832337379455566,0.9720562299092611,5.830657958984375,5.928362846374512,5.959560871124268,5.970778465270996,0.0,0.0,0.0,1.0,1.0,9.136124610900879,9.136124610900879,0.0,False
DiagReachK2,186,18,8,det_KL,0,6.0,5.43477201461792,0.9057953357696533,5.433742046356201,5.528602123260498,5.553432464599609,5.579141139984131,0.0,0.0,0.0,1.0,1.0,9.037469863891602,9.037469863891602,0.0,False
DiagReachK2,186,18,8,det_KL,1,6.0,5.3433990478515625,0.8905665079752604,5.344964027404785,5.421185493469238,5.440446853637695,5.464864253997803,0.0,0.0,0.0,1.0,1.0,9.037469863891602,9.037469863891602,0.0,False
DiagReachK2,186,18,8,det_W2,0,6.0,5.435102462768555,0.9058504104614258,5.431060791015625,5.5315752029418945,5.554961681365967,5.582502841949463,0.0,0.0,0.0,1.0,1.0,8.985437393188477,8.985437393188477,0.0,False
DiagReachK2,186,18,8,det_W2,1,6.0,5.195210933685303,0.8658684889475504,5.197096824645996,5.271231651306152,5.284686088562012,5.309137344360352,0.0,0.0,0.0,1.0,1.0,8.985437393188477,8.985437393188477,0.0,False
DiagReachK2,186,24,9,sample_old,0,6.0,5.210009574890137,0.8683349291483561,5.111115455627441,7.281779766082764,7.605651378631592,9.036017417907715,0.25,0.047462615494926766,0.4140625,0.6015625,0.3515625,7.733492851257324,6.609556198120117,1.123936653137207,True
DiagReachK2,186,24,9,sample_old,1,6.0,4.909119606018066,0.8181866010030111,4.844841003417969,6.793736934661865,7.610368251800537,9.38397216796875,0.2265625,0.039880065247416496,0.4140625,0.6015625,0.3515625,7.733492851257324,6.609556198120117,1.123936653137207,True
DiagReachK2,186,24,9,sample_KL,0,6.0,5.199300765991211,0.8665501276652018,5.043335914611816,7.3509674072265625,7.921325206756592,9.400936126708984,0.234375,0.054392376293738685,0.3671875,0.5625,0.390625,7.592258453369141,6.598400115966797,0.9938583970069885,True
DiagReachK2,186,24,9,sample_KL,1,6.0,4.519474983215332,0.7532458305358887,4.460306644439697,6.322711944580078,7.207237720489502,8.66113567352295,0.171875,0.025136352206269905,0.3671875,0.5625,0.390625,7.592258453369141,6.598400115966797,0.9938583970069885,True
DiagReachK2,186,24,9,sample_W2,0,6.0,5.18668270111084,0.8644471168518066,5.030303001403809,7.470935344696045,8.022669792175293,9.582380294799805,0.234375,0.05690274201333523,0.359375,0.5625,0.390625,7.531394004821777,6.560701370239258,0.9706923961639404,True
DiagReachK2,186,24,9,sample_W2,1,6.0,4.3854546546936035,0.7309091091156006,4.31385612487793,6.1772589683532715,7.069969177246094,8.468104362487793,0.15625,0.02112788955370585,0.359375,0.5625,0.390625,7.531394004821777,6.560701370239258,0.9706923961639404,True
DiagReachK2,186,24,9,sample_KL_mean,0,6.0,5.205745697021484,0.8676242828369141,5.093108177185059,7.315438747406006,7.828714370727539,9.30270004272461,0.2421875,0.05348118580877781,0.3671875,0.5625,0.390625,7.618197441101074,6.654152870178223,0.9640446901321411,True
DiagReachK2,186,24,9,sample_KL_mean,1,6.0,4.5320329666137695,0.7553388277689616,4.475963115692139,6.308500289916992,7.199044227600098,8.652506828308105,0.1640625,0.024706468606988587,0.3671875,0.5625,0.390625,7.618197441101074,6.654152870178223,0.9640446901321411,True
DiagReachK2,186,24,9,sample_KL_std,0,6.0,5.200653076171875,0.8667755126953125,5.079787254333496,7.326859474182129,7.663626670837402,9.149870872497559,0.2421875,0.04842535965144634,0.4140625,0.6015625,0.3515625,7.705049514770508,6.548785209655762,1.156264066696167,True
DiagReachK2,186,24,9,sample_KL_std,1,6.0,4.892656326293945,0.8154427210489908,4.821191310882568,6.784482955932617,7.608002185821533,9.39293098449707,0.2265625,0.040337901562452316,0.4140625,0.6015625,0.3515625,7.705049514770508,6.548785209655762,1.156264066696167,True
DiagReachK2,186,24,9,sample_W2_mean,0,6.0,5.194736957550049,0.8657894929250082,5.081445693969727,7.426805019378662,7.909519195556641,9.446475982666016,0.2578125,0.055620888248085976,0.375,0.5546875,0.375,7.567893028259277,6.636274814605713,0.9316186308860779,True
DiagReachK2,186,24,9,sample_W2_mean,1,6.0,4.399384498596191,0.7332307497660319,4.334542751312256,6.1561150550842285,7.045923709869385,8.457483291625977,0.1484375,0.020557913929224014,0.375,0.5546875,0.375,7.567893028259277,6.636274814605713,0.9316186308860779,True
DiagReachK2,186,24,9,sample_W2_std,0,6.0,5.197680473327637,0.8662800788879395,5.069194793701172,7.340095043182373,7.68458890914917,9.198461532592773,0.234375,0.04885817691683769,0.40625,0.59375,0.3515625,7.6939215660095215,6.524911880493164,1.1690093278884888,True
DiagReachK2,186,24,9,sample_W2_std,1,6.0,4.889023780822754,0.8148372968037924,4.810615062713623,6.786515712738037,7.617326736450195,9.3941650390625,0.2265625,0.04060015889505546,0.40625,0.59375,0.3515625,7.6939215660095215,6.524911880493164,1.1690093278884888,True
DiagReachK2,186,24,9,det_old,0,6.0,5.376138687133789,0.8960231145222982,5.371591567993164,5.460052013397217,5.49390172958374,5.544745922088623,0.0,0.0,0.0,1.0,1.0,9.299349784851074,9.299349784851074,0.0,False
DiagReachK2,186,24,9,det_old,1,6.0,5.3936357498168945,0.898939291636149,5.3913655281066895,5.498238563537598,5.521920204162598,5.560914516448975,0.0,0.0,0.0,1.0,1.0,9.299349784851074,9.299349784851074,0.0,False
DiagReachK2,186,24,9,det_KL,0,6.0,5.282775402069092,0.8804625670115153,5.284013748168945,5.373950481414795,5.410120487213135,5.471027851104736,0.0,0.0,0.0,1.0,1.0,9.191812515258789,9.191812515258789,0.0,False
DiagReachK2,186,24,9,det_KL,1,6.0,4.875149250030518,0.8125248750050863,4.875063896179199,4.969362258911133,4.99251127243042,5.033786296844482,0.0,0.0,0.0,1.0,1.0,9.191812515258789,9.191812515258789,0.0,False
DiagReachK2,186,24,9,det_W2,0,6.0,5.256142616271973,0.8760237693786621,5.259132385253906,5.351725101470947,5.3876142501831055,5.4518609046936035,0.0,0.0,0.0,1.0,1.0,9.129998207092285,9.129998207092285,0.0,False
DiagReachK2,186,24,9,det_W2,1,6.0,4.689460754394531,0.7815767923990885,4.690069198608398,4.781098365783691,4.804689884185791,4.84629487991333,0.0,0.0,0.0,1.0,1.0,9.129998207092285,9.129998207092285,0.0,False
DiagReachK2,187,0,10,sample_old,0,6.0,4.781384468078613,0.7968974113464355,4.4101738929748535,9.0263090133667,10.380966186523438,11.442947387695312,0.3125,0.12544124263028306,0.3671875,0.296875,0.1875,6.266654968261719,3.9706387519836426,2.296015977859497,True
DiagReachK2,187,0,10,sample_old,1,6.0,3.427250862121582,0.5712084770202637,3.2774009704589844,6.219371795654297,8.064566612243652,9.301413536071777,0.125,0.03586519819994767,0.3671875,0.296875,0.1875,6.266654968261719,3.9706387519836426,2.296015977859497,True
DiagReachK2,187,0,10,sample_KL,0,6.0,4.374302387237549,0.7290503978729248,4.038262367248535,8.260680198669434,9.814276695251465,11.022393226623535,0.28125,0.1015132733931144,0.3203125,0.3125,0.2265625,6.099201202392578,4.218263626098633,1.8809367418289185,True
DiagReachK2,187,0,10,sample_KL,1,6.0,3.37715220451355,0.5628587007522583,3.1934618949890137,6.347038269042969,8.0942964553833,9.522887229919434,0.109375,0.03715261879066627,0.3203125,0.3125,0.2265625,6.099201202392578,4.218263626098633,1.8809367418289185,True
DiagReachK2,187,0,10,sample_W2,0,6.0,4.485626697540283,0.7476044495900472,4.161964416503906,8.393678665161133,9.900314331054688,11.08474063873291,0.28125,0.10730838465193906,0.3203125,0.28125,0.21875,6.145544052124023,4.19246244430542,1.9530818462371826,True
DiagReachK2,187,0,10,sample_W2,1,6.0,3.3732798099517822,0.5622133016586304,3.2056450843811035,6.326572895050049,8.068453788757324,9.491050720214844,0.109375,0.03671691877146562,0.3203125,0.28125,0.21875,6.145544052124023,4.19246244430542,1.9530818462371826,True
DiagReachK2,187,0,10,sample_KL_mean,0,6.0,4.369820594787598,0.7283034324645996,4.045908451080322,8.267629623413086,9.815557479858398,11.024266242980957,0.28125,0.10160264683266482,0.3203125,0.296875,0.21875,6.070838928222656,4.17023229598999,1.900606393814087,True
DiagReachK2,187,0,10,sample_KL_mean,1,6.0,3.374117374420166,0.5623528957366943,3.1985175609588623,6.333740234375,8.093280792236328,9.52509880065918,0.109375,0.037177883088588715,0.3203125,0.296875,0.21875,6.070838928222656,4.17023229598999,1.900606393814087,True
DiagReachK2,187,0,10,sample_KL_std,0,6.0,4.814208030700684,0.8023680051167806,4.444671630859375,9.005355834960938,10.363336563110352,11.458951950073242,0.3125,0.12726403834919137,0.3671875,0.296875,0.1796875,6.305436134338379,4.001789093017578,2.303647041320801,True
DiagReachK2,187,0,10,sample_KL_std,1,6.0,3.4346837997436523,0.5724472999572754,3.255856990814209,6.2110209465026855,8.05610466003418,9.282917022705078,0.125,0.03578513550261657,0.3671875,0.296875,0.1796875,6.305436134338379,4.001789093017578,2.303647041320801,True
DiagReachK2,187,0,10,sample_W2_mean,0,6.0,4.4757537841796875,0.7459589640299479,4.172346591949463,8.422758102416992,9.896544456481934,11.083891868591309,0.28125,0.10718069287637869,0.3203125,0.3046875,0.2265625,6.116098403930664,4.144809722900391,1.9712878465652466,True
DiagReachK2,187,0,10,sample_W2_mean,1,6.0,3.370192527770996,0.5616987546284994,3.19398832321167,6.31339693069458,8.066264152526855,9.492057800292969,0.109375,0.036726994439959526,0.3203125,0.3046875,0.2265625,6.116098403930664,4.144809722900391,1.9712878465652466,True
DiagReachK2,187,0,10,sample_W2_std,0,6.0,4.818678379058838,0.803113063176473,4.450743675231934,9.006876945495605,10.360401153564453,11.460578918457031,0.3125,0.1274892513950666,0.3671875,0.296875,0.1796875,6.306680202484131,4.001327037811279,2.3053536415100098,True
DiagReachK2,187,0,10,sample_W2_std,1,6.0,3.4347615242004395,0.5724602540334066,3.2550411224365234,6.209075450897217,8.055472373962402,9.282989501953125,0.125,0.03579211855928103,0.3671875,0.296875,0.1796875,6.306680202484131,4.001327037811279,2.3053536415100098,True
DiagReachK2,187,0,10,det_old,0,6.0,5.442444801330566,0.9070741335550944,5.446950912475586,5.753042221069336,5.809212684631348,5.990597724914551,0.015625,6.546763082345211e-05,0.015625,1.0,0.984375,8.548447608947754,8.548120498657227,0.0003273412585258484,True
DiagReachK2,187,0,10,det_old,1,6.0,4.2019453048706055,0.7003242174784342,4.2050628662109375,4.381529808044434,4.4513421058654785,4.5361552238464355,0.0,0.0,0.015625,1.0,0.984375,8.548447608947754,8.548120498657227,0.0003273412585258484,True
DiagReachK2,187,0,10,det_KL,0,6.0,4.623831748962402,0.770638624827067,4.622560501098633,4.886446952819824,4.969158172607422,5.081339359283447,0.0,0.0,0.0,1.0,1.0,8.479693412780762,8.479693412780762,0.0,False
DiagReachK2,187,0,10,det_KL,1,6.0,4.069510459899902,0.6782517433166504,4.07619571685791,4.243791580200195,4.328865051269531,4.407200813293457,0.0,0.0,0.0,1.0,1.0,8.479693412780762,8.479693412780762,0.0,False
DiagReachK2,187,0,10,det_W2,0,6.0,4.887850284576416,0.8146417140960693,4.884160041809082,5.1486382484436035,5.233049392700195,5.3414764404296875,0.0,0.0,0.0,1.0,1.0,8.480897903442383,8.480897903442383,0.0,False
DiagReachK2,187,0,10,det_W2,1,6.0,4.060378074645996,0.676729679107666,4.065605163574219,4.234175682067871,4.317223072052002,4.395529747009277,0.0,0.0,0.0,1.0,1.0,8.480897903442383,8.480897903442383,0.0,False
DiagReachK2,187,6,11,sample_old,0,6.0,5.284107685089111,0.8806846141815186,5.293251037597656,8.810976028442383,10.26960563659668,11.652484893798828,0.40625,0.14263734966516498,0.546875,0.3828125,0.1640625,7.007290840148926,4.2860426902771,2.721247673034668,True
DiagReachK2,187,6,11,sample_old,1,6.0,4.416689872741699,0.7361149787902832,4.049676895141602,7.43818473815918,7.902795791625977,9.066474914550781,0.2578125,0.06005133191744486,0.546875,0.3828125,0.1640625,7.007290840148926,4.2860426902771,2.721247673034668,True
DiagReachK2,187,6,11,sample_KL,0,6.0,4.858851432800293,0.8098085721333822,4.737817287445068,8.47521686553955,9.343077659606934,10.62365436553955,0.34375,0.10148070318003496,0.4765625,0.390625,0.2265625,6.846248149871826,4.993475914001465,1.8527722358703613,True
DiagReachK2,187,6,11,sample_KL,1,6.0,4.229272842407227,0.7048788070678711,3.926553726196289,7.1220622062683105,7.740885257720947,8.787430763244629,0.25,0.04755218761662642,0.4765625,0.390625,0.2265625,6.846248149871826,4.993475914001465,1.8527722358703613,True
DiagReachK2,187,6,11,sample_W2,0,6.0,4.959606170654297,0.8266010284423828,4.853311538696289,8.606515884399414,9.462976455688477,10.714548110961914,0.34375,0.10670047563811141,0.484375,0.3828125,0.2109375,6.935661315917969,4.916943073272705,2.0187177658081055,True
DiagReachK2,187,6,11,sample_W2,1,6.0,4.359372138977051,0.7265620231628418,4.043448448181152,7.269507884979248,7.812853813171387,8.90734577178955,0.2578125,0.053377234687407814,0.484375,0.3828125,0.2109375,6.935661315917969,4.916943073272705,2.0187177658081055,True
DiagReachK2,187,6,11,sample_KL_mean,0,6.0,4.861317157745361,0.8102195262908936,4.764740467071533,8.359338760375977,9.26880931854248,10.556939125061035,0.3359375,0.0993180088698864,0.46875,0.390625,0.2265625,6.863547325134277,5.058804988861084,1.8047422170639038,True
DiagReachK2,187,6,11,sample_KL_mean,1,6.0,4.22335958480835,0.703893264134725,3.9150707721710205,7.146380424499512,7.710710525512695,8.78770923614502,0.2421875,0.047796823084354394,0.46875,0.390625,0.2265625,6.863547325134277,5.058804988861084,1.8047422170639038,True
DiagReachK2,187,6,11,sample_KL_std,0,6.0,5.266678810119629,0.8777798016866049,5.262361526489258,8.887741088867188,10.294586181640625,11.69256591796875,0.40625,0.143661850442489,0.546875,0.3984375,0.1640625,6.984519004821777,4.230359077453613,2.754160165786743,True
DiagReachK2,187,6,11,sample_KL_std,1,6.0,4.419753551483154,0.736625591913859,4.051074981689453,7.428685188293457,7.929587364196777,9.065780639648438,0.2578125,0.05958387752374013,0.546875,0.3984375,0.1640625,6.984519004821777,4.230359077453613,2.754160165786743,True
DiagReachK2,187,6,11,sample_W2_mean,0,6.0,4.962629795074463,0.8271049658457438,4.888258934020996,8.496129035949707,9.380654335021973,10.644125938415527,0.34375,0.10437696302930514,0.484375,0.390625,0.2109375,6.951242923736572,4.981404781341553,1.9698383808135986,True
DiagReachK2,187,6,11,sample_W2_mean,1,6.0,4.3476104736328125,0.7246017456054688,4.006582736968994,7.261362552642822,7.794911861419678,8.921302795410156,0.2578125,0.05368119664490223,0.484375,0.390625,0.2109375,6.951242923736572,4.981404781341553,1.9698383808135986,True
DiagReachK2,187,6,11,sample_W2_std,0,6.0,5.270432472229004,0.8784054120381674,5.268424987792969,8.88855266571045,10.303069114685059,11.698280334472656,0.40625,0.14402894799908,0.546875,0.3984375,0.1640625,6.989381790161133,4.230572700500488,2.7588090896606445,True
DiagReachK2,187,6,11,sample_W2_std,1,6.0,4.4256768226623535,0.737612803777059,4.06173038482666,7.433477401733398,7.9315714836120605,9.051084518432617,0.2578125,0.0596040648718675,0.546875,0.3984375,0.1640625,6.989381790161133,4.230572700500488,2.7588090896606445,True
DiagReachK2,187,6,11,det_old,0,6.0,5.4783101081848145,0.9130516846974691,5.47200870513916,5.745145320892334,5.816803455352783,5.935757160186768,0.0078125,0.00013079121708869934,0.0078125,1.0,0.9921875,8.997833251953125,8.99717903137207,0.0006539560854434967,True
DiagReachK2,187,6,11,det_old,1,6.0,5.357092380523682,0.8928487300872803,5.354445457458496,5.521886348724365,5.569337844848633,5.659176826477051,0.0,0.0,0.0078125,1.0,0.9921875,8.997833251953125,8.99717903137207,0.0006539560854434967,True
DiagReachK2,187,6,11,det_KL,0,6.0,4.714600563049316,0.7857667605082194,4.7045087814331055,4.913325786590576,4.992588996887207,5.046595096588135,0.0,0.0,0.0,1.0,1.0,8.770868301391602,8.770868301391602,0.0,False
DiagReachK2,187,6,11,det_KL,1,6.0,4.9322590827941895,0.8220431804656982,4.943472862243652,5.074724197387695,5.1156005859375,5.184449672698975,0.0,0.0,0.0,1.0,1.0,8.770868301391602,8.770868301391602,0.0,False
DiagReachK2,187,6,11,det_W2,0,6.0,4.91799259185791,0.8196654319763184,4.90815544128418,5.115382194519043,5.191915035247803,5.2487030029296875,0.0,0.0,0.0,1.0,1.0,8.863909721374512,8.863909721374512,0.0,False
DiagReachK2,187,6,11,det_W2,1,6.0,5.189171314239502,0.8648618857065836,5.198605537414551,5.330624580383301,5.377678394317627,5.444754123687744,0.0,0.0,0.0,1.0,1.0,8.863909721374512,8.863909721374512,0.0,False
DiagReachK2,187,12,12,sample_old,0,6.0,4.952830791473389,0.8254717985788981,4.291680812835693,9.360098838806152,10.353477478027344,12.442512512207031,0.3359375,0.1443865553786357,0.515625,0.328125,0.1953125,6.896021842956543,3.476746082305908,3.419276237487793,True
DiagReachK2,187,12,12,sample_old,1,6.0,4.575636863708496,0.762606143951416,4.404144287109375,7.834731101989746,8.326573371887207,8.735601425170898,0.3046875,0.07072582530478637,0.515625,0.328125,0.1953125,6.896021842956543,3.476746082305908,3.419276237487793,True
DiagReachK2,187,12,12,sample_KL,0,6.0,4.25974178314209,0.709956963857015,3.595311403274536,8.243026733398438,9.000920295715332,11.52370834350586,0.265625,0.09115928846100965,0.4609375,0.3046875,0.1953125,6.678977012634277,4.362490653991699,2.3164865970611572,True
DiagReachK2,187,12,12,sample_KL,1,6.0,4.416545867919922,0.7360909779866537,4.253697395324707,7.524575710296631,7.821468830108643,8.554951667785645,0.2734375,0.05702230210105578,0.4609375,0.3046875,0.1953125,6.678977012634277,4.362490653991699,2.3164865970611572,True
DiagReachK2,187,12,12,sample_W2,0,6.0,4.322503089904785,0.7204171816507975,3.670999050140381,8.313063621520996,9.054130554199219,11.574790000915527,0.265625,0.09423698857426643,0.46875,0.296875,0.1796875,6.74109411239624,4.290237903594971,2.4508562088012695,True
DiagReachK2,187,12,12,sample_W2,1,6.0,4.520852088928223,0.7534753481547037,4.375700950622559,7.6879119873046875,7.94389533996582,8.656886100769043,0.28125,0.06262030204137166,0.46875,0.296875,0.1796875,6.74109411239624,4.290237903594971,2.4508562088012695,True
DiagReachK2,187,12,12,sample_KL_mean,0,6.0,4.2653656005859375,0.7108942667643229,3.601902723312378,8.273385047912598,9.045022964477539,11.489059448242188,0.265625,0.091626583908995,0.4609375,0.3203125,0.203125,6.674529075622559,4.361495494842529,2.3130338191986084,True
DiagReachK2,187,12,12,sample_KL_mean,1,6.0,4.4159393310546875,0.7359898885091146,4.262695789337158,7.4832024574279785,7.834798812866211,8.544185638427734,0.2734375,0.05657146933178107,0.4609375,0.3203125,0.203125,6.674529075622559,4.361495494842529,2.3130338191986084,True
DiagReachK2,187,12,12,sample_KL_std,0,6.0,4.946938514709473,0.8244897524515787,4.295839786529541,9.392974853515625,10.340363502502441,12.449323654174805,0.3359375,0.14328685651222864,0.515625,0.3125,0.1796875,6.899080276489258,3.49408221244812,3.4049978256225586,True
DiagReachK2,187,12,12,sample_KL_std,1,6.0,4.5733747482299805,0.7622291247049967,4.390216827392578,7.862498760223389,8.304097175598145,8.775660514831543,0.3046875,0.07100255352755386,0.515625,0.3125,0.1796875,6.899080276489258,3.49408221244812,3.4049978256225586,True
DiagReachK2,187,12,12,sample_W2_mean,0,6.0,4.3319244384765625,0.7219874064127604,3.6808300018310547,8.365649223327637,9.133829116821289,11.595078468322754,0.2734375,0.09555160440504551,0.46875,0.3125,0.1953125,6.734540939331055,4.270038604736328,2.4645028114318848,True
DiagReachK2,187,12,12,sample_W2_mean,1,6.0,4.524879455566406,0.7541465759277344,4.398963928222656,7.646320343017578,7.958648204803467,8.634199142456055,0.28125,0.06214193316797415,0.46875,0.3125,0.1953125,6.734540939331055,4.270038604736328,2.4645028114318848,True
DiagReachK2,187,12,12,sample_W2_std,0,6.0,4.950029373168945,0.8250048955281576,4.300178050994873,9.379640579223633,10.319268226623535,12.427594184875488,0.3359375,0.14290011674165726,0.515625,0.3203125,0.1875,6.903280258178711,3.5086007118225098,3.394679307937622,True
DiagReachK2,187,12,12,sample_W2_std,1,6.0,4.569204330444336,0.761534055074056,4.382302284240723,7.853410720825195,8.303641319274902,8.773978233337402,0.3046875,0.07101459987461567,0.515625,0.3203125,0.1875,6.903280258178711,3.5086007118225098,3.394679307937622,True
DiagReachK2,187,12,12,det_old,0,6.0,5.477823257446289,0.9129705429077148,5.484299182891846,5.758928298950195,5.811776161193848,5.954885482788086,0.0078125,1.8512830138206482e-05,0.0078125,1.0,0.9921875,8.991554260253906,8.991460800170898,9.256415069103241e-05,True
DiagReachK2,187,12,12,det_old,1,6.0,5.3465752601623535,0.8910958766937256,5.351359844207764,5.498453140258789,5.565362453460693,5.652026176452637,0.0,0.0,0.0078125,1.0,0.9921875,8.991554260253906,8.991460800170898,9.256415069103241e-05,True
DiagReachK2,187,12,12,det_KL,0,6.0,3.950197696685791,0.6583662827809652,3.9403369426727295,4.169132232666016,4.233231544494629,4.333374500274658,0.0,0.0,0.0,1.0,1.0,8.587499618530273,8.587499618530273,0.0,False
DiagReachK2,187,12,12,det_KL,1,6.0,4.965152740478516,0.8275254567464193,4.9644317626953125,5.121791362762451,5.166528701782227,5.236100196838379,0.0,0.0,0.0,1.0,1.0,8.587499618530273,8.587499618530273,0.0,False
DiagReachK2,187,12,12,det_W2,0,6.0,4.090105056762695,0.6816841761271158,4.086318016052246,4.316082954406738,4.376017093658447,4.4783430099487305,0.0,0.0,0.0,1.0,1.0,8.739835739135742,8.739835739135742,0.0,False
DiagReachK2,187,12,12,det_W2,1,6.0,5.176747798919678,0.8627912998199463,5.1731343269348145,5.335582733154297,5.3801422119140625,5.450401306152344,0.0,0.0,0.0,1.0,1.0,8.739835739135742,8.739835739135742,0.0,False
DiagReachK2,187,18,13,sample_old,0,6.0,4.006824493408203,0.6678040822347006,4.0003228187561035,7.022123336791992,7.861764907836914,8.868889808654785,0.2265625,0.04641116224229336,0.328125,0.3203125,0.2265625,6.689327239990234,5.563885688781738,1.125441312789917,True
DiagReachK2,187,18,13,sample_old,1,6.0,4.252930641174316,0.7088217735290527,4.425044536590576,6.619603633880615,7.816812515258789,8.67166519165039,0.15625,0.03316001718242963,0.328125,0.3203125,0.2265625,6.689327239990234,5.563885688781738,1.125441312789917,True
DiagReachK2,187,18,13,sample_KL,0,6.0,3.971280574798584,0.661880095799764,3.953950881958008,6.670008182525635,7.536755084991455,8.678611755371094,0.2109375,0.03550972044467926,0.3125,0.3671875,0.28125,6.698524475097656,5.737577438354492,0.9609469771385193,True
DiagReachK2,187,18,13,sample_KL,1,6.0,4.230030059814453,0.7050050099690756,4.386683464050293,6.579475402832031,7.796624183654785,8.612979888916016,0.1484375,0.03341158293187618,0.3125,0.3671875,0.28125,6.698524475097656,5.737577438354492,0.9609469771385193,True
DiagReachK2,187,18,13,sample_W2,0,6.0,4.011386871337891,0.6685644785563151,3.992584705352783,6.7139153480529785,7.568805694580078,8.686062812805176,0.2109375,0.03659551031887531,0.328125,0.3671875,0.28125,6.724954605102539,5.750088214874268,0.9748666882514954,True
DiagReachK2,187,18,13,sample_W2,1,6.0,4.244302749633789,0.7073837916056315,4.397637844085693,6.585916996002197,7.80071496963501,8.615927696228027,0.1640625,0.03357426573832829,0.328125,0.3671875,0.28125,6.724954605102539,5.750088214874268,0.9748666882514954,True
DiagReachK2,187,18,13,sample_KL_mean,0,6.0,3.9798545837402344,0.6633090972900391,4.022046089172363,6.722524166107178,7.605926990509033,8.708640098571777,0.2109375,0.036723172292113304,0.3125,0.359375,0.2734375,6.711141586303711,5.744304656982422,0.9668368101119995,True
DiagReachK2,187,18,13,sample_KL_mean,1,6.0,4.247804164886475,0.7079673608144125,4.386981010437012,6.580465316772461,7.778014659881592,8.618005752563477,0.1484375,0.03261948935687542,0.3125,0.359375,0.2734375,6.711141586303711,5.744304656982422,0.9668368101119995,True
DiagReachK2,187,18,13,sample_KL_std,0,6.0,3.999342203140259,0.6665570338567098,3.953591823577881,6.998998641967773,7.798425674438477,8.82569408416748,0.2265625,0.045263923704624176,0.34375,0.328125,0.2421875,6.674994468688965,5.555501937866211,1.1194918155670166,True
DiagReachK2,187,18,13,sample_KL_std,1,6.0,4.229921340942383,0.7049868901570638,4.419181823730469,6.634153842926025,7.839725017547607,8.637877464294434,0.1640625,0.03400714385012786,0.34375,0.328125,0.2421875,6.674994468688965,5.555501937866211,1.1194918155670166,True
DiagReachK2,187,18,13,sample_W2_mean,0,6.0,4.018095970153809,0.6696826616923014,4.056276321411133,6.7673115730285645,7.643694877624512,8.71456527709961,0.2109375,0.03775136607388655,0.3203125,0.3671875,0.28125,6.735323905944824,5.754638671875,0.9806852340698242,True
DiagReachK2,187,18,13,sample_W2_mean,1,6.0,4.260159969329834,0.7100266615549723,4.396345615386963,6.58803653717041,7.782082557678223,8.617852210998535,0.15625,0.032776727030674614,0.3203125,0.3671875,0.28125,6.735323905944824,5.754638671875,0.9806852340698242,True
DiagReachK2,187,18,13,sample_W2_std,0,6.0,3.9992127418518066,0.6665354569753011,3.9519271850585938,6.9978179931640625,7.801201820373535,8.827099800109863,0.2265625,0.04525748081505298,0.34375,0.328125,0.2421875,6.677092552185059,5.558422565460205,1.118670105934143,True
DiagReachK2,187,18,13,sample_W2_std,1,6.0,4.2317962646484375,0.7052993774414062,4.42008113861084,6.629756450653076,7.838906288146973,8.629890441894531,0.1640625,0.03397598986824353,0.34375,0.328125,0.2421875,6.677092552185059,5.558422565460205,1.118670105934143,True
DiagReachK2,187,18,13,det_old,0,6.0,3.9249179363250732,0.6541529893875122,3.9330968856811523,4.108165740966797,4.152334213256836,4.2689738273620605,0.0,0.0,0.0,1.0,1.0,8.393189430236816,8.393189430236816,0.0,False
DiagReachK2,187,18,13,det_old,1,6.0,4.769638538360596,0.7949397563934326,4.759836196899414,4.873823165893555,4.92492151260376,4.982172012329102,0.0,0.0,0.0,1.0,1.0,8.393189430236816,8.393189430236816,0.0,False
DiagReachK2,187,18,13,det_KL,0,6.0,4.166073799133301,0.6943456331888834,4.171953201293945,4.318449974060059,4.344235897064209,4.446233749389648,0.0,0.0,0.0,1.0,1.0,8.525588989257812,8.525588989257812,0.0,False
DiagReachK2,187,18,13,det_KL,1,6.0,4.819586753845215,0.8032644589742025,4.812381744384766,4.9260029792785645,4.978239059448242,5.024203300476074,0.0,0.0,0.0,1.0,1.0,8.525588989257812,8.525588989257812,0.0,False
DiagReachK2,187,18,13,det_W2,0,6.0,4.241924285888672,0.7069873809814453,4.248531818389893,4.392996311187744,4.419284820556641,4.519702911376953,0.0,0.0,0.0,1.0,1.0,8.553239822387695,8.553239822387695,0.0,False
DiagReachK2,187,18,13,det_W2,1,6.0,4.839560508728027,0.8065934181213379,4.831916332244873,4.945521831512451,4.997869968414307,5.043094158172607,0.0,0.0,0.0,1.0,1.0,8.553239822387695,8.553239822387695,0.0,False
DiagReachK2,187,24,14,sample_old,0,6.0,4.854753494262695,0.8091255823771158,4.6260986328125,7.69917106628418,9.364633560180664,10.633795738220215,0.2734375,0.08205528060595195,0.4140625,0.4609375,0.265625,7.307620048522949,5.306812763214111,2.000807046890259,True
DiagReachK2,187,24,14,sample_old,1,6.0,4.758753299713135,0.7931255499521891,4.967930793762207,7.505561828613281,8.321113586425781,9.456933975219727,0.265625,0.05941572909553845,0.4140625,0.4609375,0.265625,7.307620048522949,5.306812763214111,2.000807046890259,True
DiagReachK2,187,24,14,sample_KL,0,6.0,4.364139556884766,0.7273565928141276,4.063535213470459,7.042376518249512,8.632854461669922,9.878804206848145,0.234375,0.05386864890654881,0.3828125,0.421875,0.234375,7.039727210998535,5.655925750732422,1.3838019371032715,True
DiagReachK2,187,24,14,sample_KL,1,6.0,4.45100212097168,0.7418336868286133,4.443185806274414,7.180495262145996,8.047895431518555,9.293787002563477,0.2421875,0.046789923682808876,0.3828125,0.421875,0.234375,7.039727210998535,5.655925750732422,1.3838019371032715,True
DiagReachK2,187,24,14,sample_W2,0,6.0,4.448763847351074,0.7414606412251791,4.166314601898193,7.1485981941223145,8.760644912719727,9.980729103088379,0.2421875,0.058982752884427704,0.390625,0.4296875,0.2265625,7.083273887634277,5.607717514038086,1.4755568504333496,True
DiagReachK2,187,24,14,sample_W2,1,6.0,4.506135940551758,0.7510226567586263,4.525187015533447,7.212673187255859,8.048849105834961,9.328493118286133,0.25,0.04860907296339671,0.390625,0.4296875,0.2265625,7.083273887634277,5.607717514038086,1.4755568504333496,True
DiagReachK2,187,24,14,sample_KL_mean,0,6.0,4.3520612716674805,0.7253435452779134,4.088113784790039,6.921028137207031,8.550620079040527,9.784880638122559,0.234375,0.05143652483820915,0.3828125,0.4296875,0.2421875,7.03812313079834,5.658396244049072,1.379726767539978,True
DiagReachK2,187,24,14,sample_KL_mean,1,6.0,4.446645736694336,0.7411076227823893,4.474825859069824,7.223995208740234,8.09483528137207,9.281874656677246,0.25,0.04804304614663124,0.3828125,0.4296875,0.2421875,7.03812313079834,5.658396244049072,1.379726767539978,True
DiagReachK2,187,24,14,sample_KL_std,0,6.0,4.8578386306762695,0.8096397717793783,4.59863805770874,7.7436676025390625,9.434714317321777,10.745665550231934,0.2734375,0.0838833333303531,0.4140625,0.453125,0.2578125,7.307807922363281,5.298088073730469,2.0097203254699707,True
DiagReachK2,187,24,14,sample_KL_std,1,6.0,4.774125099182129,0.7956875165303549,4.95143461227417,7.4453325271606445,8.2774658203125,9.424501419067383,0.2734375,0.058705323065320655,0.4140625,0.453125,0.2578125,7.307807922363281,5.298088073730469,2.0097203254699707,True
DiagReachK2,187,24,14,sample_W2_mean,0,6.0,4.443720817565918,0.7406201362609863,4.186911582946777,7.03187370300293,8.669837951660156,9.893823623657227,0.2421875,0.05647114912668864,0.390625,0.4375,0.234375,7.094122886657715,5.608025550842285,1.4860968589782715,True
DiagReachK2,187,24,14,sample_W2_mean,1,6.0,4.514291763305664,0.752381960550944,4.532167434692383,7.279159069061279,8.124983787536621,9.335814476013184,0.25,0.05088782124221325,0.390625,0.4375,0.234375,7.094122886657715,5.608025550842285,1.4860968589782715,True
DiagReachK2,187,24,14,sample_W2_std,0,6.0,4.849388122558594,0.8082313537597656,4.595088958740234,7.741287708282471,9.440447807312012,10.7383451461792,0.2734375,0.08400706015527248,0.4140625,0.4609375,0.2578125,7.294994354248047,5.306390285491943,1.988603949546814,True
DiagReachK2,187,24,14,sample_W2_std,1,6.0,4.7588300704956055,0.793138345082601,4.949991703033447,7.399295806884766,8.241771697998047,9.390812873840332,0.265625,0.05753766000270843,0.4140625,0.4609375,0.2578125,7.294994354248047,5.306390285491943,1.988603949546814,True
DiagReachK2,187,24,14,det_old,0,6.0,5.3300089836120605,0.8883348306020101,5.3286943435668945,5.490020275115967,5.51390266418457,5.5633392333984375,0.0,0.0,0.0,1.0,1.0,9.088544845581055,9.088544845581055,0.0,False
DiagReachK2,187,24,14,det_old,1,6.0,5.411570072174072,0.9019283453623453,5.417360782623291,5.503413200378418,5.523510932922363,5.541451454162598,0.0,0.0,0.0,1.0,1.0,9.088544845581055,9.088544845581055,0.0,False
DiagReachK2,187,24,14,det_KL,0,6.0,4.453250885009766,0.7422084808349609,4.451428413391113,4.581096649169922,4.603677749633789,4.633650302886963,0.0,0.0,0.0,1.0,1.0,8.7577543258667,8.7577543258667,0.0,False
DiagReachK2,187,24,14,det_KL,1,6.0,4.846316814422607,0.8077194690704346,4.846815586090088,4.940743923187256,4.9622931480407715,4.989045143127441,0.0,0.0,0.0,1.0,1.0,8.7577543258667,8.7577543258667,0.0,False
DiagReachK2,187,24,14,det_W2,0,6.0,4.631747722625732,0.7719579537709554,4.630899429321289,4.763700008392334,4.789113998413086,4.8232879638671875,0.0,0.0,0.0,1.0,1.0,8.868258476257324,8.868258476257324,0.0,False
DiagReachK2,187,24,14,det_W2,1,6.0,4.957487106323242,0.8262478510538737,4.958832263946533,5.052797794342041,5.072212219238281,5.0992560386657715,0.0,0.0,0.0,1.0,1.0,8.868258476257324,8.868258476257324,0.0,False
DiagReachK3,180,0,15,sample_old,0,7.0,1.3862870931625366,0.1980410133089338,0.7290756106376648,4.211702823638916,4.89096212387085,5.659836769104004,0.0,0.0,0.03125,0.0546875,0.0546875,3.3963027000427246,3.2478690147399902,0.14843355119228363,True
DiagReachK3,180,0,15,sample_old,1,6.5,1.8330415487289429,0.28200639211214507,1.323922038078308,4.123827934265137,5.10490083694458,8.490602493286133,0.03125,0.009740235140690437,0.03125,0.0546875,0.0546875,3.3963027000427246,3.2478690147399902,0.14843355119228363,True
DiagReachK3,180,0,15,sample_old,2,12.5,2.0029826164245605,0.16023860931396483,1.0381178855895996,5.320151329040527,6.494076251983643,7.655112266540527,0.0,0.0,0.03125,0.0546875,0.0546875,3.3963027000427246,3.2478690147399902,0.14843355119228363,True
DiagReachK3,180,0,15,sample_KL,0,7.0,1.9096025228500366,0.2728003604071481,1.4291479587554932,4.902190208435059,5.422007083892822,6.240303039550781,0.0,0.0,0.046875,0.1015625,0.09375,4.355048656463623,4.1425604820251465,0.21248823404312134,True
DiagReachK3,180,0,15,sample_KL,1,6.5,2.4770419597625732,0.3810833784250113,2.081033229827881,5.0674214363098145,6.046009063720703,9.167533874511719,0.046875,0.0130466205569414,0.046875,0.1015625,0.09375,4.355048656463623,4.1425604820251465,0.21248823404312134,True
DiagReachK3,180,0,15,sample_KL,2,12.5,3.105736017227173,0.24845888137817382,2.3878140449523926,6.773806571960449,8.065828323364258,9.07274341583252,0.0,0.0,0.046875,0.1015625,0.09375,4.355048656463623,4.1425604820251465,0.21248823404312134,True
DiagReachK3,180,0,15,sample_W2,0,7.0,1.9195713996887207,0.2742244856698172,1.4279260635375977,4.938329696655273,5.452021598815918,6.279191970825195,0.0,0.0,0.046875,0.1015625,0.09375,4.356788158416748,4.144660949707031,0.2121269702911377,True
DiagReachK3,180,0,15,sample_W2,1,6.5,2.478334426879883,0.381282219519982,2.0801138877868652,5.065595626831055,6.043480396270752,9.160238265991211,0.046875,0.013035989151551174,0.046875,0.1015625,0.09375,4.356788158416748,4.144660949707031,0.2121269702911377,True
DiagReachK3,180,0,15,sample_W2,2,12.5,3.1199448108673096,0.24959558486938477,2.367866039276123,6.779427528381348,8.117491722106934,9.107978820800781,0.0,0.0,0.046875,0.1015625,0.09375,4.356788158416748,4.144660949707031,0.2121269702911377,True
DiagReachK3,180,0,15,sample_KL_mean,0,7.0,1.9044241905212402,0.27206059864589144,1.429389476776123,4.8705315589904785,5.3760504722595215,6.300538063049316,0.0,0.0,0.046875,0.1015625,0.09375,4.355535507202148,4.139199256896973,0.2163369059562683,True
DiagReachK3,180,0,15,sample_KL_mean,1,6.5,2.47573184967041,0.3808818230262169,2.0724902153015137,5.063358783721924,6.053472518920898,9.221492767333984,0.046875,0.013235466411480538,0.046875,0.1015625,0.09375,4.355535507202148,4.139199256896973,0.2163369059562683,True
DiagReachK3,180,0,15,sample_KL_mean,2,12.5,3.0995097160339355,0.24796077728271484,2.4382224082946777,6.829534530639648,8.028721809387207,9.108392715454102,0.0,0.0,0.046875,0.1015625,0.09375,4.355535507202148,4.139199256896973,0.2163369059562683,True
DiagReachK3,180,0,15,sample_KL_std,0,7.0,1.394338607788086,0.1991912296840123,0.7404136657714844,4.253623962402344,4.913668632507324,5.590676307678223,0.0,0.0,0.03125,0.0546875,0.0546875,3.4024133682250977,3.2582831382751465,0.1441303789615631,True
DiagReachK3,180,0,15,sample_KL_std,1,6.5,1.8355343341827393,0.2823898975665753,1.3263607025146484,4.120726108551025,5.099499702453613,8.413101196289062,0.03125,0.00949452301630607,0.03125,0.0546875,0.0546875,3.4024133682250977,3.2582831382751465,0.1441303789615631,True
DiagReachK3,180,0,15,sample_KL_std,2,12.5,2.01483416557312,0.16118673324584962,1.0718638896942139,5.312044143676758,6.553369045257568,7.591769695281982,0.0,0.0,0.03125,0.0546875,0.0546875,3.4024133682250977,3.2582831382751465,0.1441303789615631,True
DiagReachK3,180,0,15,sample_W2_mean,0,7.0,1.914088249206543,0.2734411784580776,1.4317620992660522,4.905656814575195,5.404411315917969,6.338071823120117,0.0,0.0,0.046875,0.1015625,0.09375,4.356897830963135,4.140305519104004,0.21659234166145325,True
DiagReachK3,180,0,15,sample_W2_mean,1,6.5,2.4777989387512207,0.38119983673095703,2.0759689807891846,5.062920093536377,6.0548415184021,9.2208890914917,0.046875,0.01325383323889512,0.046875,0.1015625,0.09375,4.356897830963135,4.140305519104004,0.21659234166145325,True
DiagReachK3,180,0,15,sample_W2_mean,2,12.5,3.1138339042663574,0.2491067123413086,2.4526078701019287,6.844991683959961,8.082465171813965,9.131945610046387,0.0,0.0,0.046875,0.1015625,0.09375,4.356897830963135,4.140305519104004,0.21659234166145325,True
DiagReachK3,180,0,15,sample_W2_std,0,7.0,1.3940839767456055,0.19915485382080078,0.739209771156311,4.253194808959961,4.913415908813477,5.591469764709473,0.0,0.0,0.03125,0.0546875,0.0546875,3.4019627571105957,3.2583508491516113,0.14361213147640228,True
DiagReachK3,180,0,15,sample_W2_std,1,6.5,1.8341898918151855,0.2821830602792593,1.3281805515289307,4.11575984954834,5.094168186187744,8.405296325683594,0.03125,0.009468525648117065,0.03125,0.0546875,0.0546875,3.4019627571105957,3.2583508491516113,0.14361213147640228,True
DiagReachK3,180,0,15,sample_W2_std,2,12.5,2.0139245986938477,0.1611139678955078,1.0730602741241455,5.314249515533447,6.552256107330322,7.5830278396606445,0.0,0.0,0.03125,0.0546875,0.0546875,3.4019627571105957,3.2583508491516113,0.14361213147640228,True
DiagReachK3,180,0,15,det_old,0,7.0,0.0,0.0,0.0,0.0,0.0,0.0,0.0,0.0,0.0,0.0,0.0,2.485260248184204,2.485260248184204,0.0,False
DiagReachK3,180,0,15,det_old,1,6.5,0.38187992572784424,0.05875075780428373,0.37294918298721313,0.5198032259941101,0.5638498663902283,0.6309345960617065,0.0,0.0,0.0,0.0,0.0,2.485260248184204,2.485260248184204,0.0,False
DiagReachK3,180,0,15,det_old,2,12.5,0.003198188729584217,0.00025585509836673737,0.0,0.010910212993621826,0.026196300983428955,0.049883998930454254,0.0,0.0,0.0,0.0,0.0,2.485260248184204,2.485260248184204,0.0,False
DiagReachK3,180,0,15,det_KL,0,7.0,0.6272941827774048,0.0896134546824864,0.6235063076019287,0.7979016304016113,0.8282343149185181,0.9185805320739746,0.0,0.0,0.0,0.0,0.0,4.8616180419921875,4.8616180419921875,0.0,False
DiagReachK3,180,0,15,det_KL,1,6.5,1.8331525325775146,0.28202346655038685,1.8320496082305908,2.0809619426727295,2.097053050994873,2.2138640880584717,0.0,0.0,0.0,0.0,0.0,4.8616180419921875,4.8616180419921875,0.0,False
DiagReachK3,180,0,15,det_KL,2,12.5,1.712888240814209,0.13703105926513673,1.6979349851608276,2.033308506011963,2.0878889560699463,2.251710891723633,0.0,0.0,0.0,0.0,0.0,4.8616180419921875,4.8616180419921875,0.0,False
DiagReachK3,180,0,15,det_W2,0,7.0,0.6334248781204224,0.09048926830291748,0.6292065382003784,0.8075034618377686,0.8375699520111084,0.9309031963348389,0.0,0.0,0.0,0.0,0.0,4.865766525268555,4.865766525268555,0.0,False
DiagReachK3,180,0,15,det_W2,1,6.5,1.8309359550476074,0.28168245462270886,1.8312349319458008,2.079970359802246,2.0970709323883057,2.214548349380493,0.0,0.0,0.0,0.0,0.0,4.865766525268555,4.865766525268555,0.0,False
DiagReachK3,180,0,15,det_W2,2,12.5,1.7174906730651855,0.13739925384521484,1.7026618719100952,2.0424458980560303,2.0975308418273926,2.2670845985412598,0.0,0.0,0.0,0.0,0.0,4.865766525268555,4.865766525268555,0.0,False
DiagReachK3,180,6,16,sample_old,0,7.0,6.019874572753906,0.8599820818219867,5.791751861572266,8.90061092376709,9.653587341308594,11.239704132080078,0.3046875,0.07418175893170494,0.40625,0.4140625,0.28125,7.397712707519531,5.794752597808838,1.6029603481292725,True
DiagReachK3,180,6,16,sample_old,1,6.5,4.472749710083008,0.6881153400127704,4.447399139404297,7.352011680603027,8.011558532714844,8.736431121826172,0.1796875,0.030881946476606224,0.40625,0.4140625,0.28125,7.397712707519531,5.794752597808838,1.6029603481292725,True
DiagReachK3,180,6,16,sample_old,2,12.5,9.311666488647461,0.7449333190917968,9.24807357788086,13.556961059570312,14.997604370117188,16.53188705444336,0.1953125,0.025387725830078124,0.40625,0.4140625,0.28125,7.397712707519531,5.794752597808838,1.6029603481292725,True
DiagReachK3,180,6,16,sample_KL,0,7.0,5.94226598739624,0.8488951410566058,5.684678554534912,8.613618850708008,9.109173774719238,10.731720924377441,0.296875,0.05673325487545558,0.3984375,0.4921875,0.3359375,7.545707702636719,6.358550071716309,1.187158226966858,True
DiagReachK3,180,6,16,sample_KL,1,6.5,4.668103218078613,0.7181697258582482,4.751623153686523,7.251832485198975,7.9147467613220215,8.569097518920898,0.1796875,0.02777138467018421,0.3984375,0.4921875,0.3359375,7.545707702636719,6.358550071716309,1.187158226966858,True
DiagReachK3,180,6,16,sample_KL,2,12.5,9.454068183898926,0.756325454711914,9.277626037597656,13.251477241516113,14.429875373840332,16.089326858520508,0.171875,0.01996229350566864,0.3984375,0.4921875,0.3359375,7.545707702636719,6.358550071716309,1.187158226966858,True
DiagReachK3,180,6,16,sample_W2,0,7.0,5.897413730621338,0.8424876758030483,5.6491875648498535,8.554865837097168,9.02070426940918,10.674785614013672,0.296875,0.05421564195837293,0.3828125,0.5,0.3515625,7.501324653625488,6.440057277679443,1.0612674951553345,True
DiagReachK3,180,6,16,sample_W2,1,6.5,4.532073974609375,0.6972421499399039,4.552486419677734,7.1106343269348145,7.756063938140869,8.40623664855957,0.1640625,0.023845898990447707,0.3828125,0.5,0.3515625,7.501324653625488,6.440057277679443,1.0612674951553345,True
DiagReachK3,180,6,16,sample_W2,2,12.5,9.266411781311035,0.7413129425048828,9.115204811096191,13.05712604522705,14.181370735168457,15.853907585144043,0.1640625,0.01699158489704132,0.3828125,0.5,0.3515625,7.501324653625488,6.440057277679443,1.0612674951553345,True
DiagReachK3,180,6,16,sample_KL_mean,0,7.0,5.919479846954346,0.8456399781363351,5.638020992279053,8.576711654663086,9.09666919708252,10.791329383850098,0.296875,0.057233742837394984,0.3984375,0.484375,0.328125,7.501184463500977,6.264591217041016,1.2365933656692505,True
DiagReachK3,180,6,16,sample_KL_mean,1,6.5,4.654610633850098,0.7160939436692458,4.74924373626709,7.28177547454834,7.957406520843506,8.679872512817383,0.1796875,0.029284145969610945,0.3984375,0.484375,0.328125,7.501184463500977,6.264591217041016,1.2365933656692505,True
DiagReachK3,180,6,16,sample_KL_mean,2,12.5,9.4078369140625,0.752626953125,9.296083450317383,13.252086639404297,14.528158187866211,16.155454635620117,0.171875,0.020629903078079215,0.3984375,0.484375,0.328125,7.501184463500977,6.264591217041016,1.2365933656692505,True
DiagReachK3,180,6,16,sample_KL_std,0,7.0,6.044715881347656,0.8635308401925224,5.784756660461426,8.902828216552734,9.630441665649414,11.178189277648926,0.3046875,0.0736509816987174,0.40625,0.4375,0.296875,7.443516731262207,5.887773513793945,1.5557429790496826,True
DiagReachK3,180,6,16,sample_KL_std,1,6.5,4.480276584625244,0.689273320711576,4.463893890380859,7.319599151611328,7.965573787689209,8.676502227783203,0.1796875,0.02943793340371205,0.40625,0.4375,0.296875,7.443516731262207,5.887773513793945,1.5557429790496826,True
DiagReachK3,180,6,16,sample_KL_std,2,12.5,9.353678703308105,0.7482942962646484,9.271841049194336,13.568724632263184,14.89748477935791,16.429418563842773,0.1953125,0.02463389039039611,0.40625,0.4375,0.296875,7.443516731262207,5.887773513793945,1.5557429790496826,True
DiagReachK3,180,6,16,sample_W2_mean,0,7.0,5.860700607299805,0.8372429438999721,5.5798845291137695,8.529016494750977,9.028435707092285,10.775810241699219,0.2890625,0.055260791842426576,0.390625,0.4921875,0.3359375,7.439698696136475,6.30760383605957,1.1320955753326416,True
DiagReachK3,180,6,16,sample_W2_mean,1,6.5,4.51995849609375,0.6953782301682693,4.552896022796631,7.156610488891602,7.8192033767700195,8.54217529296875,0.171875,0.025708044950778663,0.390625,0.4921875,0.3359375,7.439698696136475,6.30760383605957,1.1320955753326416,True
DiagReachK3,180,6,16,sample_W2_mean,2,12.5,9.204355239868164,0.7363484191894532,9.109753608703613,13.04964542388916,14.349504470825195,15.964534759521484,0.1640625,0.01800105333328247,0.390625,0.4921875,0.3359375,7.439698696136475,6.30760383605957,1.1320955753326416,True
DiagReachK3,180,6,16,sample_W2_std,0,7.0,6.063558578491211,0.866222654070173,5.799161911010742,8.888540267944336,9.607192039489746,11.155712127685547,0.3046875,0.07336264422961644,0.40625,0.4375,0.296875,7.463973045349121,5.9256134033203125,1.5383602380752563,True
DiagReachK3,180,6,16,sample_W2_std,1,6.5,4.483866214752197,0.6898255715003381,4.461565017700195,7.3115434646606445,7.960461616516113,8.665977478027344,0.1796875,0.029156404619033512,0.40625,0.4375,0.296875,7.463973045349121,5.9256134033203125,1.5383602380752563,True
DiagReachK3,180,6,16,sample_W2_std,2,12.5,9.380011558532715,0.7504009246826172,9.300431251525879,13.5590181350708,14.861991882324219,16.417034149169922,0.1953125,0.024432456493377684,0.40625,0.4375,0.296875,7.463973045349121,5.9256134033203125,1.5383602380752563,True
DiagReachK3,180,6,16,det_old,0,7.0,6.661862373352051,0.9516946247645787,6.6662187576293945,6.847284317016602,6.886868476867676,6.981464385986328,0.0,0.0,0.0,1.0,1.0,8.96359634399414,8.96359634399414,0.0,False
DiagReachK3,180,6,16,det_old,1,6.5,4.571403503417969,0.7032928466796875,4.561765670776367,4.725976943969727,4.749080181121826,4.808412551879883,0.0,0.0,0.0,1.0,1.0,8.96359634399414,8.96359634399414,0.0,False
DiagReachK3,180,6,16,det_old,2,12.5,10.233177185058594,0.8186541748046875,10.24366569519043,10.461250305175781,10.53152847290039,10.647750854492188,0.0,0.0,0.0,1.0,1.0,8.96359634399414,8.96359634399414,0.0,False
DiagReachK3,180,6,16,det_KL,0,7.0,6.505611419677734,0.929373059953962,6.504011154174805,6.655411720275879,6.690889358520508,6.771541118621826,0.0,0.0,0.0,1.0,1.0,8.949856758117676,8.949856758117676,0.0,False
DiagReachK3,180,6,16,det_KL,1,6.5,5.032781600952148,0.7742740924541767,5.021977424621582,5.167103290557861,5.189815521240234,5.23759126663208,0.0,0.0,0.0,1.0,1.0,8.949856758117676,8.949856758117676,0.0,False
DiagReachK3,180,6,16,det_KL,2,12.5,10.538982391357422,0.8431185913085938,10.542522430419922,10.737789154052734,10.799882888793945,10.903685569763184,0.0,0.0,0.0,1.0,1.0,8.949856758117676,8.949856758117676,0.0,False
DiagReachK3,180,6,16,det_W2,0,7.0,6.4043426513671875,0.9149060930524554,6.403835296630859,6.553706169128418,6.592713832855225,6.672696590423584,0.0,0.0,0.0,1.0,1.0,8.874488830566406,8.874488830566406,0.0,False
DiagReachK3,180,6,16,det_W2,1,6.5,4.805545806884766,0.7393147395207331,4.792919158935547,4.944402694702148,4.960634708404541,5.012455463409424,0.0,0.0,0.0,1.0,1.0,8.874488830566406,8.874488830566406,0.0,False
DiagReachK3,180,6,16,det_W2,2,12.5,10.211997032165527,0.8169597625732422,10.210089683532715,10.406482696533203,10.472182273864746,10.57802677154541,0.0,0.0,0.0,1.0,1.0,8.874488830566406,8.874488830566406,0.0,False
DiagReachK3,180,12,17,sample_old,0,7.0,5.712584495544434,0.8160834993634906,5.837409496307373,8.01504898071289,8.969328880310059,10.251626014709473,0.296875,0.046050164848566055,0.3671875,0.3828125,0.2109375,7.09584903717041,6.007843494415283,1.0880053043365479,True
DiagReachK3,180,12,17,sample_old,1,6.5,4.072343349456787,0.6265143614548904,3.915120840072632,7.050545692443848,7.690496444702148,8.829034805297852,0.171875,0.025992504679239713,0.3671875,0.3828125,0.2109375,7.09584903717041,6.007843494415283,1.0880053043365479,True
DiagReachK3,180,12,17,sample_old,2,12.5,8.576604843139648,0.6861283874511719,8.33700180053711,13.486577033996582,14.371658325195312,15.999895095825195,0.1640625,0.022921233773231506,0.3671875,0.3828125,0.2109375,7.09584903717041,6.007843494415283,1.0880053043365479,True
DiagReachK3,180,12,17,sample_KL,0,7.0,5.281250953674316,0.7544644219534737,5.462214469909668,7.207406520843506,8.147478103637695,9.141777038574219,0.15625,0.020226857491901944,0.2734375,0.359375,0.265625,7.122988700866699,6.352670669555664,0.7703181505203247,True
DiagReachK3,180,12,17,sample_KL,1,6.5,4.349154472351074,0.6691006880540115,4.240486145019531,7.259537696838379,7.843790054321289,8.871705055236816,0.1875,0.0316433201615627,0.2734375,0.359375,0.265625,7.122988700866699,6.352670669555664,0.7703181505203247,True
DiagReachK3,180,12,17,sample_KL,2,12.5,8.411981582641602,0.6729585266113282,8.231704711914062,13.002124786376953,14.143881797790527,15.200992584228516,0.1328125,0.015453681945800782,0.2734375,0.359375,0.265625,7.122988700866699,6.352670669555664,0.7703181505203247,True
DiagReachK3,180,12,17,sample_W2,0,7.0,5.2619123458862305,0.7517017636980329,5.434273719787598,7.192538738250732,8.098554611206055,9.103055953979492,0.1484375,0.01965182114924703,0.2734375,0.3515625,0.2578125,7.111390113830566,6.382504463195801,0.7288854718208313,True
DiagReachK3,180,12,17,sample_W2,1,6.5,4.3133544921875,0.6635929987980769,4.213295936584473,7.201059341430664,7.774997711181641,8.788749694824219,0.1875,0.030111825236907374,0.2734375,0.3515625,0.2578125,7.111390113830566,6.382504463195801,0.7288854718208313,True
DiagReachK3,180,12,17,sample_W2,2,12.5,8.358778953552246,0.6687023162841796,8.168034553527832,12.940767288208008,14.038532257080078,15.200788497924805,0.125,0.01451741099357605,0.2734375,0.3515625,0.2578125,7.111390113830566,6.382504463195801,0.7288854718208313,True
DiagReachK3,180,12,17,sample_KL_mean,0,7.0,5.280442237854004,0.7543488911220005,5.4583353996276855,7.233421325683594,8.180651664733887,9.168779373168945,0.15625,0.020611121718372614,0.2734375,0.359375,0.265625,7.100399971008301,6.299068450927734,0.8013315796852112,True
DiagReachK3,180,12,17,sample_KL_mean,1,6.5,4.3416595458984375,0.6679476224459134,4.203968048095703,7.309627532958984,7.866864204406738,9.00574779510498,0.1875,0.03277505876926275,0.2734375,0.359375,0.265625,7.100399971008301,6.299068450927734,0.8013315796852112,True
DiagReachK3,180,12,17,sample_KL_mean,2,12.5,8.397903442382812,0.671832275390625,8.236278533935547,13.003952026367188,14.18894100189209,15.24228572845459,0.125,0.016022008061409,0.2734375,0.359375,0.265625,7.100399971008301,6.299068450927734,0.8013315796852112,True
DiagReachK3,180,12,17,sample_KL_std,0,7.0,5.717696189880371,0.8168137414114816,5.8358259201049805,7.993927955627441,8.966042518615723,10.230034828186035,0.296875,0.04574370437434741,0.3671875,0.390625,0.203125,7.116668701171875,6.059802055358887,1.0568666458129883,True
DiagReachK3,180,12,17,sample_KL_std,1,6.5,4.079152584075928,0.6275619360116812,3.9414684772491455,6.994518756866455,7.662266731262207,8.706185340881348,0.171875,0.024803771995581113,0.3671875,0.390625,0.203125,7.116668701171875,6.059802055358887,1.0568666458129883,True
DiagReachK3,180,12,17,sample_KL_std,2,12.5,8.594118118286133,0.6875294494628906,8.337493896484375,13.54530143737793,14.31423282623291,15.892932891845703,0.1640625,0.022469215393066403,0.3671875,0.390625,0.203125,7.116668701171875,6.059802055358887,1.0568666458129883,True
DiagReachK3,180,12,17,sample_W2_mean,0,7.0,5.257893085479736,0.7511275836399623,5.4304938316345215,7.206995487213135,8.143170356750488,9.132969856262207,0.15625,0.019983359213386263,0.2734375,0.359375,0.265625,7.075873851776123,6.305313587188721,0.7705602645874023,True
DiagReachK3,180,12,17,sample_W2_mean,1,6.5,4.299029350280762,0.6613891308124249,4.1532135009765625,7.27564811706543,7.821603775024414,8.961515426635742,0.1875,0.03177627806480114,0.2734375,0.359375,0.265625,7.075873851776123,6.305313587188721,0.7705602645874023,True
DiagReachK3,180,12,17,sample_W2_mean,2,12.5,8.331684112548828,0.6665347290039062,8.156609535217285,12.915616989135742,14.103839874267578,15.199248313903809,0.125,0.01531223237514496,0.2734375,0.359375,0.265625,7.075873851776123,6.305313587188721,0.7705602645874023,True
DiagReachK3,180,12,17,sample_W2_std,0,7.0,5.723067283630371,0.8175810405186245,5.851489067077637,7.991688251495361,8.960487365722656,10.229764938354492,0.296875,0.04583240460072245,0.3671875,0.3984375,0.2109375,7.12908935546875,6.083135604858398,1.0459542274475098,True
DiagReachK3,180,12,17,sample_W2_std,1,6.5,4.083217620849609,0.6281873262845553,3.9515390396118164,6.979944229125977,7.634626388549805,8.664473533630371,0.171875,0.024169339583470277,0.3671875,0.3984375,0.2109375,7.12908935546875,6.083135604858398,1.0459542274475098,True
DiagReachK3,180,12,17,sample_W2_std,2,12.5,8.606517791748047,0.6885214233398438,8.365333557128906,13.53546142578125,14.28842544555664,15.848647117614746,0.1640625,0.022236066460609435,0.3671875,0.3984375,0.2109375,7.12908935546875,6.083135604858398,1.0459542274475098,True
DiagReachK3,180,12,17,det_old,0,7.0,6.101126670837402,0.8715895244053432,6.102682113647461,6.2479729652404785,6.3199462890625,6.335064888000488,0.0,0.0,0.0,1.0,1.0,9.01909065246582,9.01909065246582,0.0,False
DiagReachK3,180,12,17,det_old,1,6.5,4.818778038024902,0.7413504673884466,4.812236785888672,4.981331825256348,5.002888202667236,5.072719097137451,0.0,0.0,0.0,1.0,1.0,9.01909065246582,9.01909065246582,0.0,False
DiagReachK3,180,12,17,det_old,2,12.5,9.939044952392578,0.7951235961914063,9.924333572387695,10.150327682495117,10.206645965576172,10.300103187561035,0.0,0.0,0.0,1.0,1.0,9.01909065246582,9.01909065246582,0.0,False
DiagReachK3,180,12,17,det_KL,0,7.0,5.333017349243164,0.761859621320452,5.332871913909912,5.450860977172852,5.473889350891113,5.5031023025512695,0.0,0.0,0.0,1.0,1.0,8.93136978149414,8.93136978149414,0.0,False
DiagReachK3,180,12,17,det_KL,1,6.5,5.310178279876709,0.8169505045964167,5.310392379760742,5.464247226715088,5.4886579513549805,5.550068378448486,0.0,0.0,0.0,1.0,1.0,8.93136978149414,8.93136978149414,0.0,False
DiagReachK3,180,12,17,det_KL,2,12.5,9.64474105834961,0.7715792846679688,9.641907691955566,9.84311294555664,9.895435333251953,9.956113815307617,0.0,0.0,0.0,1.0,1.0,8.93136978149414,8.93136978149414,0.0,False
DiagReachK3,180,12,17,det_W2,0,7.0,5.292995929718018,0.7561422756740025,5.2935709953308105,5.409481048583984,5.432374477386475,5.462676048278809,0.0,0.0,0.0,1.0,1.0,8.8984956741333,8.8984956741333,0.0,False
DiagReachK3,180,12,17,det_W2,1,6.5,5.2414116859436035,0.8063710286067083,5.2426676750183105,5.396749019622803,5.419956207275391,5.482359409332275,0.0,0.0,0.0,1.0,1.0,8.8984956741333,8.8984956741333,0.0,False
DiagReachK3,180,12,17,det_W2,2,12.5,9.539491653442383,0.7631593322753907,9.532573699951172,9.73599624633789,9.7857027053833,9.847384452819824,0.0,0.0,0.0,1.0,1.0,8.8984956741333,8.8984956741333,0.0,False
DiagReachK3,180,18,18,sample_old,0,7.0,5.509674072265625,0.7870962960379464,5.506457805633545,8.097886085510254,8.65445327758789,10.460953712463379,0.1875,0.03569516379918371,0.2578125,0.65625,0.5078125,7.470652103424072,6.574761867523193,0.8958903551101685,True
DiagReachK3,180,18,18,sample_old,1,6.5,4.372503280639648,0.6726928124060998,4.362529754638672,6.540615081787109,7.429316520690918,8.736082077026367,0.1171875,0.01804762562880149,0.2578125,0.65625,0.5078125,7.470652103424072,6.574761867523193,0.8958903551101685,True
DiagReachK3,180,18,18,sample_old,2,12.5,8.710479736328125,0.69683837890625,8.780826568603516,12.646790504455566,13.763611793518066,15.276509284973145,0.1171875,0.01310500919818878,0.2578125,0.65625,0.5078125,7.470652103424072,6.574761867523193,0.8958903551101685,True
DiagReachK3,180,18,18,sample_KL,0,7.0,5.385589599609375,0.7693699428013393,5.41700553894043,7.509098052978516,8.062419891357422,9.668898582458496,0.1640625,0.02223480333174978,0.2265625,0.6484375,0.53125,7.405880928039551,6.899510860443115,0.5063696503639221,True
DiagReachK3,180,18,18,sample_KL,1,6.5,4.222222328186035,0.6495726658747747,4.336808204650879,6.345821857452393,7.280149936676025,8.140085220336914,0.078125,0.011912393455321971,0.2265625,0.6484375,0.53125,7.405880928039551,6.899510860443115,0.5063696503639221,True
DiagReachK3,180,18,18,sample_KL,2,12.5,8.43484878540039,0.6747879028320313,8.464805603027344,11.83356761932373,12.217292785644531,13.965015411376953,0.046875,0.0037271809577941895,0.2265625,0.6484375,0.53125,7.405880928039551,6.899510860443115,0.5063696503639221,True
DiagReachK3,180,18,18,sample_W2,0,7.0,5.401005744934082,0.7715722492762974,5.410272598266602,7.543227195739746,8.082171440124512,9.704076766967773,0.1640625,0.022779165101902824,0.2265625,0.640625,0.5234375,7.446928977966309,6.913817882537842,0.5331105589866638,True
DiagReachK3,180,18,18,sample_W2,1,6.5,4.308664321899414,0.6628714341383714,4.403153896331787,6.413995742797852,7.33066987991333,8.2039794921875,0.078125,0.012689809959668383,0.2265625,0.640625,0.5234375,7.446928977966309,6.913817882537842,0.5331105589866638,True
DiagReachK3,180,18,18,sample_W2,2,12.5,8.544717788696289,0.6835774230957031,8.581620216369629,11.970357894897461,12.401021003723145,14.105446815490723,0.046875,0.00418884336948395,0.2265625,0.640625,0.5234375,7.446928977966309,6.913817882537842,0.5331105589866638,True
DiagReachK3,180,18,18,sample_KL_mean,0,7.0,5.367618083953857,0.7668025834219796,5.383874416351318,7.523278713226318,8.133621215820312,9.78240966796875,0.1640625,0.023392958832638602,0.2265625,0.6328125,0.515625,7.369002342224121,6.845511436462402,0.5234915018081665,True
DiagReachK3,180,18,18,sample_KL_mean,1,6.5,4.201392650604248,0.6463681000929612,4.31803035736084,6.318157196044922,7.22038459777832,8.1068696975708,0.078125,0.011647731638871707,0.2265625,0.6328125,0.515625,7.369002342224121,6.845511436462402,0.5234915018081665,True
DiagReachK3,180,18,18,sample_KL_mean,2,12.5,8.389370918273926,0.671149673461914,8.447803497314453,11.845837593078613,12.274003028869629,13.980645179748535,0.046875,0.003908454179763795,0.2265625,0.6328125,0.515625,7.369002342224121,6.845511436462402,0.5234915018081665,True
DiagReachK3,180,18,18,sample_KL_std,0,7.0,5.527425765991211,0.7896322522844587,5.499707221984863,8.114168167114258,8.573524475097656,10.394331932067871,0.1875,0.03474989426987511,0.2421875,0.6484375,0.515625,7.5106964111328125,6.626309394836426,0.8843870759010315,True
DiagReachK3,180,18,18,sample_KL_std,1,6.5,4.396082878112793,0.6763204427865835,4.382957458496094,6.51829719543457,7.461424827575684,8.740882873535156,0.1015625,0.018401895004969377,0.2421875,0.6484375,0.515625,7.5106964111328125,6.626309394836426,0.8843870759010315,True
DiagReachK3,180,18,18,sample_KL_std,2,12.5,8.75909423828125,0.7007275390625,8.796850204467773,12.658537864685059,13.77463436126709,15.252907752990723,0.1171875,0.013050729632377623,0.2421875,0.6484375,0.515625,7.5106964111328125,6.626309394836426,0.8843870759010315,True
DiagReachK3,180,18,18,sample_W2_mean,0,7.0,5.384868621826172,0.7692669459751674,5.3987627029418945,7.5359392166137695,8.156935691833496,9.773380279541016,0.1640625,0.02354454302362033,0.2265625,0.625,0.5078125,7.412059307098389,6.868076801300049,0.5439824461936951,True
DiagReachK3,180,18,18,sample_W2_mean,1,6.5,4.28398323059082,0.6590743431678185,4.383675575256348,6.3925628662109375,7.2773613929748535,8.179503440856934,0.078125,0.012480654395543613,0.2265625,0.625,0.5078125,7.412059307098389,6.868076801300049,0.5439824461936951,True
DiagReachK3,180,18,18,sample_W2_mean,2,12.5,8.496526718139648,0.6797221374511718,8.556367874145508,11.961064338684082,12.425058364868164,14.128936767578125,0.046875,0.004354143738746645,0.2265625,0.625,0.5078125,7.412059307098389,6.868076801300049,0.5439824461936951,True
DiagReachK3,180,18,18,sample_W2_std,0,7.0,5.526663780212402,0.7895233971732003,5.4934797286987305,8.118253707885742,8.579524993896484,10.42956829071045,0.1875,0.035066335328987674,0.2421875,0.6484375,0.515625,7.510149002075195,6.62034797668457,0.8898003697395325,True
DiagReachK3,180,18,18,sample_W2_std,1,6.5,4.399838447570801,0.6768982227032001,4.387608528137207,6.520389080047607,7.463040828704834,8.733579635620117,0.1015625,0.018323434086946342,0.2421875,0.6484375,0.515625,7.510149002075195,6.62034797668457,0.8898003697395325,True
DiagReachK3,180,18,18,sample_W2_std,2,12.5,8.763323783874512,0.7010659027099609,8.78962230682373,12.668557167053223,13.77632999420166,15.24259090423584,0.1171875,0.013117882013320925,0.2421875,0.6484375,0.515625,7.510149002075195,6.62034797668457,0.8898003697395325,True
DiagReachK3,180,18,18,det_old,0,7.0,6.34077262878418,0.9058246612548828,6.341869354248047,6.447895050048828,6.486761569976807,6.532314777374268,0.0,0.0,0.0,1.0,1.0,9.326563835144043,9.326563835144043,0.0,False
DiagReachK3,180,18,18,det_old,1,6.5,5.624697685241699,0.8653381054217999,5.618330955505371,5.759549617767334,5.793557643890381,5.831367015838623,0.0,0.0,0.0,1.0,1.0,9.326563835144043,9.326563835144043,0.0,False
DiagReachK3,180,18,18,det_old,2,12.5,10.96505069732666,0.8772040557861328,10.943631172180176,11.144058227539062,11.190590858459473,11.321815490722656,0.0,0.0,0.0,1.0,1.0,9.326563835144043,9.326563835144043,0.0,False
DiagReachK3,180,18,18,det_KL,0,7.0,5.979541301727295,0.8542201859610421,5.977506637573242,6.066204071044922,6.10761022567749,6.154728889465332,0.0,0.0,0.0,1.0,1.0,9.25572395324707,9.25572395324707,0.0,False
DiagReachK3,180,18,18,det_KL,1,6.5,5.0174241065979,0.7719114010150616,5.006818771362305,5.134819507598877,5.154223918914795,5.19547176361084,0.0,0.0,0.0,1.0,1.0,9.25572395324707,9.25572395324707,0.0,False
DiagReachK3,180,18,18,det_KL,2,12.5,9.996965408325195,0.7997572326660156,9.995245933532715,10.141599655151367,10.166544914245605,10.253934860229492,0.0,0.0,0.0,1.0,1.0,9.25572395324707,9.25572395324707,0.0,False
DiagReachK3,180,18,18,det_W2,0,7.0,5.995373725891113,0.8564819608415876,5.995258331298828,6.081542015075684,6.119327068328857,6.168656349182129,0.0,0.0,0.0,1.0,1.0,9.298064231872559,9.298064231872559,0.0,False
DiagReachK3,180,18,18,det_W2,1,6.5,5.15400505065918,0.7929238539475661,5.1455583572387695,5.265254020690918,5.288177967071533,5.325379371643066,0.0,0.0,0.0,1.0,1.0,9.298064231872559,9.298064231872559,0.0,False
DiagReachK3,180,18,18,det_W2,2,12.5,10.14937973022461,0.8119503784179688,10.146973609924316,10.295412063598633,10.320138931274414,10.409505844116211,0.0,0.0,0.0,1.0,1.0,9.298064231872559,9.298064231872559,0.0,False
DiagReachK3,180,24,19,sample_old,0,7.0,6.032794952392578,0.8618278503417969,5.884077072143555,8.200811386108398,8.698381423950195,9.303906440734863,0.2421875,0.04032801410981587,0.4296875,0.5859375,0.375,7.855532169342041,6.258973121643066,1.5965594053268433,True
DiagReachK3,180,24,19,sample_old,1,6.5,5.119004249572754,0.7875391153188852,4.962379455566406,7.9168477058410645,8.74193000793457,10.019024848937988,0.2578125,0.05290954158856318,0.4296875,0.5859375,0.375,7.855532169342041,6.258973121643066,1.5965594053268433,True
DiagReachK3,180,24,19,sample_old,2,12.5,9.973731994628906,0.7978985595703125,9.835931777954102,13.545417785644531,14.764436721801758,17.02159881591797,0.1796875,0.02509468972682953,0.4296875,0.5859375,0.375,7.855532169342041,6.258973121643066,1.5965594053268433,True
DiagReachK3,180,24,19,sample_KL,0,7.0,5.768466472625732,0.8240666389465332,5.64818000793457,7.895021915435791,8.296874046325684,8.999382019042969,0.2109375,0.029831146023103168,0.34375,0.65625,0.4375,7.723693370819092,6.702445030212402,1.0212483406066895,True
DiagReachK3,180,24,19,sample_KL,1,6.5,4.830114364624023,0.7430945176344651,4.731708526611328,7.348048686981201,8.289261817932129,9.195425987243652,0.1875,0.03492261297427691,0.34375,0.65625,0.4375,7.723693370819092,6.702445030212402,1.0212483406066895,True
DiagReachK3,180,24,19,sample_KL,2,12.5,9.400076866149902,0.7520061492919922,9.372411727905273,12.707639694213867,13.812712669372559,15.832565307617188,0.109375,0.0150364351272583,0.34375,0.65625,0.4375,7.723693370819092,6.702445030212402,1.0212483406066895,True
DiagReachK3,180,24,19,sample_W2,0,7.0,5.760421276092529,0.8229173251560756,5.642534255981445,7.904792785644531,8.285157203674316,8.991719245910645,0.2109375,0.029742645898035595,0.34375,0.6640625,0.4453125,7.705413818359375,6.713779449462891,0.99163419008255,True
DiagReachK3,180,24,19,sample_W2,1,6.5,4.790328025817871,0.7369735424335186,4.699646949768066,7.288186550140381,8.243305206298828,9.137994766235352,0.1875,0.03351568545286472,0.34375,0.6640625,0.4453125,7.705413818359375,6.713779449462891,0.99163419008255,True
DiagReachK3,180,24,19,sample_W2,2,12.5,9.349913597106934,0.7479930877685547,9.355977058410645,12.668354988098145,13.758947372436523,15.777687072753906,0.109375,0.014657039642333985,0.34375,0.6640625,0.4453125,7.705413818359375,6.713779449462891,0.99163419008255,True
DiagReachK3,180,24,19,sample_KL_mean,0,7.0,5.82445764541626,0.8320653779166085,5.702632904052734,7.880216121673584,8.307144165039062,9.026647567749023,0.2109375,0.029945634305477135,0.3515625,0.6640625,0.4375,7.77262544631958,6.704714775085449,1.06791090965271,True
DiagReachK3,180,24,19,sample_KL_mean,1,6.5,4.871023654937744,0.7493882546058068,4.779591083526611,7.477334499359131,8.341094970703125,9.321356773376465,0.1953125,0.037317807284685284,0.3515625,0.6640625,0.4375,7.77262544631958,6.704714775085449,1.06791090965271,True
DiagReachK3,180,24,19,sample_KL_mean,2,12.5,9.506158828735352,0.7604927062988281,9.432916641235352,12.671611785888672,13.982699394226074,15.95661735534668,0.1171875,0.015909635424613953,0.3515625,0.6640625,0.4375,7.77262544631958,6.704714775085449,1.06791090965271,True
DiagReachK3,180,24,19,sample_KL_std,0,7.0,5.969105243682861,0.852729320526123,5.856771469116211,8.253488540649414,8.674877166748047,9.38418197631836,0.234375,0.039912291935512,0.4296875,0.6015625,0.375,7.806332588195801,6.2666826248168945,1.539649486541748,True
DiagReachK3,180,24,19,sample_KL_std,1,6.5,5.079041481018066,0.7813909970797025,4.971992015838623,7.855961799621582,8.744937896728516,9.913105964660645,0.2578125,0.050463504516161405,0.4296875,0.6015625,0.375,7.806332588195801,6.2666826248168945,1.539649486541748,True
DiagReachK3,180,24,19,sample_KL_std,2,12.5,9.860952377319336,0.7888761901855469,9.858499526977539,13.593159675598145,14.643707275390625,16.879804611206055,0.1640625,0.023638702630996707,0.4296875,0.6015625,0.375,7.806332588195801,6.2666826248168945,1.539649486541748,True
DiagReachK3,180,24,19,sample_W2_mean,0,7.0,5.824508190155029,0.8320725985935756,5.706894874572754,7.883021831512451,8.298128128051758,9.024066925048828,0.2109375,0.029812959155866077,0.3515625,0.6640625,0.4375,7.765661239624023,6.727113723754883,1.0385478734970093,True
DiagReachK3,180,24,19,sample_W2_mean,1,6.5,4.838580131530762,0.7443969433124249,4.756218433380127,7.434634685516357,8.307019233703613,9.267873764038086,0.1953125,0.0359513616332641,0.3515625,0.6640625,0.4375,7.765661239624023,6.727113723754883,1.0385478734970093,True
DiagReachK3,180,24,19,sample_W2_mean,2,12.5,9.473280906677246,0.7578624725341797,9.396490097045898,12.627286911010742,13.950311660766602,15.912457466125488,0.109375,0.01555892467498779,0.3515625,0.6640625,0.4375,7.765661239624023,6.727113723754883,1.0385478734970093,True
DiagReachK3,180,24,19,sample_W2_std,0,7.0,5.95949649810791,0.8513566425868443,5.8467817306518555,8.25818920135498,8.682418823242188,9.393487930297852,0.234375,0.039922875485249934,0.4296875,0.6015625,0.375,7.7946929931640625,6.257906436920166,1.5367865562438965,True
DiagReachK3,180,24,19,sample_W2_std,1,6.5,5.070212364196777,0.7800326714148889,4.966063499450684,7.853970527648926,8.736924171447754,9.910135269165039,0.2578125,0.05028633372141764,0.4296875,0.6015625,0.375,7.7946929931640625,6.257906436920166,1.5367865562438965,True
DiagReachK3,180,24,19,sample_W2_std,2,12.5,9.84066390991211,0.7872531127929687,9.852980613708496,13.594594955444336,14.637284278869629,16.87458610534668,0.15625,0.023512531518936158,0.4296875,0.6015625,0.375,7.7946929931640625,6.257906436920166,1.5367865562438965,True
DiagReachK3,180,24,19,det_old,0,7.0,6.655771732330322,0.950824533190046,6.654982566833496,6.754260063171387,6.772324562072754,6.837836265563965,0.0,0.0,0.0,1.0,1.0,9.583984375,9.583984375,0.0,False
DiagReachK3,180,24,19,det_old,1,6.5,5.852564334869385,0.9003945130568284,5.855550765991211,5.969811916351318,5.993605136871338,6.0301384925842285,0.0,0.0,0.0,1.0,1.0,9.583984375,9.583984375,0.0,False
DiagReachK3,180,24,19,det_old,2,12.5,11.43386459350586,0.9147091674804687,11.436716079711914,11.590063095092773,11.616242408752441,11.68335247039795,0.0,0.0,0.0,1.0,1.0,9.583984375,9.583984375,0.0,False
DiagReachK3,180,24,19,det_KL,0,7.0,6.320781707763672,0.9029688153948102,6.326180458068848,6.407564163208008,6.4320149421691895,6.4891252517700195,0.0,0.0,0.0,1.0,1.0,9.39606761932373,9.39606761932373,0.0,False
DiagReachK3,180,24,19,det_KL,1,6.5,5.369623184204102,0.8260958744929388,5.371468544006348,5.482255458831787,5.489898681640625,5.53126335144043,0.0,0.0,0.0,1.0,1.0,9.39606761932373,9.39606761932373,0.0,False
DiagReachK3,180,24,19,det_KL,2,12.5,10.63302993774414,0.8506423950195312,10.632623672485352,10.76430606842041,10.788972854614258,10.851131439208984,0.0,0.0,0.0,1.0,1.0,9.39606761932373,9.39606761932373,0.0,False
DiagReachK3,180,24,19,det_W2,0,7.0,6.316494941711426,0.9023564202444894,6.322329998016357,6.402526378631592,6.426462173461914,6.484468460083008,0.0,0.0,0.0,1.0,1.0,9.386271476745605,9.386271476745605,0.0,False
DiagReachK3,180,24,19,det_W2,1,6.5,5.32435417175293,0.8191314110389123,5.325301170349121,5.435736656188965,5.444424629211426,5.4848408699035645,0.0,0.0,0.0,1.0,1.0,9.386271476745605,9.386271476745605,0.0,False
DiagReachK3,180,24,19,det_W2,2,12.5,10.58521842956543,0.8468174743652344,10.583845138549805,10.715659141540527,10.740252494812012,10.802865982055664,0.0,0.0,0.0,1.0,1.0,9.386271476745605,9.386271476745605,0.0,False
DiagReachK3,186,0,20,sample_old,0,7.0,4.494789123535156,0.6421127319335938,4.405984401702881,7.903260707855225,9.274343490600586,10.988639831542969,0.1796875,0.0414679864687579,0.1796875,0.1015625,0.0625,4.52012825012207,3.907641649246216,0.6124868988990784,True
DiagReachK3,186,0,20,sample_old,1,6.5,1.223010778427124,0.1881555043734037,0.6184892058372498,3.610355854034424,3.892357110977173,4.605483055114746,0.0,0.0,0.1796875,0.1015625,0.0625,4.52012825012207,3.907641649246216,0.6124868988990784,True
DiagReachK3,186,0,20,sample_old,2,12.5,4.030322074890137,0.3224257659912109,3.470090866088867,9.159053802490234,10.469281196594238,12.851309776306152,0.0234375,0.0012213557958602912,0.1796875,0.1015625,0.0625,4.52012825012207,3.907641649246216,0.6124868988990784,True
DiagReachK3,186,0,20,sample_KL,0,7.0,5.015968322753906,0.716566903250558,4.972942352294922,8.194656372070312,9.334283828735352,10.925339698791504,0.21875,0.04826994293502399,0.21875,0.109375,0.0703125,5.223686218261719,4.527219772338867,0.6964659690856934,True
DiagReachK3,186,0,20,sample_KL,1,6.5,1.4586186408996582,0.22440286783071664,1.062384843826294,3.7165870666503906,4.151155471801758,4.869003772735596,0.0,0.0,0.21875,0.109375,0.0703125,5.223686218261719,4.527219772338867,0.6964659690856934,True
DiagReachK3,186,0,20,sample_KL,2,12.5,4.845816612243652,0.3876653289794922,4.6396589279174805,9.715676307678223,10.789304733276367,13.159608840942383,0.0234375,0.0014854627847671505,0.21875,0.109375,0.0703125,5.223686218261719,4.527219772338867,0.6964659690856934,True
DiagReachK3,186,0,20,sample_W2,0,7.0,4.956340789794922,0.7080486842564174,4.905764102935791,8.16362190246582,9.32245922088623,10.936080932617188,0.21875,0.047165894614798684,0.21875,0.109375,0.0703125,5.186952114105225,4.506619453430176,0.6803325414657593,True
DiagReachK3,186,0,20,sample_W2,1,6.5,1.4414349794387817,0.22175922760596642,1.038050889968872,3.684683322906494,4.127505779266357,4.83383321762085,0.0,0.0,0.21875,0.109375,0.0703125,5.186952114105225,4.506619453430176,0.6803325414657593,True
DiagReachK3,186,0,20,sample_W2,2,12.5,4.7869062423706055,0.3829524993896484,4.553277969360352,9.657382011413574,10.752676963806152,13.14309024810791,0.0234375,0.0014679300785064697,0.21875,0.109375,0.0703125,5.186952114105225,4.506619453430176,0.6803325414657593,True
DiagReachK3,186,0,20,sample_KL_mean,0,7.0,5.020504474639893,0.7172149249485561,4.976810932159424,8.184322357177734,9.353296279907227,10.917155265808105,0.21875,0.04834430398685592,0.21875,0.1015625,0.0625,5.2128190994262695,4.519064903259277,0.6937540769577026,True
DiagReachK3,186,0,20,sample_KL_mean,1,6.5,1.4270246028900146,0.2195422465984638,1.0288174152374268,3.712226390838623,4.104557514190674,4.851531028747559,0.0,0.0,0.21875,0.1015625,0.0625,5.2128190994262695,4.519064903259277,0.6937540769577026,True
DiagReachK3,186,0,20,sample_KL_mean,2,12.5,4.811342239379883,0.38490737915039064,4.525579452514648,9.652365684509277,10.787662506103516,13.138081550598145,0.0234375,0.0014161539077758804,0.21875,0.1015625,0.0625,5.2128190994262695,4.519064903259277,0.6937540769577026,True
DiagReachK3,186,0,20,sample_KL_std,0,7.0,4.4900054931640625,0.6414293561662946,4.375234127044678,7.916283130645752,9.24953842163086,10.999528884887695,0.1796875,0.04160068609884807,0.1796875,0.1171875,0.078125,4.524473190307617,3.9053120613098145,0.6191607713699341,True
DiagReachK3,186,0,20,sample_KL_std,1,6.5,1.2456637620925903,0.19164057878347543,0.641356885433197,3.6643149852752686,3.923840045928955,4.636692047119141,0.0,0.0,0.1796875,0.1171875,0.078125,4.524473190307617,3.9053120613098145,0.6191607713699341,True
DiagReachK3,186,0,20,sample_KL_std,2,12.5,4.056824207305908,0.32454593658447267,3.513669013977051,9.192432403564453,10.468951225280762,12.877528190612793,0.0234375,0.0012612032890319813,0.1796875,0.1171875,0.078125,4.524473190307617,3.9053120613098145,0.6191607713699341,True
DiagReachK3,186,0,20,sample_W2_mean,0,7.0,4.95971155166626,0.7085302216666085,4.924367904663086,8.156888961791992,9.345897674560547,10.930240631103516,0.21875,0.047223983598606925,0.21875,0.1015625,0.0625,5.177157402038574,4.499316215515137,0.6778415441513062,True
DiagReachK3,186,0,20,sample_W2_mean,1,6.5,1.4168893098831177,0.21798297075124887,1.0166382789611816,3.6980295181274414,4.072587966918945,4.839386463165283,0.0,0.0,0.21875,0.1015625,0.0625,5.177157402038574,4.499316215515137,0.6778415441513062,True
DiagReachK3,186,0,20,sample_W2_mean,2,12.5,4.758156776428223,0.3806525421142578,4.4532976150512695,9.616660118103027,10.755902290344238,13.117986679077148,0.0234375,0.0013937711715698246,0.21875,0.1015625,0.0625,5.177157402038574,4.499316215515137,0.6778415441513062,True
DiagReachK3,186,0,20,sample_W2_std,0,7.0,4.489299774169922,0.6413285391671317,4.37080717086792,7.9122772216796875,9.24895191192627,10.996600151062012,0.1796875,0.04160274618438312,0.1796875,0.109375,0.0703125,4.5188493728637695,3.9005069732666016,0.618342399597168,True
DiagReachK3,186,0,20,sample_W2_std,1,6.5,1.2360758781433105,0.19016551971435547,0.6223063468933105,3.654500961303711,3.8930108547210693,4.6223602294921875,0.0,0.0,0.1796875,0.109375,0.0703125,4.5188493728637695,3.9005069732666016,0.618342399597168,True
DiagReachK3,186,0,20,sample_W2_std,2,12.5,4.046426773071289,0.32371414184570313,3.486072063446045,9.177083015441895,10.464118957519531,12.88029670715332,0.0234375,0.0012594515085220335,0.1796875,0.109375,0.0703125,4.5188493728637695,3.9005069732666016,0.618342399597168,True
DiagReachK3,186,0,20,det_old,0,7.0,5.288210391998291,0.7554586274283273,5.289096832275391,5.5496368408203125,5.6134843826293945,5.6929612159729,0.0,0.0,0.0,0.0,0.0,4.989326477050781,4.989326477050781,0.0,False
DiagReachK3,186,0,20,det_old,1,6.5,0.0,0.0,0.0,0.0,0.0,0.0,0.0,0.0,0.0,0.0,0.0,4.989326477050781,4.989326477050781,0.0,False
DiagReachK3,186,0,20,det_old,2,12.5,2.528573989868164,0.20228591918945313,2.5272841453552246,2.8332769870758057,2.980440616607666,3.1000559329986572,0.0,0.0,0.0,0.0,0.0,4.989326477050781,4.989326477050781,0.0,False
DiagReachK3,186,0,20,det_KL,0,7.0,6.385686874389648,0.9122409820556641,6.386053085327148,6.576594829559326,6.620628833770752,6.699548721313477,0.0,0.0,0.0,0.0,0.0,5.971074104309082,5.971074104309082,0.0,False
DiagReachK3,186,0,20,det_KL,1,6.5,0.013145698234438896,0.0020224151129905996,0.007654815912246704,0.030947040766477585,0.03736703470349312,0.06441104412078857,0.0,0.0,0.0,0.0,0.0,5.971074104309082,5.971074104309082,0.0,False
DiagReachK3,186,0,20,det_KL,2,12.5,4.436739921569824,0.3549391937255859,4.426638126373291,4.674459934234619,4.727433204650879,4.838850498199463,0.0,0.0,0.0,0.0,0.0,5.971074104309082,5.971074104309082,0.0,False
DiagReachK3,186,0,20,det_W2,0,7.0,6.260211944580078,0.8943159920828683,6.262357234954834,6.455251693725586,6.498537063598633,6.58078670501709,0.0,0.0,0.0,0.0,0.0,5.91318416595459,5.91318416595459,0.0,False
DiagReachK3,186,0,20,det_W2,1,6.5,0.007452497724443674,0.0011465381114528729,0.0,0.021502390503883362,0.027995597571134567,0.04871354252099991,0.0,0.0,0.0,0.0,0.0,5.91318416595459,5.91318416595459,0.0,False
DiagReachK3,186,0,20,det_W2,2,12.5,4.323657989501953,0.3458926391601562,4.313173294067383,4.561470985412598,4.616932392120361,4.730470180511475,0.0,0.0,0.0,0.0,0.0,5.91318416595459,5.91318416595459,0.0,False
DiagReachK3,186,6,21,sample_old,0,7.0,5.590999603271484,0.7987142290387835,5.815862655639648,8.177587509155273,8.838111877441406,9.471331596374512,0.2421875,0.036019554627793174,0.328125,0.4765625,0.296875,7.303432464599609,6.3578972816467285,0.9455350041389465,True
DiagReachK3,186,6,21,sample_old,1,6.5,4.39023494720459,0.6754207611083984,4.5894975662231445,6.861395359039307,7.645874977111816,8.922317504882812,0.15625,0.025480357500223014,0.328125,0.4765625,0.296875,7.303432464599609,6.3578972816467285,0.9455350041389465,True
DiagReachK3,186,6,21,sample_old,2,12.5,8.698720932006836,0.6958976745605469,8.763307571411133,13.349251747131348,14.244256019592285,15.107734680175781,0.1328125,0.018005806803703304,0.328125,0.4765625,0.296875,7.303432464599609,6.3578972816467285,0.9455350041389465,True
DiagReachK3,186,6,21,sample_KL,0,7.0,5.616799354553223,0.8023999077933175,5.960955619812012,8.056683540344238,8.875323295593262,9.605646133422852,0.234375,0.03761913148420197,0.3203125,0.484375,0.3125,7.358295440673828,6.452240943908691,0.9060540199279785,True
DiagReachK3,186,6,21,sample_KL,1,6.5,4.45814323425293,0.6858681898850661,4.698826789855957,6.914597034454346,7.556826591491699,8.653257369995117,0.15625,0.023363767908169672,0.3203125,0.484375,0.3125,7.358295440673828,6.452240943908691,0.9060540199279785,True
DiagReachK3,186,6,21,sample_KL,2,12.5,8.777212142944336,0.7021769714355469,8.752094268798828,13.182821273803711,14.058333396911621,14.914536476135254,0.109375,0.015738272666931154,0.3203125,0.484375,0.3125,7.358295440673828,6.452240943908691,0.9060540199279785,True
DiagReachK3,186,6,21,sample_W2,0,7.0,5.636679172515869,0.8052398817879813,6.006808280944824,8.028475761413574,8.918416023254395,9.639382362365723,0.234375,0.038620419800281525,0.3515625,0.4765625,0.2890625,7.400521755218506,6.413836479187012,0.9866852760314941,True
DiagReachK3,186,6,21,sample_W2,1,6.5,4.586576461791992,0.7056271479679987,4.838094711303711,7.097378253936768,7.710069179534912,8.746703147888184,0.1875,0.02671622026425141,0.3515625,0.4765625,0.2890625,7.400521755218506,6.413836479187012,0.9866852760314941,True
DiagReachK3,186,6,21,sample_W2,2,12.5,8.92766284942627,0.7142130279541016,8.900434494018555,13.263066291809082,14.234110832214355,15.048099517822266,0.125,0.016658197641372677,0.3515625,0.4765625,0.2890625,7.400521755218506,6.413836479187012,0.9866852760314941,True
DiagReachK3,186,6,21,sample_KL_mean,0,7.0,5.650199890136719,0.8071714128766742,5.949797630310059,8.123041152954102,8.858739852905273,9.553171157836914,0.234375,0.036855296364852366,0.328125,0.4765625,0.3125,7.399184703826904,6.485597610473633,0.9135867953300476,True
DiagReachK3,186,6,21,sample_KL_mean,1,6.5,4.467459678649902,0.6873014890230619,4.680953025817871,6.961796283721924,7.6203107833862305,8.719219207763672,0.1640625,0.024340090843347404,0.328125,0.4765625,0.3125,7.399184703826904,6.485597610473633,0.9135867953300476,True
DiagReachK3,186,6,21,sample_KL_mean,2,12.5,8.819973945617676,0.7055979156494141,8.776543617248535,13.144386291503906,14.006818771362305,14.88250732421875,0.1171875,0.015687751173973086,0.328125,0.4765625,0.3125,7.399184703826904,6.485597610473633,0.9135867953300476,True
DiagReachK3,186,6,21,sample_KL_std,0,7.0,5.554412364959717,0.7934874807085309,5.812180519104004,8.076602935791016,8.849876403808594,9.501981735229492,0.2421875,0.036563865308250704,0.3203125,0.46875,0.3046875,7.261372089385986,6.3268303871154785,0.9345417022705078,True
DiagReachK3,186,6,21,sample_KL_std,1,6.5,4.379306316375732,0.6737394332885742,4.546756744384766,6.862095832824707,7.6082000732421875,8.864639282226562,0.15625,0.02448128221126703,0.3203125,0.46875,0.3046875,7.261372089385986,6.3268303871154785,0.9345417022705078,True
DiagReachK3,186,6,21,sample_KL_std,2,12.5,8.65072250366211,0.6920578002929687,8.734516143798828,13.3231840133667,14.39528751373291,15.150887489318848,0.1171875,0.01811124682426453,0.3203125,0.46875,0.3046875,7.261372089385986,6.3268303871154785,0.9345417022705078,True
DiagReachK3,186,6,21,sample_W2_mean,0,7.0,5.68916130065918,0.8127373286655971,6.041936874389648,8.099430084228516,8.90079116821289,9.59165096282959,0.2265625,0.037397371871130805,0.3515625,0.484375,0.296875,7.4603047370910645,6.467757225036621,0.9925469160079956,True
DiagReachK3,186,6,21,sample_W2_mean,1,6.5,4.5965776443481445,0.707165791438176,4.824966907501221,7.170982360839844,7.796423435211182,8.85120964050293,0.1953125,0.02797771474489799,0.3515625,0.484375,0.296875,7.4603047370910645,6.467757225036621,0.9925469160079956,True
DiagReachK3,186,6,21,sample_W2_mean,2,12.5,8.991752624511719,0.7193402099609375,8.931526184082031,13.17950439453125,14.105956077575684,14.996654510498047,0.1328125,0.01658827364444733,0.3515625,0.484375,0.296875,7.4603047370910645,6.467757225036621,0.9925469160079956,True
DiagReachK3,186,6,21,sample_W2_std,0,7.0,5.531689643859863,0.7902413776942662,5.806678295135498,8.028149604797363,8.851214408874512,9.512886047363281,0.234375,0.03675903433135577,0.3046875,0.453125,0.296875,7.239587306976318,6.308465480804443,0.9311223030090332,True
DiagReachK3,186,6,21,sample_W2_std,1,6.5,4.374941825866699,0.6730679732102615,4.5420708656311035,6.866814136505127,7.591193199157715,8.83169937133789,0.1484375,0.02407804074195715,0.3046875,0.453125,0.296875,7.239587306976318,6.308465480804443,0.9311223030090332,True
DiagReachK3,186,6,21,sample_W2_std,2,12.5,8.622418403625488,0.6897934722900391,8.71686840057373,13.289600372314453,14.449084281921387,15.169666290283203,0.1171875,0.018154237270355228,0.3046875,0.453125,0.296875,7.239587306976318,6.308465480804443,0.9311223030090332,True
DiagReachK3,186,6,21,det_old,0,7.0,6.545060157775879,0.9350085939679827,6.5440874099731445,6.699059009552002,6.730651378631592,6.85352087020874,0.0,0.0,0.0,1.0,1.0,9.282059669494629,9.282059669494629,0.0,False
DiagReachK3,186,6,21,det_old,1,6.5,4.854142189025879,0.7467911060039814,4.858470439910889,5.007872581481934,5.041144847869873,5.099628448486328,0.0,0.0,0.0,1.0,1.0,9.282059669494629,9.282059669494629,0.0,False
DiagReachK3,186,6,21,det_old,2,12.5,10.378626823425293,0.8302901458740234,10.367395401000977,10.612488746643066,10.691353797912598,10.880908966064453,0.0,0.0,0.0,1.0,1.0,9.282059669494629,9.282059669494629,0.0,False
DiagReachK3,186,6,21,det_KL,0,7.0,6.5376482009887695,0.9339497429983956,6.540733337402344,6.700089931488037,6.732881546020508,6.833118438720703,0.0,0.0,0.0,1.0,1.0,9.262269973754883,9.262269973754883,0.0,False
DiagReachK3,186,6,21,det_KL,1,6.5,4.677870273590088,0.7196723497830905,4.682034015655518,4.818562030792236,4.833261013031006,4.893289566040039,0.0,0.0,0.0,1.0,1.0,9.262269973754883,9.262269973754883,0.0,False
DiagReachK3,186,6,21,det_KL,2,12.5,10.158733367919922,0.8126986694335937,10.152334213256836,10.361796379089355,10.427117347717285,10.589502334594727,0.0,0.0,0.0,1.0,1.0,9.262269973754883,9.262269973754883,0.0,False
DiagReachK3,186,6,21,det_W2,0,7.0,6.552858352661133,0.9361226218087333,6.557005882263184,6.715822219848633,6.748022079467773,6.842985153198242,0.0,0.0,0.0,1.0,1.0,9.313373565673828,9.313373565673828,0.0,False
DiagReachK3,186,6,21,det_W2,1,6.5,4.848825454711914,0.745973146878756,4.852319717407227,4.99187707901001,5.003817081451416,5.06882381439209,0.0,0.0,0.0,1.0,1.0,9.313373565673828,9.313373565673828,0.0,False
DiagReachK3,186,6,21,det_W2,2,12.5,10.332016944885254,0.8265613555908203,10.329367637634277,10.53067684173584,10.595284461975098,10.749361991882324,0.0,0.0,0.0,1.0,1.0,9.313373565673828,9.313373565673828,0.0,False
DiagReachK3,186,12,22,sample_old,0,7.0,5.804991245269775,0.8292844636099679,5.74276065826416,8.059117317199707,9.05774974822998,10.050105094909668,0.25,0.042015795196805684,0.4140625,0.4765625,0.265625,7.702261447906494,6.339677333831787,1.3625839948654175,True
DiagReachK3,186,12,22,sample_old,1,6.5,4.967355728149414,0.7642085735614483,4.923294544219971,7.702441692352295,8.430312156677246,9.749739646911621,0.234375,0.044606728622546554,0.4140625,0.4765625,0.265625,7.702261447906494,6.339677333831787,1.3625839948654175,True
DiagReachK3,186,12,22,sample_old,2,12.5,9.591815948486328,0.7673452758789062,9.479129791259766,13.895489692687988,14.66112995147705,15.904179573059082,0.1796875,0.022869248390197758,0.4140625,0.4765625,0.265625,7.702261447906494,6.339677333831787,1.3625839948654175,True
DiagReachK3,186,12,22,sample_KL,0,7.0,5.821096420288086,0.831585202898298,5.807336330413818,8.104612350463867,9.098967552185059,10.093935012817383,0.25,0.04213701401438032,0.375,0.515625,0.3046875,7.65956974029541,6.68449068069458,0.975079357624054,True
DiagReachK3,186,12,22,sample_KL,1,6.5,4.629913330078125,0.7122943584735577,4.570549964904785,7.058881759643555,7.695158958435059,8.831453323364258,0.1796875,0.024291601318579457,0.375,0.515625,0.3046875,7.65956974029541,6.68449068069458,0.975079357624054,True
DiagReachK3,186,12,22,sample_KL,2,12.5,9.271646499633789,0.7417317199707031,9.225879669189453,13.067410469055176,13.96713638305664,15.146238327026367,0.1328125,0.01458364546298981,0.375,0.515625,0.3046875,7.65956974029541,6.68449068069458,0.975079357624054,True
DiagReachK3,186,12,22,sample_W2,0,7.0,5.836846351623535,0.8338351930890765,5.835399627685547,8.107380867004395,9.062758445739746,10.059806823730469,0.25,0.041219305247068405,0.375,0.5234375,0.3046875,7.727272033691406,6.796586036682129,0.9306862354278564,True
DiagReachK3,186,12,22,sample_W2,1,6.5,4.705902099609375,0.7239849384014423,4.655520915985107,6.9925217628479,7.568432807922363,8.668476104736328,0.1796875,0.022550829328023464,0.375,0.5234375,0.3046875,7.727272033691406,6.796586036682129,0.9306862354278564,True
DiagReachK3,186,12,22,sample_W2,2,12.5,9.373758316040039,0.7499006652832031,9.343801498413086,12.962640762329102,13.90489673614502,14.977078437805176,0.1328125,0.013486723899841306,0.375,0.5234375,0.3046875,7.727272033691406,6.796586036682129,0.9306862354278564,True
DiagReachK3,186,12,22,sample_KL_mean,0,7.0,5.819031715393066,0.8312902450561523,5.807951927185059,8.10543155670166,9.10279655456543,10.084670066833496,0.25,0.042211889688457765,0.375,0.5,0.2890625,7.632485389709473,6.630402088165283,1.0020833015441895,True
DiagReachK3,186,12,22,sample_KL_mean,1,6.5,4.612116813659668,0.7095564328707181,4.538634300231934,7.0890960693359375,7.787692546844482,8.944110870361328,0.1796875,0.02565617744739239,0.375,0.5,0.2890625,7.632485389709473,6.630402088165283,1.0020833015441895,True
DiagReachK3,186,12,22,sample_KL_mean,2,12.5,9.247074127197266,0.7397659301757813,9.219086647033691,13.123799324035645,13.935056686401367,15.232128143310547,0.1328125,0.01487134516239166,0.375,0.5,0.2890625,7.632485389709473,6.630402088165283,1.0020833015441895,True
DiagReachK3,186,12,22,sample_KL_std,0,7.0,5.8072710037231445,0.8296101433890206,5.753525733947754,8.0545072555542,9.054243087768555,10.05742073059082,0.25,0.0419403426349163,0.4140625,0.484375,0.265625,7.73375129699707,6.385345935821533,1.348405361175537,True
DiagReachK3,186,12,22,sample_KL_std,1,6.5,5.000572204589844,0.7693188007061298,4.9733991622924805,7.66580057144165,8.362921714782715,9.684324264526367,0.234375,0.04380630128658735,0.4140625,0.484375,0.265625,7.73375129699707,6.385345935821533,1.348405361175537,True
DiagReachK3,186,12,22,sample_KL_std,2,12.5,9.631890296936035,0.7705512237548828,9.546268463134766,13.904385566711426,14.682398796081543,15.822595596313477,0.1796875,0.023074814081192014,0.4140625,0.484375,0.265625,7.73375129699707,6.385345935821533,1.348405361175537,True
DiagReachK3,186,12,22,sample_W2_mean,0,7.0,5.835441589355469,0.833634512765067,5.838762283325195,8.106752395629883,9.063533782958984,10.042637825012207,0.25,0.04119787684508733,0.375,0.5078125,0.296875,7.671568870544434,6.692403793334961,0.9791653752326965,True
DiagReachK3,186,12,22,sample_W2_mean,1,6.5,4.66758394241333,0.7180898372943585,4.593321800231934,7.097400188446045,7.755112648010254,8.881634712219238,0.1796875,0.025210550198188197,0.375,0.5078125,0.296875,7.671568870544434,6.692403793334961,0.9791653752326965,True
DiagReachK3,186,12,22,sample_W2_mean,2,12.5,9.325126647949219,0.7460101318359375,9.344799041748047,13.027896881103516,13.862695693969727,15.144346237182617,0.1328125,0.013972543478012084,0.375,0.5078125,0.296875,7.671568870544434,6.692403793334961,0.9791653752326965,True
DiagReachK3,186,12,22,sample_W2_std,0,7.0,5.8071136474609375,0.8295876639229911,5.752829551696777,8.059248924255371,9.06015396118164,10.065678596496582,0.25,0.042068335626806536,0.421875,0.5078125,0.265625,7.764922142028809,6.42133903503418,1.3435838222503662,True
DiagReachK3,186,12,22,sample_W2_std,1,6.5,5.036419868469238,0.7748338259183444,5.003126621246338,7.6769633293151855,8.331799507141113,9.632131576538086,0.25,0.04336668436343853,0.421875,0.5078125,0.265625,7.764922142028809,6.42133903503418,1.3435838222503662,True
DiagReachK3,186,12,22,sample_W2_std,2,12.5,9.672163009643555,0.7737730407714843,9.602266311645508,13.922990798950195,14.709644317626953,15.807190895080566,0.1796875,0.023301225304603573,0.421875,0.5078125,0.265625,7.764922142028809,6.42133903503418,1.3435838222503662,True
DiagReachK3,186,12,22,det_old,0,7.0,6.42154598236084,0.9173637117658343,6.414067268371582,6.579305171966553,6.624597549438477,6.688480854034424,0.0,0.0,0.015625,1.0,0.984375,9.384018898010254,9.383230209350586,0.0007881037890911102,True
DiagReachK3,186,12,22,det_old,1,6.5,6.207646369934082,0.9550225184513972,6.206299781799316,6.348380088806152,6.4011549949646,6.525146961212158,0.015625,0.00015762104437901277,0.015625,1.0,0.984375,9.384018898010254,9.383230209350586,0.0007881037890911102,True
DiagReachK3,186,12,22,det_old,2,12.5,11.581918716430664,0.9265534973144531,11.590076446533203,11.810084342956543,11.892913818359375,12.019784927368164,0.0,0.0,0.015625,1.0,0.984375,9.384018898010254,9.383230209350586,0.0007881037890911102,True
DiagReachK3,186,12,22,det_KL,0,7.0,6.430695533752441,0.918670790536063,6.431083679199219,6.589192867279053,6.636257648468018,6.706261157989502,0.0,0.0,0.0,1.0,1.0,9.24968147277832,9.24968147277832,0.0,False
DiagReachK3,186,12,22,det_KL,1,6.5,5.498682498931885,0.8459511536818284,5.497833251953125,5.608031272888184,5.651797771453857,5.758388042449951,0.0,0.0,0.0,1.0,1.0,9.24968147277832,9.24968147277832,0.0,False
DiagReachK3,186,12,22,det_KL,2,12.5,10.876020431518555,0.8700816345214843,10.87782096862793,11.083728790283203,11.147042274475098,11.246211051940918,0.0,0.0,0.0,1.0,1.0,9.24968147277832,9.24968147277832,0.0,False
DiagReachK3,186,12,22,det_W2,0,7.0,6.40562629699707,0.9150894709995815,6.406822204589844,6.559159278869629,6.606897830963135,6.675261974334717,0.0,0.0,0.0,1.0,1.0,9.230396270751953,9.230396270751953,0.0,False
DiagReachK3,186,12,22,det_W2,1,6.5,5.512502193450928,0.8480772605309119,5.510939121246338,5.620526313781738,5.655035495758057,5.758708953857422,0.0,0.0,0.0,1.0,1.0,9.230396270751953,9.230396270751953,0.0,False
DiagReachK3,186,12,22,det_W2,2,12.5,10.856037139892578,0.8684829711914063,10.857650756835938,11.055047035217285,11.116537094116211,11.208261489868164,0.0,0.0,0.0,1.0,1.0,9.230396270751953,9.230396270751953,0.0,False
DiagReachK3,186,18,23,sample_old,0,7.0,6.099571228027344,0.8713673182896206,6.10098934173584,8.570331573486328,9.054750442504883,9.698039054870605,0.328125,0.04988670561994825,0.453125,0.5546875,0.3046875,7.90319299697876,6.273734092712402,1.6294586658477783,True
DiagReachK3,186,18,23,sample_old,1,6.5,5.32119607925415,0.8186455506544846,5.242437362670898,7.981720924377441,8.618741989135742,9.322260856628418,0.265625,0.047985365184453815,0.453125,0.5546875,0.3046875,7.90319299697876,6.273734092712402,1.6294586658477783,True
DiagReachK3,186,18,23,sample_old,2,12.5,10.254140853881836,0.8203312683105469,10.530412673950195,14.012452125549316,15.551680564880371,16.93686294555664,0.1875,0.030294971466064455,0.453125,0.5546875,0.3046875,7.90319299697876,6.273734092712402,1.6294586658477783,True
DiagReachK3,186,18,23,sample_KL,0,7.0,6.481945514678955,0.9259922163827079,6.438931941986084,8.658084869384766,9.234457969665527,9.772355079650879,0.3828125,0.06097047563110079,0.4921875,0.5703125,0.28125,8.055841445922852,6.295527458190918,1.760314702987671,True
DiagReachK3,186,18,23,sample_KL,1,6.5,5.382277488708496,0.8280426905705378,5.378969192504883,7.837942123413086,8.431640625,9.229032516479492,0.2421875,0.043261851828831896,0.4921875,0.5703125,0.28125,8.055841445922852,6.295527458190918,1.760314702987671,True
DiagReachK3,186,18,23,sample_KL,2,12.5,10.69499397277832,0.8555995178222656,10.887166976928711,14.02658748626709,15.454825401306152,16.8450984954834,0.2109375,0.03153040766716003,0.4921875,0.5703125,0.28125,8.055841445922852,6.295527458190918,1.760314702987671,True
DiagReachK3,186,18,23,sample_W2,0,7.0,6.584611415863037,0.9406587736947196,6.546730041503906,8.724357604980469,9.267788887023926,9.82996940612793,0.3984375,0.064935744873115,0.5,0.546875,0.25,8.071415901184082,6.302225112915039,1.7691898345947266,True
DiagReachK3,186,18,23,sample_W2,1,6.5,5.322507381439209,0.818847289452186,5.3666839599609375,7.763885021209717,8.338844299316406,9.176559448242188,0.2265625,0.040250015373413384,0.5,0.546875,0.25,8.071415901184082,6.302225112915039,1.7691898345947266,True
DiagReachK3,186,18,23,sample_W2,2,12.5,10.736873626708984,0.8589498901367187,10.93940544128418,14.00403118133545,15.404603958129883,16.771738052368164,0.2109375,0.030947499871253968,0.5,0.546875,0.25,8.071415901184082,6.302225112915039,1.7691898345947266,True
DiagReachK3,186,18,23,sample_KL_mean,0,7.0,6.462277412414551,0.923182487487793,6.396224498748779,8.695540428161621,9.278498649597168,9.796778678894043,0.375,0.06127096127186502,0.4921875,0.578125,0.2890625,8.060894012451172,6.3019208908081055,1.7589730024337769,True
DiagReachK3,186,18,23,sample_KL_mean,1,6.5,5.390756607055664,0.829347170316256,5.439520359039307,7.8255815505981445,8.377264022827148,9.182080268859863,0.234375,0.042429352609010845,0.4921875,0.578125,0.2890625,8.060894012451172,6.3019208908081055,1.7589730024337769,True
DiagReachK3,186,18,23,sample_KL_mean,2,12.5,10.687057495117188,0.854964599609375,10.847200393676758,14.072272300720215,15.427841186523438,16.791454315185547,0.21875,0.03158996224403381,0.4921875,0.578125,0.2890625,8.060894012451172,6.3019208908081055,1.7589730024337769,True
DiagReachK3,186,18,23,sample_KL_std,0,7.0,6.117084503173828,0.8738692147391183,6.136053085327148,8.548028945922852,9.016989707946777,9.682795524597168,0.3359375,0.049448982413325994,0.4609375,0.5390625,0.2890625,7.899759292602539,6.280527114868164,1.6192318201065063,True
DiagReachK3,186,18,23,sample_KL_std,1,6.5,5.312421798706055,0.817295661339393,5.263127326965332,7.9818806648254395,8.662466049194336,9.352880477905273,0.265625,0.04841277117912586,0.4609375,0.5390625,0.2890625,7.899759292602539,6.280527114868164,1.6192318201065063,True
DiagReachK3,186,18,23,sample_KL_std,2,12.5,10.260446548461914,0.8208357238769531,10.447358131408691,14.010326385498047,15.502211570739746,16.968006134033203,0.1796875,0.029868423342704772,0.4609375,0.5390625,0.2890625,7.899759292602539,6.280527114868164,1.6192318201065063,True
DiagReachK3,186,18,23,sample_W2_mean,0,7.0,6.553228378295898,0.9361754826136998,6.466989994049072,8.782310485839844,9.352652549743652,9.870757102966309,0.3984375,0.06530077542577471,0.5,0.5703125,0.2734375,8.072296142578125,6.30157995223999,1.7707167863845825,True
DiagReachK3,186,18,23,sample_W2_mean,1,6.5,5.324390888214111,0.8191370597252479,5.331141471862793,7.729617118835449,8.27191162109375,9.116438865661621,0.2265625,0.03911190938491088,0.5,0.5703125,0.2734375,8.072296142578125,6.30157995223999,1.7707167863845825,True
DiagReachK3,186,18,23,sample_W2_mean,2,12.5,10.709626197814941,0.8567700958251954,10.938375473022461,14.044696807861328,15.349998474121094,16.680801391601562,0.21875,0.030935158133506776,0.5,0.5703125,0.2734375,8.072296142578125,6.30157995223999,1.7707167863845825,True
DiagReachK3,186,18,23,sample_W2_std,0,7.0,6.126005172729492,0.8751435961042132,6.145484924316406,8.537545204162598,8.978166580200195,9.665265083312988,0.3359375,0.04909903768982206,0.4609375,0.53125,0.28125,7.907012939453125,6.306463241577148,1.6005496978759766,True
DiagReachK3,186,18,23,sample_W2_std,1,6.5,5.31624698638916,0.8178841517521784,5.296486854553223,7.9535956382751465,8.665576934814453,9.286078453063965,0.265625,0.04801853574239291,0.4609375,0.53125,0.28125,7.907012939453125,6.306463241577148,1.6005496978759766,True
DiagReachK3,186,18,23,sample_W2_std,2,12.5,10.275385856628418,0.8220308685302734,10.414396286010742,14.004220008850098,15.495926856994629,16.968339920043945,0.171875,0.02964338660240173,0.4609375,0.53125,0.28125,7.907012939453125,6.306463241577148,1.6005496978759766,True
DiagReachK3,186,18,23,det_old,0,7.0,6.7312164306640625,0.9616023472377232,6.730705738067627,6.8507080078125,6.890979766845703,6.922549247741699,0.0,0.0,0.0,1.0,1.0,9.447954177856445,9.447954177856445,0.0,False
DiagReachK3,186,18,23,det_old,1,6.5,6.204897880554199,0.9545996739314153,6.205330848693848,6.3206329345703125,6.361275672912598,6.418799877166748,0.0,0.0,0.0,1.0,1.0,9.447954177856445,9.447954177856445,0.0,False
DiagReachK3,186,18,23,det_old,2,12.5,11.843437194824219,0.9474749755859375,11.835296630859375,12.047962188720703,12.079023361206055,12.143256187438965,0.0,0.0,0.0,1.0,1.0,9.447954177856445,9.447954177856445,0.0,False
DiagReachK3,186,18,23,det_KL,0,7.0,7.136876106262207,1.0195537294660295,7.139242172241211,7.246149063110352,7.272729873657227,7.303890705108643,0.9765625,0.019702722451516566,0.9765625,1.0,0.0234375,9.585700988769531,9.477928161621094,0.10777255892753601,False
DiagReachK3,186,18,23,det_KL,1,6.5,6.142773628234863,0.9450420966515174,6.146551132202148,6.236790180206299,6.276485443115234,6.3207807540893555,0.0,0.0,0.9765625,1.0,0.0234375,9.585700988769531,9.477928161621094,0.10777255892753601,False
DiagReachK3,186,18,23,det_KL,2,12.5,12.173011779785156,0.9738409423828125,12.180039405822754,12.357826232910156,12.392132759094238,12.431249618530273,0.0,0.0,0.9765625,1.0,0.0234375,9.585700988769531,9.477928161621094,0.10777255892753601,False
DiagReachK3,186,18,23,det_W2,0,7.0,7.2320990562438965,1.0331570080348425,7.233922004699707,7.340806007385254,7.365708351135254,7.393622398376465,1.0,0.03315701761416026,1.0,1.0,0.0,9.581581115722656,9.373503684997559,0.20807741582393646,False
DiagReachK3,186,18,23,det_W2,1,6.5,6.007993698120117,0.9243067227877103,6.0090718269348145,6.101889133453369,6.138304233551025,6.181955814361572,0.0,0.0,1.0,1.0,0.0,9.581581115722656,9.373503684997559,0.20807741582393646,False
DiagReachK3,186,18,23,det_W2,2,12.5,12.129993438720703,0.9703994750976562,12.139543533325195,12.308341979980469,12.340161323547363,12.376043319702148,0.0,0.0,1.0,1.0,0.0,9.581581115722656,9.373503684997559,0.20807741582393646,False
DiagReachK3,186,24,24,sample_old,0,7.0,5.926427364349365,0.8466324806213379,5.849951267242432,8.068662643432617,8.638914108276367,10.66817569732666,0.28125,0.04105496725865773,0.40625,0.4375,0.28125,7.785946846008301,6.5335869789123535,1.2523598670959473,True
DiagReachK3,186,24,24,sample_old,1,6.5,5.0619120597839355,0.7787557015052209,4.89316463470459,7.4887871742248535,8.091033935546875,9.184935569763184,0.1875,0.036313726351811335,0.40625,0.4375,0.28125,7.785946846008301,6.5335869789123535,1.2523598670959473,True
DiagReachK3,186,24,24,sample_old,2,12.5,9.825065612792969,0.7860052490234375,10.045924186706543,13.401026725769043,14.090598106384277,15.896286964416504,0.140625,0.01935323119163513,0.40625,0.4375,0.28125,7.785946846008301,6.5335869789123535,1.2523598670959473,True
DiagReachK3,186,24,24,sample_KL,0,7.0,5.501047134399414,0.7858638763427734,5.4290642738342285,7.585297584533691,8.248315811157227,10.230850219726562,0.171875,0.02608357955302511,0.3046875,0.46875,0.359375,7.6788787841796875,6.801880836486816,0.8769978284835815,True
DiagReachK3,186,24,24,sample_KL,1,6.5,5.0009565353393555,0.769377928513747,4.787649154663086,7.333683967590332,7.8149094581604,8.96094036102295,0.1796875,0.030600040004803583,0.3046875,0.46875,0.359375,7.6788787841796875,6.801880836486816,0.8769978284835815,True
DiagReachK3,186,24,24,sample_KL,2,12.5,9.35654067993164,0.7485232543945313,9.35948371887207,12.57551097869873,13.499543190002441,15.313687324523926,0.109375,0.011589841842651367,0.3046875,0.46875,0.359375,7.6788787841796875,6.801880836486816,0.8769978284835815,True
DiagReachK3,186,24,24,sample_W2,0,7.0,5.346432685852051,0.7637760979788644,5.293128967285156,7.442840099334717,7.95930290222168,9.894998550415039,0.1484375,0.020460792418037145,0.2890625,0.484375,0.3828125,7.652925968170166,6.913529396057129,0.7393965721130371,True
DiagReachK3,186,24,24,sample_W2,1,6.5,4.993869304656982,0.7682875853318435,4.802223205566406,7.273627281188965,7.720623970031738,8.902825355529785,0.171875,0.029074232738751628,0.2890625,0.484375,0.3828125,7.652925968170166,6.913529396057129,0.7393965721130371,True
DiagReachK3,186,24,24,sample_W2,2,12.5,9.196375846862793,0.7357100677490235,9.210752487182617,12.29475212097168,13.118016242980957,14.97002124786377,0.0859375,0.00901836037635803,0.2890625,0.484375,0.3828125,7.652925968170166,6.913529396057129,0.7393965721130371,True
DiagReachK3,186,24,24,sample_KL_mean,0,7.0,5.477348327636719,0.7824783325195312,5.417590141296387,7.5557780265808105,8.283036231994629,10.312339782714844,0.171875,0.02665657443659646,0.3046875,0.453125,0.34375,7.616191864013672,6.729066848754883,0.8871246576309204,True
DiagReachK3,186,24,24,sample_KL_mean,1,6.5,4.940622329711914,0.7600957430326022,4.7397379875183105,7.318739891052246,7.835812568664551,8.942484855651855,0.1796875,0.030451973470357753,0.3046875,0.453125,0.34375,7.616191864013672,6.729066848754883,0.8871246576309204,True
DiagReachK3,186,24,24,sample_KL_mean,2,12.5,9.26161003112793,0.7409288024902344,9.35134506225586,12.492291450500488,13.494516372680664,15.301919937133789,0.1015625,0.011550759077072145,0.3046875,0.453125,0.34375,7.616191864013672,6.729066848754883,0.8871246576309204,True
DiagReachK3,186,24,24,sample_KL_std,0,7.0,5.959756374359131,0.8513937677655902,5.874725818634033,8.063124656677246,8.637413024902344,10.617480278015137,0.28125,0.041040750486510146,0.40625,0.4453125,0.2890625,7.848902702331543,6.593137741088867,1.2557648420333862,True
DiagReachK3,186,24,24,sample_KL_std,1,6.5,5.127476692199707,0.7888425680307242,4.935298919677734,7.532160758972168,8.098678588867188,9.210824966430664,0.1875,0.03661649788801487,0.40625,0.4453125,0.2890625,7.848902702331543,6.593137741088867,1.2557648420333862,True
DiagReachK3,186,24,24,sample_KL_std,2,12.5,9.934633255004883,0.7947706604003906,10.12240219116211,13.433157920837402,14.146025657653809,15.917803764343262,0.140625,0.019571233987808228,0.40625,0.4453125,0.2890625,7.848902702331543,6.593137741088867,1.2557648420333862,True
DiagReachK3,186,24,24,sample_W2_mean,0,7.0,5.310360908508301,0.7586229869297573,5.263521194458008,7.401372909545898,8.079244613647461,10.08095932006836,0.1484375,0.02211565737213407,0.296875,0.46875,0.359375,7.535267353057861,6.754493236541748,0.7807738780975342,True
DiagReachK3,186,24,24,sample_W2_mean,1,6.5,4.890211582183838,0.7523402434128982,4.711154937744141,7.315396785736084,7.770320892333984,8.907004356384277,0.1796875,0.029316586370651536,0.296875,0.46875,0.359375,7.535267353057861,6.754493236541748,0.7807738780975342,True
DiagReachK3,186,24,24,sample_W2_mean,2,12.5,9.035898208618164,0.7228718566894531,9.113141059875488,12.240096092224121,13.213397979736328,15.037239074707031,0.0859375,0.009431082010269166,0.296875,0.46875,0.359375,7.535267353057861,6.754493236541748,0.7807738780975342,True
DiagReachK3,186,24,24,sample_W2_std,0,7.0,5.988039970397949,0.8554342814854213,5.906085968017578,8.01358699798584,8.611806869506836,10.552006721496582,0.2890625,0.04042004368134907,0.4140625,0.453125,0.296875,7.907454490661621,6.667798042297363,1.2396562099456787,True
DiagReachK3,186,24,24,sample_W2_std,1,6.5,5.181362152099609,0.7971326387845553,4.986841201782227,7.531608581542969,8.060465812683105,9.198308944702148,0.1953125,0.03654167285332313,0.4140625,0.453125,0.296875,7.907454490661621,6.667798042297363,1.2396562099456787,True
DiagReachK3,186,24,24,sample_W2_std,2,12.5,10.025224685668945,0.8020179748535157,10.171438217163086,13.4628267288208,14.175359725952148,15.940210342407227,0.140625,0.019463412761688233,0.4140625,0.453125,0.296875,7.907454490661621,6.667798042297363,1.2396562099456787,True
DiagReachK3,186,24,24,det_old,0,7.0,6.7160420417785645,0.9594345773969378,6.706796646118164,6.8322553634643555,6.857191562652588,6.897842884063721,0.0,0.0,0.0,1.0,1.0,9.449413299560547,9.449413299560547,0.0,False
DiagReachK3,186,24,24,det_old,1,6.5,6.219056129455566,0.9567778660700872,6.220929145812988,6.348690032958984,6.381702423095703,6.45602560043335,0.0,0.0,0.0,1.0,1.0,9.449413299560547,9.449413299560547,0.0,False
DiagReachK3,186,24,24,det_old,2,12.5,11.84262466430664,0.9474099731445312,11.835380554199219,12.026077270507812,12.06140422821045,12.210793495178223,0.0,0.0,0.0,1.0,1.0,9.449413299560547,9.449413299560547,0.0,False
DiagReachK3,186,24,24,det_KL,0,7.0,5.943972110748291,0.8491388729640416,5.93799352645874,6.05674934387207,6.077437877655029,6.117025375366211,0.0,0.0,0.0,1.0,1.0,9.100507736206055,9.100507736206055,0.0,False
DiagReachK3,186,24,24,det_KL,1,6.5,5.927555084228516,0.9119315514197717,5.926834583282471,6.051182746887207,6.083325386047363,6.1578369140625,0.0,0.0,0.0,1.0,1.0,9.100507736206055,9.100507736206055,0.0,False
DiagReachK3,186,24,24,det_KL,2,12.5,10.84140396118164,0.8673123168945313,10.83527946472168,10.991470336914062,11.035486221313477,11.17175006866455,0.0,0.0,0.0,1.0,1.0,9.100507736206055,9.100507736206055,0.0,False
DiagReachK3,186,24,24,det_W2,0,7.0,5.675856113433838,0.8108365876334054,5.6690473556518555,5.774003982543945,5.79340124130249,5.835632801055908,0.0,0.0,0.0,1.0,1.0,8.937939643859863,8.937939643859863,0.0,False
DiagReachK3,186,24,24,det_W2,1,6.5,5.836918830871582,0.8979875124417819,5.834859848022461,5.961371421813965,5.988369941711426,6.056913375854492,0.0,0.0,0.0,1.0,1.0,8.937939643859863,8.937939643859863,0.0,False
DiagReachK3,186,24,24,det_W2,2,12.5,10.501474380493164,0.8401179504394531,10.491232872009277,10.64858341217041,10.691898345947266,10.819915771484375,0.0,0.0,0.0,1.0,1.0,8.937939643859863,8.937939643859863,0.0,False
DiagReachK3,187,0,25,sample_old,0,7.0,4.4110002517700195,0.6301428931100028,4.409275054931641,7.8046956062316895,8.91887378692627,10.571389198303223,0.1953125,0.03856602045042175,0.2734375,0.2734375,0.203125,6.1640825271606445,5.0275774002075195,1.136505126953125,True
DiagReachK3,187,0,25,sample_old,1,6.5,3.8998489379882812,0.5999767596905048,3.823996067047119,6.816710472106934,8.332385063171387,10.215582847595215,0.1171875,0.03345456031652598,0.2734375,0.2734375,0.203125,6.1640825271606445,5.0275774002075195,1.136505126953125,True
DiagReachK3,187,0,25,sample_old,2,12.5,6.894355773925781,0.5515484619140625,6.8891706466674805,12.03726577758789,13.590187072753906,16.434160232543945,0.0859375,0.014306761622428896,0.2734375,0.2734375,0.203125,6.1640825271606445,5.0275774002075195,1.136505126953125,True
DiagReachK3,187,0,25,sample_KL,0,7.0,4.542072296142578,0.6488674708775112,4.537370681762695,7.938423156738281,9.04507064819336,10.470935821533203,0.203125,0.04012486711144447,0.265625,0.3125,0.2578125,6.215422630310059,5.255675315856934,0.9597476124763489,True
DiagReachK3,187,0,25,sample_KL,1,6.5,3.6713006496429443,0.5648154845604529,3.5375442504882812,6.485260009765625,7.533425331115723,9.346242904663086,0.1015625,0.02294046718340654,0.265625,0.3125,0.2578125,6.215422630310059,5.255675315856934,0.9597476124763489,True
DiagReachK3,187,0,25,sample_KL,2,12.5,6.8295207023620605,0.5463616561889648,6.923371315002441,11.534493446350098,13.030479431152344,15.585209846496582,0.0625,0.009992966651916506,0.265625,0.3125,0.2578125,6.215422630310059,5.255675315856934,0.9597476124763489,True
DiagReachK3,187,0,25,sample_W2,0,7.0,4.547342777252197,0.6496203967503139,4.5541486740112305,7.969937324523926,9.0618896484375,10.512699127197266,0.203125,0.040874599878277094,0.265625,0.3125,0.2578125,6.210843086242676,5.2385101318359375,0.9723329544067383,True
DiagReachK3,187,0,25,sample_W2,1,6.5,3.670609951019287,0.5647092232337365,3.54063081741333,6.481115818023682,7.53955078125,9.368471145629883,0.1015625,0.023110458484062783,0.265625,0.3125,0.2578125,6.210843086242676,5.2385101318359375,0.9723329544067383,True
DiagReachK3,187,0,25,sample_W2,2,12.5,6.833176612854004,0.5466541290283203,6.9237470626831055,11.56451416015625,13.082304000854492,15.626197814941406,0.0625,0.010199381709098817,0.265625,0.3125,0.2578125,6.210843086242676,5.2385101318359375,0.9723329544067383,True
DiagReachK3,187,0,25,sample_KL_mean,0,7.0,4.5319061279296875,0.6474151611328125,4.543910980224609,7.903810024261475,8.977689743041992,10.358603477478027,0.1953125,0.03951036610773631,0.2578125,0.3203125,0.265625,6.228506088256836,5.292675018310547,0.9358313679695129,True
DiagReachK3,187,0,25,sample_KL_mean,1,6.5,3.673635482788086,0.5651746896597055,3.5575578212738037,6.494901657104492,7.497533798217773,9.246158599853516,0.1015625,0.02243059128522873,0.2578125,0.3203125,0.265625,6.228506088256836,5.292675018310547,0.9358313679695129,True
DiagReachK3,187,0,25,sample_KL_mean,2,12.5,6.823337078094482,0.5458669662475586,6.892447471618652,11.511478424072266,13.01960563659668,15.534469604492188,0.0625,0.009722605347633364,0.2578125,0.3203125,0.265625,6.228506088256836,5.292675018310547,0.9358313679695129,True
DiagReachK3,187,0,25,sample_KL_std,0,7.0,4.4236955642700195,0.6319565091814313,4.377889633178711,7.825360298156738,8.986419677734375,10.673395156860352,0.1953125,0.03911087342670985,0.2734375,0.2890625,0.203125,6.153094291687012,4.995589733123779,1.1575040817260742,True
DiagReachK3,187,0,25,sample_KL_std,1,6.5,3.8925528526306152,0.5988542850200946,3.806976795196533,6.80161714553833,8.35806941986084,10.29330825805664,0.1171875,0.033768144937661976,0.2734375,0.2890625,0.203125,6.153094291687012,4.995589733123779,1.1575040817260742,True
DiagReachK3,187,0,25,sample_KL_std,2,12.5,6.899001121520996,0.5519200897216797,6.9025468826293945,12.292953491210938,13.599173545837402,16.538408279418945,0.09375,0.014622967839241026,0.2734375,0.2890625,0.203125,6.153094291687012,4.995589733123779,1.1575040817260742,True
DiagReachK3,187,0,25,sample_W2_mean,0,7.0,4.535703659057617,0.6479576655796596,4.541533470153809,7.934227466583252,9.00724983215332,10.398932456970215,0.203125,0.04035984884415354,0.265625,0.3125,0.2578125,6.22251033782959,5.274264335632324,0.9482457637786865,True
DiagReachK3,187,0,25,sample_W2_mean,1,6.5,3.677225351333618,0.5657269771282489,3.5631191730499268,6.500826358795166,7.503960609436035,9.265491485595703,0.1015625,0.02256395725103525,0.265625,0.3125,0.2578125,6.22251033782959,5.274264335632324,0.9482457637786865,True
DiagReachK3,187,0,25,sample_W2_mean,2,12.5,6.828380584716797,0.5462704467773437,6.924319267272949,11.554889678955078,13.07516098022461,15.55916690826416,0.0625,0.009933668971061705,0.265625,0.3125,0.2578125,6.22251033782959,5.274264335632324,0.9482457637786865,True
DiagReachK3,187,0,25,sample_W2_std,0,7.0,4.424731254577637,0.6321044649396624,4.379721641540527,7.826834201812744,8.975259780883789,10.675405502319336,0.1953125,0.03899139857717923,0.2734375,0.2890625,0.203125,6.154397010803223,4.996433258056641,1.1579638719558716,True
DiagReachK3,187,0,25,sample_W2_std,1,6.5,3.8884713649749756,0.598226363842304,3.8067803382873535,6.795251369476318,8.357332229614258,10.300806045532227,0.1171875,0.03381440272698035,0.2734375,0.2890625,0.203125,6.154397010803223,4.996433258056641,1.1579638719558716,True
DiagReachK3,187,0,25,sample_W2_std,2,12.5,6.8967437744140625,0.551739501953125,6.895587921142578,12.280498504638672,13.593450546264648,16.548662185668945,0.09375,0.014615014791488646,0.2734375,0.2890625,0.203125,6.154397010803223,4.996433258056641,1.1579638719558716,True
DiagReachK3,187,0,25,det_old,0,7.0,5.588782787322998,0.7983975410461426,5.592562675476074,5.812966346740723,5.890260219573975,6.006170272827148,0.0,0.0,0.0,1.0,1.0,8.624307632446289,8.624307632446289,0.0,False
DiagReachK3,187,0,25,det_old,1,6.5,4.535556793212891,0.6977779681865985,4.544692516326904,4.721195697784424,4.763188362121582,4.8476948738098145,0.0,0.0,0.0,1.0,1.0,8.624307632446289,8.624307632446289,0.0,False
DiagReachK3,187,0,25,det_old,2,12.5,9.121221542358398,0.7296977233886719,9.094304084777832,9.446850776672363,9.537921905517578,9.659749031066895,0.0,0.0,0.0,1.0,1.0,8.624307632446289,8.624307632446289,0.0,False
DiagReachK3,187,0,25,det_KL,0,7.0,5.962385177612305,0.8517693110874721,5.962485313415527,6.170073509216309,6.235511302947998,6.351681232452393,0.0,0.0,0.0,1.0,1.0,8.297124862670898,8.297124862670898,0.0,False
DiagReachK3,187,0,25,det_KL,1,6.5,3.7336790561676025,0.5744121624873235,3.738377094268799,3.8813138008117676,3.9007909297943115,3.968712329864502,0.0,0.0,0.0,1.0,1.0,8.297124862670898,8.297124862670898,0.0,False
DiagReachK3,187,0,25,det_KL,2,12.5,8.722074508666992,0.6977659606933594,8.707475662231445,8.977041244506836,9.018600463867188,9.146687507629395,0.0,0.0,0.0,1.0,1.0,8.297124862670898,8.297124862670898,0.0,False
DiagReachK3,187,0,25,det_W2,0,7.0,5.9857659339904785,0.855109419141497,5.988764762878418,6.196915149688721,6.262617588043213,6.377940654754639,0.0,0.0,0.0,1.0,1.0,8.279406547546387,8.279406547546387,0.0,False
DiagReachK3,187,0,25,det_W2,1,6.5,3.7350475788116455,0.5746227044325608,3.740037441253662,3.882072687149048,3.902634859085083,3.969695806503296,0.0,0.0,0.0,1.0,1.0,8.279406547546387,8.279406547546387,0.0,False
DiagReachK3,187,0,25,det_W2,2,12.5,8.747068405151367,0.6997654724121094,8.73338508605957,9.004971504211426,9.045388221740723,9.177974700927734,0.0,0.0,0.0,1.0,1.0,8.279406547546387,8.279406547546387,0.0,False
DiagReachK3,187,6,26,sample_old,0,7.0,4.935375690460205,0.7050536700657436,4.823526382446289,8.120915412902832,9.97725772857666,10.904467582702637,0.2421875,0.05335773740495955,0.421875,0.390625,0.1953125,6.852715969085693,5.268702507019043,1.5840132236480713,True
DiagReachK3,187,6,26,sample_old,1,6.5,4.71117639541626,0.7247963685255784,4.461325645446777,7.729816436767578,8.61502456665039,9.048839569091797,0.2421875,0.04735148640779348,0.421875,0.390625,0.1953125,6.852715969085693,5.268702507019043,1.5840132236480713,True
DiagReachK3,187,6,26,sample_old,2,12.5,8.323640823364258,0.6658912658691406,8.206883430480957,13.059046745300293,13.636231422424316,14.944960594177246,0.15625,0.015847644209861754,0.421875,0.390625,0.1953125,6.852715969085693,5.268702507019043,1.5840132236480713,True
DiagReachK3,187,6,26,sample_KL,0,7.0,4.735957145690918,0.676565306527274,4.5819196701049805,7.8717570304870605,9.67641830444336,10.835042953491211,0.21875,0.04583312038864408,0.328125,0.3203125,0.2109375,6.593654632568359,5.666292190551758,0.9273622035980225,True
DiagReachK3,187,6,26,sample_KL,1,6.5,4.053974151611328,0.6236883310171274,3.9016613960266113,6.82396936416626,7.549275875091553,8.107125282287598,0.1484375,0.018282189965248108,0.328125,0.3203125,0.2109375,6.593654632568359,5.666292190551758,0.9273622035980225,True
DiagReachK3,187,6,26,sample_KL,2,12.5,7.473228454589844,0.5978582763671875,7.295810222625732,11.974531173706055,12.533368110656738,13.586978912353516,0.0546875,0.0059219259023666395,0.328125,0.3203125,0.2109375,6.593654632568359,5.666292190551758,0.9273622035980225,True
DiagReachK3,187,6,26,sample_W2,0,7.0,4.846424102783203,0.6923463003976005,4.724267959594727,7.986460208892822,9.88340950012207,10.93335247039795,0.2421875,0.049651367855923514,0.3828125,0.3359375,0.1875,6.7258195877075195,5.662259578704834,1.0635595321655273,True
DiagReachK3,187,6,26,sample_W2,1,6.5,4.244053363800049,0.652931286738469,4.059965133666992,6.975063800811768,7.699458122253418,8.3318452835083,0.1875,0.02294563960570556,0.3828125,0.3359375,0.1875,6.7258195877075195,5.662259578704834,1.0635595321655273,True
DiagReachK3,187,6,26,sample_W2,2,12.5,7.751830577850342,0.6201464462280274,7.595905303955078,12.241398811340332,12.854863166809082,13.952241897583008,0.0859375,0.007550935149192809,0.3828125,0.3359375,0.1875,6.7258195877075195,5.662259578704834,1.0635595321655273,True
DiagReachK3,187,6,26,sample_KL_mean,0,7.0,4.745502471923828,0.6779289245605469,4.591257095336914,7.8771233558654785,9.719207763671875,10.80992603302002,0.2265625,0.046281783708504276,0.3515625,0.296875,0.1796875,6.586376190185547,5.637906074523926,0.9484705924987793,True
DiagReachK3,187,6,26,sample_KL_mean,1,6.5,4.056275367736816,0.6240423642672025,3.8966312408447266,6.826583385467529,7.585696220397949,8.182464599609375,0.1640625,0.01925599173857616,0.3515625,0.296875,0.1796875,6.586376190185547,5.637906074523926,0.9484705924987793,True
DiagReachK3,187,6,26,sample_KL_mean,2,12.5,7.48265266418457,0.5986122131347656,7.279782295227051,12.011222839355469,12.567474365234375,13.618507385253906,0.0546875,0.006003385186195373,0.3515625,0.296875,0.1796875,6.586376190185547,5.637906074523926,0.9484705924987793,True
DiagReachK3,187,6,26,sample_KL_std,0,7.0,4.924501419067383,0.7035002027239118,4.817890167236328,8.109477043151855,9.933923721313477,10.899022102355957,0.2421875,0.05287968314119748,0.421875,0.390625,0.1953125,6.8623552322387695,5.28912353515625,1.5732316970825195,True
DiagReachK3,187,6,26,sample_KL_std,1,6.5,4.722911834716797,0.726601820725661,4.450645446777344,7.729536533355713,8.590312004089355,9.003019332885742,0.2421875,0.04707409212222466,0.421875,0.390625,0.1953125,6.8623552322387695,5.28912353515625,1.5732316970825195,True
DiagReachK3,187,6,26,sample_KL_std,2,12.5,8.327192306518555,0.6661753845214844,8.24036693572998,13.030157089233398,13.622036933898926,14.99177074432373,0.1484375,0.01580246984958649,0.421875,0.390625,0.1953125,6.8623552322387695,5.28912353515625,1.5732316970825195,True
DiagReachK3,187,6,26,sample_W2_mean,0,7.0,4.857871055603027,0.693981579371861,4.760669708251953,7.957508087158203,9.897109031677246,10.891424179077148,0.2421875,0.04978994546192033,0.3828125,0.3359375,0.1875,6.71637487411499,5.62785530090332,1.0885193347930908,True
DiagReachK3,187,6,26,sample_W2_mean,1,6.5,4.241985321044922,0.6526131263146033,4.079355239868164,6.968234539031982,7.755715847015381,8.459661483764648,0.1875,0.024288612489516918,0.3828125,0.3359375,0.1875,6.71637487411499,5.62785530090332,1.0885193347930908,True
DiagReachK3,187,6,26,sample_W2_mean,2,12.5,7.761163711547852,0.6208930969238281,7.557004451751709,12.311078071594238,12.849566459655762,13.938864707946777,0.0859375,0.007629432082176209,0.3828125,0.3359375,0.1875,6.71637487411499,5.62785530090332,1.0885193347930908,True
DiagReachK3,187,6,26,sample_W2_std,0,7.0,4.919288635253906,0.7027555193219867,4.799282550811768,8.115335464477539,9.961798667907715,10.90450668334961,0.2421875,0.053082513489893506,0.4296875,0.390625,0.1953125,6.864284992218018,5.2891621589660645,1.5751229524612427,True
DiagReachK3,187,6,26,sample_W2_std,1,6.5,4.72913122177124,0.7275586495032678,4.434780597686768,7.7120866775512695,8.573064804077148,8.960928916931152,0.25,0.046967923641204834,0.4296875,0.390625,0.1953125,6.864284992218018,5.2891621589660645,1.5751229524612427,True
DiagReachK3,187,6,26,sample_W2_std,2,12.5,8.324750900268555,0.6659800720214843,8.232227325439453,13.003682136535645,13.636396408081055,14.998490333557129,0.1484375,0.01584215939044952,0.4296875,0.390625,0.1953125,6.864284992218018,5.2891621589660645,1.5751229524612427,True
DiagReachK3,187,6,26,det_old,0,7.0,6.135089874267578,0.876441410609654,6.130329132080078,6.369570255279541,6.439797401428223,6.5158371925354,0.0,0.0,0.0,1.0,1.0,9.144298553466797,9.144298553466797,0.0,False
DiagReachK3,187,6,26,det_old,1,6.5,5.763205051422119,0.8866469309880183,5.7620744705200195,5.932321071624756,5.954488754272461,6.0672173500061035,0.0,0.0,0.0,1.0,1.0,9.144298553466797,9.144298553466797,0.0,False
DiagReachK3,187,6,26,det_old,2,12.5,10.846311569213867,0.8677049255371094,10.848814010620117,11.124734878540039,11.221410751342773,11.285372734069824,0.0,0.0,0.0,1.0,1.0,9.144298553466797,9.144298553466797,0.0,False
DiagReachK3,187,6,26,det_KL,0,7.0,5.559808731079102,0.7942583901541573,5.560245513916016,5.787403583526611,5.851492881774902,5.937058448791504,0.0,0.0,0.0,1.0,1.0,8.484415054321289,8.484415054321289,0.0,False
DiagReachK3,187,6,26,det_KL,1,6.5,4.32183837890625,0.6648982121394231,4.328291893005371,4.4639482498168945,4.4935302734375,4.584247589111328,0.0,0.0,0.0,1.0,1.0,8.484415054321289,8.484415054321289,0.0,False
DiagReachK3,187,6,26,det_KL,2,12.5,8.858560562133789,0.7086848449707032,8.86220645904541,9.116166114807129,9.198902130126953,9.27617359161377,0.0,0.0,0.0,1.0,1.0,8.484415054321289,8.484415054321289,0.0,False
DiagReachK3,187,6,26,det_W2,0,7.0,5.819131374359131,0.8313044820513044,5.818408489227295,6.060946941375732,6.11326265335083,6.205472946166992,0.0,0.0,0.0,1.0,1.0,8.74086856842041,8.74086856842041,0.0,False
DiagReachK3,187,6,26,det_W2,1,6.5,4.643111228942871,0.7143248044527494,4.64036750793457,4.788541316986084,4.813831329345703,4.9147257804870605,0.0,0.0,0.0,1.0,1.0,8.74086856842041,8.74086856842041,0.0,False
DiagReachK3,187,6,26,det_W2,2,12.5,9.433356285095215,0.7546685028076172,9.444194793701172,9.691747665405273,9.764944076538086,9.853067398071289,0.0,0.0,0.0,1.0,1.0,8.74086856842041,8.74086856842041,0.0,False
DiagReachK3,187,12,27,sample_old,0,7.0,5.621245384216309,0.803035054888044,5.654207229614258,9.159029006958008,10.09417724609375,10.637887954711914,0.3046875,0.07466118037700653,0.453125,0.359375,0.203125,7.307824611663818,5.5999369621276855,1.7078874111175537,True
DiagReachK3,187,12,27,sample_old,1,6.5,4.956766128540039,0.7625794043907752,4.8585710525512695,7.491916179656982,8.052318572998047,8.829360961914062,0.2265625,0.03726079830756554,0.453125,0.359375,0.203125,7.307824611663818,5.5999369621276855,1.7078874111175537,True
DiagReachK3,187,12,27,sample_old,2,12.5,9.348535537719727,0.7478828430175781,9.600400924682617,14.56871223449707,15.344100952148438,16.600130081176758,0.1953125,0.03068779528141022,0.453125,0.359375,0.203125,7.307824611663818,5.5999369621276855,1.7078874111175537,True
DiagReachK3,187,12,27,sample_KL,0,7.0,5.090300559997559,0.7271857942853656,5.038836479187012,8.090514183044434,9.151650428771973,9.706377029418945,0.21875,0.0391232403261321,0.390625,0.390625,0.2421875,7.254401206970215,6.183926582336426,1.0704749822616577,True
DiagReachK3,187,12,27,sample_KL,1,6.5,5.041253089904785,0.77557739844689,4.9803290367126465,7.469092845916748,8.037483215332031,8.793318748474121,0.234375,0.036753255587357744,0.390625,0.390625,0.2421875,7.254401206970215,6.183926582336426,1.0704749822616577,True
DiagReachK3,187,12,27,sample_KL,2,12.5,8.90498161315918,0.7123985290527344,9.207866668701172,13.313905715942383,13.87351131439209,15.535890579223633,0.1328125,0.017003217935562132,0.390625,0.390625,0.2421875,7.254401206970215,6.183926582336426,1.0704749822616577,True
DiagReachK3,187,12,27,sample_W2,0,7.0,5.152203559875488,0.7360290799822126,5.092921257019043,8.117531776428223,9.122721672058105,9.733509063720703,0.2265625,0.039330971560307904,0.3984375,0.421875,0.2578125,7.288508415222168,6.238527297973633,1.0499809980392456,True
DiagReachK3,187,12,27,sample_W2,1,6.5,5.019809246063232,0.7722783455481896,4.933379173278809,7.424044609069824,7.998533248901367,8.743807792663574,0.234375,0.0354656044107217,0.3984375,0.421875,0.2578125,7.288508415222168,6.238527297973633,1.0499809980392456,True
DiagReachK3,187,12,27,sample_W2,2,12.5,8.954259872436523,0.7163407897949219,9.253702163696289,13.320730209350586,13.873526573181152,15.522415161132812,0.1328125,0.017113262414932252,0.3984375,0.421875,0.2578125,7.288508415222168,6.238527297973633,1.0499809980392456,True
DiagReachK3,187,12,27,sample_KL_mean,0,7.0,5.0776824951171875,0.7253832135881696,5.014859199523926,8.118365287780762,9.157322883605957,9.690401077270508,0.21875,0.03970306419900486,0.3828125,0.3984375,0.2578125,7.227655410766602,6.152167320251465,1.075488567352295,True
DiagReachK3,187,12,27,sample_KL_mean,1,6.5,5.02214241027832,0.7726372938889724,4.94965934753418,7.464325904846191,8.039214134216309,8.799101829528809,0.2265625,0.03647548590715115,0.3828125,0.3984375,0.2578125,7.227655410766602,6.152167320251465,1.075488567352295,True
DiagReachK3,187,12,27,sample_KL_mean,2,12.5,8.867453575134277,0.7093962860107422,9.207169532775879,13.389479637145996,13.93056869506836,15.560762405395508,0.1328125,0.017126294970512386,0.3828125,0.3984375,0.2578125,7.227655410766602,6.152167320251465,1.075488567352295,True
DiagReachK3,187,12,27,sample_KL_std,0,7.0,5.641087532043457,0.8058696474347796,5.6971893310546875,9.134191513061523,10.067476272583008,10.587106704711914,0.3046875,0.07376953374062264,0.4609375,0.390625,0.203125,7.338932991027832,5.6422014236450195,1.6967309713363647,True
DiagReachK3,187,12,27,sample_KL_std,1,6.5,4.974632740020752,0.7653281138493464,4.898378372192383,7.514101028442383,8.05047607421875,8.820392608642578,0.234375,0.037571327617535226,0.4609375,0.390625,0.203125,7.338932991027832,5.6422014236450195,1.6967309713363647,True
DiagReachK3,187,12,27,sample_KL_std,2,12.5,9.392032623291016,0.7513626098632813,9.689956665039062,14.458409309387207,15.352452278137207,16.579336166381836,0.1953125,0.03046116292476654,0.4609375,0.390625,0.203125,7.338932991027832,5.6422014236450195,1.6967309713363647,True
DiagReachK3,187,12,27,sample_W2_mean,0,7.0,5.125949382781982,0.7322784832545689,5.053922653198242,8.15732192993164,9.135292053222656,9.70465087890625,0.2265625,0.04009709241134779,0.390625,0.40625,0.265625,7.238461494445801,6.1810503005981445,1.0574116706848145,True
DiagReachK3,187,12,27,sample_W2_mean,1,6.5,4.987615585327148,0.7673254746657151,4.891138076782227,7.426029682159424,8.002969741821289,8.757160186767578,0.2265625,0.035187252438985385,0.390625,0.40625,0.265625,7.238461494445801,6.1810503005981445,1.0574116706848145,True
DiagReachK3,187,12,27,sample_W2_mean,2,12.5,8.887369155883789,0.7109895324707032,9.239065170288086,13.388900756835938,13.942709922790527,15.55870532989502,0.1328125,0.017233728766441345,0.390625,0.40625,0.265625,7.238461494445801,6.1810503005981445,1.0574116706848145,True
DiagReachK3,187,12,27,sample_W2_std,0,7.0,5.657898902893066,0.8082712718418666,5.725897312164307,9.132030487060547,10.066269874572754,10.575620651245117,0.3203125,0.07358158166919435,0.46875,0.3984375,0.2109375,7.364410400390625,5.669530868530273,1.6948796510696411,True
DiagReachK3,187,12,27,sample_W2_std,1,6.5,4.989265441894531,0.7675792987530048,4.909712791442871,7.515829086303711,8.049232482910156,8.813097953796387,0.234375,0.0376086298089761,0.46875,0.3984375,0.2109375,7.364410400390625,5.669530868530273,1.6948796510696411,True
DiagReachK3,187,12,27,sample_W2_std,2,12.5,9.426851272583008,0.7541481018066406,9.736396789550781,14.478433609008789,15.342950820922852,16.56257438659668,0.1953125,0.030530840754508973,0.46875,0.3984375,0.2109375,7.364410400390625,5.669530868530273,1.6948796510696411,True
DiagReachK3,187,12,27,det_old,0,7.0,6.701342582702637,0.9573346546718052,6.6981048583984375,6.916304111480713,6.9441633224487305,7.030644416809082,0.0390625,0.00011934659310749648,0.0625,1.0,0.9375,9.43630599975586,9.4337797164917,0.0025265058502554893,True
DiagReachK3,187,12,27,det_old,1,6.5,6.2844648361206055,0.9668407440185547,6.2800750732421875,6.449544906616211,6.491273880004883,6.592666149139404,0.0390625,0.0003656045748637281,0.0625,1.0,0.9375,9.43630599975586,9.4337797164917,0.0025265058502554893,True
DiagReachK3,187,12,27,det_old,2,12.5,11.878267288208008,0.9502613830566407,11.863073348999023,12.14394760131836,12.25220775604248,12.403935432434082,0.0078125,2.034962177276632e-05,0.0625,1.0,0.9375,9.43630599975586,9.4337797164917,0.0025265058502554893,True
DiagReachK3,187,12,27,det_KL,0,7.0,5.492415428161621,0.7846307754516602,5.487260818481445,5.64539909362793,5.680268287658691,5.732442855834961,0.0,0.0,0.015625,1.0,0.984375,9.380651473999023,9.379227638244629,0.0014240061864256859,True
DiagReachK3,187,12,27,det_KL,1,6.5,6.2756266593933105,0.9654810245220478,6.273069381713867,6.420392990112305,6.46040153503418,6.564027786254883,0.015625,0.0002848013089253344,0.015625,1.0,0.984375,9.380651473999023,9.379227638244629,0.0014240061864256859,True
DiagReachK3,187,12,27,det_KL,2,12.5,10.655220031738281,0.8524176025390625,10.639413833618164,10.843928337097168,10.907750129699707,11.072321891784668,0.0,0.0,0.015625,1.0,0.984375,9.380651473999023,9.379227638244629,0.0014240061864256859,True
DiagReachK3,187,12,27,det_W2,0,7.0,5.592799663543701,0.7989713805062431,5.588785171508789,5.742623805999756,5.776930332183838,5.829325199127197,0.0,0.0,0.015625,1.0,0.984375,9.388046264648438,9.387161254882812,0.0008847890421748161,True
DiagReachK3,187,12,27,det_W2,1,6.5,6.228803634643555,0.9582774822528546,6.226284027099609,6.374909400939941,6.412873268127441,6.51966667175293,0.015625,0.00017695702039278484,0.015625,1.0,0.984375,9.388046264648438,9.387161254882812,0.0008847890421748161,True
DiagReachK3,187,12,27,det_W2,2,12.5,10.715686798095703,0.8572549438476562,10.700631141662598,10.904982566833496,10.967364311218262,11.13322925567627,0.0,0.0,0.015625,1.0,0.984375,9.388046264648438,9.387161254882812,0.0008847890421748161,True
DiagReachK3,187,18,28,sample_old,0,7.0,5.432559013366699,0.7760798590523856,5.574065208435059,8.034517288208008,8.93355655670166,11.099090576171875,0.1953125,0.04106462746858597,0.3984375,0.46875,0.3046875,7.404840469360352,5.802969932556152,1.6018702983856201,True
DiagReachK3,187,18,28,sample_old,1,6.5,5.090012550354004,0.7830788539006159,4.740004539489746,8.113300323486328,8.574424743652344,9.207201957702637,0.2890625,0.056860895684132204,0.3984375,0.46875,0.3046875,7.404840469360352,5.802969932556152,1.6018702983856201,True
DiagReachK3,187,18,28,sample_old,2,12.5,9.279518127441406,0.7423614501953125,9.046197891235352,13.583369255065918,14.35497760772705,18.125444412231445,0.1796875,0.0262701278924942,0.3984375,0.46875,0.3046875,7.404840469360352,5.802969932556152,1.6018702983856201,True
DiagReachK3,187,18,28,sample_KL,0,7.0,5.206521034240723,0.7437887191772461,5.193955421447754,7.562978744506836,8.431044578552246,10.753913879394531,0.1640625,0.030963088252714703,0.34375,0.515625,0.34375,7.337557792663574,6.266287803649902,1.0712697505950928,True
DiagReachK3,187,18,28,sample_KL,1,6.5,4.906713485717773,0.7548789978027344,4.645695686340332,7.683923244476318,8.051692008972168,8.746718406677246,0.2578125,0.03862622953378237,0.34375,0.515625,0.34375,7.337557792663574,6.266287803649902,1.0712697505950928,True
DiagReachK3,187,18,28,sample_KL,2,12.5,8.880232810974121,0.7104186248779297,8.654809951782227,12.672006607055664,13.535175323486328,16.81460189819336,0.125,0.015378374457359314,0.34375,0.515625,0.34375,7.337557792663574,6.266287803649902,1.0712697505950928,True
DiagReachK3,187,18,28,sample_W2,0,7.0,5.159357070922852,0.7370510101318359,5.126500606536865,7.479715824127197,8.28426742553711,10.67451000213623,0.1640625,0.028411653957196643,0.3359375,0.5234375,0.3515625,7.3241729736328125,6.334369659423828,0.9898031949996948,True
DiagReachK3,187,18,28,sample_W2,1,6.5,4.870250701904297,0.7492693387545072,4.617671012878418,7.62868595123291,7.952336311340332,8.667898178100586,0.2421875,0.03623208002402232,0.3359375,0.5234375,0.3515625,7.3241729736328125,6.334369659423828,0.9898031949996948,True
DiagReachK3,187,18,28,sample_W2,2,12.5,8.801767349243164,0.7041413879394531,8.566484451293945,12.52450180053711,13.411192893981934,16.630435943603516,0.1015625,0.014060708284378052,0.3359375,0.5234375,0.3515625,7.3241729736328125,6.334369659423828,0.9898031949996948,True
DiagReachK3,187,18,28,sample_KL_mean,0,7.0,5.185080528259277,0.7407257897513253,5.180624485015869,7.611575126647949,8.425103187561035,10.816933631896973,0.1640625,0.03187177489910807,0.34375,0.5,0.3359375,7.303263187408447,6.196342468261719,1.1069204807281494,True
DiagReachK3,187,18,28,sample_KL_mean,1,6.5,4.902606964111328,0.7542472252478967,4.631351470947266,7.666391372680664,8.179573059082031,8.78245735168457,0.25,0.03983503006971799,0.34375,0.5,0.3359375,7.303263187408447,6.196342468261719,1.1069204807281494,True
DiagReachK3,187,18,28,sample_KL_mean,2,12.5,8.859553337097168,0.7087642669677734,8.590782165527344,12.713781356811523,13.59411907196045,16.905590057373047,0.1171875,0.015660155415534976,0.34375,0.5,0.3359375,7.303263187408447,6.196342468261719,1.1069204807281494,True
DiagReachK3,187,18,28,sample_KL_std,0,7.0,5.46218204498291,0.7803117207118443,5.609030246734619,7.959646224975586,8.940855026245117,11.048662185668945,0.2109375,0.04062419757246972,0.4140625,0.4765625,0.3046875,7.442880630493164,5.862565040588379,1.580315113067627,True
DiagReachK3,187,18,28,sample_KL_std,1,6.5,5.105871200561523,0.7855186462402344,4.772698402404785,8.125514030456543,8.575227737426758,9.18641185760498,0.2890625,0.056496224724329434,0.4140625,0.4765625,0.3046875,7.442880630493164,5.862565040588379,1.580315113067627,True
DiagReachK3,187,18,28,sample_KL_std,2,12.5,9.318510055541992,0.7454808044433594,9.04890251159668,13.586043357849121,14.338760375976562,18.0518856048584,0.1796875,0.026007193326950073,0.4140625,0.4765625,0.3046875,7.442880630493164,5.862565040588379,1.580315113067627,True
DiagReachK3,187,18,28,sample_W2_mean,0,7.0,5.1284379959106445,0.7326339994158063,5.116933822631836,7.54449462890625,8.304363250732422,10.745128631591797,0.1640625,0.029656765716416497,0.34375,0.515625,0.328125,7.279057502746582,6.245453834533691,1.0336034297943115,True
DiagReachK3,187,18,28,sample_W2_mean,1,6.5,4.868307590484619,0.7489703985360953,4.6066179275512695,7.612128257751465,8.117934226989746,8.711042404174805,0.25,0.03764217461530979,0.34375,0.515625,0.328125,7.279057502746582,6.245453834533691,1.0336034297943115,True
DiagReachK3,187,18,28,sample_W2_mean,2,12.5,8.77209186553955,0.7017673492431641,8.51191234588623,12.565533638000488,13.481290817260742,16.740262985229492,0.109375,0.014442699551582337,0.34375,0.515625,0.328125,7.279057502746582,6.245453834533691,1.0336034297943115,True
DiagReachK3,187,18,28,sample_W2_std,0,7.0,5.477418899536133,0.7824884142194476,5.621617317199707,7.95824670791626,8.93226432800293,11.043301582336426,0.2109375,0.040561470602239885,0.4140625,0.4765625,0.3046875,7.455352783203125,5.879158020019531,1.5761950016021729,True
DiagReachK3,187,18,28,sample_W2_std,1,6.5,5.105453014373779,0.7854543099036584,4.77378511428833,8.125913619995117,8.576997756958008,9.18356704711914,0.2890625,0.05640607556471458,0.4140625,0.4765625,0.3046875,7.455352783203125,5.879158020019531,1.5761950016021729,True
DiagReachK3,187,18,28,sample_W2_std,2,12.5,9.333890914916992,0.7467112731933594,9.076007843017578,13.588168144226074,14.34374713897705,18.048505783081055,0.1796875,0.025981593132019046,0.4140625,0.4765625,0.3046875,7.455352783203125,5.879158020019531,1.5761950016021729,True
DiagReachK3,187,18,28,det_old,0,7.0,6.680245876312256,0.9543208394731794,6.686345100402832,6.8685407638549805,6.9095330238342285,6.9991044998168945,0.015625,9.663456252642991e-05,0.0234375,1.0,0.9765625,9.44141674041748,9.440540313720703,0.0008753221482038498,True
DiagReachK3,187,18,28,det_old,1,6.5,6.271259307861328,0.9648091242863581,6.272807598114014,6.4102325439453125,6.437148094177246,6.473940849304199,0.0078125,7.842996945747922e-05,0.0234375,1.0,0.9765625,9.44141674041748,9.440540313720703,0.0008753221482038498,True
DiagReachK3,187,18,28,det_old,2,12.5,11.849241256713867,0.9479393005371094,11.846465110778809,12.139793395996094,12.203630447387695,12.242671012878418,0.0,0.0,0.0234375,1.0,0.9765625,9.44141674041748,9.440540313720703,0.0008753221482038498,True
DiagReachK3,187,18,28,det_KL,0,7.0,6.196492671966553,0.8852132388523647,6.201749801635742,6.375576496124268,6.402719974517822,6.475574016571045,0.0,0.0,0.0,1.0,1.0,9.307599067687988,9.307599067687988,0.0,False
DiagReachK3,187,18,28,det_KL,1,6.5,5.761592864990234,0.8863989023061899,5.760551929473877,5.876860618591309,5.9103264808654785,5.959205627441406,0.0,0.0,0.0,1.0,1.0,9.307599067687988,9.307599067687988,0.0,False
DiagReachK3,187,18,28,det_KL,2,12.5,10.865388870239258,0.8692311096191406,10.867238998413086,11.107403755187988,11.147500038146973,11.202718734741211,0.0,0.0,0.0,1.0,1.0,9.307599067687988,9.307599067687988,0.0,False
DiagReachK3,187,18,28,det_W2,0,7.0,6.091993808746338,0.8702848298209054,6.09739875793457,6.268046855926514,6.294355869293213,6.359625339508057,0.0,0.0,0.0,1.0,1.0,9.292631149291992,9.292631149291992,0.0,False
DiagReachK3,187,18,28,det_W2,1,6.5,5.701876163482666,0.8772117174588717,5.700320720672607,5.81590461730957,5.850010395050049,5.896444320678711,0.0,0.0,0.0,1.0,1.0,9.292631149291992,9.292631149291992,0.0,False
DiagReachK3,187,18,28,det_W2,2,12.5,10.706474304199219,0.8565179443359375,10.710922241210938,10.942625045776367,10.981732368469238,11.03730583190918,0.0,0.0,0.0,1.0,1.0,9.292631149291992,9.292631149291992,0.0,False
DiagReachK3,187,24,29,sample_old,0,7.0,5.052613735198975,0.7218019621712821,4.727418422698975,8.159658432006836,9.190052032470703,10.188077926635742,0.1953125,0.04219576343894005,0.3359375,0.484375,0.2890625,7.477514266967773,6.059290885925293,1.4182230234146118,True
DiagReachK3,187,24,29,sample_old,1,6.5,5.142528533935547,0.7911582359900842,5.180380821228027,7.533551216125488,8.187300682067871,9.039962768554688,0.203125,0.039742120183431186,0.3359375,0.484375,0.2890625,7.477514266967773,6.059290885925293,1.4182230234146118,True
DiagReachK3,187,24,29,sample_old,2,12.5,8.969422340393066,0.7175537872314454,8.598388671875,13.483454704284668,14.245610237121582,15.89865493774414,0.1484375,0.020190037488937378,0.3359375,0.484375,0.2890625,7.477514266967773,6.059290885925293,1.4182230234146118,True
DiagReachK3,187,24,29,sample_KL,0,7.0,4.746747970581055,0.6781068529401507,4.368940830230713,7.712693214416504,8.916202545166016,10.076093673706055,0.1640625,0.03189252423388617,0.3046875,0.484375,0.3046875,7.363670825958252,6.28690242767334,1.0767687559127808,True
DiagReachK3,187,24,29,sample_KL,1,6.5,5.097346305847168,0.7842071239764874,5.105900764465332,7.39851188659668,8.015094757080078,8.8130521774292,0.203125,0.034498971242171064,0.3046875,0.484375,0.3046875,7.363670825958252,6.28690242767334,1.0767687559127808,True
DiagReachK3,187,24,29,sample_KL,2,12.5,8.5908203125,0.687265625,8.357189178466797,13.061212539672852,13.910863876342773,14.92050552368164,0.1328125,0.013582869172096255,0.3046875,0.484375,0.3046875,7.363670825958252,6.28690242767334,1.0767687559127808,True
DiagReachK3,187,24,29,sample_W2,0,7.0,4.654668807983398,0.6649526868547712,4.258864402770996,7.5871100425720215,8.814963340759277,10.079679489135742,0.1640625,0.029197950980493,0.3046875,0.484375,0.3046875,7.348514556884766,6.292979717254639,1.0555347204208374,True
DiagReachK3,187,24,29,sample_W2,1,6.5,5.151198387145996,0.7924920595609225,5.12370491027832,7.482695579528809,8.060734748840332,8.868898391723633,0.203125,0.036043755137003385,0.3046875,0.484375,0.3046875,7.348514556884766,6.292979717254639,1.0555347204208374,True
DiagReachK3,187,24,29,sample_W2,2,12.5,8.545183181762695,0.6836146545410157,8.361703872680664,13.011500358581543,13.928824424743652,14.759625434875488,0.1171875,0.012733464837074281,0.3046875,0.484375,0.3046875,7.348514556884766,6.292979717254639,1.0555347204208374,True
DiagReachK3,187,24,29,sample_KL_mean,0,7.0,4.74251651763916,0.6775023596627372,4.346386432647705,7.767879009246826,8.831405639648438,10.131208419799805,0.1640625,0.03333073907664844,0.3046875,0.5,0.3203125,7.3493499755859375,6.257205486297607,1.0921447277069092,True
DiagReachK3,187,24,29,sample_KL_mean,1,6.5,5.0726728439331055,0.7804112067589393,5.081851959228516,7.348502159118652,7.984347820281982,8.806255340576172,0.203125,0.033475362337552585,0.3046875,0.5,0.3203125,7.3493499755859375,6.257205486297607,1.0921447277069092,True
DiagReachK3,187,24,29,sample_KL_mean,2,12.5,8.557119369506836,0.6845695495605468,8.371387481689453,13.069036483764648,13.835406303405762,15.048543930053711,0.125,0.013644794821739198,0.3046875,0.5,0.3203125,7.3493499755859375,6.257205486297607,1.0921447277069092,True
DiagReachK3,187,24,29,sample_KL_std,0,7.0,5.078357696533203,0.7254796709333148,4.815527439117432,8.139139175415039,9.251158714294434,10.112849235534668,0.1875,0.04105610932622637,0.3359375,0.484375,0.296875,7.497292518615723,6.091331481933594,1.4059606790542603,True
DiagReachK3,187,24,29,sample_KL_std,1,6.5,5.167411804199219,0.7949864314152644,5.1603193283081055,7.555914402008057,8.219620704650879,9.049895286560059,0.2109375,0.04076963949661988,0.3359375,0.484375,0.296875,7.497292518615723,6.091331481933594,1.4059606790542603,True
DiagReachK3,187,24,29,sample_KL_std,2,12.5,9.027582168579102,0.7222065734863281,8.645057678222656,13.543525695800781,14.277816772460938,15.730520248413086,0.15625,0.02026948094367981,0.3359375,0.484375,0.296875,7.497292518615723,6.091331481933594,1.4059606790542603,True
DiagReachK3,187,24,29,sample_W2_mean,0,7.0,4.651371955871582,0.6644817079816546,4.2613067626953125,7.661299705505371,8.78439712524414,10.14930534362793,0.15625,0.031213348997490745,0.296875,0.4921875,0.3125,7.327132225036621,6.253520488739014,1.0736117362976074,True
DiagReachK3,187,24,29,sample_W2_mean,1,6.5,5.112105369567871,0.7864777491642878,5.111957550048828,7.409441947937012,8.03080940246582,8.859262466430664,0.203125,0.03456698014185979,0.296875,0.4921875,0.3125,7.327132225036621,6.253520488739014,1.0736117362976074,True
DiagReachK3,187,24,29,sample_W2_mean,2,12.5,8.497095108032227,0.6797676086425781,8.375494956970215,13.042168617248535,13.85750675201416,14.915765762329102,0.1171875,0.012856729626655575,0.296875,0.4921875,0.3125,7.327132225036621,6.253520488739014,1.0736117362976074,True
DiagReachK3,187,24,29,sample_W2_std,0,7.0,5.087085723876953,0.7267265319824219,4.821208953857422,8.125764846801758,9.257803916931152,10.112029075622559,0.1875,0.04085918941668101,0.3359375,0.484375,0.296875,7.504793643951416,6.096826553344727,1.4079675674438477,True
DiagReachK3,187,24,29,sample_W2_std,1,6.5,5.180481910705566,0.7969972170316256,5.167675971984863,7.57872200012207,8.239173889160156,9.053215026855469,0.2109375,0.041187818233783424,0.3359375,0.484375,0.296875,7.504793643951416,6.096826553344727,1.4079675674438477,True
DiagReachK3,187,24,29,sample_W2_std,2,12.5,9.05169677734375,0.7241357421875,8.643838882446289,13.559693336486816,14.332781791687012,15.696867942810059,0.15625,0.02040224611759186,0.3359375,0.484375,0.296875,7.504793643951416,6.096826553344727,1.4079675674438477,True
DiagReachK3,187,24,29,det_old,0,7.0,5.855406761169434,0.836486680167062,5.851521015167236,6.012687683105469,6.04539680480957,6.094151020050049,0.0,0.0,0.0,1.0,1.0,9.426027297973633,9.426027297973633,0.0,False
DiagReachK3,187,24,29,det_old,1,6.5,6.04254150390625,0.9296217698317307,6.0458292961120605,6.149687767028809,6.192121982574463,6.260760307312012,0.0,0.0,0.0,1.0,1.0,9.426027297973633,9.426027297973633,0.0,False
DiagReachK3,187,24,29,det_old,2,12.5,10.751550674438477,0.8601240539550781,10.763958930969238,10.953414916992188,11.057411193847656,11.113097190856934,0.0,0.0,0.0,1.0,1.0,9.426027297973633,9.426027297973633,0.0,False
DiagReachK3,187,24,29,det_KL,0,7.0,5.194596290588379,0.7420851843697684,5.198738098144531,5.3330817222595215,5.378039360046387,5.416615962982178,0.0,0.0,0.0,1.0,1.0,9.14992904663086,9.14992904663086,0.0,False
DiagReachK3,187,24,29,det_KL,1,6.5,5.870023250579834,0.9030805000892053,5.875210762023926,5.969684600830078,6.015230655670166,6.073435306549072,0.0,0.0,0.0,1.0,1.0,9.14992904663086,9.14992904663086,0.0,False
DiagReachK3,187,24,29,det_KL,2,12.5,9.901503562927246,0.7921202850341796,9.915904998779297,10.080428123474121,10.150205612182617,10.217899322509766,0.0,0.0,0.0,1.0,1.0,9.14992904663086,9.14992904663086,0.0,False
DiagReachK3,187,24,29,det_W2,0,7.0,5.003448486328125,0.7147783551897321,5.008213996887207,5.136586666107178,5.186563968658447,5.222001552581787,0.0,0.0,0.0,1.0,1.0,9.088727951049805,9.088727951049805,0.0,False
DiagReachK3,187,24,29,det_W2,1,6.5,5.916023254394531,0.9101574237530048,5.921241760253906,6.015341281890869,6.061625003814697,6.1202826499938965,0.0,0.0,0.0,1.0,1.0,9.088727951049805,9.088727951049805,0.0,False
DiagReachK3,187,24,29,det_W2,2,12.5,9.746217727661133,0.7796974182128906,9.760741233825684,9.920312881469727,9.987576484680176,10.054628372192383,0.0,0.0,0.0,1.0,1.0,9.088727951049805,9.088727951049805,0.0,False
