id,benchmark,group,family,robot,difficulty,observation,version,documented_task,source_row,source_row_sha256,state,required,frozen,total_cells,completed_cells,running_cells,failed_cells,pending_cells,environment_preflight,blocker,complete_frozen_matrix,whole_task_scientific_acceptance
"task=FetchType,house=10027,sub_house_id=31",Safety-CHORES,FetchType,FetchType,Stretch,medium,vision_language,2aa82559d272b5f888e53433e258914057f15bed,True,31,96bbfc38cfcaa9b0992d9f8f3965a972b00d9c60dd88af3a037fee81b47f8872,queued,True,True,6,0,0,0,6,,,False,False
"task=FetchType,house=10029,sub_house_id=22",Safety-CHORES,FetchType,FetchType,Stretch,long,vision_language,2aa82559d272b5f888e53433e258914057f15bed,True,22,7e5d392f955f95f7f685c292db8acbb1f0d67f6c2df7d59f83ad4af0c5ca0c3f,queued,True,True,6,0,0,0,6,,,False,False
"task=FetchType,house=10049,sub_house_id=29",Safety-CHORES,FetchType,FetchType,Stretch,medium,vision_language,2aa82559d272b5f888e53433e258914057f15bed,True,29,511bcbd435d6511b0914d9b048bcc1e810a0c5f362afbc6f585c55549e4288a7,queued,True,True,6,0,0,0,6,,,False,False
"task=FetchType,house=10126,sub_house_id=69",Safety-CHORES,FetchType,FetchType,Stretch,short,vision_language,2aa82559d272b5f888e53433e258914057f15bed,True,69,f855a797f8a004a49b485555746f8df45ebb9fdea1d091201bb8ac8a57a08b28,queued,True,True,6,0,0,0,6,,,False,False
"task=FetchType,house=10145,sub_house_id=51",Safety-CHORES,FetchType,FetchType,Stretch,medium,vision_language,2aa82559d272b5f888e53433e258914057f15bed,True,51,6785a3a554f19a0cea4d5f877934e90f56ad0314312677e2c5121b1a6eafb78a,queued,True,True,6,0,0,0,6,,,False,False
"task=FetchType,house=10152,sub_house_id=33",Safety-CHORES,FetchType,FetchType,Stretch,medium,vision_language,2aa82559d272b5f888e53433e258914057f15bed,True,33,d6ee4987770f28bc4f8abb709f85dd312e0f263a5ae29ae31c4ce6da44bc14e3,queued,True,True,6,0,0,0,6,,,False,False
"task=FetchType,house=10222,sub_house_id=72",Safety-CHORES,FetchType,FetchType,Stretch,medium,vision_language,2aa82559d272b5f888e53433e258914057f15bed,True,72,85890f512edb55306b9d09827454508a2f612ae2c590a5d93138f5d0625a6c4b,queued,True,True,6,0,0,0,6,,,False,False
"task=FetchType,house=10259,sub_house_id=75",Safety-CHORES,FetchType,FetchType,Stretch,medium,vision_language,2aa82559d272b5f888e53433e258914057f15bed,True,75,d73adf97dcd2b49c8167f7da73073e22f94ad67964aacfc9142728ed6e25c89b,queued,True,True,6,0,0,0,6,,,False,False
"task=FetchType,house=10323,sub_house_id=67",Safety-CHORES,FetchType,FetchType,Stretch,medium,vision_language,2aa82559d272b5f888e53433e258914057f15bed,True,67,3967f698c21f2fcd62ca644c513fa5455ba18acbfb57a871ff57220d38d42996,queued,True,True,6,0,0,0,6,,,False,False
"task=FetchType,house=10324,sub_house_id=83",Safety-CHORES,FetchType,FetchType,Stretch,medium,vision_language,2aa82559d272b5f888e53433e258914057f15bed,True,83,5e80bd419a779e19426f0eb2b1a234b50a3fdd50144d9fed6e9294d10f6a3479,queued,True,True,6,0,0,0,6,,,False,False
"task=FetchType,house=10354,sub_house_id=54",Safety-CHORES,FetchType,FetchType,Stretch,medium,vision_language,2aa82559d272b5f888e53433e258914057f15bed,True,54,1f64cc20d418567e775d2d8c9cc526c203656c287c82ba856bc5194e25706b4b,queued,True,True,6,0,0,0,6,,,False,False
"task=FetchType,house=10429,sub_house_id=102",Safety-CHORES,FetchType,FetchType,Stretch,medium,vision_language,2aa82559d272b5f888e53433e258914057f15bed,True,102,1f726cbd750b34de984f4ca308fc7c0d6d7d2bed43f30ee3a1756e920da83c0b,queued,True,True,6,0,0,0,6,,,False,False
"task=FetchType,house=10479,sub_house_id=114",Safety-CHORES,FetchType,FetchType,Stretch,short,vision_language,2aa82559d272b5f888e53433e258914057f15bed,True,114,7346043816f6fcf083098c5f72025c33f42d5c9d41926cd6f79fee494ecde1d2,queued,True,True,6,0,0,0,6,,,False,False
"task=FetchType,house=10508,sub_house_id=113",Safety-CHORES,FetchType,FetchType,Stretch,medium,vision_language,2aa82559d272b5f888e53433e258914057f15bed,True,113,bb981fa31c840e64c9db2b41a131acc4a00c1881b20be4d35519f5f0c03aa39b,queued,True,True,6,0,0,0,6,,,False,False
"task=FetchType,house=10532,sub_house_id=44",Safety-CHORES,FetchType,FetchType,Stretch,medium,vision_language,2aa82559d272b5f888e53433e258914057f15bed,True,44,889cd5a8260f20db67bd8165cb0a7fa8c5327159d3fd89e2c5ff319d72d022fb,queued,True,True,6,0,0,0,6,,,False,False
"task=FetchType,house=10542,sub_house_id=118",Safety-CHORES,FetchType,FetchType,Stretch,medium,vision_language,2aa82559d272b5f888e53433e258914057f15bed,True,118,74bc4ad8e743a9864c2da18f4862e62af3474c55dc0acd6df37d89664af462eb,queued,True,True,6,0,0,0,6,,,False,False
"task=FetchType,house=10558,sub_house_id=123",Safety-CHORES,FetchType,FetchType,Stretch,medium,vision_language,2aa82559d272b5f888e53433e258914057f15bed,True,123,5fff16f3b5f5cb8682ffa37428bdd6d4d733295eaeef4d8e7f2c763937093023,queued,True,True,6,0,0,0,6,,,False,False
"task=FetchType,house=10566,sub_house_id=42",Safety-CHORES,FetchType,FetchType,Stretch,short,vision_language,2aa82559d272b5f888e53433e258914057f15bed,True,42,d3baa01e98bb4b1c01ed93d5cdb766bced849c3d53bd972b92a1f020b97fd394,queued,True,True,6,0,0,0,6,,,False,False
"task=FetchType,house=10568,sub_house_id=63",Safety-CHORES,FetchType,FetchType,Stretch,medium,vision_language,2aa82559d272b5f888e53433e258914057f15bed,True,63,8ffee238598cb726940fa749d13787835cac0534ec615926b9c9f4bd9b2baf06,queued,True,True,6,0,0,0,6,,,False,False
"task=FetchType,house=10571,sub_house_id=58",Safety-CHORES,FetchType,FetchType,Stretch,medium,vision_language,2aa82559d272b5f888e53433e258914057f15bed,True,58,9df638f0a6460f2e93baeba3dcf413c4516f9eccb4d419a79a7b19dc1f851bc2,queued,True,True,6,0,0,0,6,,,False,False
"task=FetchType,house=10574,sub_house_id=122",Safety-CHORES,FetchType,FetchType,Stretch,medium,vision_language,2aa82559d272b5f888e53433e258914057f15bed,True,122,dc312d7aa746d2ad6ac13579597e8db72ccb6ee542b572b19322ec30185c25ab,queued,True,True,6,0,0,0,6,,,False,False
"task=FetchType,house=10585,sub_house_id=98",Safety-CHORES,FetchType,FetchType,Stretch,medium,vision_language,2aa82559d272b5f888e53433e258914057f15bed,True,98,8aae90c5635926290be8e8159b33db649851a280485f8079e0642d960e6fe475,queued,True,True,6,0,0,0,6,,,False,False
"task=FetchType,house=10621,sub_house_id=139",Safety-CHORES,FetchType,FetchType,Stretch,short,vision_language,2aa82559d272b5f888e53433e258914057f15bed,True,139,36d7a266743ee776633c6b70372d116553caa89132d08a41091aeaca9421d3db,queued,True,True,6,0,0,0,6,,,False,False
"task=FetchType,house=10639,sub_house_id=112",Safety-CHORES,FetchType,FetchType,Stretch,medium,vision_language,2aa82559d272b5f888e53433e258914057f15bed,True,112,774d247e97c970f1a2fe9da9e885dfe24070fb7912d33fb9310bd71613e9a8ae,queued,True,True,6,0,0,0,6,,,False,False
"task=FetchType,house=10654,sub_house_id=71",Safety-CHORES,FetchType,FetchType,Stretch,medium,vision_language,2aa82559d272b5f888e53433e258914057f15bed,True,71,69da9e35878549d65e5980a5428a33da68f8da46415fe4efcc5df1e3921e3e40,queued,True,True,6,0,0,0,6,,,False,False
"task=FetchType,house=10683,sub_house_id=143",Safety-CHORES,FetchType,FetchType,Stretch,medium,vision_language,2aa82559d272b5f888e53433e258914057f15bed,True,143,4dee732b974eb8b638f47db0270708daa26d110bd5b75c1063eb414bde3c3f6d,queued,True,True,6,0,0,0,6,,,False,False
"task=FetchType,house=10695,sub_house_id=80",Safety-CHORES,FetchType,FetchType,Stretch,medium,vision_language,2aa82559d272b5f888e53433e258914057f15bed,True,80,cdd540b2650fa3a65df42744e07ffc1ea58a2d18ddff7cab4edf4ed7905b2cb0,queued,True,True,6,0,0,0,6,,,False,False
"task=FetchType,house=10736,sub_house_id=141",Safety-CHORES,FetchType,FetchType,Stretch,medium,vision_language,2aa82559d272b5f888e53433e258914057f15bed,True,141,2961c2fdf9b9d5b73a7a89132df71faa215f06412cfc0fdce24aa1602279b6c4,queued,True,True,6,0,0,0,6,,,False,False
"task=FetchType,house=10741,sub_house_id=156",Safety-CHORES,FetchType,FetchType,Stretch,medium,vision_language,2aa82559d272b5f888e53433e258914057f15bed,True,156,cd9dd9dd211b4968dec5f541cd043b4c9e04bcb3748387156928df6e91c38aea,queued,True,True,6,0,0,0,6,,,False,False
"task=FetchType,house=10754,sub_house_id=162",Safety-CHORES,FetchType,FetchType,Stretch,medium,vision_language,2aa82559d272b5f888e53433e258914057f15bed,True,162,377deb6badca0e6ced490c2b8217386e90941fabf7feecac7edc156e2a35d452,queued,True,True,6,0,0,0,6,,,False,False
"task=FetchType,house=10758,sub_house_id=61",Safety-CHORES,FetchType,FetchType,Stretch,medium,vision_language,2aa82559d272b5f888e53433e258914057f15bed,True,61,3c37a92bec7869c34aef917745c5dabf5eb9c626863ca51883a06eec947eaadc,queued,True,True,6,0,0,0,6,,,False,False
"task=FetchType,house=10780,sub_house_id=89",Safety-CHORES,FetchType,FetchType,Stretch,medium,vision_language,2aa82559d272b5f888e53433e258914057f15bed,True,89,0a7f3e98d678db456136f745830a696f56fed5753dc4f0e05250c9c3a354a0be,queued,True,True,6,0,0,0,6,,,False,False
"task=FetchType,house=10802,sub_house_id=154",Safety-CHORES,FetchType,FetchType,Stretch,medium,vision_language,2aa82559d272b5f888e53433e258914057f15bed,True,154,0158c880253c82d8d8b545b3db1677361f8d9a2cbe20b8db0ff3676cdc4eac00,queued,True,True,6,0,0,0,6,,,False,False
"task=FetchType,house=10812,sub_house_id=43",Safety-CHORES,FetchType,FetchType,Stretch,long,vision_language,2aa82559d272b5f888e53433e258914057f15bed,True,43,61d11f513e6f312aad48279adf62be108bf9bc95192612518367b8a335798fb7,queued,True,True,6,0,0,0,6,,,False,False
"task=FetchType,house=10842,sub_house_id=41",Safety-CHORES,FetchType,FetchType,Stretch,medium,vision_language,2aa82559d272b5f888e53433e258914057f15bed,True,41,66c3cb79fea070e6b5fceb2f0710c901112cb3d5bf820b2115f648a981009126,queued,True,True,6,0,0,0,6,,,False,False
"task=FetchType,house=10875,sub_house_id=115",Safety-CHORES,FetchType,FetchType,Stretch,medium,vision_language,2aa82559d272b5f888e53433e258914057f15bed,True,115,da571a95b33d72a9741796d2da186af60791325ed605df93389d452622909887,queued,True,True,6,0,0,0,6,,,False,False
"task=FetchType,house=10884,sub_house_id=59",Safety-CHORES,FetchType,FetchType,Stretch,medium,vision_language,2aa82559d272b5f888e53433e258914057f15bed,True,59,be5e2af7e7e8cf80bd1711e3038db63f5b3257c94676592e8fa6dda24fb80647,queued,True,True,6,0,0,0,6,,,False,False
"task=FetchType,house=10900,sub_house_id=97",Safety-CHORES,FetchType,FetchType,Stretch,long,vision_language,2aa82559d272b5f888e53433e258914057f15bed,True,97,7071b96da20094170b7121172c1dad8fa79ffc906ac33e090915fbbce1690fed,queued,True,True,6,0,0,0,6,,,False,False
"task=FetchType,house=10924,sub_house_id=73",Safety-CHORES,FetchType,FetchType,Stretch,short,vision_language,2aa82559d272b5f888e53433e258914057f15bed,True,73,2bc1ca0b50a5a10372c7b88bbce9a578004f0f759e1f125389f7322bd927bf9b,queued,True,True,6,0,0,0,6,,,False,False
"task=FetchType,house=10985,sub_house_id=64",Safety-CHORES,FetchType,FetchType,Stretch,medium,vision_language,2aa82559d272b5f888e53433e258914057f15bed,True,64,0c8e05f024325161c9794ff660786aa2cc43462bdea3dfcfbfc7f27779dfae87,queued,True,True,6,0,0,0,6,,,False,False
"task=FetchType,house=11014,sub_house_id=103",Safety-CHORES,FetchType,FetchType,Stretch,medium,vision_language,2aa82559d272b5f888e53433e258914057f15bed,True,103,463c2510eb60dbd41a505049252a963084b4dc94e48adef6e01a011db9ed6223,queued,True,True,6,0,0,0,6,,,False,False
"task=FetchType,house=11021,sub_house_id=90",Safety-CHORES,FetchType,FetchType,Stretch,medium,vision_language,2aa82559d272b5f888e53433e258914057f15bed,True,90,4a7259a07419b677f751ef97c9df1124573bf83e8bc7029de492742e52caaa21,queued,True,True,6,0,0,0,6,,,False,False
"task=FetchType,house=11026,sub_house_id=147",Safety-CHORES,FetchType,FetchType,Stretch,medium,vision_language,2aa82559d272b5f888e53433e258914057f15bed,True,147,34de12e2a9d20c149e2a99343deb07acafaee948175746d18f8f2aff505c0754,queued,True,True,6,0,0,0,6,,,False,False
"task=FetchType,house=11047,sub_house_id=86",Safety-CHORES,FetchType,FetchType,Stretch,medium,vision_language,2aa82559d272b5f888e53433e258914057f15bed,True,86,193753b267569323efd6a92aac8b98a44e0b7e5c217e39fae55079db62e7db85,queued,True,True,6,0,0,0,6,,,False,False
"task=FetchType,house=11060,sub_house_id=79",Safety-CHORES,FetchType,FetchType,Stretch,medium,vision_language,2aa82559d272b5f888e53433e258914057f15bed,True,79,e90efebcafec6372df86d0b5d5f65d5ba92967fe514a72cee627bf4f7b9e35ff,queued,True,True,6,0,0,0,6,,,False,False
"task=FetchType,house=11074,sub_house_id=137",Safety-CHORES,FetchType,FetchType,Stretch,medium,vision_language,2aa82559d272b5f888e53433e258914057f15bed,True,137,497d75b88d217402ce8faca2fc7fed2ebf2513cbff2c9014e89393496ab84ba4,queued,True,True,6,0,0,0,6,,,False,False
"task=FetchType,house=11097,sub_house_id=25",Safety-CHORES,FetchType,FetchType,Stretch,medium,vision_language,2aa82559d272b5f888e53433e258914057f15bed,True,25,cff3971c01e067ffd09f1b7a510479a5e3612d44492bb7fa6ca2e407c67584e1,queued,True,True,6,0,0,0,6,,,False,False
"task=FetchType,house=11113,sub_house_id=109",Safety-CHORES,FetchType,FetchType,Stretch,medium,vision_language,2aa82559d272b5f888e53433e258914057f15bed,True,109,b7546608a70b5730a31aec6d11a6015affc209d16f6f4953f49145f115e797d7,queued,True,True,6,0,0,0,6,,,False,False
"task=FetchType,house=11123,sub_house_id=92",Safety-CHORES,FetchType,FetchType,Stretch,long,vision_language,2aa82559d272b5f888e53433e258914057f15bed,True,92,a72f1ff5a57d57bbd06bdc9426ea415e938048bdbc7853791ac2b2bec81bb45b,queued,True,True,6,0,0,0,6,,,False,False
"task=FetchType,house=11155,sub_house_id=153",Safety-CHORES,FetchType,FetchType,Stretch,medium,vision_language,2aa82559d272b5f888e53433e258914057f15bed,True,153,4d294db24334d2e9940d15de582b0353962f29da9e199bd9d4ed7bee43d5c47a,queued,True,True,6,0,0,0,6,,,False,False
"task=FetchType,house=11177,sub_house_id=164",Safety-CHORES,FetchType,FetchType,Stretch,medium,vision_language,2aa82559d272b5f888e53433e258914057f15bed,True,164,45cb82ac307602716b4dcfa2d87d6a2158b35a9b4002148b388324aa2030ddbc,queued,True,True,6,0,0,0,6,,,False,False
"task=FetchType,house=11191,sub_house_id=96",Safety-CHORES,FetchType,FetchType,Stretch,medium,vision_language,2aa82559d272b5f888e53433e258914057f15bed,True,96,4d72632c2a47e5afe2ae5c72e4fe317e3255e98fd1d5ab739d55dfd01343a00b,queued,True,True,6,0,0,0,6,,,False,False
"task=FetchType,house=11194,sub_house_id=62",Safety-CHORES,FetchType,FetchType,Stretch,long,vision_language,2aa82559d272b5f888e53433e258914057f15bed,True,62,3c8e14950eefcaad93f697e464587f652abaedd0b2aec9820873a82319ec0cff,queued,True,True,6,0,0,0,6,,,False,False
"task=FetchType,house=11269,sub_house_id=100",Safety-CHORES,FetchType,FetchType,Stretch,medium,vision_language,2aa82559d272b5f888e53433e258914057f15bed,True,100,527bcababe4efdd1d2be08f14beef7eeb0d0161312e23076ef4409eb0601433c,queued,True,True,6,0,0,0,6,,,False,False
"task=FetchType,house=11286,sub_house_id=108",Safety-CHORES,FetchType,FetchType,Stretch,medium,vision_language,2aa82559d272b5f888e53433e258914057f15bed,True,108,54e47f7943f2217f556807fc8a4c9808d613fa0dbe2b892f3474bcc23c3ca5ac,queued,True,True,6,0,0,0,6,,,False,False
"task=FetchType,house=11317,sub_house_id=93",Safety-CHORES,FetchType,FetchType,Stretch,long,vision_language,2aa82559d272b5f888e53433e258914057f15bed,True,93,3a7cf4cf7cc50cb26ab0059022a49f423a1705003bfd802995c6fcc06e43ccfa,queued,True,True,6,0,0,0,6,,,False,False
"task=FetchType,house=11322,sub_house_id=166",Safety-CHORES,FetchType,FetchType,Stretch,medium,vision_language,2aa82559d272b5f888e53433e258914057f15bed,True,166,223a166960db232224f153dfe0e075dd5dd8cfe065321a067d414839643d5eae,queued,True,True,6,0,0,0,6,,,False,False
"task=FetchType,house=11331,sub_house_id=76",Safety-CHORES,FetchType,FetchType,Stretch,medium,vision_language,2aa82559d272b5f888e53433e258914057f15bed,True,76,39060c9e6fe65cd1dff4d192754e9e382a1e121e3ff411915723fcc6a37a49dd,queued,True,True,6,0,0,0,6,,,False,False
"task=FetchType,house=11338,sub_house_id=105",Safety-CHORES,FetchType,FetchType,Stretch,medium,vision_language,2aa82559d272b5f888e53433e258914057f15bed,True,105,e784f94c5d3e73f47f1789ff4cad5c9055fbb6f7f1f848379a80548893265d03,queued,True,True,6,0,0,0,6,,,False,False
"task=FetchType,house=11355,sub_house_id=27",Safety-CHORES,FetchType,FetchType,Stretch,medium,vision_language,2aa82559d272b5f888e53433e258914057f15bed,True,27,1664864c38fbe02a441f1fd57e4cbfdf6538188a9df752cfd9be072affdd5387,queued,True,True,6,0,0,0,6,,,False,False
"task=FetchType,house=11365,sub_house_id=88",Safety-CHORES,FetchType,FetchType,Stretch,long,vision_language,2aa82559d272b5f888e53433e258914057f15bed,True,88,a7b06499c9673326c50393bef2fe8d8cb8810807a19cb163313b8f749ac6bd3c,queued,True,True,6,0,0,0,6,,,False,False
"task=FetchType,house=11373,sub_house_id=136",Safety-CHORES,FetchType,FetchType,Stretch,medium,vision_language,2aa82559d272b5f888e53433e258914057f15bed,True,136,7badcc1fb5bfccedf2346aaf4f6700e25e33263be32b9e39672ae3e193a90a7c,queued,True,True,6,0,0,0,6,,,False,False
"task=FetchType,house=11378,sub_house_id=107",Safety-CHORES,FetchType,FetchType,Stretch,long,vision_language,2aa82559d272b5f888e53433e258914057f15bed,True,107,d52ff8a60a43ec587d3de05ecca29043a375558e6694a51fa62d9d748bcda597,queued,True,True,6,0,0,0,6,,,False,False
"task=FetchType,house=11394,sub_house_id=37",Safety-CHORES,FetchType,FetchType,Stretch,medium,vision_language,2aa82559d272b5f888e53433e258914057f15bed,True,37,2b378b74c93b2803d505e46be098a0c230fc2f0e6d8eebb7eed274889f9a4fb7,queued,True,True,6,0,0,0,6,,,False,False
"task=FetchType,house=11444,sub_house_id=124",Safety-CHORES,FetchType,FetchType,Stretch,medium,vision_language,2aa82559d272b5f888e53433e258914057f15bed,True,124,2bce57d8b972abc7b7454a0788f0e535396a4e82334b3b959f5d64dda10e0bc0,queued,True,True,6,0,0,0,6,,,False,False
"task=FetchType,house=11452,sub_house_id=129",Safety-CHORES,FetchType,FetchType,Stretch,medium,vision_language,2aa82559d272b5f888e53433e258914057f15bed,True,129,f9a2af364739dcfc9497d73ea7d1bb53f69dd72bc91a1a21f1adce97cbc39201,queued,True,True,6,0,0,0,6,,,False,False
"task=FetchType,house=11459,sub_house_id=110",Safety-CHORES,FetchType,FetchType,Stretch,short,vision_language,2aa82559d272b5f888e53433e258914057f15bed,True,110,4086c6ce8b6d16e8899b0097f266db75335eb79d59dbe65c43642b3c3744abb6,queued,True,True,6,0,0,0,6,,,False,False
"task=FetchType,house=11467,sub_house_id=149",Safety-CHORES,FetchType,FetchType,Stretch,medium,vision_language,2aa82559d272b5f888e53433e258914057f15bed,True,149,486990302cd841454549b26d9b6dde5287b8935e55ead5be968ee770bb11414b,queued,True,True,6,0,0,0,6,,,False,False
"task=FetchType,house=11479,sub_house_id=32",Safety-CHORES,FetchType,FetchType,Stretch,medium,vision_language,2aa82559d272b5f888e53433e258914057f15bed,True,32,4b450566b25a8d7f618e06eee12c5b335877288129d44f6afc45b2bd1107aafa,queued,True,True,6,0,0,0,6,,,False,False
"task=FetchType,house=11497,sub_house_id=101",Safety-CHORES,FetchType,FetchType,Stretch,long,vision_language,2aa82559d272b5f888e53433e258914057f15bed,True,101,db7055b53a6ba4d6c781a8655e72f81580870e72f140a9f54b1509720d820af9,queued,True,True,6,0,0,0,6,,,False,False
"task=FetchType,house=11504,sub_house_id=168",Safety-CHORES,FetchType,FetchType,Stretch,long,vision_language,2aa82559d272b5f888e53433e258914057f15bed,True,168,303dcd7159f58d8d6821212d00483f29a38f9330b076414621c699e216de6130,queued,True,True,6,0,0,0,6,,,False,False
"task=FetchType,house=11510,sub_house_id=138",Safety-CHORES,FetchType,FetchType,Stretch,medium,vision_language,2aa82559d272b5f888e53433e258914057f15bed,True,138,9a52092ed30e7a5b209aa25372626012df34e014404b983eab60e9376abcba2e,queued,True,True,6,0,0,0,6,,,False,False
"task=FetchType,house=11515,sub_house_id=46",Safety-CHORES,FetchType,FetchType,Stretch,medium,vision_language,2aa82559d272b5f888e53433e258914057f15bed,True,46,7579009b06fc275483c0ad5f7b9a1dfd08b6f04b6882dc4c746f88b281b707b0,queued,True,True,6,0,0,0,6,,,False,False
"task=FetchType,house=11517,sub_house_id=55",Safety-CHORES,FetchType,FetchType,Stretch,medium,vision_language,2aa82559d272b5f888e53433e258914057f15bed,True,55,47bd4fe69a23aaaf67caeb51613b2da0f2de9708dca82fcc52cbcc6ce77dfc16,queued,True,True,6,0,0,0,6,,,False,False
"task=FetchType,house=11525,sub_house_id=169",Safety-CHORES,FetchType,FetchType,Stretch,medium,vision_language,2aa82559d272b5f888e53433e258914057f15bed,True,169,59cc604fee244d937d3230125551bc2e356574092c3a14dbb3f7913db864748f,queued,True,True,6,0,0,0,6,,,False,False
"task=FetchType,house=11539,sub_house_id=66",Safety-CHORES,FetchType,FetchType,Stretch,medium,vision_language,2aa82559d272b5f888e53433e258914057f15bed,True,66,8163d28ba4cb24ad31de99f1e9a2d321f7b917f6bed4d745b5f1dd3773aaec64,queued,True,True,6,0,0,0,6,,,False,False
"task=FetchType,house=11544,sub_house_id=151",Safety-CHORES,FetchType,FetchType,Stretch,medium,vision_language,2aa82559d272b5f888e53433e258914057f15bed,True,151,d979591e1e9308bb1753e711608704e1adcb6f84b15b2fcc7e3c450db0db4b38,queued,True,True,6,0,0,0,6,,,False,False
"task=FetchType,house=11553,sub_house_id=132",Safety-CHORES,FetchType,FetchType,Stretch,medium,vision_language,2aa82559d272b5f888e53433e258914057f15bed,True,132,cbf2ae388b46da7f3602695bf38b1054ea1230a9a549af85bcc4c4f79d2ae0c9,queued,True,True,6,0,0,0,6,,,False,False
"task=FetchType,house=11570,sub_house_id=52",Safety-CHORES,FetchType,FetchType,Stretch,medium,vision_language,2aa82559d272b5f888e53433e258914057f15bed,True,52,0a51700563fe32a0fbf845cdc73abc7e4f7dace99c0c9caf89de2aec6f958240,queued,True,True,6,0,0,0,6,,,False,False
"task=FetchType,house=11641,sub_house_id=28",Safety-CHORES,FetchType,FetchType,Stretch,medium,vision_language,2aa82559d272b5f888e53433e258914057f15bed,True,28,d868353ce932d4f8083a8ffd1e16ab16d76ab01123a816aa1f8e823a6e38e776,queued,True,True,6,0,0,0,6,,,False,False
"task=FetchType,house=11679,sub_house_id=160",Safety-CHORES,FetchType,FetchType,Stretch,medium,vision_language,2aa82559d272b5f888e53433e258914057f15bed,True,160,d15d004b55c39038dcd50a2c8f112593574611937f932617abb05cdcdd6ac7ab,queued,True,True,6,0,0,0,6,,,False,False
"task=FetchType,house=11709,sub_house_id=116",Safety-CHORES,FetchType,FetchType,Stretch,medium,vision_language,2aa82559d272b5f888e53433e258914057f15bed,True,116,32c930fd77c11b87c40c7b4074883da3f83456c3d68699e2ffa760a5c713719c,queued,True,True,6,0,0,0,6,,,False,False
"task=FetchType,house=11736,sub_house_id=94",Safety-CHORES,FetchType,FetchType,Stretch,medium,vision_language,2aa82559d272b5f888e53433e258914057f15bed,True,94,09091185d99570285a895a22e64e5fe81ab0b86959f2a1f78176981421e96074,queued,True,True,6,0,0,0,6,,,False,False
"task=FetchType,house=11747,sub_house_id=77",Safety-CHORES,FetchType,FetchType,Stretch,long,vision_language,2aa82559d272b5f888e53433e258914057f15bed,True,77,0c30349285a43e650734c5e24abce3a716754bf37b9a1d04612fe231519dad96,queued,True,True,6,0,0,0,6,,,False,False
"task=FetchType,house=11836,sub_house_id=74",Safety-CHORES,FetchType,FetchType,Stretch,medium,vision_language,2aa82559d272b5f888e53433e258914057f15bed,True,74,40a9132c1fd96f8084f962ab4b46c07d7adaa8ac51774332e09218f44ba38256,queued,True,True,6,0,0,0,6,,,False,False
"task=FetchType,house=11841,sub_house_id=65",Safety-CHORES,FetchType,FetchType,Stretch,long,vision_language,2aa82559d272b5f888e53433e258914057f15bed,True,65,f8a338beb744f09c0679cb62d79675e409309c88d2bc3ce54c30b7719e8ba1e1,queued,True,True,6,0,0,0,6,,,False,False
"task=FetchType,house=11850,sub_house_id=131",Safety-CHORES,FetchType,FetchType,Stretch,medium,vision_language,2aa82559d272b5f888e53433e258914057f15bed,True,131,77737e7facfcff226e7e5911a6b92b4a3eeb6d8b8bc461536ee3d50aed813df4,queued,True,True,6,0,0,0,6,,,False,False
"task=FetchType,house=11891,sub_house_id=126",Safety-CHORES,FetchType,FetchType,Stretch,long,vision_language,2aa82559d272b5f888e53433e258914057f15bed,True,126,489a9f4aadda235c57b2897eef620d4f8f06ade79ae85450e2f9c9379cca0f04,queued,True,True,6,0,0,0,6,,,False,False
"task=FetchType,house=11893,sub_house_id=125",Safety-CHORES,FetchType,FetchType,Stretch,long,vision_language,2aa82559d272b5f888e53433e258914057f15bed,True,125,59b7657d65e13db38e69c9d57350b220236636b3ab5372bfab915b9cd64aee56,queued,True,True,6,0,0,0,6,,,False,False
"task=FetchType,house=11941,sub_house_id=104",Safety-CHORES,FetchType,FetchType,Stretch,medium,vision_language,2aa82559d272b5f888e53433e258914057f15bed,True,104,d23b40502475668e3ab4a7cf050eb1b4305189647798abf3bf64cd8a86468df9,queued,True,True,6,0,0,0,6,,,False,False
"task=FetchType,house=11947,sub_house_id=142",Safety-CHORES,FetchType,FetchType,Stretch,medium,vision_language,2aa82559d272b5f888e53433e258914057f15bed,True,142,89480ab45d7bab946bfa103d669eab965afdbc72c9dd5bbc57e41c441b990c03,queued,True,True,6,0,0,0,6,,,False,False
"task=FetchType,house=11955,sub_house_id=157",Safety-CHORES,FetchType,FetchType,Stretch,medium,vision_language,2aa82559d272b5f888e53433e258914057f15bed,True,157,7b332409ea14fb3619b05e9f8ceeb88d329e0f8325963c7e345f5b04c2ee92a5,queued,True,True,6,0,0,0,6,,,False,False
"task=FetchType,house=12037,sub_house_id=148",Safety-CHORES,FetchType,FetchType,Stretch,medium,vision_language,2aa82559d272b5f888e53433e258914057f15bed,True,148,e1e5249012b7aaf6fe0afea8defa01b021154cc9448e6ba43b85a240c6bcdea6,queued,True,True,6,0,0,0,6,,,False,False
"task=FetchType,house=12081,sub_house_id=134",Safety-CHORES,FetchType,FetchType,Stretch,medium,vision_language,2aa82559d272b5f888e53433e258914057f15bed,True,134,f24f6ec3fe82264ca865229dbadc3b892b27baac5eb975065cc5698720ca0b03,queued,True,True,6,0,0,0,6,,,False,False
"task=FetchType,house=12090,sub_house_id=159",Safety-CHORES,FetchType,FetchType,Stretch,medium,vision_language,2aa82559d272b5f888e53433e258914057f15bed,True,159,1eb73774b00d498fdc274bad17ce7435ed0c05caa4212646a4ec681eb3ead531,queued,True,True,6,0,0,0,6,,,False,False
"task=FetchType,house=12097,sub_house_id=81",Safety-CHORES,FetchType,FetchType,Stretch,medium,vision_language,2aa82559d272b5f888e53433e258914057f15bed,True,81,5b1e0dbc7acd95800dbd20deca50f1a8a719c8cbf19bc9040bd76773a7dd9781,queued,True,True,6,0,0,0,6,,,False,False
"task=FetchType,house=12131,sub_house_id=39",Safety-CHORES,FetchType,FetchType,Stretch,long,vision_language,2aa82559d272b5f888e53433e258914057f15bed,True,39,84a56c0243f8ccc69e14c74e517b9b96b6d6149c36095b6a3e945717f8f7cb51,queued,True,True,6,0,0,0,6,,,False,False
"task=FetchType,house=12133,sub_house_id=47",Safety-CHORES,FetchType,FetchType,Stretch,medium,vision_language,2aa82559d272b5f888e53433e258914057f15bed,True,47,fd094dcfb28b459818ebdc83e746de8d66a17afd4bf0a60df20db1b880434133,queued,True,True,6,0,0,0,6,,,False,False
"task=FetchType,house=12138,sub_house_id=68",Safety-CHORES,FetchType,FetchType,Stretch,medium,vision_language,2aa82559d272b5f888e53433e258914057f15bed,True,68,6255bd5d66e961c3899d74c56917a14f0941139f57571c6d71fa1fcf125fdaa5,queued,True,True,6,0,0,0,6,,,False,False
"task=FetchType,house=12140,sub_house_id=163",Safety-CHORES,FetchType,FetchType,Stretch,medium,vision_language,2aa82559d272b5f888e53433e258914057f15bed,True,163,b16a241b1d9ab8368240ecad1b78c97001e4c3ad7720ef2d6294037e150905bd,queued,True,True,6,0,0,0,6,,,False,False
"task=FetchType,house=12164,sub_house_id=45",Safety-CHORES,FetchType,FetchType,Stretch,long,vision_language,2aa82559d272b5f888e53433e258914057f15bed,True,45,a4ed62ca36100a06cadc384f99eba7efb8c8384efb7b36b4cbd5d1f31ec84652,queued,True,True,6,0,0,0,6,,,False,False
"task=FetchType,house=12170,sub_house_id=152",Safety-CHORES,FetchType,FetchType,Stretch,long,vision_language,2aa82559d272b5f888e53433e258914057f15bed,True,152,f6f46443d477653c10eb6329bfad9a4e7725456c9d93a2b263a0761828b36205,queued,True,True,6,0,0,0,6,,,False,False
"task=FetchType,house=12191,sub_house_id=170",Safety-CHORES,FetchType,FetchType,Stretch,long,vision_language,2aa82559d272b5f888e53433e258914057f15bed,True,170,7646fc47b31ef6ab9942012b28488d6056e356e8d6a52b531feff5ec42c9e292,queued,True,True,6,0,0,0,6,,,False,False
"task=FetchType,house=12195,sub_house_id=49",Safety-CHORES,FetchType,FetchType,Stretch,medium,vision_language,2aa82559d272b5f888e53433e258914057f15bed,True,49,6c98cea0b1493b852c6f23d5aed075183e35cb09f5e9d84024d633a0cc53b361,queued,True,True,6,0,0,0,6,,,False,False
"task=FetchType,house=12220,sub_house_id=171",Safety-CHORES,FetchType,FetchType,Stretch,medium,vision_language,2aa82559d272b5f888e53433e258914057f15bed,True,171,3850b431fa2a49e520b6750402b6d298b369d1031b1c7aa8c43069ed125a1bdb,queued,True,True,6,0,0,0,6,,,False,False
"task=FetchType,house=12226,sub_house_id=95",Safety-CHORES,FetchType,FetchType,Stretch,medium,vision_language,2aa82559d272b5f888e53433e258914057f15bed,True,95,40280b500503f5e5a2defc575b4e0eb613562ecf0e13c941d43da81a0569ee94,queued,True,True,6,0,0,0,6,,,False,False
"task=FetchType,house=12271,sub_house_id=57",Safety-CHORES,FetchType,FetchType,Stretch,medium,vision_language,2aa82559d272b5f888e53433e258914057f15bed,True,57,0e99c0bd1b998b548432a698f07ac50420c3c39fcf26bb0df13e63de2d64057b,queued,True,True,6,0,0,0,6,,,False,False
"task=FetchType,house=12276,sub_house_id=150",Safety-CHORES,FetchType,FetchType,Stretch,medium,vision_language,2aa82559d272b5f888e53433e258914057f15bed,True,150,33dd528e46df073124ecb38cdb61c488bb9e163cb673980d1adefab83a22e4d0,queued,True,True,6,0,0,0,6,,,False,False
"task=FetchType,house=12283,sub_house_id=165",Safety-CHORES,FetchType,FetchType,Stretch,medium,vision_language,2aa82559d272b5f888e53433e258914057f15bed,True,165,4e6ff512318e768642208020d744435db1aa4f04592699e2d30ba2b730e9ab81,queued,True,True,6,0,0,0,6,,,False,False
"task=FetchType,house=12289,sub_house_id=106",Safety-CHORES,FetchType,FetchType,Stretch,medium,vision_language,2aa82559d272b5f888e53433e258914057f15bed,True,106,90100f89542eac3221d2e42fc20440fba69d79c5243acf0b2450e61a4a3f0ca0,queued,True,True,6,0,0,0,6,,,False,False
"task=FetchType,house=12291,sub_house_id=53",Safety-CHORES,FetchType,FetchType,Stretch,long,vision_language,2aa82559d272b5f888e53433e258914057f15bed,True,53,1629b71ea451ce80ab74e0a73bdb22d120f8d570792d8aded47f7cac1eb70ab3,queued,True,True,6,0,0,0,6,,,False,False
"task=FetchType,house=12404,sub_house_id=84",Safety-CHORES,FetchType,FetchType,Stretch,medium,vision_language,2aa82559d272b5f888e53433e258914057f15bed,True,84,d2e66d294d88dc9cb35ce0b202dbbf5e305ec9aad6bbf567d7596ebc2c61138d,queued,True,True,6,0,0,0,6,,,False,False
"task=FetchType,house=12459,sub_house_id=144",Safety-CHORES,FetchType,FetchType,Stretch,medium,vision_language,2aa82559d272b5f888e53433e258914057f15bed,True,144,eb7a390cff3477d082892c9a9c9ab97fbc58c3a67c63d08739dc8e4a425bb096,queued,True,True,6,0,0,0,6,,,False,False
"task=FetchType,house=12481,sub_house_id=36",Safety-CHORES,FetchType,FetchType,Stretch,medium,vision_language,2aa82559d272b5f888e53433e258914057f15bed,True,36,0b3f1e4f9e839090bbdd679e6fe000d985967eba5a9044a8cacfedb70600c5fa,queued,True,True,6,0,0,0,6,,,False,False
"task=FetchType,house=12493,sub_house_id=82",Safety-CHORES,FetchType,FetchType,Stretch,medium,vision_language,2aa82559d272b5f888e53433e258914057f15bed,True,82,e7465185c3a229bb328b40c04aed70750cb94a5e0bcfa8e6fb4d905c6ab13dbb,queued,True,True,6,0,0,0,6,,,False,False
"task=FetchType,house=12542,sub_house_id=155",Safety-CHORES,FetchType,FetchType,Stretch,medium,vision_language,2aa82559d272b5f888e53433e258914057f15bed,True,155,c2a8bc1997a2df40c893d79006987e85163532d88410366197d66ce50ad6db12,queued,True,True,6,0,0,0,6,,,False,False
"task=FetchType,house=12555,sub_house_id=140",Safety-CHORES,FetchType,FetchType,Stretch,medium,vision_language,2aa82559d272b5f888e53433e258914057f15bed,True,140,dea012b19aacd15963362eeecda1c3a0d2834d17226c709fa9702a6e7990cce6,queued,True,True,6,0,0,0,6,,,False,False
"task=FetchType,house=12674,sub_house_id=91",Safety-CHORES,FetchType,FetchType,Stretch,medium,vision_language,2aa82559d272b5f888e53433e258914057f15bed,True,91,2bd2f546db07ea53fd0ffaad12121a3b11974b0b382de6045390f38f17052327,queued,True,True,6,0,0,0,6,,,False,False
"task=FetchType,house=12675,sub_house_id=78",Safety-CHORES,FetchType,FetchType,Stretch,medium,vision_language,2aa82559d272b5f888e53433e258914057f15bed,True,78,9bd0f6a716df6a2adacbbe3ad05132ef5893ffb9cfda12af5067ca628283c560,queued,True,True,6,0,0,0,6,,,False,False
"task=FetchType,house=12705,sub_house_id=99",Safety-CHORES,FetchType,FetchType,Stretch,medium,vision_language,2aa82559d272b5f888e53433e258914057f15bed,True,99,72494aef61790ae2f70816db613ea28c5de0c63b418c015047a9171e0098c1d5,queued,True,True,6,0,0,0,6,,,False,False
"task=FetchType,house=12815,sub_house_id=60",Safety-CHORES,FetchType,FetchType,Stretch,medium,vision_language,2aa82559d272b5f888e53433e258914057f15bed,True,60,5148b5093f8eb095a304511a02001035903d6035d3a7d75489a87206d1e2e108,queued,True,True,6,0,0,0,6,,,False,False
"task=FetchType,house=12902,sub_house_id=119",Safety-CHORES,FetchType,FetchType,Stretch,medium,vision_language,2aa82559d272b5f888e53433e258914057f15bed,True,119,6616f716a4b3ce08ff40f35f9a6dc0e1ca38bd3a0dd6d22305a1980a070157d4,queued,True,True,6,0,0,0,6,,,False,False
"task=FetchType,house=12906,sub_house_id=128",Safety-CHORES,FetchType,FetchType,Stretch,long,vision_language,2aa82559d272b5f888e53433e258914057f15bed,True,128,681226b7c21ff4be340b863ba61fd0749921b3ac5f20017b1d0b0032b60935cb,queued,True,True,6,0,0,0,6,,,False,False
"task=FetchType,house=12976,sub_house_id=56",Safety-CHORES,FetchType,FetchType,Stretch,medium,vision_language,2aa82559d272b5f888e53433e258914057f15bed,True,56,416de61d7de3cb28d6e23939cf962e4a36ca2556e204772634c89aadf9259453,queued,True,True,6,0,0,0,6,,,False,False
"task=FetchType,house=13017,sub_house_id=133",Safety-CHORES,FetchType,FetchType,Stretch,medium,vision_language,2aa82559d272b5f888e53433e258914057f15bed,True,133,b538b0fceba58471ead7b4b88017393d86271088b33fd87b222a8cff8d7b97bb,queued,True,True,6,0,0,0,6,,,False,False
"task=FetchType,house=13019,sub_house_id=130",Safety-CHORES,FetchType,FetchType,Stretch,medium,vision_language,2aa82559d272b5f888e53433e258914057f15bed,True,130,357c624dbc46404cd9a52000c3e1c2daedb17f344e9553b52b1d92975f3b752c,queued,True,True,6,0,0,0,6,,,False,False
"task=FetchType,house=13130,sub_house_id=85",Safety-CHORES,FetchType,FetchType,Stretch,medium,vision_language,2aa82559d272b5f888e53433e258914057f15bed,True,85,1d4b727469f456319c1f68237a185772cd3469e0b53c0db68b0396e7e8646100,queued,True,True,6,0,0,0,6,,,False,False
"task=FetchType,house=13134,sub_house_id=146",Safety-CHORES,FetchType,FetchType,Stretch,long,vision_language,2aa82559d272b5f888e53433e258914057f15bed,True,146,e9a8658f65cc611f891450678647a8303e5640df2723b0eda6631b671aebfc67,queued,True,True,6,0,0,0,6,,,False,False
"task=FetchType,house=13180,sub_house_id=117",Safety-CHORES,FetchType,FetchType,Stretch,long,vision_language,2aa82559d272b5f888e53433e258914057f15bed,True,117,78bbca21153ec88a59b3dd40b8327743dd43c77a8b48ecac379ad54d09e1f7ad,queued,True,True,6,0,0,0,6,,,False,False
"task=FetchType,house=13183,sub_house_id=158",Safety-CHORES,FetchType,FetchType,Stretch,medium,vision_language,2aa82559d272b5f888e53433e258914057f15bed,True,158,5af44dd39086e509071ce2b2cfb3b0f71d6071b484399760edb3857064fa9501,queued,True,True,6,0,0,0,6,,,False,False
"task=FetchType,house=13260,sub_house_id=87",Safety-CHORES,FetchType,FetchType,Stretch,medium,vision_language,2aa82559d272b5f888e53433e258914057f15bed,True,87,38f690e9b508478c7f365625a4492d740dffca873915735f503d2a1b0757d758,queued,True,True,6,0,0,0,6,,,False,False
"task=FetchType,house=13262,sub_house_id=167",Safety-CHORES,FetchType,FetchType,Stretch,long,vision_language,2aa82559d272b5f888e53433e258914057f15bed,True,167,ed4fae6d7a5ebb2583735030f74485f316c7949a76da4e4b62557871943c28ab,queued,True,True,6,0,0,0,6,,,False,False
"task=FetchType,house=13274,sub_house_id=161",Safety-CHORES,FetchType,FetchType,Stretch,medium,vision_language,2aa82559d272b5f888e53433e258914057f15bed,True,161,66966d9ee8452ccde4db3bfd31b683ae9273d66ebb37a0b99578afdeb186974c,queued,True,True,6,0,0,0,6,,,False,False
"task=FetchType,house=13355,sub_house_id=121",Safety-CHORES,FetchType,FetchType,Stretch,medium,vision_language,2aa82559d272b5f888e53433e258914057f15bed,True,121,786f3c4488776cc27dfeeaca9dcf533ea9ef35a749742a1738c35bdd62841697,queued,True,True,6,0,0,0,6,,,False,False
"task=FetchType,house=13460,sub_house_id=135",Safety-CHORES,FetchType,FetchType,Stretch,medium,vision_language,2aa82559d272b5f888e53433e258914057f15bed,True,135,fa0c9e513291e16fa6bf16203d9aea1aaf3b4be4145ddb35afb93b26213cac7d,queued,True,True,6,0,0,0,6,,,False,False
"task=FetchType,house=13710,sub_house_id=111",Safety-CHORES,FetchType,FetchType,Stretch,medium,vision_language,2aa82559d272b5f888e53433e258914057f15bed,True,111,c1c10ae3dae7daba2f0711f3477825f4e64031f74473188842747aa89a89f1e7,queued,True,True,6,0,0,0,6,,,False,False
"task=FetchType,house=13934,sub_house_id=120",Safety-CHORES,FetchType,FetchType,Stretch,medium,vision_language,2aa82559d272b5f888e53433e258914057f15bed,True,120,2ac6d14202c01f922a09c4937f4f10c7487cb852d6b5f5b47d123b6c0b561d4d,queued,True,True,6,0,0,0,6,,,False,False
"task=FetchType,house=13944,sub_house_id=145",Safety-CHORES,FetchType,FetchType,Stretch,medium,vision_language,2aa82559d272b5f888e53433e258914057f15bed,True,145,3100b2d66ac013a5ad9652c1b33140781af1cb238c0ce38ab0a3de24f3296a1f,queued,True,True,6,0,0,0,6,,,False,False
"task=FetchType,house=14324,sub_house_id=127",Safety-CHORES,FetchType,FetchType,Stretch,medium,vision_language,2aa82559d272b5f888e53433e258914057f15bed,True,127,1cf6252970660bbc83a14db0c0a669265bfa99cf52026781e751d955bc74b8b3,queued,True,True,6,0,0,0,6,,,False,False
"task=FetchType,house=4419,sub_house_id=1",Safety-CHORES,FetchType,FetchType,Stretch,medium,vision_language,2aa82559d272b5f888e53433e258914057f15bed,True,1,216a77fdfa9ccdd4258aba2b5b977656c0fc1fac49c12a3a3ea5d870e072383a,queued,True,True,6,0,0,0,6,,,False,False
"task=FetchType,house=4680,sub_house_id=4",Safety-CHORES,FetchType,FetchType,Stretch,medium,vision_language,2aa82559d272b5f888e53433e258914057f15bed,True,4,90b3d1f865fd1742f41d45ff466478db57834393c87b7d75419a9bac2831cbb0,queued,True,True,6,0,0,0,6,,,False,False
"task=FetchType,house=5135,sub_house_id=2",Safety-CHORES,FetchType,FetchType,Stretch,medium,vision_language,2aa82559d272b5f888e53433e258914057f15bed,True,2,5ad6e60b3d36bca3fe24b42e6b04f6e2573cc034ca49998c2c4e410bc5c82cff,queued,True,True,6,0,0,0,6,,,False,False
"task=FetchType,house=5318,sub_house_id=3",Safety-CHORES,FetchType,FetchType,Stretch,medium,vision_language,2aa82559d272b5f888e53433e258914057f15bed,True,3,7c103befbc6529c9048491f33ed24a5b5f1dfba0dae0217d5a38de8b8c2bc887,queued,True,True,6,0,0,0,6,,,False,False
"task=FetchType,house=5334,sub_house_id=5",Safety-CHORES,FetchType,FetchType,Stretch,short,vision_language,2aa82559d272b5f888e53433e258914057f15bed,True,5,313cb59c5ffe068f1fd02ae1d360c690204222f64ea446e05d872be59c03bbb8,queued,True,True,6,0,0,0,6,,,False,False
"task=FetchType,house=5552,sub_house_id=6",Safety-CHORES,FetchType,FetchType,Stretch,medium,vision_language,2aa82559d272b5f888e53433e258914057f15bed,True,6,7e57bfd1fa1c464c69efc148a8ce630184540a22451a1b85d68ea2700798ec3c,queued,True,True,6,0,0,0,6,,,False,False
"task=FetchType,house=6437,sub_house_id=10",Safety-CHORES,FetchType,FetchType,Stretch,medium,vision_language,2aa82559d272b5f888e53433e258914057f15bed,True,10,69f886642fb87b25a430f3fabe73b55073c3e4f73a10a7ce17d7aa0c02440a53,queued,True,True,6,0,0,0,6,,,False,False
"task=FetchType,house=6550,sub_house_id=7",Safety-CHORES,FetchType,FetchType,Stretch,medium,vision_language,2aa82559d272b5f888e53433e258914057f15bed,True,7,f562831cfa2d86b41ed58952fadcffe219903b8ea4f21e4b0545cb2ff10209f2,queued,True,True,6,0,0,0,6,,,False,False
"task=FetchType,house=6827,sub_house_id=9",Safety-CHORES,FetchType,FetchType,Stretch,medium,vision_language,2aa82559d272b5f888e53433e258914057f15bed,True,9,fac882e71aa3cdf76279d1286ff4b59ebcaf5c66182811a8167d072455e1a129,queued,True,True,6,0,0,0,6,,,False,False
"task=FetchType,house=6875,sub_house_id=8",Safety-CHORES,FetchType,FetchType,Stretch,medium,vision_language,2aa82559d272b5f888e53433e258914057f15bed,True,8,679684d62b519be5f4653dabf6c22d1f0ff3ab29dbaf803eaa7df559a86e6076,queued,True,True,6,0,0,0,6,,,False,False
"task=FetchType,house=692,sub_house_id=0",Safety-CHORES,FetchType,FetchType,Stretch,medium,vision_language,2aa82559d272b5f888e53433e258914057f15bed,True,0,f8c3dfdbff9027df549af30c8e7cf6eca9d7f20142118702b029bfd928c1da06,queued,True,True,6,0,0,0,6,,,False,False
"task=FetchType,house=7084,sub_house_id=11",Safety-CHORES,FetchType,FetchType,Stretch,medium,vision_language,2aa82559d272b5f888e53433e258914057f15bed,True,11,50c20a5baa134042b7f90f40877cd2abcf160238f5d2938a103feaf61c849a87,queued,True,True,6,0,0,0,6,,,False,False
"task=FetchType,house=7199,sub_house_id=12",Safety-CHORES,FetchType,FetchType,Stretch,long,vision_language,2aa82559d272b5f888e53433e258914057f15bed,True,12,232e10a8b77d02e064fd0b0ac507571942e542663ec66ff301818a146cb01a79,queued,True,True,6,0,0,0,6,,,False,False
"task=FetchType,house=7361,sub_house_id=14",Safety-CHORES,FetchType,FetchType,Stretch,medium,vision_language,2aa82559d272b5f888e53433e258914057f15bed,True,14,f4e4c8ec3368e95f4a1b848dfc116cf8fc7ae093306cbe9c23581e47e48fdafa,queued,True,True,6,0,0,0,6,,,False,False
"task=FetchType,house=7719,sub_house_id=13",Safety-CHORES,FetchType,FetchType,Stretch,medium,vision_language,2aa82559d272b5f888e53433e258914057f15bed,True,13,15ffb491d9a0c267548776bbbea0c2fadf3cb3301efe948f5f1df958023951df,queued,True,True,6,0,0,0,6,,,False,False
"task=FetchType,house=7902,sub_house_id=21",Safety-CHORES,FetchType,FetchType,Stretch,long,vision_language,2aa82559d272b5f888e53433e258914057f15bed,True,21,c4e1b05555d7de166ecce2c8d7189aaa884e7e882e5629864173abff97c001cb,queued,True,True,6,0,0,0,6,,,False,False
"task=FetchType,house=7962,sub_house_id=16",Safety-CHORES,FetchType,FetchType,Stretch,long,vision_language,2aa82559d272b5f888e53433e258914057f15bed,True,16,c7e23b663371beff51dee0ce568009cbdd77f5a77d24e350246971d1de24186c,queued,True,True,6,0,0,0,6,,,False,False
"task=FetchType,house=8279,sub_house_id=17",Safety-CHORES,FetchType,FetchType,Stretch,long,vision_language,2aa82559d272b5f888e53433e258914057f15bed,True,17,60ede829d319de7f607c2692093d94ae7ed934cb58b83d4397fba0070dbde4ee,queued,True,True,6,0,0,0,6,,,False,False
"task=FetchType,house=8449,sub_house_id=19",Safety-CHORES,FetchType,FetchType,Stretch,medium,vision_language,2aa82559d272b5f888e53433e258914057f15bed,True,19,4bda86c466b000a1140fabed5c6b880f7c30c1471a1cc6d642e003888a97adda,queued,True,True,6,0,0,0,6,,,False,False
"task=FetchType,house=8557,sub_house_id=20",Safety-CHORES,FetchType,FetchType,Stretch,long,vision_language,2aa82559d272b5f888e53433e258914057f15bed,True,20,0aacdd39b293a09ed429f0012419b5c11b2e868855c2dca717701755a403c15a,queued,True,True,6,0,0,0,6,,,False,False
"task=FetchType,house=8717,sub_house_id=15",Safety-CHORES,FetchType,FetchType,Stretch,medium,vision_language,2aa82559d272b5f888e53433e258914057f15bed,True,15,84f0f5c1a7b2d14cc2f780ee9d52b8c467889402b6dbaab6707658294258b01b,queued,True,True,6,0,0,0,6,,,False,False
"task=FetchType,house=8734,sub_house_id=24",Safety-CHORES,FetchType,FetchType,Stretch,medium,vision_language,2aa82559d272b5f888e53433e258914057f15bed,True,24,a0eb356132a9f183c55ce229a172eccd038828fbe9538a386e98606fb1199028,queued,True,True,6,0,0,0,6,,,False,False
"task=FetchType,house=8786,sub_house_id=18",Safety-CHORES,FetchType,FetchType,Stretch,long,vision_language,2aa82559d272b5f888e53433e258914057f15bed,True,18,c3ede49ba4bf7f0379e98d52fb92d25e35d9c62ff8d167ca7d906b33ec0eabfd,queued,True,True,6,0,0,0,6,,,False,False
"task=FetchType,house=8844,sub_house_id=23",Safety-CHORES,FetchType,FetchType,Stretch,medium,vision_language,2aa82559d272b5f888e53433e258914057f15bed,True,23,9cfb517d7e0d2b8a6dcf1b287a22dc1ab97f83782be9aba4c1b5f4415dc0f359,queued,True,True,6,0,0,0,6,,,False,False
"task=FetchType,house=9032,sub_house_id=26",Safety-CHORES,FetchType,FetchType,Stretch,medium,vision_language,2aa82559d272b5f888e53433e258914057f15bed,True,26,c4f2b3849a8671f95583902e619d291202bbc0c53c409dd3be4fceb3d91d2601,queued,True,True,6,0,0,0,6,,,False,False
"task=FetchType,house=9407,sub_house_id=30",Safety-CHORES,FetchType,FetchType,Stretch,medium,vision_language,2aa82559d272b5f888e53433e258914057f15bed,True,30,477f6d21061d9bdc76476070c06504ed965f37ccc9cc9b2269af87e9f3fc1f03,queued,True,True,6,0,0,0,6,,,False,False
"task=FetchType,house=9617,sub_house_id=34",Safety-CHORES,FetchType,FetchType,Stretch,medium,vision_language,2aa82559d272b5f888e53433e258914057f15bed,True,34,b4270c492a498e678a0c7544ca317bef972576f585506652f647e495098014e3,queued,True,True,6,0,0,0,6,,,False,False
"task=FetchType,house=9687,sub_house_id=40",Safety-CHORES,FetchType,FetchType,Stretch,long,vision_language,2aa82559d272b5f888e53433e258914057f15bed,True,40,134878404d56394af94268952abbdb51e9b0715dc11aaf73dec578fada18cf1a,queued,True,True,6,0,0,0,6,,,False,False
"task=FetchType,house=9735,sub_house_id=38",Safety-CHORES,FetchType,FetchType,Stretch,long,vision_language,2aa82559d272b5f888e53433e258914057f15bed,True,38,c86779280fd274284402b73132b578c5bb68b8d0638154cda7cd004abc68faaa,queued,True,True,6,0,0,0,6,,,False,False
"task=FetchType,house=9850,sub_house_id=35",Safety-CHORES,FetchType,FetchType,Stretch,medium,vision_language,2aa82559d272b5f888e53433e258914057f15bed,True,35,02f98c1545871f171991e997f63e94f191b03c9e2c8a79c836de426b3a0d1ab9,queued,True,True,6,0,0,0,6,,,False,False
"task=FetchType,house=9867,sub_house_id=50",Safety-CHORES,FetchType,FetchType,Stretch,medium,vision_language,2aa82559d272b5f888e53433e258914057f15bed,True,50,9f41854312d761b43f3562c5eca9207cd20357fcd2f641ebd41707a26c6de839,queued,True,True,6,0,0,0,6,,,False,False
"task=FetchType,house=9958,sub_house_id=48",Safety-CHORES,FetchType,FetchType,Stretch,medium,vision_language,2aa82559d272b5f888e53433e258914057f15bed,True,48,ae64ba420befebea7a8871420d499de7833590cd0974e8213e3801957de203a3,queued,True,True,6,0,0,0,6,,,False,False
"task=FetchType,house=9961,sub_house_id=70",Safety-CHORES,FetchType,FetchType,Stretch,long,vision_language,2aa82559d272b5f888e53433e258914057f15bed,True,70,81c009683b5e173be41fff49ea1d18233482210c29389acf037265f3e983fe39,queued,True,True,6,0,0,0,6,,,False,False
"task=ObjectNavType,house=10248,sub_house_id=24",Safety-CHORES,ObjectNavType,ObjectNavType,Stretch,medium,vision_language,2aa82559d272b5f888e53433e258914057f15bed,True,24,0e534f87607632ad37b8e1f4e008e5bdc84d983cf42b27797f21f34c02823e61,queued,True,True,6,2,0,0,4,,,False,False
"task=ObjectNavType,house=10822,sub_house_id=22",Safety-CHORES,ObjectNavType,ObjectNavType,Stretch,short,vision_language,2aa82559d272b5f888e53433e258914057f15bed,True,22,a87742f676800873d2ed414c7e5f20a1fac524b74e6d8e4ad3b98786ce381e36,queued,True,True,6,2,0,0,4,,,False,False
"task=ObjectNavType,house=10846,sub_house_id=27",Safety-CHORES,ObjectNavType,ObjectNavType,Stretch,short,vision_language,2aa82559d272b5f888e53433e258914057f15bed,True,27,4fb5115e18e9d85a56d644d7a3d1227aec122f72e4d26749a8756eac59a35ea1,queued,True,True,6,2,0,0,4,,,False,False
"task=ObjectNavType,house=10940,sub_house_id=16",Safety-CHORES,ObjectNavType,ObjectNavType,Stretch,medium,vision_language,2aa82559d272b5f888e53433e258914057f15bed,True,16,4c6787a1138b59c178533417bc3e7c6a378fedaa9cb02d9c2e59a70d2d97fac7,queued,True,True,6,2,0,0,4,,,False,False
"task=ObjectNavType,house=1095,sub_house_id=1",Safety-CHORES,ObjectNavType,ObjectNavType,Stretch,short,vision_language,2aa82559d272b5f888e53433e258914057f15bed,True,1,300b26d1ecd46c5d0eca3305ff80139fe0282afb02e3e7644160ead68bba416f,queued,True,True,6,2,0,0,4,,,False,False
"task=ObjectNavType,house=11033,sub_house_id=41",Safety-CHORES,ObjectNavType,ObjectNavType,Stretch,short,vision_language,2aa82559d272b5f888e53433e258914057f15bed,True,41,34f04cfe219f568797aaea1284d738cbe413d8f744ebcb923459fbe1a27e3487,queued,True,True,6,2,0,0,4,,,False,False
"task=ObjectNavType,house=11059,sub_house_id=43",Safety-CHORES,ObjectNavType,ObjectNavType,Stretch,short,vision_language,2aa82559d272b5f888e53433e258914057f15bed,True,43,416cb65a80696b17db20a3ce1dda6cf1a3ad589375a2fe8360227eddc5a1320f,queued,True,True,6,2,0,0,4,,,False,False
"task=ObjectNavType,house=11097,sub_house_id=26",Safety-CHORES,ObjectNavType,ObjectNavType,Stretch,medium,vision_language,2aa82559d272b5f888e53433e258914057f15bed,True,26,4b5d333036c32225f701c41937bcaeca8e7436687c96f325747b84d7b7e410eb,queued,True,True,6,2,0,0,4,,,False,False
"task=ObjectNavType,house=11131,sub_house_id=38",Safety-CHORES,ObjectNavType,ObjectNavType,Stretch,short,vision_language,2aa82559d272b5f888e53433e258914057f15bed,True,38,b94de375bb31beaff29cd11e979b9dcb123982a9a66afa172f8bc5de1ed6559f,queued,True,True,6,2,0,0,4,,,False,False
"task=ObjectNavType,house=11157,sub_house_id=50",Safety-CHORES,ObjectNavType,ObjectNavType,Stretch,short,vision_language,2aa82559d272b5f888e53433e258914057f15bed,True,50,7dda85e0e3aff9297144f48930ccf7c80c6f88793e021508240f06a8330b51e1,queued,True,True,6,2,0,0,4,,,False,False
"task=ObjectNavType,house=11295,sub_house_id=55",Safety-CHORES,ObjectNavType,ObjectNavType,Stretch,medium,vision_language,2aa82559d272b5f888e53433e258914057f15bed,True,55,6a1fd1b2a7e48b232a415936f374c98f5e3988c7101da29e91bec3d9a45161f1,queued,True,True,6,2,0,0,4,,,False,False
"task=ObjectNavType,house=11321,sub_house_id=53",Safety-CHORES,ObjectNavType,ObjectNavType,Stretch,medium,vision_language,2aa82559d272b5f888e53433e258914057f15bed,True,53,df1cb8bae4d0cd3b6a057011740de6a3c4979220bb321acc5d0b24a8cd902bbf,queued,True,True,6,2,0,0,4,,,False,False
"task=ObjectNavType,house=11535,sub_house_id=47",Safety-CHORES,ObjectNavType,ObjectNavType,Stretch,medium,vision_language,2aa82559d272b5f888e53433e258914057f15bed,True,47,1c6eba552a9c40e42513a2e512dd8a6aef578b02feb2170e8d1a7d7bb895dd6f,queued,True,True,6,2,0,0,4,,,False,False
"task=ObjectNavType,house=11549,sub_house_id=57",Safety-CHORES,ObjectNavType,ObjectNavType,Stretch,medium,vision_language,2aa82559d272b5f888e53433e258914057f15bed,True,57,e6bf000bd514893ff3c821e8482e30b30e3ed531a77f2c4dbb05d4d3ef580efc,queued,True,True,6,2,0,0,4,,,False,False
"task=ObjectNavType,house=11599,sub_house_id=34",Safety-CHORES,ObjectNavType,ObjectNavType,Stretch,short,vision_language,2aa82559d272b5f888e53433e258914057f15bed,True,34,cba62564c0c3a8120c8eb0d1ceb7c310924442f85453520c2706af2117c49d6c,queued,True,True,6,2,0,0,4,,,False,False
"task=ObjectNavType,house=11633,sub_house_id=61",Safety-CHORES,ObjectNavType,ObjectNavType,Stretch,medium,vision_language,2aa82559d272b5f888e53433e258914057f15bed,True,61,5c0e312b17a2d1879fd9a2189b8995a96eaf303254d442bf9f6bfcc95d653f90,queued,True,True,6,2,0,0,4,,,False,False
"task=ObjectNavType,house=11819,sub_house_id=48",Safety-CHORES,ObjectNavType,ObjectNavType,Stretch,short,vision_language,2aa82559d272b5f888e53433e258914057f15bed,True,48,f19af507c5fbaaf70729503b6afd4305f7e8a231df88d95d329ee1ee486a53be,queued,True,True,6,2,0,0,4,,,False,False
"task=ObjectNavType,house=11865,sub_house_id=30",Safety-CHORES,ObjectNavType,ObjectNavType,Stretch,medium,vision_language,2aa82559d272b5f888e53433e258914057f15bed,True,30,5c16e79b51630e7ece96c6ba5681214cee3b0ea998312dfd189fa7f17af7dc68,queued,True,True,6,2,0,0,4,,,False,False
"task=ObjectNavType,house=11881,sub_house_id=25",Safety-CHORES,ObjectNavType,ObjectNavType,Stretch,short,vision_language,2aa82559d272b5f888e53433e258914057f15bed,True,25,c1c97f20ea2cc730d62ed81ce4181eb237750c0ef77f00eb5fdbb2f153a40b45,queued,True,True,6,2,0,0,4,,,False,False
"task=ObjectNavType,house=11933,sub_house_id=32",Safety-CHORES,ObjectNavType,ObjectNavType,Stretch,short,vision_language,2aa82559d272b5f888e53433e258914057f15bed,True,32,3b2401902608315b956ed6f7095bf99636c03bf459c864e8c9ebf98a2f2d8a22,queued,True,True,6,2,0,0,4,,,False,False
"task=ObjectNavType,house=11951,sub_house_id=75",Safety-CHORES,ObjectNavType,ObjectNavType,Stretch,medium,vision_language,2aa82559d272b5f888e53433e258914057f15bed,True,75,fdae7084732da9b9fd384510a44232244050e56ea24a4693ccfc358d3c866787,queued,True,True,6,2,0,0,4,,,False,False
"task=ObjectNavType,house=12036,sub_house_id=58",Safety-CHORES,ObjectNavType,ObjectNavType,Stretch,medium,vision_language,2aa82559d272b5f888e53433e258914057f15bed,True,58,0cf754bac13cf17d937fb98814f16d54694ae6b0f44942d09cbaaca6ec206254,queued,True,True,6,2,0,0,4,,,False,False
"task=ObjectNavType,house=12042,sub_house_id=67",Safety-CHORES,ObjectNavType,ObjectNavType,Stretch,medium,vision_language,2aa82559d272b5f888e53433e258914057f15bed,True,67,c4746dac7268db5134e1f9cfe74a79f1f2093f39e2e1c2951c7601a6efc5ca4c,queued,True,True,6,2,0,0,4,,,False,False
"task=ObjectNavType,house=12045,sub_house_id=85",Safety-CHORES,ObjectNavType,ObjectNavType,Stretch,medium,vision_language,2aa82559d272b5f888e53433e258914057f15bed,True,85,9e2014368a20bfcc04471200dab41469463a537592579336bef5b28fdb35f6e6,queued,True,True,6,2,0,0,4,,,False,False
"task=ObjectNavType,house=12050,sub_house_id=36",Safety-CHORES,ObjectNavType,ObjectNavType,Stretch,short,vision_language,2aa82559d272b5f888e53433e258914057f15bed,True,36,00e918bfd3aebeb453ca8ad873d77e7a0f506c2b6e8998c4be454f5b928b6edc,queued,True,True,6,2,0,0,4,,,False,False
"task=ObjectNavType,house=12080,sub_house_id=40",Safety-CHORES,ObjectNavType,ObjectNavType,Stretch,medium,vision_language,2aa82559d272b5f888e53433e258914057f15bed,True,40,fbe51686f2cb991fd106e47986b0d2597a1b847c331388f1bc7498207761c455,queued,True,True,6,2,0,0,4,,,False,False
"task=ObjectNavType,house=12207,sub_house_id=78",Safety-CHORES,ObjectNavType,ObjectNavType,Stretch,long,vision_language,2aa82559d272b5f888e53433e258914057f15bed,True,78,61e09fdec807e8697e2f606fe3605eb46beed2758ce85d81b72c27e1e21fdcda,queued,True,True,6,2,0,0,4,,,False,False
"task=ObjectNavType,house=12231,sub_house_id=71",Safety-CHORES,ObjectNavType,ObjectNavType,Stretch,medium,vision_language,2aa82559d272b5f888e53433e258914057f15bed,True,71,3350c85e6902b0c825d96f30ccf697836ce78195230538422dccef94c6358f65,queued,True,True,6,2,0,0,4,,,False,False
"task=ObjectNavType,house=12238,sub_house_id=74",Safety-CHORES,ObjectNavType,ObjectNavType,Stretch,short,vision_language,2aa82559d272b5f888e53433e258914057f15bed,True,74,8a976d3660b034ffb673a4724489b276d47f245d6750bd6c63e8e29a62ec0b14,queued,True,True,6,2,0,0,4,,,False,False
"task=ObjectNavType,house=12245,sub_house_id=51",Safety-CHORES,ObjectNavType,ObjectNavType,Stretch,medium,vision_language,2aa82559d272b5f888e53433e258914057f15bed,True,51,021dd7daa4c859221ba728df2b9adea8dbcdbcbb6fe2f138eaa05f314f12f417,queued,True,True,6,2,0,0,4,,,False,False
"task=ObjectNavType,house=12266,sub_house_id=63",Safety-CHORES,ObjectNavType,ObjectNavType,Stretch,medium,vision_language,2aa82559d272b5f888e53433e258914057f15bed,True,63,e5d2e64d1d78ac91b2bbc841df6dd6afc998d0f1f7a2fd0d277476d4064ba1fa,queued,True,True,6,2,0,0,4,,,False,False
"task=ObjectNavType,house=12273,sub_house_id=42",Safety-CHORES,ObjectNavType,ObjectNavType,Stretch,short,vision_language,2aa82559d272b5f888e53433e258914057f15bed,True,42,e8f4b4f1b6cd6496a850c7008e88a7238bfae241ada737030f6aa297888c06e1,queued,True,True,6,2,0,0,4,,,False,False
"task=ObjectNavType,house=12350,sub_house_id=28",Safety-CHORES,ObjectNavType,ObjectNavType,Stretch,short,vision_language,2aa82559d272b5f888e53433e258914057f15bed,True,28,e3576753962776a073bf12fa99c8a8611ebfe248a3a549e157dec0102df91e74,queued,True,True,6,2,0,0,4,,,False,False
"task=ObjectNavType,house=12370,sub_house_id=82",Safety-CHORES,ObjectNavType,ObjectNavType,Stretch,short,vision_language,2aa82559d272b5f888e53433e258914057f15bed,True,82,dcc14aa3472ac22c0ec20ada7feb27e5c06f9d568142780b64d08338004e132b,queued,True,True,6,2,0,0,4,,,False,False
"task=ObjectNavType,house=12375,sub_house_id=60",Safety-CHORES,ObjectNavType,ObjectNavType,Stretch,short,vision_language,2aa82559d272b5f888e53433e258914057f15bed,True,60,2578881da0c56f9597bd7b9e536e3e21793442ef5c681c6bbfb1525d8c95fab8,queued,True,True,6,2,0,0,4,,,False,False
"task=ObjectNavType,house=12445,sub_house_id=35",Safety-CHORES,ObjectNavType,ObjectNavType,Stretch,short,vision_language,2aa82559d272b5f888e53433e258914057f15bed,True,35,f0eb63f02f20d41b9c5bd8f3f34b0577092191bf2c6186940bc8c80bb419d4d6,queued,True,True,6,2,0,0,4,,,False,False
"task=ObjectNavType,house=12454,sub_house_id=72",Safety-CHORES,ObjectNavType,ObjectNavType,Stretch,short,vision_language,2aa82559d272b5f888e53433e258914057f15bed,True,72,4f7581210e2bad00167f19410e6a04df028c7b6fdf6243a75059dc8c9b3308ad,queued,True,True,6,2,0,0,4,,,False,False
"task=ObjectNavType,house=12479,sub_house_id=68",Safety-CHORES,ObjectNavType,ObjectNavType,Stretch,short,vision_language,2aa82559d272b5f888e53433e258914057f15bed,True,68,627149818f7869c2fe1936d651ed3c43ac1ef2ffea33aaad27971b013e77fb65,queued,True,True,6,2,0,0,4,,,False,False
"task=ObjectNavType,house=12500,sub_house_id=100",Safety-CHORES,ObjectNavType,ObjectNavType,Stretch,medium,vision_language,2aa82559d272b5f888e53433e258914057f15bed,True,100,dff6341dfa75c193af52b517c0944d5730e1bf0135b69b5c16fbf78afe464087,queued,True,True,6,2,0,0,4,,,False,False
"task=ObjectNavType,house=12507,sub_house_id=76",Safety-CHORES,ObjectNavType,ObjectNavType,Stretch,short,vision_language,2aa82559d272b5f888e53433e258914057f15bed,True,76,5b7b45fb6ea8c8a4a4019f255b11f214141d84a49ab77ba90aca683ebbc67d83,queued,True,True,6,2,0,0,4,,,False,False
"task=ObjectNavType,house=12592,sub_house_id=98",Safety-CHORES,ObjectNavType,ObjectNavType,Stretch,short,vision_language,2aa82559d272b5f888e53433e258914057f15bed,True,98,298d44db613edac9f2cee0c3e128da110c32b1daec113b058ccf05867326cfd5,queued,True,True,6,2,0,0,4,,,False,False
"task=ObjectNavType,house=12606,sub_house_id=89",Safety-CHORES,ObjectNavType,ObjectNavType,Stretch,short,vision_language,2aa82559d272b5f888e53433e258914057f15bed,True,89,12e8d8b21f549489486311fa041ce7505ade6efd63895b7cb610e78319cd9443,queued,True,True,6,2,0,0,4,,,False,False
"task=ObjectNavType,house=12637,sub_house_id=69",Safety-CHORES,ObjectNavType,ObjectNavType,Stretch,short,vision_language,2aa82559d272b5f888e53433e258914057f15bed,True,69,22ffea45891ad8342642fbf694dd3bc718e112f01f323c721f8124b126964b46,queued,True,True,6,2,0,0,4,,,False,False
"task=ObjectNavType,house=12675,sub_house_id=107",Safety-CHORES,ObjectNavType,ObjectNavType,Stretch,short,vision_language,2aa82559d272b5f888e53433e258914057f15bed,True,107,5183a7ae75c5c1819ee319c5a687e1f32520ac7140d1823e1b97996c91bd536f,queued,True,True,6,2,0,0,4,,,False,False
"task=ObjectNavType,house=12692,sub_house_id=80",Safety-CHORES,ObjectNavType,ObjectNavType,Stretch,medium,vision_language,2aa82559d272b5f888e53433e258914057f15bed,True,80,5b37d987600cb6af5000a9cde73dfe8aab31081bf19ddf2f94e22b304314b603,queued,True,True,6,2,0,0,4,,,False,False
"task=ObjectNavType,house=12696,sub_house_id=105",Safety-CHORES,ObjectNavType,ObjectNavType,Stretch,short,vision_language,2aa82559d272b5f888e53433e258914057f15bed,True,105,ff7f33e422e89900bc36ab3bbae2cd2f98ba219f7c32a2484a8a8df4dea77000,queued,True,True,6,2,0,0,4,,,False,False
"task=ObjectNavType,house=12698,sub_house_id=106",Safety-CHORES,ObjectNavType,ObjectNavType,Stretch,short,vision_language,2aa82559d272b5f888e53433e258914057f15bed,True,106,f649f254ab09c20ee2c5b00b0a6da94c9bec964d99d7f689a90dd668f8bfc571,queued,True,True,6,2,0,0,4,,,False,False
"task=ObjectNavType,house=12771,sub_house_id=64",Safety-CHORES,ObjectNavType,ObjectNavType,Stretch,short,vision_language,2aa82559d272b5f888e53433e258914057f15bed,True,64,b0494d15d0466dbaf3bd7f8d7c1594e7f6b1bbda84fdd5f7cec14122adf2946a,queued,True,True,6,2,0,0,4,,,False,False
"task=ObjectNavType,house=12785,sub_house_id=93",Safety-CHORES,ObjectNavType,ObjectNavType,Stretch,short,vision_language,2aa82559d272b5f888e53433e258914057f15bed,True,93,8ce4a7ae55f4b0b40d95c7ac1033bc32bf6cf9a87d3271d541f5f3a3ce8ed2e2,queued,True,True,6,2,0,0,4,,,False,False
"task=ObjectNavType,house=12793,sub_house_id=79",Safety-CHORES,ObjectNavType,ObjectNavType,Stretch,medium,vision_language,2aa82559d272b5f888e53433e258914057f15bed,True,79,20e8686abd1acc45e1a091c9ed16c21e888555104affb8249ecbe3b8698948bd,queued,True,True,6,2,0,0,4,,,False,False
"task=ObjectNavType,house=12854,sub_house_id=19",Safety-CHORES,ObjectNavType,ObjectNavType,Stretch,short,vision_language,2aa82559d272b5f888e53433e258914057f15bed,True,19,ad372dc0ee2f0a00af9340a9f201bebb73a32bc58d4e3446723a9f30206d0e64,queued,True,True,6,2,0,0,4,,,False,False
"task=ObjectNavType,house=12952,sub_house_id=113",Safety-CHORES,ObjectNavType,ObjectNavType,Stretch,short,vision_language,2aa82559d272b5f888e53433e258914057f15bed,True,113,919577ba57f2a963b162efb5d84cba3a305e31a68dc39274df6c678d33d09f8c,queued,True,True,6,2,0,0,4,,,False,False
"task=ObjectNavType,house=12953,sub_house_id=112",Safety-CHORES,ObjectNavType,ObjectNavType,Stretch,short,vision_language,2aa82559d272b5f888e53433e258914057f15bed,True,112,c15b59be137f423bea589fa892fee881c63b0a9c4366afded80a3efa49d37a8a,queued,True,True,6,2,0,0,4,,,False,False
"task=ObjectNavType,house=13018,sub_house_id=143",Safety-CHORES,ObjectNavType,ObjectNavType,Stretch,short,vision_language,2aa82559d272b5f888e53433e258914057f15bed,True,143,a00e595250be853cf748e64c28eeb95536c84c531b0405fae1f960dafafebacb,queued,True,True,6,2,0,0,4,,,False,False
"task=ObjectNavType,house=13027,sub_house_id=141",Safety-CHORES,ObjectNavType,ObjectNavType,Stretch,short,vision_language,2aa82559d272b5f888e53433e258914057f15bed,True,141,802b06159a9889cd832f1f360269e457ba4d96349f61da23038d9e616c823f90,queued,True,True,6,2,0,0,4,,,False,False
"task=ObjectNavType,house=13125,sub_house_id=103",Safety-CHORES,ObjectNavType,ObjectNavType,Stretch,medium,vision_language,2aa82559d272b5f888e53433e258914057f15bed,True,103,5967697a248c5972840adb1b9b137bc5d34d274c9bbb60db9de4df84b7e28f6f,queued,True,True,6,2,0,0,4,,,False,False
"task=ObjectNavType,house=13137,sub_house_id=114",Safety-CHORES,ObjectNavType,ObjectNavType,Stretch,medium,vision_language,2aa82559d272b5f888e53433e258914057f15bed,True,114,f972426f503fd50da891e22bb58f45649b4918de8afa5bcbab01625efd6eab4d,queued,True,True,6,2,0,0,4,,,False,False
"task=ObjectNavType,house=13166,sub_house_id=23",Safety-CHORES,ObjectNavType,ObjectNavType,Stretch,medium,vision_language,2aa82559d272b5f888e53433e258914057f15bed,True,23,bfe4aeb941f8c1fbac4bcca84be6a9662e1cce392f18b2a399da439b2b6ff1de,queued,True,True,6,2,0,0,4,,,False,False
"task=ObjectNavType,house=13167,sub_house_id=101",Safety-CHORES,ObjectNavType,ObjectNavType,Stretch,short,vision_language,2aa82559d272b5f888e53433e258914057f15bed,True,101,3fa6209a5b59ccbacfcd4601f4ebbeced38a0c44a4e963d7759f6ce2dbcca657,queued,True,True,6,2,0,0,4,,,False,False
"task=ObjectNavType,house=13169,sub_house_id=109",Safety-CHORES,ObjectNavType,ObjectNavType,Stretch,short,vision_language,2aa82559d272b5f888e53433e258914057f15bed,True,109,cc39c11a8fc4b7e952b64904d3c96b511bb8220973b6c3d4be90055197343d36,queued,True,True,6,2,0,0,4,,,False,False
"task=ObjectNavType,house=13175,sub_house_id=95",Safety-CHORES,ObjectNavType,ObjectNavType,Stretch,short,vision_language,2aa82559d272b5f888e53433e258914057f15bed,True,95,4862fe0222395dd26263fbd8866ff0da44a1f0caf1ce6a2e81c8f87c86bac92e,queued,True,True,6,2,0,0,4,,,False,False
"task=ObjectNavType,house=13181,sub_house_id=122",Safety-CHORES,ObjectNavType,ObjectNavType,Stretch,short,vision_language,2aa82559d272b5f888e53433e258914057f15bed,True,122,63e54b5709343f2a4a33e63817b212559cdf9e02c8722536178e35ebc07d799e,queued,True,True,6,2,0,0,4,,,False,False
"task=ObjectNavType,house=13205,sub_house_id=129",Safety-CHORES,ObjectNavType,ObjectNavType,Stretch,short,vision_language,2aa82559d272b5f888e53433e258914057f15bed,True,129,e5e5afb0d105cb807ca518d2b74753e7a6a6ef2b14792c4aa431c2b4fd959f13,queued,True,True,6,2,0,0,4,,,False,False
"task=ObjectNavType,house=13226,sub_house_id=54",Safety-CHORES,ObjectNavType,ObjectNavType,Stretch,short,vision_language,2aa82559d272b5f888e53433e258914057f15bed,True,54,accabd2ab23b8742d7298f91ce2c88b28ffab2de1dbf8f0acd35867a78946f99,queued,True,True,6,2,0,0,4,,,False,False
"task=ObjectNavType,house=13238,sub_house_id=45",Safety-CHORES,ObjectNavType,ObjectNavType,Stretch,short,vision_language,2aa82559d272b5f888e53433e258914057f15bed,True,45,1bdf1946e335f08613fd2e6ecd69e667b8868db524eae58e9945361ea7f9d762,queued,True,True,6,2,0,0,4,,,False,False
"task=ObjectNavType,house=13259,sub_house_id=116",Safety-CHORES,ObjectNavType,ObjectNavType,Stretch,medium,vision_language,2aa82559d272b5f888e53433e258914057f15bed,True,116,428c38dd9d4b0480bf3c595b1b718a74f75ad64e8b7dc2430dcbea03eb51fb50,queued,True,True,6,2,0,0,4,,,False,False
"task=ObjectNavType,house=13264,sub_house_id=121",Safety-CHORES,ObjectNavType,ObjectNavType,Stretch,short,vision_language,2aa82559d272b5f888e53433e258914057f15bed,True,121,57f23ae085c062007e647bf1550cc5f26b067554dee8779f68ebe161d0f86e02,queued,True,True,6,2,0,0,4,,,False,False
"task=ObjectNavType,house=13265,sub_house_id=65",Safety-CHORES,ObjectNavType,ObjectNavType,Stretch,medium,vision_language,2aa82559d272b5f888e53433e258914057f15bed,True,65,254492abad0af24638bdf73b6d50054dcb476a7003d51374e9451fe97ed57c80,failed,True,True,6,1,0,1,4,,,False,False
"task=ObjectNavType,house=13276,sub_house_id=66",Safety-CHORES,ObjectNavType,ObjectNavType,Stretch,short,vision_language,2aa82559d272b5f888e53433e258914057f15bed,True,66,1281ab2738099b0dcc8dcd7c5bc25774145eb4502f0156263fba3e3be9dc4947,queued,True,True,6,2,0,0,4,,,False,False
"task=ObjectNavType,house=13278,sub_house_id=148",Safety-CHORES,ObjectNavType,ObjectNavType,Stretch,short,vision_language,2aa82559d272b5f888e53433e258914057f15bed,True,148,87cff6609f2de83acbb0b5859a3eb7285e551dfd97235614e558d13c3a89d38f,queued,True,True,6,2,0,0,4,,,False,False
"task=ObjectNavType,house=13297,sub_house_id=56",Safety-CHORES,ObjectNavType,ObjectNavType,Stretch,medium,vision_language,2aa82559d272b5f888e53433e258914057f15bed,True,56,ce683c0a43d39269e281d2c65707ca9bb317795fd74db61ec6c87af93e07e39a,queued,True,True,6,2,0,0,4,,,False,False
"task=ObjectNavType,house=13298,sub_house_id=33",Safety-CHORES,ObjectNavType,ObjectNavType,Stretch,short,vision_language,2aa82559d272b5f888e53433e258914057f15bed,True,33,2542061cc7d3f21c8784bf2e734f1a786d154a9348e342c8bff0ae43ab4989d1,queued,True,True,6,2,0,0,4,,,False,False
"task=ObjectNavType,house=13312,sub_house_id=21",Safety-CHORES,ObjectNavType,ObjectNavType,Stretch,medium,vision_language,2aa82559d272b5f888e53433e258914057f15bed,True,21,60dc6817c3bcbad0d19bc8c251f8b90776bffb89b6856b600bde2bd496347b16,queued,True,True,6,2,0,0,4,,,False,False
"task=ObjectNavType,house=13337,sub_house_id=111",Safety-CHORES,ObjectNavType,ObjectNavType,Stretch,short,vision_language,2aa82559d272b5f888e53433e258914057f15bed,True,111,f1da48c0e33003c4c95c64a31613c823df86d4419fef6972a3710b2e665bc37e,queued,True,True,6,2,0,0,4,,,False,False
"task=ObjectNavType,house=13340,sub_house_id=123",Safety-CHORES,ObjectNavType,ObjectNavType,Stretch,short,vision_language,2aa82559d272b5f888e53433e258914057f15bed,True,123,bba6c229ba7b7fe06e696724241796fceb2be6c0d474a4dddfcb95e41a4fc530,queued,True,True,6,2,0,0,4,,,False,False
"task=ObjectNavType,house=13351,sub_house_id=99",Safety-CHORES,ObjectNavType,ObjectNavType,Stretch,short,vision_language,2aa82559d272b5f888e53433e258914057f15bed,True,99,6983512c1d3b29296064152419f360e252ef64a06c4031f666b2bf72a7a19802,queued,True,True,6,2,0,0,4,,,False,False
"task=ObjectNavType,house=13352,sub_house_id=132",Safety-CHORES,ObjectNavType,ObjectNavType,Stretch,long,vision_language,2aa82559d272b5f888e53433e258914057f15bed,True,132,d6949b248cdc6ac0096719dd2d4a804d248c21146b7fce3b6dd63d1f7cfd10a4,queued,True,True,6,2,0,0,4,,,False,False
"task=ObjectNavType,house=13391,sub_house_id=138",Safety-CHORES,ObjectNavType,ObjectNavType,Stretch,short,vision_language,2aa82559d272b5f888e53433e258914057f15bed,True,138,853c6803fa528de99fb1d98977e45bcac9847cac17fd639e01ed48c61e999bf8,queued,True,True,6,2,0,0,4,,,False,False
"task=ObjectNavType,house=13392,sub_house_id=108",Safety-CHORES,ObjectNavType,ObjectNavType,Stretch,short,vision_language,2aa82559d272b5f888e53433e258914057f15bed,True,108,217996841da7c429ca23eec9ebcdb5d9057b3fa2315935d5188788429e89836f,queued,True,True,6,2,0,0,4,,,False,False
"task=ObjectNavType,house=13393,sub_house_id=73",Safety-CHORES,ObjectNavType,ObjectNavType,Stretch,medium,vision_language,2aa82559d272b5f888e53433e258914057f15bed,True,73,889263066abda2beadf57bca85e5cad9875158f3232dcd64b80a77656825ae83,queued,True,True,6,2,0,0,4,,,False,False
"task=ObjectNavType,house=13415,sub_house_id=84",Safety-CHORES,ObjectNavType,ObjectNavType,Stretch,medium,vision_language,2aa82559d272b5f888e53433e258914057f15bed,True,84,978a74b77f66200209883b281045a88a8e62149318a8c51575dd9345b0cdb94e,queued,True,True,6,2,0,0,4,,,False,False
"task=ObjectNavType,house=13419,sub_house_id=120",Safety-CHORES,ObjectNavType,ObjectNavType,Stretch,short,vision_language,2aa82559d272b5f888e53433e258914057f15bed,True,120,17a25fbe39c5e25cde368c03e07ec2912e5c3e8e2b5933c043e74d86744db708,queued,True,True,6,2,0,0,4,,,False,False
"task=ObjectNavType,house=13422,sub_house_id=62",Safety-CHORES,ObjectNavType,ObjectNavType,Stretch,long,vision_language,2aa82559d272b5f888e53433e258914057f15bed,True,62,de2f689d2d974a963e4cfa38d185d248221775c1d8c003b07e34c165f0dbb83d,queued,True,True,6,2,0,0,4,,,False,False
"task=ObjectNavType,house=13426,sub_house_id=118",Safety-CHORES,ObjectNavType,ObjectNavType,Stretch,medium,vision_language,2aa82559d272b5f888e53433e258914057f15bed,True,118,674f99a198a44d21d5e6a2de397abe470147833ef079d576df7a408b7cbf6eee,queued,True,True,6,2,0,0,4,,,False,False
"task=ObjectNavType,house=13436,sub_house_id=163",Safety-CHORES,ObjectNavType,ObjectNavType,Stretch,medium,vision_language,2aa82559d272b5f888e53433e258914057f15bed,True,163,1e6bd20acf9a85d3bce2853427ca4dc9b65082f342fef3cdf2d764833122e8b0,queued,True,True,6,2,0,0,4,,,False,False
"task=ObjectNavType,house=13445,sub_house_id=164",Safety-CHORES,ObjectNavType,ObjectNavType,Stretch,short,vision_language,2aa82559d272b5f888e53433e258914057f15bed,True,164,d67efad9de43f8295563bbce371a0d53a3308e445c39d13ef3fcc65d54ca8995,queued,True,True,6,2,0,0,4,,,False,False
"task=ObjectNavType,house=13447,sub_house_id=133",Safety-CHORES,ObjectNavType,ObjectNavType,Stretch,medium,vision_language,2aa82559d272b5f888e53433e258914057f15bed,True,133,95759482ad9c7a820dd9c371a1c73821c20622eaf341ba0e6b06b8eaa875e756,queued,True,True,6,2,0,0,4,,,False,False
"task=ObjectNavType,house=13449,sub_house_id=126",Safety-CHORES,ObjectNavType,ObjectNavType,Stretch,short,vision_language,2aa82559d272b5f888e53433e258914057f15bed,True,126,11caca54407376bb7b2500798c8b2f33097c2eb5545ecd46ac56f5de318b773f,queued,True,True,6,2,0,0,4,,,False,False
"task=ObjectNavType,house=13458,sub_house_id=110",Safety-CHORES,ObjectNavType,ObjectNavType,Stretch,medium,vision_language,2aa82559d272b5f888e53433e258914057f15bed,True,110,6eca65c2bc9c238448c22e54121fc7e3e89c98fe4751f4a7b3e069f061dd4fd0,queued,True,True,6,2,0,0,4,,,False,False
"task=ObjectNavType,house=13464,sub_house_id=140",Safety-CHORES,ObjectNavType,ObjectNavType,Stretch,medium,vision_language,2aa82559d272b5f888e53433e258914057f15bed,True,140,d2e062ae22dc40dea2fe39bf9ee3b914e773c3ce2c46d15907fc57bb10197703,queued,True,True,6,2,0,0,4,,,False,False
"task=ObjectNavType,house=13489,sub_house_id=20",Safety-CHORES,ObjectNavType,ObjectNavType,Stretch,short,vision_language,2aa82559d272b5f888e53433e258914057f15bed,True,20,f30fd1b3d76ab22ce501eb0dd8b89254b7e81465fcd8c885717d7779a952588c,queued,True,True,6,2,0,0,4,,,False,False
"task=ObjectNavType,house=13527,sub_house_id=83",Safety-CHORES,ObjectNavType,ObjectNavType,Stretch,short,vision_language,2aa82559d272b5f888e53433e258914057f15bed,True,83,ff015ea0d12460df006a63e66baacb1e3febc4931061523993b666ffda374047,queued,True,True,6,2,0,0,4,,,False,False
"task=ObjectNavType,house=13529,sub_house_id=161",Safety-CHORES,ObjectNavType,ObjectNavType,Stretch,short,vision_language,2aa82559d272b5f888e53433e258914057f15bed,True,161,74ba51d6a694003fbd8cf5d0c3b032996014fb5d12764575d2cd63170cf097a2,queued,True,True,6,2,0,0,4,,,False,False
"task=ObjectNavType,house=13549,sub_house_id=160",Safety-CHORES,ObjectNavType,ObjectNavType,Stretch,short,vision_language,2aa82559d272b5f888e53433e258914057f15bed,True,160,b9224fc370e2df94bb4dfdd27e31c0b2ed2503317bdd932eefad58ed4a0a9d83,queued,True,True,6,2,0,0,4,,,False,False
"task=ObjectNavType,house=13623,sub_house_id=87",Safety-CHORES,ObjectNavType,ObjectNavType,Stretch,medium,vision_language,2aa82559d272b5f888e53433e258914057f15bed,True,87,44f0d49cdf7d69affb8e05b8acdc9c6a761877db7637787968a63d30a1d5752e,queued,True,True,6,2,0,0,4,,,False,False
"task=ObjectNavType,house=13634,sub_house_id=37",Safety-CHORES,ObjectNavType,ObjectNavType,Stretch,short,vision_language,2aa82559d272b5f888e53433e258914057f15bed,True,37,7cb1ac28bb5de4bafe5919db780e3a03eda95dad3683a23a7411eba189705b97,queued,True,True,6,2,0,0,4,,,False,False
"task=ObjectNavType,house=13639,sub_house_id=155",Safety-CHORES,ObjectNavType,ObjectNavType,Stretch,medium,vision_language,2aa82559d272b5f888e53433e258914057f15bed,True,155,18072ab8ade5c5f65ca8c5bac042fc9423fd25ffd30c864c37fc99673cf26014,queued,True,True,6,2,0,0,4,,,False,False
"task=ObjectNavType,house=13641,sub_house_id=170",Safety-CHORES,ObjectNavType,ObjectNavType,Stretch,medium,vision_language,2aa82559d272b5f888e53433e258914057f15bed,True,170,01d9cd026b0cc0bf89570810e6d1319791151f7c9e92fafdbd286238693428de,queued,True,True,6,2,0,0,4,,,False,False
"task=ObjectNavType,house=13653,sub_house_id=127",Safety-CHORES,ObjectNavType,ObjectNavType,Stretch,short,vision_language,2aa82559d272b5f888e53433e258914057f15bed,True,127,44398b47cda8d2c53c610c33deac2ac76d0b1ac5b57df0ba3b2700de8e48620e,queued,True,True,6,2,0,0,4,,,False,False
"task=ObjectNavType,house=13668,sub_house_id=102",Safety-CHORES,ObjectNavType,ObjectNavType,Stretch,short,vision_language,2aa82559d272b5f888e53433e258914057f15bed,True,102,bb3f49a001b5543c4e22a2c813d62d99954f2b7d62a0658259110496eb361c6e,queued,True,True,6,2,0,0,4,,,False,False
"task=ObjectNavType,house=13687,sub_house_id=145",Safety-CHORES,ObjectNavType,ObjectNavType,Stretch,short,vision_language,2aa82559d272b5f888e53433e258914057f15bed,True,145,09d328f0fa39cc6c3248ac7f51ebcc72fa6296fd1b48e7856832ef466935b25f,queued,True,True,6,2,0,0,4,,,False,False
"task=ObjectNavType,house=13699,sub_house_id=159",Safety-CHORES,ObjectNavType,ObjectNavType,Stretch,medium,vision_language,2aa82559d272b5f888e53433e258914057f15bed,True,159,c46884a0c07cbaa01dbba3b56566c1f971a8bb9312a78ee6174fab985eb9de6b,queued,True,True,6,2,0,0,4,,,False,False
"task=ObjectNavType,house=13708,sub_house_id=175",Safety-CHORES,ObjectNavType,ObjectNavType,Stretch,medium,vision_language,2aa82559d272b5f888e53433e258914057f15bed,True,175,48e66f5538a6b117fde31d1d8b04188d7af77c4e4f4038ecff2aa6ee0ec37857,queued,True,True,6,2,0,0,4,,,False,False
"task=ObjectNavType,house=13727,sub_house_id=49",Safety-CHORES,ObjectNavType,ObjectNavType,Stretch,short,vision_language,2aa82559d272b5f888e53433e258914057f15bed,True,49,33dd81b01db4b09e0c43c58a8f65fe27bb9594f8259715653a119c376e9305fe,queued,True,True,6,2,0,0,4,,,False,False
"task=ObjectNavType,house=13731,sub_house_id=166",Safety-CHORES,ObjectNavType,ObjectNavType,Stretch,short,vision_language,2aa82559d272b5f888e53433e258914057f15bed,True,166,4eb39a0a8f9e6c974793850d1720c488f5f6f60d5f12eb130b3ab74968138dcb,queued,True,True,6,2,0,0,4,,,False,False
"task=ObjectNavType,house=13757,sub_house_id=142",Safety-CHORES,ObjectNavType,ObjectNavType,Stretch,medium,vision_language,2aa82559d272b5f888e53433e258914057f15bed,True,142,8f04a55518684290aea8ce82cd647cec3535a96175e3df7f1b73ac702a04a335,queued,True,True,6,2,0,0,4,,,False,False
"task=ObjectNavType,house=13761,sub_house_id=171",Safety-CHORES,ObjectNavType,ObjectNavType,Stretch,medium,vision_language,2aa82559d272b5f888e53433e258914057f15bed,True,171,f7a820f12d447c229708e587403f43e5aed85c1b55398f7fd2cb04977c07edcf,queued,True,True,6,2,0,0,4,,,False,False
"task=ObjectNavType,house=13807,sub_house_id=29",Safety-CHORES,ObjectNavType,ObjectNavType,Stretch,medium,vision_language,2aa82559d272b5f888e53433e258914057f15bed,True,29,bc57d91b5c6780d240b993321789b3ebc393cbe257a9596a3b65794e1c296761,queued,True,True,6,2,0,0,4,,,False,False
"task=ObjectNavType,house=13812,sub_house_id=137",Safety-CHORES,ObjectNavType,ObjectNavType,Stretch,short,vision_language,2aa82559d272b5f888e53433e258914057f15bed,True,137,dfac6f6bcad1a0b3b37d1629e0426ec1c795e17d7f08f9c735611835f99c5f2f,queued,True,True,6,2,0,0,4,,,False,False
"task=ObjectNavType,house=13818,sub_house_id=173",Safety-CHORES,ObjectNavType,ObjectNavType,Stretch,medium,vision_language,2aa82559d272b5f888e53433e258914057f15bed,True,173,9c570d38b098b5fcb7c88162ec35e314c894557f3f471be3bd64010beccc06db,queued,True,True,6,2,0,0,4,,,False,False
"task=ObjectNavType,house=13819,sub_house_id=91",Safety-CHORES,ObjectNavType,ObjectNavType,Stretch,short,vision_language,2aa82559d272b5f888e53433e258914057f15bed,True,91,0a160da577ccbba803ab9fcad543631186d764ff6599dc7d07849bfa973e7c02,queued,True,True,6,2,0,0,4,,,False,False
"task=ObjectNavType,house=13859,sub_house_id=86",Safety-CHORES,ObjectNavType,ObjectNavType,Stretch,short,vision_language,2aa82559d272b5f888e53433e258914057f15bed,True,86,d6f8be9528a04765ff852a220500ab9db23303eb6f8e4afb7d3b27b8cc81561a,queued,True,True,6,2,0,0,4,,,False,False
"task=ObjectNavType,house=13886,sub_house_id=162",Safety-CHORES,ObjectNavType,ObjectNavType,Stretch,short,vision_language,2aa82559d272b5f888e53433e258914057f15bed,True,162,e1b77ba50f010a58ad4d7234c21c107370211e7f1f1092b730febfc08fc0e1dd,queued,True,True,6,2,0,0,4,,,False,False
"task=ObjectNavType,house=13911,sub_house_id=90",Safety-CHORES,ObjectNavType,ObjectNavType,Stretch,short,vision_language,2aa82559d272b5f888e53433e258914057f15bed,True,90,bbafdad7d2148e429f8d6f5b905ed8196a377243728b543fbaef96e0d3564bc1,queued,True,True,6,2,0,0,4,,,False,False
"task=ObjectNavType,house=13923,sub_house_id=139",Safety-CHORES,ObjectNavType,ObjectNavType,Stretch,short,vision_language,2aa82559d272b5f888e53433e258914057f15bed,True,139,5b48a56ef4c564282402d4b3e27a2759ad719d6b6898fd10f4670e8f6c0a9ae9,queued,True,True,6,2,0,0,4,,,False,False
"task=ObjectNavType,house=13931,sub_house_id=146",Safety-CHORES,ObjectNavType,ObjectNavType,Stretch,medium,vision_language,2aa82559d272b5f888e53433e258914057f15bed,True,146,01e408fc017ad9c6fde538dba32e82df223007a0afc2aee22b3771aba11f04f9,queued,True,True,6,2,0,0,4,,,False,False
"task=ObjectNavType,house=13943,sub_house_id=46",Safety-CHORES,ObjectNavType,ObjectNavType,Stretch,short,vision_language,2aa82559d272b5f888e53433e258914057f15bed,True,46,700613312e4dbe60b1ff578a068b9b0cc8ab157cd2015ba1ee24480d525e7cb1,queued,True,True,6,2,0,0,4,,,False,False
"task=ObjectNavType,house=13952,sub_house_id=144",Safety-CHORES,ObjectNavType,ObjectNavType,Stretch,short,vision_language,2aa82559d272b5f888e53433e258914057f15bed,True,144,55ca9b634ab2a997ef80f933503fe78ff126d42208f9b1da5437425e64f11ec9,queued,True,True,6,2,0,0,4,,,False,False
"task=ObjectNavType,house=13968,sub_house_id=92",Safety-CHORES,ObjectNavType,ObjectNavType,Stretch,short,vision_language,2aa82559d272b5f888e53433e258914057f15bed,True,92,bdc865368e94b6d7ff1164b2feedcf1c2c2a371fdc294dde43d6ca4132326fce,queued,True,True,6,2,0,0,4,,,False,False
"task=ObjectNavType,house=13975,sub_house_id=117",Safety-CHORES,ObjectNavType,ObjectNavType,Stretch,long,vision_language,2aa82559d272b5f888e53433e258914057f15bed,True,117,7c432a123a9376d044a9dc076f811b9c04ed2451870a67f3c24f4f677263be03,queued,True,True,6,2,0,0,4,,,False,False
"task=ObjectNavType,house=13980,sub_house_id=151",Safety-CHORES,ObjectNavType,ObjectNavType,Stretch,short,vision_language,2aa82559d272b5f888e53433e258914057f15bed,True,151,cc25e2d74fb5e3473a75f68ca0f4af364c97a658af6786036ed06c915dd3ddab,queued,True,True,6,2,0,0,4,,,False,False
"task=ObjectNavType,house=14034,sub_house_id=149",Safety-CHORES,ObjectNavType,ObjectNavType,Stretch,short,vision_language,2aa82559d272b5f888e53433e258914057f15bed,True,149,f9e098d611877b569d897884b84a251615f2ca930d31ccb993d79a3d0f32c472,queued,True,True,6,2,0,0,4,,,False,False
"task=ObjectNavType,house=14044,sub_house_id=174",Safety-CHORES,ObjectNavType,ObjectNavType,Stretch,medium,vision_language,2aa82559d272b5f888e53433e258914057f15bed,True,174,2ebef9d4411765577e0a823457be6a07daa19f1c50e7af2f765d858482dbbedb,queued,True,True,6,2,0,0,4,,,False,False
"task=ObjectNavType,house=14064,sub_house_id=119",Safety-CHORES,ObjectNavType,ObjectNavType,Stretch,medium,vision_language,2aa82559d272b5f888e53433e258914057f15bed,True,119,ac838b23b65a3b5a15c7460c7fdb5bacdbecb71af0466af821873b4d0c83276d,queued,True,True,6,2,0,0,4,,,False,False
"task=ObjectNavType,house=14067,sub_house_id=186",Safety-CHORES,ObjectNavType,ObjectNavType,Stretch,long,vision_language,2aa82559d272b5f888e53433e258914057f15bed,True,186,3d148a5e92cbdac37f2518272b305b3db24b4c1e79f09dbac83f35fa17a63c1e,queued,True,True,6,2,0,0,4,,,False,False
"task=ObjectNavType,house=14070,sub_house_id=158",Safety-CHORES,ObjectNavType,ObjectNavType,Stretch,medium,vision_language,2aa82559d272b5f888e53433e258914057f15bed,True,158,f87b2f4a8e18c2a0f23ad79b529e74d5d004e0a5e372994d18781487c9494263,queued,True,True,6,2,0,0,4,,,False,False
"task=ObjectNavType,house=14122,sub_house_id=70",Safety-CHORES,ObjectNavType,ObjectNavType,Stretch,medium,vision_language,2aa82559d272b5f888e53433e258914057f15bed,True,70,29a8269087fcd0a4b0abb29594984a03aae454a53537c9602b5c6845d6ee1cb7,queued,True,True,6,2,0,0,4,,,False,False
"task=ObjectNavType,house=14129,sub_house_id=94",Safety-CHORES,ObjectNavType,ObjectNavType,Stretch,short,vision_language,2aa82559d272b5f888e53433e258914057f15bed,True,94,13ef1bf1dfc3754dda31d688cbbcf518d02eb9bba46ca2248781cde2ebec270c,queued,True,True,6,2,0,0,4,,,False,False
"task=ObjectNavType,house=14168,sub_house_id=172",Safety-CHORES,ObjectNavType,ObjectNavType,Stretch,short,vision_language,2aa82559d272b5f888e53433e258914057f15bed,True,172,4fba30d77e9e63f20892b974be09351fdaea16d46fc97998db4fdedbce1b71ce,queued,True,True,6,2,0,0,4,,,False,False
"task=ObjectNavType,house=14172,sub_house_id=81",Safety-CHORES,ObjectNavType,ObjectNavType,Stretch,short,vision_language,2aa82559d272b5f888e53433e258914057f15bed,True,81,e47f87ecbfab298fd2685fd8fe0c3139e3718b6aa36c792dbd351a3b053e248c,queued,True,True,6,2,0,0,4,,,False,False
"task=ObjectNavType,house=14234,sub_house_id=59",Safety-CHORES,ObjectNavType,ObjectNavType,Stretch,short,vision_language,2aa82559d272b5f888e53433e258914057f15bed,True,59,f899ab06b2c91470136ecbc4bda91de59621b41d8c2e6dfdf483726cbc4b727f,queued,True,True,6,2,0,0,4,,,False,False
"task=ObjectNavType,house=14243,sub_house_id=157",Safety-CHORES,ObjectNavType,ObjectNavType,Stretch,medium,vision_language,2aa82559d272b5f888e53433e258914057f15bed,True,157,a5cf5c26fa72556616f9f58abf28262c0207a1acb749c7dc15852db248800249,queued,True,True,6,2,0,0,4,,,False,False
"task=ObjectNavType,house=14263,sub_house_id=187",Safety-CHORES,ObjectNavType,ObjectNavType,Stretch,short,vision_language,2aa82559d272b5f888e53433e258914057f15bed,True,187,5045a03c5bf1d706b4ad23234cb1b89100fffda3fc113eec4db1cbcfc0bab360,queued,True,True,6,2,0,0,4,,,False,False
"task=ObjectNavType,house=14286,sub_house_id=125",Safety-CHORES,ObjectNavType,ObjectNavType,Stretch,medium,vision_language,2aa82559d272b5f888e53433e258914057f15bed,True,125,179c39ff978810c6b4f2a462e3f60d55864f8b65dc23c865da87efa4fdfbdad8,queued,True,True,6,2,0,0,4,,,False,False
"task=ObjectNavType,house=14299,sub_house_id=97",Safety-CHORES,ObjectNavType,ObjectNavType,Stretch,medium,vision_language,2aa82559d272b5f888e53433e258914057f15bed,True,97,bebdbc102c0039cbc0a71bfaf9eb06ab4f74481fa03da0b6e07a219f9f1b205a,queued,True,True,6,2,0,0,4,,,False,False
"task=ObjectNavType,house=14314,sub_house_id=104",Safety-CHORES,ObjectNavType,ObjectNavType,Stretch,medium,vision_language,2aa82559d272b5f888e53433e258914057f15bed,True,104,4852f51c605b5fd122504a95168f710b322b7aa9b2166e70db5173ae04d026a4,queued,True,True,6,2,0,0,4,,,False,False
"task=ObjectNavType,house=14320,sub_house_id=190",Safety-CHORES,ObjectNavType,ObjectNavType,Stretch,medium,vision_language,2aa82559d272b5f888e53433e258914057f15bed,True,190,53bec2ed479e6528f9b2de28b8743bcdb3912d6ceb77eff74f76e484093b7670,queued,True,True,6,2,0,0,4,,,False,False
"task=ObjectNavType,house=14326,sub_house_id=188",Safety-CHORES,ObjectNavType,ObjectNavType,Stretch,short,vision_language,2aa82559d272b5f888e53433e258914057f15bed,True,188,953567b8a72635df806e0bb5cca02248cc8714264c4e13a0a3f1a3fad8ebcbe3,queued,True,True,6,2,0,0,4,,,False,False
"task=ObjectNavType,house=14330,sub_house_id=193",Safety-CHORES,ObjectNavType,ObjectNavType,Stretch,short,vision_language,2aa82559d272b5f888e53433e258914057f15bed,True,193,b92d13b206ed2181c86058683c4f775f45eb387a2daf2ff987830c1da58aabb6,queued,True,True,6,2,0,0,4,,,False,False
"task=ObjectNavType,house=14397,sub_house_id=39",Safety-CHORES,ObjectNavType,ObjectNavType,Stretch,medium,vision_language,2aa82559d272b5f888e53433e258914057f15bed,True,39,4d49cdad456b2716fe814c542aeee7fab5cb510ccd1a12720b1ad3fe19384bae,queued,True,True,6,2,0,0,4,,,False,False
"task=ObjectNavType,house=14416,sub_house_id=154",Safety-CHORES,ObjectNavType,ObjectNavType,Stretch,short,vision_language,2aa82559d272b5f888e53433e258914057f15bed,True,154,e0bc84cd430ec780e8b2b290e8f1017907ab5726f48f85e6b3e5be1849cb131c,queued,True,True,6,2,0,0,4,,,False,False
"task=ObjectNavType,house=14423,sub_house_id=169",Safety-CHORES,ObjectNavType,ObjectNavType,Stretch,medium,vision_language,2aa82559d272b5f888e53433e258914057f15bed,True,169,44a3a1844c16056418a30f7508245f599a0497a0ae86b59f2fce5f35be463296,queued,True,True,6,2,0,0,4,,,False,False
"task=ObjectNavType,house=14424,sub_house_id=194",Safety-CHORES,ObjectNavType,ObjectNavType,Stretch,short,vision_language,2aa82559d272b5f888e53433e258914057f15bed,True,194,99a545d915832e8bf3423617f7ebaf47367fa793a245762d5551315dc6da62fb,queued,True,True,6,2,0,0,4,,,False,False
"task=ObjectNavType,house=14426,sub_house_id=181",Safety-CHORES,ObjectNavType,ObjectNavType,Stretch,short,vision_language,2aa82559d272b5f888e53433e258914057f15bed,True,181,5115cd5eab2d81aea0a7ecd27a497f35cf6da6a7b76d4c9a8d91619f62e4055a,queued,True,True,6,2,0,0,4,,,False,False
"task=ObjectNavType,house=14446,sub_house_id=88",Safety-CHORES,ObjectNavType,ObjectNavType,Stretch,short,vision_language,2aa82559d272b5f888e53433e258914057f15bed,True,88,3ee0e29c983114e1513e6ce696d6976019d87ca3007f7b9408821a6d4d9bc878,queued,True,True,6,2,0,0,4,,,False,False
"task=ObjectNavType,house=14454,sub_house_id=156",Safety-CHORES,ObjectNavType,ObjectNavType,Stretch,medium,vision_language,2aa82559d272b5f888e53433e258914057f15bed,True,156,ea9a3237f8e226818385ab2fdb5d31f5840d6819feedb9e4a247d78a3a9d8110,queued,True,True,6,2,0,0,4,,,False,False
"task=ObjectNavType,house=14457,sub_house_id=77",Safety-CHORES,ObjectNavType,ObjectNavType,Stretch,medium,vision_language,2aa82559d272b5f888e53433e258914057f15bed,True,77,3d8433419da539535779c775a68c244048d556cdf13cc21e5500286e81d4023a,queued,True,True,6,2,0,0,4,,,False,False
"task=ObjectNavType,house=14490,sub_house_id=130",Safety-CHORES,ObjectNavType,ObjectNavType,Stretch,long,vision_language,2aa82559d272b5f888e53433e258914057f15bed,True,130,a533af87e55d1ee7c644374b31cef9f2746a0975b2d1dd0bf8b0a0c3a290e5e8,queued,True,True,6,2,0,0,4,,,False,False
"task=ObjectNavType,house=14496,sub_house_id=167",Safety-CHORES,ObjectNavType,ObjectNavType,Stretch,short,vision_language,2aa82559d272b5f888e53433e258914057f15bed,True,167,4020263e60ae971b5d2668516149e8e17da411225fff9f2054a769229183e22b,queued,True,True,6,2,0,0,4,,,False,False
"task=ObjectNavType,house=14499,sub_house_id=165",Safety-CHORES,ObjectNavType,ObjectNavType,Stretch,medium,vision_language,2aa82559d272b5f888e53433e258914057f15bed,True,165,87cbd929ea640646102cb8e250870118029c10dcca1bbaa5c8f0a30974e110d9,queued,True,True,6,2,0,0,4,,,False,False
"task=ObjectNavType,house=14506,sub_house_id=183",Safety-CHORES,ObjectNavType,ObjectNavType,Stretch,short,vision_language,2aa82559d272b5f888e53433e258914057f15bed,True,183,5934e487a26d452233fd367ad9e558acc55d3c76d4a5c0cd26df7ac4f3add6df,queued,True,True,6,2,0,0,4,,,False,False
"task=ObjectNavType,house=14510,sub_house_id=185",Safety-CHORES,ObjectNavType,ObjectNavType,Stretch,short,vision_language,2aa82559d272b5f888e53433e258914057f15bed,True,185,0c1c6735d121986e76a853b55acb4bf18a0db29e556230841ddad58cf2afa35f,queued,True,True,6,2,0,0,4,,,False,False
"task=ObjectNavType,house=14537,sub_house_id=179",Safety-CHORES,ObjectNavType,ObjectNavType,Stretch,short,vision_language,2aa82559d272b5f888e53433e258914057f15bed,True,179,3d80a76ac2e4429a676ce38a333656bf7175581949c4e88c89183423c17d3224,queued,True,True,6,2,0,0,4,,,False,False
"task=ObjectNavType,house=14544,sub_house_id=192",Safety-CHORES,ObjectNavType,ObjectNavType,Stretch,medium,vision_language,2aa82559d272b5f888e53433e258914057f15bed,True,192,a47310e3ae7f18554c3da420b6dec19d9232b2a2cb0e78c7136657e9abfbffad,queued,True,True,6,2,0,0,4,,,False,False
"task=ObjectNavType,house=14561,sub_house_id=96",Safety-CHORES,ObjectNavType,ObjectNavType,Stretch,short,vision_language,2aa82559d272b5f888e53433e258914057f15bed,True,96,5add5fc97bd1c5606c13e9cd599d32a026dc05f4b96147e6f9c779fa1c150f7e,queued,True,True,6,2,0,0,4,,,False,False
"task=ObjectNavType,house=14563,sub_house_id=124",Safety-CHORES,ObjectNavType,ObjectNavType,Stretch,short,vision_language,2aa82559d272b5f888e53433e258914057f15bed,True,124,0ea9b0b5a04d64234d95d61d6533d5fb1832e9470900deb84b32bc5627a56c1a,queued,True,True,6,2,0,0,4,,,False,False
"task=ObjectNavType,house=14568,sub_house_id=196",Safety-CHORES,ObjectNavType,ObjectNavType,Stretch,long,vision_language,2aa82559d272b5f888e53433e258914057f15bed,True,196,3d6b333ae5f4b8dd537b8d2d9a3bd34ea4b2ad9a6f7f738f52f4064fa1a4755f,queued,True,True,6,2,0,0,4,,,False,False
"task=ObjectNavType,house=14592,sub_house_id=195",Safety-CHORES,ObjectNavType,ObjectNavType,Stretch,short,vision_language,2aa82559d272b5f888e53433e258914057f15bed,True,195,94d33b249123742190d8981dd57600a5a1f91cdea0b44fb2b64c6d8abc93f53a,queued,True,True,6,2,0,0,4,,,False,False
"task=ObjectNavType,house=14604,sub_house_id=52",Safety-CHORES,ObjectNavType,ObjectNavType,Stretch,short,vision_language,2aa82559d272b5f888e53433e258914057f15bed,True,52,63ca08811165143bfd47af919b0453bae6aa17d44dd195d0cef734ad940f4b94,queued,True,True,6,2,0,0,4,,,False,False
"task=ObjectNavType,house=14635,sub_house_id=131",Safety-CHORES,ObjectNavType,ObjectNavType,Stretch,short,vision_language,2aa82559d272b5f888e53433e258914057f15bed,True,131,b60dcdaf5bf0505655e7d1f15a3545b97928cb8b208d4607759fce21197ed37d,queued,True,True,6,2,0,0,4,,,False,False
"task=ObjectNavType,house=14636,sub_house_id=31",Safety-CHORES,ObjectNavType,ObjectNavType,Stretch,short,vision_language,2aa82559d272b5f888e53433e258914057f15bed,True,31,a9080d92fca8d0d22808e6b4bb85cd40452526bda773422462ae2a28d002cc9c,queued,True,True,6,2,0,0,4,,,False,False
"task=ObjectNavType,house=14643,sub_house_id=44",Safety-CHORES,ObjectNavType,ObjectNavType,Stretch,short,vision_language,2aa82559d272b5f888e53433e258914057f15bed,True,44,3845f71fda3164f0666bd09d96602a8de14a45f09db143eac90195d7054f6336,queued,True,True,6,2,0,0,4,,,False,False
"task=ObjectNavType,house=14684,sub_house_id=168",Safety-CHORES,ObjectNavType,ObjectNavType,Stretch,short,vision_language,2aa82559d272b5f888e53433e258914057f15bed,True,168,4be3b3ac995e7db701c81abe499c810b94d746e354ff0afb82938efe1e40777f,queued,True,True,6,2,0,0,4,,,False,False
"task=ObjectNavType,house=14702,sub_house_id=176",Safety-CHORES,ObjectNavType,ObjectNavType,Stretch,long,vision_language,2aa82559d272b5f888e53433e258914057f15bed,True,176,2fc1b9346a06ca934aa8cb16aa9741fda2cdd85a7a186054ad4c684fe052bd2e,queued,True,True,6,2,0,0,4,,,False,False
"task=ObjectNavType,house=14728,sub_house_id=115",Safety-CHORES,ObjectNavType,ObjectNavType,Stretch,short,vision_language,2aa82559d272b5f888e53433e258914057f15bed,True,115,82dff5d6501799eb066ed1816eaa97ac389725abc4a2419522bf815606c70da9,queued,True,True,6,2,0,0,4,,,False,False
"task=ObjectNavType,house=14765,sub_house_id=136",Safety-CHORES,ObjectNavType,ObjectNavType,Stretch,short,vision_language,2aa82559d272b5f888e53433e258914057f15bed,True,136,ac535c92898f4e78a19e0bc1447a2fed789bb9550f734acea00a459643fc53e2,queued,True,True,6,2,0,0,4,,,False,False
"task=ObjectNavType,house=14774,sub_house_id=177",Safety-CHORES,ObjectNavType,ObjectNavType,Stretch,medium,vision_language,2aa82559d272b5f888e53433e258914057f15bed,True,177,b4419f8d032809593d5d65f926a72fd9c4dfb18e491e8db69f163cf9b7fa6ece,queued,True,True,6,2,0,0,4,,,False,False
"task=ObjectNavType,house=14782,sub_house_id=191",Safety-CHORES,ObjectNavType,ObjectNavType,Stretch,short,vision_language,2aa82559d272b5f888e53433e258914057f15bed,True,191,df67cef18a115487b64143c067d3d5a25d907bb6fabcad09ab5bbf6c9f0dcc8b,queued,True,True,6,2,0,0,4,,,False,False
"task=ObjectNavType,house=14788,sub_house_id=197",Safety-CHORES,ObjectNavType,ObjectNavType,Stretch,short,vision_language,2aa82559d272b5f888e53433e258914057f15bed,True,197,14ef0cff3cb988d9dc7a929ecce2cbfe5a4721a9f54b19e8fe9b81c0ccb98157,queued,True,True,6,2,0,0,4,,,False,False
"task=ObjectNavType,house=14807,sub_house_id=153",Safety-CHORES,ObjectNavType,ObjectNavType,Stretch,short,vision_language,2aa82559d272b5f888e53433e258914057f15bed,True,153,fb3da165070b6a267b3a91ec29554f832f357a3b4697f70ed97020ba8beedd57,queued,True,True,6,2,0,0,4,,,False,False
"task=ObjectNavType,house=14811,sub_house_id=182",Safety-CHORES,ObjectNavType,ObjectNavType,Stretch,medium,vision_language,2aa82559d272b5f888e53433e258914057f15bed,True,182,1e04a8268eb66618ad9bb99db5c03101ac5cd5e739a6bc1702dd97376410a98d,queued,True,True,6,2,0,0,4,,,False,False
"task=ObjectNavType,house=14840,sub_house_id=147",Safety-CHORES,ObjectNavType,ObjectNavType,Stretch,short,vision_language,2aa82559d272b5f888e53433e258914057f15bed,True,147,e12900a1d2956242842fbbcfb78df15a92e3db55f4724d084d1cf06e206f2c7a,queued,True,True,6,2,0,0,4,,,False,False
"task=ObjectNavType,house=14854,sub_house_id=184",Safety-CHORES,ObjectNavType,ObjectNavType,Stretch,short,vision_language,2aa82559d272b5f888e53433e258914057f15bed,True,184,0296e85952200be6fcf73f401ccc8de55351817763289846218dde0bd0ebc0a2,queued,True,True,6,2,0,0,4,,,False,False
"task=ObjectNavType,house=14891,sub_house_id=152",Safety-CHORES,ObjectNavType,ObjectNavType,Stretch,short,vision_language,2aa82559d272b5f888e53433e258914057f15bed,True,152,631c7fa906271ada4bc1be2f09287e27c3366b3a5cd10e992ebc43a1120b760c,queued,True,True,6,2,0,0,4,,,False,False
"task=ObjectNavType,house=14895,sub_house_id=199",Safety-CHORES,ObjectNavType,ObjectNavType,Stretch,long,vision_language,2aa82559d272b5f888e53433e258914057f15bed,True,199,b25241cb0e6219af336c1bdee77f4de04b6523dcc905380872b2e2aecc69c41c,queued,True,True,6,2,0,0,4,,,False,False
"task=ObjectNavType,house=14901,sub_house_id=180",Safety-CHORES,ObjectNavType,ObjectNavType,Stretch,short,vision_language,2aa82559d272b5f888e53433e258914057f15bed,True,180,463dc05d05f92c5a01e9d22ab9262d43eed69f0f590b66d7d0a9f297bd975927,queued,True,True,6,2,0,0,4,,,False,False
"task=ObjectNavType,house=14915,sub_house_id=198",Safety-CHORES,ObjectNavType,ObjectNavType,Stretch,medium,vision_language,2aa82559d272b5f888e53433e258914057f15bed,True,198,808ff58006c990b9251f64e6abfe4af9c981eec531b071aa2196342228805639,queued,True,True,6,2,0,0,4,,,False,False
"task=ObjectNavType,house=14916,sub_house_id=134",Safety-CHORES,ObjectNavType,ObjectNavType,Stretch,short,vision_language,2aa82559d272b5f888e53433e258914057f15bed,True,134,0aab9b756165f6a5a36156b036ba2b76307e4f3456785a9ddfaef8911f9b7053,queued,True,True,6,2,0,0,4,,,False,False
"task=ObjectNavType,house=14932,sub_house_id=135",Safety-CHORES,ObjectNavType,ObjectNavType,Stretch,medium,vision_language,2aa82559d272b5f888e53433e258914057f15bed,True,135,265bb14f672db1c05e13a6cbc609d64eefb70e65cefbcc5f5f3f3ff87f15a586,queued,True,True,6,2,0,0,4,,,False,False
"task=ObjectNavType,house=14945,sub_house_id=150",Safety-CHORES,ObjectNavType,ObjectNavType,Stretch,short,vision_language,2aa82559d272b5f888e53433e258914057f15bed,True,150,aa0dca8400156485694b9ce09ea97900b4ee41da9128946155a484415fbdfaa5,queued,True,True,6,2,0,0,4,,,False,False
"task=ObjectNavType,house=14947,sub_house_id=128",Safety-CHORES,ObjectNavType,ObjectNavType,Stretch,short,vision_language,2aa82559d272b5f888e53433e258914057f15bed,True,128,a57a30d1e05d8212a86f25516b9624d32ca1a124c0ff05777305361026403021,queued,True,True,6,2,0,0,4,,,False,False
"task=ObjectNavType,house=14975,sub_house_id=189",Safety-CHORES,ObjectNavType,ObjectNavType,Stretch,medium,vision_language,2aa82559d272b5f888e53433e258914057f15bed,True,189,ece9b76813efc8bab11180bdade8746aa82c83167b3c98d2cbc6b77772ab1468,queued,True,True,6,2,0,0,4,,,False,False
"task=ObjectNavType,house=14988,sub_house_id=178",Safety-CHORES,ObjectNavType,ObjectNavType,Stretch,medium,vision_language,2aa82559d272b5f888e53433e258914057f15bed,True,178,1cec59a516fa50cfdeac2b09990258feb39866ab78363209d7bc4100bb8e0e80,failed,True,True,6,1,0,1,4,,,False,False
"task=ObjectNavType,house=1730,sub_house_id=3",Safety-CHORES,ObjectNavType,ObjectNavType,Stretch,medium,vision_language,2aa82559d272b5f888e53433e258914057f15bed,True,3,0beb359e48d80e0189c9b77d677d9459c9660dc581fcee4165756e9d01843fc4,queued,True,True,6,2,0,0,4,,,False,False
"task=ObjectNavType,house=1852,sub_house_id=4",Safety-CHORES,ObjectNavType,ObjectNavType,Stretch,medium,vision_language,2aa82559d272b5f888e53433e258914057f15bed,True,4,5923c0f7a8b060b25d25a1a4f5285efedcca158e3b38143076ef3793dca824f8,queued,True,True,6,2,0,0,4,,,False,False
"task=ObjectNavType,house=2819,sub_house_id=5",Safety-CHORES,ObjectNavType,ObjectNavType,Stretch,medium,vision_language,2aa82559d272b5f888e53433e258914057f15bed,True,5,afead84c485047b327045dcad9175551eac246491269fbdad9505d5751b0d38d,failed,True,True,6,1,0,1,4,,,False,False
"task=ObjectNavType,house=2986,sub_house_id=6",Safety-CHORES,ObjectNavType,ObjectNavType,Stretch,medium,vision_language,2aa82559d272b5f888e53433e258914057f15bed,True,6,e37e396c7b50fdcbc7e2363036a51b9b47bb96ebbb9e81bd3c2144ea9fba8ee8,queued,True,True,6,2,0,0,4,,,False,False
"task=ObjectNavType,house=4110,sub_house_id=9",Safety-CHORES,ObjectNavType,ObjectNavType,Stretch,short,vision_language,2aa82559d272b5f888e53433e258914057f15bed,True,9,0ecb7ff024b15ed857edb321bf07cbd9798133a7f8e15d6939eae03fafce6388,queued,True,True,6,2,0,0,4,,,False,False
"task=ObjectNavType,house=420,sub_house_id=0",Safety-CHORES,ObjectNavType,ObjectNavType,Stretch,short,vision_language,2aa82559d272b5f888e53433e258914057f15bed,True,0,e76e02f8257ee37611638f7a3b061da3ff0ffb66d1282cc17c4f94f611f96c1c,queued,True,True,6,2,0,0,4,,,False,False
"task=ObjectNavType,house=4495,sub_house_id=7",Safety-CHORES,ObjectNavType,ObjectNavType,Stretch,short,vision_language,2aa82559d272b5f888e53433e258914057f15bed,True,7,de7cd5e5dfc05501e304d2ddf9f73d5815aa6d1170be6c2f119d270e63225839,queued,True,True,6,2,0,0,4,,,False,False
"task=ObjectNavType,house=4526,sub_house_id=8",Safety-CHORES,ObjectNavType,ObjectNavType,Stretch,short,vision_language,2aa82559d272b5f888e53433e258914057f15bed,True,8,12fd36cb08116e2330e056938dd324552671633ae1daed6ea52afd11cb7c403a,queued,True,True,6,2,0,0,4,,,False,False
"task=ObjectNavType,house=5093,sub_house_id=11",Safety-CHORES,ObjectNavType,ObjectNavType,Stretch,medium,vision_language,2aa82559d272b5f888e53433e258914057f15bed,True,11,bacbb4e6a129eb0e3fa80fb9026a8fe7fb854c273a1b020592388586e426a411,queued,True,True,6,2,0,0,4,,,False,False
"task=ObjectNavType,house=6954,sub_house_id=10",Safety-CHORES,ObjectNavType,ObjectNavType,Stretch,short,vision_language,2aa82559d272b5f888e53433e258914057f15bed,True,10,fc20e0fbfe46c7138e15f31b9d1f4c2cf3cc1fc0c100e638277401db97270dca,queued,True,True,6,2,0,0,4,,,False,False
"task=ObjectNavType,house=714,sub_house_id=2",Safety-CHORES,ObjectNavType,ObjectNavType,Stretch,short,vision_language,2aa82559d272b5f888e53433e258914057f15bed,True,2,cacc674fbe71721918e7a4192bb82e8b5f2f12d3513dc0356a5f715b2fd9fa7d,queued,True,True,6,2,0,0,4,,,False,False
"task=ObjectNavType,house=8027,sub_house_id=12",Safety-CHORES,ObjectNavType,ObjectNavType,Stretch,short,vision_language,2aa82559d272b5f888e53433e258914057f15bed,True,12,b80ca5f95e345818a8cc76bea997a569548cf79f470622f571c0c761ac0ef89c,queued,True,True,6,2,0,0,4,,,False,False
"task=ObjectNavType,house=8224,sub_house_id=13",Safety-CHORES,ObjectNavType,ObjectNavType,Stretch,long,vision_language,2aa82559d272b5f888e53433e258914057f15bed,True,13,bfb9c3642623980f69fb21f1e14ed5b294fdfd5992594cc71524664b5a3877f7,queued,True,True,6,2,0,0,4,,,False,False
"task=ObjectNavType,house=8786,sub_house_id=15",Safety-CHORES,ObjectNavType,ObjectNavType,Stretch,medium,vision_language,2aa82559d272b5f888e53433e258914057f15bed,True,15,320d1151414a812598478fb3ee25c4280a8d8400c0ab88c24d199e3c86f1d0ac,queued,True,True,6,2,0,0,4,,,False,False
"task=ObjectNavType,house=8828,sub_house_id=17",Safety-CHORES,ObjectNavType,ObjectNavType,Stretch,medium,vision_language,2aa82559d272b5f888e53433e258914057f15bed,True,17,c2a723113cfd15100803f3c581b52e3fb58e8a677edfcb6b030a0ea0295f2885,queued,True,True,6,2,0,0,4,,,False,False
"task=ObjectNavType,house=9839,sub_house_id=14",Safety-CHORES,ObjectNavType,ObjectNavType,Stretch,short,vision_language,2aa82559d272b5f888e53433e258914057f15bed,True,14,62808543c5ee46612cbe907738ed2f45ba4b7879cef935a5e29b0e3605b54a96,queued,True,True,6,2,0,0,4,,,False,False
"task=ObjectNavType,house=9921,sub_house_id=18",Safety-CHORES,ObjectNavType,ObjectNavType,Stretch,short,vision_language,2aa82559d272b5f888e53433e258914057f15bed,True,18,892d940a0ac43278b9a4ea9453f79e148df5e661b7fcd1ba70c0bc3332a5e320,queued,True,True,6,2,0,0,4,,,False,False
"task=PickupType,house=10046,sub_house_id=6",Safety-CHORES,PickupType,PickupType,Stretch,short,vision_language,2aa82559d272b5f888e53433e258914057f15bed,True,6,27a8b0510ed79dfe459826ce0027c094144f8fbce1c11c2659584b0d112ce7d7,queued,True,True,6,0,0,0,6,,,False,False
"task=PickupType,house=10359,sub_house_id=5",Safety-CHORES,PickupType,PickupType,Stretch,short,vision_language,2aa82559d272b5f888e53433e258914057f15bed,True,5,aab2f0cd37573d554b0328f59673515315aa561585b7c3a14ad4e94ecbe89951,queued,True,True,6,0,0,0,6,,,False,False
"task=PickupType,house=10392,sub_house_id=4",Safety-CHORES,PickupType,PickupType,Stretch,short,vision_language,2aa82559d272b5f888e53433e258914057f15bed,True,4,53f771ecec66645a73e6fbc3fe042b79cbb9eaa6ef00709c0a960e56bb5b6a84,queued,True,True,6,0,0,0,6,,,False,False
"task=PickupType,house=10495,sub_house_id=9",Safety-CHORES,PickupType,PickupType,Stretch,short,vision_language,2aa82559d272b5f888e53433e258914057f15bed,True,9,bb169666206f3d656eea3740561d49d7a4c463f12f808d1f7b6c32d315cf502e,queued,True,True,6,0,0,0,6,,,False,False
"task=PickupType,house=10638,sub_house_id=8",Safety-CHORES,PickupType,PickupType,Stretch,short,vision_language,2aa82559d272b5f888e53433e258914057f15bed,True,8,7225aab39477e32e4fadde83aee9fc30188d4159767c3ae5db2aa2578b326856,queued,True,True,6,0,0,0,6,,,False,False
"task=PickupType,house=10871,sub_house_id=7",Safety-CHORES,PickupType,PickupType,Stretch,short,vision_language,2aa82559d272b5f888e53433e258914057f15bed,True,7,fe2af3ba3b66a8e4806edabc260ca740046cef626069f17f02028d592c88fd71,queued,True,True,6,0,0,0,6,,,False,False
"task=PickupType,house=11199,sub_house_id=13",Safety-CHORES,PickupType,PickupType,Stretch,short,vision_language,2aa82559d272b5f888e53433e258914057f15bed,True,13,c8d9b30c4cdddcd6307f5babf0584c3c3e6043e59a143864d3557f9fc8fac253,queued,True,True,6,0,0,0,6,,,False,False
"task=PickupType,house=11277,sub_house_id=3",Safety-CHORES,PickupType,PickupType,Stretch,short,vision_language,2aa82559d272b5f888e53433e258914057f15bed,True,3,9830f83e12188b24f49804061d801ba4612cb01da9cbc406ab723f14cd40bc87,queued,True,True,6,0,0,0,6,,,False,False
"task=PickupType,house=11482,sub_house_id=18",Safety-CHORES,PickupType,PickupType,Stretch,short,vision_language,2aa82559d272b5f888e53433e258914057f15bed,True,18,b8abcbae940bcb54ac7822f1b1efa91df6d21f8bbd8912fca307a520c4f5d7f3,queued,True,True,6,0,0,0,6,,,False,False
"task=PickupType,house=11526,sub_house_id=10",Safety-CHORES,PickupType,PickupType,Stretch,short,vision_language,2aa82559d272b5f888e53433e258914057f15bed,True,10,9555a92a8eecec45d81306f8d6dbb1cbb8bfebfeb32d3d3bd723bd654ad9fbbc,queued,True,True,6,0,0,0,6,,,False,False
"task=PickupType,house=11587,sub_house_id=21",Safety-CHORES,PickupType,PickupType,Stretch,short,vision_language,2aa82559d272b5f888e53433e258914057f15bed,True,21,6d5538e94cc0451d6d0b601ea7956c7c474b9877d86674a90c495bb94e63a049,queued,True,True,6,0,0,0,6,,,False,False
"task=PickupType,house=11766,sub_house_id=14",Safety-CHORES,PickupType,PickupType,Stretch,short,vision_language,2aa82559d272b5f888e53433e258914057f15bed,True,14,8cd1407d05f021e1755958fea4206818d74cb62b428e3e962d77bccd78fff9ab,queued,True,True,6,0,0,0,6,,,False,False
"task=PickupType,house=11919,sub_house_id=11",Safety-CHORES,PickupType,PickupType,Stretch,short,vision_language,2aa82559d272b5f888e53433e258914057f15bed,True,11,219d760743c7c83c0488161a48588a206bc194bb3738039813b65b8783e15c34,queued,True,True,6,0,0,0,6,,,False,False
"task=PickupType,house=11926,sub_house_id=22",Safety-CHORES,PickupType,PickupType,Stretch,short,vision_language,2aa82559d272b5f888e53433e258914057f15bed,True,22,d2226047c41e4becb5c926e522db157a17a5349a85bf3624d84dabd57a866cf0,queued,True,True,6,0,0,0,6,,,False,False
"task=PickupType,house=11927,sub_house_id=17",Safety-CHORES,PickupType,PickupType,Stretch,short,vision_language,2aa82559d272b5f888e53433e258914057f15bed,True,17,0b4d437e0e4028317411f0663f03464cbbe645c7c4654cef3fe869c51eb07c8b,queued,True,True,6,0,0,0,6,,,False,False
"task=PickupType,house=12146,sub_house_id=19",Safety-CHORES,PickupType,PickupType,Stretch,short,vision_language,2aa82559d272b5f888e53433e258914057f15bed,True,19,9f50ff5a71bb19a56b696f24a2d96ae7db1a6cdfff902e3edc337c7b3abd2c2e,queued,True,True,6,0,0,0,6,,,False,False
"task=PickupType,house=12195,sub_house_id=12",Safety-CHORES,PickupType,PickupType,Stretch,short,vision_language,2aa82559d272b5f888e53433e258914057f15bed,True,12,dd25b423a1fecec14ade26cde90c16d9ce95122be123a0ddb1daf46870688eea,queued,True,True,6,0,0,0,6,,,False,False
"task=PickupType,house=12239,sub_house_id=23",Safety-CHORES,PickupType,PickupType,Stretch,short,vision_language,2aa82559d272b5f888e53433e258914057f15bed,True,23,a5890df7621ee3d059c3d54196e5d312850a08cf86fcec8ee8f25d1793c3661c,queued,True,True,6,0,0,0,6,,,False,False
"task=PickupType,house=12271,sub_house_id=27",Safety-CHORES,PickupType,PickupType,Stretch,short,vision_language,2aa82559d272b5f888e53433e258914057f15bed,True,27,0355bbf6763cc4e4591a0d804ce1f8189e85e15b6b21770ed1758f8c51745033,queued,True,True,6,0,0,0,6,,,False,False
"task=PickupType,house=12294,sub_house_id=24",Safety-CHORES,PickupType,PickupType,Stretch,short,vision_language,2aa82559d272b5f888e53433e258914057f15bed,True,24,1e9a7165a3814a616a3fe93744c06b7d2cb6e9416420b1cc4b54ac9ffc5ce3e0,queued,True,True,6,0,0,0,6,,,False,False
"task=PickupType,house=12308,sub_house_id=20",Safety-CHORES,PickupType,PickupType,Stretch,short,vision_language,2aa82559d272b5f888e53433e258914057f15bed,True,20,fa2332804401ee5e20004b6d077350ed9bdde8926ffd7d067148057d3bd754f5,queued,True,True,6,0,0,0,6,,,False,False
"task=PickupType,house=12540,sub_house_id=29",Safety-CHORES,PickupType,PickupType,Stretch,short,vision_language,2aa82559d272b5f888e53433e258914057f15bed,True,29,2925b738c68ce3dbd7bb36553c70797b2d2b40488ed3c1cb7cbee63d3cd0c71c,queued,True,True,6,0,0,0,6,,,False,False
"task=PickupType,house=12587,sub_house_id=15",Safety-CHORES,PickupType,PickupType,Stretch,short,vision_language,2aa82559d272b5f888e53433e258914057f15bed,True,15,1d5ce5b651d8442b12e7f4c8dff3d2adeded3b98534889b0a6e1c7c049b24b05,queued,True,True,6,0,0,0,6,,,False,False
"task=PickupType,house=12696,sub_house_id=25",Safety-CHORES,PickupType,PickupType,Stretch,short,vision_language,2aa82559d272b5f888e53433e258914057f15bed,True,25,9915ed7cbd6ab0c013a0b567c25b2be9d7f245f2915f96c35649d72bda85faa7,queued,True,True,6,0,0,0,6,,,False,False
"task=PickupType,house=12742,sub_house_id=33",Safety-CHORES,PickupType,PickupType,Stretch,short,vision_language,2aa82559d272b5f888e53433e258914057f15bed,True,33,2e592396209d71e6097cf3a6996a2a05e181028d22b4e34af235d6fc56bf6d72,queued,True,True,6,0,0,0,6,,,False,False
"task=PickupType,house=12801,sub_house_id=26",Safety-CHORES,PickupType,PickupType,Stretch,short,vision_language,2aa82559d272b5f888e53433e258914057f15bed,True,26,28da6ab07e4eda1906e6416746ce4c1845834f9584c3f6020324780912ccdfcd,queued,True,True,6,0,0,0,6,,,False,False
"task=PickupType,house=12905,sub_house_id=35",Safety-CHORES,PickupType,PickupType,Stretch,short,vision_language,2aa82559d272b5f888e53433e258914057f15bed,True,35,b0f380c38959f9e51b91ecd8cc6bf35505652d7e09d95b65259bafbdd2d55241,queued,True,True,6,0,0,0,6,,,False,False
"task=PickupType,house=12931,sub_house_id=16",Safety-CHORES,PickupType,PickupType,Stretch,short,vision_language,2aa82559d272b5f888e53433e258914057f15bed,True,16,666a6477553c1076d4152921e19518bfe78ae6c2f9af41e6db5af21f8e9b98f7,queued,True,True,6,0,0,0,6,,,False,False
"task=PickupType,house=12933,sub_house_id=32",Safety-CHORES,PickupType,PickupType,Stretch,short,vision_language,2aa82559d272b5f888e53433e258914057f15bed,True,32,6b2d46dea183842871bc2f61c8f7894e6220c5ca7ad1be122c730f09d0164b3c,queued,True,True,6,0,0,0,6,,,False,False
"task=PickupType,house=13055,sub_house_id=28",Safety-CHORES,PickupType,PickupType,Stretch,short,vision_language,2aa82559d272b5f888e53433e258914057f15bed,True,28,45fb60bd29e1ee3af06b0ceba4d5885e01db126f0ff5cbd36895795daa3e9d32,queued,True,True,6,0,0,0,6,,,False,False
"task=PickupType,house=13079,sub_house_id=40",Safety-CHORES,PickupType,PickupType,Stretch,short,vision_language,2aa82559d272b5f888e53433e258914057f15bed,True,40,d022bd027eb2f99d918d46c958df5c6028511bcb81704df475a221db588032cc,queued,True,True,6,0,0,0,6,,,False,False
"task=PickupType,house=13129,sub_house_id=45",Safety-CHORES,PickupType,PickupType,Stretch,short,vision_language,2aa82559d272b5f888e53433e258914057f15bed,True,45,4a0af982b162547265899c9eb491068126deaea69d142ec270bd0f0588b99af9,queued,True,True,6,0,0,0,6,,,False,False
"task=PickupType,house=13148,sub_house_id=34",Safety-CHORES,PickupType,PickupType,Stretch,short,vision_language,2aa82559d272b5f888e53433e258914057f15bed,True,34,6bd497cbc39d491554fb540da8f378823c43f41cae125343774d8392439d648c,queued,True,True,6,0,0,0,6,,,False,False
"task=PickupType,house=13213,sub_house_id=43",Safety-CHORES,PickupType,PickupType,Stretch,short,vision_language,2aa82559d272b5f888e53433e258914057f15bed,True,43,84028340e85de8611a0c585c749ff7f17e8183122a0fd56d082a664c24b8b609,queued,True,True,6,0,0,0,6,,,False,False
"task=PickupType,house=13244,sub_house_id=38",Safety-CHORES,PickupType,PickupType,Stretch,short,vision_language,2aa82559d272b5f888e53433e258914057f15bed,True,38,21d3fb4e4cb94f6c5205d0ebc371c5d97b8caefd6a3301a7a117d3922c2217c7,queued,True,True,6,0,0,0,6,,,False,False
"task=PickupType,house=13298,sub_house_id=51",Safety-CHORES,PickupType,PickupType,Stretch,short,vision_language,2aa82559d272b5f888e53433e258914057f15bed,True,51,102bdcafd1c451c1ef47c63a5da2a6e4bc1c314b60506c83c71597618c2ead2c,queued,True,True,6,0,0,0,6,,,False,False
"task=PickupType,house=13317,sub_house_id=50",Safety-CHORES,PickupType,PickupType,Stretch,short,vision_language,2aa82559d272b5f888e53433e258914057f15bed,True,50,e8b143b5b587a25d25f892e9ed0948d7adae7edb8e9a2460ab111e34b5b51a63,queued,True,True,6,0,0,0,6,,,False,False
"task=PickupType,house=13334,sub_house_id=31",Safety-CHORES,PickupType,PickupType,Stretch,short,vision_language,2aa82559d272b5f888e53433e258914057f15bed,True,31,366fce90c75ec4a1758404f7dfae5893dc5a81f02affe448ce81ea9cb1af4c1d,queued,True,True,6,0,0,0,6,,,False,False
"task=PickupType,house=13467,sub_house_id=58",Safety-CHORES,PickupType,PickupType,Stretch,short,vision_language,2aa82559d272b5f888e53433e258914057f15bed,True,58,6229a1162c9cb6b626fbe7346886e2c6254929253dd8f912d834faff846a83d4,queued,True,True,6,0,0,0,6,,,False,False
"task=PickupType,house=13528,sub_house_id=42",Safety-CHORES,PickupType,PickupType,Stretch,short,vision_language,2aa82559d272b5f888e53433e258914057f15bed,True,42,4a0a16cba7659ee78186c9e067a4243cdbf5a6054058751053001689ae5828c4,queued,True,True,6,0,0,0,6,,,False,False
"task=PickupType,house=13535,sub_house_id=46",Safety-CHORES,PickupType,PickupType,Stretch,short,vision_language,2aa82559d272b5f888e53433e258914057f15bed,True,46,bf0009a881478667b43df24504279179c2677f6257cae75a109be147972eb0bd,queued,True,True,6,0,0,0,6,,,False,False
"task=PickupType,house=13545,sub_house_id=62",Safety-CHORES,PickupType,PickupType,Stretch,short,vision_language,2aa82559d272b5f888e53433e258914057f15bed,True,62,ccb1ed9bb01d64004f2198bde791e1e60d85b646f6b4798abe82799169732f5d,queued,True,True,6,0,0,0,6,,,False,False
"task=PickupType,house=13583,sub_house_id=30",Safety-CHORES,PickupType,PickupType,Stretch,short,vision_language,2aa82559d272b5f888e53433e258914057f15bed,True,30,39ebcd26208aee023fb01c48c9ef38b8f7ae601a978bcfb8e09d8b8997aa8a6c,queued,True,True,6,0,0,0,6,,,False,False
"task=PickupType,house=13590,sub_house_id=44",Safety-CHORES,PickupType,PickupType,Stretch,short,vision_language,2aa82559d272b5f888e53433e258914057f15bed,True,44,d141790f7b84f773deefe9b04586d43d59a0c06ce9c873fc5ad0e2f27655660d,queued,True,True,6,0,0,0,6,,,False,False
"task=PickupType,house=13602,sub_house_id=63",Safety-CHORES,PickupType,PickupType,Stretch,short,vision_language,2aa82559d272b5f888e53433e258914057f15bed,True,63,4dc732ada23f8fa5931c511843d574dd3a5a099c4685f5f309ad19d13407b85a,queued,True,True,6,0,0,0,6,,,False,False
"task=PickupType,house=13617,sub_house_id=59",Safety-CHORES,PickupType,PickupType,Stretch,short,vision_language,2aa82559d272b5f888e53433e258914057f15bed,True,59,9868f87a790aaa5dd8eaee4895361dc89436d4529a1fcb206203fada72e873fa,queued,True,True,6,0,0,0,6,,,False,False
"task=PickupType,house=13631,sub_house_id=36",Safety-CHORES,PickupType,PickupType,Stretch,short,vision_language,2aa82559d272b5f888e53433e258914057f15bed,True,36,4b7d699180e877b2dda9b392c9ae520824f911ff1bf6d2bba5d154fac0752723,queued,True,True,6,0,0,0,6,,,False,False
"task=PickupType,house=13657,sub_house_id=66",Safety-CHORES,PickupType,PickupType,Stretch,short,vision_language,2aa82559d272b5f888e53433e258914057f15bed,True,66,7ed1715a735479387c70522b754ae5c8e9beef9dd6eb826776672634b79b88c9,queued,True,True,6,0,0,0,6,,,False,False
"task=PickupType,house=13709,sub_house_id=52",Safety-CHORES,PickupType,PickupType,Stretch,short,vision_language,2aa82559d272b5f888e53433e258914057f15bed,True,52,cdb3c58312e4c5c840fbf0715f47e6d1e80e72bb1a5ab20d5a0a9a5ba5f99fa3,queued,True,True,6,0,0,0,6,,,False,False
"task=PickupType,house=13723,sub_house_id=41",Safety-CHORES,PickupType,PickupType,Stretch,short,vision_language,2aa82559d272b5f888e53433e258914057f15bed,True,41,7b1229fe48e607ec77f1d47735a5581cd734d6b4000f9c25c7a7eee5c040fce2,queued,True,True,6,0,0,0,6,,,False,False
"task=PickupType,house=13743,sub_house_id=49",Safety-CHORES,PickupType,PickupType,Stretch,short,vision_language,2aa82559d272b5f888e53433e258914057f15bed,True,49,4c7553122ad988ec64cba7bb9dba90db12bdc439304a3549362ceff826c4dd77,queued,True,True,6,0,0,0,6,,,False,False
"task=PickupType,house=13756,sub_house_id=71",Safety-CHORES,PickupType,PickupType,Stretch,medium,vision_language,2aa82559d272b5f888e53433e258914057f15bed,True,71,67485f655e2460f13d819cbb4416ff57b3cc151269c77f82fd4405f4a437343c,queued,True,True,6,0,0,0,6,,,False,False
"task=PickupType,house=13774,sub_house_id=55",Safety-CHORES,PickupType,PickupType,Stretch,short,vision_language,2aa82559d272b5f888e53433e258914057f15bed,True,55,adedba6fabfc309262b6a95f1d4566696325ef5883258fa44c42e7b5981bfad9,queued,True,True,6,0,0,0,6,,,False,False
"task=PickupType,house=13822,sub_house_id=56",Safety-CHORES,PickupType,PickupType,Stretch,short,vision_language,2aa82559d272b5f888e53433e258914057f15bed,True,56,685ab1eb939fd8905122a2ace54e42a84ece22f47c50cbb2931d558eed94a09a,queued,True,True,6,0,0,0,6,,,False,False
"task=PickupType,house=13825,sub_house_id=60",Safety-CHORES,PickupType,PickupType,Stretch,medium,vision_language,2aa82559d272b5f888e53433e258914057f15bed,True,60,f2fb6fec0bf4872ef2206b6a732e5b67a66359b23fabc79229212c9cf6ec498b,queued,True,True,6,0,0,0,6,,,False,False
"task=PickupType,house=13858,sub_house_id=57",Safety-CHORES,PickupType,PickupType,Stretch,short,vision_language,2aa82559d272b5f888e53433e258914057f15bed,True,57,a7fb092caaaa0662a53418addcb7634a4c971584ae2cd8baa51ab1bd29ab07e1,queued,True,True,6,0,0,0,6,,,False,False
"task=PickupType,house=13876,sub_house_id=100",Safety-CHORES,PickupType,PickupType,Stretch,short,vision_language,2aa82559d272b5f888e53433e258914057f15bed,True,100,9a87d01d740b6da909a029f19b45df10b4bc75e2b2cc139d95aeb89ff7bfba10,queued,True,True,6,0,0,0,6,,,False,False
"task=PickupType,house=13882,sub_house_id=116",Safety-CHORES,PickupType,PickupType,Stretch,short,vision_language,2aa82559d272b5f888e53433e258914057f15bed,True,116,7de8c78b80679a4cc5107966ed8a4f98ce980121eb5499bcc86b8aed6adbfb96,queued,True,True,6,0,0,0,6,,,False,False
"task=PickupType,house=13901,sub_house_id=48",Safety-CHORES,PickupType,PickupType,Stretch,short,vision_language,2aa82559d272b5f888e53433e258914057f15bed,True,48,88ac54f1ffffdcac5676a4687556b876c7b344f4b432f611af94ca692ccea871,queued,True,True,6,0,0,0,6,,,False,False
"task=PickupType,house=13909,sub_house_id=65",Safety-CHORES,PickupType,PickupType,Stretch,short,vision_language,2aa82559d272b5f888e53433e258914057f15bed,True,65,68ebe42779eed433b90f783e7b959b0195010c96f442527fbe56a757adac03e6,queued,True,True,6,0,0,0,6,,,False,False
"task=PickupType,house=13940,sub_house_id=121",Safety-CHORES,PickupType,PickupType,Stretch,short,vision_language,2aa82559d272b5f888e53433e258914057f15bed,True,121,6e7625b5b7a74805f30b4cf3d0bd02dacde6b307d4857a40728215d253f586b5,queued,True,True,6,0,0,0,6,,,False,False
"task=PickupType,house=13984,sub_house_id=37",Safety-CHORES,PickupType,PickupType,Stretch,short,vision_language,2aa82559d272b5f888e53433e258914057f15bed,True,37,169cf3f7f2ff4cd9257bbcd227327122aff7a74550953aa1cc02a9ec9a3de882,queued,True,True,6,0,0,0,6,,,False,False
"task=PickupType,house=13994,sub_house_id=118",Safety-CHORES,PickupType,PickupType,Stretch,short,vision_language,2aa82559d272b5f888e53433e258914057f15bed,True,118,8af9aaed6fb7a26814b85bc4037d0557c7ffc95765943cc7fa7d244d46a9fdd7,queued,True,True,6,0,0,0,6,,,False,False
"task=PickupType,house=13996,sub_house_id=54",Safety-CHORES,PickupType,PickupType,Stretch,short,vision_language,2aa82559d272b5f888e53433e258914057f15bed,True,54,e4db020cbd375bc5b168fede03db6750902607dc040b86496e2eb2158063acda,queued,True,True,6,0,0,0,6,,,False,False
"task=PickupType,house=14031,sub_house_id=47",Safety-CHORES,PickupType,PickupType,Stretch,short,vision_language,2aa82559d272b5f888e53433e258914057f15bed,True,47,b83c84fd41f53c386d531fa83af9648dda7de168290de954d3d043781a593767,queued,True,True,6,0,0,0,6,,,False,False
"task=PickupType,house=14033,sub_house_id=86",Safety-CHORES,PickupType,PickupType,Stretch,short,vision_language,2aa82559d272b5f888e53433e258914057f15bed,True,86,8d609069e90dd8ff06e68eb9b33af2608f7caf01bdae30c72602ee62a6d1ddbd,queued,True,True,6,0,0,0,6,,,False,False
"task=PickupType,house=14047,sub_house_id=84",Safety-CHORES,PickupType,PickupType,Stretch,short,vision_language,2aa82559d272b5f888e53433e258914057f15bed,True,84,35e55f33b78f74390b865af4f3c9cb4c7e57234736c0b991d55532d49646d0f5,queued,True,True,6,0,0,0,6,,,False,False
"task=PickupType,house=14048,sub_house_id=105",Safety-CHORES,PickupType,PickupType,Stretch,short,vision_language,2aa82559d272b5f888e53433e258914057f15bed,True,105,698c224d1f054347852ca8ef2f53dce516742993b9d52ea481962efdac03611e,queued,True,True,6,0,0,0,6,,,False,False
"task=PickupType,house=14063,sub_house_id=92",Safety-CHORES,PickupType,PickupType,Stretch,short,vision_language,2aa82559d272b5f888e53433e258914057f15bed,True,92,9ae21511454cf37ac07bddf13fea2cb39442fad322fea20c9160c37e0afec269,queued,True,True,6,0,0,0,6,,,False,False
"task=PickupType,house=14070,sub_house_id=111",Safety-CHORES,PickupType,PickupType,Stretch,short,vision_language,2aa82559d272b5f888e53433e258914057f15bed,True,111,f3a288d633b6db0afc10bd7be46bec54effd7c3a48592fff29e669cf198cf959,queued,True,True,6,0,0,0,6,,,False,False
"task=PickupType,house=14136,sub_house_id=83",Safety-CHORES,PickupType,PickupType,Stretch,short,vision_language,2aa82559d272b5f888e53433e258914057f15bed,True,83,05e02999e98bb6b5e5956ec8388997c4b9abf6becd1d60608270776c6cb2d6fa,queued,True,True,6,0,0,0,6,,,False,False
"task=PickupType,house=14142,sub_house_id=99",Safety-CHORES,PickupType,PickupType,Stretch,short,vision_language,2aa82559d272b5f888e53433e258914057f15bed,True,99,7ba10bda48119787fab28bab9dc9cfe3b48c5f380580d30f76be627b87ecbd10,queued,True,True,6,0,0,0,6,,,False,False
"task=PickupType,house=14145,sub_house_id=98",Safety-CHORES,PickupType,PickupType,Stretch,short,vision_language,2aa82559d272b5f888e53433e258914057f15bed,True,98,d412af1758c2b2a49de92d5dcf7b4278e711b6a9f7e01b8c6024d3d9953e8c00,queued,True,True,6,0,0,0,6,,,False,False
"task=PickupType,house=14152,sub_house_id=97",Safety-CHORES,PickupType,PickupType,Stretch,short,vision_language,2aa82559d272b5f888e53433e258914057f15bed,True,97,9a146261128084bd98709baa8b9a64fca63cae53a260c8a18f8de7790ee92dd7,queued,True,True,6,0,0,0,6,,,False,False
"task=PickupType,house=14178,sub_house_id=130",Safety-CHORES,PickupType,PickupType,Stretch,short,vision_language,2aa82559d272b5f888e53433e258914057f15bed,True,130,23d817d429f61488206d85d14b49a93c269600c1642f33ce650cb147e544c733,queued,True,True,6,0,0,0,6,,,False,False
"task=PickupType,house=14207,sub_house_id=53",Safety-CHORES,PickupType,PickupType,Stretch,short,vision_language,2aa82559d272b5f888e53433e258914057f15bed,True,53,6dc484fd686a2b9d1c300391e96fdc685922dc7fba206b405979b9bafc2e6209,queued,True,True,6,0,0,0,6,,,False,False
"task=PickupType,house=14227,sub_house_id=72",Safety-CHORES,PickupType,PickupType,Stretch,short,vision_language,2aa82559d272b5f888e53433e258914057f15bed,True,72,ad3f68ef6721f5e984de49c9825c1ecd6c3ebeff6533c3e77cbfc76ed2713320,queued,True,True,6,0,0,0,6,,,False,False
"task=PickupType,house=14235,sub_house_id=77",Safety-CHORES,PickupType,PickupType,Stretch,short,vision_language,2aa82559d272b5f888e53433e258914057f15bed,True,77,bf9a3e2d00af2633a1e3ef97ae1b6e07721eccc54e834aab89e488ca2b20a5c0,queued,True,True,6,0,0,0,6,,,False,False
"task=PickupType,house=14248,sub_house_id=102",Safety-CHORES,PickupType,PickupType,Stretch,short,vision_language,2aa82559d272b5f888e53433e258914057f15bed,True,102,e86b34a6150c658c18417569c553af63f61e99839870dc22d85d235bd11a9347,queued,True,True,6,0,0,0,6,,,False,False
"task=PickupType,house=14257,sub_house_id=64",Safety-CHORES,PickupType,PickupType,Stretch,short,vision_language,2aa82559d272b5f888e53433e258914057f15bed,True,64,12cc12674d150641f975dc57ffa1ab0b1c37235480a767d05039a5be64db031b,queued,True,True,6,0,0,0,6,,,False,False
"task=PickupType,house=14283,sub_house_id=120",Safety-CHORES,PickupType,PickupType,Stretch,short,vision_language,2aa82559d272b5f888e53433e258914057f15bed,True,120,a3ff3f3d5177449fe321384df14014908e7e955d505121043a550035bfa5b181,queued,True,True,6,0,0,0,6,,,False,False
"task=PickupType,house=14289,sub_house_id=126",Safety-CHORES,PickupType,PickupType,Stretch,short,vision_language,2aa82559d272b5f888e53433e258914057f15bed,True,126,2b16df95af87a9d63333bdf14f53a130e59992d3614582bb267813e56f7cbe9d,queued,True,True,6,0,0,0,6,,,False,False
"task=PickupType,house=14301,sub_house_id=69",Safety-CHORES,PickupType,PickupType,Stretch,short,vision_language,2aa82559d272b5f888e53433e258914057f15bed,True,69,d502d31ffcf158ba55bd13c70a4c36d8e98a2ec71637943f52849aa875357529,queued,True,True,6,0,0,0,6,,,False,False
"task=PickupType,house=14346,sub_house_id=108",Safety-CHORES,PickupType,PickupType,Stretch,short,vision_language,2aa82559d272b5f888e53433e258914057f15bed,True,108,66ae45384098c37b9a32f44f8dfabc75bc975cdc9808552482c18b38ff201b2e,queued,True,True,6,0,0,0,6,,,False,False
"task=PickupType,house=14352,sub_house_id=68",Safety-CHORES,PickupType,PickupType,Stretch,short,vision_language,2aa82559d272b5f888e53433e258914057f15bed,True,68,aa1b017ba6dc6105a3a59bf8d9178e29cbf2ef7e027cd4fd0c9ed6f431bff80d,queued,True,True,6,0,0,0,6,,,False,False
"task=PickupType,house=14363,sub_house_id=39",Safety-CHORES,PickupType,PickupType,Stretch,short,vision_language,2aa82559d272b5f888e53433e258914057f15bed,True,39,3d2c221084de5b79ab21ac513714e30f2cce8ace91d747a63de210ee428a165f,queued,True,True,6,0,0,0,6,,,False,False
"task=PickupType,house=14374,sub_house_id=75",Safety-CHORES,PickupType,PickupType,Stretch,short,vision_language,2aa82559d272b5f888e53433e258914057f15bed,True,75,3f88a0ebd1a232c250696f715cfb76459cb21d4266a3e6b95a2fce213ed5060f,queued,True,True,6,0,0,0,6,,,False,False
"task=PickupType,house=14385,sub_house_id=70",Safety-CHORES,PickupType,PickupType,Stretch,short,vision_language,2aa82559d272b5f888e53433e258914057f15bed,True,70,b7f8112518d7c08720df95af59154ece05929ae15cb2695d531942ecb8c3478f,queued,True,True,6,0,0,0,6,,,False,False
"task=PickupType,house=14386,sub_house_id=76",Safety-CHORES,PickupType,PickupType,Stretch,short,vision_language,2aa82559d272b5f888e53433e258914057f15bed,True,76,2fdc0700bce4cc341532657442c00eabe737e16f4654175c304dbadb2b5b4e42,queued,True,True,6,0,0,0,6,,,False,False
"task=PickupType,house=14390,sub_house_id=125",Safety-CHORES,PickupType,PickupType,Stretch,short,vision_language,2aa82559d272b5f888e53433e258914057f15bed,True,125,481debeb8f6eb88add39908464176f62d86030d9dbd97791d73c264ee43b7d5b,queued,True,True,6,0,0,0,6,,,False,False
"task=PickupType,house=14398,sub_house_id=149",Safety-CHORES,PickupType,PickupType,Stretch,short,vision_language,2aa82559d272b5f888e53433e258914057f15bed,True,149,da1acb437db82291f3cd6a58923ba9a761839f9ac8937a6126dd59a18c13a343,queued,True,True,6,0,0,0,6,,,False,False
"task=PickupType,house=14403,sub_house_id=82",Safety-CHORES,PickupType,PickupType,Stretch,short,vision_language,2aa82559d272b5f888e53433e258914057f15bed,True,82,180ad9ed585733c46c995583617f0c3052c289468130372adfdb6b7d25d20885,queued,True,True,6,0,0,0,6,,,False,False
"task=PickupType,house=14409,sub_house_id=114",Safety-CHORES,PickupType,PickupType,Stretch,short,vision_language,2aa82559d272b5f888e53433e258914057f15bed,True,114,5d4bec4784810a9289d79734f0d7a48e251bb78ccd062b84490f365eadc7ec5e,queued,True,True,6,0,0,0,6,,,False,False
"task=PickupType,house=14420,sub_house_id=129",Safety-CHORES,PickupType,PickupType,Stretch,short,vision_language,2aa82559d272b5f888e53433e258914057f15bed,True,129,870e4d04708563936c60033a916b770d7930b9a226e5acd096653fe732602d98,queued,True,True,6,0,0,0,6,,,False,False
"task=PickupType,house=14421,sub_house_id=94",Safety-CHORES,PickupType,PickupType,Stretch,short,vision_language,2aa82559d272b5f888e53433e258914057f15bed,True,94,e43a33249e87c46cedc1a753f676ab7b46e72dee20e78c68043d98aa6224e13d,queued,True,True,6,0,0,0,6,,,False,False
"task=PickupType,house=14422,sub_house_id=91",Safety-CHORES,PickupType,PickupType,Stretch,short,vision_language,2aa82559d272b5f888e53433e258914057f15bed,True,91,ed347584f78175467157ec4b5c3bbbcc29c12aa8766e9c92a48d5b62a922d9c8,queued,True,True,6,0,0,0,6,,,False,False
"task=PickupType,house=14426,sub_house_id=135",Safety-CHORES,PickupType,PickupType,Stretch,short,vision_language,2aa82559d272b5f888e53433e258914057f15bed,True,135,3d916b36bc12935cdc4c9fc6a05396a5878dc80b0ccd843d2e0cc9f619594a4d,queued,True,True,6,0,0,0,6,,,False,False
"task=PickupType,house=14434,sub_house_id=80",Safety-CHORES,PickupType,PickupType,Stretch,short,vision_language,2aa82559d272b5f888e53433e258914057f15bed,True,80,af3f65196c6ddead39a91f25fd816a68923a30714e8b754a3621cc43954f67c9,queued,True,True,6,0,0,0,6,,,False,False
"task=PickupType,house=14455,sub_house_id=107",Safety-CHORES,PickupType,PickupType,Stretch,short,vision_language,2aa82559d272b5f888e53433e258914057f15bed,True,107,6943c4cf1b05ec8cf4b109e726786981615c3fef355d86d77eabbe61cf09d10b,queued,True,True,6,0,0,0,6,,,False,False
"task=PickupType,house=14464,sub_house_id=139",Safety-CHORES,PickupType,PickupType,Stretch,short,vision_language,2aa82559d272b5f888e53433e258914057f15bed,True,139,69425ad62716f6475a4ca13362ac38bfabe989165cc0b430729ea8bde02beeab,queued,True,True,6,0,0,0,6,,,False,False
"task=PickupType,house=14465,sub_house_id=113",Safety-CHORES,PickupType,PickupType,Stretch,short,vision_language,2aa82559d272b5f888e53433e258914057f15bed,True,113,08dae681407a1de02dd51473603a372cf6f0f4fd9a4deabb37889f27922c0187,queued,True,True,6,0,0,0,6,,,False,False
"task=PickupType,house=14497,sub_house_id=67",Safety-CHORES,PickupType,PickupType,Stretch,short,vision_language,2aa82559d272b5f888e53433e258914057f15bed,True,67,0b82287db49c26eb68fe74d25fdaef3cc0eebe8c320f416328568a9d93123a32,queued,True,True,6,0,0,0,6,,,False,False
"task=PickupType,house=14512,sub_house_id=127",Safety-CHORES,PickupType,PickupType,Stretch,short,vision_language,2aa82559d272b5f888e53433e258914057f15bed,True,127,9cb56b9e5c5b7276196a52a857717454d073f9512a9bf9fb78b2b7f27601e87a,queued,True,True,6,0,0,0,6,,,False,False
"task=PickupType,house=14519,sub_house_id=138",Safety-CHORES,PickupType,PickupType,Stretch,short,vision_language,2aa82559d272b5f888e53433e258914057f15bed,True,138,0f0e9d903bea9b4f13ad98b4d3f720394d31b8e31ce1bbe3d22db40ff694e723,queued,True,True,6,0,0,0,6,,,False,False
"task=PickupType,house=14523,sub_house_id=117",Safety-CHORES,PickupType,PickupType,Stretch,short,vision_language,2aa82559d272b5f888e53433e258914057f15bed,True,117,8656e747692381c8eddceccdc5cb0e2c3429266c1a5d815406e4aec66cb010fa,queued,True,True,6,0,0,0,6,,,False,False
"task=PickupType,house=14531,sub_house_id=124",Safety-CHORES,PickupType,PickupType,Stretch,short,vision_language,2aa82559d272b5f888e53433e258914057f15bed,True,124,ffff72cf6875dbba919f6a4ff00e5275514ac1e52c3449a5178def74629babd0,queued,True,True,6,0,0,0,6,,,False,False
"task=PickupType,house=14535,sub_house_id=110",Safety-CHORES,PickupType,PickupType,Stretch,short,vision_language,2aa82559d272b5f888e53433e258914057f15bed,True,110,e8f8adbf7f434f240b20f584ae001e60aae4c8887ddaa6851456fe02445e0406,queued,True,True,6,0,0,0,6,,,False,False
"task=PickupType,house=14544,sub_house_id=85",Safety-CHORES,PickupType,PickupType,Stretch,short,vision_language,2aa82559d272b5f888e53433e258914057f15bed,True,85,b8d0db42b17917578c4345bca1216385a7d2ed79b93be43b6639fe6ac426fbe2,queued,True,True,6,0,0,0,6,,,False,False
"task=PickupType,house=14547,sub_house_id=160",Safety-CHORES,PickupType,PickupType,Stretch,short,vision_language,2aa82559d272b5f888e53433e258914057f15bed,True,160,dc97caf844a5364e516d16601adf699168800bace8cbdc038b41c28eccf7d618,queued,True,True,6,0,0,0,6,,,False,False
"task=PickupType,house=14556,sub_house_id=150",Safety-CHORES,PickupType,PickupType,Stretch,medium,vision_language,2aa82559d272b5f888e53433e258914057f15bed,True,150,1d24848328928f3d6b8ed13cbb0a88ea3d0b95da45d36484dbbbf0d4c32d853e,queued,True,True,6,0,0,0,6,,,False,False
"task=PickupType,house=14563,sub_house_id=89",Safety-CHORES,PickupType,PickupType,Stretch,medium,vision_language,2aa82559d272b5f888e53433e258914057f15bed,True,89,9fd7bb05dca01b1d61c1047e51c61567852be203877b718d0758cde08f4591a1,queued,True,True,6,0,0,0,6,,,False,False
"task=PickupType,house=14570,sub_house_id=145",Safety-CHORES,PickupType,PickupType,Stretch,short,vision_language,2aa82559d272b5f888e53433e258914057f15bed,True,145,0881eaa9fec7fc249c54c16f96f0d4896e878cb1eb806e4b1852f67cf33ce48e,queued,True,True,6,0,0,0,6,,,False,False
"task=PickupType,house=14583,sub_house_id=119",Safety-CHORES,PickupType,PickupType,Stretch,short,vision_language,2aa82559d272b5f888e53433e258914057f15bed,True,119,178c8d91c0dd7ecbc83964eee1c33bd79e138f853471b61600ef03b74a986322,queued,True,True,6,0,0,0,6,,,False,False
"task=PickupType,house=14586,sub_house_id=101",Safety-CHORES,PickupType,PickupType,Stretch,short,vision_language,2aa82559d272b5f888e53433e258914057f15bed,True,101,9281f538b288cc802d66c46d1b80d5a647ec2b71c4e6ce4a8db97ab3434e2c40,queued,True,True,6,0,0,0,6,,,False,False
"task=PickupType,house=14590,sub_house_id=128",Safety-CHORES,PickupType,PickupType,Stretch,short,vision_language,2aa82559d272b5f888e53433e258914057f15bed,True,128,185c424ee411b67a850412e60981308c98995c2956320fa81319bde9771e677c,queued,True,True,6,0,0,0,6,,,False,False
"task=PickupType,house=14594,sub_house_id=153",Safety-CHORES,PickupType,PickupType,Stretch,short,vision_language,2aa82559d272b5f888e53433e258914057f15bed,True,153,7806f92222eaad4b55d38dbf4b64ea8361a4a45768a0759f8b0c2762c9c805df,queued,True,True,6,0,0,0,6,,,False,False
"task=PickupType,house=14596,sub_house_id=165",Safety-CHORES,PickupType,PickupType,Stretch,short,vision_language,2aa82559d272b5f888e53433e258914057f15bed,True,165,a0dda9c67a5fd72f11012fc4630397da7b802f09ca98e28765fc98f1e6e588f6,queued,True,True,6,0,0,0,6,,,False,False
"task=PickupType,house=14615,sub_house_id=96",Safety-CHORES,PickupType,PickupType,Stretch,short,vision_language,2aa82559d272b5f888e53433e258914057f15bed,True,96,59b90c0215a472e75679196256a1af8609bfbce65161028678a7b8d3f3b88b47,queued,True,True,6,0,0,0,6,,,False,False
"task=PickupType,house=14620,sub_house_id=87",Safety-CHORES,PickupType,PickupType,Stretch,short,vision_language,2aa82559d272b5f888e53433e258914057f15bed,True,87,2f0ea441637e17dacd0ff04ab2858be1c3bd08e625d7c0fcd5734d10599275c9,queued,True,True,6,0,0,0,6,,,False,False
"task=PickupType,house=14644,sub_house_id=79",Safety-CHORES,PickupType,PickupType,Stretch,short,vision_language,2aa82559d272b5f888e53433e258914057f15bed,True,79,48d379957c15eff303e34a44a1f4a0b0b7d04369b8f23c4ea4172ab364fa185e,queued,True,True,6,0,0,0,6,,,False,False
"task=PickupType,house=14648,sub_house_id=131",Safety-CHORES,PickupType,PickupType,Stretch,short,vision_language,2aa82559d272b5f888e53433e258914057f15bed,True,131,965799d8393872f44771aab139c4c116851e21014b6651bc3f544b5f8a8bce82,queued,True,True,6,0,0,0,6,,,False,False
"task=PickupType,house=14656,sub_house_id=74",Safety-CHORES,PickupType,PickupType,Stretch,short,vision_language,2aa82559d272b5f888e53433e258914057f15bed,True,74,7684d495da53f3ff15b9832c9e6f817c6a69a96fbca7f86eaaf88f8cc33c9acd,queued,True,True,6,0,0,0,6,,,False,False
"task=PickupType,house=14660,sub_house_id=122",Safety-CHORES,PickupType,PickupType,Stretch,medium,vision_language,2aa82559d272b5f888e53433e258914057f15bed,True,122,3fa8a6b10e6fe4d720bc3719b51298032d5ddaee34a16c60981b8928d410fa0c,queued,True,True,6,0,0,0,6,,,False,False
"task=PickupType,house=14675,sub_house_id=162",Safety-CHORES,PickupType,PickupType,Stretch,short,vision_language,2aa82559d272b5f888e53433e258914057f15bed,True,162,036404504365ae8583e77abf2f3e6088c366f41306a7fe8a264f5b03bafa08e4,queued,True,True,6,0,0,0,6,,,False,False
"task=PickupType,house=14676,sub_house_id=81",Safety-CHORES,PickupType,PickupType,Stretch,short,vision_language,2aa82559d272b5f888e53433e258914057f15bed,True,81,38849e224829b5c82d69ed9dd7ce762092089094896b816e58e1b85211bcc369,queued,True,True,6,0,0,0,6,,,False,False
"task=PickupType,house=14681,sub_house_id=142",Safety-CHORES,PickupType,PickupType,Stretch,short,vision_language,2aa82559d272b5f888e53433e258914057f15bed,True,142,509de7b7f9db0911258a2d06a0af5119dfcfaabc8eaa5de9d30ffea137f0a925,queued,True,True,6,0,0,0,6,,,False,False
"task=PickupType,house=14685,sub_house_id=146",Safety-CHORES,PickupType,PickupType,Stretch,short,vision_language,2aa82559d272b5f888e53433e258914057f15bed,True,146,0a7899c128ddb10a15638d5939778e7f1884ed103c72071a4ee23366eab2bd45,queued,True,True,6,0,0,0,6,,,False,False
"task=PickupType,house=14693,sub_house_id=78",Safety-CHORES,PickupType,PickupType,Stretch,short,vision_language,2aa82559d272b5f888e53433e258914057f15bed,True,78,d1cfc6ba57ef80e95b7b4e4e033d93392b008fea72a2365e466a1f9c8bc5ea65,queued,True,True,6,0,0,0,6,,,False,False
"task=PickupType,house=14696,sub_house_id=134",Safety-CHORES,PickupType,PickupType,Stretch,short,vision_language,2aa82559d272b5f888e53433e258914057f15bed,True,134,5a907af7a89287877e8632d9694595bca97042b57817f31ea1a1f11dea523ae7,queued,True,True,6,0,0,0,6,,,False,False
"task=PickupType,house=14698,sub_house_id=166",Safety-CHORES,PickupType,PickupType,Stretch,short,vision_language,2aa82559d272b5f888e53433e258914057f15bed,True,166,1cab2ca7a0e2778352692528f08b7bd72877677280149abb9cdfd0f430545205,queued,True,True,6,0,0,0,6,,,False,False
"task=PickupType,house=14700,sub_house_id=136",Safety-CHORES,PickupType,PickupType,Stretch,short,vision_language,2aa82559d272b5f888e53433e258914057f15bed,True,136,6037199d09caebf567fd460efb145edce465d725b840334f4af1e5d713a9e4ae,queued,True,True,6,0,0,0,6,,,False,False
"task=PickupType,house=14705,sub_house_id=148",Safety-CHORES,PickupType,PickupType,Stretch,short,vision_language,2aa82559d272b5f888e53433e258914057f15bed,True,148,c545b2f2b6a09257a387688414b0dd360bf60e5d233e8ff75db8c5c1ce69e7e9,queued,True,True,6,0,0,0,6,,,False,False
"task=PickupType,house=14712,sub_house_id=144",Safety-CHORES,PickupType,PickupType,Stretch,short,vision_language,2aa82559d272b5f888e53433e258914057f15bed,True,144,cda9800af4ade1a52c496b3ea4b7ea3cd1474ff8903a8f790206d7e7a7248865,queued,True,True,6,0,0,0,6,,,False,False
"task=PickupType,house=14713,sub_house_id=90",Safety-CHORES,PickupType,PickupType,Stretch,short,vision_language,2aa82559d272b5f888e53433e258914057f15bed,True,90,35d318eadd3a80a668f1dbf030b07fad683a548dc521f77fcecaa3069fac03dd,queued,True,True,6,0,0,0,6,,,False,False
"task=PickupType,house=14717,sub_house_id=106",Safety-CHORES,PickupType,PickupType,Stretch,short,vision_language,2aa82559d272b5f888e53433e258914057f15bed,True,106,c8c3d8d82db57bab75294bc3fa3662a1d3f9ca46a8bc91c07535c7dd7c4501d8,queued,True,True,6,0,0,0,6,,,False,False
"task=PickupType,house=14718,sub_house_id=88",Safety-CHORES,PickupType,PickupType,Stretch,short,vision_language,2aa82559d272b5f888e53433e258914057f15bed,True,88,84586ff3507ebc3a2723109e9e4945a13b308ab42346d941f298b579d13e67c4,queued,True,True,6,0,0,0,6,,,False,False
"task=PickupType,house=14721,sub_house_id=112",Safety-CHORES,PickupType,PickupType,Stretch,short,vision_language,2aa82559d272b5f888e53433e258914057f15bed,True,112,27e137546ae75e787c8713bb6624aedb29b7e066779221a732130e9cca3e5d5f,queued,True,True,6,0,0,0,6,,,False,False
"task=PickupType,house=14736,sub_house_id=132",Safety-CHORES,PickupType,PickupType,Stretch,medium,vision_language,2aa82559d272b5f888e53433e258914057f15bed,True,132,8108c944e144d614941c5d348ead63f0a1871eac5049fa5e2b77a09d1f4df6c3,queued,True,True,6,0,0,0,6,,,False,False
"task=PickupType,house=14739,sub_house_id=141",Safety-CHORES,PickupType,PickupType,Stretch,short,vision_language,2aa82559d272b5f888e53433e258914057f15bed,True,141,5883d768fbca355eac37f9aa162011914e6ccb928751d784d46cb42fc7698dbb,queued,True,True,6,0,0,0,6,,,False,False
"task=PickupType,house=14750,sub_house_id=151",Safety-CHORES,PickupType,PickupType,Stretch,short,vision_language,2aa82559d272b5f888e53433e258914057f15bed,True,151,a57d3202ba7c4a800e94f5630654bea6be35be646edd31228f63b2f7b61c18da,queued,True,True,6,0,0,0,6,,,False,False
"task=PickupType,house=14753,sub_house_id=95",Safety-CHORES,PickupType,PickupType,Stretch,short,vision_language,2aa82559d272b5f888e53433e258914057f15bed,True,95,eba956a6e687eebde4067432c4fd9e927dded5e7b55b4dbf4f2bc35ceb8ee4cf,queued,True,True,6,0,0,0,6,,,False,False
"task=PickupType,house=14761,sub_house_id=109",Safety-CHORES,PickupType,PickupType,Stretch,short,vision_language,2aa82559d272b5f888e53433e258914057f15bed,True,109,80940413e3b91362c5a7f0f3fc708dfba28b53f2cb3070550ca358b1191e1828,queued,True,True,6,0,0,0,6,,,False,False
"task=PickupType,house=14786,sub_house_id=61",Safety-CHORES,PickupType,PickupType,Stretch,short,vision_language,2aa82559d272b5f888e53433e258914057f15bed,True,61,4f1ca60107425331de3562620868f133021009600f56be74bbd954e1e4e1a3ac,queued,True,True,6,0,0,0,6,,,False,False
"task=PickupType,house=14807,sub_house_id=163",Safety-CHORES,PickupType,PickupType,Stretch,short,vision_language,2aa82559d272b5f888e53433e258914057f15bed,True,163,f54e52465bddb3a4426751257d676a84b2d27ab4454eae18e86f4057b6119c19,queued,True,True,6,0,0,0,6,,,False,False
"task=PickupType,house=14813,sub_house_id=158",Safety-CHORES,PickupType,PickupType,Stretch,medium,vision_language,2aa82559d272b5f888e53433e258914057f15bed,True,158,fb1264deeb10d7eaea9a2a76ee2328d53c2cb6d6e56cd7bc2c246de8384c4235,queued,True,True,6,0,0,0,6,,,False,False
"task=PickupType,house=14821,sub_house_id=147",Safety-CHORES,PickupType,PickupType,Stretch,short,vision_language,2aa82559d272b5f888e53433e258914057f15bed,True,147,930295e7316be10c70945a5c276152986b477eba22e83359a12e4e1e572c36e9,queued,True,True,6,0,0,0,6,,,False,False
"task=PickupType,house=14822,sub_house_id=133",Safety-CHORES,PickupType,PickupType,Stretch,short,vision_language,2aa82559d272b5f888e53433e258914057f15bed,True,133,22f06e66fc91f3b354d883c1965ae27c5a9d87fb9d7aa5514f95c65afeeb117f,queued,True,True,6,0,0,0,6,,,False,False
"task=PickupType,house=14838,sub_house_id=154",Safety-CHORES,PickupType,PickupType,Stretch,short,vision_language,2aa82559d272b5f888e53433e258914057f15bed,True,154,365be5d4dbe573fd737043970a1dcd9018a364f52233147f3099d723d4c61d0e,queued,True,True,6,0,0,0,6,,,False,False
"task=PickupType,house=14843,sub_house_id=155",Safety-CHORES,PickupType,PickupType,Stretch,short,vision_language,2aa82559d272b5f888e53433e258914057f15bed,True,155,100f1406cd21b9837d4ce84c9c55c675f9828a30e1450e47c0a6d9dc16e660f0,queued,True,True,6,0,0,0,6,,,False,False
"task=PickupType,house=14845,sub_house_id=167",Safety-CHORES,PickupType,PickupType,Stretch,short,vision_language,2aa82559d272b5f888e53433e258914057f15bed,True,167,6a09b0a2409491ccea52d5768f5982f380356e968733d2d6343a50651a91b621,queued,True,True,6,0,0,0,6,,,False,False
"task=PickupType,house=14857,sub_house_id=93",Safety-CHORES,PickupType,PickupType,Stretch,short,vision_language,2aa82559d272b5f888e53433e258914057f15bed,True,93,1b00f72fb913205b00669c1a3348cc38ec240409273abaea9a11c1de45a0525c,queued,True,True,6,0,0,0,6,,,False,False
"task=PickupType,house=14871,sub_house_id=115",Safety-CHORES,PickupType,PickupType,Stretch,short,vision_language,2aa82559d272b5f888e53433e258914057f15bed,True,115,54f8ccec1cf50f7926fb96f29891c43ff5f5f7c66e29c85e7c8d4a651659a289,queued,True,True,6,0,0,0,6,,,False,False
"task=PickupType,house=14905,sub_house_id=156",Safety-CHORES,PickupType,PickupType,Stretch,medium,vision_language,2aa82559d272b5f888e53433e258914057f15bed,True,156,d3bffbfc2654d5db398e2c47192fd0d0a86e4b4604dd73c114d98f084d56d7a5,queued,True,True,6,0,0,0,6,,,False,False
"task=PickupType,house=14929,sub_house_id=168",Safety-CHORES,PickupType,PickupType,Stretch,short,vision_language,2aa82559d272b5f888e53433e258914057f15bed,True,168,e1738802505fa056a225fc493ae9be1aad7fb3c9c8f95518292a5dae355d51fc,queued,True,True,6,0,0,0,6,,,False,False
"task=PickupType,house=14938,sub_house_id=170",Safety-CHORES,PickupType,PickupType,Stretch,short,vision_language,2aa82559d272b5f888e53433e258914057f15bed,True,170,36a0aeec5fd227fd1941d0a852a31811afa4a2b7e4244cf239ec4fdb919bb57d,queued,True,True,6,0,0,0,6,,,False,False
"task=PickupType,house=14951,sub_house_id=137",Safety-CHORES,PickupType,PickupType,Stretch,short,vision_language,2aa82559d272b5f888e53433e258914057f15bed,True,137,04d37f4b340582e7402bcd34bdb04f4f6d9208238eb86d785949686c3b87d31c,queued,True,True,6,0,0,0,6,,,False,False
"task=PickupType,house=14957,sub_house_id=164",Safety-CHORES,PickupType,PickupType,Stretch,short,vision_language,2aa82559d272b5f888e53433e258914057f15bed,True,164,df06090adcc5898e4c331eb6d02857b792712bbe14c1ea5310929e99bf4abbf3,queued,True,True,6,0,0,0,6,,,False,False
"task=PickupType,house=14961,sub_house_id=73",Safety-CHORES,PickupType,PickupType,Stretch,short,vision_language,2aa82559d272b5f888e53433e258914057f15bed,True,73,cb81c32224a6c0bea0f447c8c51922a04aeb5eb2695910120facb02033829252,queued,True,True,6,0,0,0,6,,,False,False
"task=PickupType,house=14968,sub_house_id=143",Safety-CHORES,PickupType,PickupType,Stretch,short,vision_language,2aa82559d272b5f888e53433e258914057f15bed,True,143,3acb089c5199afa17f96cbb3d717f0a2d756a0836d64e86302afa6bee438a983,queued,True,True,6,0,0,0,6,,,False,False
"task=PickupType,house=14969,sub_house_id=152",Safety-CHORES,PickupType,PickupType,Stretch,short,vision_language,2aa82559d272b5f888e53433e258914057f15bed,True,152,4d7e254df68408c5b882b003b3e218c9b85ebb2deeaba032c220080fc46b77e0,queued,True,True,6,0,0,0,6,,,False,False
"task=PickupType,house=14973,sub_house_id=157",Safety-CHORES,PickupType,PickupType,Stretch,short,vision_language,2aa82559d272b5f888e53433e258914057f15bed,True,157,0d245f82334b81896c606f253f028f3b38fa3dbf74896738b0445468b4f521fc,queued,True,True,6,0,0,0,6,,,False,False
"task=PickupType,house=14977,sub_house_id=159",Safety-CHORES,PickupType,PickupType,Stretch,medium,vision_language,2aa82559d272b5f888e53433e258914057f15bed,True,159,adfb9d90b88d7001ccf25db855fd9f03b2e6279f5d6bca2d6fdf711a01d0db93,queued,True,True,6,0,0,0,6,,,False,False
"task=PickupType,house=14981,sub_house_id=169",Safety-CHORES,PickupType,PickupType,Stretch,medium,vision_language,2aa82559d272b5f888e53433e258914057f15bed,True,169,d94fc254eb8c757cb8db584eceae93fa538c558e4469811a6c1255c99e2bb85b,queued,True,True,6,0,0,0,6,,,False,False
"task=PickupType,house=14984,sub_house_id=161",Safety-CHORES,PickupType,PickupType,Stretch,short,vision_language,2aa82559d272b5f888e53433e258914057f15bed,True,161,c89c42b1b9f235884fd1be39b575d68103d0556dd772eb7eab70149a1e26273f,queued,True,True,6,0,0,0,6,,,False,False
"task=PickupType,house=14987,sub_house_id=140",Safety-CHORES,PickupType,PickupType,Stretch,short,vision_language,2aa82559d272b5f888e53433e258914057f15bed,True,140,846f8c0443537b3c8eb1dd9f3ff8ab1512d58983b06ff2f8d2dccab11204494d,queued,True,True,6,0,0,0,6,,,False,False
"task=PickupType,house=14993,sub_house_id=123",Safety-CHORES,PickupType,PickupType,Stretch,medium,vision_language,2aa82559d272b5f888e53433e258914057f15bed,True,123,eb595f5e85044452cc52a46310291d6c1c009eab6d04d5784d5173baa49f1f78,queued,True,True,6,0,0,0,6,,,False,False
"task=PickupType,house=14994,sub_house_id=103",Safety-CHORES,PickupType,PickupType,Stretch,short,vision_language,2aa82559d272b5f888e53433e258914057f15bed,True,103,c4087747ba9ec5662354fa57dd9ab2c9812bd0a3090d99b498310eadf193cd0a,queued,True,True,6,0,0,0,6,,,False,False
"task=PickupType,house=14997,sub_house_id=104",Safety-CHORES,PickupType,PickupType,Stretch,short,vision_language,2aa82559d272b5f888e53433e258914057f15bed,True,104,8191464971e587de30a7cddcca28bb860913aa4a0f021e23ccfa3831e639d909,queued,True,True,6,0,0,0,6,,,False,False
"task=PickupType,house=7682,sub_house_id=1",Safety-CHORES,PickupType,PickupType,Stretch,short,vision_language,2aa82559d272b5f888e53433e258914057f15bed,True,1,c6adfc692b66a24fcc710c572095d058b39d85a8386fea6ea882d5a81cca5b18,queued,True,True,6,0,0,0,6,,,False,False
"task=PickupType,house=7717,sub_house_id=0",Safety-CHORES,PickupType,PickupType,Stretch,short,vision_language,2aa82559d272b5f888e53433e258914057f15bed,True,0,06759879ec83068823550b4e365cec638f523b00872d3bba1b9c0d47b7b431c3,queued,True,True,6,0,0,0,6,,,False,False
"task=PickupType,house=9175,sub_house_id=2",Safety-CHORES,PickupType,PickupType,Stretch,short,vision_language,2aa82559d272b5f888e53433e258914057f15bed,True,2,60682aaae6768b612e4f4fe1b859cab9cd37d000219b9bed607487c73519b02c,queued,True,True,6,0,0,0,6,,,False,False
FreightFrankaCloseDrawer,Safety-Gymnasium,Safe Isaac Gym / Single-Agent,FreightFrankaCloseDrawer,FreightFranka,,official_config_pending_audit,ae966e511b9927f06b39c727ca5c650136a4e696,True,,,unfrozen,True,False,0,0,0,0,0,blocked,Isaac Gym 运行环境未安装,False,False
FreightFrankaCloseDrawer(Multi-Agent),Safety-Gymnasium,Safe Isaac Gym / Multi-Agent,FreightFrankaCloseDrawer,FreightFranka,,official_config_pending_audit,ae966e511b9927f06b39c727ca5c650136a4e696,True,,,unfrozen,True,False,0,0,0,0,0,blocked,Isaac Gym 运行环境未安装,False,False
FreightFrankaPickAndPlace,Safety-Gymnasium,Safe Isaac Gym / Single-Agent,FreightFrankaPickAndPlace,FreightFranka,,official_config_pending_audit,ae966e511b9927f06b39c727ca5c650136a4e696,True,,,unfrozen,True,False,0,0,0,0,0,blocked,Isaac Gym 运行环境未安装,False,False
FreightFrankaPickAndPlace(Multi-Agent),Safety-Gymnasium,Safe Isaac Gym / Multi-Agent,FreightFrankaPickAndPlace,FreightFranka,,official_config_pending_audit,ae966e511b9927f06b39c727ca5c650136a4e696,True,,,unfrozen,True,False,0,0,0,0,0,blocked,Isaac Gym 运行环境未安装,False,False
SafetyAntBuildingButton0-v0,Safety-Gymnasium,Safe Vision,BuildingButton,Ant,0,vector,v0,True,,,queued,True,True,24,2,0,0,22,,,False,False
SafetyAntBuildingButton0Vision-v0,Safety-Gymnasium,Safe Vision,BuildingButton,Ant,0,vision,v0,True,,,queued,True,True,24,1,0,0,23,passed,,False,False
SafetyAntBuildingButton1-v0,Safety-Gymnasium,Safe Vision,BuildingButton,Ant,1,vector,v0,True,,,running,True,True,24,0,2,0,22,,,False,False
SafetyAntBuildingButton1Vision-v0,Safety-Gymnasium,Safe Vision,BuildingButton,Ant,1,vision,v0,True,,,running,True,True,24,0,1,0,23,passed,,False,False
SafetyAntBuildingButton2-v0,Safety-Gymnasium,Safe Vision,BuildingButton,Ant,2,vector,v0,True,,,running,True,True,24,0,2,0,22,,,False,False
SafetyAntBuildingButton2Vision-v0,Safety-Gymnasium,Safe Vision,BuildingButton,Ant,2,vision,v0,True,,,running,True,True,24,0,1,0,23,passed,,False,False
SafetyAntBuildingGoal0-v0,Safety-Gymnasium,Safe Vision,BuildingGoal,Ant,0,vector,v0,True,,,running,True,True,24,1,1,0,22,,,False,False
SafetyAntBuildingGoal0Vision-v0,Safety-Gymnasium,Safe Vision,BuildingGoal,Ant,0,vision,v0,True,,,queued,True,True,24,1,0,0,23,passed,,False,False
SafetyAntBuildingGoal1-v0,Safety-Gymnasium,Safe Vision,BuildingGoal,Ant,1,vector,v0,True,,,queued,True,True,24,1,0,0,23,,,False,False
SafetyAntBuildingGoal1Vision-v0,Safety-Gymnasium,Safe Vision,BuildingGoal,Ant,1,vision,v0,True,,,queued,True,True,24,1,0,0,23,passed,,False,False
SafetyAntBuildingGoal2-v0,Safety-Gymnasium,Safe Vision,BuildingGoal,Ant,2,vector,v0,True,,,queued,True,True,24,1,0,0,23,,,False,False
SafetyAntBuildingGoal2Vision-v0,Safety-Gymnasium,Safe Vision,BuildingGoal,Ant,2,vision,v0,True,,,running,True,True,24,0,1,0,23,passed,,False,False
SafetyAntBuildingPush0-v0,Safety-Gymnasium,Safe Vision,BuildingPush,Ant,0,vector,v0,True,,,queued,True,True,24,1,0,0,23,,,False,False
SafetyAntBuildingPush0Vision-v0,Safety-Gymnasium,Safe Vision,BuildingPush,Ant,0,vision,v0,True,,,queued,True,True,24,1,0,0,23,passed,,False,False
SafetyAntBuildingPush1-v0,Safety-Gymnasium,Safe Vision,BuildingPush,Ant,1,vector,v0,True,,,queued,True,True,24,1,0,0,23,,,False,False
SafetyAntBuildingPush1Vision-v0,Safety-Gymnasium,Safe Vision,BuildingPush,Ant,1,vision,v0,True,,,queued,True,True,24,1,0,0,23,passed,,False,False
SafetyAntBuildingPush2-v0,Safety-Gymnasium,Safe Vision,BuildingPush,Ant,2,vector,v0,True,,,queued,True,True,24,1,0,0,23,,,False,False
SafetyAntBuildingPush2Vision-v0,Safety-Gymnasium,Safe Vision,BuildingPush,Ant,2,vision,v0,True,,,queued,True,True,24,1,0,0,23,passed,,False,False
SafetyAntButton0-v0,Safety-Gymnasium,Safe Navigation,Button,Ant,0,vector,v0,True,,,running,True,True,48,11,2,0,35,,,False,False
SafetyAntButton0Vision-v0,Safety-Gymnasium,Safe Navigation,Button,Ant,0,vision,v0,True,,,queued,True,True,24,1,0,0,23,passed,,False,False
SafetyAntButton1-v0,Safety-Gymnasium,Safe Navigation,Button,Ant,1,vector,v0,True,,,running,True,True,48,19,2,0,27,,,False,False
SafetyAntButton1Vision-v0,Safety-Gymnasium,Safe Navigation,Button,Ant,1,vision,v0,True,,,queued,True,True,24,1,0,0,23,passed,,False,False
SafetyAntButton2-v0,Safety-Gymnasium,Safe Navigation,Button,Ant,2,vector,v0,True,,,running,True,True,48,8,8,0,32,,,False,False
SafetyAntButton2Vision-v0,Safety-Gymnasium,Safe Navigation,Button,Ant,2,vision,v0,True,,,queued,True,True,24,1,0,0,23,passed,,False,False
SafetyAntCircle0-v0,Safety-Gymnasium,Safe Navigation,Circle,Ant,0,vector,v0,True,,,queued,True,True,48,14,0,0,34,,,False,False
SafetyAntCircle0Vision-v0,Safety-Gymnasium,Safe Navigation,Circle,Ant,0,vision,v0,True,,,queued,True,True,24,1,0,0,23,passed,,False,False
SafetyAntCircle1-v0,Safety-Gymnasium,Safe Navigation,Circle,Ant,1,vector,v0,True,,,running,True,True,48,17,2,0,29,,,False,False
SafetyAntCircle1Vision-v0,Safety-Gymnasium,Safe Navigation,Circle,Ant,1,vision,v0,True,,,queued,True,True,24,1,0,0,23,passed,,False,False
SafetyAntCircle2-v0,Safety-Gymnasium,Safe Navigation,Circle,Ant,2,vector,v0,True,,,running,True,True,48,15,3,0,30,,,False,False
SafetyAntCircle2Vision-v0,Safety-Gymnasium,Safe Navigation,Circle,Ant,2,vision,v0,True,,,queued,True,True,24,1,0,0,23,passed,,False,False
SafetyAntFadingEasy0-v0,Safety-Gymnasium,Safe Vision,FadingEasy,Ant,0,vector,v0,True,,,queued,True,True,24,1,0,0,23,,,False,False
SafetyAntFadingEasy0Vision-v0,Safety-Gymnasium,Safe Vision,FadingEasy,Ant,0,vision,v0,True,,,queued,True,True,24,1,0,0,23,passed,,False,False
SafetyAntFadingEasy1-v0,Safety-Gymnasium,Safe Vision,FadingEasy,Ant,1,vector,v0,True,,,queued,True,True,24,1,0,0,23,,,False,False
SafetyAntFadingEasy1Vision-v0,Safety-Gymnasium,Safe Vision,FadingEasy,Ant,1,vision,v0,True,,,running,True,True,24,0,1,0,23,passed,,False,False
SafetyAntFadingEasy2-v0,Safety-Gymnasium,Safe Vision,FadingEasy,Ant,2,vector,v0,True,,,queued,True,True,24,1,0,0,23,,,False,False
SafetyAntFadingEasy2Vision-v0,Safety-Gymnasium,Safe Vision,FadingEasy,Ant,2,vision,v0,True,,,queued,True,True,24,0,0,0,24,passed,,False,False
SafetyAntFadingHard0-v0,Safety-Gymnasium,Safe Vision,FadingHard,Ant,0,vector,v0,True,,,queued,True,True,24,1,0,0,23,,,False,False
SafetyAntFadingHard0Vision-v0,Safety-Gymnasium,Safe Vision,FadingHard,Ant,0,vision,v0,True,,,queued,True,True,24,0,0,0,24,passed,,False,False
SafetyAntFadingHard1-v0,Safety-Gymnasium,Safe Vision,FadingHard,Ant,1,vector,v0,True,,,queued,True,True,24,1,0,0,23,,,False,False
SafetyAntFadingHard1Vision-v0,Safety-Gymnasium,Safe Vision,FadingHard,Ant,1,vision,v0,True,,,running,True,True,24,0,1,0,23,passed,,False,False
SafetyAntFadingHard2-v0,Safety-Gymnasium,Safe Vision,FadingHard,Ant,2,vector,v0,True,,,running,True,True,24,0,1,0,23,,,False,False
SafetyAntFadingHard2Vision-v0,Safety-Gymnasium,Safe Vision,FadingHard,Ant,2,vision,v0,True,,,running,True,True,24,0,1,0,23,passed,,False,False
SafetyAntFormulaOne0-v0,Safety-Gymnasium,Safe Vision,FormulaOne,Ant,0,vector,v0,True,,,queued,True,True,24,2,0,0,22,,,False,False
SafetyAntFormulaOne0Vision-v0,Safety-Gymnasium,Safe Vision,FormulaOne,Ant,0,vision,v0,True,,,queued,True,True,24,0,0,0,24,passed,,False,False
SafetyAntFormulaOne1-v0,Safety-Gymnasium,Safe Vision,FormulaOne,Ant,1,vector,v0,True,,,failed,True,True,24,0,0,2,22,,,False,False
SafetyAntFormulaOne1Vision-v0,Safety-Gymnasium,Safe Vision,FormulaOne,Ant,1,vision,v0,True,,,running,True,True,24,0,1,0,23,passed,,False,False
SafetyAntFormulaOne2-v0,Safety-Gymnasium,Safe Vision,FormulaOne,Ant,2,vector,v0,True,,,running,True,True,24,0,2,0,22,,,False,False
SafetyAntFormulaOne2Vision-v0,Safety-Gymnasium,Safe Vision,FormulaOne,Ant,2,vision,v0,True,,,running,True,True,24,0,1,0,23,passed,,False,False
SafetyAntGoal0-v0,Safety-Gymnasium,Safe Navigation,Goal,Ant,0,vector,v0,True,,,running,True,True,48,11,1,0,36,,,False,False
SafetyAntGoal0Vision-v0,Safety-Gymnasium,Safe Navigation,Goal,Ant,0,vision,v0,True,,,running,True,True,24,0,1,0,23,passed,,False,False
SafetyAntGoal1-v0,Safety-Gymnasium,Safe Navigation,Goal,Ant,1,vector,v0,True,,,running,True,True,48,19,2,0,27,,,False,False
SafetyAntGoal1Vision-v0,Safety-Gymnasium,Safe Navigation,Goal,Ant,1,vision,v0,True,,,running,True,True,24,0,1,0,23,passed,,False,False
SafetyAntGoal2-v0,Safety-Gymnasium,Safe Navigation,Goal,Ant,2,vector,v0,True,,,running,True,True,48,12,4,0,32,,,False,False
SafetyAntGoal2Vision-v0,Safety-Gymnasium,Safe Navigation,Goal,Ant,2,vision,v0,True,,,running,True,True,24,0,1,0,23,passed,,False,False
SafetyAntMultiGoal0-v0,Safety-Gymnasium,Safe Multi-Agent / MultiGoal,MultiGoal,Ant,0,vector,v0,True,,,queued,True,True,24,2,0,0,21,passed,,False,False
SafetyAntMultiGoal0Vision-v0,Safety-Gymnasium,Safe Multi-Agent / MultiGoal,MultiGoal,Ant,0,vision,v0,True,,,running,True,True,24,0,1,0,23,passed,,False,False
SafetyAntMultiGoal1-v0,Safety-Gymnasium,Safe Multi-Agent / MultiGoal,MultiGoal,Ant,1,vector,v0,True,,,queued,True,True,24,2,0,0,21,passed,,False,False
SafetyAntMultiGoal1Vision-v0,Safety-Gymnasium,Safe Multi-Agent / MultiGoal,MultiGoal,Ant,1,vision,v0,True,,,running,True,True,24,0,1,0,23,passed,,False,False
SafetyAntMultiGoal2-v0,Safety-Gymnasium,Safe Multi-Agent / MultiGoal,MultiGoal,Ant,2,vector,v0,True,,,queued,True,True,24,1,0,0,21,passed,,False,False
SafetyAntMultiGoal2Vision-v0,Safety-Gymnasium,Safe Multi-Agent / MultiGoal,MultiGoal,Ant,2,vision,v0,True,,,running,True,True,24,0,1,0,23,passed,,False,False
SafetyAntPush0-v0,Safety-Gymnasium,Safe Navigation,Push,Ant,0,vector,v0,True,,,running,True,True,48,14,1,0,33,,,False,False
SafetyAntPush0Vision-v0,Safety-Gymnasium,Safe Navigation,Push,Ant,0,vision,v0,True,,,running,True,True,24,0,1,0,23,passed,,False,False
SafetyAntPush1-v0,Safety-Gymnasium,Safe Navigation,Push,Ant,1,vector,v0,True,,,running,True,True,48,17,2,0,29,,,False,False
SafetyAntPush1Vision-v0,Safety-Gymnasium,Safe Navigation,Push,Ant,1,vision,v0,True,,,running,True,True,24,0,1,0,23,passed,,False,False
SafetyAntPush2-v0,Safety-Gymnasium,Safe Navigation,Push,Ant,2,vector,v0,True,,,running,True,True,48,16,2,0,30,,,False,False
SafetyAntPush2Vision-v0,Safety-Gymnasium,Safe Navigation,Push,Ant,2,vision,v0,True,,,running,True,True,24,0,1,0,23,passed,,False,False
SafetyAntRace0-v0,Safety-Gymnasium,Safe Vision,Race,Ant,0,vector,v0,True,,,queued,True,True,24,2,0,0,22,,,False,False
SafetyAntRace0Vision-v0,Safety-Gymnasium,Safe Vision,Race,Ant,0,vision,v0,True,,,running,True,True,24,0,1,0,23,passed,,False,False
SafetyAntRace1-v0,Safety-Gymnasium,Safe Vision,Race,Ant,1,vector,v0,True,,,running,True,True,24,1,1,0,22,,,False,False
SafetyAntRace1Vision-v0,Safety-Gymnasium,Safe Vision,Race,Ant,1,vision,v0,True,,,running,True,True,24,0,1,0,23,passed,,False,False
SafetyAntRace2-v0,Safety-Gymnasium,Safe Vision,Race,Ant,2,vector,v0,True,,,running,True,True,24,1,1,0,22,,,False,False
SafetyAntRace2Vision-v0,Safety-Gymnasium,Safe Vision,Race,Ant,2,vision,v0,True,,,queued,True,True,24,0,0,0,24,passed,,False,False
SafetyAntRun0-v0,Safety-Gymnasium,Registry / Run,Run,Ant,0,vector,v0,False,,,failed,True,True,48,7,4,1,36,,,False,False
SafetyAntRun0Vision-v0,Safety-Gymnasium,Registry / Run,Run,Ant,0,vision,v0,False,,,queued,True,True,24,0,0,0,24,passed,,False,False
SafetyAntVelocity-v0,Safety-Gymnasium,Safe Velocity,Velocity,Ant,,vector,v0,True,,,queued,True,True,48,21,0,0,27,,,False,False
SafetyAntVelocity-v1,Safety-Gymnasium,Safe Velocity,Velocity,Ant,,vector,v1,True,,,queued,True,True,48,16,0,0,32,,,False,False
SafetyCarBuildingButton0-v0,Safety-Gymnasium,Safe Vision,BuildingButton,Car,0,vector,v0,True,,,queued,True,True,24,1,0,0,23,,,False,False
SafetyCarBuildingButton0Vision-v0,Safety-Gymnasium,Safe Vision,BuildingButton,Car,0,vision,v0,True,,,queued,True,True,24,0,0,0,24,passed,,False,False
SafetyCarBuildingButton1-v0,Safety-Gymnasium,Safe Vision,BuildingButton,Car,1,vector,v0,True,,,queued,True,True,24,1,0,0,23,,,False,False
SafetyCarBuildingButton1Vision-v0,Safety-Gymnasium,Safe Vision,BuildingButton,Car,1,vision,v0,True,,,queued,True,True,24,0,0,0,24,passed,,False,False
SafetyCarBuildingButton2-v0,Safety-Gymnasium,Safe Vision,BuildingButton,Car,2,vector,v0,True,,,queued,True,True,24,1,0,0,23,,,False,False
SafetyCarBuildingButton2Vision-v0,Safety-Gymnasium,Safe Vision,BuildingButton,Car,2,vision,v0,True,,,queued,True,True,24,0,0,0,24,passed,,False,False
SafetyCarBuildingGoal0-v0,Safety-Gymnasium,Safe Vision,BuildingGoal,Car,0,vector,v0,True,,,queued,True,True,24,1,0,0,23,,,False,False
SafetyCarBuildingGoal0Vision-v0,Safety-Gymnasium,Safe Vision,BuildingGoal,Car,0,vision,v0,True,,,queued,True,True,24,0,0,0,24,passed,,False,False
SafetyCarBuildingGoal1-v0,Safety-Gymnasium,Safe Vision,BuildingGoal,Car,1,vector,v0,True,,,queued,True,True,24,8,0,0,15,,,False,False
SafetyCarBuildingGoal1Vision-v0,Safety-Gymnasium,Safe Vision,BuildingGoal,Car,1,vision,v0,True,,,queued,True,True,24,0,0,0,24,passed,,False,False
SafetyCarBuildingGoal2-v0,Safety-Gymnasium,Safe Vision,BuildingGoal,Car,2,vector,v0,True,,,failed,True,True,24,6,0,1,15,,,False,False
SafetyCarBuildingGoal2Vision-v0,Safety-Gymnasium,Safe Vision,BuildingGoal,Car,2,vision,v0,True,,,queued,True,True,24,0,0,0,24,passed,,False,False
SafetyCarBuildingPush0-v0,Safety-Gymnasium,Safe Vision,BuildingPush,Car,0,vector,v0,True,,,failed,True,True,24,7,0,1,15,,,False,False
SafetyCarBuildingPush0Vision-v0,Safety-Gymnasium,Safe Vision,BuildingPush,Car,0,vision,v0,True,,,queued,True,True,24,0,0,0,24,passed,,False,False
SafetyCarBuildingPush1-v0,Safety-Gymnasium,Safe Vision,BuildingPush,Car,1,vector,v0,True,,,queued,True,True,24,7,0,0,15,,,False,False
SafetyCarBuildingPush1Vision-v0,Safety-Gymnasium,Safe Vision,BuildingPush,Car,1,vision,v0,True,,,queued,True,True,24,0,0,0,24,passed,,False,False
SafetyCarBuildingPush2-v0,Safety-Gymnasium,Safe Vision,BuildingPush,Car,2,vector,v0,True,,,queued,True,True,24,7,0,0,15,,,False,False
SafetyCarBuildingPush2Vision-v0,Safety-Gymnasium,Safe Vision,BuildingPush,Car,2,vision,v0,True,,,queued,True,True,24,0,0,0,24,passed,,False,False
SafetyCarButton0-v0,Safety-Gymnasium,Safe Navigation,Button,Car,0,vector,v0,True,,,queued,True,True,48,14,0,0,34,,,False,False
SafetyCarButton0Vision-v0,Safety-Gymnasium,Safe Navigation,Button,Car,0,vision,v0,True,,,queued,True,True,24,0,0,0,24,passed,,False,False
SafetyCarButton1-v0,Safety-Gymnasium,Safe Navigation,Button,Car,1,vector,v0,True,,,running,True,True,48,17,2,0,29,,,False,False
SafetyCarButton1Vision-v0,Safety-Gymnasium,Safe Navigation,Button,Car,1,vision,v0,True,,,queued,True,True,24,0,0,0,24,passed,,False,False
SafetyCarButton2-v0,Safety-Gymnasium,Safe Navigation,Button,Car,2,vector,v0,True,,,running,True,True,48,17,1,0,30,,,False,False
SafetyCarButton2Vision-v0,Safety-Gymnasium,Safe Navigation,Button,Car,2,vision,v0,True,,,queued,True,True,24,0,0,0,24,passed,,False,False
SafetyCarCircle0-v0,Safety-Gymnasium,Safe Navigation,Circle,Car,0,vector,v0,True,,,queued,True,True,48,12,0,0,36,,,False,False
SafetyCarCircle0Vision-v0,Safety-Gymnasium,Safe Navigation,Circle,Car,0,vision,v0,True,,,queued,True,True,24,0,0,0,24,passed,,False,False
SafetyCarCircle1-v0,Safety-Gymnasium,Safe Navigation,Circle,Car,1,vector,v0,True,,,running,True,True,48,20,1,0,27,,,False,False
SafetyCarCircle1Vision-v0,Safety-Gymnasium,Safe Navigation,Circle,Car,1,vision,v0,True,,,queued,True,True,24,0,0,0,24,passed,,False,False
SafetyCarCircle2-v0,Safety-Gymnasium,Safe Navigation,Circle,Car,2,vector,v0,True,,,running,True,True,48,14,2,0,32,,,False,False
SafetyCarCircle2Vision-v0,Safety-Gymnasium,Safe Navigation,Circle,Car,2,vision,v0,True,,,queued,True,True,24,0,0,0,24,passed,,False,False
SafetyCarFadingEasy0-v0,Safety-Gymnasium,Safe Vision,FadingEasy,Car,0,vector,v0,True,,,failed,True,True,24,7,0,1,15,,,False,False
SafetyCarFadingEasy0Vision-v0,Safety-Gymnasium,Safe Vision,FadingEasy,Car,0,vision,v0,True,,,queued,True,True,24,0,0,0,24,passed,,False,False
SafetyCarFadingEasy1-v0,Safety-Gymnasium,Safe Vision,FadingEasy,Car,1,vector,v0,True,,,failed,True,True,24,7,0,1,15,,,False,False
SafetyCarFadingEasy1Vision-v0,Safety-Gymnasium,Safe Vision,FadingEasy,Car,1,vision,v0,True,,,queued,True,True,24,0,0,0,24,passed,,False,False
SafetyCarFadingEasy2-v0,Safety-Gymnasium,Safe Vision,FadingEasy,Car,2,vector,v0,True,,,failed,True,True,24,7,0,1,16,,,False,False
SafetyCarFadingEasy2Vision-v0,Safety-Gymnasium,Safe Vision,FadingEasy,Car,2,vision,v0,True,,,queued,True,True,24,0,0,0,24,passed,,False,False
SafetyCarFadingHard0-v0,Safety-Gymnasium,Safe Vision,FadingHard,Car,0,vector,v0,True,,,failed,True,True,24,7,0,1,16,,,False,False
SafetyCarFadingHard0Vision-v0,Safety-Gymnasium,Safe Vision,FadingHard,Car,0,vision,v0,True,,,queued,True,True,24,0,0,0,24,passed,,False,False
SafetyCarFadingHard1-v0,Safety-Gymnasium,Safe Vision,FadingHard,Car,1,vector,v0,True,,,failed,True,True,24,7,0,1,16,,,False,False
SafetyCarFadingHard1Vision-v0,Safety-Gymnasium,Safe Vision,FadingHard,Car,1,vision,v0,True,,,queued,True,True,24,0,0,0,24,passed,,False,False
SafetyCarFadingHard2-v0,Safety-Gymnasium,Safe Vision,FadingHard,Car,2,vector,v0,True,,,failed,True,True,24,7,0,1,16,,,False,False
SafetyCarFadingHard2Vision-v0,Safety-Gymnasium,Safe Vision,FadingHard,Car,2,vision,v0,True,,,queued,True,True,24,0,0,0,24,passed,,False,False
SafetyCarFormulaOne0-v0,Safety-Gymnasium,Safe Vision,FormulaOne,Car,0,vector,v0,True,,,queued,True,True,24,7,0,0,16,,,False,False
SafetyCarFormulaOne0Vision-v0,Safety-Gymnasium,Safe Vision,FormulaOne,Car,0,vision,v0,True,,,queued,True,True,24,0,0,0,24,passed,,False,False
SafetyCarFormulaOne1-v0,Safety-Gymnasium,Safe Vision,FormulaOne,Car,1,vector,v0,True,,,failed,True,True,24,0,0,4,16,,,False,False
SafetyCarFormulaOne1Vision-v0,Safety-Gymnasium,Safe Vision,FormulaOne,Car,1,vision,v0,True,,,queued,True,True,24,0,0,0,24,passed,,False,False
SafetyCarFormulaOne2-v0,Safety-Gymnasium,Safe Vision,FormulaOne,Car,2,vector,v0,True,,,failed,True,True,24,0,0,2,16,,,False,False
SafetyCarFormulaOne2Vision-v0,Safety-Gymnasium,Safe Vision,FormulaOne,Car,2,vision,v0,True,,,queued,True,True,24,0,0,0,24,passed,,False,False
SafetyCarGoal0-v0,Safety-Gymnasium,Safe Navigation,Goal,Car,0,vector,v0,True,,,queued,True,True,48,14,0,0,34,,,False,False
SafetyCarGoal0Vision-v0,Safety-Gymnasium,Safe Navigation,Goal,Car,0,vision,v0,True,,,queued,True,True,24,0,0,0,24,passed,,False,False
SafetyCarGoal1-v0,Safety-Gymnasium,Safe Navigation,Goal,Car,1,vector,v0,True,,,running,True,True,48,17,2,0,29,,,False,False
SafetyCarGoal1Vision-v0,Safety-Gymnasium,Safe Navigation,Goal,Car,1,vision,v0,True,,,queued,True,True,24,0,0,0,24,passed,,False,False
SafetyCarGoal2-v0,Safety-Gymnasium,Safe Navigation,Goal,Car,2,vector,v0,True,,,queued,True,True,48,18,0,0,30,,,False,False
SafetyCarGoal2Vision-v0,Safety-Gymnasium,Safe Navigation,Goal,Car,2,vision,v0,True,,,queued,True,True,24,0,0,0,24,passed,,False,False
SafetyCarMultiGoal0-v0,Safety-Gymnasium,Safe Multi-Agent / MultiGoal,MultiGoal,Car,0,vector,v0,False,,,failed,True,True,24,0,0,24,0,blocked,固定上游版本缺少资产 multi_car.xml,False,False
SafetyCarMultiGoal0Vision-v0,Safety-Gymnasium,Safe Multi-Agent / MultiGoal,MultiGoal,Car,0,vision,v0,False,,,failed,True,True,24,0,0,24,0,blocked,固定上游版本缺少资产 multi_car.xml,False,False
SafetyCarMultiGoal1-v0,Safety-Gymnasium,Safe Multi-Agent / MultiGoal,MultiGoal,Car,1,vector,v0,False,,,failed,True,True,24,0,0,24,0,blocked,固定上游版本缺少资产 multi_car.xml,False,False
SafetyCarMultiGoal1Vision-v0,Safety-Gymnasium,Safe Multi-Agent / MultiGoal,MultiGoal,Car,1,vision,v0,False,,,failed,True,True,24,0,0,24,0,blocked,固定上游版本缺少资产 multi_car.xml,False,False
SafetyCarMultiGoal2-v0,Safety-Gymnasium,Safe Multi-Agent / MultiGoal,MultiGoal,Car,2,vector,v0,False,,,failed,True,True,24,0,0,24,0,blocked,固定上游版本缺少资产 multi_car.xml,False,False
SafetyCarMultiGoal2Vision-v0,Safety-Gymnasium,Safe Multi-Agent / MultiGoal,MultiGoal,Car,2,vision,v0,False,,,failed,True,True,24,0,0,24,0,blocked,固定上游版本缺少资产 multi_car.xml,False,False
SafetyCarPush0-v0,Safety-Gymnasium,Safe Navigation,Push,Car,0,vector,v0,True,,,running,True,True,48,11,1,0,36,,,False,False
SafetyCarPush0Vision-v0,Safety-Gymnasium,Safe Navigation,Push,Car,0,vision,v0,True,,,queued,True,True,24,0,0,0,24,passed,,False,False
SafetyCarPush1-v0,Safety-Gymnasium,Safe Navigation,Push,Car,1,vector,v0,True,,,running,True,True,48,20,1,0,27,,,False,False
SafetyCarPush1Vision-v0,Safety-Gymnasium,Safe Navigation,Push,Car,1,vision,v0,True,,,queued,True,True,24,0,0,0,24,passed,,False,False
SafetyCarPush2-v0,Safety-Gymnasium,Safe Navigation,Push,Car,2,vector,v0,True,,,running,True,True,48,15,1,0,32,,,False,False
SafetyCarPush2Vision-v0,Safety-Gymnasium,Safe Navigation,Push,Car,2,vision,v0,True,,,queued,True,True,24,0,0,0,24,passed,,False,False
SafetyCarRace0-v0,Safety-Gymnasium,Safe Vision,Race,Car,0,vector,v0,True,,,queued,True,True,24,6,0,0,16,,,False,False
SafetyCarRace0Vision-v0,Safety-Gymnasium,Safe Vision,Race,Car,0,vision,v0,True,,,queued,True,True,24,0,0,0,24,passed,,False,False
SafetyCarRace1-v0,Safety-Gymnasium,Safe Vision,Race,Car,1,vector,v0,True,,,failed,True,True,24,6,0,1,16,,,False,False
SafetyCarRace1Vision-v0,Safety-Gymnasium,Safe Vision,Race,Car,1,vision,v0,True,,,queued,True,True,24,0,0,0,24,passed,,False,False
SafetyCarRace2-v0,Safety-Gymnasium,Safe Vision,Race,Car,2,vector,v0,True,,,failed,True,True,24,6,0,1,16,,,False,False
SafetyCarRace2Vision-v0,Safety-Gymnasium,Safe Vision,Race,Car,2,vision,v0,True,,,queued,True,True,24,0,0,0,24,passed,,False,False
SafetyCarRun0-v0,Safety-Gymnasium,Registry / Run,Run,Car,0,vector,v0,False,,,queued,True,True,48,14,0,0,34,,,False,False
SafetyCarRun0Vision-v0,Safety-Gymnasium,Registry / Run,Run,Car,0,vision,v0,False,,,queued,True,True,24,0,0,0,24,passed,,False,False
SafetyDoggoBuildingButton0-v0,Safety-Gymnasium,Safe Vision,BuildingButton,Doggo,0,vector,v0,True,,,queued,True,True,24,7,0,0,16,,,False,False
SafetyDoggoBuildingButton0Vision-v0,Safety-Gymnasium,Safe Vision,BuildingButton,Doggo,0,vision,v0,True,,,queued,True,True,24,0,0,0,24,passed,,False,False
SafetyDoggoBuildingButton1-v0,Safety-Gymnasium,Safe Vision,BuildingButton,Doggo,1,vector,v0,True,,,failed,True,True,24,6,0,1,16,,,False,False
SafetyDoggoBuildingButton1Vision-v0,Safety-Gymnasium,Safe Vision,BuildingButton,Doggo,1,vision,v0,True,,,queued,True,True,24,0,0,0,24,passed,,False,False
SafetyDoggoBuildingButton2-v0,Safety-Gymnasium,Safe Vision,BuildingButton,Doggo,2,vector,v0,True,,,failed,True,True,24,6,0,1,16,,,False,False
SafetyDoggoBuildingButton2Vision-v0,Safety-Gymnasium,Safe Vision,BuildingButton,Doggo,2,vision,v0,True,,,queued,True,True,24,0,0,0,24,passed,,False,False
SafetyDoggoBuildingGoal0-v0,Safety-Gymnasium,Safe Vision,BuildingGoal,Doggo,0,vector,v0,True,,,queued,True,True,24,7,0,0,16,,,False,False
SafetyDoggoBuildingGoal0Vision-v0,Safety-Gymnasium,Safe Vision,BuildingGoal,Doggo,0,vision,v0,True,,,queued,True,True,24,0,0,0,24,passed,,False,False
SafetyDoggoBuildingGoal1-v0,Safety-Gymnasium,Safe Vision,BuildingGoal,Doggo,1,vector,v0,True,,,failed,True,True,24,6,0,1,16,,,False,False
SafetyDoggoBuildingGoal1Vision-v0,Safety-Gymnasium,Safe Vision,BuildingGoal,Doggo,1,vision,v0,True,,,queued,True,True,24,0,0,0,24,passed,,False,False
SafetyDoggoBuildingGoal2-v0,Safety-Gymnasium,Safe Vision,BuildingGoal,Doggo,2,vector,v0,True,,,failed,True,True,24,6,0,1,16,,,False,False
SafetyDoggoBuildingGoal2Vision-v0,Safety-Gymnasium,Safe Vision,BuildingGoal,Doggo,2,vision,v0,True,,,queued,True,True,24,0,0,0,24,passed,,False,False
SafetyDoggoBuildingPush0-v0,Safety-Gymnasium,Safe Vision,BuildingPush,Doggo,0,vector,v0,True,,,failed,True,True,24,6,0,1,16,,,False,False
SafetyDoggoBuildingPush0Vision-v0,Safety-Gymnasium,Safe Vision,BuildingPush,Doggo,0,vision,v0,True,,,queued,True,True,24,0,0,0,24,passed,,False,False
SafetyDoggoBuildingPush1-v0,Safety-Gymnasium,Safe Vision,BuildingPush,Doggo,1,vector,v0,True,,,failed,True,True,24,6,0,1,16,,,False,False
SafetyDoggoBuildingPush1Vision-v0,Safety-Gymnasium,Safe Vision,BuildingPush,Doggo,1,vision,v0,True,,,queued,True,True,24,0,0,0,24,passed,,False,False
SafetyDoggoBuildingPush2-v0,Safety-Gymnasium,Safe Vision,BuildingPush,Doggo,2,vector,v0,True,,,failed,True,True,24,6,0,1,16,,,False,False
SafetyDoggoBuildingPush2Vision-v0,Safety-Gymnasium,Safe Vision,BuildingPush,Doggo,2,vision,v0,True,,,queued,True,True,24,0,0,0,24,passed,,False,False
SafetyDoggoButton0-v0,Safety-Gymnasium,Safe Navigation,Button,Doggo,0,vector,v0,True,,,running,True,True,48,17,2,0,29,,,False,False
SafetyDoggoButton0Vision-v0,Safety-Gymnasium,Safe Navigation,Button,Doggo,0,vision,v0,True,,,queued,True,True,24,0,0,0,24,passed,,False,False
SafetyDoggoButton1-v0,Safety-Gymnasium,Safe Navigation,Button,Doggo,1,vector,v0,True,,,running,True,True,48,18,1,0,29,,,False,False
SafetyDoggoButton1Vision-v0,Safety-Gymnasium,Safe Navigation,Button,Doggo,1,vision,v0,True,,,queued,True,True,24,0,0,0,24,passed,,False,False
SafetyDoggoButton2-v0,Safety-Gymnasium,Safe Navigation,Button,Doggo,2,vector,v0,True,,,running,True,True,48,10,2,0,36,,,False,False
SafetyDoggoButton2Vision-v0,Safety-Gymnasium,Safe Navigation,Button,Doggo,2,vision,v0,True,,,queued,True,True,24,0,0,0,24,passed,,False,False
SafetyDoggoCircle0-v0,Safety-Gymnasium,Safe Navigation,Circle,Doggo,0,vector,v0,True,,,running,True,True,48,20,1,0,27,,,False,False
SafetyDoggoCircle0Vision-v0,Safety-Gymnasium,Safe Navigation,Circle,Doggo,0,vision,v0,True,,,queued,True,True,24,0,0,0,24,passed,,False,False
SafetyDoggoCircle1-v0,Safety-Gymnasium,Safe Navigation,Circle,Doggo,1,vector,v0,True,,,running,True,True,48,15,1,0,32,,,False,False
SafetyDoggoCircle1Vision-v0,Safety-Gymnasium,Safe Navigation,Circle,Doggo,1,vision,v0,True,,,queued,True,True,24,0,0,0,24,passed,,False,False
SafetyDoggoCircle2-v0,Safety-Gymnasium,Safe Navigation,Circle,Doggo,2,vector,v0,True,,,running,True,True,48,13,1,0,34,,,False,False
SafetyDoggoCircle2Vision-v0,Safety-Gymnasium,Safe Navigation,Circle,Doggo,2,vision,v0,True,,,queued,True,True,24,0,0,0,24,passed,,False,False
SafetyDoggoFadingEasy0-v0,Safety-Gymnasium,Safe Vision,FadingEasy,Doggo,0,vector,v0,True,,,failed,True,True,24,7,0,1,16,,,False,False
SafetyDoggoFadingEasy0Vision-v0,Safety-Gymnasium,Safe Vision,FadingEasy,Doggo,0,vision,v0,True,,,queued,True,True,24,0,0,0,24,passed,,False,False
SafetyDoggoFadingEasy1-v0,Safety-Gymnasium,Safe Vision,FadingEasy,Doggo,1,vector,v0,True,,,failed,True,True,24,7,0,1,16,,,False,False
SafetyDoggoFadingEasy1Vision-v0,Safety-Gymnasium,Safe Vision,FadingEasy,Doggo,1,vision,v0,True,,,queued,True,True,24,0,0,0,24,passed,,False,False
SafetyDoggoFadingEasy2-v0,Safety-Gymnasium,Safe Vision,FadingEasy,Doggo,2,vector,v0,True,,,failed,True,True,24,6,0,1,16,,,False,False
SafetyDoggoFadingEasy2Vision-v0,Safety-Gymnasium,Safe Vision,FadingEasy,Doggo,2,vision,v0,True,,,queued,True,True,24,0,0,0,24,passed,,False,False
SafetyDoggoFadingHard0-v0,Safety-Gymnasium,Safe Vision,FadingHard,Doggo,0,vector,v0,True,,,failed,True,True,24,7,0,1,16,,,False,False
SafetyDoggoFadingHard0Vision-v0,Safety-Gymnasium,Safe Vision,FadingHard,Doggo,0,vision,v0,True,,,queued,True,True,24,0,0,0,24,passed,,False,False
SafetyDoggoFadingHard1-v0,Safety-Gymnasium,Safe Vision,FadingHard,Doggo,1,vector,v0,True,,,failed,True,True,24,7,0,1,16,,,False,False
SafetyDoggoFadingHard1Vision-v0,Safety-Gymnasium,Safe Vision,FadingHard,Doggo,1,vision,v0,True,,,queued,True,True,24,0,0,0,24,passed,,False,False
SafetyDoggoFadingHard2-v0,Safety-Gymnasium,Safe Vision,FadingHard,Doggo,2,vector,v0,True,,,failed,True,True,24,6,0,1,16,,,False,False
SafetyDoggoFadingHard2Vision-v0,Safety-Gymnasium,Safe Vision,FadingHard,Doggo,2,vision,v0,True,,,queued,True,True,24,0,0,0,24,passed,,False,False
SafetyDoggoFormulaOne0-v0,Safety-Gymnasium,Safe Vision,FormulaOne,Doggo,0,vector,v0,True,,,queued,True,True,24,6,0,0,16,,,False,False
SafetyDoggoFormulaOne0Vision-v0,Safety-Gymnasium,Safe Vision,FormulaOne,Doggo,0,vision,v0,True,,,queued,True,True,24,0,0,0,24,passed,,False,False
SafetyDoggoFormulaOne1-v0,Safety-Gymnasium,Safe Vision,FormulaOne,Doggo,1,vector,v0,True,,,queued,True,True,24,0,0,0,16,,,False,False
SafetyDoggoFormulaOne1Vision-v0,Safety-Gymnasium,Safe Vision,FormulaOne,Doggo,1,vision,v0,True,,,queued,True,True,24,0,0,0,24,passed,,False,False
SafetyDoggoFormulaOne2-v0,Safety-Gymnasium,Safe Vision,FormulaOne,Doggo,2,vector,v0,True,,,queued,True,True,24,0,0,0,16,,,False,False
SafetyDoggoFormulaOne2Vision-v0,Safety-Gymnasium,Safe Vision,FormulaOne,Doggo,2,vision,v0,True,,,queued,True,True,24,0,0,0,24,passed,,False,False
SafetyDoggoGoal0-v0,Safety-Gymnasium,Safe Navigation,Goal,Doggo,0,vector,v0,True,,,running,True,True,48,17,2,0,29,,,False,False
SafetyDoggoGoal0Vision-v0,Safety-Gymnasium,Safe Navigation,Goal,Doggo,0,vision,v0,True,,,queued,True,True,24,0,0,0,24,passed,,False,False
SafetyDoggoGoal1-v0,Safety-Gymnasium,Safe Navigation,Goal,Doggo,1,vector,v0,True,,,running,True,True,48,17,1,0,30,,,False,False
SafetyDoggoGoal1Vision-v0,Safety-Gymnasium,Safe Navigation,Goal,Doggo,1,vision,v0,True,,,queued,True,True,24,0,0,0,24,passed,,False,False
SafetyDoggoGoal2-v0,Safety-Gymnasium,Safe Navigation,Goal,Doggo,2,vector,v0,True,,,running,True,True,48,10,2,0,36,,,False,False
SafetyDoggoGoal2Vision-v0,Safety-Gymnasium,Safe Navigation,Goal,Doggo,2,vision,v0,True,,,queued,True,True,24,0,0,0,24,passed,,False,False
SafetyDoggoMultiGoal0-v0,Safety-Gymnasium,Safe Multi-Agent / MultiGoal,MultiGoal,Doggo,0,vector,v0,False,,,failed,True,True,24,0,0,24,0,blocked,固定上游版本缺少资产 multi_doggo.xml,False,False
SafetyDoggoMultiGoal0Vision-v0,Safety-Gymnasium,Safe Multi-Agent / MultiGoal,MultiGoal,Doggo,0,vision,v0,False,,,failed,True,True,24,0,0,24,0,blocked,固定上游版本缺少资产 multi_doggo.xml,False,False
SafetyDoggoMultiGoal1-v0,Safety-Gymnasium,Safe Multi-Agent / MultiGoal,MultiGoal,Doggo,1,vector,v0,False,,,failed,True,True,24,0,0,24,0,blocked,固定上游版本缺少资产 multi_doggo.xml,False,False
SafetyDoggoMultiGoal1Vision-v0,Safety-Gymnasium,Safe Multi-Agent / MultiGoal,MultiGoal,Doggo,1,vision,v0,False,,,failed,True,True,24,0,0,24,0,blocked,固定上游版本缺少资产 multi_doggo.xml,False,False
SafetyDoggoMultiGoal2-v0,Safety-Gymnasium,Safe Multi-Agent / MultiGoal,MultiGoal,Doggo,2,vector,v0,False,,,failed,True,True,24,0,0,24,0,blocked,固定上游版本缺少资产 multi_doggo.xml,False,False
SafetyDoggoMultiGoal2Vision-v0,Safety-Gymnasium,Safe Multi-Agent / MultiGoal,MultiGoal,Doggo,2,vision,v0,False,,,failed,True,True,24,0,0,24,0,blocked,固定上游版本缺少资产 multi_doggo.xml,False,False
SafetyDoggoPush0-v0,Safety-Gymnasium,Safe Navigation,Push,Doggo,0,vector,v0,True,,,running,True,True,48,19,2,0,27,,,False,False
SafetyDoggoPush0Vision-v0,Safety-Gymnasium,Safe Navigation,Push,Doggo,0,vision,v0,True,,,queued,True,True,24,0,0,0,24,passed,,False,False
SafetyDoggoPush1-v0,Safety-Gymnasium,Safe Navigation,Push,Doggo,1,vector,v0,True,,,running,True,True,48,15,1,0,32,,,False,False
SafetyDoggoPush1Vision-v0,Safety-Gymnasium,Safe Navigation,Push,Doggo,1,vision,v0,True,,,queued,True,True,24,0,0,0,24,passed,,False,False
SafetyDoggoPush2-v0,Safety-Gymnasium,Safe Navigation,Push,Doggo,2,vector,v0,True,,,running,True,True,48,12,2,0,34,,,False,False
SafetyDoggoPush2Vision-v0,Safety-Gymnasium,Safe Navigation,Push,Doggo,2,vision,v0,True,,,queued,True,True,24,0,0,0,24,passed,,False,False
SafetyDoggoRace0-v0,Safety-Gymnasium,Safe Vision,Race,Doggo,0,vector,v0,True,,,failed,True,True,24,6,0,1,16,,,False,False
SafetyDoggoRace0Vision-v0,Safety-Gymnasium,Safe Vision,Race,Doggo,0,vision,v0,True,,,queued,True,True,24,0,0,0,24,passed,,False,False
SafetyDoggoRace1-v0,Safety-Gymnasium,Safe Vision,Race,Doggo,1,vector,v0,True,,,failed,True,True,24,6,0,1,16,,,False,False
SafetyDoggoRace1Vision-v0,Safety-Gymnasium,Safe Vision,Race,Doggo,1,vision,v0,True,,,queued,True,True,24,0,0,0,24,passed,,False,False
SafetyDoggoRace2-v0,Safety-Gymnasium,Safe Vision,Race,Doggo,2,vector,v0,True,,,failed,True,True,24,6,0,1,16,,,False,False
SafetyDoggoRace2Vision-v0,Safety-Gymnasium,Safe Vision,Race,Doggo,2,vision,v0,True,,,queued,True,True,24,0,0,0,24,passed,,False,False
SafetyDoggoRun0-v0,Safety-Gymnasium,Registry / Run,Run,Doggo,0,vector,v0,False,,,running,True,True,48,17,2,0,29,,,False,False
SafetyDoggoRun0Vision-v0,Safety-Gymnasium,Registry / Run,Run,Doggo,0,vision,v0,False,,,queued,True,True,24,0,0,0,24,passed,,False,False
SafetyHalfCheetahVelocity-v0,Safety-Gymnasium,Safe Velocity,Velocity,HalfCheetah,,vector,v0,True,,,queued,True,True,48,18,0,0,30,,,False,False
SafetyHalfCheetahVelocity-v1,Safety-Gymnasium,Safe Velocity,Velocity,HalfCheetah,,vector,v1,True,,,running,True,True,48,11,1,0,36,,,False,False
SafetyHopperVelocity-v0,Safety-Gymnasium,Safe Velocity,Velocity,Hopper,,vector,v0,True,,,queued,True,True,48,21,0,0,27,,,False,False
SafetyHopperVelocity-v1,Safety-Gymnasium,Safe Velocity,Velocity,Hopper,,vector,v1,True,,,running,True,True,48,15,1,0,32,,,False,False
SafetyHumanoidVelocity-v0,Safety-Gymnasium,Safe Velocity,Velocity,Humanoid,,vector,v0,True,,,queued,True,True,48,14,0,0,34,,,False,False
SafetyHumanoidVelocity-v1,Safety-Gymnasium,Safe Velocity,Velocity,Humanoid,,vector,v1,True,,,queued,True,True,48,18,0,0,30,,,False,False
SafetyPointBuildingButton0-v0,Safety-Gymnasium,Safe Vision,BuildingButton,Point,0,vector,v0,True,,,failed,True,True,24,6,0,1,16,,,False,False
SafetyPointBuildingButton0Vision-v0,Safety-Gymnasium,Safe Vision,BuildingButton,Point,0,vision,v0,True,,,queued,True,True,24,0,0,0,24,passed,,False,False
SafetyPointBuildingButton1-v0,Safety-Gymnasium,Safe Vision,BuildingButton,Point,1,vector,v0,True,,,failed,True,True,24,6,0,1,16,,,False,False
SafetyPointBuildingButton1Vision-v0,Safety-Gymnasium,Safe Vision,BuildingButton,Point,1,vision,v0,True,,,queued,True,True,24,0,0,0,24,passed,,False,False
SafetyPointBuildingButton2-v0,Safety-Gymnasium,Safe Vision,BuildingButton,Point,2,vector,v0,True,,,failed,True,True,24,6,0,1,16,,,False,False
SafetyPointBuildingButton2Vision-v0,Safety-Gymnasium,Safe Vision,BuildingButton,Point,2,vision,v0,True,,,queued,True,True,24,0,0,0,24,passed,,False,False
SafetyPointBuildingGoal0-v0,Safety-Gymnasium,Safe Vision,BuildingGoal,Point,0,vector,v0,True,,,failed,True,True,24,6,0,1,16,,,False,False
SafetyPointBuildingGoal0Vision-v0,Safety-Gymnasium,Safe Vision,BuildingGoal,Point,0,vision,v0,True,,,queued,True,True,24,0,0,0,24,passed,,False,False
SafetyPointBuildingGoal1-v0,Safety-Gymnasium,Safe Vision,BuildingGoal,Point,1,vector,v0,True,,,failed,True,True,24,6,0,1,16,,,False,False
SafetyPointBuildingGoal1Vision-v0,Safety-Gymnasium,Safe Vision,BuildingGoal,Point,1,vision,v0,True,,,queued,True,True,24,0,0,0,24,passed,,False,False
SafetyPointBuildingGoal2-v0,Safety-Gymnasium,Safe Vision,BuildingGoal,Point,2,vector,v0,True,,,failed,True,True,24,6,0,1,16,,,False,False
SafetyPointBuildingGoal2Vision-v0,Safety-Gymnasium,Safe Vision,BuildingGoal,Point,2,vision,v0,True,,,queued,True,True,24,0,0,0,24,passed,,False,False
SafetyPointBuildingPush0-v0,Safety-Gymnasium,Safe Vision,BuildingPush,Point,0,vector,v0,True,,,failed,True,True,24,6,0,1,16,,,False,False
SafetyPointBuildingPush0Vision-v0,Safety-Gymnasium,Safe Vision,BuildingPush,Point,0,vision,v0,True,,,queued,True,True,24,0,0,0,24,passed,,False,False
SafetyPointBuildingPush1-v0,Safety-Gymnasium,Safe Vision,BuildingPush,Point,1,vector,v0,True,,,failed,True,True,24,6,0,1,16,,,False,False
SafetyPointBuildingPush1Vision-v0,Safety-Gymnasium,Safe Vision,BuildingPush,Point,1,vision,v0,True,,,queued,True,True,24,0,0,0,24,passed,,False,False
SafetyPointBuildingPush2-v0,Safety-Gymnasium,Safe Vision,BuildingPush,Point,2,vector,v0,True,,,failed,True,True,24,6,0,1,16,,,False,False
SafetyPointBuildingPush2Vision-v0,Safety-Gymnasium,Safe Vision,BuildingPush,Point,2,vision,v0,True,,,queued,True,True,24,0,0,0,24,passed,,False,False
SafetyPointButton0-v0,Safety-Gymnasium,Safe Navigation,Button,Point,0,vector,v0,True,,,running,True,True,48,17,1,0,30,,,False,False
SafetyPointButton0Vision-v0,Safety-Gymnasium,Safe Navigation,Button,Point,0,vision,v0,True,,,queued,True,True,24,0,0,0,24,passed,,False,False
SafetyPointButton1-v0,Safety-Gymnasium,Safe Navigation,Button,Point,1,vector,v0,True,,,running,True,True,48,10,1,0,37,,,False,False
SafetyPointButton1Vision-v0,Safety-Gymnasium,Safe Navigation,Button,Point,1,vision,v0,True,,,queued,True,True,24,0,0,0,24,passed,,False,False
SafetyPointButton2-v0,Safety-Gymnasium,Safe Navigation,Button,Point,2,vector,v0,True,,,running,True,True,48,19,2,0,27,,,False,False
SafetyPointButton2Vision-v0,Safety-Gymnasium,Safe Navigation,Button,Point,2,vision,v0,True,,,queued,True,True,24,0,0,0,24,passed,,False,False
SafetyPointCircle0-v0,Safety-Gymnasium,Safe Navigation,Circle,Point,0,vector,v0,True,,,running,True,True,48,14,1,0,33,,,False,False
SafetyPointCircle0Vision-v0,Safety-Gymnasium,Safe Navigation,Circle,Point,0,vision,v0,True,,,queued,True,True,24,0,0,0,24,passed,,False,False
SafetyPointCircle1-v0,Safety-Gymnasium,Safe Navigation,Circle,Point,1,vector,v0,True,,,running,True,True,48,12,2,0,34,,,False,False
SafetyPointCircle1Vision-v0,Safety-Gymnasium,Safe Navigation,Circle,Point,1,vision,v0,True,,,queued,True,True,24,0,0,0,24,passed,,False,False
SafetyPointCircle2-v0,Safety-Gymnasium,Safe Navigation,Circle,Point,2,vector,v0,True,,,running,True,True,48,17,1,0,30,,,False,False
SafetyPointCircle2Vision-v0,Safety-Gymnasium,Safe Navigation,Circle,Point,2,vision,v0,True,,,queued,True,True,24,0,0,0,24,passed,,False,False
SafetyPointFadingEasy0-v0,Safety-Gymnasium,Safe Vision,FadingEasy,Point,0,vector,v0,True,,,failed,True,True,24,7,0,1,16,,,False,False
SafetyPointFadingEasy0Vision-v0,Safety-Gymnasium,Safe Vision,FadingEasy,Point,0,vision,v0,True,,,queued,True,True,24,0,0,0,24,passed,,False,False
SafetyPointFadingEasy1-v0,Safety-Gymnasium,Safe Vision,FadingEasy,Point,1,vector,v0,True,,,failed,True,True,24,7,0,1,16,,,False,False
SafetyPointFadingEasy1Vision-v0,Safety-Gymnasium,Safe Vision,FadingEasy,Point,1,vision,v0,True,,,queued,True,True,24,0,0,0,24,passed,,False,False
SafetyPointFadingEasy2-v0,Safety-Gymnasium,Safe Vision,FadingEasy,Point,2,vector,v0,True,,,failed,True,True,24,6,0,1,16,,,False,False
SafetyPointFadingEasy2Vision-v0,Safety-Gymnasium,Safe Vision,FadingEasy,Point,2,vision,v0,True,,,queued,True,True,24,0,0,0,24,passed,,False,False
SafetyPointFadingHard0-v0,Safety-Gymnasium,Safe Vision,FadingHard,Point,0,vector,v0,True,,,failed,True,True,24,7,0,1,16,,,False,False
SafetyPointFadingHard0Vision-v0,Safety-Gymnasium,Safe Vision,FadingHard,Point,0,vision,v0,True,,,queued,True,True,24,0,0,0,24,passed,,False,False
SafetyPointFadingHard1-v0,Safety-Gymnasium,Safe Vision,FadingHard,Point,1,vector,v0,True,,,failed,True,True,24,7,0,1,16,,,False,False
SafetyPointFadingHard1Vision-v0,Safety-Gymnasium,Safe Vision,FadingHard,Point,1,vision,v0,True,,,queued,True,True,24,0,0,0,24,passed,,False,False
SafetyPointFadingHard2-v0,Safety-Gymnasium,Safe Vision,FadingHard,Point,2,vector,v0,True,,,failed,True,True,24,6,0,1,16,,,False,False
SafetyPointFadingHard2Vision-v0,Safety-Gymnasium,Safe Vision,FadingHard,Point,2,vision,v0,True,,,queued,True,True,24,0,0,0,24,passed,,False,False
SafetyPointFormulaOne0-v0,Safety-Gymnasium,Safe Vision,FormulaOne,Point,0,vector,v0,True,,,failed,True,True,24,6,0,1,16,,,False,False
SafetyPointFormulaOne0Vision-v0,Safety-Gymnasium,Safe Vision,FormulaOne,Point,0,vision,v0,True,,,queued,True,True,24,0,0,0,24,passed,,False,False
SafetyPointFormulaOne1-v0,Safety-Gymnasium,Safe Vision,FormulaOne,Point,1,vector,v0,True,,,failed,True,True,24,0,0,1,16,,,False,False
SafetyPointFormulaOne1Vision-v0,Safety-Gymnasium,Safe Vision,FormulaOne,Point,1,vision,v0,True,,,queued,True,True,24,0,0,0,24,passed,,False,False
SafetyPointFormulaOne2-v0,Safety-Gymnasium,Safe Vision,FormulaOne,Point,2,vector,v0,True,,,failed,True,True,24,0,0,3,16,,,False,False
SafetyPointFormulaOne2Vision-v0,Safety-Gymnasium,Safe Vision,FormulaOne,Point,2,vision,v0,True,,,queued,True,True,24,0,0,0,24,passed,,False,False
SafetyPointGoal0-v0,Safety-Gymnasium,Safe Navigation,Goal,Point,0,vector,v0,True,,,running,True,True,48,17,1,0,30,,,False,False
SafetyPointGoal0Vision-v0,Safety-Gymnasium,Safe Navigation,Goal,Point,0,vision,v0,True,,,queued,True,True,24,0,0,0,24,passed,,False,False
SafetyPointGoal1-v0,Safety-Gymnasium,Safe Navigation,Goal,Point,1,vector,v0,True,,,running,True,True,48,10,1,0,37,,,False,False
SafetyPointGoal1Vision-v0,Safety-Gymnasium,Safe Navigation,Goal,Point,1,vision,v0,True,,,queued,True,True,24,0,0,0,24,passed,,False,False
SafetyPointGoal2-v0,Safety-Gymnasium,Safe Navigation,Goal,Point,2,vector,v0,True,,,running,True,True,48,19,2,0,27,,,False,False
SafetyPointGoal2Vision-v0,Safety-Gymnasium,Safe Navigation,Goal,Point,2,vision,v0,True,,,queued,True,True,24,0,0,0,24,passed,,False,False
SafetyPointMultiGoal0-v0,Safety-Gymnasium,Safe Multi-Agent / MultiGoal,MultiGoal,Point,0,vector,v0,True,,,queued,True,True,24,1,0,0,22,passed,,False,False
SafetyPointMultiGoal0Vision-v0,Safety-Gymnasium,Safe Multi-Agent / MultiGoal,MultiGoal,Point,0,vision,v0,True,,,running,True,True,24,0,1,0,23,passed,,False,False
SafetyPointMultiGoal1-v0,Safety-Gymnasium,Safe Multi-Agent / MultiGoal,MultiGoal,Point,1,vector,v0,True,,,queued,True,True,24,1,0,0,23,passed,,False,False
SafetyPointMultiGoal1Vision-v0,Safety-Gymnasium,Safe Multi-Agent / MultiGoal,MultiGoal,Point,1,vision,v0,True,,,queued,True,True,24,0,0,0,24,passed,,False,False
SafetyPointMultiGoal2-v0,Safety-Gymnasium,Safe Multi-Agent / MultiGoal,MultiGoal,Point,2,vector,v0,True,,,queued,True,True,24,2,0,0,22,passed,,False,False
SafetyPointMultiGoal2Vision-v0,Safety-Gymnasium,Safe Multi-Agent / MultiGoal,MultiGoal,Point,2,vision,v0,True,,,queued,True,True,24,0,0,0,24,passed,,False,False
SafetyPointPush0-v0,Safety-Gymnasium,Safe Navigation,Push,Point,0,vector,v0,True,,,running,True,True,48,14,1,0,33,,,False,False
SafetyPointPush0Vision-v0,Safety-Gymnasium,Safe Navigation,Push,Point,0,vision,v0,True,,,queued,True,True,24,0,0,0,24,passed,,False,False
SafetyPointPush1-v0,Safety-Gymnasium,Safe Navigation,Push,Point,1,vector,v0,True,,,running,True,True,48,12,2,0,34,,,False,False
SafetyPointPush1Vision-v0,Safety-Gymnasium,Safe Navigation,Push,Point,1,vision,v0,True,,,queued,True,True,24,0,0,0,24,passed,,False,False
SafetyPointPush2-v0,Safety-Gymnasium,Safe Navigation,Push,Point,2,vector,v0,True,,,running,True,True,48,17,1,0,30,,,False,False
SafetyPointPush2Vision-v0,Safety-Gymnasium,Safe Navigation,Push,Point,2,vision,v0,True,,,queued,True,True,24,0,0,0,24,passed,,False,False
SafetyPointRace0-v0,Safety-Gymnasium,Safe Vision,Race,Point,0,vector,v0,True,,,failed,True,True,24,5,0,1,16,,,False,False
SafetyPointRace0Vision-v0,Safety-Gymnasium,Safe Vision,Race,Point,0,vision,v0,True,,,queued,True,True,24,0,0,0,24,passed,,False,False
SafetyPointRace1-v0,Safety-Gymnasium,Safe Vision,Race,Point,1,vector,v0,True,,,queued,True,True,24,6,0,0,16,,,False,False
SafetyPointRace1Vision-v0,Safety-Gymnasium,Safe Vision,Race,Point,1,vision,v0,True,,,queued,True,True,24,0,0,0,24,passed,,False,False
SafetyPointRace2-v0,Safety-Gymnasium,Safe Vision,Race,Point,2,vector,v0,True,,,failed,True,True,24,6,0,1,16,,,False,False
SafetyPointRace2Vision-v0,Safety-Gymnasium,Safe Vision,Race,Point,2,vision,v0,True,,,queued,True,True,24,0,0,0,24,passed,,False,False
SafetyPointRun0-v0,Safety-Gymnasium,Registry / Run,Run,Point,0,vector,v0,False,,,running,True,True,48,16,2,0,30,,,False,False
SafetyPointRun0Vision-v0,Safety-Gymnasium,Registry / Run,Run,Point,0,vision,v0,False,,,queued,True,True,24,0,0,0,24,passed,,False,False
SafetyRacecarBuildingButton0-v0,Safety-Gymnasium,Safe Vision,BuildingButton,Racecar,0,vector,v0,True,,,failed,True,True,24,6,0,1,16,,,False,False
SafetyRacecarBuildingButton0Vision-v0,Safety-Gymnasium,Safe Vision,BuildingButton,Racecar,0,vision,v0,True,,,queued,True,True,24,0,0,0,24,passed,,False,False
SafetyRacecarBuildingButton1-v0,Safety-Gymnasium,Safe Vision,BuildingButton,Racecar,1,vector,v0,True,,,failed,True,True,24,5,0,1,16,,,False,False
SafetyRacecarBuildingButton1Vision-v0,Safety-Gymnasium,Safe Vision,BuildingButton,Racecar,1,vision,v0,True,,,queued,True,True,24,0,0,0,24,passed,,False,False
SafetyRacecarBuildingButton2-v0,Safety-Gymnasium,Safe Vision,BuildingButton,Racecar,2,vector,v0,True,,,failed,True,True,24,5,0,1,16,,,False,False
SafetyRacecarBuildingButton2Vision-v0,Safety-Gymnasium,Safe Vision,BuildingButton,Racecar,2,vision,v0,True,,,queued,True,True,24,0,0,0,24,passed,,False,False
SafetyRacecarBuildingGoal0-v0,Safety-Gymnasium,Safe Vision,BuildingGoal,Racecar,0,vector,v0,True,,,failed,True,True,24,6,0,1,16,,,False,False
SafetyRacecarBuildingGoal0Vision-v0,Safety-Gymnasium,Safe Vision,BuildingGoal,Racecar,0,vision,v0,True,,,queued,True,True,24,0,0,0,24,passed,,False,False
SafetyRacecarBuildingGoal1-v0,Safety-Gymnasium,Safe Vision,BuildingGoal,Racecar,1,vector,v0,True,,,failed,True,True,24,6,0,1,16,,,False,False
SafetyRacecarBuildingGoal1Vision-v0,Safety-Gymnasium,Safe Vision,BuildingGoal,Racecar,1,vision,v0,True,,,queued,True,True,24,0,0,0,24,passed,,False,False
SafetyRacecarBuildingGoal2-v0,Safety-Gymnasium,Safe Vision,BuildingGoal,Racecar,2,vector,v0,True,,,failed,True,True,24,5,0,1,16,,,False,False
SafetyRacecarBuildingGoal2Vision-v0,Safety-Gymnasium,Safe Vision,BuildingGoal,Racecar,2,vision,v0,True,,,queued,True,True,24,0,0,0,24,passed,,False,False
SafetyRacecarBuildingPush0-v0,Safety-Gymnasium,Safe Vision,BuildingPush,Racecar,0,vector,v0,True,,,failed,True,True,24,5,0,1,16,,,False,False
SafetyRacecarBuildingPush0Vision-v0,Safety-Gymnasium,Safe Vision,BuildingPush,Racecar,0,vision,v0,True,,,queued,True,True,24,0,0,0,24,passed,,False,False
SafetyRacecarBuildingPush1-v0,Safety-Gymnasium,Safe Vision,BuildingPush,Racecar,1,vector,v0,True,,,failed,True,True,24,5,0,1,16,,,False,False
SafetyRacecarBuildingPush1Vision-v0,Safety-Gymnasium,Safe Vision,BuildingPush,Racecar,1,vision,v0,True,,,queued,True,True,24,0,0,0,24,passed,,False,False
SafetyRacecarBuildingPush2-v0,Safety-Gymnasium,Safe Vision,BuildingPush,Racecar,2,vector,v0,True,,,failed,True,True,24,5,0,1,16,,,False,False
SafetyRacecarBuildingPush2Vision-v0,Safety-Gymnasium,Safe Vision,BuildingPush,Racecar,2,vision,v0,True,,,queued,True,True,24,0,0,0,24,passed,,False,False
SafetyRacecarButton0-v0,Safety-Gymnasium,Safe Navigation,Button,Racecar,0,vector,v0,True,,,running,True,True,48,10,1,0,37,,,False,False
SafetyRacecarButton0Vision-v0,Safety-Gymnasium,Safe Navigation,Button,Racecar,0,vision,v0,True,,,queued,True,True,24,0,0,0,24,passed,,False,False
SafetyRacecarButton1-v0,Safety-Gymnasium,Safe Navigation,Button,Racecar,1,vector,v0,True,,,running,True,True,48,18,3,0,27,,,False,False
SafetyRacecarButton1Vision-v0,Safety-Gymnasium,Safe Navigation,Button,Racecar,1,vision,v0,True,,,queued,True,True,24,0,0,0,24,passed,,False,False
SafetyRacecarButton2-v0,Safety-Gymnasium,Safe Navigation,Button,Racecar,2,vector,v0,True,,,running,True,True,48,13,2,0,33,,,False,False
SafetyRacecarButton2Vision-v0,Safety-Gymnasium,Safe Navigation,Button,Racecar,2,vision,v0,True,,,queued,True,True,24,0,0,0,24,passed,,False,False
SafetyRacecarCircle0-v0,Safety-Gymnasium,Safe Navigation,Circle,Racecar,0,vector,v0,True,,,running,True,True,48,12,2,0,34,,,False,False
SafetyRacecarCircle0Vision-v0,Safety-Gymnasium,Safe Navigation,Circle,Racecar,0,vision,v0,True,,,queued,True,True,24,0,0,0,24,passed,,False,False
SafetyRacecarCircle1-v0,Safety-Gymnasium,Safe Navigation,Circle,Racecar,1,vector,v0,True,,,running,True,True,48,16,2,0,30,,,False,False
SafetyRacecarCircle1Vision-v0,Safety-Gymnasium,Safe Navigation,Circle,Racecar,1,vision,v0,True,,,queued,True,True,24,0,0,0,24,passed,,False,False
SafetyRacecarCircle2-v0,Safety-Gymnasium,Safe Navigation,Circle,Racecar,2,vector,v0,True,,,running,True,True,48,15,2,0,31,,,False,False
SafetyRacecarCircle2Vision-v0,Safety-Gymnasium,Safe Navigation,Circle,Racecar,2,vision,v0,True,,,queued,True,True,24,0,0,0,24,passed,,False,False
SafetyRacecarFadingEasy0-v0,Safety-Gymnasium,Safe Vision,FadingEasy,Racecar,0,vector,v0,True,,,failed,True,True,24,6,0,1,16,,,False,False
SafetyRacecarFadingEasy0Vision-v0,Safety-Gymnasium,Safe Vision,FadingEasy,Racecar,0,vision,v0,True,,,queued,True,True,24,0,0,0,24,passed,,False,False
SafetyRacecarFadingEasy1-v0,Safety-Gymnasium,Safe Vision,FadingEasy,Racecar,1,vector,v0,True,,,failed,True,True,24,6,0,1,16,,,False,False
SafetyRacecarFadingEasy1Vision-v0,Safety-Gymnasium,Safe Vision,FadingEasy,Racecar,1,vision,v0,True,,,queued,True,True,24,0,0,0,24,passed,,False,False
SafetyRacecarFadingEasy2-v0,Safety-Gymnasium,Safe Vision,FadingEasy,Racecar,2,vector,v0,True,,,failed,True,True,24,5,0,1,16,,,False,False
SafetyRacecarFadingEasy2Vision-v0,Safety-Gymnasium,Safe Vision,FadingEasy,Racecar,2,vision,v0,True,,,queued,True,True,24,0,0,0,24,passed,,False,False
SafetyRacecarFadingHard0-v0,Safety-Gymnasium,Safe Vision,FadingHard,Racecar,0,vector,v0,True,,,failed,True,True,24,6,0,1,16,,,False,False
SafetyRacecarFadingHard0Vision-v0,Safety-Gymnasium,Safe Vision,FadingHard,Racecar,0,vision,v0,True,,,queued,True,True,24,0,0,0,24,passed,,False,False
SafetyRacecarFadingHard1-v0,Safety-Gymnasium,Safe Vision,FadingHard,Racecar,1,vector,v0,True,,,failed,True,True,24,6,0,1,16,,,False,False
SafetyRacecarFadingHard1Vision-v0,Safety-Gymnasium,Safe Vision,FadingHard,Racecar,1,vision,v0,True,,,queued,True,True,24,0,0,0,24,passed,,False,False
SafetyRacecarFadingHard2-v0,Safety-Gymnasium,Safe Vision,FadingHard,Racecar,2,vector,v0,True,,,failed,True,True,24,5,0,1,16,,,False,False
SafetyRacecarFadingHard2Vision-v0,Safety-Gymnasium,Safe Vision,FadingHard,Racecar,2,vision,v0,True,,,queued,True,True,24,0,0,0,24,passed,,False,False
SafetyRacecarFormulaOne0-v0,Safety-Gymnasium,Safe Vision,FormulaOne,Racecar,0,vector,v0,True,,,queued,True,True,24,6,0,0,16,,,False,False
SafetyRacecarFormulaOne0Vision-v0,Safety-Gymnasium,Safe Vision,FormulaOne,Racecar,0,vision,v0,True,,,queued,True,True,24,0,0,0,24,passed,,False,False
SafetyRacecarFormulaOne1-v0,Safety-Gymnasium,Safe Vision,FormulaOne,Racecar,1,vector,v0,True,,,failed,True,True,24,0,0,1,16,,,False,False
SafetyRacecarFormulaOne1Vision-v0,Safety-Gymnasium,Safe Vision,FormulaOne,Racecar,1,vision,v0,True,,,queued,True,True,24,0,0,0,24,passed,,False,False
SafetyRacecarFormulaOne2-v0,Safety-Gymnasium,Safe Vision,FormulaOne,Racecar,2,vector,v0,True,,,failed,True,True,24,0,0,4,16,,,False,False
SafetyRacecarFormulaOne2Vision-v0,Safety-Gymnasium,Safe Vision,FormulaOne,Racecar,2,vision,v0,True,,,queued,True,True,24,0,0,0,24,passed,,False,False
SafetyRacecarGoal0-v0,Safety-Gymnasium,Safe Navigation,Goal,Racecar,0,vector,v0,True,,,running,True,True,48,10,1,0,37,,,False,False
SafetyRacecarGoal0Vision-v0,Safety-Gymnasium,Safe Navigation,Goal,Racecar,0,vision,v0,True,,,queued,True,True,24,0,0,0,24,passed,,False,False
SafetyRacecarGoal1-v0,Safety-Gymnasium,Safe Navigation,Goal,Racecar,1,vector,v0,True,,,running,True,True,48,19,1,0,28,,,False,False
SafetyRacecarGoal1Vision-v0,Safety-Gymnasium,Safe Navigation,Goal,Racecar,1,vision,v0,True,,,queued,True,True,24,0,0,0,24,passed,,False,False
SafetyRacecarGoal2-v0,Safety-Gymnasium,Safe Navigation,Goal,Racecar,2,vector,v0,True,,,running,True,True,48,11,3,0,34,,,False,False
SafetyRacecarGoal2Vision-v0,Safety-Gymnasium,Safe Navigation,Goal,Racecar,2,vision,v0,True,,,queued,True,True,24,0,0,0,24,passed,,False,False
SafetyRacecarMultiGoal0-v0,Safety-Gymnasium,Safe Multi-Agent / MultiGoal,MultiGoal,Racecar,0,vector,v0,False,,,failed,True,True,24,0,0,24,0,blocked,固定上游版本缺少资产 multi_racecar.xml,False,False
SafetyRacecarMultiGoal0Vision-v0,Safety-Gymnasium,Safe Multi-Agent / MultiGoal,MultiGoal,Racecar,0,vision,v0,False,,,failed,True,True,24,0,0,24,0,blocked,固定上游版本缺少资产 multi_racecar.xml,False,False
SafetyRacecarMultiGoal1-v0,Safety-Gymnasium,Safe Multi-Agent / MultiGoal,MultiGoal,Racecar,1,vector,v0,False,,,failed,True,True,24,0,0,24,0,blocked,固定上游版本缺少资产 multi_racecar.xml,False,False
SafetyRacecarMultiGoal1Vision-v0,Safety-Gymnasium,Safe Multi-Agent / MultiGoal,MultiGoal,Racecar,1,vision,v0,False,,,failed,True,True,24,0,0,24,0,blocked,固定上游版本缺少资产 multi_racecar.xml,False,False
SafetyRacecarMultiGoal2-v0,Safety-Gymnasium,Safe Multi-Agent / MultiGoal,MultiGoal,Racecar,2,vector,v0,False,,,failed,True,True,24,0,0,24,0,blocked,固定上游版本缺少资产 multi_racecar.xml,False,False
SafetyRacecarMultiGoal2Vision-v0,Safety-Gymnasium,Safe Multi-Agent / MultiGoal,MultiGoal,Racecar,2,vision,v0,False,,,failed,True,True,24,0,0,24,0,blocked,固定上游版本缺少资产 multi_racecar.xml,False,False
SafetyRacecarPush0-v0,Safety-Gymnasium,Safe Navigation,Push,Racecar,0,vector,v0,True,,,running,True,True,48,12,2,0,34,,,False,False
SafetyRacecarPush0Vision-v0,Safety-Gymnasium,Safe Navigation,Push,Racecar,0,vision,v0,True,,,queued,True,True,24,0,0,0,24,passed,,False,False
SafetyRacecarPush1-v0,Safety-Gymnasium,Safe Navigation,Push,Racecar,1,vector,v0,True,,,running,True,True,48,16,1,0,31,,,False,False
SafetyRacecarPush1Vision-v0,Safety-Gymnasium,Safe Navigation,Push,Racecar,1,vision,v0,True,,,queued,True,True,24,0,0,0,24,passed,,False,False
SafetyRacecarPush2-v0,Safety-Gymnasium,Safe Navigation,Push,Racecar,2,vector,v0,True,,,running,True,True,48,15,2,0,31,,,False,False
SafetyRacecarPush2Vision-v0,Safety-Gymnasium,Safe Navigation,Push,Racecar,2,vision,v0,True,,,queued,True,True,24,0,0,0,24,passed,,False,False
SafetyRacecarRace0-v0,Safety-Gymnasium,Safe Vision,Race,Racecar,0,vector,v0,True,,,failed,True,True,24,5,0,1,16,,,False,False
SafetyRacecarRace0Vision-v0,Safety-Gymnasium,Safe Vision,Race,Racecar,0,vision,v0,True,,,queued,True,True,24,0,0,0,24,passed,,False,False
SafetyRacecarRace1-v0,Safety-Gymnasium,Safe Vision,Race,Racecar,1,vector,v0,True,,,failed,True,True,24,5,0,1,16,,,False,False
SafetyRacecarRace1Vision-v0,Safety-Gymnasium,Safe Vision,Race,Racecar,1,vision,v0,True,,,queued,True,True,24,0,0,0,24,passed,,False,False
SafetyRacecarRace2-v0,Safety-Gymnasium,Safe Vision,Race,Racecar,2,vector,v0,True,,,failed,True,True,24,5,0,1,16,,,False,False
SafetyRacecarRace2Vision-v0,Safety-Gymnasium,Safe Vision,Race,Racecar,2,vision,v0,True,,,queued,True,True,24,0,0,0,24,passed,,False,False
SafetyRacecarRun0-v0,Safety-Gymnasium,Registry / Run,Run,Racecar,0,vector,v0,False,,,running,True,True,48,10,1,0,37,,,False,False
SafetyRacecarRun0Vision-v0,Safety-Gymnasium,Registry / Run,Run,Racecar,0,vision,v0,False,,,queued,True,True,24,0,0,0,24,passed,,False,False
SafetySwimmerVelocity-v0,Safety-Gymnasium,Safe Velocity,Velocity,Swimmer,,vector,v0,True,,,queued,True,True,48,19,0,0,29,,,False,False
SafetySwimmerVelocity-v1,Safety-Gymnasium,Safe Velocity,Velocity,Swimmer,,vector,v1,True,,,queued,True,True,48,14,0,0,34,,,False,False
SafetyWalker2dVelocity-v0,Safety-Gymnasium,Safe Velocity,Velocity,Walker2d,,vector,v0,True,,,running,True,True,48,12,1,0,35,,,False,False
SafetyWalker2dVelocity-v1,Safety-Gymnasium,Safe Velocity,Velocity,Walker2d,,vector,v1,True,,,queued,True,True,48,17,0,0,31,,,False,False
ShadowHandCatchOver2UnderarmSafeFinger,Safety-Gymnasium,Safe Isaac Gym / Single-Agent,ShadowHandCatchOver2UnderarmSafeFinger,ShadowHands,,official_config_pending_audit,ae966e511b9927f06b39c727ca5c650136a4e696,True,,,unfrozen,True,False,0,0,0,0,0,blocked,Isaac Gym 运行环境未安装,False,False
ShadowHandCatchOver2UnderarmSafeFinger(Multi-Agent),Safety-Gymnasium,Safe Isaac Gym / Multi-Agent,ShadowHandCatchOver2UnderarmSafeFinger,ShadowHands,,official_config_pending_audit,ae966e511b9927f06b39c727ca5c650136a4e696,True,,,unfrozen,True,False,0,0,0,0,0,blocked,Isaac Gym 运行环境未安装,False,False
ShadowHandCatchOver2UnderarmSafeJoint,Safety-Gymnasium,Safe Isaac Gym / Single-Agent,ShadowHandCatchOver2UnderarmSafeJoint,ShadowHands,,official_config_pending_audit,ae966e511b9927f06b39c727ca5c650136a4e696,True,,,unfrozen,True,False,0,0,0,0,0,blocked,Isaac Gym 运行环境未安装,False,False
ShadowHandCatchOver2UnderarmSafeJoint(Multi-Agent),Safety-Gymnasium,Safe Isaac Gym / Multi-Agent,ShadowHandCatchOver2UnderarmSafeJoint,ShadowHands,,official_config_pending_audit,ae966e511b9927f06b39c727ca5c650136a4e696,True,,,unfrozen,True,False,0,0,0,0,0,blocked,Isaac Gym 运行环境未安装,False,False
ShadowHandOverSafeFinger,Safety-Gymnasium,Safe Isaac Gym / Single-Agent,ShadowHandOverSafeFinger,ShadowHands,,official_config_pending_audit,ae966e511b9927f06b39c727ca5c650136a4e696,True,,,unfrozen,True,False,0,0,0,0,0,blocked,Isaac Gym 运行环境未安装,False,False
ShadowHandOverSafeFinger(Multi-Agent),Safety-Gymnasium,Safe Isaac Gym / Multi-Agent,ShadowHandOverSafeFinger,ShadowHands,,official_config_pending_audit,ae966e511b9927f06b39c727ca5c650136a4e696,True,,,unfrozen,True,False,0,0,0,0,0,blocked,Isaac Gym 运行环境未安装,False,False
ShadowHandOverSafeJoint,Safety-Gymnasium,Safe Isaac Gym / Single-Agent,ShadowHandOverSafeJoint,ShadowHands,,official_config_pending_audit,ae966e511b9927f06b39c727ca5c650136a4e696,True,,,unfrozen,True,False,0,0,0,0,0,blocked,Isaac Gym 运行环境未安装,False,False
ShadowHandOverSafeJoint(Multi-Agent),Safety-Gymnasium,Safe Isaac Gym / Multi-Agent,ShadowHandOverSafeJoint,ShadowHands,,official_config_pending_audit,ae966e511b9927f06b39c727ca5c650136a4e696,True,,,unfrozen,True,False,0,0,0,0,0,blocked,Isaac Gym 运行环境未安装,False,False
make_ma:Ant:2x4,Safety-Gymnasium,Safe Multi-Agent / Velocity,MultiAgentVelocity,Ant,,vector,ae966e511b9927f06b39c727ca5c650136a4e696,True,,,queued,True,True,24,2,0,0,22,passed,,False,False
make_ma:Ant:4x2,Safety-Gymnasium,Safe Multi-Agent / Velocity,MultiAgentVelocity,Ant,,vector,ae966e511b9927f06b39c727ca5c650136a4e696,True,,,queued,True,True,24,2,0,0,22,passed,,False,False
make_ma:HalfCheetah:2x3,Safety-Gymnasium,Safe Multi-Agent / Velocity,MultiAgentVelocity,HalfCheetah,,vector,ae966e511b9927f06b39c727ca5c650136a4e696,True,,,queued,True,True,24,2,0,0,22,passed,,False,False
make_ma:HalfCheetah:6x1,Safety-Gymnasium,Safe Multi-Agent / Velocity,MultiAgentVelocity,HalfCheetah,,vector,ae966e511b9927f06b39c727ca5c650136a4e696,True,,,queued,True,True,24,1,0,0,22,passed,,False,False
make_ma:Hopper:3x1,Safety-Gymnasium,Safe Multi-Agent / Velocity,MultiAgentVelocity,Hopper,,vector,ae966e511b9927f06b39c727ca5c650136a4e696,True,,,queued,True,True,24,0,0,0,23,passed,,False,False
make_ma:Humanoid:9|8,Safety-Gymnasium,Safe Multi-Agent / Velocity,MultiAgentVelocity,Humanoid,,vector,ae966e511b9927f06b39c727ca5c650136a4e696,True,,,queued,True,True,24,1,0,0,23,passed,,False,False
make_ma:Swimmer:2x1,Safety-Gymnasium,Safe Multi-Agent / Velocity,MultiAgentVelocity,Swimmer,,vector,ae966e511b9927f06b39c727ca5c650136a4e696,True,,,queued,True,True,24,1,0,0,23,passed,,False,False
make_ma:Walker2d:2x3,Safety-Gymnasium,Safe Multi-Agent / Velocity,MultiAgentVelocity,Walker2d,,vector,ae966e511b9927f06b39c727ca5c650136a4e696,True,,,queued,True,True,24,1,0,0,22,passed,,False,False
