env,seed,metric,combo,inner_reward,outer_reward,job,cycle,source,accepted,effective_update,selection_flip,acceptance_flip,actual_score,raw_selection,shaped_selection,reward_key,solver_active,solver_accepted,solver_recovery,actor_reward_target,actor_gain,actor_target_return,critic_shaped_return,Jhat,predicted_cost,seconds
DiagReachK2,180,KL,RR,raw,raw,development_DiagReachK2_s180_KL_RR,0,full_PPO,True,True,False,False,"[2.1314003467559814, 3.5338494777679443, 5.548655986785889]","[[2.1314003467559814, 0.0, 0.19113659858703613], [3.5338494777679443, 0.0, 1.169518232345581], [5.548655986785889, 1.0490580797195435, 1.9056885242462158]]","[[2.1314003467559814, 0.0, 0.19113659858703613], [3.5338494777679443, 0.0, 1.169518232345581], [5.548655986785889, 1.0490580797195435, 1.9056885242462158]]",raw,True,True,False,raw,1.57807394586843,3.224186658859253,3.074333667755127,"[1.5594117641448975, 1.6262317895889282]","[2.441122927558964, 3.0300598439641857]",0.6936221122741699
DiagReachK2,180,KL,RR,raw,raw,development_DiagReachK2_s180_KL_RR,1,full_PPO,True,True,False,False,"[5.618382930755615, 6.698660373687744, 7.875162601470947]","[[5.618382930755615, 1.150360345840454, 2.022132158279419], [6.698660373687744, 1.9654217958450317, 3.3411688804626465], [7.875162601470947, 4.241504192352295, 3.0675501823425293]]","[[5.618382930755615, 1.150360345840454, 2.022132158279419], [6.698660373687744, 1.9654217958450317, 3.3411688804626465], [7.875162601470947, 4.241504192352295, 3.0675501823425293]]",raw,True,True,False,raw,1.4701351178950173,4.680874824523926,4.047889709472656,"[2.284193515777588, 2.948697566986084]","[2.990726423531795, 4.386774952577547]",0.44223546981811523
DiagReachK2,180,KL,RR,raw,raw,development_DiagReachK2_s180_KL_RR,2,joint_KL,True,True,False,False,"[7.904262542724609, 8.360395431518555, 7.599959373474121]","[[7.904262542724609, 4.444488048553467, 3.0698299407958984], [8.360395431518555, 5.342527389526367, 3.8136465549468994], [7.599959373474121, 6.049600601196289, 1.9405285120010376]]","[[7.904262542724609, 4.444488048553467, 3.0698299407958984], [8.360395431518555, 5.342527389526367, 3.8136465549468994], [7.558281898498535, 6.049600601196289, 1.9405285120010376]]",raw,True,True,False,raw,0.7336638419527114,6.959209442138672,5.112235069274902,"[4.29714298248291, 4.123237609863281]","[4.802838819201796, 4.8489685066064645]",0.3944997787475586
DiagReachK2,180,KL,RR,raw,raw,development_DiagReachK2_s180_KL_RR,3,old,True,False,False,False,"[8.437740325927734, 9.235678672790527, 7.640172481536865]","[[8.437740325927734, 5.287437438964844, 3.8560733795166016], [9.235678672790527, 6.1650495529174805, 5.037529468536377], [7.640172481536865, 4.901705265045166, 2.4827804565429688]]","[[8.437740325927734, 5.287437438964844, 3.8560733795166016], [9.053592681884766, 6.1650495529174805, 5.037529468536377], [7.640172481536865, 4.901705265045166, 2.4827804565429688]]",raw,True,True,False,raw,0.8614417264734578,6.774983882904053,4.708712577819824,"[4.751657962799072, 3.633235454559326]","[5.279479314943587, 4.94881129543692]",0.4283173084259033
DiagReachK2,180,KL,RR,raw,raw,development_DiagReachK2_s180_KL_RR,4,full_PPO,True,True,False,False,"[8.37458324432373, 8.758342742919922, 8.868101119995117]","[[8.37458324432373, 5.25484561920166, 3.8025834560394287], [8.758342742919922, 6.073588848114014, 4.253000736236572], [8.868101119995117, 4.898122787475586, 5.31489896774292]]","[[8.37458324432373, 5.25484561920166, 3.8025834560394287], [8.643409729003906, 6.073588848114014, 4.253000736236572], [8.868101119995117, 4.898122787475586, 5.31489896774292]]",raw,True,True,False,raw,0.9465595383379787,7.19119930267334,6.235495567321777,"[4.814908027648926, 3.9323456287384033]","[5.875132153571819, 4.517422726925307]",0.4202587604522705
DiagReachK2,180,KL,RR,raw,raw,development_DiagReachK2_s180_KL_RR,5,joint_KL,True,True,False,False,"[8.931562423706055, 9.11448860168457, 8.590104103088379]","[[8.931562423706055, 4.863943099975586, 5.3738555908203125], [9.11448860168457, 5.239334583282471, 5.487246990203857], [8.590104103088379, 5.564264297485352, 4.106980800628662]]","[[8.931562423706055, 4.863943099975586, 5.3738555908203125], [9.11448860168457, 5.239334583282471, 5.487246990203857], [8.590104103088379, 5.564264297485352, 4.106980800628662]]",raw,True,True,False,raw,0.6637270264078339,7.736767768859863,6.236229419708252,"[4.899538993835449, 5.459930896759033]","[5.532290566970541, 5.626449975400648]",0.4196662902832031
DiagReachK2,180,KL,RR,raw,raw,development_DiagReachK2_s180_KL_RR,6,joint_KL,True,True,False,False,"[9.062065124511719, 9.29668140411377, 8.497206687927246]","[[9.062065124511719, 5.344557285308838, 5.377368927001953], [9.29668140411377, 5.815634250640869, 5.454437255859375], [8.497206687927246, 5.839854717254639, 3.971602439880371]]","[[9.062065124511719, 5.344557285308838, 5.377368927001953], [9.29668140411377, 5.815634250640869, 5.454437255859375], [8.497206687927246, 5.839854717254639, 3.971602439880371]]",raw,True,True,False,raw,0.7356995275939612,7.470458984375,6.03506326675415,"[4.454282760620117, 5.434600830078125]","[5.463142042834232, 5.999999863894988]",0.4256150722503662
DiagReachK2,180,KL,RR,raw,raw,development_DiagReachK2_s180_KL_RR,7,old,True,False,False,False,"[9.332533836364746, 9.749671936035156, 8.41222095489502]","[[9.332533836364746, 5.8215131759643555, 5.547057151794434], [9.749671936035156, 6.64768123626709, 6.157099723815918], [8.41222095489502, 5.882072448730469, 3.5152361392974854]]","[[9.332533836364746, 5.8215131759643555, 5.547057151794434], [8.850687980651855, 6.64768123626709, 6.157099723815918], [8.41222095489502, 5.882072448730469, 3.5152361392974854]]",raw,True,True,False,raw,0.5442185837062995,7.166508674621582,5.163478851318359,"[4.679139137268066, 4.589844226837158]","[5.927115118587531, 5.4408747638946675]",0.4048123359680176
DiagReachK2,180,KL,RR,raw,raw,development_DiagReachK2_s180_KL_RR,8,old,True,False,False,False,"[9.27713394165039, 9.629679679870605, 8.359668731689453]","[[9.27713394165039, 5.683107376098633, 5.529839992523193], [9.629679679870605, 6.534368515014648, 5.658031940460205], [8.359668731689453, 5.154882431030273, 3.7704129219055176]]","[[9.27713394165039, 5.683107376098633, 5.529839992523193], [9.033145904541016, 6.534368515014648, 5.658031940460205], [8.359668731689453, 5.154882431030273, 3.7704129219055176]]",raw,True,True,False,raw,0.5873830889750111,7.5341033935546875,6.224155902862549,"[4.906558036804199, 4.592716693878174]","[5.685113335268494, 4.717623860714493]",0.4486987590789795
DiagReachK2,180,KL,RR,raw,raw,development_DiagReachK2_s180_KL_RR,9,full_PPO,False,False,False,False,"[9.293103218078613, 9.43338680267334, 8.292078971862793]","[[9.293103218078613, 5.819711685180664, 5.593699932098389], [9.43338680267334, 6.555449485778809, 5.61903190612793], [8.292078971862793, 4.9525675773620605, 3.9628915786743164]]","[[9.292394638061523, 5.819711685180664, 5.593699932098389], [8.82291030883789, 6.555449485778809, 5.61903190612793], [8.292078971862793, 4.9525675773620605, 3.9628915786743164]]",raw,True,True,False,raw,0.49462363640915896,7.943235874176025,6.2079925537109375,"[5.667994499206543, 5.2624077796936035]","[6.000000064827807, 5.651000610007288]",0.41803908348083496
DiagReachK2,180,KL,RR,raw,raw,development_DiagReachK2_s180_KL_RR,10,old,True,False,False,False,"[9.33858871459961, 9.681035995483398, 8.261372566223145]","[[9.33858871459961, 5.765387535095215, 5.5549516677856445], [9.681035995483398, 5.809168815612793, 6.734738349914551], [8.261372566223145, 4.200229644775391, 4.539470672607422]]","[[9.33858871459961, 5.765387535095215, 5.5549516677856445], [8.222673416137695, 5.809168815612793, 6.734738349914551], [8.261372566223145, 4.200229644775391, 4.539470672607422]]",raw,True,True,False,raw,0.5365909495888626,7.665257453918457,4.942870140075684,"[5.605969429016113, 4.622321128845215]","[5.999999892132522, 5.999999995925189]",0.39373230934143066
DiagReachK2,180,KL,RR,raw,raw,development_DiagReachK2_s180_KL_RR,11,old,True,False,False,False,"[9.326419830322266, 9.586271286010742, 8.811002731323242]","[[9.326419830322266, 5.7271647453308105, 5.57744026184082], [9.586271286010742, 6.052206039428711, 5.653933048248291], [8.811002731323242, 4.618716239929199, 5.681983470916748]]","[[9.326419830322266, 5.7271647453308105, 5.57744026184082], [9.511377334594727, 6.052206039428711, 5.653933048248291], [8.811002731323242, 4.618716239929199, 5.681983470916748]]",raw,True,True,False,raw,0.6257474495129166,7.25336217880249,5.542137145996094,"[5.107234954833984, 4.149816036224365]","[5.999999775767037, 4.142673338546506]",0.39826059341430664
DiagReachK2,180,KL,RR,raw,raw,development_DiagReachK2_s180_KL_RR,12,old,False,False,False,False,"[9.319694519042969, 9.690910339355469, 9.660274505615234]","[[9.319694519042969, 5.8828935623168945, 5.574786186218262], [9.690910339355469, 6.474775314331055, 6.221740245819092], [9.660274505615234, 7.1900248527526855, 5.995645046234131]]","[[9.298956871032715, 5.8828935623168945, 5.574786186218262], [8.888711929321289, 6.474775314331055, 6.221740245819092], [7.7918596267700195, 7.1900248527526855, 5.995645046234131]]",raw,True,True,False,raw,0.5236424696683912,7.076846122741699,6.497319221496582,"[4.671038627624512, 3.9820396900177]","[5.1752057218293865, 4.833432415053957]",0.41573357582092285
DiagReachK2,180,KL,RR,raw,raw,development_DiagReachK2_s180_KL_RR,13,old,True,False,False,False,"[9.351259231567383, 9.553935050964355, 8.792587280273438]","[[9.351259231567383, 5.779389381408691, 5.508490562438965], [9.553935050964355, 6.423057556152344, 5.696956157684326], [8.792587280273438, 5.07021427154541, 4.7601704597473145]]","[[9.351259231567383, 5.779389381408691, 5.508490562438965], [9.114585876464844, 6.423057556152344, 5.696956157684326], [8.792587280273438, 5.07021427154541, 4.7601704597473145]]",raw,True,True,False,raw,0.3519721677776478,7.715363502502441,5.6349687576293945,"[5.228935241699219, 5.4068756103515625]","[6.0000000882059865, 5.257048456190179]",0.3970925807952881
DiagReachK2,180,KL,RR,raw,raw,development_DiagReachK2_s180_KL_RR,14,old,True,False,False,False,"[9.293846130371094, 9.508177757263184, 8.509963035583496]","[[9.293846130371094, 5.7366414070129395, 5.573890209197998], [9.508177757263184, 6.277371406555176, 5.654699802398682], [8.509963035583496, 4.300116539001465, 5.212719917297363]]","[[9.293846130371094, 5.7366414070129395, 5.573890209197998], [9.277034759521484, 6.277371406555176, 5.654699802398682], [8.509963035583496, 4.300116539001465, 5.212719917297363]]",raw,False,True,False,raw,0.31282295177689273,7.285498142242432,6.043515205383301,"[5.673748016357422, 3.8469345569610596]","[5.999999951463149, 3.7446141577841776]",0.4045543670654297
DiagReachK2,180,KL,RR,raw,raw,development_DiagReachK2_s180_KL_RR,15,joint_KL,False,False,False,False,"[9.340227127075195, 8.921369552612305, 8.230249404907227]","[[9.340227127075195, 5.771083354949951, 5.568610668182373], [8.921369552612305, 5.045426368713379, 5.405403137207031], [8.230249404907227, 4.162809371948242, 4.345264434814453]]","[[9.33382797241211, 5.771083354949951, 5.568610668182373], [8.921369552612305, 5.045426368713379, 5.405403137207031], [8.230249404907227, 4.162809371948242, 4.345264434814453]]",raw,True,True,False,raw,0.24954484015611583,7.939388275146484,4.928158760070801,"[5.676228046417236, 5.650315761566162]","[4.821161952014563, 6.000000001458226]",0.4467041492462158
DiagReachK2,180,KL,RR,raw,raw,development_DiagReachK2_s180_KL_RR,16,old,False,False,False,False,"[9.374258041381836, 9.728639602661133, 8.883880615234375]","[[9.374258041381836, 5.772233486175537, 5.657591819763184], [9.728639602661133, 6.293790340423584, 6.214179515838623], [8.883880615234375, 4.891884803771973, 5.322713851928711]]","[[9.374258041381836, 5.772233486175537, 5.657591819763184], [9.24985122680664, 6.293790340423584, 6.214179515838623], [8.883880615234375, 4.891884803771973, 5.322713851928711]]",raw,True,True,False,raw,0.5891841539092766,7.737912178039551,6.619441032409668,"[5.456279754638672, 4.658669471740723]","[5.955034808436545, 4.9445134286535755]",0.42173218727111816
DiagReachK2,180,KL,RR,raw,raw,development_DiagReachK2_s180_KL_RR,17,old,True,False,False,False,"[9.303130149841309, 9.586137771606445, 8.713225364685059]","[[9.303130149841309, 5.6808695793151855, 5.5556864738464355], [9.586137771606445, 6.390907287597656, 5.844590187072754], [8.713225364685059, 5.463412284851074, 4.572691917419434]]","[[9.303130149841309, 5.6808695793151855, 5.5556864738464355], [9.24131965637207, 6.390907287597656, 5.844590187072754], [8.713225364685059, 5.463412284851074, 4.572691917419434]]",raw,True,True,False,raw,0.6899561331806583,7.445146083831787,6.286151885986328,"[4.639193534851074, 4.570589542388916]","[5.665653792036512, 4.998220353591786]",0.3936793804168701
DiagReachK2,180,KL,RR,raw,raw,development_DiagReachK2_s180_KL_RR,18,old,True,False,False,False,"[9.313274383544922, 9.458945274353027, 9.068349838256836]","[[9.313274383544922, 5.711300849914551, 5.593979358673096], [9.458945274353027, 6.099222183227539, 6.001461505889893], [9.068349838256836, 5.853056907653809, 5.123795509338379]]","[[9.313274383544922, 5.711300849914551, 5.593979358673096], [9.344732284545898, 6.099222183227539, 6.001461505889893], [9.068349838256836, 5.853056907653809, 5.123795509338379]]",raw,True,True,False,raw,0.5697294858215068,7.31539249420166,5.6216325759887695,"[4.368171215057373, 4.920725345611572]","[4.466108755402447, 5.229364418164218]",0.40840625762939453
DiagReachK2,180,KL,RR,raw,raw,development_DiagReachK2_s180_KL_RR,19,old,True,False,False,False,"[9.331311225891113, 9.553197860717773, 8.673725128173828]","[[9.331311225891113, 5.824100971221924, 5.5500898361206055], [9.553197860717773, 6.357677459716797, 5.649594306945801], [8.673725128173828, 4.744833946228027, 4.8878173828125]]","[[9.331311225891113, 5.824100971221924, 5.5500898361206055], [9.254051208496094, 6.357677459716797, 5.649594306945801], [8.673725128173828, 4.744833946228027, 4.8878173828125]]",raw,False,True,False,raw,0.34552394617539334,7.830265045166016,4.60593318939209,"[5.531826496124268, 5.271124839782715]","[5.999999797728522, 5.2754890449730265]",0.42204856872558594
DiagReachK2,180,KL,RR,raw,raw,development_DiagReachK2_s180_KL_RR,20,full_PPO,False,False,False,False,"[9.298206329345703, 9.680137634277344, 8.293014526367188]","[[9.298206329345703, 5.95359992980957, 5.61025857925415], [9.680137634277344, 6.724096298217773, 5.850065231323242], [8.293014526367188, 5.804876327514648, 3.6405465602874756]]","[[9.28911018371582, 5.95359992980957, 5.61025857925415], [8.78688907623291, 6.724096298217773, 5.850065231323242], [8.293014526367188, 5.804876327514648, 3.6405465602874756]]",raw,True,True,False,raw,0.5087514414431317,7.425636291503906,6.069156646728516,"[4.680418968200684, 4.5769853591918945]","[5.3153000907986545, 4.9841185635663905]",0.7530021667480469
DiagReachK2,180,KL,RR,raw,raw,development_DiagReachK2_s180_KL_RR,21,old,True,False,False,False,"[9.320581436157227, 9.571284294128418, 8.099626541137695]","[[9.320581436157227, 5.617452621459961, 5.581539154052734], [9.571284294128418, 6.465212821960449, 6.165822505950928], [8.099626541137695, 4.44525146484375, 3.732800006866455]]","[[9.320581436157227, 5.617452621459961, 5.581539154052734], [8.905448913574219, 6.465212821960449, 6.165822505950928], [8.099626541137695, 4.44525146484375, 3.732800006866455]]",raw,True,True,False,raw,0.39555466402550377,7.642585754394531,5.419105529785156,"[5.232804775238037, 5.101578712463379]","[5.6978846769530955, 5.785447578857502]",0.6226348876953125
DiagReachK2,180,KL,RR,raw,raw,development_DiagReachK2_s180_KL_RR,22,full_PPO,False,False,False,False,"[9.316119194030762, 9.681695938110352, 8.054891586303711]","[[9.316119194030762, 5.89772891998291, 5.4981865882873535], [9.681695938110352, 6.044017791748047, 6.413531303405762], [8.054891586303711, 3.8933019638061523, 4.379420757293701]]","[[9.303714752197266, 5.89772891998291, 5.4981865882873535], [9.064278602600098, 6.044017791748047, 6.413531303405762], [8.054891586303711, 3.8933019638061523, 4.379420757293701]]",raw,True,True,False,raw,0.5375653996739539,7.802980899810791,5.103921413421631,"[5.608576774597168, 4.8196516036987305]","[5.999999888771153, 5.5600138879137795]",0.5787630081176758
DiagReachK2,180,KL,RR,raw,raw,development_DiagReachK2_s180_KL_RR,23,old,True,False,False,False,"[9.298357963562012, 9.607046127319336, 8.587655067443848]","[[9.298357963562012, 5.738079071044922, 5.537793159484863], [9.607046127319336, 5.773154258728027, 6.368324279785156], [8.587655067443848, 5.268267631530762, 4.082108020782471]]","[[9.298357963562012, 5.738079071044922, 5.537793159484863], [9.092167854309082, 5.773154258728027, 6.368324279785156], [8.587655067443848, 5.268267631530762, 4.082108020782471]]",raw,True,True,False,raw,0.5540732468402868,7.788397789001465,6.299782752990723,"[5.460052490234375, 4.5988359451293945]","[5.551743352258737, 5.268718320543715]",0.41459226608276367
DiagReachK2,180,KL,RR,raw,raw,development_DiagReachK2_s180_KL_RR,24,old,True,False,False,False,"[9.289590835571289, 9.589193344116211, 9.310035705566406]","[[9.289590835571289, 5.714460372924805, 5.577166557312012], [9.589193344116211, 6.260147571563721, 5.847158432006836], [9.310035705566406, 5.098721027374268, 6.399406909942627]]","[[9.289590835571289, 5.714460372924805, 5.577166557312012], [9.372403144836426, 6.260147571563721, 5.847158432006836], [8.707734107971191, 5.098721027374268, 6.399406909942627]]",raw,True,True,False,raw,0.5699119840718355,7.421159267425537,5.824585914611816,"[5.123624324798584, 4.356767654418945]","[5.6593418546270495, 4.769405406342093]",0.4925694465637207
DiagReachK2,180,KL,RS,raw,shaped,development_DiagReachK2_s180_KL_RS,0,full_PPO,True,True,False,False,"[2.1314003467559814, 3.5338494777679443, 5.548655986785889]","[[2.1314003467559814, 0.0, 0.19113659858703613], [3.5338494777679443, 0.0, 1.169518232345581], [5.548655986785889, 1.0490580797195435, 1.9056885242462158]]","[[2.1314003467559814, 0.0, 0.19113659858703613], [3.5338494777679443, 0.0, 1.169518232345581], [5.548655986785889, 1.0490580797195435, 1.9056885242462158]]",shaped,True,True,False,raw,1.57807394586843,3.224186658859253,3.074333667755127,"[1.5594117641448975, 1.6262317895889282]","[2.441122927558964, 3.0300598439641857]",0.39954400062561035
DiagReachK2,180,KL,RS,raw,shaped,development_DiagReachK2_s180_KL_RS,1,full_PPO,True,True,False,False,"[5.618382930755615, 6.698660373687744, 7.875162601470947]","[[5.618382930755615, 1.150360345840454, 2.022132158279419], [6.698660373687744, 1.9654217958450317, 3.3411688804626465], [7.875162601470947, 4.241504192352295, 3.0675501823425293]]","[[5.618382930755615, 1.150360345840454, 2.022132158279419], [6.698660373687744, 1.9654217958450317, 3.3411688804626465], [7.875162601470947, 4.241504192352295, 3.0675501823425293]]",shaped,True,True,False,raw,1.4701351178950173,4.680874824523926,4.047889709472656,"[2.284193515777588, 2.948697566986084]","[2.990726423531795, 4.386774952577547]",0.42677879333496094
DiagReachK2,180,KL,RS,raw,shaped,development_DiagReachK2_s180_KL_RS,2,joint_KL,True,True,False,False,"[7.904262542724609, 8.360395431518555, 7.558281898498535]","[[7.904262542724609, 4.444488048553467, 3.0698299407958984], [8.360395431518555, 5.342527389526367, 3.8136465549468994], [7.599959373474121, 6.049600601196289, 1.9405285120010376]]","[[7.904262542724609, 4.444488048553467, 3.0698299407958984], [8.360395431518555, 5.342527389526367, 3.8136465549468994], [7.558281898498535, 6.049600601196289, 1.9405285120010376]]",shaped,True,True,False,raw,0.7336638419527114,6.959209442138672,5.112235069274902,"[4.29714298248291, 4.123237609863281]","[4.802838819201796, 4.8489685066064645]",0.3982551097869873
DiagReachK2,180,KL,RS,raw,shaped,development_DiagReachK2_s180_KL_RS,3,old,True,False,False,False,"[8.437740325927734, 9.053592681884766, 7.640172481536865]","[[8.437740325927734, 5.287437438964844, 3.8560733795166016], [9.235678672790527, 6.1650495529174805, 5.037529468536377], [7.640172481536865, 4.901705265045166, 2.4827804565429688]]","[[8.437740325927734, 5.287437438964844, 3.8560733795166016], [9.053592681884766, 6.1650495529174805, 5.037529468536377], [7.640172481536865, 4.901705265045166, 2.4827804565429688]]",shaped,True,True,False,raw,0.8614417264734578,6.774983882904053,4.708712577819824,"[4.751657962799072, 3.633235454559326]","[5.279479314943587, 4.94881129543692]",0.385296106338501
DiagReachK2,180,KL,RS,raw,shaped,development_DiagReachK2_s180_KL_RS,4,full_PPO,True,True,False,False,"[8.37458324432373, 8.643409729003906, 8.868101119995117]","[[8.37458324432373, 5.25484561920166, 3.8025834560394287], [8.758342742919922, 6.073588848114014, 4.253000736236572], [8.868101119995117, 4.898122787475586, 5.31489896774292]]","[[8.37458324432373, 5.25484561920166, 3.8025834560394287], [8.643409729003906, 6.073588848114014, 4.253000736236572], [8.868101119995117, 4.898122787475586, 5.31489896774292]]",shaped,True,True,False,raw,0.9465595383379787,7.19119930267334,6.235495567321777,"[4.814908027648926, 3.9323456287384033]","[5.875132153571819, 4.517422726925307]",0.38508009910583496
DiagReachK2,180,KL,RS,raw,shaped,development_DiagReachK2_s180_KL_RS,5,joint_KL,True,True,False,False,"[8.931562423706055, 9.11448860168457, 8.590104103088379]","[[8.931562423706055, 4.863943099975586, 5.3738555908203125], [9.11448860168457, 5.239334583282471, 5.487246990203857], [8.590104103088379, 5.564264297485352, 4.106980800628662]]","[[8.931562423706055, 4.863943099975586, 5.3738555908203125], [9.11448860168457, 5.239334583282471, 5.487246990203857], [8.590104103088379, 5.564264297485352, 4.106980800628662]]",shaped,True,True,False,raw,0.6637270264078339,7.736767768859863,6.236229419708252,"[4.899538993835449, 5.459930896759033]","[5.532290566970541, 5.626449975400648]",0.3850409984588623
DiagReachK2,180,KL,RS,raw,shaped,development_DiagReachK2_s180_KL_RS,6,joint_KL,True,True,False,False,"[9.062065124511719, 9.29668140411377, 8.497206687927246]","[[9.062065124511719, 5.344557285308838, 5.377368927001953], [9.29668140411377, 5.815634250640869, 5.454437255859375], [8.497206687927246, 5.839854717254639, 3.971602439880371]]","[[9.062065124511719, 5.344557285308838, 5.377368927001953], [9.29668140411377, 5.815634250640869, 5.454437255859375], [8.497206687927246, 5.839854717254639, 3.971602439880371]]",shaped,True,True,False,raw,0.7356995275939612,7.470458984375,6.03506326675415,"[4.454282760620117, 5.434600830078125]","[5.463142042834232, 5.999999863894988]",0.3883531093597412
DiagReachK2,180,KL,RS,raw,shaped,development_DiagReachK2_s180_KL_RS,7,old,True,False,False,False,"[9.332533836364746, 8.850687980651855, 8.41222095489502]","[[9.332533836364746, 5.8215131759643555, 5.547057151794434], [9.749671936035156, 6.64768123626709, 6.157099723815918], [8.41222095489502, 5.882072448730469, 3.5152361392974854]]","[[9.332533836364746, 5.8215131759643555, 5.547057151794434], [8.850687980651855, 6.64768123626709, 6.157099723815918], [8.41222095489502, 5.882072448730469, 3.5152361392974854]]",shaped,True,True,False,raw,0.5442185837062995,7.166508674621582,5.163478851318359,"[4.679139137268066, 4.589844226837158]","[5.927115118587531, 5.4408747638946675]",0.3658013343811035
DiagReachK2,180,KL,RS,raw,shaped,development_DiagReachK2_s180_KL_RS,8,old,True,False,False,False,"[9.27713394165039, 9.033145904541016, 8.359668731689453]","[[9.27713394165039, 5.683107376098633, 5.529839992523193], [9.629679679870605, 6.534368515014648, 5.658031940460205], [8.359668731689453, 5.154882431030273, 3.7704129219055176]]","[[9.27713394165039, 5.683107376098633, 5.529839992523193], [9.033145904541016, 6.534368515014648, 5.658031940460205], [8.359668731689453, 5.154882431030273, 3.7704129219055176]]",shaped,True,True,False,raw,0.5873830889750111,7.5341033935546875,6.224155902862549,"[4.906558036804199, 4.592716693878174]","[5.685113335268494, 4.717623860714493]",0.5196263790130615
DiagReachK2,180,KL,RS,raw,shaped,development_DiagReachK2_s180_KL_RS,9,full_PPO,False,False,False,False,"[9.292394638061523, 8.82291030883789, 8.292078971862793]","[[9.293103218078613, 5.819711685180664, 5.593699932098389], [9.43338680267334, 6.555449485778809, 5.61903190612793], [8.292078971862793, 4.9525675773620605, 3.9628915786743164]]","[[9.292394638061523, 5.819711685180664, 5.593699932098389], [8.82291030883789, 6.555449485778809, 5.61903190612793], [8.292078971862793, 4.9525675773620605, 3.9628915786743164]]",shaped,True,True,False,raw,0.49462363640915896,7.943235874176025,6.2079925537109375,"[5.667994499206543, 5.2624077796936035]","[6.000000064827807, 5.651000610007288]",0.383685827255249
DiagReachK2,180,KL,RS,raw,shaped,development_DiagReachK2_s180_KL_RS,10,old,True,False,False,False,"[9.33858871459961, 8.222673416137695, 8.261372566223145]","[[9.33858871459961, 5.765387535095215, 5.5549516677856445], [9.681035995483398, 5.809168815612793, 6.734738349914551], [8.261372566223145, 4.200229644775391, 4.539470672607422]]","[[9.33858871459961, 5.765387535095215, 5.5549516677856445], [8.222673416137695, 5.809168815612793, 6.734738349914551], [8.261372566223145, 4.200229644775391, 4.539470672607422]]",shaped,True,True,False,raw,0.5365909495888626,7.665257453918457,4.942870140075684,"[5.605969429016113, 4.622321128845215]","[5.999999892132522, 5.999999995925189]",0.3634307384490967
DiagReachK2,180,KL,RS,raw,shaped,development_DiagReachK2_s180_KL_RS,11,old,True,False,False,False,"[9.326419830322266, 9.511377334594727, 8.811002731323242]","[[9.326419830322266, 5.7271647453308105, 5.57744026184082], [9.586271286010742, 6.052206039428711, 5.653933048248291], [8.811002731323242, 4.618716239929199, 5.681983470916748]]","[[9.326419830322266, 5.7271647453308105, 5.57744026184082], [9.511377334594727, 6.052206039428711, 5.653933048248291], [8.811002731323242, 4.618716239929199, 5.681983470916748]]",shaped,True,True,False,raw,0.6257474495129166,7.25336217880249,5.542137145996094,"[5.107234954833984, 4.149816036224365]","[5.999999775767037, 4.142673338546506]",0.35509395599365234
DiagReachK2,180,KL,RS,raw,shaped,development_DiagReachK2_s180_KL_RS,12,old,False,False,False,False,"[9.298956871032715, 8.888711929321289, 7.7918596267700195]","[[9.319694519042969, 5.8828935623168945, 5.574786186218262], [9.690910339355469, 6.474775314331055, 6.221740245819092], [9.660274505615234, 7.1900248527526855, 5.995645046234131]]","[[9.298956871032715, 5.8828935623168945, 5.574786186218262], [8.888711929321289, 6.474775314331055, 6.221740245819092], [7.7918596267700195, 7.1900248527526855, 5.995645046234131]]",shaped,True,True,False,raw,0.5236424696683912,7.076846122741699,6.497319221496582,"[4.671038627624512, 3.9820396900177]","[5.1752057218293865, 4.833432415053957]",0.3711578845977783
DiagReachK2,180,KL,RS,raw,shaped,development_DiagReachK2_s180_KL_RS,13,old,True,False,False,False,"[9.351259231567383, 9.114585876464844, 8.792587280273438]","[[9.351259231567383, 5.779389381408691, 5.508490562438965], [9.553935050964355, 6.423057556152344, 5.696956157684326], [8.792587280273438, 5.07021427154541, 4.7601704597473145]]","[[9.351259231567383, 5.779389381408691, 5.508490562438965], [9.114585876464844, 6.423057556152344, 5.696956157684326], [8.792587280273438, 5.07021427154541, 4.7601704597473145]]",shaped,True,True,False,raw,0.3519721677776478,7.715363502502441,5.6349687576293945,"[5.228935241699219, 5.4068756103515625]","[6.0000000882059865, 5.257048456190179]",0.3853895664215088
DiagReachK2,180,KL,RS,raw,shaped,development_DiagReachK2_s180_KL_RS,14,old,True,False,False,False,"[9.293846130371094, 9.277034759521484, 8.509963035583496]","[[9.293846130371094, 5.7366414070129395, 5.573890209197998], [9.508177757263184, 6.277371406555176, 5.654699802398682], [8.509963035583496, 4.300116539001465, 5.212719917297363]]","[[9.293846130371094, 5.7366414070129395, 5.573890209197998], [9.277034759521484, 6.277371406555176, 5.654699802398682], [8.509963035583496, 4.300116539001465, 5.212719917297363]]",shaped,False,True,False,raw,0.31282295177689273,7.285498142242432,6.043515205383301,"[5.673748016357422, 3.8469345569610596]","[5.999999951463149, 3.7446141577841776]",0.37250494956970215
DiagReachK2,180,KL,RS,raw,shaped,development_DiagReachK2_s180_KL_RS,15,joint_KL,False,False,False,False,"[9.33382797241211, 8.921369552612305, 8.230249404907227]","[[9.340227127075195, 5.771083354949951, 5.568610668182373], [8.921369552612305, 5.045426368713379, 5.405403137207031], [8.230249404907227, 4.162809371948242, 4.345264434814453]]","[[9.33382797241211, 5.771083354949951, 5.568610668182373], [8.921369552612305, 5.045426368713379, 5.405403137207031], [8.230249404907227, 4.162809371948242, 4.345264434814453]]",shaped,True,True,False,raw,0.24954484015611583,7.939388275146484,4.928158760070801,"[5.676228046417236, 5.650315761566162]","[4.821161952014563, 6.000000001458226]",0.4078099727630615
DiagReachK2,180,KL,RS,raw,shaped,development_DiagReachK2_s180_KL_RS,16,old,False,False,False,False,"[9.374258041381836, 9.24985122680664, 8.883880615234375]","[[9.374258041381836, 5.772233486175537, 5.657591819763184], [9.728639602661133, 6.293790340423584, 6.214179515838623], [8.883880615234375, 4.891884803771973, 5.322713851928711]]","[[9.374258041381836, 5.772233486175537, 5.657591819763184], [9.24985122680664, 6.293790340423584, 6.214179515838623], [8.883880615234375, 4.891884803771973, 5.322713851928711]]",shaped,True,True,False,raw,0.5891841539092766,7.737912178039551,6.619441032409668,"[5.456279754638672, 4.658669471740723]","[5.955034808436545, 4.9445134286535755]",0.4121379852294922
DiagReachK2,180,KL,RS,raw,shaped,development_DiagReachK2_s180_KL_RS,17,old,True,False,False,False,"[9.303130149841309, 9.24131965637207, 8.713225364685059]","[[9.303130149841309, 5.6808695793151855, 5.5556864738464355], [9.586137771606445, 6.390907287597656, 5.844590187072754], [8.713225364685059, 5.463412284851074, 4.572691917419434]]","[[9.303130149841309, 5.6808695793151855, 5.5556864738464355], [9.24131965637207, 6.390907287597656, 5.844590187072754], [8.713225364685059, 5.463412284851074, 4.572691917419434]]",shaped,True,True,False,raw,0.6899561331806583,7.445146083831787,6.286151885986328,"[4.639193534851074, 4.570589542388916]","[5.665653792036512, 4.998220353591786]",0.38652992248535156
DiagReachK2,180,KL,RS,raw,shaped,development_DiagReachK2_s180_KL_RS,18,old,True,False,False,False,"[9.313274383544922, 9.344732284545898, 9.068349838256836]","[[9.313274383544922, 5.711300849914551, 5.593979358673096], [9.458945274353027, 6.099222183227539, 6.001461505889893], [9.068349838256836, 5.853056907653809, 5.123795509338379]]","[[9.313274383544922, 5.711300849914551, 5.593979358673096], [9.344732284545898, 6.099222183227539, 6.001461505889893], [9.068349838256836, 5.853056907653809, 5.123795509338379]]",shaped,True,True,False,raw,0.5697294858215068,7.31539249420166,5.6216325759887695,"[4.368171215057373, 4.920725345611572]","[4.466108755402447, 5.229364418164218]",0.39321017265319824
DiagReachK2,180,KL,RS,raw,shaped,development_DiagReachK2_s180_KL_RS,19,old,True,False,False,False,"[9.331311225891113, 9.254051208496094, 8.673725128173828]","[[9.331311225891113, 5.824100971221924, 5.5500898361206055], [9.553197860717773, 6.357677459716797, 5.649594306945801], [8.673725128173828, 4.744833946228027, 4.8878173828125]]","[[9.331311225891113, 5.824100971221924, 5.5500898361206055], [9.254051208496094, 6.357677459716797, 5.649594306945801], [8.673725128173828, 4.744833946228027, 4.8878173828125]]",shaped,False,True,False,raw,0.34552394617539334,7.830265045166016,4.60593318939209,"[5.531826496124268, 5.271124839782715]","[5.999999797728522, 5.2754890449730265]",0.42155981063842773
DiagReachK2,180,KL,RS,raw,shaped,development_DiagReachK2_s180_KL_RS,20,full_PPO,False,False,False,False,"[9.28911018371582, 8.78688907623291, 8.293014526367188]","[[9.298206329345703, 5.95359992980957, 5.61025857925415], [9.680137634277344, 6.724096298217773, 5.850065231323242], [8.293014526367188, 5.804876327514648, 3.6405465602874756]]","[[9.28911018371582, 5.95359992980957, 5.61025857925415], [8.78688907623291, 6.724096298217773, 5.850065231323242], [8.293014526367188, 5.804876327514648, 3.6405465602874756]]",shaped,True,True,False,raw,0.5087514414431317,7.425636291503906,6.069156646728516,"[4.680418968200684, 4.5769853591918945]","[5.3153000907986545, 4.9841185635663905]",0.7534587383270264
DiagReachK2,180,KL,RS,raw,shaped,development_DiagReachK2_s180_KL_RS,21,old,True,False,False,False,"[9.320581436157227, 8.905448913574219, 8.099626541137695]","[[9.320581436157227, 5.617452621459961, 5.581539154052734], [9.571284294128418, 6.465212821960449, 6.165822505950928], [8.099626541137695, 4.44525146484375, 3.732800006866455]]","[[9.320581436157227, 5.617452621459961, 5.581539154052734], [8.905448913574219, 6.465212821960449, 6.165822505950928], [8.099626541137695, 4.44525146484375, 3.732800006866455]]",shaped,True,True,False,raw,0.39555466402550377,7.642585754394531,5.419105529785156,"[5.232804775238037, 5.101578712463379]","[5.6978846769530955, 5.785447578857502]",0.4078843593597412
DiagReachK2,180,KL,RS,raw,shaped,development_DiagReachK2_s180_KL_RS,22,full_PPO,False,False,False,False,"[9.303714752197266, 9.064278602600098, 8.054891586303711]","[[9.316119194030762, 5.89772891998291, 5.4981865882873535], [9.681695938110352, 6.044017791748047, 6.413531303405762], [8.054891586303711, 3.8933019638061523, 4.379420757293701]]","[[9.303714752197266, 5.89772891998291, 5.4981865882873535], [9.064278602600098, 6.044017791748047, 6.413531303405762], [8.054891586303711, 3.8933019638061523, 4.379420757293701]]",shaped,True,True,False,raw,0.5375653996739539,7.802980899810791,5.103921413421631,"[5.608576774597168, 4.8196516036987305]","[5.999999888771153, 5.5600138879137795]",0.402724027633667
DiagReachK2,180,KL,RS,raw,shaped,development_DiagReachK2_s180_KL_RS,23,old,True,False,False,False,"[9.298357963562012, 9.092167854309082, 8.587655067443848]","[[9.298357963562012, 5.738079071044922, 5.537793159484863], [9.607046127319336, 5.773154258728027, 6.368324279785156], [8.587655067443848, 5.268267631530762, 4.082108020782471]]","[[9.298357963562012, 5.738079071044922, 5.537793159484863], [9.092167854309082, 5.773154258728027, 6.368324279785156], [8.587655067443848, 5.268267631530762, 4.082108020782471]]",shaped,True,True,False,raw,0.5540732468402868,7.788397789001465,6.299782752990723,"[5.460052490234375, 4.5988359451293945]","[5.551743352258737, 5.268718320543715]",0.38184356689453125
DiagReachK2,180,KL,RS,raw,shaped,development_DiagReachK2_s180_KL_RS,24,old,True,False,False,False,"[9.289590835571289, 9.372403144836426, 8.707734107971191]","[[9.289590835571289, 5.714460372924805, 5.577166557312012], [9.589193344116211, 6.260147571563721, 5.847158432006836], [9.310035705566406, 5.098721027374268, 6.399406909942627]]","[[9.289590835571289, 5.714460372924805, 5.577166557312012], [9.372403144836426, 6.260147571563721, 5.847158432006836], [8.707734107971191, 5.098721027374268, 6.399406909942627]]",shaped,True,True,False,raw,0.5699119840718355,7.421159267425537,5.824585914611816,"[5.123624324798584, 4.356767654418945]","[5.6593418546270495, 4.769405406342093]",0.37482142448425293
DiagReachK2,180,KL,SR,shaped,raw,development_DiagReachK2_s180_KL_SR,0,full_PPO,True,True,False,False,"[2.1314003467559814, 3.456636667251587, 5.548655986785889]","[[2.1314003467559814, 0.0, 0.19113659858703613], [3.456636667251587, 0.006648644804954529, 0.758812427520752], [5.548655986785889, 1.0490580797195435, 1.9056885242462158]]","[[2.1314003467559814, 0.0, 0.19113659858703613], [3.456636667251587, 0.006648644804954529, 0.758812427520752], [5.548655986785889, 1.0490580797195435, 1.9056885242462158]]",raw,True,True,False,shaped,1.4575888551974396,3.074333667755127,3.074333667755127,"[1.5594117641448975, 1.6262317895889282]","[2.139171873073506, 1.956608420378274]",0.41228246688842773
DiagReachK2,180,KL,SR,shaped,raw,development_DiagReachK2_s180_KL_SR,1,full_PPO,True,True,False,False,"[5.618382930755615, 6.477931976318359, 7.875162601470947]","[[5.618382930755615, 1.150360345840454, 2.022132158279419], [6.477931976318359, 2.354344606399536, 2.1873779296875], [7.875162601470947, 4.241504192352295, 3.0675501823425293]]","[[5.618382930755615, 1.150360345840454, 2.022132158279419], [6.477931976318359, 2.354344606399536, 2.1873779296875], [7.875162601470947, 4.241504192352295, 3.0675501823425293]]",raw,True,True,False,shaped,1.7214890489053243,4.047889709472656,4.047889709472656,"[2.284193515777588, 2.948697566986084]","[3.186267917917399, 2.685384452661891]",0.6870884895324707
DiagReachK2,180,KL,SR,shaped,raw,development_DiagReachK2_s180_KL_SR,2,old,True,False,False,False,"[7.904262542724609, 7.694798469543457, 7.599959373474121]","[[7.904262542724609, 4.444488048553467, 3.0698299407958984], [7.694798469543457, 4.0986833572387695, 2.6645877361297607], [7.599959373474121, 6.049600601196289, 1.9405285120010376]]","[[7.904262542724609, 4.444488048553467, 3.0698299407958984], [7.694798469543457, 4.0986833572387695, 2.6645877361297607], [7.558281898498535, 6.049600601196289, 1.9405285120010376]]",raw,True,True,False,shaped,2.4497339561376075,5.112235069274902,5.112235069274902,"[4.29714298248291, 4.123237609863281]","[3.463226506681327, 2.8469732125704517]",0.7447173595428467
DiagReachK2,180,KL,SR,shaped,raw,development_DiagReachK2_s180_KL_SR,3,old,True,False,False,False,"[7.964147567749023, 7.527682781219482, 7.138713836669922]","[[7.964147567749023, 4.382805824279785, 3.097702741622925], [7.527682781219482, 3.7077128887176514, 2.424692392349243], [7.138713836669922, 3.873969078063965, 1.9013739824295044]]","[[7.964147567749023, 4.382805824279785, 3.097702741622925], [7.527682781219482, 3.7077128887176514, 2.424692392349243], [7.138713836669922, 3.873969078063965, 1.9013739824295044]]",raw,True,True,False,shaped,3.069561407124797,4.640158653259277,4.640158653259277,"[4.2287678718566895, 3.1495063304901123]","[3.737554328725957, 2.3169987388133544]",0.40962839126586914
DiagReachK2,180,KL,SR,shaped,raw,development_DiagReachK2_s180_KL_SR,4,full_PPO,True,True,False,False,"[7.901366233825684, 8.570123672485352, 9.162217140197754]","[[7.901366233825684, 4.341038703918457, 3.0365898609161377], [8.570123672485352, 4.695583343505859, 4.245392799377441], [9.162217140197754, 5.201151371002197, 5.1861891746521]]","[[7.901366233825684, 4.341038703918457, 3.0365898609161377], [8.570123672485352, 4.695583343505859, 4.245392799377441], [9.162217140197754, 5.201151371002197, 5.1861891746521]]",raw,True,True,False,shaped,0.973700079979815,6.110084533691406,6.110084533691406,"[4.229766368865967, 3.3824381828308105]","[4.489804668483279, 4.161291008605093]",0.6140367984771729
DiagReachK2,180,KL,SR,shaped,raw,development_DiagReachK2_s180_KL_SR,5,old,True,False,False,False,"[9.201410293579102, 8.838663101196289, 8.620041847229004]","[[9.201410293579102, 5.1593122482299805, 5.254547119140625], [8.838663101196289, 5.3282318115234375, 4.186551094055176], [8.620041847229004, 4.304675102233887, 4.8430495262146]]","[[9.201410293579102, 5.1593122482299805, 5.254547119140625], [8.838663101196289, 5.3282318115234375, 4.186551094055176], [8.620041847229004, 4.304675102233887, 4.8430495262146]]",raw,True,True,False,shaped,1.167796143333894,5.269641876220703,5.269641876220703,"[4.106780052185059, 4.595884323120117]","[3.934896560548926, 3.7641405625857924]",0.691476583480835
DiagReachK2,180,KL,SR,shaped,raw,development_DiagReachK2_s180_KL_SR,6,old,True,False,False,False,"[9.135034561157227, 8.534683227539062, 7.857580184936523]","[[9.135034561157227, 5.260902404785156, 5.132749557495117], [8.534683227539062, 4.244991779327393, 4.354039192199707], [7.857580184936523, 3.434735059738159, 4.20610237121582]]","[[9.135034561157227, 5.260902404785156, 5.132749557495117], [8.534683227539062, 4.244991779327393, 4.354039192199707], [7.857580184936523, 3.434735059738159, 4.20610237121582]]",raw,True,True,False,shaped,3.543196665552704,5.185116767883301,5.185116767883301,"[5.597563743591309, 5.0062456130981445]","[4.33437284484855, 4.016073190839181]",0.7357180118560791
DiagReachK2,180,KL,SR,shaped,raw,development_DiagReachK2_s180_KL_SR,7,joint_KL,True,True,False,False,"[9.191088676452637, 9.221415519714355, 9.182392120361328]","[[9.191088676452637, 5.283365726470947, 5.237455368041992], [9.221415519714355, 5.731815338134766, 5.423174858093262], [9.182392120361328, 6.2281718254089355, 5.049198150634766]]","[[9.191088676452637, 5.283365726470947, 5.237455368041992], [9.221415519714355, 5.731815338134766, 5.423174858093262], [8.985333442687988, 6.2281718254089355, 5.049198150634766]]",raw,True,True,False,shaped,0.9426165264963329,5.879448890686035,5.879448890686035,"[3.940136671066284, 4.472141265869141]","[4.611146049625861, 4.119832549215742]",0.7117071151733398
DiagReachK2,180,KL,SR,shaped,raw,development_DiagReachK2_s180_KL_SR,8,old,True,False,False,False,"[9.24870491027832, 9.053998947143555, 8.710810661315918]","[[9.24870491027832, 5.573421478271484, 5.38642692565918], [9.053998947143555, 4.698727607727051, 5.546099662780762], [8.710810661315918, 4.7914838790893555, 4.645021438598633]]","[[9.24870491027832, 5.573421478271484, 5.38642692565918], [9.053998947143555, 4.698727607727051, 5.546099662780762], [8.710810661315918, 4.7914838790893555, 4.645021438598633]]",raw,True,True,False,shaped,0.7457385025835601,6.279603004455566,6.279603004455566,"[4.708289623260498, 4.234912872314453]","[3.9713908284127974, 4.14318001895462]",0.6471664905548096
DiagReachK2,180,KL,SR,shaped,raw,development_DiagReachK2_s180_KL_SR,9,old,True,False,False,False,"[9.221043586730957, 9.215986251831055, 8.836631774902344]","[[9.221043586730957, 5.743844985961914, 5.494553089141846], [9.215986251831055, 5.899755477905273, 5.376375198364258], [8.836631774902344, 5.5139994621276855, 4.065706729888916]]","[[9.221043586730957, 5.743844985961914, 5.494553089141846], [9.188962936401367, 5.899755477905273, 5.376375198364258], [8.836631774902344, 5.5139994621276855, 4.065706729888916]]",raw,True,True,False,shaped,0.6790853048069337,6.527679443359375,6.527679443359375,"[5.575467586517334, 5.126607418060303]","[5.747787267275291, 4.567408879934271]",0.3703742027282715
DiagReachK2,180,KL,SR,shaped,raw,development_DiagReachK2_s180_KL_SR,10,old,True,False,False,False,"[9.241447448730469, 9.172757148742676, 8.411550521850586]","[[9.241447448730469, 5.6731953620910645, 5.444008827209473], [9.172757148742676, 5.857767105102539, 4.89554500579834], [8.411550521850586, 4.133099555969238, 4.500844478607178]]","[[9.241447448730469, 5.6731953620910645, 5.444008827209473], [9.167913436889648, 5.857767105102539, 4.89554500579834], [8.411550521850586, 4.133099555969238, 4.500844478607178]]",raw,True,True,False,shaped,1.0836345848364488,5.002663612365723,5.002663612365723,"[5.527050971984863, 4.417552947998047]","[5.688166798371281, 3.7991204720132665]",0.6599767208099365
DiagReachK2,180,KL,SR,shaped,raw,development_DiagReachK2_s180_KL_SR,11,old,True,False,False,False,"[9.216997146606445, 9.079619407653809, 8.842520713806152]","[[9.216997146606445, 5.629751205444336, 5.428431987762451], [9.079619407653809, 5.247350692749023, 5.106053829193115], [8.842520713806152, 4.61171817779541, 6.030694961547852]]","[[9.216997146606445, 5.629751205444336, 5.428431987762451], [9.079619407653809, 5.247350692749023, 5.106053829193115], [8.777271270751953, 4.61171817779541, 6.030694961547852]]",raw,True,True,False,shaped,1.6076461703029863,5.302848815917969,5.302848815917969,"[4.945609092712402, 3.937485933303833]","[3.870105677859133, 3.8997686891923093]",0.5199193954467773
DiagReachK2,180,KL,SR,shaped,raw,development_DiagReachK2_s180_KL_SR,12,old,False,False,False,False,"[9.249431610107422, 9.237272262573242, 9.566367149353027]","[[9.249431610107422, 5.806173324584961, 5.461043834686279], [9.237272262573242, 5.961280822753906, 6.036203384399414], [9.566367149353027, 6.94138240814209, 5.642575263977051]]","[[9.238866806030273, 5.806173324584961, 5.461043834686279], [9.13613510131836, 5.961280822753906, 6.036203384399414], [8.327617645263672, 6.94138240814209, 5.642575263977051]]",raw,True,True,False,shaped,0.7818992401771003,6.327776908874512,6.327776908874512,"[4.25039005279541, 4.359755992889404]","[4.663155859572525, 5.529758353902983]",0.7016654014587402
DiagReachK2,180,KL,SR,shaped,raw,development_DiagReachK2_s180_KL_SR,13,old,True,False,False,False,"[9.17835521697998, 9.113652229309082, 8.66817855834961]","[[9.17835521697998, 5.681642532348633, 5.373508453369141], [9.113652229309082, 5.619200706481934, 4.5509934425354], [8.66817855834961, 5.182254314422607, 3.7870993614196777]]","[[9.17835521697998, 5.681642532348633, 5.373508453369141], [9.113652229309082, 5.619200706481934, 4.5509934425354], [8.66817855834961, 5.182254314422607, 3.7870993614196777]]",raw,True,True,False,shaped,1.613860195548634,5.6617302894592285,5.6617302894592285,"[4.565127372741699, 5.141995906829834]","[4.528150343207536, 4.13167270719956]",0.5847775936126709
DiagReachK2,180,KL,SR,shaped,raw,development_DiagReachK2_s180_KL_SR,14,old,True,False,False,False,"[9.224308967590332, 9.03250789642334, 9.103750228881836]","[[9.224308967590332, 5.646661758422852, 5.42322301864624], [9.03250789642334, 5.53773307800293, 5.001768589019775], [9.103750228881836, 5.50120210647583, 4.818759918212891]]","[[9.224308967590332, 5.646661758422852, 5.42322301864624], [9.03250789642334, 5.53773307800293, 5.001768589019775], [9.103750228881836, 5.50120210647583, 4.818759918212891]]",raw,True,True,False,shaped,0.9517332712183654,5.700984001159668,5.700984001159668,"[4.46700382232666, 4.461730003356934]","[4.29254861515155, 4.072163870980954]",0.4756453037261963
DiagReachK2,180,KL,SR,shaped,raw,development_DiagReachK2_s180_KL_SR,15,old,True,False,False,False,"[9.215964317321777, 9.295178413391113, 9.110770225524902]","[[9.215964317321777, 5.678926467895508, 5.431445598602295], [9.295178413391113, 5.886664390563965, 5.190886974334717], [9.110770225524902, 6.502158164978027, 4.878244400024414]]","[[9.215964317321777, 5.678926467895508, 5.431445598602295], [9.257251739501953, 5.886664390563965, 5.190886974334717], [8.642831802368164, 6.502158164978027, 4.878244400024414]]",raw,True,True,False,shaped,0.9129624119388723,6.607638359069824,6.607638359069824,"[4.6802473068237305, 4.8878984451293945]","[5.240309411482844, 4.628305676279142]",0.651221513748169
DiagReachK2,180,KL,SR,shaped,raw,development_DiagReachK2_s180_KL_SR,16,old,True,False,False,False,"[9.215597152709961, 9.10806655883789, 8.593153953552246]","[[9.215597152709961, 5.701188564300537, 5.540077209472656], [9.10806655883789, 5.729853630065918, 5.520016670227051], [8.593153953552246, 4.925903797149658, 4.1157965660095215]]","[[9.215597152709961, 5.701188564300537, 5.540077209472656], [9.10806655883789, 5.729853630065918, 5.520016670227051], [8.593153953552246, 4.925903797149658, 4.1157965660095215]]",raw,True,True,False,shaped,1.2368527674858858,5.167037010192871,5.167037010192871,"[6.109203338623047, 4.955704689025879]","[5.783057642955555, 4.216937262659864]",0.4566521644592285
DiagReachK2,180,KL,SR,shaped,raw,development_DiagReachK2_s180_KL_SR,17,old,True,False,False,False,"[9.178544044494629, 8.810480117797852, 7.875882148742676]","[[9.178544044494629, 5.5766706466674805, 5.396781921386719], [8.810480117797852, 4.733682155609131, 4.723183631896973], [7.875882148742676, 3.593775749206543, 3.819547176361084]]","[[9.178544044494629, 5.5766706466674805, 5.396781921386719], [8.810480117797852, 4.733682155609131, 4.723183631896973], [7.875882148742676, 3.593775749206543, 3.819547176361084]]",raw,True,True,False,shaped,3.1603099419275322,3.3479137420654297,3.3479137420654297,"[5.945372581481934, 5.032425880432129]","[4.539402378359912, 4.130793178978893]",0.5952000617980957
DiagReachK2,180,KL,SR,shaped,raw,development_DiagReachK2_s180_KL_SR,18,old,True,False,False,False,"[9.20803165435791, 9.15312385559082, 8.767946243286133]","[[9.20803165435791, 5.615609169006348, 5.444738864898682], [9.15312385559082, 5.851984024047852, 5.289972305297852], [8.767946243286133, 4.752866268157959, 4.435127258300781]]","[[9.20803165435791, 5.615609169006348, 5.444738864898682], [9.15312385559082, 5.851984024047852, 5.289972305297852], [8.767946243286133, 4.752866268157959, 4.435127258300781]]",raw,True,True,False,shaped,2.4743805911750014,5.495395660400391,5.495395660400391,"[5.483637809753418, 5.193979740142822]","[5.682317987257775, 4.596620425763971]",0.47311997413635254
DiagReachK2,180,KL,SR,shaped,raw,development_DiagReachK2_s180_KL_SR,19,old,True,False,False,False,"[9.23380184173584, 9.08381462097168, 8.459859848022461]","[[9.23380184173584, 5.737137317657471, 5.435739994049072], [9.08381462097168, 4.916775703430176, 5.372317314147949], [8.459859848022461, 4.1856231689453125, 4.920037746429443]]","[[9.23380184173584, 5.737137317657471, 5.435739994049072], [9.08381462097168, 4.916775703430176, 5.372317314147949], [8.459859848022461, 4.1856231689453125, 4.920037746429443]]",raw,True,True,False,shaped,2.154213178479335,5.784389495849609,5.784389495849609,"[4.427603721618652, 5.087618827819824]","[3.752718832123049, 5.42202085954221]",0.5277459621429443
DiagReachK2,180,KL,SR,shaped,raw,development_DiagReachK2_s180_KL_SR,20,old,True,False,False,False,"[9.239278793334961, 8.833126068115234, 8.737191200256348]","[[9.239278793334961, 5.898730278015137, 5.563119411468506], [8.833126068115234, 4.907723903656006, 5.569458961486816], [8.737191200256348, 4.656001091003418, 5.265524387359619]]","[[9.239278793334961, 5.898730278015137, 5.563119411468506], [8.833126068115234, 4.907723903656006, 5.569458961486816], [8.737191200256348, 4.656001091003418, 5.265524387359619]]",raw,True,True,False,shaped,1.7212867597123331,5.632596492767334,5.632596492767334,"[4.994189262390137, 4.594077110290527]","[3.836897277961284, 4.745905732818409]",0.40878748893737793
DiagReachK2,180,KL,SR,shaped,raw,development_DiagReachK2_s180_KL_SR,21,joint_KL,True,True,False,False,"[9.187557220458984, 9.258662223815918, 8.022107124328613]","[[9.187557220458984, 5.520676612854004, 5.395729064941406], [9.258662223815918, 5.0037736892700195, 5.652700424194336], [8.022107124328613, 4.357065677642822, 3.3700222969055176]]","[[9.187557220458984, 5.520676612854004, 5.395729064941406], [9.258662223815918, 5.0037736892700195, 5.652700424194336], [8.022107124328613, 4.357065677642822, 3.3700222969055176]]",raw,True,True,False,shaped,1.6677448781152724,5.551815032958984,5.551815032958984,"[4.985427379608154, 4.989104747772217]","[4.3292505129869365, 4.484532862099415]",0.40989160537719727
DiagReachK2,180,KL,SR,shaped,raw,development_DiagReachK2_s180_KL_SR,22,old,True,False,False,False,"[9.253982543945312, 8.868234634399414, 8.099925994873047]","[[9.253982543945312, 5.240847110748291, 5.568142414093018], [8.868234634399414, 4.275973320007324, 5.844154357910156], [8.099925994873047, 3.4392762184143066, 4.8141984939575195]]","[[9.253982543945312, 5.240847110748291, 5.568142414093018], [8.868234634399414, 4.275973320007324, 5.844154357910156], [8.099925994873047, 3.4392762184143066, 4.8141984939575195]]",raw,True,True,False,shaped,1.3328608461595715,5.61077356338501,5.61077356338501,"[4.844663143157959, 5.353098392486572]","[3.4880497435455875, 5.716227845304933]",0.3976409435272217
DiagReachK2,180,KL,SR,shaped,raw,development_DiagReachK2_s180_KL_SR,23,joint_KL,False,False,False,False,"[9.253280639648438, 9.260907173156738, 9.121829986572266]","[[9.253280639648438, 5.061566352844238, 5.6020283699035645], [9.260907173156738, 5.450260639190674, 5.692005157470703], [9.121829986572266, 5.262143135070801, 5.346334457397461]]","[[9.253280639648438, 5.061566352844238, 5.6020283699035645], [9.260907173156738, 5.450260639190674, 5.692005157470703], [9.121829986572266, 5.262143135070801, 5.346334457397461]]",raw,True,True,False,shaped,1.0014095154479257,5.840948581695557,5.840948581695557,"[4.788668632507324, 4.573681354522705]","[4.783821928394992, 4.680418543232975]",0.3911588191986084
DiagReachK2,180,KL,SR,shaped,raw,development_DiagReachK2_s180_KL_SR,24,old,True,False,False,False,"[9.258336067199707, 9.233076095581055, 8.970436096191406]","[[9.258336067199707, 5.0803422927856445, 5.6597900390625], [9.233076095581055, 5.679074764251709, 5.319995880126953], [8.970436096191406, 4.918757438659668, 4.814236164093018]]","[[9.258336067199707, 5.0803422927856445, 5.6597900390625], [9.233076095581055, 5.679074764251709, 5.319995880126953], [8.970436096191406, 4.918757438659668, 4.814236164093018]]",raw,True,True,False,shaped,0.9880108467574298,6.050549507141113,6.050549507141113,"[4.7911882400512695, 5.404141902923584]","[5.356446267246689, 5.064394577237758]",0.37246179580688477
DiagReachK2,180,KL,SS,shaped,shaped,development_DiagReachK2_s180_KL_SS,0,full_PPO,True,True,False,False,"[2.1314003467559814, 3.456636667251587, 5.548655986785889]","[[2.1314003467559814, 0.0, 0.19113659858703613], [3.456636667251587, 0.006648644804954529, 0.758812427520752], [5.548655986785889, 1.0490580797195435, 1.9056885242462158]]","[[2.1314003467559814, 0.0, 0.19113659858703613], [3.456636667251587, 0.006648644804954529, 0.758812427520752], [5.548655986785889, 1.0490580797195435, 1.9056885242462158]]",shaped,True,True,False,shaped,1.4575888551974396,3.074333667755127,3.074333667755127,"[1.5594117641448975, 1.6262317895889282]","[2.139171873073506, 1.956608420378274]",0.47290611267089844
DiagReachK2,180,KL,SS,shaped,shaped,development_DiagReachK2_s180_KL_SS,1,full_PPO,True,True,False,False,"[5.618382930755615, 6.477931976318359, 7.875162601470947]","[[5.618382930755615, 1.150360345840454, 2.022132158279419], [6.477931976318359, 2.354344606399536, 2.1873779296875], [7.875162601470947, 4.241504192352295, 3.0675501823425293]]","[[5.618382930755615, 1.150360345840454, 2.022132158279419], [6.477931976318359, 2.354344606399536, 2.1873779296875], [7.875162601470947, 4.241504192352295, 3.0675501823425293]]",shaped,True,True,False,shaped,1.7214890489053243,4.047889709472656,4.047889709472656,"[2.284193515777588, 2.948697566986084]","[3.186267917917399, 2.685384452661891]",0.3964395523071289
DiagReachK2,180,KL,SS,shaped,shaped,development_DiagReachK2_s180_KL_SS,2,old,True,False,False,False,"[7.904262542724609, 7.694798469543457, 7.558281898498535]","[[7.904262542724609, 4.444488048553467, 3.0698299407958984], [7.694798469543457, 4.0986833572387695, 2.6645877361297607], [7.599959373474121, 6.049600601196289, 1.9405285120010376]]","[[7.904262542724609, 4.444488048553467, 3.0698299407958984], [7.694798469543457, 4.0986833572387695, 2.6645877361297607], [7.558281898498535, 6.049600601196289, 1.9405285120010376]]",shaped,True,True,False,shaped,2.4497339561376075,5.112235069274902,5.112235069274902,"[4.29714298248291, 4.123237609863281]","[3.463226506681327, 2.8469732125704517]",0.45661044120788574
DiagReachK2,180,KL,SS,shaped,shaped,development_DiagReachK2_s180_KL_SS,3,old,True,False,False,False,"[7.964147567749023, 7.527682781219482, 7.138713836669922]","[[7.964147567749023, 4.382805824279785, 3.097702741622925], [7.527682781219482, 3.7077128887176514, 2.424692392349243], [7.138713836669922, 3.873969078063965, 1.9013739824295044]]","[[7.964147567749023, 4.382805824279785, 3.097702741622925], [7.527682781219482, 3.7077128887176514, 2.424692392349243], [7.138713836669922, 3.873969078063965, 1.9013739824295044]]",shaped,True,True,False,shaped,3.069561407124797,4.640158653259277,4.640158653259277,"[4.2287678718566895, 3.1495063304901123]","[3.737554328725957, 2.3169987388133544]",0.44649624824523926
DiagReachK2,180,KL,SS,shaped,shaped,development_DiagReachK2_s180_KL_SS,4,full_PPO,True,True,False,False,"[7.901366233825684, 8.570123672485352, 9.162217140197754]","[[7.901366233825684, 4.341038703918457, 3.0365898609161377], [8.570123672485352, 4.695583343505859, 4.245392799377441], [9.162217140197754, 5.201151371002197, 5.1861891746521]]","[[7.901366233825684, 4.341038703918457, 3.0365898609161377], [8.570123672485352, 4.695583343505859, 4.245392799377441], [9.162217140197754, 5.201151371002197, 5.1861891746521]]",shaped,True,True,False,shaped,0.973700079979815,6.110084533691406,6.110084533691406,"[4.229766368865967, 3.3824381828308105]","[4.489804668483279, 4.161291008605093]",0.4473140239715576
DiagReachK2,180,KL,SS,shaped,shaped,development_DiagReachK2_s180_KL_SS,5,old,True,False,False,False,"[9.201410293579102, 8.838663101196289, 8.620041847229004]","[[9.201410293579102, 5.1593122482299805, 5.254547119140625], [8.838663101196289, 5.3282318115234375, 4.186551094055176], [8.620041847229004, 4.304675102233887, 4.8430495262146]]","[[9.201410293579102, 5.1593122482299805, 5.254547119140625], [8.838663101196289, 5.3282318115234375, 4.186551094055176], [8.620041847229004, 4.304675102233887, 4.8430495262146]]",shaped,True,True,False,shaped,1.167796143333894,5.269641876220703,5.269641876220703,"[4.106780052185059, 4.595884323120117]","[3.934896560548926, 3.7641405625857924]",0.401106595993042
DiagReachK2,180,KL,SS,shaped,shaped,development_DiagReachK2_s180_KL_SS,6,old,True,False,False,False,"[9.135034561157227, 8.534683227539062, 7.857580184936523]","[[9.135034561157227, 5.260902404785156, 5.132749557495117], [8.534683227539062, 4.244991779327393, 4.354039192199707], [7.857580184936523, 3.434735059738159, 4.20610237121582]]","[[9.135034561157227, 5.260902404785156, 5.132749557495117], [8.534683227539062, 4.244991779327393, 4.354039192199707], [7.857580184936523, 3.434735059738159, 4.20610237121582]]",shaped,True,True,False,shaped,3.543196665552704,5.185116767883301,5.185116767883301,"[5.597563743591309, 5.0062456130981445]","[4.33437284484855, 4.016073190839181]",0.42545580863952637
DiagReachK2,180,KL,SS,shaped,shaped,development_DiagReachK2_s180_KL_SS,7,joint_KL,True,True,False,False,"[9.191088676452637, 9.221415519714355, 8.985333442687988]","[[9.191088676452637, 5.283365726470947, 5.237455368041992], [9.221415519714355, 5.731815338134766, 5.423174858093262], [9.182392120361328, 6.2281718254089355, 5.049198150634766]]","[[9.191088676452637, 5.283365726470947, 5.237455368041992], [9.221415519714355, 5.731815338134766, 5.423174858093262], [8.985333442687988, 6.2281718254089355, 5.049198150634766]]",shaped,True,True,False,shaped,0.9426165264963329,5.879448890686035,5.879448890686035,"[3.940136671066284, 4.472141265869141]","[4.611146049625861, 4.119832549215742]",0.3899853229522705
DiagReachK2,180,KL,SS,shaped,shaped,development_DiagReachK2_s180_KL_SS,8,old,True,False,False,False,"[9.24870491027832, 9.053998947143555, 8.710810661315918]","[[9.24870491027832, 5.573421478271484, 5.38642692565918], [9.053998947143555, 4.698727607727051, 5.546099662780762], [8.710810661315918, 4.7914838790893555, 4.645021438598633]]","[[9.24870491027832, 5.573421478271484, 5.38642692565918], [9.053998947143555, 4.698727607727051, 5.546099662780762], [8.710810661315918, 4.7914838790893555, 4.645021438598633]]",shaped,True,True,False,shaped,0.7457385025835601,6.279603004455566,6.279603004455566,"[4.708289623260498, 4.234912872314453]","[3.9713908284127974, 4.14318001895462]",0.45847511291503906
DiagReachK2,180,KL,SS,shaped,shaped,development_DiagReachK2_s180_KL_SS,9,old,True,False,False,False,"[9.221043586730957, 9.188962936401367, 8.836631774902344]","[[9.221043586730957, 5.743844985961914, 5.494553089141846], [9.215986251831055, 5.899755477905273, 5.376375198364258], [8.836631774902344, 5.5139994621276855, 4.065706729888916]]","[[9.221043586730957, 5.743844985961914, 5.494553089141846], [9.188962936401367, 5.899755477905273, 5.376375198364258], [8.836631774902344, 5.5139994621276855, 4.065706729888916]]",shaped,True,True,False,shaped,0.6790853048069337,6.527679443359375,6.527679443359375,"[5.575467586517334, 5.126607418060303]","[5.747787267275291, 4.567408879934271]",0.39125514030456543
DiagReachK2,180,KL,SS,shaped,shaped,development_DiagReachK2_s180_KL_SS,10,old,True,False,False,False,"[9.241447448730469, 9.167913436889648, 8.411550521850586]","[[9.241447448730469, 5.6731953620910645, 5.444008827209473], [9.172757148742676, 5.857767105102539, 4.89554500579834], [8.411550521850586, 4.133099555969238, 4.500844478607178]]","[[9.241447448730469, 5.6731953620910645, 5.444008827209473], [9.167913436889648, 5.857767105102539, 4.89554500579834], [8.411550521850586, 4.133099555969238, 4.500844478607178]]",shaped,True,True,False,shaped,1.0836345848364488,5.002663612365723,5.002663612365723,"[5.527050971984863, 4.417552947998047]","[5.688166798371281, 3.7991204720132665]",0.39641833305358887
DiagReachK2,180,KL,SS,shaped,shaped,development_DiagReachK2_s180_KL_SS,11,old,True,False,False,False,"[9.216997146606445, 9.079619407653809, 8.777271270751953]","[[9.216997146606445, 5.629751205444336, 5.428431987762451], [9.079619407653809, 5.247350692749023, 5.106053829193115], [8.842520713806152, 4.61171817779541, 6.030694961547852]]","[[9.216997146606445, 5.629751205444336, 5.428431987762451], [9.079619407653809, 5.247350692749023, 5.106053829193115], [8.777271270751953, 4.61171817779541, 6.030694961547852]]",shaped,True,True,False,shaped,1.6076461703029863,5.302848815917969,5.302848815917969,"[4.945609092712402, 3.937485933303833]","[3.870105677859133, 3.8997686891923093]",0.4126608371734619
DiagReachK2,180,KL,SS,shaped,shaped,development_DiagReachK2_s180_KL_SS,12,old,False,False,False,False,"[9.238866806030273, 9.13613510131836, 8.327617645263672]","[[9.249431610107422, 5.806173324584961, 5.461043834686279], [9.237272262573242, 5.961280822753906, 6.036203384399414], [9.566367149353027, 6.94138240814209, 5.642575263977051]]","[[9.238866806030273, 5.806173324584961, 5.461043834686279], [9.13613510131836, 5.961280822753906, 6.036203384399414], [8.327617645263672, 6.94138240814209, 5.642575263977051]]",shaped,True,True,False,shaped,0.7818992401771003,6.327776908874512,6.327776908874512,"[4.25039005279541, 4.359755992889404]","[4.663155859572525, 5.529758353902983]",0.4285547733306885
DiagReachK2,180,KL,SS,shaped,shaped,development_DiagReachK2_s180_KL_SS,13,old,True,False,False,False,"[9.17835521697998, 9.113652229309082, 8.66817855834961]","[[9.17835521697998, 5.681642532348633, 5.373508453369141], [9.113652229309082, 5.619200706481934, 4.5509934425354], [8.66817855834961, 5.182254314422607, 3.7870993614196777]]","[[9.17835521697998, 5.681642532348633, 5.373508453369141], [9.113652229309082, 5.619200706481934, 4.5509934425354], [8.66817855834961, 5.182254314422607, 3.7870993614196777]]",shaped,True,True,False,shaped,1.613860195548634,5.6617302894592285,5.6617302894592285,"[4.565127372741699, 5.141995906829834]","[4.528150343207536, 4.13167270719956]",0.4272637367248535
DiagReachK2,180,KL,SS,shaped,shaped,development_DiagReachK2_s180_KL_SS,14,old,True,False,False,False,"[9.224308967590332, 9.03250789642334, 9.103750228881836]","[[9.224308967590332, 5.646661758422852, 5.42322301864624], [9.03250789642334, 5.53773307800293, 5.001768589019775], [9.103750228881836, 5.50120210647583, 4.818759918212891]]","[[9.224308967590332, 5.646661758422852, 5.42322301864624], [9.03250789642334, 5.53773307800293, 5.001768589019775], [9.103750228881836, 5.50120210647583, 4.818759918212891]]",shaped,True,True,False,shaped,0.9517332712183654,5.700984001159668,5.700984001159668,"[4.46700382232666, 4.461730003356934]","[4.29254861515155, 4.072163870980954]",0.40895676612854004
DiagReachK2,180,KL,SS,shaped,shaped,development_DiagReachK2_s180_KL_SS,15,old,True,False,False,False,"[9.215964317321777, 9.257251739501953, 8.642831802368164]","[[9.215964317321777, 5.678926467895508, 5.431445598602295], [9.295178413391113, 5.886664390563965, 5.190886974334717], [9.110770225524902, 6.502158164978027, 4.878244400024414]]","[[9.215964317321777, 5.678926467895508, 5.431445598602295], [9.257251739501953, 5.886664390563965, 5.190886974334717], [8.642831802368164, 6.502158164978027, 4.878244400024414]]",shaped,True,True,False,shaped,0.9129624119388723,6.607638359069824,6.607638359069824,"[4.6802473068237305, 4.8878984451293945]","[5.240309411482844, 4.628305676279142]",0.3770570755004883
DiagReachK2,180,KL,SS,shaped,shaped,development_DiagReachK2_s180_KL_SS,16,old,True,False,False,False,"[9.215597152709961, 9.10806655883789, 8.593153953552246]","[[9.215597152709961, 5.701188564300537, 5.540077209472656], [9.10806655883789, 5.729853630065918, 5.520016670227051], [8.593153953552246, 4.925903797149658, 4.1157965660095215]]","[[9.215597152709961, 5.701188564300537, 5.540077209472656], [9.10806655883789, 5.729853630065918, 5.520016670227051], [8.593153953552246, 4.925903797149658, 4.1157965660095215]]",shaped,True,True,False,shaped,1.2368527674858858,5.167037010192871,5.167037010192871,"[6.109203338623047, 4.955704689025879]","[5.783057642955555, 4.216937262659864]",0.40407419204711914
DiagReachK2,180,KL,SS,shaped,shaped,development_DiagReachK2_s180_KL_SS,17,old,True,False,False,False,"[9.178544044494629, 8.810480117797852, 7.875882148742676]","[[9.178544044494629, 5.5766706466674805, 5.396781921386719], [8.810480117797852, 4.733682155609131, 4.723183631896973], [7.875882148742676, 3.593775749206543, 3.819547176361084]]","[[9.178544044494629, 5.5766706466674805, 5.396781921386719], [8.810480117797852, 4.733682155609131, 4.723183631896973], [7.875882148742676, 3.593775749206543, 3.819547176361084]]",shaped,True,True,False,shaped,3.1603099419275322,3.3479137420654297,3.3479137420654297,"[5.945372581481934, 5.032425880432129]","[4.539402378359912, 4.130793178978893]",0.6167893409729004
DiagReachK2,180,KL,SS,shaped,shaped,development_DiagReachK2_s180_KL_SS,18,old,True,False,False,False,"[9.20803165435791, 9.15312385559082, 8.767946243286133]","[[9.20803165435791, 5.615609169006348, 5.444738864898682], [9.15312385559082, 5.851984024047852, 5.289972305297852], [8.767946243286133, 4.752866268157959, 4.435127258300781]]","[[9.20803165435791, 5.615609169006348, 5.444738864898682], [9.15312385559082, 5.851984024047852, 5.289972305297852], [8.767946243286133, 4.752866268157959, 4.435127258300781]]",shaped,True,True,False,shaped,2.4743805911750014,5.495395660400391,5.495395660400391,"[5.483637809753418, 5.193979740142822]","[5.682317987257775, 4.596620425763971]",0.502894401550293
DiagReachK2,180,KL,SS,shaped,shaped,development_DiagReachK2_s180_KL_SS,19,old,True,False,False,False,"[9.23380184173584, 9.08381462097168, 8.459859848022461]","[[9.23380184173584, 5.737137317657471, 5.435739994049072], [9.08381462097168, 4.916775703430176, 5.372317314147949], [8.459859848022461, 4.1856231689453125, 4.920037746429443]]","[[9.23380184173584, 5.737137317657471, 5.435739994049072], [9.08381462097168, 4.916775703430176, 5.372317314147949], [8.459859848022461, 4.1856231689453125, 4.920037746429443]]",shaped,True,True,False,shaped,2.154213178479335,5.784389495849609,5.784389495849609,"[4.427603721618652, 5.087618827819824]","[3.752718832123049, 5.42202085954221]",0.48230791091918945
DiagReachK2,180,KL,SS,shaped,shaped,development_DiagReachK2_s180_KL_SS,20,old,True,False,False,False,"[9.239278793334961, 8.833126068115234, 8.737191200256348]","[[9.239278793334961, 5.898730278015137, 5.563119411468506], [8.833126068115234, 4.907723903656006, 5.569458961486816], [8.737191200256348, 4.656001091003418, 5.265524387359619]]","[[9.239278793334961, 5.898730278015137, 5.563119411468506], [8.833126068115234, 4.907723903656006, 5.569458961486816], [8.737191200256348, 4.656001091003418, 5.265524387359619]]",shaped,True,True,False,shaped,1.7212867597123331,5.632596492767334,5.632596492767334,"[4.994189262390137, 4.594077110290527]","[3.836897277961284, 4.745905732818409]",0.42014408111572266
DiagReachK2,180,KL,SS,shaped,shaped,development_DiagReachK2_s180_KL_SS,21,joint_KL,True,True,False,False,"[9.187557220458984, 9.258662223815918, 8.022107124328613]","[[9.187557220458984, 5.520676612854004, 5.395729064941406], [9.258662223815918, 5.0037736892700195, 5.652700424194336], [8.022107124328613, 4.357065677642822, 3.3700222969055176]]","[[9.187557220458984, 5.520676612854004, 5.395729064941406], [9.258662223815918, 5.0037736892700195, 5.652700424194336], [8.022107124328613, 4.357065677642822, 3.3700222969055176]]",shaped,True,True,False,shaped,1.6677448781152724,5.551815032958984,5.551815032958984,"[4.985427379608154, 4.989104747772217]","[4.3292505129869365, 4.484532862099415]",0.4520905017852783
DiagReachK2,180,KL,SS,shaped,shaped,development_DiagReachK2_s180_KL_SS,22,old,True,False,False,False,"[9.253982543945312, 8.868234634399414, 8.099925994873047]","[[9.253982543945312, 5.240847110748291, 5.568142414093018], [8.868234634399414, 4.275973320007324, 5.844154357910156], [8.099925994873047, 3.4392762184143066, 4.8141984939575195]]","[[9.253982543945312, 5.240847110748291, 5.568142414093018], [8.868234634399414, 4.275973320007324, 5.844154357910156], [8.099925994873047, 3.4392762184143066, 4.8141984939575195]]",shaped,True,True,False,shaped,1.3328608461595715,5.61077356338501,5.61077356338501,"[4.844663143157959, 5.353098392486572]","[3.4880497435455875, 5.716227845304933]",0.4307370185852051
DiagReachK2,180,KL,SS,shaped,shaped,development_DiagReachK2_s180_KL_SS,23,joint_KL,False,False,False,False,"[9.253280639648438, 9.260907173156738, 9.121829986572266]","[[9.253280639648438, 5.061566352844238, 5.6020283699035645], [9.260907173156738, 5.450260639190674, 5.692005157470703], [9.121829986572266, 5.262143135070801, 5.346334457397461]]","[[9.253280639648438, 5.061566352844238, 5.6020283699035645], [9.260907173156738, 5.450260639190674, 5.692005157470703], [9.121829986572266, 5.262143135070801, 5.346334457397461]]",shaped,True,True,False,shaped,1.0014095154479257,5.840948581695557,5.840948581695557,"[4.788668632507324, 4.573681354522705]","[4.783821928394992, 4.680418543232975]",0.3918461799621582
DiagReachK2,180,KL,SS,shaped,shaped,development_DiagReachK2_s180_KL_SS,24,old,True,False,False,False,"[9.258336067199707, 9.233076095581055, 8.970436096191406]","[[9.258336067199707, 5.0803422927856445, 5.6597900390625], [9.233076095581055, 5.679074764251709, 5.319995880126953], [8.970436096191406, 4.918757438659668, 4.814236164093018]]","[[9.258336067199707, 5.0803422927856445, 5.6597900390625], [9.233076095581055, 5.679074764251709, 5.319995880126953], [8.970436096191406, 4.918757438659668, 4.814236164093018]]",shaped,True,True,False,shaped,0.9880108467574298,6.050549507141113,6.050549507141113,"[4.7911882400512695, 5.404141902923584]","[5.356446267246689, 5.064394577237758]",0.42074036598205566
DiagReachK2,180,W2,RR,raw,raw,development_DiagReachK2_s180_W2_RR,0,full_PPO,True,True,False,False,"[2.1314003467559814, 3.4481003284454346, 5.548655986785889]","[[2.1314003467559814, 0.0, 0.19113659858703613], [3.4481003284454346, 0.0, 0.9961106777191162], [5.548655986785889, 1.0490580797195435, 1.9056885242462158]]","[[2.1314003467559814, 0.0, 0.19113659858703613], [3.4481003284454346, 0.0, 0.9961106777191162], [5.548655986785889, 1.0490580797195435, 1.9056885242462158]]",raw,True,True,False,raw,1.5493446385310965,3.224186658859253,3.074333667755127,"[1.5594117641448975, 1.6262317895889282]","[2.3615473038647146, 2.8197524254492317]",0.3966047763824463
DiagReachK2,180,W2,RR,raw,raw,development_DiagReachK2_s180_W2_RR,1,full_PPO,True,True,False,False,"[5.618382930755615, 6.626189231872559, 7.875162601470947]","[[5.618382930755615, 1.150360345840454, 2.022132158279419], [6.626189231872559, 2.0320329666137695, 3.054436445236206], [7.875162601470947, 4.241504192352295, 3.0675501823425293]]","[[5.618382930755615, 1.150360345840454, 2.022132158279419], [6.626189231872559, 2.0320329666137695, 3.054436445236206], [7.875162601470947, 4.241504192352295, 3.0675501823425293]]",raw,True,True,False,raw,1.3871694201048421,4.680874824523926,4.047889709472656,"[2.284193515777588, 2.948697566986084]","[3.0361489849996603, 4.092024652379038]",0.727257251739502
DiagReachK2,180,W2,RR,raw,raw,development_DiagReachK2_s180_W2_RR,2,joint_W2,True,True,False,False,"[7.904262542724609, 8.371315002441406, 7.599959373474121]","[[7.904262542724609, 4.444488048553467, 3.0698299407958984], [8.371315002441406, 5.337108612060547, 3.848688840866089], [7.599959373474121, 6.049600601196289, 1.9405285120010376]]","[[7.904262542724609, 4.444488048553467, 3.0698299407958984], [8.371315002441406, 5.337108612060547, 3.848688840866089], [7.558281898498535, 6.049600601196289, 1.9405285120010376]]",raw,True,True,False,raw,0.729706047236917,6.959209442138672,5.112235069274902,"[4.29714298248291, 4.123237609863281]","[4.812912498951148, 4.930735821718454]",0.6761367321014404
DiagReachK2,180,W2,RR,raw,raw,development_DiagReachK2_s180_W2_RR,3,old,True,False,False,False,"[8.447877883911133, 9.178927421569824, 7.664894104003906]","[[8.447877883911133, 5.279938220977783, 3.8891477584838867], [9.178927421569824, 6.170398235321045, 4.941377639770508], [7.664894104003906, 4.923978805541992, 2.5289270877838135]]","[[8.447877883911133, 5.279938220977783, 3.8891477584838867], [8.992608070373535, 6.170398235321045, 4.941377639770508], [7.664894104003906, 4.923978805541992, 2.5289270877838135]]",raw,True,True,False,raw,0.8056214217424966,6.7747392654418945,4.685643196105957,"[4.745936393737793, 3.6437766551971436]","[5.265409022722574, 4.840225776178811]",0.6711745262145996
DiagReachK2,180,W2,RR,raw,raw,development_DiagReachK2_s180_W2_RR,4,full_PPO,True,True,False,False,"[8.385951042175293, 8.714662551879883, 8.819430351257324]","[[8.385951042175293, 5.250097751617432, 3.837059497833252], [8.714662551879883, 6.210423469543457, 4.207517147064209], [8.819430351257324, 4.843909740447998, 5.278632164001465]]","[[8.385951042175293, 5.250097751617432, 3.837059497833252], [8.513884544372559, 6.210423469543457, 4.207517147064209], [8.819430351257324, 4.843909740447998, 5.278632164001465]]",raw,True,True,False,raw,0.9099362907969996,7.193785190582275,6.209305286407471,"[4.807812690734863, 3.9527945518493652]","[5.851296601103245, 4.552824546628929]",0.6325666904449463
DiagReachK2,180,W2,RR,raw,raw,development_DiagReachK2_s180_W2_RR,5,joint_W2,True,True,False,False,"[8.881855964660645, 9.131216049194336, 8.512592315673828]","[[8.881855964660645, 4.806636810302734, 5.337039470672607], [9.131216049194336, 5.123630523681641, 5.629721641540527], [8.512592315673828, 5.449652671813965, 4.034862041473389]]","[[8.881855964660645, 4.806636810302734, 5.337039470672607], [9.131216049194336, 5.123630523681641, 5.629721641540527], [8.512592315673828, 5.449652671813965, 4.034862041473389]]",raw,True,True,False,raw,0.7599943436800936,7.711129188537598,6.235257148742676,"[4.865182399749756, 5.429282188415527]","[5.551184072934434, 5.710588818396926]",0.6656699180603027
DiagReachK2,180,W2,RR,raw,raw,development_DiagReachK2_s180_W2_RR,6,joint_W2,True,True,False,False,"[9.085851669311523, 9.358508110046387, 8.513497352600098]","[[9.085851669311523, 5.230005264282227, 5.519742965698242], [9.358508110046387, 5.756303787231445, 5.628434658050537], [8.513497352600098, 5.781182289123535, 4.044388294219971]]","[[9.085851669311523, 5.230005264282227, 5.519742965698242], [9.358508110046387, 5.756303787231445, 5.628434658050537], [8.513497352600098, 5.781182289123535, 4.044388294219971]]",raw,True,True,False,raw,0.7483959814446692,7.462502956390381,6.020386219024658,"[4.374697208404541, 5.501251697540283]","[5.2869121125218115, 5.999999972918296]",0.6656131744384766
DiagReachK2,180,W2,RR,raw,raw,development_DiagReachK2_s180_W2_RR,7,old,True,False,False,False,"[9.395344734191895, 9.729883193969727, 8.444255828857422]","[[9.395344734191895, 5.760760307312012, 5.72275447845459], [9.729883193969727, 6.546361923217773, 6.224469184875488], [8.444255828857422, 5.806026458740234, 3.669074058532715]]","[[9.395344734191895, 5.760760307312012, 5.72275447845459], [8.881050109863281, 6.546361923217773, 6.224469184875488], [8.444255828857422, 5.806026458740234, 3.669074058532715]]",raw,True,True,False,raw,0.49264424663007056,7.194816589355469,5.115269184112549,"[4.665863990783691, 4.687808513641357]","[5.747642076762741, 5.443716355429819]",0.6555562019348145
DiagReachK2,180,W2,RR,raw,raw,development_DiagReachK2_s180_W2_RR,8,old,True,False,False,False,"[9.3394193649292, 9.63664436340332, 8.518847465515137]","[[9.3394193649292, 5.618631362915039, 5.705996513366699], [9.63664436340332, 6.363162040710449, 5.767761707305908], [8.518847465515137, 5.457561492919922, 3.887371778488159]]","[[9.3394193649292, 5.618631362915039, 5.705996513366699], [9.2788667678833, 6.363162040710449, 5.767761707305908], [8.518847465515137, 5.457561492919922, 3.887371778488159]]",raw,True,True,False,raw,0.6319342827418376,7.5650763511657715,6.17583703994751,"[4.878581523895264, 4.703843593597412]","[5.610395525882453, 4.667714226830504]",0.4559195041656494
DiagReachK2,180,W2,RR,raw,raw,development_DiagReachK2_s180_W2_RR,9,old,True,False,False,False,"[9.354803085327148, 9.428258895874023, 8.307619094848633]","[[9.354803085327148, 5.757718086242676, 5.771081924438477], [9.428258895874023, 6.406803131103516, 5.750185966491699], [8.307619094848633, 4.8415913581848145, 4.046061038970947]]","[[9.354803085327148, 5.757718086242676, 5.771081924438477], [9.045188903808594, 6.406803131103516, 5.750185966491699], [8.307619094848633, 4.8415913581848145, 4.046061038970947]]",raw,True,True,False,raw,0.49037918445642986,7.967170715332031,6.106083393096924,"[5.637534141540527, 5.372464179992676]","[5.962332130704718, 5.7129547667112535]",0.3827219009399414
DiagReachK2,180,W2,RR,raw,raw,development_DiagReachK2_s180_W2_RR,10,old,True,False,False,False,"[9.400638580322266, 9.65890884399414, 8.464649200439453]","[[9.400638580322266, 5.703586578369141, 5.729930400848389], [9.65890884399414, 5.709593296051025, 6.719394683837891], [8.464649200439453, 4.465310573577881, 4.6596269607543945]]","[[9.400638580322266, 5.703586578369141, 5.729930400848389], [8.244234085083008, 5.709593296051025, 6.719394683837891], [8.464649200439453, 4.465310573577881, 4.6596269607543945]]",raw,True,True,False,raw,0.4293071183724561,7.7015838623046875,4.831557273864746,"[5.5973381996154785, 4.732541561126709]","[5.8345985679746795, 5.877406251214584]",0.39902806282043457
DiagReachK2,180,W2,RR,raw,raw,development_DiagReachK2_s180_W2_RR,11,old,True,False,False,False,"[9.388967514038086, 9.65311050415039, 8.788954734802246]","[[9.388967514038086, 5.662783622741699, 5.753826141357422], [9.65311050415039, 6.047851085662842, 5.891847133636475], [8.788954734802246, 4.431591987609863, 5.737681865692139]]","[[9.388967514038086, 5.662783622741699, 5.753826141357422], [9.571028709411621, 6.047851085662842, 5.891847133636475], [8.788954734802246, 4.431591987609863, 5.737681865692139]]",raw,True,True,False,raw,0.6197113621914218,7.282965183258057,5.494643211364746,"[5.1105122566223145, 4.255265712738037]","[6.000000050554897, 4.161548832293458]",0.38762331008911133
DiagReachK2,180,W2,RR,raw,raw,development_DiagReachK2_s180_W2_RR,12,full_PPO,True,True,False,False,"[9.38231086730957, 9.643861770629883, 8.738113403320312]","[[9.38231086730957, 5.823273658752441, 5.751789093017578], [9.643861770629883, 6.056807041168213, 6.271670341491699], [8.738113403320312, 4.360064506530762, 5.820201873779297]]","[[9.372596740722656, 5.823273658752441, 5.751789093017578], [9.264204978942871, 6.056807041168213, 6.271670341491699], [8.738113403320312, 4.360064506530762, 5.820201873779297]]",raw,True,True,False,raw,0.4063263205182186,7.4382829666137695,4.454461097717285,"[5.97182035446167, 4.289567470550537]","[6.000000326015321, 4.97861813915626]",0.36304354667663574
DiagReachK2,180,W2,RR,raw,raw,development_DiagReachK2_s180_W2_RR,13,full_PPO,True,True,False,False,"[8.70977783203125, 9.207341194152832, 9.193645477294922]","[[8.70977783203125, 4.255440711975098, 5.742285251617432], [9.207341194152832, 4.959061622619629, 5.980413436889648], [9.193645477294922, 5.466574668884277, 5.138689994812012]]","[[8.70977783203125, 4.255440711975098, 5.742285251617432], [9.177189826965332, 4.959061622619629, 5.980413436889648], [9.193645477294922, 5.466574668884277, 5.138689994812012]]",raw,True,True,False,raw,0.7945874392225675,7.111387729644775,5.556429862976074,"[4.012096881866455, 5.265655517578125]","[4.959619441568089, 5.63800175609211]",0.3762965202331543
DiagReachK2,180,W2,RR,raw,raw,development_DiagReachK2_s180_W2_RR,14,old,True,False,False,False,"[9.13643741607666, 9.287947654724121, 8.182095527648926]","[[9.13643741607666, 5.428520202636719, 5.207082271575928], [9.287947654724121, 6.222914218902588, 5.2170867919921875], [8.182095527648926, 5.975170135498047, 2.8458099365234375]]","[[9.13643741607666, 5.428520202636719, 5.207082271575928], [9.10218620300293, 6.222914218902588, 5.2170867919921875], [8.151412963867188, 5.975170135498047, 2.8458099365234375]]",raw,True,True,False,raw,0.5571939441273243,7.420228481292725,5.516788482666016,"[4.565279960632324, 5.528870105743408]","[5.277685275647187, 5.99999999127885]",0.35877132415771484
DiagReachK2,180,W2,RR,raw,raw,development_DiagReachK2_s180_W2_RR,15,old,True,False,False,False,"[9.187677383422852, 9.614130020141602, 8.273538589477539]","[[9.187677383422852, 5.461141109466553, 5.200674533843994], [9.614130020141602, 6.439545631408691, 5.760115146636963], [8.273538589477539, 4.853703498840332, 3.5482566356658936]]","[[9.187677383422852, 5.461141109466553, 5.200674533843994], [9.190116882324219, 6.439545631408691, 5.760115146636963], [8.273538589477539, 4.853703498840332, 3.5482566356658936]]",raw,True,True,False,raw,0.6032176894078852,7.0317888259887695,5.9371232986450195,"[4.879927635192871, 4.0638861656188965]","[6.000000093630856, 4.366346484277931]",0.3554813861846924
DiagReachK2,180,W2,RR,raw,raw,development_DiagReachK2_s180_W2_RR,16,old,True,False,False,False,"[9.220252990722656, 9.373798370361328, 9.262130737304688]","[[9.220252990722656, 5.466233253479004, 5.291159629821777], [9.373798370361328, 6.42620849609375, 5.4898858070373535], [9.262130737304688, 6.064755916595459, 5.106457233428955]]","[[9.220252990722656, 5.466233253479004, 5.291159629821777], [8.97728157043457, 6.42620849609375, 5.4898858070373535], [9.164277076721191, 6.064755916595459, 5.106457233428955]]",raw,True,True,False,raw,0.4618601037246105,7.246273040771484,6.430418491363525,"[5.010398864746094, 4.04401159286499]","[5.716194338985834, 4.173372972420447]",0.3901405334472656
DiagReachK2,180,W2,RR,raw,raw,development_DiagReachK2_s180_W2_RR,17,joint_W2,False,False,False,False,"[9.1363525390625, 9.447137832641602, 8.597665786743164]","[[9.1363525390625, 5.369501113891602, 5.183040618896484], [9.447137832641602, 5.817022800445557, 5.622258186340332], [8.597665786743164, 5.398125171661377, 3.9679017066955566]]","[[9.1363525390625, 5.369501113891602, 5.183040618896484], [9.447137832641602, 5.817022800445557, 5.622258186340332], [8.597665786743164, 5.398125171661377, 3.9679017066955566]]",raw,True,True,False,raw,0.8503141046276699,7.237908363342285,5.753656387329102,"[4.809986114501953, 4.532004356384277]","[5.567488346283104, 5.2689502315070715]",0.41111111640930176
DiagReachK2,180,W2,RR,raw,raw,development_DiagReachK2_s180_W2_RR,18,old,True,False,False,False,"[9.155908584594727, 9.482109069824219, 9.276952743530273]","[[9.155908584594727, 5.403560161590576, 5.220477104187012], [9.482109069824219, 6.3245930671691895, 5.556334972381592], [9.276952743530273, 6.200190544128418, 5.287333965301514]]","[[9.155908584594727, 5.403560161590576, 5.220477104187012], [9.211614608764648, 6.3245930671691895, 5.556334972381592], [9.110127449035645, 6.200190544128418, 5.287333965301514]]",raw,True,True,False,raw,0.9637138957508562,6.965141296386719,6.157608985900879,"[4.512304306030273, 4.858432769775391]","[5.940579763948563, 5.027882506524444]",0.40796852111816406
DiagReachK2,180,W2,RR,raw,raw,development_DiagReachK2_s180_W2_RR,19,joint_W2,True,True,False,False,"[9.178901672363281, 9.2122220993042, 7.799524784088135]","[[9.178901672363281, 5.515011310577393, 5.190408229827881], [9.2122220993042, 5.469548225402832, 5.488371849060059], [7.799524784088135, 3.739616870880127, 3.638350486755371]]","[[9.178901672363281, 5.515011310577393, 5.190408229827881], [9.2122220993042, 5.469548225402832, 5.488371849060059], [7.799524784088135, 3.739616870880127, 3.638350486755371]]",raw,True,True,False,raw,0.44427010879271867,7.5093994140625,5.569948673248291,"[5.67138671875, 4.065797805786133]","[5.649874674658236, 4.301632611320678]",0.43213701248168945
DiagReachK2,180,W2,RR,raw,raw,development_DiagReachK2_s180_W2_RR,20,old,True,False,False,False,"[9.205580711364746, 9.491348266601562, 8.521430015563965]","[[9.205580711364746, 5.580336570739746, 5.5543012619018555], [9.491348266601562, 6.103875160217285, 5.907095432281494], [8.521430015563965, 4.2451934814453125, 5.957302093505859]]","[[9.205580711364746, 5.580336570739746, 5.5543012619018555], [9.404786109924316, 6.103875160217285, 5.907095432281494], [8.521430015563965, 4.2451934814453125, 5.957302093505859]]",raw,True,True,False,raw,0.3979206343193006,7.507444858551025,6.591507911682129,"[5.2330193519592285, 4.432555198669434]","[5.41922369047744, 4.745238161915112]",0.3865976333618164
DiagReachK2,180,W2,RR,raw,raw,development_DiagReachK2_s180_W2_RR,21,old,True,False,False,False,"[9.18227767944336, 9.514384269714355, 8.221208572387695]","[[9.18227767944336, 5.276206016540527, 5.497529983520508], [9.514384269714355, 5.50696325302124, 6.138580322265625], [8.221208572387695, 4.131956577301025, 4.323392391204834]]","[[9.18227767944336, 5.276206016540527, 5.497529983520508], [9.385443687438965, 5.50696325302124, 6.138580322265625], [8.221208572387695, 4.131956577301025, 4.323392391204834]]",raw,True,True,False,raw,0.4975578299375136,7.827321529388428,6.3524274826049805,"[5.55881404876709, 4.766515254974365]","[5.999999927461857, 5.411562363184901]",0.349712610244751
DiagReachK2,180,W2,RR,raw,raw,development_DiagReachK2_s180_W2_RR,22,joint_W2,True,True,False,False,"[9.232097625732422, 9.30191707611084, 8.828872680664062]","[[9.232097625732422, 5.54010009765625, 5.445133209228516], [9.30191707611084, 5.823555946350098, 5.500143527984619], [8.828872680664062, 6.1056928634643555, 3.908655881881714]]","[[9.232097625732422, 5.54010009765625, 5.445133209228516], [9.30191707611084, 5.823555946350098, 5.500143527984619], [8.735682487487793, 6.1056928634643555, 3.908655881881714]]",raw,True,True,False,raw,0.6733074012117773,7.206416130065918,4.957691192626953,"[3.9901115894317627, 5.569577693939209]","[5.0338381120023765, 5.720197627894014]",0.38391828536987305
DiagReachK2,180,W2,RR,raw,raw,development_DiagReachK2_s180_W2_RR,23,old,True,False,False,False,"[9.256708145141602, 9.498074531555176, 8.149236679077148]","[[9.256708145141602, 5.684939861297607, 5.505427360534668], [9.498074531555176, 6.030269622802734, 5.657105445861816], [8.149236679077148, 3.8932275772094727, 5.003929138183594]]","[[9.256708145141602, 5.684939861297607, 5.505427360534668], [9.43281364440918, 6.030269622802734, 5.657105445861816], [8.149236679077148, 3.8932275772094727, 5.003929138183594]]",raw,True,True,False,raw,0.370171943577308,7.399781703948975,5.993409633636475,"[5.882874965667725, 3.947732925415039]","[6.000000107578368, 4.340525312069389]",0.36665797233581543
DiagReachK2,180,W2,RR,raw,raw,development_DiagReachK2_s180_W2_RR,24,old,True,False,False,False,"[9.248778343200684, 9.607101440429688, 8.612310409545898]","[[9.248778343200684, 5.662057876586914, 5.540615081787109], [9.607101440429688, 6.174309730529785, 6.023497581481934], [8.612310409545898, 4.943631172180176, 4.416465759277344]]","[[9.248778343200684, 5.662057876586914, 5.540615081787109], [9.42134952545166, 6.174309730529785, 6.023497581481934], [8.612310409545898, 4.943631172180176, 4.416465759277344]]",raw,True,True,False,raw,0.4959778974483127,7.654475212097168,5.918828010559082,"[5.075048923492432, 4.913870811462402]","[5.544959081512306, 5.579649406185395]",0.39800047874450684
DiagReachK2,180,W2,RS,raw,shaped,development_DiagReachK2_s180_W2_RS,0,full_PPO,True,True,False,False,"[2.1314003467559814, 3.4481003284454346, 5.548655986785889]","[[2.1314003467559814, 0.0, 0.19113659858703613], [3.4481003284454346, 0.0, 0.9961106777191162], [5.548655986785889, 1.0490580797195435, 1.9056885242462158]]","[[2.1314003467559814, 0.0, 0.19113659858703613], [3.4481003284454346, 0.0, 0.9961106777191162], [5.548655986785889, 1.0490580797195435, 1.9056885242462158]]",shaped,True,True,False,raw,1.5493446385310965,3.224186658859253,3.074333667755127,"[1.5594117641448975, 1.6262317895889282]","[2.3615473038647146, 2.8197524254492317]",0.41942811012268066
DiagReachK2,180,W2,RS,raw,shaped,development_DiagReachK2_s180_W2_RS,1,full_PPO,True,True,False,False,"[5.618382930755615, 6.626189231872559, 7.875162601470947]","[[5.618382930755615, 1.150360345840454, 2.022132158279419], [6.626189231872559, 2.0320329666137695, 3.054436445236206], [7.875162601470947, 4.241504192352295, 3.0675501823425293]]","[[5.618382930755615, 1.150360345840454, 2.022132158279419], [6.626189231872559, 2.0320329666137695, 3.054436445236206], [7.875162601470947, 4.241504192352295, 3.0675501823425293]]",shaped,True,True,False,raw,1.3871694201048421,4.680874824523926,4.047889709472656,"[2.284193515777588, 2.948697566986084]","[3.0361489849996603, 4.092024652379038]",0.4486551284790039
DiagReachK2,180,W2,RS,raw,shaped,development_DiagReachK2_s180_W2_RS,2,joint_W2,True,True,False,False,"[7.904262542724609, 8.371315002441406, 7.558281898498535]","[[7.904262542724609, 4.444488048553467, 3.0698299407958984], [8.371315002441406, 5.337108612060547, 3.848688840866089], [7.599959373474121, 6.049600601196289, 1.9405285120010376]]","[[7.904262542724609, 4.444488048553467, 3.0698299407958984], [8.371315002441406, 5.337108612060547, 3.848688840866089], [7.558281898498535, 6.049600601196289, 1.9405285120010376]]",shaped,True,True,False,raw,0.729706047236917,6.959209442138672,5.112235069274902,"[4.29714298248291, 4.123237609863281]","[4.812912498951148, 4.930735821718454]",0.4067964553833008
DiagReachK2,180,W2,RS,raw,shaped,development_DiagReachK2_s180_W2_RS,3,old,True,False,False,False,"[8.447877883911133, 8.992608070373535, 7.664894104003906]","[[8.447877883911133, 5.279938220977783, 3.8891477584838867], [9.178927421569824, 6.170398235321045, 4.941377639770508], [7.664894104003906, 4.923978805541992, 2.5289270877838135]]","[[8.447877883911133, 5.279938220977783, 3.8891477584838867], [8.992608070373535, 6.170398235321045, 4.941377639770508], [7.664894104003906, 4.923978805541992, 2.5289270877838135]]",shaped,True,True,False,raw,0.8056214217424966,6.7747392654418945,4.685643196105957,"[4.745936393737793, 3.6437766551971436]","[5.265409022722574, 4.840225776178811]",0.4411618709564209
DiagReachK2,180,W2,RS,raw,shaped,development_DiagReachK2_s180_W2_RS,4,full_PPO,True,True,False,False,"[8.385951042175293, 8.513884544372559, 8.819430351257324]","[[8.385951042175293, 5.250097751617432, 3.837059497833252], [8.714662551879883, 6.210423469543457, 4.207517147064209], [8.819430351257324, 4.843909740447998, 5.278632164001465]]","[[8.385951042175293, 5.250097751617432, 3.837059497833252], [8.513884544372559, 6.210423469543457, 4.207517147064209], [8.819430351257324, 4.843909740447998, 5.278632164001465]]",shaped,True,True,False,raw,0.9099362907969996,7.193785190582275,6.209305286407471,"[4.807812690734863, 3.9527945518493652]","[5.851296601103245, 4.552824546628929]",0.4088764190673828
DiagReachK2,180,W2,RS,raw,shaped,development_DiagReachK2_s180_W2_RS,5,joint_W2,True,True,False,False,"[8.881855964660645, 9.131216049194336, 8.512592315673828]","[[8.881855964660645, 4.806636810302734, 5.337039470672607], [9.131216049194336, 5.123630523681641, 5.629721641540527], [8.512592315673828, 5.449652671813965, 4.034862041473389]]","[[8.881855964660645, 4.806636810302734, 5.337039470672607], [9.131216049194336, 5.123630523681641, 5.629721641540527], [8.512592315673828, 5.449652671813965, 4.034862041473389]]",shaped,True,True,False,raw,0.7599943436800936,7.711129188537598,6.235257148742676,"[4.865182399749756, 5.429282188415527]","[5.551184072934434, 5.710588818396926]",0.37267351150512695
DiagReachK2,180,W2,RS,raw,shaped,development_DiagReachK2_s180_W2_RS,6,joint_W2,True,True,False,False,"[9.085851669311523, 9.358508110046387, 8.513497352600098]","[[9.085851669311523, 5.230005264282227, 5.519742965698242], [9.358508110046387, 5.756303787231445, 5.628434658050537], [8.513497352600098, 5.781182289123535, 4.044388294219971]]","[[9.085851669311523, 5.230005264282227, 5.519742965698242], [9.358508110046387, 5.756303787231445, 5.628434658050537], [8.513497352600098, 5.781182289123535, 4.044388294219971]]",shaped,True,True,False,raw,0.7483959814446692,7.462502956390381,6.020386219024658,"[4.374697208404541, 5.501251697540283]","[5.2869121125218115, 5.999999972918296]",0.37839579582214355
DiagReachK2,180,W2,RS,raw,shaped,development_DiagReachK2_s180_W2_RS,7,old,True,False,False,False,"[9.395344734191895, 8.881050109863281, 8.444255828857422]","[[9.395344734191895, 5.760760307312012, 5.72275447845459], [9.729883193969727, 6.546361923217773, 6.224469184875488], [8.444255828857422, 5.806026458740234, 3.669074058532715]]","[[9.395344734191895, 5.760760307312012, 5.72275447845459], [8.881050109863281, 6.546361923217773, 6.224469184875488], [8.444255828857422, 5.806026458740234, 3.669074058532715]]",shaped,True,True,False,raw,0.49264424663007056,7.194816589355469,5.115269184112549,"[4.665863990783691, 4.687808513641357]","[5.747642076762741, 5.443716355429819]",0.3739800453186035
DiagReachK2,180,W2,RS,raw,shaped,development_DiagReachK2_s180_W2_RS,8,old,True,False,False,False,"[9.3394193649292, 9.2788667678833, 8.518847465515137]","[[9.3394193649292, 5.618631362915039, 5.705996513366699], [9.63664436340332, 6.363162040710449, 5.767761707305908], [8.518847465515137, 5.457561492919922, 3.887371778488159]]","[[9.3394193649292, 5.618631362915039, 5.705996513366699], [9.2788667678833, 6.363162040710449, 5.767761707305908], [8.518847465515137, 5.457561492919922, 3.887371778488159]]",shaped,True,True,False,raw,0.6319342827418376,7.5650763511657715,6.17583703994751,"[4.878581523895264, 4.703843593597412]","[5.610395525882453, 4.667714226830504]",0.40450358390808105
DiagReachK2,180,W2,RS,raw,shaped,development_DiagReachK2_s180_W2_RS,9,old,True,False,False,False,"[9.354803085327148, 9.045188903808594, 8.307619094848633]","[[9.354803085327148, 5.757718086242676, 5.771081924438477], [9.428258895874023, 6.406803131103516, 5.750185966491699], [8.307619094848633, 4.8415913581848145, 4.046061038970947]]","[[9.354803085327148, 5.757718086242676, 5.771081924438477], [9.045188903808594, 6.406803131103516, 5.750185966491699], [8.307619094848633, 4.8415913581848145, 4.046061038970947]]",shaped,True,True,False,raw,0.49037918445642986,7.967170715332031,6.106083393096924,"[5.637534141540527, 5.372464179992676]","[5.962332130704718, 5.7129547667112535]",0.3673081398010254
DiagReachK2,180,W2,RS,raw,shaped,development_DiagReachK2_s180_W2_RS,10,old,True,False,False,False,"[9.400638580322266, 8.244234085083008, 8.464649200439453]","[[9.400638580322266, 5.703586578369141, 5.729930400848389], [9.65890884399414, 5.709593296051025, 6.719394683837891], [8.464649200439453, 4.465310573577881, 4.6596269607543945]]","[[9.400638580322266, 5.703586578369141, 5.729930400848389], [8.244234085083008, 5.709593296051025, 6.719394683837891], [8.464649200439453, 4.465310573577881, 4.6596269607543945]]",shaped,True,True,False,raw,0.4293071183724561,7.7015838623046875,4.831557273864746,"[5.5973381996154785, 4.732541561126709]","[5.8345985679746795, 5.877406251214584]",0.35973215103149414
DiagReachK2,180,W2,RS,raw,shaped,development_DiagReachK2_s180_W2_RS,11,old,True,False,False,False,"[9.388967514038086, 9.571028709411621, 8.788954734802246]","[[9.388967514038086, 5.662783622741699, 5.753826141357422], [9.65311050415039, 6.047851085662842, 5.891847133636475], [8.788954734802246, 4.431591987609863, 5.737681865692139]]","[[9.388967514038086, 5.662783622741699, 5.753826141357422], [9.571028709411621, 6.047851085662842, 5.891847133636475], [8.788954734802246, 4.431591987609863, 5.737681865692139]]",shaped,True,True,False,raw,0.6197113621914218,7.282965183258057,5.494643211364746,"[5.1105122566223145, 4.255265712738037]","[6.000000050554897, 4.161548832293458]",0.36719298362731934
DiagReachK2,180,W2,RS,raw,shaped,development_DiagReachK2_s180_W2_RS,12,full_PPO,True,True,False,False,"[9.372596740722656, 9.264204978942871, 8.738113403320312]","[[9.38231086730957, 5.823273658752441, 5.751789093017578], [9.643861770629883, 6.056807041168213, 6.271670341491699], [8.738113403320312, 4.360064506530762, 5.820201873779297]]","[[9.372596740722656, 5.823273658752441, 5.751789093017578], [9.264204978942871, 6.056807041168213, 6.271670341491699], [8.738113403320312, 4.360064506530762, 5.820201873779297]]",shaped,True,True,False,raw,0.4063263205182186,7.4382829666137695,4.454461097717285,"[5.97182035446167, 4.289567470550537]","[6.000000326015321, 4.97861813915626]",0.36330199241638184
DiagReachK2,180,W2,RS,raw,shaped,development_DiagReachK2_s180_W2_RS,13,full_PPO,True,True,False,False,"[8.70977783203125, 9.177189826965332, 9.193645477294922]","[[8.70977783203125, 4.255440711975098, 5.742285251617432], [9.207341194152832, 4.959061622619629, 5.980413436889648], [9.193645477294922, 5.466574668884277, 5.138689994812012]]","[[8.70977783203125, 4.255440711975098, 5.742285251617432], [9.177189826965332, 4.959061622619629, 5.980413436889648], [9.193645477294922, 5.466574668884277, 5.138689994812012]]",shaped,True,True,False,raw,0.7945874392225675,7.111387729644775,5.556429862976074,"[4.012096881866455, 5.265655517578125]","[4.959619441568089, 5.63800175609211]",0.38544297218322754
DiagReachK2,180,W2,RS,raw,shaped,development_DiagReachK2_s180_W2_RS,14,old,True,False,False,False,"[9.13643741607666, 9.10218620300293, 8.151412963867188]","[[9.13643741607666, 5.428520202636719, 5.207082271575928], [9.287947654724121, 6.222914218902588, 5.2170867919921875], [8.182095527648926, 5.975170135498047, 2.8458099365234375]]","[[9.13643741607666, 5.428520202636719, 5.207082271575928], [9.10218620300293, 6.222914218902588, 5.2170867919921875], [8.151412963867188, 5.975170135498047, 2.8458099365234375]]",shaped,True,True,False,raw,0.5571939441273243,7.420228481292725,5.516788482666016,"[4.565279960632324, 5.528870105743408]","[5.277685275647187, 5.99999999127885]",0.3856315612792969
DiagReachK2,180,W2,RS,raw,shaped,development_DiagReachK2_s180_W2_RS,15,old,True,False,False,False,"[9.187677383422852, 9.190116882324219, 8.273538589477539]","[[9.187677383422852, 5.461141109466553, 5.200674533843994], [9.614130020141602, 6.439545631408691, 5.760115146636963], [8.273538589477539, 4.853703498840332, 3.5482566356658936]]","[[9.187677383422852, 5.461141109466553, 5.200674533843994], [9.190116882324219, 6.439545631408691, 5.760115146636963], [8.273538589477539, 4.853703498840332, 3.5482566356658936]]",shaped,True,True,False,raw,0.6032176894078852,7.0317888259887695,5.9371232986450195,"[4.879927635192871, 4.0638861656188965]","[6.000000093630856, 4.366346484277931]",0.40046238899230957
DiagReachK2,180,W2,RS,raw,shaped,development_DiagReachK2_s180_W2_RS,16,old,True,False,False,False,"[9.220252990722656, 8.97728157043457, 9.164277076721191]","[[9.220252990722656, 5.466233253479004, 5.291159629821777], [9.373798370361328, 6.42620849609375, 5.4898858070373535], [9.262130737304688, 6.064755916595459, 5.106457233428955]]","[[9.220252990722656, 5.466233253479004, 5.291159629821777], [8.97728157043457, 6.42620849609375, 5.4898858070373535], [9.164277076721191, 6.064755916595459, 5.106457233428955]]",shaped,True,True,False,raw,0.4618601037246105,7.246273040771484,6.430418491363525,"[5.010398864746094, 4.04401159286499]","[5.716194338985834, 4.173372972420447]",0.3863232135772705
DiagReachK2,180,W2,RS,raw,shaped,development_DiagReachK2_s180_W2_RS,17,joint_W2,False,False,False,False,"[9.1363525390625, 9.447137832641602, 8.597665786743164]","[[9.1363525390625, 5.369501113891602, 5.183040618896484], [9.447137832641602, 5.817022800445557, 5.622258186340332], [8.597665786743164, 5.398125171661377, 3.9679017066955566]]","[[9.1363525390625, 5.369501113891602, 5.183040618896484], [9.447137832641602, 5.817022800445557, 5.622258186340332], [8.597665786743164, 5.398125171661377, 3.9679017066955566]]",shaped,True,True,False,raw,0.8503141046276699,7.237908363342285,5.753656387329102,"[4.809986114501953, 4.532004356384277]","[5.567488346283104, 5.2689502315070715]",0.40137362480163574
DiagReachK2,180,W2,RS,raw,shaped,development_DiagReachK2_s180_W2_RS,18,old,True,False,False,False,"[9.155908584594727, 9.211614608764648, 9.110127449035645]","[[9.155908584594727, 5.403560161590576, 5.220477104187012], [9.482109069824219, 6.3245930671691895, 5.556334972381592], [9.276952743530273, 6.200190544128418, 5.287333965301514]]","[[9.155908584594727, 5.403560161590576, 5.220477104187012], [9.211614608764648, 6.3245930671691895, 5.556334972381592], [9.110127449035645, 6.200190544128418, 5.287333965301514]]",shaped,True,True,False,raw,0.9637138957508562,6.965141296386719,6.157608985900879,"[4.512304306030273, 4.858432769775391]","[5.940579763948563, 5.027882506524444]",0.3733556270599365
DiagReachK2,180,W2,RS,raw,shaped,development_DiagReachK2_s180_W2_RS,19,joint_W2,True,True,False,False,"[9.178901672363281, 9.2122220993042, 7.799524784088135]","[[9.178901672363281, 5.515011310577393, 5.190408229827881], [9.2122220993042, 5.469548225402832, 5.488371849060059], [7.799524784088135, 3.739616870880127, 3.638350486755371]]","[[9.178901672363281, 5.515011310577393, 5.190408229827881], [9.2122220993042, 5.469548225402832, 5.488371849060059], [7.799524784088135, 3.739616870880127, 3.638350486755371]]",shaped,True,True,False,raw,0.44427010879271867,7.5093994140625,5.569948673248291,"[5.67138671875, 4.065797805786133]","[5.649874674658236, 4.301632611320678]",0.4063725471496582
DiagReachK2,180,W2,RS,raw,shaped,development_DiagReachK2_s180_W2_RS,20,old,True,False,False,False,"[9.205580711364746, 9.404786109924316, 8.521430015563965]","[[9.205580711364746, 5.580336570739746, 5.5543012619018555], [9.491348266601562, 6.103875160217285, 5.907095432281494], [8.521430015563965, 4.2451934814453125, 5.957302093505859]]","[[9.205580711364746, 5.580336570739746, 5.5543012619018555], [9.404786109924316, 6.103875160217285, 5.907095432281494], [8.521430015563965, 4.2451934814453125, 5.957302093505859]]",shaped,True,True,False,raw,0.3979206343193006,7.507444858551025,6.591507911682129,"[5.2330193519592285, 4.432555198669434]","[5.41922369047744, 4.745238161915112]",0.3727455139160156
DiagReachK2,180,W2,RS,raw,shaped,development_DiagReachK2_s180_W2_RS,21,old,True,False,False,False,"[9.18227767944336, 9.385443687438965, 8.221208572387695]","[[9.18227767944336, 5.276206016540527, 5.497529983520508], [9.514384269714355, 5.50696325302124, 6.138580322265625], [8.221208572387695, 4.131956577301025, 4.323392391204834]]","[[9.18227767944336, 5.276206016540527, 5.497529983520508], [9.385443687438965, 5.50696325302124, 6.138580322265625], [8.221208572387695, 4.131956577301025, 4.323392391204834]]",shaped,True,True,False,raw,0.4975578299375136,7.827321529388428,6.3524274826049805,"[5.55881404876709, 4.766515254974365]","[5.999999927461857, 5.411562363184901]",0.3585038185119629
DiagReachK2,180,W2,RS,raw,shaped,development_DiagReachK2_s180_W2_RS,22,joint_W2,True,True,False,False,"[9.232097625732422, 9.30191707611084, 8.735682487487793]","[[9.232097625732422, 5.54010009765625, 5.445133209228516], [9.30191707611084, 5.823555946350098, 5.500143527984619], [8.828872680664062, 6.1056928634643555, 3.908655881881714]]","[[9.232097625732422, 5.54010009765625, 5.445133209228516], [9.30191707611084, 5.823555946350098, 5.500143527984619], [8.735682487487793, 6.1056928634643555, 3.908655881881714]]",shaped,True,True,False,raw,0.6733074012117773,7.206416130065918,4.957691192626953,"[3.9901115894317627, 5.569577693939209]","[5.0338381120023765, 5.720197627894014]",0.38368725776672363
DiagReachK2,180,W2,RS,raw,shaped,development_DiagReachK2_s180_W2_RS,23,old,True,False,False,False,"[9.256708145141602, 9.43281364440918, 8.149236679077148]","[[9.256708145141602, 5.684939861297607, 5.505427360534668], [9.498074531555176, 6.030269622802734, 5.657105445861816], [8.149236679077148, 3.8932275772094727, 5.003929138183594]]","[[9.256708145141602, 5.684939861297607, 5.505427360534668], [9.43281364440918, 6.030269622802734, 5.657105445861816], [8.149236679077148, 3.8932275772094727, 5.003929138183594]]",shaped,True,True,False,raw,0.370171943577308,7.399781703948975,5.993409633636475,"[5.882874965667725, 3.947732925415039]","[6.000000107578368, 4.340525312069389]",0.39000678062438965
DiagReachK2,180,W2,RS,raw,shaped,development_DiagReachK2_s180_W2_RS,24,old,True,False,False,False,"[9.248778343200684, 9.42134952545166, 8.612310409545898]","[[9.248778343200684, 5.662057876586914, 5.540615081787109], [9.607101440429688, 6.174309730529785, 6.023497581481934], [8.612310409545898, 4.943631172180176, 4.416465759277344]]","[[9.248778343200684, 5.662057876586914, 5.540615081787109], [9.42134952545166, 6.174309730529785, 6.023497581481934], [8.612310409545898, 4.943631172180176, 4.416465759277344]]",shaped,True,True,False,raw,0.4959778974483127,7.654475212097168,5.918828010559082,"[5.075048923492432, 4.913870811462402]","[5.544959081512306, 5.579649406185395]",0.38901257514953613
DiagReachK2,180,W2,SR,shaped,raw,development_DiagReachK2_s180_W2_SR,0,full_PPO,True,True,False,False,"[2.1314003467559814, 3.465188980102539, 5.548655986785889]","[[2.1314003467559814, 0.0, 0.19113659858703613], [3.465188980102539, 0.004743553698062897, 0.7775321006774902], [5.548655986785889, 1.0490580797195435, 1.9056885242462158]]","[[2.1314003467559814, 0.0, 0.19113659858703613], [3.465188980102539, 0.004743553698062897, 0.7775321006774902], [5.548655986785889, 1.0490580797195435, 1.9056885242462158]]",raw,True,True,False,shaped,1.4705033905203597,3.074333667755127,3.074333667755127,"[1.5594117641448975, 1.6262317895889282]","[2.1300326406458256, 1.9928914328772835]",0.3999919891357422
DiagReachK2,180,W2,SR,shaped,raw,development_DiagReachK2_s180_W2_SR,1,full_PPO,True,True,False,False,"[5.618382930755615, 6.512323379516602, 7.875162601470947]","[[5.618382930755615, 1.150360345840454, 2.022132158279419], [6.512323379516602, 2.3276357650756836, 2.305720806121826], [7.875162601470947, 4.241504192352295, 3.0675501823425293]]","[[5.618382930755615, 1.150360345840454, 2.022132158279419], [6.512323379516602, 2.3276357650756836, 2.305720806121826], [7.875162601470947, 4.241504192352295, 3.0675501823425293]]",raw,True,True,False,shaped,1.6789711003628007,4.047889709472656,4.047889709472656,"[2.284193515777588, 2.948697566986084]","[3.184005851189352, 2.8539325890298803]",0.40152835845947266
DiagReachK2,180,W2,SR,shaped,raw,development_DiagReachK2_s180_W2_SR,2,old,True,False,False,False,"[7.904262542724609, 7.716753005981445, 7.599959373474121]","[[7.904262542724609, 4.444488048553467, 3.0698299407958984], [7.716753005981445, 4.0837578773498535, 2.745073080062866], [7.599959373474121, 6.049600601196289, 1.9405285120010376]]","[[7.904262542724609, 4.444488048553467, 3.0698299407958984], [7.716753005981445, 4.0837578773498535, 2.745073080062866], [7.558281898498535, 6.049600601196289, 1.9405285120010376]]",raw,True,True,False,shaped,2.206774711478011,5.112235069274902,5.112235069274902,"[4.29714298248291, 4.123237609863281]","[3.529106064250681, 3.0074323414012856]",0.42450714111328125
DiagReachK2,180,W2,SR,shaped,raw,development_DiagReachK2_s180_W2_SR,3,old,True,False,False,False,"[7.964147567749023, 7.634552955627441, 7.138713836669922]","[[7.964147567749023, 4.382805824279785, 3.097702741622925], [7.634552955627441, 3.8312602043151855, 2.5725040435791016], [7.138713836669922, 3.873969078063965, 1.9013739824295044]]","[[7.964147567749023, 4.382805824279785, 3.097702741622925], [7.634552955627441, 3.8312602043151855, 2.5725040435791016], [7.138713836669922, 3.873969078063965, 1.9013739824295044]]",raw,True,True,False,shaped,2.878752185567639,4.640158653259277,4.640158653259277,"[4.2287678718566895, 3.1495063304901123]","[3.8455316590480857, 2.62799971984885]",0.4209604263305664
DiagReachK2,180,W2,SR,shaped,raw,development_DiagReachK2_s180_W2_SR,4,full_PPO,True,True,False,False,"[7.901366233825684, 8.253899574279785, 9.162217140197754]","[[7.901366233825684, 4.341038703918457, 3.0365898609161377], [8.253899574279785, 4.545129776000977, 3.801805257797241], [9.162217140197754, 5.201151371002197, 5.1861891746521]]","[[7.901366233825684, 4.341038703918457, 3.0365898609161377], [8.253899574279785, 4.545129776000977, 3.801805257797241], [9.162217140197754, 5.201151371002197, 5.1861891746521]]",raw,True,True,False,shaped,0.983136227855627,6.110084533691406,6.110084533691406,"[4.229766368865967, 3.3824381828308105]","[4.3565615412453385, 3.827623533598927]",0.42699551582336426
DiagReachK2,180,W2,SR,shaped,raw,development_DiagReachK2_s180_W2_SR,5,old,True,False,False,False,"[9.201410293579102, 8.925710678100586, 8.620041847229004]","[[9.201410293579102, 5.1593122482299805, 5.254547119140625], [8.925710678100586, 5.318332672119141, 4.386822700500488], [8.620041847229004, 4.304675102233887, 4.8430495262146]]","[[9.201410293579102, 5.1593122482299805, 5.254547119140625], [8.925710678100586, 5.318332672119141, 4.386822700500488], [8.620041847229004, 4.304675102233887, 4.8430495262146]]",raw,True,True,False,shaped,1.0599828926304256,5.269641876220703,5.269641876220703,"[4.106780052185059, 4.595884323120117]","[4.003773300866965, 3.9683733635351226]",0.3857150077819824
DiagReachK2,180,W2,SR,shaped,raw,development_DiagReachK2_s180_W2_SR,6,old,True,False,False,False,"[9.135034561157227, 8.55714225769043, 7.857580184936523]","[[9.135034561157227, 5.260902404785156, 5.132749557495117], [8.55714225769043, 4.269894599914551, 4.376689434051514], [7.857580184936523, 3.434735059738159, 4.20610237121582]]","[[9.135034561157227, 5.260902404785156, 5.132749557495117], [8.55714225769043, 4.269894599914551, 4.376689434051514], [7.857580184936523, 3.434735059738159, 4.20610237121582]]",raw,True,True,False,shaped,3.4684052548783946,5.185116767883301,5.185116767883301,"[5.597563743591309, 5.0062456130981445]","[4.3556005052029825, 4.041598282613108]",0.39510011672973633
DiagReachK2,180,W2,SR,shaped,raw,development_DiagReachK2_s180_W2_SR,7,joint_W2,False,False,False,False,"[9.191088676452637, 9.213518142700195, 9.182392120361328]","[[9.191088676452637, 5.283365726470947, 5.237455368041992], [9.213518142700195, 5.731938362121582, 5.453698635101318], [9.182392120361328, 6.2281718254089355, 5.049198150634766]]","[[9.191088676452637, 5.283365726470947, 5.237455368041992], [9.213518142700195, 5.731938362121582, 5.453698635101318], [8.985333442687988, 6.2281718254089355, 5.049198150634766]]",raw,True,True,False,shaped,0.9771706448520039,5.879448890686035,5.879448890686035,"[3.940136671066284, 4.472141265869141]","[4.61758126602987, 4.124064926846123]",0.3733224868774414
DiagReachK2,180,W2,SR,shaped,raw,development_DiagReachK2_s180_W2_SR,8,old,True,False,False,False,"[9.197555541992188, 8.713006019592285, 8.961160659790039]","[[9.197555541992188, 5.108905792236328, 5.209737777709961], [8.713006019592285, 5.373015880584717, 4.336960792541504], [8.961160659790039, 4.891825199127197, 5.171022415161133]]","[[9.197555541992188, 5.108905792236328, 5.209737777709961], [8.713006019592285, 5.373015880584717, 4.336960792541504], [8.961160659790039, 4.891825199127197, 5.171022415161133]]",raw,True,True,False,shaped,0.6387655755119587,6.117384910583496,6.117384910583496,"[4.294307708740234, 4.091494083404541]","[4.5044103632869295, 3.7121415242981297]",0.3766214847564697
DiagReachK2,180,W2,SR,shaped,raw,development_DiagReachK2_s180_W2_SR,9,old,True,False,False,False,"[9.174503326416016, 9.05038833618164, 8.888023376464844]","[[9.174503326416016, 5.293139934539795, 5.303544521331787], [9.05038833618164, 5.081577777862549, 5.021836280822754], [8.888023376464844, 5.339244842529297, 4.666996955871582]]","[[9.174503326416016, 5.293139934539795, 5.303544521331787], [9.05038833618164, 5.081577777862549, 5.021836280822754], [8.888023376464844, 5.339244842529297, 4.666996955871582]]",raw,True,True,False,shaped,0.7583453613990228,6.413250923156738,6.413250923156738,"[5.262460231781006, 4.968461513519287]","[5.06475212665808, 4.707676971231123]",0.3928341865539551
DiagReachK2,180,W2,SR,shaped,raw,development_DiagReachK2_s180_W2_SR,10,old,True,False,False,False,"[9.225067138671875, 8.879730224609375, 9.008199691772461]","[[9.225067138671875, 5.211620330810547, 5.253562927246094], [8.879730224609375, 4.431459426879883, 5.442727088928223], [9.008199691772461, 4.593420505523682, 5.885209083557129]]","[[9.225067138671875, 5.211620330810547, 5.253562927246094], [8.879730224609375, 4.431459426879883, 5.442727088928223], [9.008199691772461, 4.593420505523682, 5.885209083557129]]",raw,True,True,False,shaped,2.0984069630150533,5.537921905517578,5.537921905517578,"[4.8204145431518555, 3.8690390586853027]","[3.9754386528110723, 3.841645237950105]",0.42772603034973145
DiagReachK2,180,W2,SR,shaped,raw,development_DiagReachK2_s180_W2_SR,11,old,True,False,False,False,"[9.171480178833008, 8.835577011108398, 8.538728713989258]","[[9.171480178833008, 5.160853385925293, 5.252749443054199], [8.835577011108398, 4.441780090332031, 4.879707336425781], [8.538728713989258, 3.767752170562744, 5.527658939361572]]","[[9.171480178833008, 5.160853385925293, 5.252749443054199], [8.835577011108398, 4.441780090332031, 4.879707336425781], [8.538728713989258, 3.767752170562744, 5.527658939361572]]",raw,True,True,False,shaped,2.328331004573464,5.131287574768066,5.131287574768066,"[4.699188709259033, 3.968803882598877]","[3.279027639828976, 3.750777012250535]",0.41422033309936523
DiagReachK2,180,W2,SR,shaped,raw,development_DiagReachK2_s180_W2_SR,12,old,True,False,False,False,"[9.1947021484375, 8.881986618041992, 8.871623992919922]","[[9.1947021484375, 5.36836576461792, 5.276686191558838], [8.881986618041992, 5.841866970062256, 4.276285171508789], [8.871623992919922, 6.229770183563232, 4.53417444229126]]","[[9.1947021484375, 5.36836576461792, 5.276686191558838], [8.853654861450195, 5.841866970062256, 4.276285171508789], [8.665614128112793, 6.229770183563232, 4.53417444229126]]",raw,True,True,False,shaped,0.6890341105696406,6.056295871734619,6.056295871734619,"[4.516615390777588, 5.0447587966918945]","[4.697637626445088, 4.190637033828785]",0.40951108932495117
DiagReachK2,180,W2,SR,shaped,raw,development_DiagReachK2_s180_W2_SR,13,old,True,False,False,False,"[9.167262077331543, 8.975423812866211, 8.506101608276367]","[[9.167262077331543, 5.221711158752441, 5.18686580657959], [8.975423812866211, 5.116139888763428, 4.57342529296875], [8.506101608276367, 4.6839447021484375, 3.923356533050537]]","[[9.167262077331543, 5.221711158752441, 5.18686580657959], [8.975423812866211, 5.116139888763428, 4.57342529296875], [8.506101608276367, 4.6839447021484375, 3.923356533050537]]",raw,True,True,False,shaped,2.0001684950695635,4.814044952392578,4.814044952392578,"[5.094964027404785, 4.99043607711792]","[4.535601039910815, 4.075805920139208]",0.4137561321258545
DiagReachK2,180,W2,SR,shaped,raw,development_DiagReachK2_s180_W2_SR,14,old,True,False,False,False,"[9.175443649291992, 9.17077922821045, 8.326157569885254]","[[9.175443649291992, 5.18161678314209, 5.245927810668945], [9.17077922821045, 5.053081512451172, 5.316439628601074], [8.326157569885254, 3.451324701309204, 5.848981857299805]]","[[9.175443649291992, 5.18161678314209, 5.245927810668945], [9.17077922821045, 5.053081512451172, 5.316439628601074], [8.326157569885254, 3.451324701309204, 5.848981857299805]]",raw,True,True,False,shaped,2.5782619021072994,5.134854793548584,5.134854793548584,"[5.18035364151001, 5.244481563568115]","[4.251051543796734, 5.565875698509091]",0.3909726142883301
DiagReachK2,180,W2,SR,shaped,raw,development_DiagReachK2_s180_W2_SR,15,old,True,False,False,False,"[9.183126449584961, 9.064857482910156, 9.151108741760254]","[[9.183126449584961, 5.219513893127441, 5.252854347229004], [9.064857482910156, 5.361772060394287, 5.202071189880371], [9.151108741760254, 4.7570695877075195, 5.7316179275512695]]","[[9.183126449584961, 5.219513893127441, 5.252854347229004], [9.064857482910156, 5.361772060394287, 5.202071189880371], [9.151108741760254, 4.7570695877075195, 5.7316179275512695]]",raw,True,True,False,shaped,1.640651718121211,6.222618103027344,6.222618103027344,"[4.705514907836914, 4.10675048828125]","[4.416593696682797, 4.511318405307792]",0.4206414222717285
DiagReachK2,180,W2,SR,shaped,raw,development_DiagReachK2_s180_W2_SR,16,old,True,False,False,False,"[9.195196151733398, 9.30416488647461, 9.386630058288574]","[[9.195196151733398, 5.23504114151001, 5.36183500289917], [9.30416488647461, 5.886186122894287, 5.561595916748047], [9.386630058288574, 6.22590446472168, 5.837609767913818]]","[[9.195196151733398, 5.23504114151001, 5.36183500289917], [9.290082931518555, 5.886186122894287, 5.561595916748047], [9.16830825805664, 6.22590446472168, 5.837609767913818]]",raw,True,True,False,shaped,1.1114887028380713,5.900412559509277,5.900412559509277,"[4.375267028808594, 4.8369879722595215]","[4.302872332411803, 5.149126512790566]",0.4340071678161621
DiagReachK2,180,W2,SR,shaped,raw,development_DiagReachK2_s180_W2_SR,17,joint_W2,True,True,False,False,"[9.16721248626709, 9.249771118164062, 9.470620155334473]","[[9.16721248626709, 5.113239288330078, 5.220146179199219], [9.249771118164062, 5.537840843200684, 5.340301990509033], [9.470620155334473, 5.481212615966797, 6.004720687866211]]","[[9.16721248626709, 5.113239288330078, 5.220146179199219], [9.249771118164062, 5.537840843200684, 5.340301990509033], [9.452101707458496, 5.481212615966797, 6.004720687866211]]",raw,True,True,False,shaped,1.1462045423819618,5.853168964385986,5.853168964385986,"[4.349900722503662, 4.830729007720947]","[4.5853047352632, 5.336470318735184]",0.386568546295166
DiagReachK2,180,W2,SR,shaped,raw,development_DiagReachK2_s180_W2_SR,18,old,True,False,False,False,"[9.227811813354492, 8.839314460754395, 8.399351119995117]","[[9.227811813354492, 5.570584297180176, 5.397485733032227], [8.839314460754395, 4.815230369567871, 4.971982955932617], [8.399351119995117, 3.904001235961914, 5.040230751037598]]","[[9.227811813354492, 5.570584297180176, 5.397485733032227], [8.839314460754395, 4.815230369567871, 4.971982955932617], [8.399351119995117, 3.904001235961914, 5.040230751037598]]",raw,True,True,False,shaped,2.3648976096368477,4.733259677886963,4.733259677886963,"[5.82022762298584, 4.372824192047119]","[4.802259310077142, 4.167698845554173]",0.41311001777648926
DiagReachK2,180,W2,SR,shaped,raw,development_DiagReachK2_s180_W2_SR,19,old,True,False,False,False,"[9.22834587097168, 9.543373107910156, 8.501023292541504]","[[9.22834587097168, 5.692259311676025, 5.332241058349609], [9.543373107910156, 5.861382961273193, 6.082045555114746], [8.501023292541504, 4.200047016143799, 4.884552001953125]]","[[9.22834587097168, 5.692259311676025, 5.332241058349609], [9.44285774230957, 5.861382961273193, 6.082045555114746], [8.501023292541504, 4.200047016143799, 4.884552001953125]]",raw,True,True,False,shaped,0.6734661494748397,5.817426681518555,5.817426681518555,"[5.120579242706299, 4.714777946472168]","[5.191258598554347, 5.019877322360728]",0.3868281841278076
DiagReachK2,180,W2,SR,shaped,raw,development_DiagReachK2_s180_W2_SR,20,joint_W2,True,True,False,False,"[9.187265396118164, 9.234981536865234, 8.334586143493652]","[[9.187265396118164, 5.855413913726807, 5.409597396850586], [9.234981536865234, 5.526335716247559, 5.3743109703063965], [8.334586143493652, 4.294373989105225, 4.66534423828125]]","[[9.187265396118164, 5.855413913726807, 5.409597396850586], [9.234981536865234, 5.526335716247559, 5.3743109703063965], [8.334586143493652, 4.294373989105225, 4.66534423828125]]",raw,True,True,False,shaped,1.9600250662512686,5.637712001800537,5.637712001800537,"[5.593315124511719, 4.860024452209473]","[4.601031091615664, 4.828021641583977]",0.413219690322876
DiagReachK2,180,W2,SR,shaped,raw,development_DiagReachK2_s180_W2_SR,21,old,True,False,False,False,"[9.257589340209961, 8.890456199645996, 8.418342590332031]","[[9.257589340209961, 5.214669704437256, 5.301943302154541], [8.890456199645996, 5.424478530883789, 4.389341831207275], [8.418342590332031, 5.644111633300781, 3.3328170776367188]]","[[9.257589340209961, 5.214669704437256, 5.301943302154541], [8.890456199645996, 5.424478530883789, 4.389341831207275], [8.418342590332031, 5.644111633300781, 3.3328170776367188]]",raw,True,True,False,shaped,1.6551050270700807,5.161881446838379,5.161881446838379,"[3.913320541381836, 5.4660139083862305]","[4.356260527210398, 4.364470786452138]",0.40802621841430664
DiagReachK2,180,W2,SR,shaped,raw,development_DiagReachK2_s180_W2_SR,22,old,True,False,False,False,"[9.246543884277344, 8.969391822814941, 8.412652015686035]","[[9.246543884277344, 5.468684196472168, 5.218715667724609], [8.969391822814941, 4.857260704040527, 4.982095241546631], [8.412652015686035, 4.128513813018799, 4.897446155548096]]","[[9.246543884277344, 5.468684196472168, 5.218715667724609], [8.969391822814941, 4.857260704040527, 4.982095241546631], [8.412652015686035, 4.128513813018799, 4.897446155548096]]",raw,True,True,False,shaped,2.6379768842502855,5.646240234375,5.646240234375,"[4.970774173736572, 4.786324501037598]","[3.1319123859506104, 4.091697092660784]",0.49376988410949707
DiagReachK2,180,W2,SR,shaped,raw,development_DiagReachK2_s180_W2_SR,23,joint_W2,True,True,False,False,"[9.230928421020508, 9.240740776062012, 9.210411071777344]","[[9.230928421020508, 5.293618202209473, 5.245363235473633], [9.240740776062012, 5.515388011932373, 5.193249702453613], [9.210411071777344, 6.047389984130859, 4.59130859375]]","[[9.230928421020508, 5.293618202209473, 5.245363235473633], [9.240740776062012, 5.515388011932373, 5.193249702453613], [9.140251159667969, 6.047389984130859, 4.59130859375]]",raw,True,True,False,shaped,1.2856187467557099,6.381996154785156,6.381996154785156,"[5.049612522125244, 4.681926727294922]","[5.999999776128151, 4.449962696862859]",0.3858835697174072
DiagReachK2,180,W2,SR,shaped,raw,development_DiagReachK2_s180_W2_SR,24,old,True,False,False,False,"[9.261041641235352, 8.8814058303833, 8.467025756835938]","[[9.261041641235352, 5.517273902893066, 5.2659478187561035], [8.8814058303833, 5.8046159744262695, 4.743068218231201], [8.467025756835938, 5.136317253112793, 3.9386630058288574]]","[[9.261041641235352, 5.517273902893066, 5.2659478187561035], [8.8814058303833, 5.8046159744262695, 4.743068218231201], [8.467025756835938, 5.136317253112793, 3.9386630058288574]]",raw,True,True,False,shaped,0.8570369372205464,6.624751091003418,6.624751091003418,"[4.6048054695129395, 5.5049729347229]","[4.54776858354043, 5.030033396944547]",0.3818955421447754
DiagReachK2,180,W2,SS,shaped,shaped,development_DiagReachK2_s180_W2_SS,0,full_PPO,True,True,False,False,"[2.1314003467559814, 3.465188980102539, 5.548655986785889]","[[2.1314003467559814, 0.0, 0.19113659858703613], [3.465188980102539, 0.004743553698062897, 0.7775321006774902], [5.548655986785889, 1.0490580797195435, 1.9056885242462158]]","[[2.1314003467559814, 0.0, 0.19113659858703613], [3.465188980102539, 0.004743553698062897, 0.7775321006774902], [5.548655986785889, 1.0490580797195435, 1.9056885242462158]]",shaped,True,True,False,shaped,1.4705033905203597,3.074333667755127,3.074333667755127,"[1.5594117641448975, 1.6262317895889282]","[2.1300326406458256, 1.9928914328772835]",0.44216322898864746
DiagReachK2,180,W2,SS,shaped,shaped,development_DiagReachK2_s180_W2_SS,1,full_PPO,True,True,False,False,"[5.618382930755615, 6.512323379516602, 7.875162601470947]","[[5.618382930755615, 1.150360345840454, 2.022132158279419], [6.512323379516602, 2.3276357650756836, 2.305720806121826], [7.875162601470947, 4.241504192352295, 3.0675501823425293]]","[[5.618382930755615, 1.150360345840454, 2.022132158279419], [6.512323379516602, 2.3276357650756836, 2.305720806121826], [7.875162601470947, 4.241504192352295, 3.0675501823425293]]",shaped,True,True,False,shaped,1.6789711003628007,4.047889709472656,4.047889709472656,"[2.284193515777588, 2.948697566986084]","[3.184005851189352, 2.8539325890298803]",0.37926578521728516
DiagReachK2,180,W2,SS,shaped,shaped,development_DiagReachK2_s180_W2_SS,2,old,True,False,False,False,"[7.904262542724609, 7.716753005981445, 7.558281898498535]","[[7.904262542724609, 4.444488048553467, 3.0698299407958984], [7.716753005981445, 4.0837578773498535, 2.745073080062866], [7.599959373474121, 6.049600601196289, 1.9405285120010376]]","[[7.904262542724609, 4.444488048553467, 3.0698299407958984], [7.716753005981445, 4.0837578773498535, 2.745073080062866], [7.558281898498535, 6.049600601196289, 1.9405285120010376]]",shaped,True,True,False,shaped,2.206774711478011,5.112235069274902,5.112235069274902,"[4.29714298248291, 4.123237609863281]","[3.529106064250681, 3.0074323414012856]",0.44306325912475586
DiagReachK2,180,W2,SS,shaped,shaped,development_DiagReachK2_s180_W2_SS,3,old,True,False,False,False,"[7.964147567749023, 7.634552955627441, 7.138713836669922]","[[7.964147567749023, 4.382805824279785, 3.097702741622925], [7.634552955627441, 3.8312602043151855, 2.5725040435791016], [7.138713836669922, 3.873969078063965, 1.9013739824295044]]","[[7.964147567749023, 4.382805824279785, 3.097702741622925], [7.634552955627441, 3.8312602043151855, 2.5725040435791016], [7.138713836669922, 3.873969078063965, 1.9013739824295044]]",shaped,True,True,False,shaped,2.878752185567639,4.640158653259277,4.640158653259277,"[4.2287678718566895, 3.1495063304901123]","[3.8455316590480857, 2.62799971984885]",0.40877318382263184
DiagReachK2,180,W2,SS,shaped,shaped,development_DiagReachK2_s180_W2_SS,4,full_PPO,True,True,False,False,"[7.901366233825684, 8.253899574279785, 9.162217140197754]","[[7.901366233825684, 4.341038703918457, 3.0365898609161377], [8.253899574279785, 4.545129776000977, 3.801805257797241], [9.162217140197754, 5.201151371002197, 5.1861891746521]]","[[7.901366233825684, 4.341038703918457, 3.0365898609161377], [8.253899574279785, 4.545129776000977, 3.801805257797241], [9.162217140197754, 5.201151371002197, 5.1861891746521]]",shaped,True,True,False,shaped,0.983136227855627,6.110084533691406,6.110084533691406,"[4.229766368865967, 3.3824381828308105]","[4.3565615412453385, 3.827623533598927]",0.43205881118774414
DiagReachK2,180,W2,SS,shaped,shaped,development_DiagReachK2_s180_W2_SS,5,old,True,False,False,False,"[9.201410293579102, 8.925710678100586, 8.620041847229004]","[[9.201410293579102, 5.1593122482299805, 5.254547119140625], [8.925710678100586, 5.318332672119141, 4.386822700500488], [8.620041847229004, 4.304675102233887, 4.8430495262146]]","[[9.201410293579102, 5.1593122482299805, 5.254547119140625], [8.925710678100586, 5.318332672119141, 4.386822700500488], [8.620041847229004, 4.304675102233887, 4.8430495262146]]",shaped,True,True,False,shaped,1.0599828926304256,5.269641876220703,5.269641876220703,"[4.106780052185059, 4.595884323120117]","[4.003773300866965, 3.9683733635351226]",0.41739726066589355
DiagReachK2,180,W2,SS,shaped,shaped,development_DiagReachK2_s180_W2_SS,6,old,True,False,False,False,"[9.135034561157227, 8.55714225769043, 7.857580184936523]","[[9.135034561157227, 5.260902404785156, 5.132749557495117], [8.55714225769043, 4.269894599914551, 4.376689434051514], [7.857580184936523, 3.434735059738159, 4.20610237121582]]","[[9.135034561157227, 5.260902404785156, 5.132749557495117], [8.55714225769043, 4.269894599914551, 4.376689434051514], [7.857580184936523, 3.434735059738159, 4.20610237121582]]",shaped,True,True,False,shaped,3.4684052548783946,5.185116767883301,5.185116767883301,"[5.597563743591309, 5.0062456130981445]","[4.3556005052029825, 4.041598282613108]",0.4452965259552002
DiagReachK2,180,W2,SS,shaped,shaped,development_DiagReachK2_s180_W2_SS,7,joint_W2,False,False,False,False,"[9.191088676452637, 9.213518142700195, 8.985333442687988]","[[9.191088676452637, 5.283365726470947, 5.237455368041992], [9.213518142700195, 5.731938362121582, 5.453698635101318], [9.182392120361328, 6.2281718254089355, 5.049198150634766]]","[[9.191088676452637, 5.283365726470947, 5.237455368041992], [9.213518142700195, 5.731938362121582, 5.453698635101318], [8.985333442687988, 6.2281718254089355, 5.049198150634766]]",shaped,True,True,False,shaped,0.9771706448520039,5.879448890686035,5.879448890686035,"[3.940136671066284, 4.472141265869141]","[4.61758126602987, 4.124064926846123]",0.4003620147705078
DiagReachK2,180,W2,SS,shaped,shaped,development_DiagReachK2_s180_W2_SS,8,old,True,False,False,False,"[9.197555541992188, 8.713006019592285, 8.961160659790039]","[[9.197555541992188, 5.108905792236328, 5.209737777709961], [8.713006019592285, 5.373015880584717, 4.336960792541504], [8.961160659790039, 4.891825199127197, 5.171022415161133]]","[[9.197555541992188, 5.108905792236328, 5.209737777709961], [8.713006019592285, 5.373015880584717, 4.336960792541504], [8.961160659790039, 4.891825199127197, 5.171022415161133]]",shaped,True,True,False,shaped,0.6387655755119587,6.117384910583496,6.117384910583496,"[4.294307708740234, 4.091494083404541]","[4.5044103632869295, 3.7121415242981297]",0.39788079261779785
DiagReachK2,180,W2,SS,shaped,shaped,development_DiagReachK2_s180_W2_SS,9,old,True,False,False,False,"[9.174503326416016, 9.05038833618164, 8.888023376464844]","[[9.174503326416016, 5.293139934539795, 5.303544521331787], [9.05038833618164, 5.081577777862549, 5.021836280822754], [8.888023376464844, 5.339244842529297, 4.666996955871582]]","[[9.174503326416016, 5.293139934539795, 5.303544521331787], [9.05038833618164, 5.081577777862549, 5.021836280822754], [8.888023376464844, 5.339244842529297, 4.666996955871582]]",shaped,True,True,False,shaped,0.7583453613990228,6.413250923156738,6.413250923156738,"[5.262460231781006, 4.968461513519287]","[5.06475212665808, 4.707676971231123]",0.39505767822265625
DiagReachK2,180,W2,SS,shaped,shaped,development_DiagReachK2_s180_W2_SS,10,old,True,False,False,False,"[9.225067138671875, 8.879730224609375, 9.008199691772461]","[[9.225067138671875, 5.211620330810547, 5.253562927246094], [8.879730224609375, 4.431459426879883, 5.442727088928223], [9.008199691772461, 4.593420505523682, 5.885209083557129]]","[[9.225067138671875, 5.211620330810547, 5.253562927246094], [8.879730224609375, 4.431459426879883, 5.442727088928223], [9.008199691772461, 4.593420505523682, 5.885209083557129]]",shaped,True,True,False,shaped,2.0984069630150533,5.537921905517578,5.537921905517578,"[4.8204145431518555, 3.8690390586853027]","[3.9754386528110723, 3.841645237950105]",0.39406514167785645
DiagReachK2,180,W2,SS,shaped,shaped,development_DiagReachK2_s180_W2_SS,11,old,True,False,False,False,"[9.171480178833008, 8.835577011108398, 8.538728713989258]","[[9.171480178833008, 5.160853385925293, 5.252749443054199], [8.835577011108398, 4.441780090332031, 4.879707336425781], [8.538728713989258, 3.767752170562744, 5.527658939361572]]","[[9.171480178833008, 5.160853385925293, 5.252749443054199], [8.835577011108398, 4.441780090332031, 4.879707336425781], [8.538728713989258, 3.767752170562744, 5.527658939361572]]",shaped,True,True,False,shaped,2.328331004573464,5.131287574768066,5.131287574768066,"[4.699188709259033, 3.968803882598877]","[3.279027639828976, 3.750777012250535]",0.4280092716217041
DiagReachK2,180,W2,SS,shaped,shaped,development_DiagReachK2_s180_W2_SS,12,old,True,False,False,False,"[9.1947021484375, 8.853654861450195, 8.665614128112793]","[[9.1947021484375, 5.36836576461792, 5.276686191558838], [8.881986618041992, 5.841866970062256, 4.276285171508789], [8.871623992919922, 6.229770183563232, 4.53417444229126]]","[[9.1947021484375, 5.36836576461792, 5.276686191558838], [8.853654861450195, 5.841866970062256, 4.276285171508789], [8.665614128112793, 6.229770183563232, 4.53417444229126]]",shaped,True,True,False,shaped,0.6890341105696406,6.056295871734619,6.056295871734619,"[4.516615390777588, 5.0447587966918945]","[4.697637626445088, 4.190637033828785]",0.3817892074584961
DiagReachK2,180,W2,SS,shaped,shaped,development_DiagReachK2_s180_W2_SS,13,old,True,False,False,False,"[9.167262077331543, 8.975423812866211, 8.506101608276367]","[[9.167262077331543, 5.221711158752441, 5.18686580657959], [8.975423812866211, 5.116139888763428, 4.57342529296875], [8.506101608276367, 4.6839447021484375, 3.923356533050537]]","[[9.167262077331543, 5.221711158752441, 5.18686580657959], [8.975423812866211, 5.116139888763428, 4.57342529296875], [8.506101608276367, 4.6839447021484375, 3.923356533050537]]",shaped,True,True,False,shaped,2.0001684950695635,4.814044952392578,4.814044952392578,"[5.094964027404785, 4.99043607711792]","[4.535601039910815, 4.075805920139208]",0.38170504570007324
DiagReachK2,180,W2,SS,shaped,shaped,development_DiagReachK2_s180_W2_SS,14,old,True,False,False,False,"[9.175443649291992, 9.17077922821045, 8.326157569885254]","[[9.175443649291992, 5.18161678314209, 5.245927810668945], [9.17077922821045, 5.053081512451172, 5.316439628601074], [8.326157569885254, 3.451324701309204, 5.848981857299805]]","[[9.175443649291992, 5.18161678314209, 5.245927810668945], [9.17077922821045, 5.053081512451172, 5.316439628601074], [8.326157569885254, 3.451324701309204, 5.848981857299805]]",shaped,True,True,False,shaped,2.5782619021072994,5.134854793548584,5.134854793548584,"[5.18035364151001, 5.244481563568115]","[4.251051543796734, 5.565875698509091]",0.36721014976501465
DiagReachK2,180,W2,SS,shaped,shaped,development_DiagReachK2_s180_W2_SS,15,old,True,False,False,False,"[9.183126449584961, 9.064857482910156, 9.151108741760254]","[[9.183126449584961, 5.219513893127441, 5.252854347229004], [9.064857482910156, 5.361772060394287, 5.202071189880371], [9.151108741760254, 4.7570695877075195, 5.7316179275512695]]","[[9.183126449584961, 5.219513893127441, 5.252854347229004], [9.064857482910156, 5.361772060394287, 5.202071189880371], [9.151108741760254, 4.7570695877075195, 5.7316179275512695]]",shaped,True,True,False,shaped,1.640651718121211,6.222618103027344,6.222618103027344,"[4.705514907836914, 4.10675048828125]","[4.416593696682797, 4.511318405307792]",0.3753354549407959
DiagReachK2,180,W2,SS,shaped,shaped,development_DiagReachK2_s180_W2_SS,16,old,True,False,False,False,"[9.195196151733398, 9.290082931518555, 9.16830825805664]","[[9.195196151733398, 5.23504114151001, 5.36183500289917], [9.30416488647461, 5.886186122894287, 5.561595916748047], [9.386630058288574, 6.22590446472168, 5.837609767913818]]","[[9.195196151733398, 5.23504114151001, 5.36183500289917], [9.290082931518555, 5.886186122894287, 5.561595916748047], [9.16830825805664, 6.22590446472168, 5.837609767913818]]",shaped,True,True,False,shaped,1.1114887028380713,5.900412559509277,5.900412559509277,"[4.375267028808594, 4.8369879722595215]","[4.302872332411803, 5.149126512790566]",0.3882255554199219
DiagReachK2,180,W2,SS,shaped,shaped,development_DiagReachK2_s180_W2_SS,17,joint_W2,True,True,False,False,"[9.16721248626709, 9.249771118164062, 9.452101707458496]","[[9.16721248626709, 5.113239288330078, 5.220146179199219], [9.249771118164062, 5.537840843200684, 5.340301990509033], [9.470620155334473, 5.481212615966797, 6.004720687866211]]","[[9.16721248626709, 5.113239288330078, 5.220146179199219], [9.249771118164062, 5.537840843200684, 5.340301990509033], [9.452101707458496, 5.481212615966797, 6.004720687866211]]",shaped,True,True,False,shaped,1.1462045423819618,5.853168964385986,5.853168964385986,"[4.349900722503662, 4.830729007720947]","[4.5853047352632, 5.336470318735184]",0.3876833915710449
DiagReachK2,180,W2,SS,shaped,shaped,development_DiagReachK2_s180_W2_SS,18,old,True,False,False,False,"[9.227811813354492, 8.839314460754395, 8.399351119995117]","[[9.227811813354492, 5.570584297180176, 5.397485733032227], [8.839314460754395, 4.815230369567871, 4.971982955932617], [8.399351119995117, 3.904001235961914, 5.040230751037598]]","[[9.227811813354492, 5.570584297180176, 5.397485733032227], [8.839314460754395, 4.815230369567871, 4.971982955932617], [8.399351119995117, 3.904001235961914, 5.040230751037598]]",shaped,True,True,False,shaped,2.3648976096368477,4.733259677886963,4.733259677886963,"[5.82022762298584, 4.372824192047119]","[4.802259310077142, 4.167698845554173]",0.4377884864807129
DiagReachK2,180,W2,SS,shaped,shaped,development_DiagReachK2_s180_W2_SS,19,old,True,False,False,False,"[9.22834587097168, 9.44285774230957, 8.501023292541504]","[[9.22834587097168, 5.692259311676025, 5.332241058349609], [9.543373107910156, 5.861382961273193, 6.082045555114746], [8.501023292541504, 4.200047016143799, 4.884552001953125]]","[[9.22834587097168, 5.692259311676025, 5.332241058349609], [9.44285774230957, 5.861382961273193, 6.082045555114746], [8.501023292541504, 4.200047016143799, 4.884552001953125]]",shaped,True,True,False,shaped,0.6734661494748397,5.817426681518555,5.817426681518555,"[5.120579242706299, 4.714777946472168]","[5.191258598554347, 5.019877322360728]",0.602269172668457
DiagReachK2,180,W2,SS,shaped,shaped,development_DiagReachK2_s180_W2_SS,20,joint_W2,True,True,False,False,"[9.187265396118164, 9.234981536865234, 8.334586143493652]","[[9.187265396118164, 5.855413913726807, 5.409597396850586], [9.234981536865234, 5.526335716247559, 5.3743109703063965], [8.334586143493652, 4.294373989105225, 4.66534423828125]]","[[9.187265396118164, 5.855413913726807, 5.409597396850586], [9.234981536865234, 5.526335716247559, 5.3743109703063965], [8.334586143493652, 4.294373989105225, 4.66534423828125]]",shaped,True,True,False,shaped,1.9600250662512686,5.637712001800537,5.637712001800537,"[5.593315124511719, 4.860024452209473]","[4.601031091615664, 4.828021641583977]",0.42453503608703613
DiagReachK2,180,W2,SS,shaped,shaped,development_DiagReachK2_s180_W2_SS,21,old,True,False,False,False,"[9.257589340209961, 8.890456199645996, 8.418342590332031]","[[9.257589340209961, 5.214669704437256, 5.301943302154541], [8.890456199645996, 5.424478530883789, 4.389341831207275], [8.418342590332031, 5.644111633300781, 3.3328170776367188]]","[[9.257589340209961, 5.214669704437256, 5.301943302154541], [8.890456199645996, 5.424478530883789, 4.389341831207275], [8.418342590332031, 5.644111633300781, 3.3328170776367188]]",shaped,True,True,False,shaped,1.6551050270700807,5.161881446838379,5.161881446838379,"[3.913320541381836, 5.4660139083862305]","[4.356260527210398, 4.364470786452138]",0.4319946765899658
DiagReachK2,180,W2,SS,shaped,shaped,development_DiagReachK2_s180_W2_SS,22,old,True,False,False,False,"[9.246543884277344, 8.969391822814941, 8.412652015686035]","[[9.246543884277344, 5.468684196472168, 5.218715667724609], [8.969391822814941, 4.857260704040527, 4.982095241546631], [8.412652015686035, 4.128513813018799, 4.897446155548096]]","[[9.246543884277344, 5.468684196472168, 5.218715667724609], [8.969391822814941, 4.857260704040527, 4.982095241546631], [8.412652015686035, 4.128513813018799, 4.897446155548096]]",shaped,True,True,False,shaped,2.6379768842502855,5.646240234375,5.646240234375,"[4.970774173736572, 4.786324501037598]","[3.1319123859506104, 4.091697092660784]",0.5070376396179199
DiagReachK2,180,W2,SS,shaped,shaped,development_DiagReachK2_s180_W2_SS,23,joint_W2,True,True,False,False,"[9.230928421020508, 9.240740776062012, 9.140251159667969]","[[9.230928421020508, 5.293618202209473, 5.245363235473633], [9.240740776062012, 5.515388011932373, 5.193249702453613], [9.210411071777344, 6.047389984130859, 4.59130859375]]","[[9.230928421020508, 5.293618202209473, 5.245363235473633], [9.240740776062012, 5.515388011932373, 5.193249702453613], [9.140251159667969, 6.047389984130859, 4.59130859375]]",shaped,True,True,False,shaped,1.2856187467557099,6.381996154785156,6.381996154785156,"[5.049612522125244, 4.681926727294922]","[5.999999776128151, 4.449962696862859]",0.37044215202331543
DiagReachK2,180,W2,SS,shaped,shaped,development_DiagReachK2_s180_W2_SS,24,old,True,False,False,False,"[9.261041641235352, 8.8814058303833, 8.467025756835938]","[[9.261041641235352, 5.517273902893066, 5.2659478187561035], [8.8814058303833, 5.8046159744262695, 4.743068218231201], [8.467025756835938, 5.136317253112793, 3.9386630058288574]]","[[9.261041641235352, 5.517273902893066, 5.2659478187561035], [8.8814058303833, 5.8046159744262695, 4.743068218231201], [8.467025756835938, 5.136317253112793, 3.9386630058288574]]",shaped,True,True,False,shaped,0.8570369372205464,6.624751091003418,6.624751091003418,"[4.6048054695129395, 5.5049729347229]","[4.54776858354043, 5.030033396944547]",0.40381765365600586
DiagReachK2,186,KL,RR,raw,raw,development_DiagReachK2_s186_KL_RR,0,full_PPO,True,True,False,False,"[4.9893341064453125, 4.98112678527832, 5.915472507476807]","[[4.9893341064453125, 5.086398601531982, 0.0], [4.98112678527832, 6.83026123046875, 0.0], [5.915472507476807, 5.1793413162231445, 0.05061697959899902]]","[[4.9893341064453125, 5.086398601531982, 0.0], [3.9621763229370117, 6.83026123046875, 0.0], [5.915472507476807, 5.1793413162231445, 0.05061697959899902]]",raw,True,True,False,raw,0.7741889964048841,5.246067523956299,3.8507704734802246,"[3.9224324226379395, 1.9191131591796875]","[4.853004855647285, 2.7993631043421825]",0.587465763092041
DiagReachK2,186,KL,RR,raw,raw,development_DiagReachK2_s186_KL_RR,1,full_PPO,True,True,False,False,"[6.014233589172363, 6.7443156242370605, 6.7931647300720215]","[[6.014233589172363, 5.329497814178467, 0.0838744044303894], [6.7443156242370605, 6.831274032592773, 0.31139111518859863], [6.7931647300720215, 5.7191314697265625, 0.6441957950592041]]","[[6.014233589172363, 5.329497814178467, 0.0838744044303894], [5.727524757385254, 6.831274032592773, 0.31139111518859863], [6.7931647300720215, 5.7191314697265625, 0.6441957950592041]]",raw,True,True,False,raw,1.2174317711415745,5.0826311111450195,3.005338668823242,"[4.65756893157959, 1.308035135269165]","[5.713875671315685, 1.6997306571085897]",0.5435142517089844
DiagReachK2,186,KL,RR,raw,raw,development_DiagReachK2_s186_KL_RR,2,old,True,False,False,False,"[6.756959915161133, 7.196266174316406, 8.190925598144531]","[[6.756959915161133, 5.744114875793457, 0.6612704992294312], [7.196266174316406, 6.9318718910217285, 0.9016500115394592], [8.190925598144531, 7.339341163635254, 2.4756298065185547]]","[[6.756959915161133, 5.744114875793457, 0.6612704992294312], [6.077568054199219, 6.9318718910217285, 0.9016500115394592], [6.231718063354492, 7.339341163635254, 2.4756298065185547]]",raw,True,True,False,raw,1.2798397366953476,4.799124240875244,3.6621017456054688,"[4.222380638122559, 1.595597505569458]","[5.643341498565123, 1.5297930785749112]",0.4039945602416992
DiagReachK2,186,KL,RR,raw,raw,development_DiagReachK2_s186_KL_RR,3,old,True,False,False,False,"[6.671536922454834, 7.330194473266602, 6.36293363571167]","[[6.671536922454834, 5.51193904876709, 0.6066487431526184], [7.330194473266602, 6.493514060974121, 1.2258093357086182], [6.36293363571167, 3.1368227005004883, 1.318631649017334]]","[[6.671536922454834, 5.51193904876709, 0.6066487431526184], [6.851269245147705, 6.493514060974121, 1.2258093357086182], [6.36293363571167, 3.1368227005004883, 1.318631649017334]]",raw,True,True,False,raw,0.6450460455365128,5.680434226989746,3.7966411113739014,"[4.73643159866333, 2.0485551357269287]","[5.8375436016703155, 2.227101414317776]",0.40632176399230957
DiagReachK2,186,KL,RR,raw,raw,development_DiagReachK2_s186_KL_RR,4,full_PPO,True,True,False,False,"[6.740248680114746, 7.351924419403076, 7.497384071350098]","[[6.740248680114746, 5.543786525726318, 0.604076623916626], [7.351924419403076, 6.012407302856445, 1.0839154720306396], [7.497384071350098, 4.418610572814941, 2.2963271141052246]]","[[6.740248680114746, 5.543786525726318, 0.604076623916626], [7.2749199867248535, 6.012407302856445, 1.0839154720306396], [7.497384071350098, 4.418610572814941, 2.2963271141052246]]",raw,True,True,False,raw,1.358369405397706,5.69510555267334,3.2152018547058105,"[5.160555839538574, 2.379678964614868]","[6.000000013445186, 2.824641866035868]",0.39777517318725586
DiagReachK2,186,KL,RR,raw,raw,development_DiagReachK2_s186_KL_RR,5,full_PPO,True,True,False,False,"[7.4283246994018555, 8.114863395690918, 8.23302173614502]","[[7.4283246994018555, 4.437495231628418, 2.297130584716797], [8.114863395690918, 5.870677471160889, 2.757530927658081], [8.23302173614502, 5.355075836181641, 3.3319807052612305]]","[[7.4283246994018555, 4.437495231628418, 2.297130584716797], [8.093106269836426, 5.870677471160889, 2.757530927658081], [8.23302173614502, 5.355075836181641, 3.3319807052612305]]",raw,True,True,False,raw,0.9191299477997807,5.725857257843018,4.842059135437012,"[4.354617595672607, 2.109567165374756]","[5.533124952619948, 2.1740164519499876]",0.47498512268066406
DiagReachK2,186,KL,RR,raw,raw,development_DiagReachK2_s186_KL_RR,6,old,True,False,False,False,"[8.216090202331543, 8.875411987304688, 9.440496444702148]","[[8.216090202331543, 5.368256568908691, 3.1994223594665527], [8.875411987304688, 6.096870422363281, 4.00824499130249], [9.440496444702148, 6.290888786315918, 5.1545891761779785]]","[[8.216090202331543, 5.368256568908691, 3.1994223594665527], [8.791735649108887, 6.096870422363281, 4.00824499130249], [9.194028854370117, 6.290888786315918, 5.1545891761779785]]",raw,True,True,False,raw,0.7039845294429209,6.751855373382568,6.320356845855713,"[4.386964321136475, 3.3169760704040527]","[4.910375197120509, 3.7692666683790166]",0.5529830455780029
DiagReachK2,186,KL,RR,raw,raw,development_DiagReachK2_s186_KL_RR,7,old,True,False,False,False,"[8.24968433380127, 9.023550033569336, 8.069709777832031]","[[8.24968433380127, 5.421750545501709, 3.3014025688171387], [9.023550033569336, 6.308524131774902, 4.445021152496338], [8.069709777832031, 4.362873077392578, 3.789252519607544]]","[[8.24968433380127, 5.421750545501709, 3.3014025688171387], [8.766447067260742, 6.308524131774902, 4.445021152496338], [8.069709777832031, 4.362873077392578, 3.789252519607544]]",raw,True,True,False,raw,0.9702932691144512,6.331198215484619,4.626956939697266,"[4.690105438232422, 3.2745590209960938]","[5.8265039941300785, 4.005989217822787]",0.4303104877471924
DiagReachK2,186,KL,RR,raw,raw,development_DiagReachK2_s186_KL_RR,8,full_PPO,True,True,False,False,"[8.221385955810547, 8.755200386047363, 8.355995178222656]","[[8.221385955810547, 5.414026260375977, 3.220529794692993], [8.755200386047363, 6.7451252937316895, 3.797053098678589], [8.355995178222656, 4.23195743560791, 4.702378749847412]]","[[8.221385955810547, 5.414026260375977, 3.220529794692993], [7.808720111846924, 6.7451252937316895, 3.797053098678589], [8.355995178222656, 4.23195743560791, 4.702378749847412]]",raw,True,True,False,raw,0.733690304710035,6.638128757476807,5.359608173370361,"[4.541352272033691, 3.6340346336364746]","[5.882377406819299, 4.313248564206626]",0.41194581985473633
DiagReachK2,186,KL,RR,raw,raw,development_DiagReachK2_s186_KL_RR,9,joint_KL,True,True,False,False,"[8.312103271484375, 8.501214027404785, 9.100908279418945]","[[8.312103271484375, 4.000783920288086, 4.724506378173828], [8.501214027404785, 4.572085380554199, 4.757436752319336], [9.100908279418945, 4.887943744659424, 6.450687408447266]]","[[8.312103271484375, 4.000783920288086, 4.724506378173828], [8.501214027404785, 4.572085380554199, 4.757436752319336], [8.550932884216309, 4.887943744659424, 6.450687408447266]]",raw,True,True,False,raw,1.0957215430191583,6.806586265563965,6.502194881439209,"[3.8572840690612793, 4.2421441078186035]","[4.477629905373988, 5.163293267010306]",0.4500443935394287
DiagReachK2,186,KL,RR,raw,raw,development_DiagReachK2_s186_KL_RR,10,joint_KL,True,True,False,False,"[8.494668006896973, 8.909587860107422, 9.41688346862793]","[[8.494668006896973, 4.786564350128174, 4.7189130783081055], [8.909587860107422, 5.724119186401367, 5.158207893371582], [9.41688346862793, 5.806705474853516, 5.997848987579346]]","[[8.494668006896973, 4.786564350128174, 4.7189130783081055], [8.909587860107422, 5.724119186401367, 5.158207893371582], [9.400725364685059, 5.806705474853516, 5.997848987579346]]",raw,True,True,False,raw,0.7230006241133132,6.4763898849487305,6.275444030761719,"[3.7445099353790283, 3.2692508697509766]","[4.567057852712876, 3.732589076059326]",0.380324125289917
DiagReachK2,186,KL,RR,raw,raw,development_DiagReachK2_s186_KL_RR,11,old,True,False,False,False,"[8.886987686157227, 9.19720458984375, 8.582063674926758]","[[8.886987686157227, 5.7122344970703125, 5.175644874572754], [9.19720458984375, 5.747653484344482, 5.898463249206543], [8.582063674926758, 4.982838153839111, 4.969263076782227]]","[[8.886987686157227, 5.7122344970703125, 5.175644874572754], [9.196512222290039, 5.747653484344482, 5.898463249206543], [8.582063674926758, 4.982838153839111, 4.969263076782227]]",raw,True,True,False,raw,0.3542805986696339,7.614633083343506,5.820528984069824,"[5.3141069412231445, 4.485707759857178]","[4.864108745976518, 5.284701541429705]",0.38727903366088867
DiagReachK2,186,KL,RR,raw,raw,development_DiagReachK2_s186_KL_RR,12,old,True,False,False,False,"[8.920645713806152, 9.39260196685791, 8.74057388305664]","[[8.920645713806152, 5.69677734375, 5.24908447265625], [9.39260196685791, 5.810301303863525, 6.265490531921387], [8.74057388305664, 4.443984031677246, 6.1207475662231445]]","[[8.920645713806152, 5.69677734375, 5.24908447265625], [8.90781307220459, 5.810301303863525, 6.265490531921387], [8.606205940246582, 4.443984031677246, 6.1207475662231445]]",raw,True,True,False,raw,0.6674502041770475,7.419384002685547,5.087261199951172,"[5.833089351654053, 3.77803111076355]","[5.922762274737411, 4.559036010915677]",0.40216994285583496
DiagReachK2,186,KL,RR,raw,raw,development_DiagReachK2_s186_KL_RR,13,old,True,False,False,False,"[8.922796249389648, 9.393694877624512, 8.292643547058105]","[[8.922796249389648, 5.625870704650879, 5.262236595153809], [9.393694877624512, 5.887511730194092, 6.118852615356445], [8.292643547058105, 4.021867752075195, 5.3020710945129395]]","[[8.922796249389648, 5.625870704650879, 5.262236595153809], [9.250344276428223, 5.887511730194092, 6.118852615356445], [8.292643547058105, 4.021867752075195, 5.3020710945129395]]",raw,True,True,False,raw,0.5952370554782895,7.323542594909668,5.6551361083984375,"[5.244351387023926, 4.355351448059082]","[5.279542865066897, 5.2511627071858085]",0.39071178436279297
DiagReachK2,186,KL,RR,raw,raw,development_DiagReachK2_s186_KL_RR,14,old,True,False,False,False,"[8.919633865356445, 9.15268325805664, 8.505208969116211]","[[8.919633865356445, 5.581191062927246, 5.237961292266846], [9.15268325805664, 6.360631942749023, 5.302582263946533], [8.505208969116211, 4.675376892089844, 5.294625282287598]]","[[8.919633865356445, 5.581191062927246, 5.237961292266846], [8.801739692687988, 6.360631942749023, 5.302582263946533], [8.505208969116211, 4.675376892089844, 5.294625282287598]]",raw,True,True,False,raw,0.8628914899348411,6.95311975479126,5.672940254211426,"[4.766358852386475, 3.827479600906372]","[5.5168275103986355, 4.4547104623586655]",0.3861985206604004
DiagReachK2,186,KL,RR,raw,raw,development_DiagReachK2_s186_KL_RR,15,joint_KL,True,True,False,False,"[8.962668418884277, 9.017997741699219, 8.062898635864258]","[[8.962668418884277, 5.669985771179199, 5.290040969848633], [9.017997741699219, 5.727835178375244, 5.2965617179870605], [8.062898635864258, 4.8297553062438965, 3.884967565536499]]","[[8.962668418884277, 5.669985771179199, 5.290040969848633], [9.017997741699219, 5.727835178375244, 5.2965617179870605], [8.062898635864258, 4.8297553062438965, 3.884967565536499]]",raw,True,True,False,raw,0.35635026308375034,7.605458736419678,5.765525817871094,"[4.601157188415527, 5.18511962890625]","[4.569064936227265, 5.958868847861949]",0.4030468463897705
DiagReachK2,186,KL,RR,raw,raw,development_DiagReachK2_s186_KL_RR,16,old,True,False,False,False,"[8.91700553894043, 8.895057678222656, 8.306299209594727]","[[8.91700553894043, 5.677310466766357, 5.280640602111816], [8.895057678222656, 6.564551830291748, 4.931665897369385], [8.306299209594727, 4.560970306396484, 4.9295854568481445]]","[[8.91700553894043, 5.677310466766357, 5.280640602111816], [8.257482528686523, 6.564551830291748, 4.931665897369385], [8.306299209594727, 4.560970306396484, 4.9295854568481445]]",raw,True,True,False,raw,0.395678727774322,7.404766082763672,5.941417694091797,"[5.100726127624512, 4.603817939758301]","[5.7565660212708, 4.762521346830951]",0.3939223289489746
DiagReachK2,186,KL,RR,raw,raw,development_DiagReachK2_s186_KL_RR,17,old,True,False,False,False,"[8.975153923034668, 9.576171875, 8.14986515045166]","[[8.975153923034668, 5.809430122375488, 5.221264839172363], [9.576171875, 6.214923858642578, 6.2874956130981445], [8.14986515045166, 4.522391319274902, 4.499856948852539]]","[[8.975153923034668, 5.809430122375488, 5.221264839172363], [8.86996078491211, 6.214923858642578, 6.2874956130981445], [8.14986515045166, 4.522391319274902, 4.499856948852539]]",raw,True,True,False,raw,0.6893595234073073,7.352883815765381,3.447145462036133,"[5.47711706161499, 4.624902248382568]","[5.760176763332766, 5.743577945372517]",0.3858158588409424
DiagReachK2,186,KL,RR,raw,raw,development_DiagReachK2_s186_KL_RR,18,old,True,False,False,False,"[8.933382987976074, 9.321792602539062, 8.08295726776123]","[[8.933382987976074, 5.678920745849609, 5.227283000946045], [9.321792602539062, 6.482609748840332, 5.943938732147217], [8.08295726776123, 4.416508197784424, 4.182531356811523]]","[[8.933382987976074, 5.678920745849609, 5.227283000946045], [8.759563446044922, 6.482609748840332, 5.943938732147217], [8.08295726776123, 4.416508197784424, 4.182531356811523]]",raw,True,True,False,raw,0.5078533272409761,7.762643337249756,6.245062828063965,"[5.023552417755127, 5.1112751960754395]","[5.305969648917217, 5.489840648855067]",0.44754791259765625
DiagReachK2,186,KL,RR,raw,raw,development_DiagReachK2_s186_KL_RR,19,joint_KL,False,False,False,False,"[8.903238296508789, 9.087154388427734, 8.041364669799805]","[[8.903238296508789, 5.672957420349121, 5.070960998535156], [9.087154388427734, 5.502770900726318, 5.708581924438477], [8.041364669799805, 4.723263263702393, 3.681216239929199]]","[[8.903238296508789, 5.672957420349121, 5.070960998535156], [9.087154388427734, 5.502770900726318, 5.708581924438477], [8.041364669799805, 4.723263263702393, 3.681216239929199]]",raw,True,True,False,raw,0.6079053240004992,7.507660865783691,5.2763566970825195,"[5.368497371673584, 4.619925498962402]","[4.910050085847159, 5.758261634077808]",0.40790534019470215
DiagReachK2,186,KL,RR,raw,raw,development_DiagReachK2_s186_KL_RR,20,full_PPO,True,True,False,False,"[8.968055725097656, 9.026132583618164, 9.099711418151855]","[[8.968055725097656, 5.706119060516357, 5.268791198730469], [9.026132583618164, 6.134349822998047, 5.332564353942871], [9.099711418151855, 5.778342247009277, 5.549875259399414]]","[[8.968055725097656, 5.706119060516357, 5.268791198730469], [8.91417407989502, 6.134349822998047, 5.332564353942871], [9.099711418151855, 5.778342247009277, 5.549875259399414]]",raw,True,True,False,raw,0.5094968050732179,7.207232475280762,5.486373424530029,"[5.039032936096191, 4.503068923950195]","[5.830689283743235, 4.951848315171386]",0.3905599117279053
DiagReachK2,186,KL,RR,raw,raw,development_DiagReachK2_s186_KL_RR,21,old,True,False,False,False,"[9.093231201171875, 9.264659881591797, 8.636378288269043]","[[9.093231201171875, 5.773360252380371, 5.534152507781982], [9.264659881591797, 6.380151748657227, 5.757467269897461], [8.636378288269043, 5.063925743103027, 4.890706539154053]]","[[9.093231201171875, 5.773360252380371, 5.534152507781982], [8.932611465454102, 6.380151748657227, 5.757467269897461], [8.636378288269043, 5.063925743103027, 4.890706539154053]]",raw,True,True,False,raw,0.45578374553380563,7.759119510650635,6.110724925994873,"[5.103920936584473, 5.220420837402344]","[5.928637678784577, 5.646803561331968]",0.3927114009857178
DiagReachK2,186,KL,RR,raw,raw,development_DiagReachK2_s186_KL_RR,22,old,False,False,False,False,"[9.0997953414917, 9.185914993286133, 8.758163452148438]","[[9.0997953414917, 5.799979209899902, 5.523111343383789], [9.185914993286133, 6.208461284637451, 5.651877403259277], [8.758163452148438, 6.5547990798950195, 4.32564115524292]]","[[9.075554847717285, 5.799979209899902, 5.523111343383789], [8.98576831817627, 6.208461284637451, 5.651877403259277], [8.113139152526855, 6.5547990798950195, 4.32564115524292]]",raw,True,True,False,raw,0.42569452072824515,7.628833770751953,5.692238807678223,"[4.739923477172852, 5.042006015777588]","[5.157966575403855, 5.864901937504206]",0.36869001388549805
DiagReachK2,186,KL,RR,raw,raw,development_DiagReachK2_s186_KL_RR,23,old,True,False,False,False,"[9.149066925048828, 9.202239990234375, 9.16494369506836]","[[9.149066925048828, 5.822391033172607, 5.502237319946289], [9.202239990234375, 5.537936210632324, 5.990015506744385], [9.16494369506836, 5.449034690856934, 6.020537376403809]]","[[9.140905380249023, 5.822391033172607, 5.502237319946289], [9.149397850036621, 5.537936210632324, 5.990015506744385], [9.08774185180664, 5.449034690856934, 6.020537376403809]]",raw,True,True,False,raw,0.6109735772263705,7.10840368270874,5.071234226226807,"[5.289191246032715, 4.4857869148254395]","[5.411034267892873, 5.641077199929462]",0.41797947883605957
DiagReachK2,186,KL,RR,raw,raw,development_DiagReachK2_s186_KL_RR,24,old,False,False,False,False,"[9.118446350097656, 9.32668685913086, 8.881986618041992]","[[9.118446350097656, 5.851935386657715, 5.5016937255859375], [9.32668685913086, 6.605557441711426, 5.591248035430908], [8.881986618041992, 5.874720573425293, 4.966263294219971]]","[[9.118446350097656, 5.851935386657715, 5.5016937255859375], [8.65989875793457, 6.605557441711426, 5.591248035430908], [8.881986618041992, 5.874720573425293, 4.966263294219971]]",raw,True,True,False,raw,0.5852196340621623,7.993344783782959,6.292851448059082,"[5.40579891204834, 5.458497524261475]","[5.803989782632483, 6.000000101179879]",0.37245607376098633
DiagReachK2,186,KL,RS,raw,shaped,development_DiagReachK2_s186_KL_RS,0,full_PPO,True,True,False,False,"[4.9893341064453125, 3.9621763229370117, 5.915472507476807]","[[4.9893341064453125, 5.086398601531982, 0.0], [4.98112678527832, 6.83026123046875, 0.0], [5.915472507476807, 5.1793413162231445, 0.05061697959899902]]","[[4.9893341064453125, 5.086398601531982, 0.0], [3.9621763229370117, 6.83026123046875, 0.0], [5.915472507476807, 5.1793413162231445, 0.05061697959899902]]",shaped,True,True,False,raw,0.7741889964048841,5.246067523956299,3.8507704734802246,"[3.9224324226379395, 1.9191131591796875]","[4.853004855647285, 2.7993631043421825]",0.37076878547668457
DiagReachK2,186,KL,RS,raw,shaped,development_DiagReachK2_s186_KL_RS,1,full_PPO,True,True,False,False,"[6.014233589172363, 5.727524757385254, 6.7931647300720215]","[[6.014233589172363, 5.329497814178467, 0.0838744044303894], [6.7443156242370605, 6.831274032592773, 0.31139111518859863], [6.7931647300720215, 5.7191314697265625, 0.6441957950592041]]","[[6.014233589172363, 5.329497814178467, 0.0838744044303894], [5.727524757385254, 6.831274032592773, 0.31139111518859863], [6.7931647300720215, 5.7191314697265625, 0.6441957950592041]]",shaped,True,True,False,raw,1.2174317711415745,5.0826311111450195,3.005338668823242,"[4.65756893157959, 1.308035135269165]","[5.713875671315685, 1.6997306571085897]",0.41139817237854004
DiagReachK2,186,KL,RS,raw,shaped,development_DiagReachK2_s186_KL_RS,2,old,True,False,False,False,"[6.756959915161133, 6.077568054199219, 6.231718063354492]","[[6.756959915161133, 5.744114875793457, 0.6612704992294312], [7.196266174316406, 6.9318718910217285, 0.9016500115394592], [8.190925598144531, 7.339341163635254, 2.4756298065185547]]","[[6.756959915161133, 5.744114875793457, 0.6612704992294312], [6.077568054199219, 6.9318718910217285, 0.9016500115394592], [6.231718063354492, 7.339341163635254, 2.4756298065185547]]",shaped,True,True,False,raw,1.2798397366953476,4.799124240875244,3.6621017456054688,"[4.222380638122559, 1.595597505569458]","[5.643341498565123, 1.5297930785749112]",0.36768460273742676
DiagReachK2,186,KL,RS,raw,shaped,development_DiagReachK2_s186_KL_RS,3,old,True,False,False,False,"[6.671536922454834, 6.851269245147705, 6.36293363571167]","[[6.671536922454834, 5.51193904876709, 0.6066487431526184], [7.330194473266602, 6.493514060974121, 1.2258093357086182], [6.36293363571167, 3.1368227005004883, 1.318631649017334]]","[[6.671536922454834, 5.51193904876709, 0.6066487431526184], [6.851269245147705, 6.493514060974121, 1.2258093357086182], [6.36293363571167, 3.1368227005004883, 1.318631649017334]]",shaped,True,True,False,raw,0.6450460455365128,5.680434226989746,3.7966411113739014,"[4.73643159866333, 2.0485551357269287]","[5.8375436016703155, 2.227101414317776]",0.3919029235839844
DiagReachK2,186,KL,RS,raw,shaped,development_DiagReachK2_s186_KL_RS,4,full_PPO,True,True,False,False,"[6.740248680114746, 7.2749199867248535, 7.497384071350098]","[[6.740248680114746, 5.543786525726318, 0.604076623916626], [7.351924419403076, 6.012407302856445, 1.0839154720306396], [7.497384071350098, 4.418610572814941, 2.2963271141052246]]","[[6.740248680114746, 5.543786525726318, 0.604076623916626], [7.2749199867248535, 6.012407302856445, 1.0839154720306396], [7.497384071350098, 4.418610572814941, 2.2963271141052246]]",shaped,True,True,False,raw,1.358369405397706,5.69510555267334,3.2152018547058105,"[5.160555839538574, 2.379678964614868]","[6.000000013445186, 2.824641866035868]",0.39035534858703613
DiagReachK2,186,KL,RS,raw,shaped,development_DiagReachK2_s186_KL_RS,5,full_PPO,True,True,False,False,"[7.4283246994018555, 8.093106269836426, 8.23302173614502]","[[7.4283246994018555, 4.437495231628418, 2.297130584716797], [8.114863395690918, 5.870677471160889, 2.757530927658081], [8.23302173614502, 5.355075836181641, 3.3319807052612305]]","[[7.4283246994018555, 4.437495231628418, 2.297130584716797], [8.093106269836426, 5.870677471160889, 2.757530927658081], [8.23302173614502, 5.355075836181641, 3.3319807052612305]]",shaped,True,True,False,raw,0.9191299477997807,5.725857257843018,4.842059135437012,"[4.354617595672607, 2.109567165374756]","[5.533124952619948, 2.1740164519499876]",0.4134693145751953
DiagReachK2,186,KL,RS,raw,shaped,development_DiagReachK2_s186_KL_RS,6,old,True,False,False,False,"[8.216090202331543, 8.791735649108887, 9.194028854370117]","[[8.216090202331543, 5.368256568908691, 3.1994223594665527], [8.875411987304688, 6.096870422363281, 4.00824499130249], [9.440496444702148, 6.290888786315918, 5.1545891761779785]]","[[8.216090202331543, 5.368256568908691, 3.1994223594665527], [8.791735649108887, 6.096870422363281, 4.00824499130249], [9.194028854370117, 6.290888786315918, 5.1545891761779785]]",shaped,True,True,False,raw,0.7039845294429209,6.751855373382568,6.320356845855713,"[4.386964321136475, 3.3169760704040527]","[4.910375197120509, 3.7692666683790166]",0.5271310806274414
DiagReachK2,186,KL,RS,raw,shaped,development_DiagReachK2_s186_KL_RS,7,old,True,False,False,False,"[8.24968433380127, 8.766447067260742, 8.069709777832031]","[[8.24968433380127, 5.421750545501709, 3.3014025688171387], [9.023550033569336, 6.308524131774902, 4.445021152496338], [8.069709777832031, 4.362873077392578, 3.789252519607544]]","[[8.24968433380127, 5.421750545501709, 3.3014025688171387], [8.766447067260742, 6.308524131774902, 4.445021152496338], [8.069709777832031, 4.362873077392578, 3.789252519607544]]",shaped,True,True,False,raw,0.9702932691144512,6.331198215484619,4.626956939697266,"[4.690105438232422, 3.2745590209960938]","[5.8265039941300785, 4.005989217822787]",0.4083285331726074
DiagReachK2,186,KL,RS,raw,shaped,development_DiagReachK2_s186_KL_RS,8,full_PPO,True,True,False,False,"[8.221385955810547, 7.808720111846924, 8.355995178222656]","[[8.221385955810547, 5.414026260375977, 3.220529794692993], [8.755200386047363, 6.7451252937316895, 3.797053098678589], [8.355995178222656, 4.23195743560791, 4.702378749847412]]","[[8.221385955810547, 5.414026260375977, 3.220529794692993], [7.808720111846924, 6.7451252937316895, 3.797053098678589], [8.355995178222656, 4.23195743560791, 4.702378749847412]]",shaped,True,True,False,raw,0.733690304710035,6.638128757476807,5.359608173370361,"[4.541352272033691, 3.6340346336364746]","[5.882377406819299, 4.313248564206626]",0.40302133560180664
DiagReachK2,186,KL,RS,raw,shaped,development_DiagReachK2_s186_KL_RS,9,joint_KL,True,True,False,False,"[8.312103271484375, 8.501214027404785, 8.550932884216309]","[[8.312103271484375, 4.000783920288086, 4.724506378173828], [8.501214027404785, 4.572085380554199, 4.757436752319336], [9.100908279418945, 4.887943744659424, 6.450687408447266]]","[[8.312103271484375, 4.000783920288086, 4.724506378173828], [8.501214027404785, 4.572085380554199, 4.757436752319336], [8.550932884216309, 4.887943744659424, 6.450687408447266]]",shaped,True,True,False,raw,1.0957215430191583,6.806586265563965,6.502194881439209,"[3.8572840690612793, 4.2421441078186035]","[4.477629905373988, 5.163293267010306]",0.3984355926513672
DiagReachK2,186,KL,RS,raw,shaped,development_DiagReachK2_s186_KL_RS,10,joint_KL,True,True,False,False,"[8.494668006896973, 8.909587860107422, 9.400725364685059]","[[8.494668006896973, 4.786564350128174, 4.7189130783081055], [8.909587860107422, 5.724119186401367, 5.158207893371582], [9.41688346862793, 5.806705474853516, 5.997848987579346]]","[[8.494668006896973, 4.786564350128174, 4.7189130783081055], [8.909587860107422, 5.724119186401367, 5.158207893371582], [9.400725364685059, 5.806705474853516, 5.997848987579346]]",shaped,True,True,False,raw,0.7230006241133132,6.4763898849487305,6.275444030761719,"[3.7445099353790283, 3.2692508697509766]","[4.567057852712876, 3.732589076059326]",0.37831783294677734
DiagReachK2,186,KL,RS,raw,shaped,development_DiagReachK2_s186_KL_RS,11,old,True,False,False,False,"[8.886987686157227, 9.196512222290039, 8.582063674926758]","[[8.886987686157227, 5.7122344970703125, 5.175644874572754], [9.19720458984375, 5.747653484344482, 5.898463249206543], [8.582063674926758, 4.982838153839111, 4.969263076782227]]","[[8.886987686157227, 5.7122344970703125, 5.175644874572754], [9.196512222290039, 5.747653484344482, 5.898463249206543], [8.582063674926758, 4.982838153839111, 4.969263076782227]]",shaped,True,True,False,raw,0.3542805986696339,7.614633083343506,5.820528984069824,"[5.3141069412231445, 4.485707759857178]","[4.864108745976518, 5.284701541429705]",0.37088727951049805
DiagReachK2,186,KL,RS,raw,shaped,development_DiagReachK2_s186_KL_RS,12,old,True,False,False,False,"[8.920645713806152, 8.90781307220459, 8.606205940246582]","[[8.920645713806152, 5.69677734375, 5.24908447265625], [9.39260196685791, 5.810301303863525, 6.265490531921387], [8.74057388305664, 4.443984031677246, 6.1207475662231445]]","[[8.920645713806152, 5.69677734375, 5.24908447265625], [8.90781307220459, 5.810301303863525, 6.265490531921387], [8.606205940246582, 4.443984031677246, 6.1207475662231445]]",shaped,True,True,False,raw,0.6674502041770475,7.419384002685547,5.087261199951172,"[5.833089351654053, 3.77803111076355]","[5.922762274737411, 4.559036010915677]",0.44863200187683105
DiagReachK2,186,KL,RS,raw,shaped,development_DiagReachK2_s186_KL_RS,13,old,True,False,False,False,"[8.922796249389648, 9.250344276428223, 8.292643547058105]","[[8.922796249389648, 5.625870704650879, 5.262236595153809], [9.393694877624512, 5.887511730194092, 6.118852615356445], [8.292643547058105, 4.021867752075195, 5.3020710945129395]]","[[8.922796249389648, 5.625870704650879, 5.262236595153809], [9.250344276428223, 5.887511730194092, 6.118852615356445], [8.292643547058105, 4.021867752075195, 5.3020710945129395]]",shaped,True,True,False,raw,0.5952370554782895,7.323542594909668,5.6551361083984375,"[5.244351387023926, 4.355351448059082]","[5.279542865066897, 5.2511627071858085]",0.3796408176422119
DiagReachK2,186,KL,RS,raw,shaped,development_DiagReachK2_s186_KL_RS,14,old,True,False,False,False,"[8.919633865356445, 8.801739692687988, 8.505208969116211]","[[8.919633865356445, 5.581191062927246, 5.237961292266846], [9.15268325805664, 6.360631942749023, 5.302582263946533], [8.505208969116211, 4.675376892089844, 5.294625282287598]]","[[8.919633865356445, 5.581191062927246, 5.237961292266846], [8.801739692687988, 6.360631942749023, 5.302582263946533], [8.505208969116211, 4.675376892089844, 5.294625282287598]]",shaped,True,True,False,raw,0.8628914899348411,6.95311975479126,5.672940254211426,"[4.766358852386475, 3.827479600906372]","[5.5168275103986355, 4.4547104623586655]",0.37152600288391113
DiagReachK2,186,KL,RS,raw,shaped,development_DiagReachK2_s186_KL_RS,15,joint_KL,True,True,False,False,"[8.962668418884277, 9.017997741699219, 8.062898635864258]","[[8.962668418884277, 5.669985771179199, 5.290040969848633], [9.017997741699219, 5.727835178375244, 5.2965617179870605], [8.062898635864258, 4.8297553062438965, 3.884967565536499]]","[[8.962668418884277, 5.669985771179199, 5.290040969848633], [9.017997741699219, 5.727835178375244, 5.2965617179870605], [8.062898635864258, 4.8297553062438965, 3.884967565536499]]",shaped,True,True,False,raw,0.35635026308375034,7.605458736419678,5.765525817871094,"[4.601157188415527, 5.18511962890625]","[4.569064936227265, 5.958868847861949]",0.37054014205932617
DiagReachK2,186,KL,RS,raw,shaped,development_DiagReachK2_s186_KL_RS,16,old,True,False,False,False,"[8.91700553894043, 8.257482528686523, 8.306299209594727]","[[8.91700553894043, 5.677310466766357, 5.280640602111816], [8.895057678222656, 6.564551830291748, 4.931665897369385], [8.306299209594727, 4.560970306396484, 4.9295854568481445]]","[[8.91700553894043, 5.677310466766357, 5.280640602111816], [8.257482528686523, 6.564551830291748, 4.931665897369385], [8.306299209594727, 4.560970306396484, 4.9295854568481445]]",shaped,True,True,False,raw,0.395678727774322,7.404766082763672,5.941417694091797,"[5.100726127624512, 4.603817939758301]","[5.7565660212708, 4.762521346830951]",0.3705935478210449
DiagReachK2,186,KL,RS,raw,shaped,development_DiagReachK2_s186_KL_RS,17,old,True,False,False,False,"[8.975153923034668, 8.86996078491211, 8.14986515045166]","[[8.975153923034668, 5.809430122375488, 5.221264839172363], [9.576171875, 6.214923858642578, 6.2874956130981445], [8.14986515045166, 4.522391319274902, 4.499856948852539]]","[[8.975153923034668, 5.809430122375488, 5.221264839172363], [8.86996078491211, 6.214923858642578, 6.2874956130981445], [8.14986515045166, 4.522391319274902, 4.499856948852539]]",shaped,True,True,False,raw,0.6893595234073073,7.352883815765381,3.447145462036133,"[5.47711706161499, 4.624902248382568]","[5.760176763332766, 5.743577945372517]",0.37920570373535156
DiagReachK2,186,KL,RS,raw,shaped,development_DiagReachK2_s186_KL_RS,18,old,True,False,False,False,"[8.933382987976074, 8.759563446044922, 8.08295726776123]","[[8.933382987976074, 5.678920745849609, 5.227283000946045], [9.321792602539062, 6.482609748840332, 5.943938732147217], [8.08295726776123, 4.416508197784424, 4.182531356811523]]","[[8.933382987976074, 5.678920745849609, 5.227283000946045], [8.759563446044922, 6.482609748840332, 5.943938732147217], [8.08295726776123, 4.416508197784424, 4.182531356811523]]",shaped,True,True,False,raw,0.5078533272409761,7.762643337249756,6.245062828063965,"[5.023552417755127, 5.1112751960754395]","[5.305969648917217, 5.489840648855067]",0.5171411037445068
DiagReachK2,186,KL,RS,raw,shaped,development_DiagReachK2_s186_KL_RS,19,joint_KL,False,False,False,False,"[8.903238296508789, 9.087154388427734, 8.041364669799805]","[[8.903238296508789, 5.672957420349121, 5.070960998535156], [9.087154388427734, 5.502770900726318, 5.708581924438477], [8.041364669799805, 4.723263263702393, 3.681216239929199]]","[[8.903238296508789, 5.672957420349121, 5.070960998535156], [9.087154388427734, 5.502770900726318, 5.708581924438477], [8.041364669799805, 4.723263263702393, 3.681216239929199]]",shaped,True,True,False,raw,0.6079053240004992,7.507660865783691,5.2763566970825195,"[5.368497371673584, 4.619925498962402]","[4.910050085847159, 5.758261634077808]",0.38549232482910156
DiagReachK2,186,KL,RS,raw,shaped,development_DiagReachK2_s186_KL_RS,20,full_PPO,True,True,False,False,"[8.968055725097656, 8.91417407989502, 9.099711418151855]","[[8.968055725097656, 5.706119060516357, 5.268791198730469], [9.026132583618164, 6.134349822998047, 5.332564353942871], [9.099711418151855, 5.778342247009277, 5.549875259399414]]","[[8.968055725097656, 5.706119060516357, 5.268791198730469], [8.91417407989502, 6.134349822998047, 5.332564353942871], [9.099711418151855, 5.778342247009277, 5.549875259399414]]",shaped,True,True,False,raw,0.5094968050732179,7.207232475280762,5.486373424530029,"[5.039032936096191, 4.503068923950195]","[5.830689283743235, 4.951848315171386]",0.48723816871643066
DiagReachK2,186,KL,RS,raw,shaped,development_DiagReachK2_s186_KL_RS,21,old,True,False,False,False,"[9.093231201171875, 8.932611465454102, 8.636378288269043]","[[9.093231201171875, 5.773360252380371, 5.534152507781982], [9.264659881591797, 6.380151748657227, 5.757467269897461], [8.636378288269043, 5.063925743103027, 4.890706539154053]]","[[9.093231201171875, 5.773360252380371, 5.534152507781982], [8.932611465454102, 6.380151748657227, 5.757467269897461], [8.636378288269043, 5.063925743103027, 4.890706539154053]]",shaped,True,True,False,raw,0.45578374553380563,7.759119510650635,6.110724925994873,"[5.103920936584473, 5.220420837402344]","[5.928637678784577, 5.646803561331968]",0.3928349018096924
DiagReachK2,186,KL,RS,raw,shaped,development_DiagReachK2_s186_KL_RS,22,old,False,False,False,False,"[9.075554847717285, 8.98576831817627, 8.113139152526855]","[[9.0997953414917, 5.799979209899902, 5.523111343383789], [9.185914993286133, 6.208461284637451, 5.651877403259277], [8.758163452148438, 6.5547990798950195, 4.32564115524292]]","[[9.075554847717285, 5.799979209899902, 5.523111343383789], [8.98576831817627, 6.208461284637451, 5.651877403259277], [8.113139152526855, 6.5547990798950195, 4.32564115524292]]",shaped,True,True,False,raw,0.42569452072824515,7.628833770751953,5.692238807678223,"[4.739923477172852, 5.042006015777588]","[5.157966575403855, 5.864901937504206]",0.46111083030700684
DiagReachK2,186,KL,RS,raw,shaped,development_DiagReachK2_s186_KL_RS,23,old,True,False,False,False,"[9.140905380249023, 9.149397850036621, 9.08774185180664]","[[9.149066925048828, 5.822391033172607, 5.502237319946289], [9.202239990234375, 5.537936210632324, 5.990015506744385], [9.16494369506836, 5.449034690856934, 6.020537376403809]]","[[9.140905380249023, 5.822391033172607, 5.502237319946289], [9.149397850036621, 5.537936210632324, 5.990015506744385], [9.08774185180664, 5.449034690856934, 6.020537376403809]]",shaped,True,True,False,raw,0.6109735772263705,7.10840368270874,5.071234226226807,"[5.289191246032715, 4.4857869148254395]","[5.411034267892873, 5.641077199929462]",0.391430139541626
DiagReachK2,186,KL,RS,raw,shaped,development_DiagReachK2_s186_KL_RS,24,old,False,False,False,False,"[9.118446350097656, 8.65989875793457, 8.881986618041992]","[[9.118446350097656, 5.851935386657715, 5.5016937255859375], [9.32668685913086, 6.605557441711426, 5.591248035430908], [8.881986618041992, 5.874720573425293, 4.966263294219971]]","[[9.118446350097656, 5.851935386657715, 5.5016937255859375], [8.65989875793457, 6.605557441711426, 5.591248035430908], [8.881986618041992, 5.874720573425293, 4.966263294219971]]",shaped,True,True,False,raw,0.5852196340621623,7.993344783782959,6.292851448059082,"[5.40579891204834, 5.458497524261475]","[5.803989782632483, 6.000000101179879]",0.3803672790527344
DiagReachK2,186,KL,SR,shaped,raw,development_DiagReachK2_s186_KL_SR,0,joint_KL,True,True,False,False,"[4.9893341064453125, 6.030747890472412, 5.915472507476807]","[[4.9893341064453125, 5.086398601531982, 0.0], [6.030747890472412, 5.167281150817871, 0.10405618697404861], [5.915472507476807, 5.1793413162231445, 0.05061697959899902]]","[[4.9893341064453125, 5.086398601531982, 0.0], [6.030747890472412, 5.167281150817871, 0.10405618697404861], [5.915472507476807, 5.1793413162231445, 0.05061697959899902]]",raw,True,True,False,shaped,1.072377391264977,3.8507704734802246,3.8507704734802246,"[3.9224324226379395, 1.9191131591796875]","[3.672366979650056, 2.6228903579407143]",0.7449429035186768
DiagReachK2,186,KL,SR,shaped,raw,development_DiagReachK2_s186_KL_SR,1,joint_KL,True,True,False,False,"[6.118082046508789, 6.468976020812988, 6.443376541137695]","[[6.118082046508789, 5.315041542053223, 0.1412811279296875], [6.468976020812988, 3.958862066268921, 0.8239991664886475], [6.443376541137695, 4.378575801849365, 0.6366310119628906]]","[[6.118082046508789, 5.315041542053223, 0.1412811279296875], [6.468976020812988, 3.958862066268921, 0.8239991664886475], [6.443376541137695, 4.378575801849365, 0.6366310119628906]]",raw,True,True,False,shaped,1.827043180262251,3.111476421356201,3.111476421356201,"[4.624058723449707, 1.3234789371490479]","[3.246288096886264, 1.4326667879222508]",0.7919094562530518
DiagReachK2,186,KL,SR,shaped,raw,development_DiagReachK2_s186_KL_SR,2,joint_KL,True,True,False,False,"[6.42064094543457, 7.180505752563477, 8.109628677368164]","[[6.42064094543457, 3.9412779808044434, 0.8411709666252136], [7.180505752563477, 4.750162601470947, 1.6172068119049072], [8.109628677368164, 6.482895851135254, 2.6432883739471436]]","[[6.42064094543457, 3.9412779808044434, 0.8411709666252136], [7.180505752563477, 4.750162601470947, 1.6172068119049072], [7.7006354331970215, 6.482895851135254, 2.6432883739471436]]",raw,True,True,False,shaped,0.9112978461139795,3.9137167930603027,3.9137167930603027,"[3.7298381328582764, 1.5277572870254517]","[3.9101851688840856, 1.8956478139798074]",0.49558186531066895
DiagReachK2,186,KL,SR,shaped,raw,development_DiagReachK2_s186_KL_SR,3,joint_KL,True,True,False,False,"[7.124500274658203, 7.485594749450684, 6.7008867263793945]","[[7.124500274658203, 4.642158508300781, 1.5512731075286865], [7.485594749450684, 4.598086357116699, 1.9429441690444946], [6.7008867263793945, 4.009217262268066, 1.2445166110992432]]","[[7.124500274658203, 4.642158508300781, 1.5512731075286865], [7.485594749450684, 4.598086357116699, 1.9429441690444946], [6.7008867263793945, 4.009217262268066, 1.2445166110992432]]",raw,True,True,False,shaped,2.4276244660059625,3.976402759552002,3.976402759552002,"[4.51499080657959, 3.1822853088378906]","[4.268076962690819, 2.440055455858552]",0.8044857978820801
DiagReachK2,186,KL,SR,shaped,raw,development_DiagReachK2_s186_KL_SR,4,full_PPO,True,True,False,False,"[7.549792766571045, 7.9184956550598145, 8.710858345031738]","[[7.549792766571045, 4.595849990844727, 1.9506440162658691], [7.9184956550598145, 5.223544597625732, 1.8343782424926758], [8.710858345031738, 4.333349704742432, 4.151320457458496]]","[[7.549792766571045, 4.595849990844727, 1.9506440162658691], [7.9184956550598145, 5.223544597625732, 1.8343782424926758], [8.710858345031738, 4.333349704742432, 4.151320457458496]]",raw,True,True,False,shaped,1.0357563030738182,5.595429420471191,5.595429420471191,"[4.074004173278809, 2.575143337249756]","[3.994072307579121, 2.6114040772707265]",0.7259068489074707
DiagReachK2,186,KL,SR,shaped,raw,development_DiagReachK2_s186_KL_SR,5,joint_KL,True,True,False,False,"[8.64031982421875, 8.862350463867188, 7.421124458312988]","[[8.64031982421875, 4.324039936065674, 4.137763023376465], [8.862350463867188, 4.820124626159668, 4.535452842712402], [7.421124458312988, 2.2783055305480957, 4.4106926918029785]]","[[8.64031982421875, 4.324039936065674, 4.137763023376465], [8.862350463867188, 4.820124626159668, 4.535452842712402], [7.421124458312988, 2.2783055305480957, 4.4106926918029785]]",raw,True,True,False,shaped,2.282370921410693,5.48136043548584,5.48136043548584,"[5.499563217163086, 3.125046968460083]","[4.87217061733931, 3.0733954051502392]",0.8560338020324707
DiagReachK2,186,KL,SR,shaped,raw,development_DiagReachK2_s186_KL_SR,6,full_PPO,True,True,False,False,"[8.817825317382812, 8.701083183288574, 8.94277286529541]","[[8.817825317382812, 4.820852279663086, 4.456509590148926], [8.701083183288574, 5.078864097595215, 3.8876523971557617], [8.94277286529541, 5.011542320251465, 4.467693328857422]]","[[8.817825317382812, 4.820852279663086, 4.456509590148926], [8.701083183288574, 5.078864097595215, 3.8876523971557617], [8.94277286529541, 5.011542320251465, 4.467693328857422]]",raw,True,True,False,shaped,0.5080520925219295,6.034990310668945,6.034990310668945,"[3.967951536178589, 3.608795166015625]","[4.171616120734874, 3.393885325540486]",0.6688532829284668
DiagReachK2,186,KL,SR,shaped,raw,development_DiagReachK2_s186_KL_SR,7,old,True,False,False,False,"[9.007652282714844, 8.722076416015625, 8.171610832214355]","[[9.007652282714844, 5.089407920837402, 4.53501558303833], [8.722076416015625, 4.7142133712768555, 4.404390335083008], [8.171610832214355, 4.47870397567749, 3.2847681045532227]]","[[9.007652282714844, 5.089407920837402, 4.53501558303833], [8.722076416015625, 4.7142133712768555, 4.404390335083008], [8.171610832214355, 4.47870397567749, 3.2847681045532227]]",raw,True,True,False,shaped,2.0392469310940475,5.602932929992676,5.602932929992676,"[5.201534271240234, 4.4631147384643555]","[4.504846039902755, 3.8126634880998136]",0.7635848522186279
DiagReachK2,186,KL,SR,shaped,raw,development_DiagReachK2_s186_KL_SR,8,old,True,False,False,False,"[8.998671531677246, 8.877349853515625, 8.304348945617676]","[[8.998671531677246, 5.059891223907471, 4.4766035079956055], [8.877349853515625, 4.824323654174805, 4.556837558746338], [8.304348945617676, 3.9505417346954346, 4.1288228034973145]]","[[8.998671531677246, 5.059891223907471, 4.4766035079956055], [8.877349853515625, 4.824323654174805, 4.556837558746338], [8.304348945617676, 3.9505417346954346, 4.1288228034973145]]",raw,True,True,False,shaped,2.3422497246268525,5.818426132202148,5.818426132202148,"[5.6101508140563965, 4.224437236785889]","[4.7620181782092095, 4.434246977692232]",0.7634007930755615
DiagReachK2,186,KL,SR,shaped,raw,development_DiagReachK2_s186_KL_SR,9,joint_KL,True,True,False,False,"[8.980672836303711, 9.030898094177246, 8.941960334777832]","[[8.980672836303711, 4.922274589538574, 4.471339225769043], [9.030898094177246, 4.997748374938965, 4.454074859619141], [8.941960334777832, 5.240212917327881, 4.255773544311523]]","[[8.980672836303711, 4.922274589538574, 4.471339225769043], [9.030898094177246, 4.997748374938965, 4.454074859619141], [8.941960334777832, 5.240212917327881, 4.255773544311523]]",raw,True,True,False,shaped,0.9567146851809115,6.003420352935791,6.003420352935791,"[4.436939239501953, 4.191687107086182]","[4.541081540896733, 4.272769561099836]",0.7310848236083984
DiagReachK2,186,KL,SR,shaped,raw,development_DiagReachK2_s186_KL_SR,10,old,True,False,False,False,"[9.033418655395508, 8.954262733459473, 8.373652458190918]","[[9.033418655395508, 5.101845741271973, 4.462979316711426], [8.954262733459473, 4.967397689819336, 4.748134613037109], [8.373652458190918, 3.9994425773620605, 4.283360004425049]]","[[9.033418655395508, 5.101845741271973, 4.462979316711426], [8.954262733459473, 4.967397689819336, 4.748134613037109], [8.373652458190918, 3.9994425773620605, 4.283360004425049]]",raw,True,True,False,shaped,1.0230379849764104,6.494677543640137,6.494677543640137,"[4.870394229888916, 4.312769889831543]","[4.57077935428943, 4.928337526081938]",0.7357101440429688
DiagReachK2,186,KL,SR,shaped,raw,development_DiagReachK2_s186_KL_SR,11,old,True,False,False,False,"[9.031761169433594, 8.644143104553223, 7.655341148376465]","[[9.031761169433594, 5.094318389892578, 4.484153747558594], [8.644143104553223, 4.365818023681641, 4.133289337158203], [7.655341148376465, 3.2040843963623047, 3.6271021366119385]]","[[9.031761169433594, 5.094318389892578, 4.484153747558594], [8.644143104553223, 4.365818023681641, 4.133289337158203], [7.655341148376465, 3.2040843963623047, 3.6271021366119385]]",raw,True,True,False,shaped,2.5734231833149908,5.411552906036377,5.411552906036377,"[5.5824294090271, 4.690058708190918]","[4.099943730292221, 3.667332378579845]",0.7176973819732666
DiagReachK2,186,KL,SR,shaped,raw,development_DiagReachK2_s186_KL_SR,12,old,True,False,False,False,"[9.024173736572266, 8.972257614135742, 7.887346267700195]","[[9.024173736572266, 5.097517967224121, 4.53023624420166], [8.972257614135742, 5.426424026489258, 4.148451328277588], [7.887346267700195, 4.148223876953125, 2.947096347808838]]","[[9.024173736572266, 5.097517967224121, 4.53023624420166], [8.972257614135742, 5.426424026489258, 4.148451328277588], [7.887346267700195, 4.148223876953125, 2.947096347808838]]",raw,True,True,False,shaped,1.5392442447885937,6.138880729675293,6.138880729675293,"[5.091132164001465, 4.601107120513916]","[5.463583030056783, 4.10438836287578]",0.7418317794799805
DiagReachK2,186,KL,SR,shaped,raw,development_DiagReachK2_s186_KL_SR,13,old,True,False,False,False,"[9.016356468200684, 8.716794967651367, 8.857097625732422]","[[9.016356468200684, 5.062055587768555, 4.552002906799316], [8.716794967651367, 4.522421360015869, 4.606752872467041], [8.857097625732422, 4.284363746643066, 5.298877716064453]]","[[9.016356468200684, 5.062055587768555, 4.552002906799316], [8.716794967651367, 4.522421360015869, 4.606752872467041], [8.857097625732422, 4.284363746643066, 5.298877716064453]]",raw,True,True,False,shaped,0.8074888454444371,6.505381107330322,6.505381107330322,"[4.630106449127197, 3.188479423522949]","[4.184621638463549, 3.149030003310846]",0.7239296436309814
DiagReachK2,186,KL,SR,shaped,raw,development_DiagReachK2_s186_KL_SR,14,old,True,False,False,False,"[8.982542037963867, 8.940536499023438, 8.423210144042969]","[[8.982542037963867, 5.026943683624268, 4.524292945861816], [8.940536499023438, 4.8225555419921875, 4.80785608291626], [8.423210144042969, 3.6959941387176514, 4.819769859313965]]","[[8.982542037963867, 5.026943683624268, 4.524292945861816], [8.940536499023438, 4.8225555419921875, 4.80785608291626], [8.423210144042969, 3.6959941387176514, 4.819769859313965]]",raw,True,True,False,shaped,2.4906571981350663,5.350681781768799,5.350681781768799,"[5.69559383392334, 3.901637315750122]","[4.590520691248392, 4.081783087621627]",0.7101335525512695
DiagReachK2,186,KL,SR,shaped,raw,development_DiagReachK2_s186_KL_SR,15,old,True,False,False,False,"[9.066253662109375, 9.047527313232422, 8.927145004272461]","[[9.066253662109375, 5.092617511749268, 4.571619510650635], [9.047527313232422, 5.2584333419799805, 4.258954048156738], [8.927145004272461, 5.320155143737793, 4.044804096221924]]","[[9.066253662109375, 5.092617511749268, 4.571619510650635], [9.047527313232422, 5.2584333419799805, 4.258954048156738], [8.927145004272461, 5.320155143737793, 4.044804096221924]]",raw,True,True,False,shaped,0.5355801391024306,6.863890647888184,6.863890647888184,"[4.9561872482299805, 4.62552547454834]","[4.6312504750324415, 4.030340963209572]",0.7137343883514404
DiagReachK2,186,KL,SR,shaped,raw,development_DiagReachK2_s186_KL_SR,16,old,True,False,False,False,"[9.015312194824219, 8.77389144897461, 8.87794303894043]","[[9.015312194824219, 5.037754058837891, 4.524298667907715], [8.77389144897461, 5.83735466003418, 4.663747787475586], [8.87794303894043, 5.455526351928711, 4.479435443878174]]","[[9.015312194824219, 5.037754058837891, 4.524298667907715], [8.767786979675293, 5.83735466003418, 4.663747787475586], [8.87794303894043, 5.455526351928711, 4.479435443878174]]",raw,True,True,False,shaped,0.5497112052369248,6.689648628234863,6.689648628234863,"[3.8022727966308594, 4.725514888763428]","[4.118605307601121, 4.829073207303181]",0.7853555679321289
DiagReachK2,186,KL,SR,shaped,raw,development_DiagReachK2_s186_KL_SR,17,full_PPO,True,True,False,False,"[9.042316436767578, 8.985239028930664, 9.151348114013672]","[[9.042316436767578, 5.13897705078125, 4.549562454223633], [8.985239028930664, 5.590277194976807, 5.1960344314575195], [9.151348114013672, 5.458324432373047, 5.849374771118164]]","[[9.042316436767578, 5.13897705078125, 4.549562454223633], [8.985239028930664, 5.590277194976807, 5.1960344314575195], [9.151348114013672, 5.458324432373047, 5.849374771118164]]",raw,True,True,False,shaped,0.4047900755614725,6.4742889404296875,6.4742889404296875,"[5.0523505210876465, 3.7508704662323]","[5.264497872531351, 4.248635764360795]",0.8025593757629395
DiagReachK2,186,KL,SR,shaped,raw,development_DiagReachK2_s186_KL_SR,18,old,True,False,False,False,"[9.201391220092773, 9.103750228881836, 8.523155212402344]","[[9.201391220092773, 5.390033721923828, 5.809399127960205], [9.103750228881836, 5.404924392700195, 5.315736770629883], [8.523155212402344, 4.479568958282471, 4.060751914978027]]","[[9.201391220092773, 5.390033721923828, 5.809399127960205], [9.103750228881836, 5.404924392700195, 5.315736770629883], [8.523155212402344, 4.479568958282471, 4.060751914978027]]",raw,True,True,False,shaped,2.3571897645700584,5.826642036437988,5.826642036437988,"[4.879302978515625, 5.623709678649902]","[4.509572872221319, 5.191472932405586]",0.7932982444763184
DiagReachK2,186,KL,SR,shaped,raw,development_DiagReachK2_s186_KL_SR,19,joint_KL,False,False,False,False,"[9.13517951965332, 9.1824951171875, 9.13248348236084]","[[9.13517951965332, 5.387184143066406, 5.7148118019104], [9.1824951171875, 5.819604873657227, 5.916784286499023], [9.13248348236084, 5.5242180824279785, 4.970551490783691]]","[[9.13517951965332, 5.387184143066406, 5.7148118019104], [9.1824951171875, 5.819604873657227, 5.916784286499023], [9.13248348236084, 5.5242180824279785, 4.970551490783691]]",raw,True,True,False,shaped,0.6190945853199394,7.272684574127197,7.272684574127197,"[5.08306884765625, 5.295096397399902]","[5.546553276814797, 5.4153973911930615]",0.8308925628662109
DiagReachK2,186,KL,SR,shaped,raw,development_DiagReachK2_s186_KL_SR,20,full_PPO,True,True,False,False,"[9.13409423828125, 9.060897827148438, 9.307073593139648]","[[9.13409423828125, 5.408779621124268, 5.866090774536133], [9.060897827148438, 5.2798871994018555, 5.60698938369751], [9.307073593139648, 5.3710126876831055, 5.418929576873779]]","[[9.13409423828125, 5.408779621124268, 5.866090774536133], [9.060897827148438, 5.2798871994018555, 5.60698938369751], [9.307073593139648, 5.3710126876831055, 5.418929576873779]]",raw,True,True,False,shaped,0.5886475305897481,6.495764255523682,6.495764255523682,"[4.879915714263916, 4.983096599578857]","[4.511959165839884, 4.4332497490009715]",0.7638530731201172
DiagReachK2,186,KL,SR,shaped,raw,development_DiagReachK2_s186_KL_SR,21,old,True,False,False,False,"[9.296011924743652, 9.158648490905762, 8.719325065612793]","[[9.296011924743652, 5.338199615478516, 5.366541385650635], [9.158648490905762, 4.9805588722229, 5.476787567138672], [8.719325065612793, 4.368561744689941, 4.902373313903809]]","[[9.296011924743652, 5.338199615478516, 5.366541385650635], [9.158648490905762, 4.9805588722229, 5.476787567138672], [8.719325065612793, 4.368561744689941, 4.902373313903809]]",raw,True,True,False,shaped,0.5022236482304617,6.929254055023193,6.929254055023193,"[5.133579730987549, 4.340096950531006]","[4.522724342528756, 4.378063034666449]",0.7142462730407715
DiagReachK2,186,KL,SR,shaped,raw,development_DiagReachK2_s186_KL_SR,22,old,True,False,False,False,"[9.28133487701416, 9.212158203125, 9.348383903503418]","[[9.28133487701416, 5.365210056304932, 5.4037370681762695], [9.212158203125, 5.679588317871094, 5.804807186126709], [9.348383903503418, 5.655529975891113, 5.94094181060791]]","[[9.28133487701416, 5.365210056304932, 5.4037370681762695], [9.212158203125, 5.679588317871094, 5.804807186126709], [9.347184181213379, 5.655529975891113, 5.94094181060791]]",raw,True,True,False,shaped,0.6160265731477319,7.201502799987793,7.201502799987793,"[4.50606632232666, 4.403286933898926]","[4.838242754846368, 4.743985326379983]",0.7291662693023682
DiagReachK2,186,KL,SR,shaped,raw,development_DiagReachK2_s186_KL_SR,23,old,True,False,False,False,"[9.329171180725098, 9.284460067749023, 8.753927230834961]","[[9.329171180725098, 5.414057731628418, 5.39558219909668], [9.284460067749023, 5.272372245788574, 5.156368732452393], [8.753927230834961, 4.561038970947266, 4.506536483764648]]","[[9.329171180725098, 5.414057731628418, 5.39558219909668], [9.284460067749023, 5.272372245788574, 5.156368732452393], [8.753927230834961, 4.561038970947266, 4.506536483764648]]",raw,True,True,False,shaped,2.233199613386238,5.955909252166748,5.955909252166748,"[5.427678108215332, 5.157747745513916]","[5.205766877300383, 4.699357653420381]",0.7314963340759277
DiagReachK2,186,KL,SR,shaped,raw,development_DiagReachK2_s186_KL_SR,24,old,True,False,False,False,"[9.323724746704102, 9.22720718383789, 8.883638381958008]","[[9.323724746704102, 5.42457389831543, 5.403117656707764], [9.22720718383789, 5.338153839111328, 4.885735511779785], [8.883638381958008, 5.019601821899414, 4.534926891326904]]","[[9.323724746704102, 5.42457389831543, 5.403117656707764], [9.22720718383789, 5.338153839111328, 4.885735511779785], [8.883638381958008, 5.019601821899414, 4.534926891326904]]",raw,True,True,False,shaped,0.658544544101192,6.771537780761719,6.771537780761719,"[5.187175750732422, 4.911586761474609]","[5.305842422863864, 4.265090623032786]",0.7174654006958008
DiagReachK2,186,KL,SS,shaped,shaped,development_DiagReachK2_s186_KL_SS,0,joint_KL,True,True,False,False,"[4.9893341064453125, 6.030747890472412, 5.915472507476807]","[[4.9893341064453125, 5.086398601531982, 0.0], [6.030747890472412, 5.167281150817871, 0.10405618697404861], [5.915472507476807, 5.1793413162231445, 0.05061697959899902]]","[[4.9893341064453125, 5.086398601531982, 0.0], [6.030747890472412, 5.167281150817871, 0.10405618697404861], [5.915472507476807, 5.1793413162231445, 0.05061697959899902]]",shaped,True,True,False,shaped,1.072377391264977,3.8507704734802246,3.8507704734802246,"[3.9224324226379395, 1.9191131591796875]","[3.672366979650056, 2.6228903579407143]",0.7190659046173096
DiagReachK2,186,KL,SS,shaped,shaped,development_DiagReachK2_s186_KL_SS,1,joint_KL,True,True,False,False,"[6.118082046508789, 6.468976020812988, 6.443376541137695]","[[6.118082046508789, 5.315041542053223, 0.1412811279296875], [6.468976020812988, 3.958862066268921, 0.8239991664886475], [6.443376541137695, 4.378575801849365, 0.6366310119628906]]","[[6.118082046508789, 5.315041542053223, 0.1412811279296875], [6.468976020812988, 3.958862066268921, 0.8239991664886475], [6.443376541137695, 4.378575801849365, 0.6366310119628906]]",shaped,True,True,False,shaped,1.827043180262251,3.111476421356201,3.111476421356201,"[4.624058723449707, 1.3234789371490479]","[3.246288096886264, 1.4326667879222508]",0.8055620193481445
DiagReachK2,186,KL,SS,shaped,shaped,development_DiagReachK2_s186_KL_SS,2,joint_KL,True,True,False,False,"[6.42064094543457, 7.180505752563477, 7.7006354331970215]","[[6.42064094543457, 3.9412779808044434, 0.8411709666252136], [7.180505752563477, 4.750162601470947, 1.6172068119049072], [8.109628677368164, 6.482895851135254, 2.6432883739471436]]","[[6.42064094543457, 3.9412779808044434, 0.8411709666252136], [7.180505752563477, 4.750162601470947, 1.6172068119049072], [7.7006354331970215, 6.482895851135254, 2.6432883739471436]]",shaped,True,True,False,shaped,0.9112978461139795,3.9137167930603027,3.9137167930603027,"[3.7298381328582764, 1.5277572870254517]","[3.9101851688840856, 1.8956478139798074]",0.7439835071563721
DiagReachK2,186,KL,SS,shaped,shaped,development_DiagReachK2_s186_KL_SS,3,joint_KL,True,True,False,False,"[7.124500274658203, 7.485594749450684, 6.7008867263793945]","[[7.124500274658203, 4.642158508300781, 1.5512731075286865], [7.485594749450684, 4.598086357116699, 1.9429441690444946], [6.7008867263793945, 4.009217262268066, 1.2445166110992432]]","[[7.124500274658203, 4.642158508300781, 1.5512731075286865], [7.485594749450684, 4.598086357116699, 1.9429441690444946], [6.7008867263793945, 4.009217262268066, 1.2445166110992432]]",shaped,True,True,False,shaped,2.4276244660059625,3.976402759552002,3.976402759552002,"[4.51499080657959, 3.1822853088378906]","[4.268076962690819, 2.440055455858552]",0.8175334930419922
DiagReachK2,186,KL,SS,shaped,shaped,development_DiagReachK2_s186_KL_SS,4,full_PPO,True,True,False,False,"[7.549792766571045, 7.9184956550598145, 8.710858345031738]","[[7.549792766571045, 4.595849990844727, 1.9506440162658691], [7.9184956550598145, 5.223544597625732, 1.8343782424926758], [8.710858345031738, 4.333349704742432, 4.151320457458496]]","[[7.549792766571045, 4.595849990844727, 1.9506440162658691], [7.9184956550598145, 5.223544597625732, 1.8343782424926758], [8.710858345031738, 4.333349704742432, 4.151320457458496]]",shaped,True,True,False,shaped,1.0357563030738182,5.595429420471191,5.595429420471191,"[4.074004173278809, 2.575143337249756]","[3.994072307579121, 2.6114040772707265]",0.7609231472015381
DiagReachK2,186,KL,SS,shaped,shaped,development_DiagReachK2_s186_KL_SS,5,joint_KL,True,True,False,False,"[8.64031982421875, 8.862350463867188, 7.421124458312988]","[[8.64031982421875, 4.324039936065674, 4.137763023376465], [8.862350463867188, 4.820124626159668, 4.535452842712402], [7.421124458312988, 2.2783055305480957, 4.4106926918029785]]","[[8.64031982421875, 4.324039936065674, 4.137763023376465], [8.862350463867188, 4.820124626159668, 4.535452842712402], [7.421124458312988, 2.2783055305480957, 4.4106926918029785]]",shaped,True,True,False,shaped,2.282370921410693,5.48136043548584,5.48136043548584,"[5.499563217163086, 3.125046968460083]","[4.87217061733931, 3.0733954051502392]",0.8066985607147217
DiagReachK2,186,KL,SS,shaped,shaped,development_DiagReachK2_s186_KL_SS,6,full_PPO,True,True,False,False,"[8.817825317382812, 8.701083183288574, 8.94277286529541]","[[8.817825317382812, 4.820852279663086, 4.456509590148926], [8.701083183288574, 5.078864097595215, 3.8876523971557617], [8.94277286529541, 5.011542320251465, 4.467693328857422]]","[[8.817825317382812, 4.820852279663086, 4.456509590148926], [8.701083183288574, 5.078864097595215, 3.8876523971557617], [8.94277286529541, 5.011542320251465, 4.467693328857422]]",shaped,True,True,False,shaped,0.5080520925219295,6.034990310668945,6.034990310668945,"[3.967951536178589, 3.608795166015625]","[4.171616120734874, 3.393885325540486]",0.7314951419830322
DiagReachK2,186,KL,SS,shaped,shaped,development_DiagReachK2_s186_KL_SS,7,old,True,False,False,False,"[9.007652282714844, 8.722076416015625, 8.171610832214355]","[[9.007652282714844, 5.089407920837402, 4.53501558303833], [8.722076416015625, 4.7142133712768555, 4.404390335083008], [8.171610832214355, 4.47870397567749, 3.2847681045532227]]","[[9.007652282714844, 5.089407920837402, 4.53501558303833], [8.722076416015625, 4.7142133712768555, 4.404390335083008], [8.171610832214355, 4.47870397567749, 3.2847681045532227]]",shaped,True,True,False,shaped,2.0392469310940475,5.602932929992676,5.602932929992676,"[5.201534271240234, 4.4631147384643555]","[4.504846039902755, 3.8126634880998136]",0.8167712688446045
DiagReachK2,186,KL,SS,shaped,shaped,development_DiagReachK2_s186_KL_SS,8,old,True,False,False,False,"[8.998671531677246, 8.877349853515625, 8.304348945617676]","[[8.998671531677246, 5.059891223907471, 4.4766035079956055], [8.877349853515625, 4.824323654174805, 4.556837558746338], [8.304348945617676, 3.9505417346954346, 4.1288228034973145]]","[[8.998671531677246, 5.059891223907471, 4.4766035079956055], [8.877349853515625, 4.824323654174805, 4.556837558746338], [8.304348945617676, 3.9505417346954346, 4.1288228034973145]]",shaped,True,True,False,shaped,2.3422497246268525,5.818426132202148,5.818426132202148,"[5.6101508140563965, 4.224437236785889]","[4.7620181782092095, 4.434246977692232]",0.6726369857788086
DiagReachK2,186,KL,SS,shaped,shaped,development_DiagReachK2_s186_KL_SS,9,joint_KL,True,True,False,False,"[8.980672836303711, 9.030898094177246, 8.941960334777832]","[[8.980672836303711, 4.922274589538574, 4.471339225769043], [9.030898094177246, 4.997748374938965, 4.454074859619141], [8.941960334777832, 5.240212917327881, 4.255773544311523]]","[[8.980672836303711, 4.922274589538574, 4.471339225769043], [9.030898094177246, 4.997748374938965, 4.454074859619141], [8.941960334777832, 5.240212917327881, 4.255773544311523]]",shaped,True,True,False,shaped,0.9567146851809115,6.003420352935791,6.003420352935791,"[4.436939239501953, 4.191687107086182]","[4.541081540896733, 4.272769561099836]",0.6787314414978027
DiagReachK2,186,KL,SS,shaped,shaped,development_DiagReachK2_s186_KL_SS,10,old,True,False,False,False,"[9.033418655395508, 8.954262733459473, 8.373652458190918]","[[9.033418655395508, 5.101845741271973, 4.462979316711426], [8.954262733459473, 4.967397689819336, 4.748134613037109], [8.373652458190918, 3.9994425773620605, 4.283360004425049]]","[[9.033418655395508, 5.101845741271973, 4.462979316711426], [8.954262733459473, 4.967397689819336, 4.748134613037109], [8.373652458190918, 3.9994425773620605, 4.283360004425049]]",shaped,True,True,False,shaped,1.0230379849764104,6.494677543640137,6.494677543640137,"[4.870394229888916, 4.312769889831543]","[4.57077935428943, 4.928337526081938]",0.6165645122528076
DiagReachK2,186,KL,SS,shaped,shaped,development_DiagReachK2_s186_KL_SS,11,old,True,False,False,False,"[9.031761169433594, 8.644143104553223, 7.655341148376465]","[[9.031761169433594, 5.094318389892578, 4.484153747558594], [8.644143104553223, 4.365818023681641, 4.133289337158203], [7.655341148376465, 3.2040843963623047, 3.6271021366119385]]","[[9.031761169433594, 5.094318389892578, 4.484153747558594], [8.644143104553223, 4.365818023681641, 4.133289337158203], [7.655341148376465, 3.2040843963623047, 3.6271021366119385]]",shaped,True,True,False,shaped,2.5734231833149908,5.411552906036377,5.411552906036377,"[5.5824294090271, 4.690058708190918]","[4.099943730292221, 3.667332378579845]",0.6657710075378418
DiagReachK2,186,KL,SS,shaped,shaped,development_DiagReachK2_s186_KL_SS,12,old,True,False,False,False,"[9.024173736572266, 8.972257614135742, 7.887346267700195]","[[9.024173736572266, 5.097517967224121, 4.53023624420166], [8.972257614135742, 5.426424026489258, 4.148451328277588], [7.887346267700195, 4.148223876953125, 2.947096347808838]]","[[9.024173736572266, 5.097517967224121, 4.53023624420166], [8.972257614135742, 5.426424026489258, 4.148451328277588], [7.887346267700195, 4.148223876953125, 2.947096347808838]]",shaped,True,True,False,shaped,1.5392442447885937,6.138880729675293,6.138880729675293,"[5.091132164001465, 4.601107120513916]","[5.463583030056783, 4.10438836287578]",0.6483478546142578
DiagReachK2,186,KL,SS,shaped,shaped,development_DiagReachK2_s186_KL_SS,13,old,True,False,False,False,"[9.016356468200684, 8.716794967651367, 8.857097625732422]","[[9.016356468200684, 5.062055587768555, 4.552002906799316], [8.716794967651367, 4.522421360015869, 4.606752872467041], [8.857097625732422, 4.284363746643066, 5.298877716064453]]","[[9.016356468200684, 5.062055587768555, 4.552002906799316], [8.716794967651367, 4.522421360015869, 4.606752872467041], [8.857097625732422, 4.284363746643066, 5.298877716064453]]",shaped,True,True,False,shaped,0.8074888454444371,6.505381107330322,6.505381107330322,"[4.630106449127197, 3.188479423522949]","[4.184621638463549, 3.149030003310846]",0.6333944797515869
DiagReachK2,186,KL,SS,shaped,shaped,development_DiagReachK2_s186_KL_SS,14,old,True,False,False,False,"[8.982542037963867, 8.940536499023438, 8.423210144042969]","[[8.982542037963867, 5.026943683624268, 4.524292945861816], [8.940536499023438, 4.8225555419921875, 4.80785608291626], [8.423210144042969, 3.6959941387176514, 4.819769859313965]]","[[8.982542037963867, 5.026943683624268, 4.524292945861816], [8.940536499023438, 4.8225555419921875, 4.80785608291626], [8.423210144042969, 3.6959941387176514, 4.819769859313965]]",shaped,True,True,False,shaped,2.4906571981350663,5.350681781768799,5.350681781768799,"[5.69559383392334, 3.901637315750122]","[4.590520691248392, 4.081783087621627]",0.6853930950164795
DiagReachK2,186,KL,SS,shaped,shaped,development_DiagReachK2_s186_KL_SS,15,old,True,False,False,False,"[9.066253662109375, 9.047527313232422, 8.927145004272461]","[[9.066253662109375, 5.092617511749268, 4.571619510650635], [9.047527313232422, 5.2584333419799805, 4.258954048156738], [8.927145004272461, 5.320155143737793, 4.044804096221924]]","[[9.066253662109375, 5.092617511749268, 4.571619510650635], [9.047527313232422, 5.2584333419799805, 4.258954048156738], [8.927145004272461, 5.320155143737793, 4.044804096221924]]",shaped,True,True,False,shaped,0.5355801391024306,6.863890647888184,6.863890647888184,"[4.9561872482299805, 4.62552547454834]","[4.6312504750324415, 4.030340963209572]",0.6798300743103027
DiagReachK2,186,KL,SS,shaped,shaped,development_DiagReachK2_s186_KL_SS,16,old,True,False,False,False,"[9.015312194824219, 8.767786979675293, 8.87794303894043]","[[9.015312194824219, 5.037754058837891, 4.524298667907715], [8.77389144897461, 5.83735466003418, 4.663747787475586], [8.87794303894043, 5.455526351928711, 4.479435443878174]]","[[9.015312194824219, 5.037754058837891, 4.524298667907715], [8.767786979675293, 5.83735466003418, 4.663747787475586], [8.87794303894043, 5.455526351928711, 4.479435443878174]]",shaped,True,True,False,shaped,0.5497112052369248,6.689648628234863,6.689648628234863,"[3.8022727966308594, 4.725514888763428]","[4.118605307601121, 4.829073207303181]",0.6911025047302246
DiagReachK2,186,KL,SS,shaped,shaped,development_DiagReachK2_s186_KL_SS,17,full_PPO,True,True,False,False,"[9.042316436767578, 8.985239028930664, 9.151348114013672]","[[9.042316436767578, 5.13897705078125, 4.549562454223633], [8.985239028930664, 5.590277194976807, 5.1960344314575195], [9.151348114013672, 5.458324432373047, 5.849374771118164]]","[[9.042316436767578, 5.13897705078125, 4.549562454223633], [8.985239028930664, 5.590277194976807, 5.1960344314575195], [9.151348114013672, 5.458324432373047, 5.849374771118164]]",shaped,True,True,False,shaped,0.4047900755614725,6.4742889404296875,6.4742889404296875,"[5.0523505210876465, 3.7508704662323]","[5.264497872531351, 4.248635764360795]",0.6934072971343994
DiagReachK2,186,KL,SS,shaped,shaped,development_DiagReachK2_s186_KL_SS,18,old,True,False,False,False,"[9.201391220092773, 9.103750228881836, 8.523155212402344]","[[9.201391220092773, 5.390033721923828, 5.809399127960205], [9.103750228881836, 5.404924392700195, 5.315736770629883], [8.523155212402344, 4.479568958282471, 4.060751914978027]]","[[9.201391220092773, 5.390033721923828, 5.809399127960205], [9.103750228881836, 5.404924392700195, 5.315736770629883], [8.523155212402344, 4.479568958282471, 4.060751914978027]]",shaped,True,True,False,shaped,2.3571897645700584,5.826642036437988,5.826642036437988,"[4.879302978515625, 5.623709678649902]","[4.509572872221319, 5.191472932405586]",0.723945140838623
DiagReachK2,186,KL,SS,shaped,shaped,development_DiagReachK2_s186_KL_SS,19,joint_KL,False,False,False,False,"[9.13517951965332, 9.1824951171875, 9.13248348236084]","[[9.13517951965332, 5.387184143066406, 5.7148118019104], [9.1824951171875, 5.819604873657227, 5.916784286499023], [9.13248348236084, 5.5242180824279785, 4.970551490783691]]","[[9.13517951965332, 5.387184143066406, 5.7148118019104], [9.1824951171875, 5.819604873657227, 5.916784286499023], [9.13248348236084, 5.5242180824279785, 4.970551490783691]]",shaped,True,True,False,shaped,0.6190945853199394,7.272684574127197,7.272684574127197,"[5.08306884765625, 5.295096397399902]","[5.546553276814797, 5.4153973911930615]",0.6950597763061523
DiagReachK2,186,KL,SS,shaped,shaped,development_DiagReachK2_s186_KL_SS,20,full_PPO,True,True,False,False,"[9.13409423828125, 9.060897827148438, 9.307073593139648]","[[9.13409423828125, 5.408779621124268, 5.866090774536133], [9.060897827148438, 5.2798871994018555, 5.60698938369751], [9.307073593139648, 5.3710126876831055, 5.418929576873779]]","[[9.13409423828125, 5.408779621124268, 5.866090774536133], [9.060897827148438, 5.2798871994018555, 5.60698938369751], [9.307073593139648, 5.3710126876831055, 5.418929576873779]]",shaped,True,True,False,shaped,0.5886475305897481,6.495764255523682,6.495764255523682,"[4.879915714263916, 4.983096599578857]","[4.511959165839884, 4.4332497490009715]",0.6576502323150635
DiagReachK2,186,KL,SS,shaped,shaped,development_DiagReachK2_s186_KL_SS,21,old,True,False,False,False,"[9.296011924743652, 9.158648490905762, 8.719325065612793]","[[9.296011924743652, 5.338199615478516, 5.366541385650635], [9.158648490905762, 4.9805588722229, 5.476787567138672], [8.719325065612793, 4.368561744689941, 4.902373313903809]]","[[9.296011924743652, 5.338199615478516, 5.366541385650635], [9.158648490905762, 4.9805588722229, 5.476787567138672], [8.719325065612793, 4.368561744689941, 4.902373313903809]]",shaped,True,True,False,shaped,0.5022236482304617,6.929254055023193,6.929254055023193,"[5.133579730987549, 4.340096950531006]","[4.522724342528756, 4.378063034666449]",0.6251769065856934
DiagReachK2,186,KL,SS,shaped,shaped,development_DiagReachK2_s186_KL_SS,22,old,True,False,False,False,"[9.28133487701416, 9.212158203125, 9.347184181213379]","[[9.28133487701416, 5.365210056304932, 5.4037370681762695], [9.212158203125, 5.679588317871094, 5.804807186126709], [9.348383903503418, 5.655529975891113, 5.94094181060791]]","[[9.28133487701416, 5.365210056304932, 5.4037370681762695], [9.212158203125, 5.679588317871094, 5.804807186126709], [9.347184181213379, 5.655529975891113, 5.94094181060791]]",shaped,True,True,False,shaped,0.6160265731477319,7.201502799987793,7.201502799987793,"[4.50606632232666, 4.403286933898926]","[4.838242754846368, 4.743985326379983]",0.6412613391876221
DiagReachK2,186,KL,SS,shaped,shaped,development_DiagReachK2_s186_KL_SS,23,old,True,False,False,False,"[9.329171180725098, 9.284460067749023, 8.753927230834961]","[[9.329171180725098, 5.414057731628418, 5.39558219909668], [9.284460067749023, 5.272372245788574, 5.156368732452393], [8.753927230834961, 4.561038970947266, 4.506536483764648]]","[[9.329171180725098, 5.414057731628418, 5.39558219909668], [9.284460067749023, 5.272372245788574, 5.156368732452393], [8.753927230834961, 4.561038970947266, 4.506536483764648]]",shaped,True,True,False,shaped,2.233199613386238,5.955909252166748,5.955909252166748,"[5.427678108215332, 5.157747745513916]","[5.205766877300383, 4.699357653420381]",0.6467263698577881
DiagReachK2,186,KL,SS,shaped,shaped,development_DiagReachK2_s186_KL_SS,24,old,True,False,False,False,"[9.323724746704102, 9.22720718383789, 8.883638381958008]","[[9.323724746704102, 5.42457389831543, 5.403117656707764], [9.22720718383789, 5.338153839111328, 4.885735511779785], [8.883638381958008, 5.019601821899414, 4.534926891326904]]","[[9.323724746704102, 5.42457389831543, 5.403117656707764], [9.22720718383789, 5.338153839111328, 4.885735511779785], [8.883638381958008, 5.019601821899414, 4.534926891326904]]",shaped,True,True,False,shaped,0.658544544101192,6.771537780761719,6.771537780761719,"[5.187175750732422, 4.911586761474609]","[5.305842422863864, 4.265090623032786]",0.6446924209594727
DiagReachK2,186,W2,RR,raw,raw,development_DiagReachK2_s186_W2_RR,0,full_PPO,True,True,False,False,"[4.9893341064453125, 5.0505170822143555, 5.915472507476807]","[[4.9893341064453125, 5.086398601531982, 0.0], [5.0505170822143555, 6.821268081665039, 0.0], [5.915472507476807, 5.1793413162231445, 0.05061697959899902]]","[[4.9893341064453125, 5.086398601531982, 0.0], [4.055354595184326, 6.821268081665039, 0.0], [5.915472507476807, 5.1793413162231445, 0.05061697959899902]]",raw,True,True,False,raw,0.7628756767090393,5.246067523956299,3.8507704734802246,"[3.9224324226379395, 1.9191131591796875]","[4.813890267096453, 2.855578372727949]",0.6915278434753418
DiagReachK2,186,W2,RR,raw,raw,development_DiagReachK2_s186_W2_RR,1,full_PPO,True,True,False,False,"[6.014233589172363, 6.766543388366699, 6.7931647300720215]","[[6.014233589172363, 5.329497814178467, 0.0838744044303894], [6.766543388366699, 6.793513298034668, 0.3382638096809387], [6.7931647300720215, 5.7191314697265625, 0.6441957950592041]]","[[6.014233589172363, 5.329497814178467, 0.0838744044303894], [5.8224687576293945, 6.793513298034668, 0.3382638096809387], [6.7931647300720215, 5.7191314697265625, 0.6441957950592041]]",raw,True,True,False,raw,1.1785758926687586,5.0826311111450195,3.005338668823242,"[4.65756893157959, 1.308035135269165]","[5.713407269844219, 1.7686358982338173]",0.4133446216583252
DiagReachK2,186,W2,RR,raw,raw,development_DiagReachK2_s186_W2_RR,2,old,True,False,False,False,"[6.756959915161133, 7.1860032081604, 8.190925598144531]","[[6.756959915161133, 5.744114875793457, 0.6612704992294312], [7.1860032081604, 6.925868034362793, 0.8792653679847717], [8.190925598144531, 7.339341163635254, 2.4756298065185547]]","[[6.756959915161133, 5.744114875793457, 0.6612704992294312], [6.0754923820495605, 6.925868034362793, 0.8792653679847717], [6.231718063354492, 7.339341163635254, 2.4756298065185547]]",raw,True,True,False,raw,1.3504897313639859,4.799124240875244,3.6621017456054688,"[4.222380638122559, 1.595597505569458]","[5.685135290225617, 1.5218637366647572]",0.37247276306152344
DiagReachK2,186,W2,RR,raw,raw,development_DiagReachK2_s186_W2_RR,3,old,True,False,False,False,"[6.671536922454834, 7.36342716217041, 6.36293363571167]","[[6.671536922454834, 5.51193904876709, 0.6066487431526184], [7.36342716217041, 6.4313249588012695, 1.298233151435852], [6.36293363571167, 3.1368227005004883, 1.318631649017334]]","[[6.671536922454834, 5.51193904876709, 0.6066487431526184], [6.960179328918457, 6.4313249588012695, 1.298233151435852], [6.36293363571167, 3.1368227005004883, 1.318631649017334]]",raw,True,True,False,raw,0.7179495452147849,5.680434226989746,3.7966411113739014,"[4.73643159866333, 2.0485551357269287]","[5.862279004457545, 2.2811921701674445]",0.42695069313049316
DiagReachK2,186,W2,RR,raw,raw,development_DiagReachK2_s186_W2_RR,4,full_PPO,True,True,False,False,"[6.740248680114746, 7.260933876037598, 7.497384071350098]","[[6.740248680114746, 5.543786525726318, 0.604076623916626], [7.260933876037598, 5.954427719116211, 0.9418689012527466], [7.497384071350098, 4.418610572814941, 2.2963271141052246]]","[[6.740248680114746, 5.543786525726318, 0.604076623916626], [7.219308853149414, 5.954427719116211, 0.9418689012527466], [7.497384071350098, 4.418610572814941, 2.2963271141052246]]",raw,True,True,False,raw,1.4500989889458598,5.69510555267334,3.2152018547058105,"[5.160555839538574, 2.379678964614868]","[5.9999999711638035, 2.683573181632837]",0.46660423278808594
DiagReachK2,186,W2,RR,raw,raw,development_DiagReachK2_s186_W2_RR,5,full_PPO,True,True,False,False,"[7.4283246994018555, 8.093606948852539, 8.23302173614502]","[[7.4283246994018555, 4.437495231628418, 2.297130584716797], [8.093606948852539, 6.020020961761475, 2.6329541206359863], [8.23302173614502, 5.355075836181641, 3.3319807052612305]]","[[7.4283246994018555, 4.437495231628418, 2.297130584716797], [8.027591705322266, 6.020020961761475, 2.6329541206359863], [8.23302173614502, 5.355075836181641, 3.3319807052612305]]",raw,True,True,False,raw,0.9862164706267247,5.725857257843018,4.842059135437012,"[4.354617595672607, 2.109567165374756]","[5.752752867786612, 2.1007780568553867]",0.4021000862121582
DiagReachK2,186,W2,RR,raw,raw,development_DiagReachK2_s186_W2_RR,6,old,True,False,False,False,"[8.216090202331543, 8.918604850769043, 9.440496444702148]","[[8.216090202331543, 5.368256568908691, 3.1994223594665527], [8.918604850769043, 6.061545372009277, 4.105147361755371], [9.440496444702148, 6.290888786315918, 5.1545891761779785]]","[[8.216090202331543, 5.368256568908691, 3.1994223594665527], [8.858116149902344, 6.061545372009277, 4.105147361755371], [9.194028854370117, 6.290888786315918, 5.1545891761779785]]",raw,True,True,False,raw,0.8109189940255067,6.751855373382568,6.320356845855713,"[4.386964321136475, 3.3169760704040527]","[4.999328332641743, 3.8682708968806256]",0.5030395984649658
DiagReachK2,186,W2,RR,raw,raw,development_DiagReachK2_s186_W2_RR,7,old,True,False,False,False,"[8.24968433380127, 9.037415504455566, 8.069709777832031]","[[8.24968433380127, 5.421750545501709, 3.3014025688171387], [9.037415504455566, 6.392897129058838, 4.433353900909424], [8.069709777832031, 4.362873077392578, 3.789252519607544]]","[[8.24968433380127, 5.421750545501709, 3.3014025688171387], [8.707324028015137, 6.392897129058838, 4.433353900909424], [8.069709777832031, 4.362873077392578, 3.789252519607544]]",raw,True,True,False,raw,1.03175615646662,6.331198215484619,4.626956939697266,"[4.690105438232422, 3.2745590209960938]","[5.860298316715783, 3.9859752566127087]",0.40362000465393066
DiagReachK2,186,W2,RR,raw,raw,development_DiagReachK2_s186_W2_RR,8,full_PPO,True,True,False,False,"[8.221385955810547, 8.719337463378906, 8.355995178222656]","[[8.221385955810547, 5.414026260375977, 3.220529794692993], [8.719337463378906, 6.822073936462402, 3.6666574478149414], [8.355995178222656, 4.23195743560791, 4.702378749847412]]","[[8.221385955810547, 5.414026260375977, 3.220529794692993], [7.637434959411621, 6.822073936462402, 3.6666574478149414], [8.355995178222656, 4.23195743560791, 4.702378749847412]]",raw,True,True,False,raw,0.7553812555614259,6.638128757476807,5.359608173370361,"[4.541352272033691, 3.6340346336364746]","[5.905666388811689, 4.223877963117196]",0.48442840576171875
DiagReachK2,186,W2,RR,raw,raw,development_DiagReachK2_s186_W2_RR,9,joint_W2,True,True,False,False,"[8.312103271484375, 8.511628150939941, 9.100908279418945]","[[8.312103271484375, 4.000783920288086, 4.724506378173828], [8.511628150939941, 4.776889801025391, 4.6642022132873535], [9.100908279418945, 4.887943744659424, 6.450687408447266]]","[[8.312103271484375, 4.000783920288086, 4.724506378173828], [8.511628150939941, 4.776889801025391, 4.6642022132873535], [8.550932884216309, 4.887943744659424, 6.450687408447266]]",raw,True,True,False,raw,1.374874085994819,6.806586265563965,6.502194881439209,"[3.8572840690612793, 4.2421441078186035]","[4.665687686434633, 5.3472705999819645]",0.41452503204345703
DiagReachK2,186,W2,RR,raw,raw,development_DiagReachK2_s186_W2_RR,10,old,True,False,False,False,"[8.495302200317383, 8.765226364135742, 9.433293342590332]","[[8.495302200317383, 4.9854655265808105, 4.618324279785156], [8.765226364135742, 6.1726531982421875, 4.7378058433532715], [9.433293342590332, 6.059789657592773, 5.95088005065918]]","[[8.495302200317383, 4.9854655265808105, 4.618324279785156], [8.620218276977539, 6.1726531982421875, 4.7378058433532715], [9.364458084106445, 6.059789657592773, 5.95088005065918]]",raw,True,True,False,raw,0.6910456385903018,6.5508246421813965,6.333479404449463,"[3.8767318725585938, 3.2725024223327637]","[4.826989587710505, 3.6111680566970685]",0.37077927589416504
DiagReachK2,186,W2,RR,raw,raw,development_DiagReachK2_s186_W2_RR,11,joint_W2,True,True,False,False,"[8.476247787475586, 8.803744316101074, 8.13027572631836]","[[8.476247787475586, 4.977819442749023, 4.633476734161377], [8.803744316101074, 5.518692493438721, 4.916807174682617], [8.13027572631836, 4.11542272567749, 4.543123245239258]]","[[8.476247787475586, 4.977819442749023, 4.633476734161377], [8.803744316101074, 5.518692493438721, 4.916807174682617], [8.13027572631836, 4.11542272567749, 4.543123245239258]]",raw,True,True,False,raw,0.552108279615506,7.353659152984619,5.996551990509033,"[4.832558631896973, 4.1434197425842285]","[4.779622318590064, 4.570392042100059]",0.3686954975128174
DiagReachK2,186,W2,RR,raw,raw,development_DiagReachK2_s186_W2_RR,12,full_PPO,True,True,False,False,"[8.843338966369629, 9.435649871826172, 9.051029205322266]","[[8.843338966369629, 5.521181106567383, 5.0058512687683105], [9.435649871826172, 5.541322708129883, 6.347357749938965], [9.051029205322266, 5.1728973388671875, 5.753824234008789]]","[[8.843338966369629, 5.521181106567383, 5.0058512687683105], [8.808134078979492, 5.541322708129883, 6.347357749938965], [9.051029205322266, 5.1728973388671875, 5.753824234008789]]",raw,True,True,False,raw,0.8091034474546754,7.29510498046875,5.559151649475098,"[5.42557430267334, 3.626662492752075]","[5.647441924516974, 4.726644694539499]",0.3954629898071289
DiagReachK2,186,W2,RR,raw,raw,development_DiagReachK2_s186_W2_RR,13,old,True,False,False,False,"[9.061342239379883, 9.574545860290527, 8.743247985839844]","[[9.061342239379883, 5.1054511070251465, 5.7757954597473145], [9.574545860290527, 6.0543341636657715, 6.173381805419922], [8.743247985839844, 5.304953098297119, 4.921429634094238]]","[[9.061342239379883, 5.1054511070251465, 5.7757954597473145], [9.315831184387207, 6.0543341636657715, 6.173381805419922], [8.743247985839844, 5.304953098297119, 4.921429634094238]]",raw,True,True,False,raw,0.8723481088851177,7.519471645355225,6.119494438171387,"[4.810749530792236, 4.751523971557617]","[5.5385906332898225, 5.471945636095892]",0.4028158187866211
DiagReachK2,186,W2,RR,raw,raw,development_DiagReachK2_s186_W2_RR,14,old,True,False,False,False,"[9.036497116088867, 9.275981903076172, 8.441009521484375]","[[9.036497116088867, 5.05918550491333, 5.740490913391113], [9.275981903076172, 5.192793369293213, 5.881163120269775], [8.441009521484375, 4.395347595214844, 5.161182403564453]]","[[9.036497116088867, 5.05918550491333, 5.740490913391113], [9.272444725036621, 5.192793369293213, 5.881163120269775], [8.441009521484375, 4.395347595214844, 5.161182403564453]]",raw,True,True,False,raw,0.5205926041758879,7.016879081726074,5.8407487869262695,"[4.22686243057251, 4.238173007965088]","[4.0349638957715666, 4.8027348965922965]",0.37850499153137207
DiagReachK2,186,W2,RR,raw,raw,development_DiagReachK2_s186_W2_RR,15,old,True,False,False,False,"[9.096480369567871, 9.378637313842773, 8.148994445800781]","[[9.096480369567871, 5.158628463745117, 5.803926467895508], [9.378637313842773, 6.087244987487793, 5.715379238128662], [8.148994445800781, 4.470339775085449, 4.23028039932251]]","[[9.096480369567871, 5.158628463745117, 5.803926467895508], [9.305474281311035, 6.087244987487793, 5.715379238128662], [8.148994445800781, 4.470339775085449, 4.23028039932251]]",raw,True,True,False,raw,0.6027680407458584,7.699268341064453,5.577980995178223,"[4.257702827453613, 5.612260818481445]","[4.886123523792433, 6.000000132148245]",0.41373372077941895
DiagReachK2,186,W2,RR,raw,raw,development_DiagReachK2_s186_W2_RR,16,old,True,False,False,False,"[8.998336791992188, 9.766286849975586, 8.654865264892578]","[[8.998336791992188, 5.120296478271484, 5.788933753967285], [9.766286849975586, 6.42656135559082, 6.579824447631836], [8.654865264892578, 5.701639652252197, 4.377137184143066]]","[[8.998336791992188, 5.120296478271484, 5.788933753967285], [8.366833686828613, 6.42656135559082, 6.579824447631836], [8.654865264892578, 5.701639652252197, 4.377137184143066]]",raw,True,True,False,raw,0.4618699942961467,7.670004367828369,6.9235358238220215,"[4.5122246742248535, 5.340054512023926]","[5.283218004261875, 5.434353559265253]",0.4448368549346924
DiagReachK2,186,W2,RR,raw,raw,development_DiagReachK2_s186_W2_RR,17,full_PPO,True,True,False,False,"[9.057955741882324, 9.354836463928223, 9.183012962341309]","[[9.057955741882324, 5.22773551940918, 5.7185378074646], [9.354836463928223, 5.560903549194336, 6.023109436035156], [9.183012962341309, 5.777965545654297, 5.466585159301758]]","[[9.057955741882324, 5.22773551940918, 5.7185378074646], [9.288814544677734, 5.560903549194336, 6.023109436035156], [9.183012962341309, 5.777965545654297, 5.466585159301758]]",raw,True,True,False,raw,0.7601962175835852,7.304147243499756,6.233209133148193,"[4.243582248687744, 4.9444580078125]","[5.086590623629885, 5.793618630378613]",0.4006016254425049
DiagReachK2,186,W2,RR,raw,raw,development_DiagReachK2_s186_W2_RR,18,joint_W2,True,True,False,False,"[9.139050483703613, 9.327910423278809, 8.884092330932617]","[[9.139050483703613, 5.660118103027344, 5.483966827392578], [9.327910423278809, 5.8363518714904785, 5.717588901519775], [8.884092330932617, 5.378371715545654, 5.282639026641846]]","[[9.139050483703613, 5.660118103027344, 5.483966827392578], [9.327910423278809, 5.8363518714904785, 5.717588901519775], [8.884092330932617, 5.378371715545654, 5.282639026641846]]",raw,True,True,False,raw,0.8025736175882094,7.561150550842285,6.803036689758301,"[5.059876441955566, 4.354306221008301]","[5.524541251101898, 5.695560740383948]",0.38362741470336914
DiagReachK2,186,W2,RR,raw,raw,development_DiagReachK2_s186_W2_RR,19,old,False,False,False,False,"[9.285289764404297, 9.631072998046875, 8.332215309143066]","[[9.285289764404297, 5.804834365844727, 5.56121826171875], [9.631072998046875, 6.3269805908203125, 5.715704917907715], [8.332215309143066, 5.056679725646973, 3.969404458999634]]","[[9.285289764404297, 5.804834365844727, 5.56121826171875], [9.348533630371094, 6.3269805908203125, 5.715704917907715], [8.332215309143066, 5.056679725646973, 3.969404458999634]]",raw,True,True,False,raw,0.8256490874546207,7.839749336242676,5.857295989990234,"[5.467944145202637, 4.984597682952881]","[5.655346357711456, 5.9999995358321465]",0.3964803218841553
DiagReachK2,186,W2,RR,raw,raw,development_DiagReachK2_s186_W2_RR,20,old,True,False,False,False,"[9.362271308898926, 9.838812828063965, 9.128788948059082]","[[9.362271308898926, 5.862400054931641, 5.754928112030029], [9.838812828063965, 6.361784934997559, 6.544827461242676], [9.128788948059082, 5.787396430969238, 5.445624351501465]]","[[9.362271308898926, 5.862400054931641, 5.754928112030029], [8.63544750213623, 6.361784934997559, 6.544827461242676], [9.128788948059082, 5.787396430969238, 5.445624351501465]]",raw,True,True,False,raw,0.6846326747842905,7.668270111083984,6.325190544128418,"[5.164240837097168, 4.878293514251709]","[5.720164876501947, 5.297069151351586]",0.45777082443237305
DiagReachK2,186,W2,RR,raw,raw,development_DiagReachK2_s186_W2_RR,21,old,True,False,False,False,"[9.35101318359375, 9.429454803466797, 8.92756462097168]","[[9.35101318359375, 5.853514671325684, 5.725428581237793], [9.429454803466797, 6.404474258422852, 5.634866237640381], [8.92756462097168, 5.170293807983398, 5.093559265136719]]","[[9.35101318359375, 5.853514671325684, 5.725428581237793], [9.0682373046875, 6.404474258422852, 5.634866237640381], [8.92756462097168, 5.170293807983398, 5.093559265136719]]",raw,True,True,False,raw,0.4199923943702749,7.985526084899902,6.7571120262146,"[5.622480392456055, 4.8512282371521]","[6.000000114884529, 5.253137657484296]",0.3746068477630615
DiagReachK2,186,W2,RR,raw,raw,development_DiagReachK2_s186_W2_RR,22,joint_W2,True,True,False,False,"[9.342029571533203, 9.28628921508789, 9.050357818603516]","[[9.342029571533203, 5.867627143859863, 5.708738803863525], [9.28628921508789, 5.697504997253418, 5.579507350921631], [9.050357818603516, 5.761878490447998, 5.108575820922852]]","[[9.313620567321777, 5.867627143859863, 5.708738803863525], [9.28628921508789, 5.697504997253418, 5.579507350921631], [9.046234130859375, 5.761878490447998, 5.108575820922852]]",raw,True,True,False,raw,0.3004841614979289,8.06239128112793,6.114185810089111,"[5.5380659103393555, 5.729212284088135]","[5.293312996139913, 5.99999981739625]",0.4202744960784912
DiagReachK2,186,W2,RR,raw,raw,development_DiagReachK2_s186_W2_RR,23,old,True,False,False,False,"[9.367673873901367, 9.687061309814453, 8.747434616088867]","[[9.367673873901367, 5.72575569152832, 5.587441444396973], [9.687061309814453, 6.090877532958984, 6.067799091339111], [8.747434616088867, 5.195125102996826, 4.314068794250488]]","[[9.367673873901367, 5.72575569152832, 5.587441444396973], [9.528142929077148, 6.090877532958984, 6.067799091339111], [8.747434616088867, 5.195125102996826, 4.314068794250488]]",raw,True,True,False,raw,0.427333406999639,7.735818386077881,6.499936103820801,"[5.417897701263428, 4.106772422790527]","[5.831871575816917, 4.97059534382478]",0.38576412200927734
DiagReachK2,186,W2,RR,raw,raw,development_DiagReachK2_s186_W2_RR,24,old,True,False,False,False,"[9.332223892211914, 9.55586051940918, 8.626571655273438]","[[9.332223892211914, 5.7483038902282715, 5.581627368927002], [9.55586051940918, 5.8213934898376465, 6.23194694519043], [8.626571655273438, 5.285362243652344, 4.125250339508057]]","[[9.332223892211914, 5.7483038902282715, 5.581627368927002], [9.278428077697754, 5.8213934898376465, 6.23194694519043], [8.626571655273438, 5.285362243652344, 4.125250339508057]]",raw,True,True,False,raw,0.5984878734762693,7.912802219390869,6.649218559265137,"[5.115166187286377, 5.286589622497559]","[5.307571438878426, 6.0000001265139815]",0.367600679397583
DiagReachK2,186,W2,RS,raw,shaped,development_DiagReachK2_s186_W2_RS,0,full_PPO,True,True,False,False,"[4.9893341064453125, 4.055354595184326, 5.915472507476807]","[[4.9893341064453125, 5.086398601531982, 0.0], [5.0505170822143555, 6.821268081665039, 0.0], [5.915472507476807, 5.1793413162231445, 0.05061697959899902]]","[[4.9893341064453125, 5.086398601531982, 0.0], [4.055354595184326, 6.821268081665039, 0.0], [5.915472507476807, 5.1793413162231445, 0.05061697959899902]]",shaped,True,True,False,raw,0.7628756767090393,5.246067523956299,3.8507704734802246,"[3.9224324226379395, 1.9191131591796875]","[4.813890267096453, 2.855578372727949]",0.7626590728759766
DiagReachK2,186,W2,RS,raw,shaped,development_DiagReachK2_s186_W2_RS,1,full_PPO,True,True,False,False,"[6.014233589172363, 5.8224687576293945, 6.7931647300720215]","[[6.014233589172363, 5.329497814178467, 0.0838744044303894], [6.766543388366699, 6.793513298034668, 0.3382638096809387], [6.7931647300720215, 5.7191314697265625, 0.6441957950592041]]","[[6.014233589172363, 5.329497814178467, 0.0838744044303894], [5.8224687576293945, 6.793513298034668, 0.3382638096809387], [6.7931647300720215, 5.7191314697265625, 0.6441957950592041]]",shaped,True,True,False,raw,1.1785758926687586,5.0826311111450195,3.005338668823242,"[4.65756893157959, 1.308035135269165]","[5.713407269844219, 1.7686358982338173]",0.8209831714630127
DiagReachK2,186,W2,RS,raw,shaped,development_DiagReachK2_s186_W2_RS,2,old,True,False,False,False,"[6.756959915161133, 6.0754923820495605, 6.231718063354492]","[[6.756959915161133, 5.744114875793457, 0.6612704992294312], [7.1860032081604, 6.925868034362793, 0.8792653679847717], [8.190925598144531, 7.339341163635254, 2.4756298065185547]]","[[6.756959915161133, 5.744114875793457, 0.6612704992294312], [6.0754923820495605, 6.925868034362793, 0.8792653679847717], [6.231718063354492, 7.339341163635254, 2.4756298065185547]]",shaped,True,True,False,raw,1.3504897313639859,4.799124240875244,3.6621017456054688,"[4.222380638122559, 1.595597505569458]","[5.685135290225617, 1.5218637366647572]",0.681168794631958
DiagReachK2,186,W2,RS,raw,shaped,development_DiagReachK2_s186_W2_RS,3,old,True,False,False,False,"[6.671536922454834, 6.960179328918457, 6.36293363571167]","[[6.671536922454834, 5.51193904876709, 0.6066487431526184], [7.36342716217041, 6.4313249588012695, 1.298233151435852], [6.36293363571167, 3.1368227005004883, 1.318631649017334]]","[[6.671536922454834, 5.51193904876709, 0.6066487431526184], [6.960179328918457, 6.4313249588012695, 1.298233151435852], [6.36293363571167, 3.1368227005004883, 1.318631649017334]]",shaped,True,True,False,raw,0.7179495452147849,5.680434226989746,3.7966411113739014,"[4.73643159866333, 2.0485551357269287]","[5.862279004457545, 2.2811921701674445]",0.7004561424255371
DiagReachK2,186,W2,RS,raw,shaped,development_DiagReachK2_s186_W2_RS,4,full_PPO,True,True,False,False,"[6.740248680114746, 7.219308853149414, 7.497384071350098]","[[6.740248680114746, 5.543786525726318, 0.604076623916626], [7.260933876037598, 5.954427719116211, 0.9418689012527466], [7.497384071350098, 4.418610572814941, 2.2963271141052246]]","[[6.740248680114746, 5.543786525726318, 0.604076623916626], [7.219308853149414, 5.954427719116211, 0.9418689012527466], [7.497384071350098, 4.418610572814941, 2.2963271141052246]]",shaped,True,True,False,raw,1.4500989889458598,5.69510555267334,3.2152018547058105,"[5.160555839538574, 2.379678964614868]","[5.9999999711638035, 2.683573181632837]",0.7627766132354736
DiagReachK2,186,W2,RS,raw,shaped,development_DiagReachK2_s186_W2_RS,5,full_PPO,True,True,False,False,"[7.4283246994018555, 8.027591705322266, 8.23302173614502]","[[7.4283246994018555, 4.437495231628418, 2.297130584716797], [8.093606948852539, 6.020020961761475, 2.6329541206359863], [8.23302173614502, 5.355075836181641, 3.3319807052612305]]","[[7.4283246994018555, 4.437495231628418, 2.297130584716797], [8.027591705322266, 6.020020961761475, 2.6329541206359863], [8.23302173614502, 5.355075836181641, 3.3319807052612305]]",shaped,True,True,False,raw,0.9862164706267247,5.725857257843018,4.842059135437012,"[4.354617595672607, 2.109567165374756]","[5.752752867786612, 2.1007780568553867]",0.7291295528411865
DiagReachK2,186,W2,RS,raw,shaped,development_DiagReachK2_s186_W2_RS,6,old,True,False,False,False,"[8.216090202331543, 8.858116149902344, 9.194028854370117]","[[8.216090202331543, 5.368256568908691, 3.1994223594665527], [8.918604850769043, 6.061545372009277, 4.105147361755371], [9.440496444702148, 6.290888786315918, 5.1545891761779785]]","[[8.216090202331543, 5.368256568908691, 3.1994223594665527], [8.858116149902344, 6.061545372009277, 4.105147361755371], [9.194028854370117, 6.290888786315918, 5.1545891761779785]]",shaped,True,True,False,raw,0.8109189940255067,6.751855373382568,6.320356845855713,"[4.386964321136475, 3.3169760704040527]","[4.999328332641743, 3.8682708968806256]",0.8214163780212402
DiagReachK2,186,W2,RS,raw,shaped,development_DiagReachK2_s186_W2_RS,7,old,True,False,False,False,"[8.24968433380127, 8.707324028015137, 8.069709777832031]","[[8.24968433380127, 5.421750545501709, 3.3014025688171387], [9.037415504455566, 6.392897129058838, 4.433353900909424], [8.069709777832031, 4.362873077392578, 3.789252519607544]]","[[8.24968433380127, 5.421750545501709, 3.3014025688171387], [8.707324028015137, 6.392897129058838, 4.433353900909424], [8.069709777832031, 4.362873077392578, 3.789252519607544]]",shaped,True,True,False,raw,1.03175615646662,6.331198215484619,4.626956939697266,"[4.690105438232422, 3.2745590209960938]","[5.860298316715783, 3.9859752566127087]",0.7085368633270264
DiagReachK2,186,W2,RS,raw,shaped,development_DiagReachK2_s186_W2_RS,8,full_PPO,True,True,False,False,"[8.221385955810547, 7.637434959411621, 8.355995178222656]","[[8.221385955810547, 5.414026260375977, 3.220529794692993], [8.719337463378906, 6.822073936462402, 3.6666574478149414], [8.355995178222656, 4.23195743560791, 4.702378749847412]]","[[8.221385955810547, 5.414026260375977, 3.220529794692993], [7.637434959411621, 6.822073936462402, 3.6666574478149414], [8.355995178222656, 4.23195743560791, 4.702378749847412]]",shaped,True,True,False,raw,0.7553812555614259,6.638128757476807,5.359608173370361,"[4.541352272033691, 3.6340346336364746]","[5.905666388811689, 4.223877963117196]",0.7777771949768066
DiagReachK2,186,W2,RS,raw,shaped,development_DiagReachK2_s186_W2_RS,9,joint_W2,True,True,False,False,"[8.312103271484375, 8.511628150939941, 8.550932884216309]","[[8.312103271484375, 4.000783920288086, 4.724506378173828], [8.511628150939941, 4.776889801025391, 4.6642022132873535], [9.100908279418945, 4.887943744659424, 6.450687408447266]]","[[8.312103271484375, 4.000783920288086, 4.724506378173828], [8.511628150939941, 4.776889801025391, 4.6642022132873535], [8.550932884216309, 4.887943744659424, 6.450687408447266]]",shaped,True,True,False,raw,1.374874085994819,6.806586265563965,6.502194881439209,"[3.8572840690612793, 4.2421441078186035]","[4.665687686434633, 5.3472705999819645]",0.8118703365325928
DiagReachK2,186,W2,RS,raw,shaped,development_DiagReachK2_s186_W2_RS,10,old,True,False,False,False,"[8.495302200317383, 8.620218276977539, 9.364458084106445]","[[8.495302200317383, 4.9854655265808105, 4.618324279785156], [8.765226364135742, 6.1726531982421875, 4.7378058433532715], [9.433293342590332, 6.059789657592773, 5.95088005065918]]","[[8.495302200317383, 4.9854655265808105, 4.618324279785156], [8.620218276977539, 6.1726531982421875, 4.7378058433532715], [9.364458084106445, 6.059789657592773, 5.95088005065918]]",shaped,True,True,False,raw,0.6910456385903018,6.5508246421813965,6.333479404449463,"[3.8767318725585938, 3.2725024223327637]","[4.826989587710505, 3.6111680566970685]",0.6952688694000244
DiagReachK2,186,W2,RS,raw,shaped,development_DiagReachK2_s186_W2_RS,11,joint_W2,True,True,False,False,"[8.476247787475586, 8.803744316101074, 8.13027572631836]","[[8.476247787475586, 4.977819442749023, 4.633476734161377], [8.803744316101074, 5.518692493438721, 4.916807174682617], [8.13027572631836, 4.11542272567749, 4.543123245239258]]","[[8.476247787475586, 4.977819442749023, 4.633476734161377], [8.803744316101074, 5.518692493438721, 4.916807174682617], [8.13027572631836, 4.11542272567749, 4.543123245239258]]",shaped,True,True,False,raw,0.552108279615506,7.353659152984619,5.996551990509033,"[4.832558631896973, 4.1434197425842285]","[4.779622318590064, 4.570392042100059]",0.6880309581756592
DiagReachK2,186,W2,RS,raw,shaped,development_DiagReachK2_s186_W2_RS,12,full_PPO,True,True,False,False,"[8.843338966369629, 8.808134078979492, 9.051029205322266]","[[8.843338966369629, 5.521181106567383, 5.0058512687683105], [9.435649871826172, 5.541322708129883, 6.347357749938965], [9.051029205322266, 5.1728973388671875, 5.753824234008789]]","[[8.843338966369629, 5.521181106567383, 5.0058512687683105], [8.808134078979492, 5.541322708129883, 6.347357749938965], [9.051029205322266, 5.1728973388671875, 5.753824234008789]]",shaped,True,True,False,raw,0.8091034474546754,7.29510498046875,5.559151649475098,"[5.42557430267334, 3.626662492752075]","[5.647441924516974, 4.726644694539499]",0.7825372219085693
DiagReachK2,186,W2,RS,raw,shaped,development_DiagReachK2_s186_W2_RS,13,old,True,False,False,False,"[9.061342239379883, 9.315831184387207, 8.743247985839844]","[[9.061342239379883, 5.1054511070251465, 5.7757954597473145], [9.574545860290527, 6.0543341636657715, 6.173381805419922], [8.743247985839844, 5.304953098297119, 4.921429634094238]]","[[9.061342239379883, 5.1054511070251465, 5.7757954597473145], [9.315831184387207, 6.0543341636657715, 6.173381805419922], [8.743247985839844, 5.304953098297119, 4.921429634094238]]",shaped,True,True,False,raw,0.8723481088851177,7.519471645355225,6.119494438171387,"[4.810749530792236, 4.751523971557617]","[5.5385906332898225, 5.471945636095892]",0.7596733570098877
DiagReachK2,186,W2,RS,raw,shaped,development_DiagReachK2_s186_W2_RS,14,old,True,False,False,False,"[9.036497116088867, 9.272444725036621, 8.441009521484375]","[[9.036497116088867, 5.05918550491333, 5.740490913391113], [9.275981903076172, 5.192793369293213, 5.881163120269775], [8.441009521484375, 4.395347595214844, 5.161182403564453]]","[[9.036497116088867, 5.05918550491333, 5.740490913391113], [9.272444725036621, 5.192793369293213, 5.881163120269775], [8.441009521484375, 4.395347595214844, 5.161182403564453]]",shaped,True,True,False,raw,0.5205926041758879,7.016879081726074,5.8407487869262695,"[4.22686243057251, 4.238173007965088]","[4.0349638957715666, 4.8027348965922965]",0.6838195323944092
DiagReachK2,186,W2,RS,raw,shaped,development_DiagReachK2_s186_W2_RS,15,old,True,False,False,False,"[9.096480369567871, 9.305474281311035, 8.148994445800781]","[[9.096480369567871, 5.158628463745117, 5.803926467895508], [9.378637313842773, 6.087244987487793, 5.715379238128662], [8.148994445800781, 4.470339775085449, 4.23028039932251]]","[[9.096480369567871, 5.158628463745117, 5.803926467895508], [9.305474281311035, 6.087244987487793, 5.715379238128662], [8.148994445800781, 4.470339775085449, 4.23028039932251]]",shaped,True,True,False,raw,0.6027680407458584,7.699268341064453,5.577980995178223,"[4.257702827453613, 5.612260818481445]","[4.886123523792433, 6.000000132148245]",0.7070174217224121
DiagReachK2,186,W2,RS,raw,shaped,development_DiagReachK2_s186_W2_RS,16,old,True,False,False,False,"[8.998336791992188, 8.366833686828613, 8.654865264892578]","[[8.998336791992188, 5.120296478271484, 5.788933753967285], [9.766286849975586, 6.42656135559082, 6.579824447631836], [8.654865264892578, 5.701639652252197, 4.377137184143066]]","[[8.998336791992188, 5.120296478271484, 5.788933753967285], [8.366833686828613, 6.42656135559082, 6.579824447631836], [8.654865264892578, 5.701639652252197, 4.377137184143066]]",shaped,True,True,False,raw,0.4618699942961467,7.670004367828369,6.9235358238220215,"[4.5122246742248535, 5.340054512023926]","[5.283218004261875, 5.434353559265253]",0.5085418224334717
DiagReachK2,186,W2,RS,raw,shaped,development_DiagReachK2_s186_W2_RS,17,full_PPO,True,True,False,False,"[9.057955741882324, 9.288814544677734, 9.183012962341309]","[[9.057955741882324, 5.22773551940918, 5.7185378074646], [9.354836463928223, 5.560903549194336, 6.023109436035156], [9.183012962341309, 5.777965545654297, 5.466585159301758]]","[[9.057955741882324, 5.22773551940918, 5.7185378074646], [9.288814544677734, 5.560903549194336, 6.023109436035156], [9.183012962341309, 5.777965545654297, 5.466585159301758]]",shaped,True,True,False,raw,0.7601962175835852,7.304147243499756,6.233209133148193,"[4.243582248687744, 4.9444580078125]","[5.086590623629885, 5.793618630378613]",0.4271385669708252
DiagReachK2,186,W2,RS,raw,shaped,development_DiagReachK2_s186_W2_RS,18,joint_W2,True,True,False,False,"[9.139050483703613, 9.327910423278809, 8.884092330932617]","[[9.139050483703613, 5.660118103027344, 5.483966827392578], [9.327910423278809, 5.8363518714904785, 5.717588901519775], [8.884092330932617, 5.378371715545654, 5.282639026641846]]","[[9.139050483703613, 5.660118103027344, 5.483966827392578], [9.327910423278809, 5.8363518714904785, 5.717588901519775], [8.884092330932617, 5.378371715545654, 5.282639026641846]]",shaped,True,True,False,raw,0.8025736175882094,7.561150550842285,6.803036689758301,"[5.059876441955566, 4.354306221008301]","[5.524541251101898, 5.695560740383948]",0.45943164825439453
DiagReachK2,186,W2,RS,raw,shaped,development_DiagReachK2_s186_W2_RS,19,old,False,False,False,False,"[9.285289764404297, 9.348533630371094, 8.332215309143066]","[[9.285289764404297, 5.804834365844727, 5.56121826171875], [9.631072998046875, 6.3269805908203125, 5.715704917907715], [8.332215309143066, 5.056679725646973, 3.969404458999634]]","[[9.285289764404297, 5.804834365844727, 5.56121826171875], [9.348533630371094, 6.3269805908203125, 5.715704917907715], [8.332215309143066, 5.056679725646973, 3.969404458999634]]",shaped,True,True,False,raw,0.8256490874546207,7.839749336242676,5.857295989990234,"[5.467944145202637, 4.984597682952881]","[5.655346357711456, 5.9999995358321465]",0.4747958183288574
DiagReachK2,186,W2,RS,raw,shaped,development_DiagReachK2_s186_W2_RS,20,old,True,False,False,False,"[9.362271308898926, 8.63544750213623, 9.128788948059082]","[[9.362271308898926, 5.862400054931641, 5.754928112030029], [9.838812828063965, 6.361784934997559, 6.544827461242676], [9.128788948059082, 5.787396430969238, 5.445624351501465]]","[[9.362271308898926, 5.862400054931641, 5.754928112030029], [8.63544750213623, 6.361784934997559, 6.544827461242676], [9.128788948059082, 5.787396430969238, 5.445624351501465]]",shaped,True,True,False,raw,0.6846326747842905,7.668270111083984,6.325190544128418,"[5.164240837097168, 4.878293514251709]","[5.720164876501947, 5.297069151351586]",0.4957003593444824
DiagReachK2,186,W2,RS,raw,shaped,development_DiagReachK2_s186_W2_RS,21,old,True,False,False,False,"[9.35101318359375, 9.0682373046875, 8.92756462097168]","[[9.35101318359375, 5.853514671325684, 5.725428581237793], [9.429454803466797, 6.404474258422852, 5.634866237640381], [8.92756462097168, 5.170293807983398, 5.093559265136719]]","[[9.35101318359375, 5.853514671325684, 5.725428581237793], [9.0682373046875, 6.404474258422852, 5.634866237640381], [8.92756462097168, 5.170293807983398, 5.093559265136719]]",shaped,True,True,False,raw,0.4199923943702749,7.985526084899902,6.7571120262146,"[5.622480392456055, 4.8512282371521]","[6.000000114884529, 5.253137657484296]",0.4296295642852783
DiagReachK2,186,W2,RS,raw,shaped,development_DiagReachK2_s186_W2_RS,22,joint_W2,True,True,False,False,"[9.313620567321777, 9.28628921508789, 9.046234130859375]","[[9.342029571533203, 5.867627143859863, 5.708738803863525], [9.28628921508789, 5.697504997253418, 5.579507350921631], [9.050357818603516, 5.761878490447998, 5.108575820922852]]","[[9.313620567321777, 5.867627143859863, 5.708738803863525], [9.28628921508789, 5.697504997253418, 5.579507350921631], [9.046234130859375, 5.761878490447998, 5.108575820922852]]",shaped,True,True,False,raw,0.3004841614979289,8.06239128112793,6.114185810089111,"[5.5380659103393555, 5.729212284088135]","[5.293312996139913, 5.99999981739625]",0.4647643566131592
DiagReachK2,186,W2,RS,raw,shaped,development_DiagReachK2_s186_W2_RS,23,old,True,False,False,False,"[9.367673873901367, 9.528142929077148, 8.747434616088867]","[[9.367673873901367, 5.72575569152832, 5.587441444396973], [9.687061309814453, 6.090877532958984, 6.067799091339111], [8.747434616088867, 5.195125102996826, 4.314068794250488]]","[[9.367673873901367, 5.72575569152832, 5.587441444396973], [9.528142929077148, 6.090877532958984, 6.067799091339111], [8.747434616088867, 5.195125102996826, 4.314068794250488]]",shaped,True,True,False,raw,0.427333406999639,7.735818386077881,6.499936103820801,"[5.417897701263428, 4.106772422790527]","[5.831871575816917, 4.97059534382478]",0.4673440456390381
DiagReachK2,186,W2,RS,raw,shaped,development_DiagReachK2_s186_W2_RS,24,old,True,False,False,False,"[9.332223892211914, 9.278428077697754, 8.626571655273438]","[[9.332223892211914, 5.7483038902282715, 5.581627368927002], [9.55586051940918, 5.8213934898376465, 6.23194694519043], [8.626571655273438, 5.285362243652344, 4.125250339508057]]","[[9.332223892211914, 5.7483038902282715, 5.581627368927002], [9.278428077697754, 5.8213934898376465, 6.23194694519043], [8.626571655273438, 5.285362243652344, 4.125250339508057]]",shaped,True,True,False,raw,0.5984878734762693,7.912802219390869,6.649218559265137,"[5.115166187286377, 5.286589622497559]","[5.307571438878426, 6.0000001265139815]",0.45940470695495605
DiagReachK2,186,W2,SR,shaped,raw,development_DiagReachK2_s186_W2_SR,0,joint_W2,True,True,False,False,"[4.9893341064453125, 5.961058616638184, 5.915472507476807]","[[4.9893341064453125, 5.086398601531982, 0.0], [5.961058616638184, 5.0700907707214355, 0.07588951289653778], [5.915472507476807, 5.1793413162231445, 0.05061697959899902]]","[[4.9893341064453125, 5.086398601531982, 0.0], [5.961058616638184, 5.0700907707214355, 0.07588951289653778], [5.915472507476807, 5.1793413162231445, 0.05061697959899902]]",raw,True,True,False,shaped,1.0736967317726116,3.8507704734802246,3.8507704734802246,"[3.9224324226379395, 1.9191131591796875]","[3.626044313133343, 2.6163141478881373]",0.7006211280822754
DiagReachK2,186,W2,SR,shaped,raw,development_DiagReachK2_s186_W2_SR,1,full_PPO,True,True,False,False,"[6.049018859863281, 6.380871772766113, 6.530708312988281]","[[6.049018859863281, 5.217459678649902, 0.10860057175159454], [6.380871772766113, 3.9658126831054688, 0.7225370407104492], [6.530708312988281, 4.545039176940918, 0.6765137314796448]]","[[6.049018859863281, 5.217459678649902, 0.10860057175159454], [6.380871772766113, 3.9658126831054688, 0.7225370407104492], [6.530708312988281, 4.545039176940918, 0.6765137314796448]]",raw,True,True,False,shaped,1.8478399222577935,3.113246440887451,3.113246440887451,"[4.590684413909912, 1.3126627206802368]","[3.223071440359768, 1.3812602949141948]",0.7798547744750977
DiagReachK2,186,W2,SR,shaped,raw,development_DiagReachK2_s186_W2_SR,2,joint_W2,True,True,False,False,"[6.492087364196777, 6.69415283203125, 8.381034851074219]","[[6.492087364196777, 4.542902946472168, 0.7053439021110535], [6.69415283203125, 5.119296550750732, 0.6789479851722717], [8.381034851074219, 6.916928291320801, 2.810492515563965]]","[[6.492087364196777, 4.542902946472168, 0.7053439021110535], [6.69415283203125, 5.119296550750732, 0.6789479851722717], [7.289877414703369, 6.916928291320801, 2.810492515563965]]",raw,True,True,False,shaped,1.1488152139994479,3.8041458129882812,3.8041458129882812,"[3.7855286598205566, 1.6609621047973633]","[4.583338631976379, 1.602108183295735]",0.7108759880065918
DiagReachK2,186,W2,SR,shaped,raw,development_DiagReachK2_s186_W2_SR,3,joint_W2,True,True,False,False,"[6.647256374359131, 7.129305362701416, 6.052824974060059]","[[6.647256374359131, 4.986547946929932, 0.6422396898269653], [7.129305362701416, 4.998850345611572, 1.2525570392608643], [6.052824974060059, 3.1593663692474365, 0.7832188606262207]]","[[6.647256374359131, 4.986547946929932, 0.6422396898269653], [7.129305362701416, 4.998850345611572, 1.2525570392608643], [6.052824974060059, 3.1593663692474365, 0.7832188606262207]]",raw,True,True,False,shaped,1.5436670136881352,3.9803974628448486,3.9803974628448486,"[4.525636672973633, 2.2290806770324707]","[4.949881371623588, 1.687972201026274]",0.7048802375793457
DiagReachK2,186,W2,SR,shaped,raw,development_DiagReachK2_s186_W2_SR,4,full_PPO,True,True,False,False,"[7.1864705085754395, 7.592804431915283, 7.823165416717529]","[[7.1864705085754395, 5.004367828369141, 1.2557601928710938], [7.592804431915283, 4.59679651260376, 2.2630903720855713], [7.823165416717529, 4.102203369140625, 3.181929349899292]]","[[7.1864705085754395, 5.004367828369141, 1.2557601928710938], [7.592804431915283, 4.59679651260376, 2.2630903720855713], [7.823165416717529, 4.102203369140625, 3.181929349899292]]",raw,True,True,False,shaped,1.5589629309449333,4.178481101989746,4.178481101989746,"[4.897385120391846, 2.636955738067627]","[4.341486513159342, 3.4735625066892943]",0.6890518665313721
DiagReachK2,186,W2,SR,shaped,raw,development_DiagReachK2_s186_W2_SR,5,full_PPO,True,True,False,False,"[7.7479448318481445, 7.909152030944824, 8.461952209472656]","[[7.7479448318481445, 4.093932151794434, 3.165491819381714], [7.909152030944824, 4.737914085388184, 3.011812448501587], [8.461952209472656, 5.605515480041504, 3.519589900970459]]","[[7.7479448318481445, 4.093932151794434, 3.165491819381714], [7.909152030944824, 4.737914085388184, 3.011812448501587], [8.461952209472656, 5.605515480041504, 3.519589900970459]]",raw,True,True,False,shaped,1.4123766324237723,5.518300533294678,5.518300533294678,"[4.196173667907715, 2.411386013031006]","[5.275927035757522, 1.918756463048819]",0.7326419353485107
DiagReachK2,186,W2,SR,shaped,raw,development_DiagReachK2_s186_W2_SR,6,joint_W2,False,False,False,False,"[8.425192832946777, 9.010991096496582, 9.38735580444336]","[[8.425192832946777, 5.604608535766602, 3.3766274452209473], [9.010991096496582, 5.927491188049316, 4.4240217208862305], [9.38735580444336, 5.990700721740723, 5.7154059410095215]]","[[8.425192832946777, 5.604608535766602, 3.3766274452209473], [9.010991096496582, 5.927491188049316, 4.4240217208862305], [9.378763198852539, 5.990700721740723, 5.7154059410095215]]",raw,True,True,False,shaped,0.6405151110755204,6.579209804534912,6.579209804534912,"[4.861689567565918, 3.4275424480438232]","[5.282690335350102, 3.839723771703444]",0.7061941623687744
DiagReachK2,186,W2,SR,shaped,raw,development_DiagReachK2_s186_W2_SR,7,old,True,False,False,False,"[8.484947204589844, 8.283145904541016, 8.275918006896973]","[[8.484947204589844, 5.667941093444824, 3.4898343086242676], [8.283145904541016, 4.945981502532959, 3.3295516967773438], [8.275918006896973, 4.531630516052246, 4.089869499206543]]","[[8.484947204589844, 5.667941093444824, 3.4898343086242676], [8.283145904541016, 4.945981502532959, 3.3295516967773438], [8.275918006896973, 4.531630516052246, 4.089869499206543]]",raw,True,True,False,shaped,1.7791520858278809,5.193102836608887,5.193102836608887,"[5.112049102783203, 3.3996853828430176]","[3.781825818992123, 3.4236588481608266]",0.7591817378997803
DiagReachK2,186,W2,SR,shaped,raw,development_DiagReachK2_s186_W2_SR,8,full_PPO,True,True,False,False,"[8.444235801696777, 8.049583435058594, 8.548748970031738]","[[8.444235801696777, 5.64107608795166, 3.40132474899292], [8.049583435058594, 4.477402210235596, 3.3422160148620605], [8.548748970031738, 4.441380500793457, 4.997886657714844]]","[[8.444235801696777, 5.64107608795166, 3.40132474899292], [8.049583435058594, 4.477402210235596, 3.3422160148620605], [8.548748970031738, 4.441380500793457, 4.997886657714844]]",raw,True,True,False,shaped,1.5694524593865027,5.76554012298584,5.76554012298584,"[4.882529258728027, 3.6763672828674316]","[4.145162991496182, 3.67042821988631]",0.7505283355712891
DiagReachK2,186,W2,SR,shaped,raw,development_DiagReachK2_s186_W2_SR,9,old,True,False,False,False,"[8.560492515563965, 8.42531967163086, 8.902164459228516]","[[8.560492515563965, 4.305061340332031, 5.044647693634033], [8.42531967163086, 4.582404613494873, 4.4467668533325195], [8.902164459228516, 4.71743106842041, 5.946704864501953]]","[[8.560492515563965, 4.305061340332031, 5.044647693634033], [8.42531967163086, 4.582404613494873, 4.4467668533325195], [8.886337280273438, 4.71743106842041, 5.946704864501953]]",raw,True,True,False,shaped,0.5627436023400234,6.747414588928223,6.747414588928223,"[4.176150798797607, 4.434609413146973]","[4.868594226098194, 4.337550705354827]",0.7485857009887695
DiagReachK2,186,W2,SR,shaped,raw,development_DiagReachK2_s186_W2_SR,10,joint_W2,True,True,False,False,"[8.538463592529297, 8.840628623962402, 9.293285369873047]","[[8.538463592529297, 4.428176403045654, 5.01334285736084], [8.840628623962402, 5.210979461669922, 4.8059163093566895], [9.293285369873047, 5.3451828956604, 6.253870487213135]]","[[8.538463592529297, 4.428176403045654, 5.01334285736084], [8.840628623962402, 5.210979461669922, 4.8059163093566895], [9.055885314941406, 5.3451828956604, 6.253870487213135]]",raw,True,True,False,shaped,0.5562543743570707,6.507040977478027,6.507040977478027,"[3.7815871238708496, 3.3446707725524902]","[4.780426883406337, 3.723775859874044]",0.7132406234741211
DiagReachK2,186,W2,SR,shaped,raw,development_DiagReachK2_s186_W2_SR,11,old,True,False,False,False,"[8.821636199951172, 8.371708869934082, 8.479183197021484]","[[8.821636199951172, 5.202015399932861, 4.825780868530273], [8.371708869934082, 4.604101181030273, 4.1873674392700195], [8.479183197021484, 4.873324394226074, 4.274969577789307]]","[[8.821636199951172, 5.202015399932861, 4.825780868530273], [8.371708869934082, 4.604101181030273, 4.1873674392700195], [8.479183197021484, 4.873324394226074, 4.274969577789307]]",raw,True,True,False,shaped,0.9163662645778412,6.263537406921387,6.263537406921387,"[5.058259010314941, 4.148404121398926]","[4.905306474644207, 3.8659199329525276]",0.7233951091766357
DiagReachK2,186,W2,SR,shaped,raw,development_DiagReachK2_s186_W2_SR,12,old,True,False,False,False,"[8.8683500289917, 8.544052124023438, 8.3278169631958]","[[8.8683500289917, 5.200941562652588, 4.913487434387207], [8.544052124023438, 4.782867908477783, 4.395061492919922], [8.3278169631958, 3.6836681365966797, 5.650938034057617]]","[[8.8683500289917, 5.200941562652588, 4.913487434387207], [8.544052124023438, 4.782867908477783, 4.395061492919922], [8.3278169631958, 3.6836681365966797, 5.650938034057617]]",raw,True,True,False,shaped,2.131317066351195,5.572784423828125,5.572784423828125,"[5.445620059967041, 3.428863048553467]","[4.353664386607558, 2.9759459797197456]",0.7838542461395264
DiagReachK2,186,W2,SR,shaped,raw,development_DiagReachK2_s186_W2_SR,13,old,True,False,False,False,"[8.88015365600586, 8.575435638427734, 8.370567321777344]","[[8.88015365600586, 5.1548919677734375, 4.928873538970947], [8.575435638427734, 4.649774551391602, 4.594022750854492], [8.370567321777344, 4.125500679016113, 4.87180757522583]]","[[8.88015365600586, 5.1548919677734375, 4.928873538970947], [8.575435638427734, 4.649774551391602, 4.594022750854492], [8.370567321777344, 4.125500679016113, 4.87180757522583]]",raw,True,True,False,shaped,1.3000010563873936,6.419103145599365,6.419103145599365,"[5.058075904846191, 3.8199124336242676]","[4.648815844759781, 3.6294654762582748]",0.868319034576416
DiagReachK2,186,W2,SR,shaped,raw,development_DiagReachK2_s186_W2_SR,14,old,True,False,False,False,"[8.852816581726074, 8.71169662475586, 8.32797622680664]","[[8.852816581726074, 5.120390892028809, 4.8895392417907715], [8.71169662475586, 5.077742576599121, 4.245509147644043], [8.32797622680664, 3.848949670791626, 5.247466564178467]]","[[8.852816581726074, 5.120390892028809, 4.8895392417907715], [8.71169662475586, 5.077742576599121, 4.245509147644043], [8.32797622680664, 3.848949670791626, 5.247466564178467]]",raw,True,True,False,shaped,1.1123784082188986,6.438478946685791,6.438478946685791,"[5.564652442932129, 3.853421449661255]","[5.540683349562114, 4.146291456648151]",0.8427009582519531
DiagReachK2,186,W2,SR,shaped,raw,development_DiagReachK2_s186_W2_SR,15,full_PPO,True,True,False,False,"[8.915155410766602, 8.418374061584473, 8.973491668701172]","[[8.915155410766602, 5.186410903930664, 4.967255115509033], [8.418374061584473, 5.086706161499023, 3.6051576137542725], [8.973491668701172, 5.476918697357178, 4.944875717163086]]","[[8.915155410766602, 5.186410903930664, 4.967255115509033], [8.418374061584473, 5.086706161499023, 3.6051576137542725], [8.973491668701172, 5.476918697357178, 4.944875717163086]]",raw,True,True,False,shaped,0.8445612441923691,5.66695499420166,5.66695499420166,"[5.294814109802246, 4.256035804748535]","[5.196586859058139, 2.9093738718601836]",0.7346179485321045
DiagReachK2,186,W2,SR,shaped,raw,development_DiagReachK2_s186_W2_SR,16,old,True,False,False,False,"[8.874120712280273, 8.252873420715332, 8.205976486206055]","[[8.874120712280273, 5.434709548950195, 4.929912567138672], [8.252873420715332, 4.70305061340332, 4.132001876831055], [8.205976486206055, 3.95420503616333, 4.921927452087402]]","[[8.874120712280273, 5.434709548950195, 4.929912567138672], [8.252873420715332, 4.70305061340332, 4.132001876831055], [8.205976486206055, 3.95420503616333, 4.921927452087402]]",raw,True,True,False,shaped,1.7660139443389227,6.423405647277832,6.423405647277832,"[4.988154411315918, 4.540673732757568]","[3.7693524998049486, 3.910824170887594]",0.7775454521179199
DiagReachK2,186,W2,SR,shaped,raw,development_DiagReachK2_s186_W2_SR,17,old,True,False,False,False,"[8.920012474060059, 8.542619705200195, 7.909487724304199]","[[8.920012474060059, 5.532170295715332, 4.866171360015869], [8.542619705200195, 5.070956707000732, 4.245397567749023], [7.909487724304199, 4.340590953826904, 3.7969746589660645]]","[[8.920012474060059, 5.532170295715332, 4.866171360015869], [8.542619705200195, 5.070956707000732, 4.245397567749023], [7.909487724304199, 4.340590953826904, 3.7969746589660645]]",raw,True,True,False,shaped,2.252094182738041,6.094687461853027,6.094687461853027,"[5.37836217880249, 4.4914069175720215]","[4.258161192681858, 3.319435812044078]",0.7430820465087891
DiagReachK2,186,W2,SR,shaped,raw,development_DiagReachK2_s186_W2_SR,18,old,True,False,False,False,"[8.892271995544434, 8.626087188720703, 8.864748001098633]","[[8.892271995544434, 5.4430036544799805, 4.881989479064941], [8.626087188720703, 5.111386299133301, 4.164333343505859], [8.864748001098633, 4.58619499206543, 5.706912994384766]]","[[8.892271995544434, 5.4430036544799805, 4.881989479064941], [8.626087188720703, 5.111386299133301, 4.164333343505859], [8.864748001098633, 4.58619499206543, 5.706912994384766]]",raw,True,True,False,shaped,1.1273809406730049,6.776078701019287,6.776078701019287,"[5.4608073234558105, 4.059080123901367]","[4.979257356378219, 3.0001532994687694]",0.777534008026123
DiagReachK2,186,W2,SR,shaped,raw,development_DiagReachK2_s186_W2_SR,19,joint_W2,True,True,False,False,"[8.859845161437988, 9.021751403808594, 9.09502124786377]","[[8.859845161437988, 5.443474292755127, 4.734498023986816], [9.021751403808594, 5.432506084442139, 5.330587863922119], [9.09502124786377, 5.082300186157227, 5.961915969848633]]","[[8.859845161437988, 5.443474292755127, 4.734498023986816], [9.021751403808594, 5.432506084442139, 5.330587863922119], [9.084813117980957, 5.082300186157227, 5.961915969848633]]",raw,True,True,False,shaped,0.5551626191547607,7.109908103942871,7.109908103942871,"[5.244396686553955, 4.165887832641602]","[5.333772463759391, 5.175895656752806]",0.793391227722168
DiagReachK2,186,W2,SR,shaped,raw,development_DiagReachK2_s186_W2_SR,20,full_PPO,True,True,False,False,"[9.082563400268555, 8.5037841796875, 9.088109016418457]","[[9.082563400268555, 5.453991889953613, 5.521069049835205], [8.5037841796875, 4.906347274780273, 4.425090312957764], [9.088109016418457, 5.163780212402344, 5.859428405761719]]","[[9.082563400268555, 5.453991889953613, 5.521069049835205], [8.5037841796875, 4.906347274780273, 4.425090312957764], [9.088109016418457, 5.163780212402344, 5.859428405761719]]",raw,True,True,False,shaped,0.38920193848761503,7.027327537536621,7.027327537536621,"[5.264466762542725, 4.891237735748291]","[5.041253428482666, 4.423182523171474]",0.7017176151275635
DiagReachK2,186,W2,SR,shaped,raw,development_DiagReachK2_s186_W2_SR,21,old,True,False,False,False,"[9.075660705566406, 8.963410377502441, 8.313648223876953]","[[9.075660705566406, 5.148348808288574, 5.826641082763672], [8.963410377502441, 5.023209571838379, 5.890895366668701], [8.313648223876953, 4.968197822570801, 4.273469924926758]]","[[9.075660705566406, 5.148348808288574, 5.826641082763672], [8.963410377502441, 5.023209571838379, 5.890895366668701], [8.313648223876953, 4.968197822570801, 4.273469924926758]]",raw,True,True,False,shaped,1.174705489924758,6.68552303314209,6.68552303314209,"[4.753304481506348, 5.782990455627441]","[4.550815323620583, 5.675277052028922]",0.47809791564941406
DiagReachK2,186,W2,SR,shaped,raw,development_DiagReachK2_s186_W2_SR,22,old,True,False,False,False,"[9.063974380493164, 8.603889465332031, 8.264369010925293]","[[9.063974380493164, 5.16769552230835, 5.8297247886657715], [8.603889465332031, 4.566854476928711, 5.1895341873168945], [8.264369010925293, 4.416913986206055, 4.661288261413574]]","[[9.063974380493164, 5.16769552230835, 5.8297247886657715], [8.603889465332031, 4.566854476928711, 5.1895341873168945], [8.264369010925293, 4.416913986206055, 4.661288261413574]]",raw,True,True,False,shaped,2.263189846402208,5.572847843170166,5.572847843170166,"[5.3775315284729, 5.182250022888184]","[4.094093260475738, 4.406013323491054]",0.49414753913879395
DiagReachK2,186,W2,SR,shaped,raw,development_DiagReachK2_s186_W2_SR,23,old,True,False,False,False,"[9.138980865478516, 9.250604629516602, 9.189066886901855]","[[9.138980865478516, 5.195800304412842, 5.81825065612793], [9.250604629516602, 5.4583353996276855, 6.081804275512695], [9.189066886901855, 5.945881366729736, 5.331910133361816]]","[[9.138980865478516, 5.195800304412842, 5.81825065612793], [9.162294387817383, 5.4583353996276855, 6.081804275512695], [9.170366287231445, 5.945881366729736, 5.331910133361816]]",raw,True,True,False,shaped,1.4228510725142833,6.739991188049316,6.739991188049316,"[4.626093864440918, 5.150426387786865]","[5.415420136104725, 5.103530399133611]",0.45001912117004395
DiagReachK2,186,W2,SR,shaped,raw,development_DiagReachK2_s186_W2_SR,24,joint_W2,True,True,False,False,"[9.103096008300781, 9.127464294433594, 8.348620414733887]","[[9.103096008300781, 5.213466167449951, 5.816511154174805], [9.127464294433594, 5.316319942474365, 5.88974666595459], [8.348620414733887, 4.8180341720581055, 4.314428329467773]]","[[9.103096008300781, 5.213466167449951, 5.816511154174805], [9.127464294433594, 5.316319942474365, 5.88974666595459], [8.348620414733887, 4.8180341720581055, 4.314428329467773]]",raw,True,True,False,shaped,2.254029204619504,5.928958415985107,5.928958415985107,"[4.754708290100098, 5.285186290740967]","[4.708900942086904, 5.348983953289961]",0.4663114547729492
DiagReachK2,186,W2,SS,shaped,shaped,development_DiagReachK2_s186_W2_SS,0,joint_W2,True,True,False,False,"[4.9893341064453125, 5.961058616638184, 5.915472507476807]","[[4.9893341064453125, 5.086398601531982, 0.0], [5.961058616638184, 5.0700907707214355, 0.07588951289653778], [5.915472507476807, 5.1793413162231445, 0.05061697959899902]]","[[4.9893341064453125, 5.086398601531982, 0.0], [5.961058616638184, 5.0700907707214355, 0.07588951289653778], [5.915472507476807, 5.1793413162231445, 0.05061697959899902]]",shaped,True,True,False,shaped,1.0736967317726116,3.8507704734802246,3.8507704734802246,"[3.9224324226379395, 1.9191131591796875]","[3.626044313133343, 2.6163141478881373]",0.6522846221923828
DiagReachK2,186,W2,SS,shaped,shaped,development_DiagReachK2_s186_W2_SS,1,full_PPO,True,True,False,False,"[6.049018859863281, 6.380871772766113, 6.530708312988281]","[[6.049018859863281, 5.217459678649902, 0.10860057175159454], [6.380871772766113, 3.9658126831054688, 0.7225370407104492], [6.530708312988281, 4.545039176940918, 0.6765137314796448]]","[[6.049018859863281, 5.217459678649902, 0.10860057175159454], [6.380871772766113, 3.9658126831054688, 0.7225370407104492], [6.530708312988281, 4.545039176940918, 0.6765137314796448]]",shaped,True,True,False,shaped,1.8478399222577935,3.113246440887451,3.113246440887451,"[4.590684413909912, 1.3126627206802368]","[3.223071440359768, 1.3812602949141948]",0.39783263206481934
DiagReachK2,186,W2,SS,shaped,shaped,development_DiagReachK2_s186_W2_SS,2,joint_W2,True,True,False,False,"[6.492087364196777, 6.69415283203125, 7.289877414703369]","[[6.492087364196777, 4.542902946472168, 0.7053439021110535], [6.69415283203125, 5.119296550750732, 0.6789479851722717], [8.381034851074219, 6.916928291320801, 2.810492515563965]]","[[6.492087364196777, 4.542902946472168, 0.7053439021110535], [6.69415283203125, 5.119296550750732, 0.6789479851722717], [7.289877414703369, 6.916928291320801, 2.810492515563965]]",shaped,True,True,False,shaped,1.1488152139994479,3.8041458129882812,3.8041458129882812,"[3.7855286598205566, 1.6609621047973633]","[4.583338631976379, 1.602108183295735]",0.37097859382629395
DiagReachK2,186,W2,SS,shaped,shaped,development_DiagReachK2_s186_W2_SS,3,joint_W2,True,True,False,False,"[6.647256374359131, 7.129305362701416, 6.052824974060059]","[[6.647256374359131, 4.986547946929932, 0.6422396898269653], [7.129305362701416, 4.998850345611572, 1.2525570392608643], [6.052824974060059, 3.1593663692474365, 0.7832188606262207]]","[[6.647256374359131, 4.986547946929932, 0.6422396898269653], [7.129305362701416, 4.998850345611572, 1.2525570392608643], [6.052824974060059, 3.1593663692474365, 0.7832188606262207]]",shaped,True,True,False,shaped,1.5436670136881352,3.9803974628448486,3.9803974628448486,"[4.525636672973633, 2.2290806770324707]","[4.949881371623588, 1.687972201026274]",0.36625003814697266
DiagReachK2,186,W2,SS,shaped,shaped,development_DiagReachK2_s186_W2_SS,4,full_PPO,True,True,False,False,"[7.1864705085754395, 7.592804431915283, 7.823165416717529]","[[7.1864705085754395, 5.004367828369141, 1.2557601928710938], [7.592804431915283, 4.59679651260376, 2.2630903720855713], [7.823165416717529, 4.102203369140625, 3.181929349899292]]","[[7.1864705085754395, 5.004367828369141, 1.2557601928710938], [7.592804431915283, 4.59679651260376, 2.2630903720855713], [7.823165416717529, 4.102203369140625, 3.181929349899292]]",shaped,True,True,False,shaped,1.5589629309449333,4.178481101989746,4.178481101989746,"[4.897385120391846, 2.636955738067627]","[4.341486513159342, 3.4735625066892943]",0.3732914924621582
DiagReachK2,186,W2,SS,shaped,shaped,development_DiagReachK2_s186_W2_SS,5,full_PPO,True,True,False,False,"[7.7479448318481445, 7.909152030944824, 8.461952209472656]","[[7.7479448318481445, 4.093932151794434, 3.165491819381714], [7.909152030944824, 4.737914085388184, 3.011812448501587], [8.461952209472656, 5.605515480041504, 3.519589900970459]]","[[7.7479448318481445, 4.093932151794434, 3.165491819381714], [7.909152030944824, 4.737914085388184, 3.011812448501587], [8.461952209472656, 5.605515480041504, 3.519589900970459]]",shaped,True,True,False,shaped,1.4123766324237723,5.518300533294678,5.518300533294678,"[4.196173667907715, 2.411386013031006]","[5.275927035757522, 1.918756463048819]",0.370072603225708
DiagReachK2,186,W2,SS,shaped,shaped,development_DiagReachK2_s186_W2_SS,6,joint_W2,False,False,False,False,"[8.425192832946777, 9.010991096496582, 9.378763198852539]","[[8.425192832946777, 5.604608535766602, 3.3766274452209473], [9.010991096496582, 5.927491188049316, 4.4240217208862305], [9.38735580444336, 5.990700721740723, 5.7154059410095215]]","[[8.425192832946777, 5.604608535766602, 3.3766274452209473], [9.010991096496582, 5.927491188049316, 4.4240217208862305], [9.378763198852539, 5.990700721740723, 5.7154059410095215]]",shaped,True,True,False,shaped,0.6405151110755204,6.579209804534912,6.579209804534912,"[4.861689567565918, 3.4275424480438232]","[5.282690335350102, 3.839723771703444]",0.37337422370910645
DiagReachK2,186,W2,SS,shaped,shaped,development_DiagReachK2_s186_W2_SS,7,old,True,False,False,False,"[8.484947204589844, 8.283145904541016, 8.275918006896973]","[[8.484947204589844, 5.667941093444824, 3.4898343086242676], [8.283145904541016, 4.945981502532959, 3.3295516967773438], [8.275918006896973, 4.531630516052246, 4.089869499206543]]","[[8.484947204589844, 5.667941093444824, 3.4898343086242676], [8.283145904541016, 4.945981502532959, 3.3295516967773438], [8.275918006896973, 4.531630516052246, 4.089869499206543]]",shaped,True,True,False,shaped,1.7791520858278809,5.193102836608887,5.193102836608887,"[5.112049102783203, 3.3996853828430176]","[3.781825818992123, 3.4236588481608266]",0.38652658462524414
DiagReachK2,186,W2,SS,shaped,shaped,development_DiagReachK2_s186_W2_SS,8,full_PPO,True,True,False,False,"[8.444235801696777, 8.049583435058594, 8.548748970031738]","[[8.444235801696777, 5.64107608795166, 3.40132474899292], [8.049583435058594, 4.477402210235596, 3.3422160148620605], [8.548748970031738, 4.441380500793457, 4.997886657714844]]","[[8.444235801696777, 5.64107608795166, 3.40132474899292], [8.049583435058594, 4.477402210235596, 3.3422160148620605], [8.548748970031738, 4.441380500793457, 4.997886657714844]]",shaped,True,True,False,shaped,1.5694524593865027,5.76554012298584,5.76554012298584,"[4.882529258728027, 3.6763672828674316]","[4.145162991496182, 3.67042821988631]",0.6079587936401367
DiagReachK2,186,W2,SS,shaped,shaped,development_DiagReachK2_s186_W2_SS,9,old,True,False,False,False,"[8.560492515563965, 8.42531967163086, 8.886337280273438]","[[8.560492515563965, 4.305061340332031, 5.044647693634033], [8.42531967163086, 4.582404613494873, 4.4467668533325195], [8.902164459228516, 4.71743106842041, 5.946704864501953]]","[[8.560492515563965, 4.305061340332031, 5.044647693634033], [8.42531967163086, 4.582404613494873, 4.4467668533325195], [8.886337280273438, 4.71743106842041, 5.946704864501953]]",shaped,True,True,False,shaped,0.5627436023400234,6.747414588928223,6.747414588928223,"[4.176150798797607, 4.434609413146973]","[4.868594226098194, 4.337550705354827]",0.3779423236846924
DiagReachK2,186,W2,SS,shaped,shaped,development_DiagReachK2_s186_W2_SS,10,joint_W2,True,True,False,False,"[8.538463592529297, 8.840628623962402, 9.055885314941406]","[[8.538463592529297, 4.428176403045654, 5.01334285736084], [8.840628623962402, 5.210979461669922, 4.8059163093566895], [9.293285369873047, 5.3451828956604, 6.253870487213135]]","[[8.538463592529297, 4.428176403045654, 5.01334285736084], [8.840628623962402, 5.210979461669922, 4.8059163093566895], [9.055885314941406, 5.3451828956604, 6.253870487213135]]",shaped,True,True,False,shaped,0.5562543743570707,6.507040977478027,6.507040977478027,"[3.7815871238708496, 3.3446707725524902]","[4.780426883406337, 3.723775859874044]",0.36905598640441895
DiagReachK2,186,W2,SS,shaped,shaped,development_DiagReachK2_s186_W2_SS,11,old,True,False,False,False,"[8.821636199951172, 8.371708869934082, 8.479183197021484]","[[8.821636199951172, 5.202015399932861, 4.825780868530273], [8.371708869934082, 4.604101181030273, 4.1873674392700195], [8.479183197021484, 4.873324394226074, 4.274969577789307]]","[[8.821636199951172, 5.202015399932861, 4.825780868530273], [8.371708869934082, 4.604101181030273, 4.1873674392700195], [8.479183197021484, 4.873324394226074, 4.274969577789307]]",shaped,True,True,False,shaped,0.9163662645778412,6.263537406921387,6.263537406921387,"[5.058259010314941, 4.148404121398926]","[4.905306474644207, 3.8659199329525276]",0.42062997817993164
DiagReachK2,186,W2,SS,shaped,shaped,development_DiagReachK2_s186_W2_SS,12,old,True,False,False,False,"[8.8683500289917, 8.544052124023438, 8.3278169631958]","[[8.8683500289917, 5.200941562652588, 4.913487434387207], [8.544052124023438, 4.782867908477783, 4.395061492919922], [8.3278169631958, 3.6836681365966797, 5.650938034057617]]","[[8.8683500289917, 5.200941562652588, 4.913487434387207], [8.544052124023438, 4.782867908477783, 4.395061492919922], [8.3278169631958, 3.6836681365966797, 5.650938034057617]]",shaped,True,True,False,shaped,2.131317066351195,5.572784423828125,5.572784423828125,"[5.445620059967041, 3.428863048553467]","[4.353664386607558, 2.9759459797197456]",0.41984033584594727
DiagReachK2,186,W2,SS,shaped,shaped,development_DiagReachK2_s186_W2_SS,13,old,True,False,False,False,"[8.88015365600586, 8.575435638427734, 8.370567321777344]","[[8.88015365600586, 5.1548919677734375, 4.928873538970947], [8.575435638427734, 4.649774551391602, 4.594022750854492], [8.370567321777344, 4.125500679016113, 4.87180757522583]]","[[8.88015365600586, 5.1548919677734375, 4.928873538970947], [8.575435638427734, 4.649774551391602, 4.594022750854492], [8.370567321777344, 4.125500679016113, 4.87180757522583]]",shaped,True,True,False,shaped,1.3000010563873936,6.419103145599365,6.419103145599365,"[5.058075904846191, 3.8199124336242676]","[4.648815844759781, 3.6294654762582748]",0.47909045219421387
DiagReachK2,186,W2,SS,shaped,shaped,development_DiagReachK2_s186_W2_SS,14,old,True,False,False,False,"[8.852816581726074, 8.71169662475586, 8.32797622680664]","[[8.852816581726074, 5.120390892028809, 4.8895392417907715], [8.71169662475586, 5.077742576599121, 4.245509147644043], [8.32797622680664, 3.848949670791626, 5.247466564178467]]","[[8.852816581726074, 5.120390892028809, 4.8895392417907715], [8.71169662475586, 5.077742576599121, 4.245509147644043], [8.32797622680664, 3.848949670791626, 5.247466564178467]]",shaped,True,True,False,shaped,1.1123784082188986,6.438478946685791,6.438478946685791,"[5.564652442932129, 3.853421449661255]","[5.540683349562114, 4.146291456648151]",0.4277524948120117
DiagReachK2,186,W2,SS,shaped,shaped,development_DiagReachK2_s186_W2_SS,15,full_PPO,True,True,False,False,"[8.915155410766602, 8.418374061584473, 8.973491668701172]","[[8.915155410766602, 5.186410903930664, 4.967255115509033], [8.418374061584473, 5.086706161499023, 3.6051576137542725], [8.973491668701172, 5.476918697357178, 4.944875717163086]]","[[8.915155410766602, 5.186410903930664, 4.967255115509033], [8.418374061584473, 5.086706161499023, 3.6051576137542725], [8.973491668701172, 5.476918697357178, 4.944875717163086]]",shaped,True,True,False,shaped,0.8445612441923691,5.66695499420166,5.66695499420166,"[5.294814109802246, 4.256035804748535]","[5.196586859058139, 2.9093738718601836]",0.38875246047973633
DiagReachK2,186,W2,SS,shaped,shaped,development_DiagReachK2_s186_W2_SS,16,old,True,False,False,False,"[8.874120712280273, 8.252873420715332, 8.205976486206055]","[[8.874120712280273, 5.434709548950195, 4.929912567138672], [8.252873420715332, 4.70305061340332, 4.132001876831055], [8.205976486206055, 3.95420503616333, 4.921927452087402]]","[[8.874120712280273, 5.434709548950195, 4.929912567138672], [8.252873420715332, 4.70305061340332, 4.132001876831055], [8.205976486206055, 3.95420503616333, 4.921927452087402]]",shaped,True,True,False,shaped,1.7660139443389227,6.423405647277832,6.423405647277832,"[4.988154411315918, 4.540673732757568]","[3.7693524998049486, 3.910824170887594]",0.4094700813293457
DiagReachK2,186,W2,SS,shaped,shaped,development_DiagReachK2_s186_W2_SS,17,old,True,False,False,False,"[8.920012474060059, 8.542619705200195, 7.909487724304199]","[[8.920012474060059, 5.532170295715332, 4.866171360015869], [8.542619705200195, 5.070956707000732, 4.245397567749023], [7.909487724304199, 4.340590953826904, 3.7969746589660645]]","[[8.920012474060059, 5.532170295715332, 4.866171360015869], [8.542619705200195, 5.070956707000732, 4.245397567749023], [7.909487724304199, 4.340590953826904, 3.7969746589660645]]",shaped,True,True,False,shaped,2.252094182738041,6.094687461853027,6.094687461853027,"[5.37836217880249, 4.4914069175720215]","[4.258161192681858, 3.319435812044078]",0.4050586223602295
DiagReachK2,186,W2,SS,shaped,shaped,development_DiagReachK2_s186_W2_SS,18,old,True,False,False,False,"[8.892271995544434, 8.626087188720703, 8.864748001098633]","[[8.892271995544434, 5.4430036544799805, 4.881989479064941], [8.626087188720703, 5.111386299133301, 4.164333343505859], [8.864748001098633, 4.58619499206543, 5.706912994384766]]","[[8.892271995544434, 5.4430036544799805, 4.881989479064941], [8.626087188720703, 5.111386299133301, 4.164333343505859], [8.864748001098633, 4.58619499206543, 5.706912994384766]]",shaped,True,True,False,shaped,1.1273809406730049,6.776078701019287,6.776078701019287,"[5.4608073234558105, 4.059080123901367]","[4.979257356378219, 3.0001532994687694]",0.4479501247406006
DiagReachK2,186,W2,SS,shaped,shaped,development_DiagReachK2_s186_W2_SS,19,joint_W2,True,True,False,False,"[8.859845161437988, 9.021751403808594, 9.084813117980957]","[[8.859845161437988, 5.443474292755127, 4.734498023986816], [9.021751403808594, 5.432506084442139, 5.330587863922119], [9.09502124786377, 5.082300186157227, 5.961915969848633]]","[[8.859845161437988, 5.443474292755127, 4.734498023986816], [9.021751403808594, 5.432506084442139, 5.330587863922119], [9.084813117980957, 5.082300186157227, 5.961915969848633]]",shaped,True,True,False,shaped,0.5551626191547607,7.109908103942871,7.109908103942871,"[5.244396686553955, 4.165887832641602]","[5.333772463759391, 5.175895656752806]",0.3976120948791504
DiagReachK2,186,W2,SS,shaped,shaped,development_DiagReachK2_s186_W2_SS,20,full_PPO,True,True,False,False,"[9.082563400268555, 8.5037841796875, 9.088109016418457]","[[9.082563400268555, 5.453991889953613, 5.521069049835205], [8.5037841796875, 4.906347274780273, 4.425090312957764], [9.088109016418457, 5.163780212402344, 5.859428405761719]]","[[9.082563400268555, 5.453991889953613, 5.521069049835205], [8.5037841796875, 4.906347274780273, 4.425090312957764], [9.088109016418457, 5.163780212402344, 5.859428405761719]]",shaped,True,True,False,shaped,0.38920193848761503,7.027327537536621,7.027327537536621,"[5.264466762542725, 4.891237735748291]","[5.041253428482666, 4.423182523171474]",0.37822484970092773
DiagReachK2,186,W2,SS,shaped,shaped,development_DiagReachK2_s186_W2_SS,21,old,True,False,False,False,"[9.075660705566406, 8.963410377502441, 8.313648223876953]","[[9.075660705566406, 5.148348808288574, 5.826641082763672], [8.963410377502441, 5.023209571838379, 5.890895366668701], [8.313648223876953, 4.968197822570801, 4.273469924926758]]","[[9.075660705566406, 5.148348808288574, 5.826641082763672], [8.963410377502441, 5.023209571838379, 5.890895366668701], [8.313648223876953, 4.968197822570801, 4.273469924926758]]",shaped,True,True,False,shaped,1.174705489924758,6.68552303314209,6.68552303314209,"[4.753304481506348, 5.782990455627441]","[4.550815323620583, 5.675277052028922]",0.38219761848449707
DiagReachK2,186,W2,SS,shaped,shaped,development_DiagReachK2_s186_W2_SS,22,old,True,False,False,False,"[9.063974380493164, 8.603889465332031, 8.264369010925293]","[[9.063974380493164, 5.16769552230835, 5.8297247886657715], [8.603889465332031, 4.566854476928711, 5.1895341873168945], [8.264369010925293, 4.416913986206055, 4.661288261413574]]","[[9.063974380493164, 5.16769552230835, 5.8297247886657715], [8.603889465332031, 4.566854476928711, 5.1895341873168945], [8.264369010925293, 4.416913986206055, 4.661288261413574]]",shaped,True,True,False,shaped,2.263189846402208,5.572847843170166,5.572847843170166,"[5.3775315284729, 5.182250022888184]","[4.094093260475738, 4.406013323491054]",0.43113136291503906
DiagReachK2,186,W2,SS,shaped,shaped,development_DiagReachK2_s186_W2_SS,23,old,True,False,False,False,"[9.138980865478516, 9.162294387817383, 9.170366287231445]","[[9.138980865478516, 5.195800304412842, 5.81825065612793], [9.250604629516602, 5.4583353996276855, 6.081804275512695], [9.189066886901855, 5.945881366729736, 5.331910133361816]]","[[9.138980865478516, 5.195800304412842, 5.81825065612793], [9.162294387817383, 5.4583353996276855, 6.081804275512695], [9.170366287231445, 5.945881366729736, 5.331910133361816]]",shaped,True,True,False,shaped,1.4228510725142833,6.739991188049316,6.739991188049316,"[4.626093864440918, 5.150426387786865]","[5.415420136104725, 5.103530399133611]",0.38660216331481934
DiagReachK2,186,W2,SS,shaped,shaped,development_DiagReachK2_s186_W2_SS,24,joint_W2,True,True,False,False,"[9.103096008300781, 9.127464294433594, 8.348620414733887]","[[9.103096008300781, 5.213466167449951, 5.816511154174805], [9.127464294433594, 5.316319942474365, 5.88974666595459], [8.348620414733887, 4.8180341720581055, 4.314428329467773]]","[[9.103096008300781, 5.213466167449951, 5.816511154174805], [9.127464294433594, 5.316319942474365, 5.88974666595459], [8.348620414733887, 4.8180341720581055, 4.314428329467773]]",shaped,True,True,False,shaped,2.254029204619504,5.928958415985107,5.928958415985107,"[4.754708290100098, 5.285186290740967]","[4.708900942086904, 5.348983953289961]",0.39403438568115234
DiagReachK2,187,KL,RR,raw,raw,development_DiagReachK2_s187_KL_RR,0,old,True,False,False,False,"[8.54815673828125, 8.928289413452148, 9.04420280456543]","[[8.54815673828125, 5.428125381469727, 4.24753475189209], [8.928289413452148, 6.314885139465332, 4.845978260040283], [9.04420280456543, 5.352377414703369, 5.836376190185547]]","[[8.54815673828125, 5.428125381469727, 4.24753475189209], [8.613399505615234, 6.314885139465332, 4.845978260040283], [9.037109375, 5.352377414703369, 5.836376190185547]]",raw,True,True,False,raw,0.6413074937769228,6.424785614013672,4.265839576721191,"[4.442942142486572, 3.63773775100708]","[4.844162305533006, 3.6747761568943353]",0.3984494209289551
DiagReachK2,187,KL,RR,raw,raw,development_DiagReachK2_s187_KL_RR,1,old,True,False,False,False,"[8.495102882385254, 8.87198257446289, 7.193434238433838]","[[8.495102882385254, 5.507509231567383, 4.133216857910156], [8.87198257446289, 7.137735366821289, 5.054653644561768], [7.193434238433838, 2.4609103202819824, 4.04280948638916]]","[[8.495102882385254, 5.507509231567383, 4.133216857910156], [7.549197196960449, 7.137735366821289, 5.054653644561768], [7.193434238433838, 2.4609103202819824, 4.04280948638916]]",raw,True,True,False,raw,1.0585769842094161,6.3172101974487305,3.165043830871582,"[4.434871196746826, 4.425499439239502]","[5.999999899723235, 5.367256819128141]",0.38159847259521484
DiagReachK2,187,KL,RR,raw,raw,development_DiagReachK2_s187_KL_RR,2,old,True,False,False,False,"[8.519184112548828, 9.03226089477539, 7.768993377685547]","[[8.519184112548828, 5.571017265319824, 4.032430648803711], [9.03226089477539, 6.660757541656494, 5.3795318603515625], [7.768993377685547, 5.707907199859619, 2.4240102767944336]]","[[8.519184112548828, 5.571017265319824, 4.032430648803711], [8.41038703918457, 6.660757541656494, 5.3795318603515625], [7.768993377685547, 5.707907199859619, 2.4240102767944336]]",raw,True,True,False,raw,0.7738246838232217,5.901703357696533,4.623467445373535,"[3.6314854621887207, 3.4088828563690186]","[4.633975692772612, 4.173563296496664]",0.41109681129455566
DiagReachK2,187,KL,RR,raw,raw,development_DiagReachK2_s187_KL_RR,3,old,True,False,False,False,"[8.562999725341797, 8.946550369262695, 8.0817232131958]","[[8.562999725341797, 5.459498405456543, 4.232315540313721], [8.946550369262695, 6.795060634613037, 5.543615341186523], [8.0817232131958, 6.779458522796631, 3.4318132400512695]]","[[8.562999725341797, 5.459498405456543, 4.232315540313721], [8.174629211425781, 6.795060634613037, 5.543615341186523], [7.363408088684082, 6.779458522796631, 3.4318132400512695]]",raw,True,True,False,raw,1.092428113570358,5.999298095703125,4.582099914550781,"[3.9045894145965576, 3.5034966468811035]","[4.89047843354127, 5.235317533928521]",0.3930976390838623
DiagReachK2,187,KL,RR,raw,raw,development_DiagReachK2_s187_KL_RR,4,old,True,False,False,False,"[8.564849853515625, 9.170639038085938, 8.500035285949707]","[[8.564849853515625, 5.236307144165039, 4.17097806930542], [9.170639038085938, 6.80050802230835, 6.032121181488037], [8.500035285949707, 5.182933330535889, 3.75943660736084]]","[[8.564849853515625, 5.236307144165039, 4.17097806930542], [8.301193237304688, 6.80050802230835, 6.032121181488037], [8.500035285949707, 5.182933330535889, 3.75943660736084]]",raw,True,True,False,raw,0.9376735460661418,6.4880547523498535,4.761112213134766,"[4.699217319488525, 3.7424674034118652]","[5.95839709005371, 4.700634497906609]",0.3760795593261719
DiagReachK2,187,KL,RR,raw,raw,development_DiagReachK2_s187_KL_RR,5,full_PPO,True,True,False,False,"[8.49493408203125, 8.673599243164062, 8.951053619384766]","[[8.49493408203125, 5.362750053405762, 4.206024646759033], [8.673599243164062, 6.575629711151123, 5.285955905914307], [8.951053619384766, 5.411172389984131, 5.333049774169922]]","[[8.49493408203125, 5.362750053405762, 4.206024646759033], [8.182746887207031, 6.575629711151123, 5.285955905914307], [8.951053619384766, 5.411172389984131, 5.333049774169922]]",raw,True,True,False,raw,0.7168689771173337,6.331085205078125,6.224326133728027,"[3.7765395641326904, 3.171602487564087]","[4.091268076467435, 3.4534673822671853]",0.39829134941101074
DiagReachK2,187,KL,RR,raw,raw,development_DiagReachK2_s187_KL_RR,6,old,True,False,False,False,"[9.009492874145508, 9.097137451171875, 8.416240692138672]","[[9.009492874145508, 5.493257999420166, 5.368856906890869], [9.097137451171875, 6.228273391723633, 6.1633501052856445], [8.416240692138672, 3.520717144012451, 5.254095077514648]]","[[9.009492874145508, 5.493257999420166, 5.368856906890869], [8.664514541625977, 6.228273391723633, 6.1633501052856445], [8.416240692138672, 3.520717144012451, 5.254095077514648]]",raw,True,True,False,raw,0.5390509413276281,6.247191429138184,4.073939323425293,"[3.4134202003479004, 4.429396629333496]","[3.7449135593338294, 5.446395872393154]",0.39188599586486816
DiagReachK2,187,KL,RR,raw,raw,development_DiagReachK2_s187_KL_RR,7,old,True,False,False,False,"[9.06942367553711, 9.453978538513184, 8.854878425598145]","[[9.06942367553711, 5.375761032104492, 5.484658241271973], [9.453978538513184, 5.293408393859863, 7.287452220916748], [8.854878425598145, 3.9569318294525146, 5.923846244812012]]","[[9.06942367553711, 5.375761032104492, 5.484658241271973], [6.717438220977783, 5.293408393859863, 7.287452220916748], [8.831061363220215, 3.9569318294525146, 5.923846244812012]]",raw,True,True,False,raw,0.6431652098906843,7.2671332359313965,4.51112174987793,"[5.659701347351074, 4.079949855804443]","[5.587971453614633, 5.025088972927035]",0.38544654846191406
DiagReachK2,187,KL,RR,raw,raw,development_DiagReachK2_s187_KL_RR,8,old,True,False,False,False,"[8.953985214233398, 9.135148048400879, 8.935561180114746]","[[8.953985214233398, 5.371914863586426, 5.175539970397949], [9.135148048400879, 6.739886283874512, 5.567916393280029], [8.935561180114746, 3.9877705574035645, 6.231675624847412]]","[[8.953985214233398, 5.371914863586426, 5.175539970397949], [8.421422958374023, 6.739886283874512, 5.567916393280029], [8.698200225830078, 3.9877705574035645, 6.231675624847412]]",raw,True,True,False,raw,1.0744222008088875,6.52548360824585,4.52668571472168,"[4.432318687438965, 4.02801513671875]","[5.974394060987986, 4.388214281993154]",0.669182538986206
DiagReachK2,187,KL,RR,raw,raw,development_DiagReachK2_s187_KL_RR,9,old,True,False,False,False,"[9.009191513061523, 9.186521530151367, 9.394113540649414]","[[9.009191513061523, 5.467414855957031, 5.384826183319092], [9.186521530151367, 5.946600914001465, 5.8560261726379395], [9.394113540649414, 5.431713104248047, 6.180100917816162]]","[[9.009191513061523, 5.467414855957031, 5.384826183319092], [9.127594947814941, 5.946600914001465, 5.8560261726379395], [9.228097915649414, 5.431713104248047, 6.180100917816162]]",raw,True,True,False,raw,0.9819214998409274,6.5985260009765625,3.8649840354919434,"[4.6132612228393555, 4.861440181732178]","[6.000000140319119, 5.863541099389124]",0.41034579277038574
DiagReachK2,187,KL,RR,raw,raw,development_DiagReachK2_s187_KL_RR,10,old,True,False,False,False,"[9.020745277404785, 9.276803016662598, 8.465119361877441]","[[9.020745277404785, 5.297817230224609, 5.3993682861328125], [9.276803016662598, 6.875627040863037, 6.388893127441406], [8.465119361877441, 4.133145332336426, 4.550934791564941]]","[[9.020745277404785, 5.297817230224609, 5.3993682861328125], [7.810612678527832, 6.875627040863037, 6.388893127441406], [8.465119361877441, 4.133145332336426, 4.550934791564941]]",raw,True,True,False,raw,1.0509413743204212,6.282044410705566,4.276221752166748,"[3.465266704559326, 4.596463203430176]","[5.118090509048012, 5.529078766508478]",0.42983126640319824
DiagReachK2,187,KL,RR,raw,raw,development_DiagReachK2_s187_KL_RR,11,old,True,False,False,False,"[8.971586227416992, 9.070700645446777, 8.617757797241211]","[[8.971586227416992, 5.368478775024414, 5.39780855178833], [9.070700645446777, 7.063100814819336, 5.980904579162598], [8.617757797241211, 3.9218711853027344, 5.1475653648376465]]","[[8.971586227416992, 5.368478775024414, 5.39780855178833], [7.845826148986816, 7.063100814819336, 5.980904579162598], [8.617757797241211, 3.9218711853027344, 5.1475653648376465]]",raw,True,True,False,raw,1.2350047429748305,6.474926948547363,3.55975604057312,"[3.994403839111328, 4.538670063018799]","[5.705518673353574, 5.120514964822499]",0.4804098606109619
DiagReachK2,187,KL,RR,raw,raw,development_DiagReachK2_s187_KL_RR,12,old,True,False,False,False,"[8.982446670532227, 9.185461044311523, 7.898768901824951]","[[8.982446670532227, 5.632889270782471, 5.298702239990234], [9.185461044311523, 6.618265151977539, 6.840597152709961], [7.898768901824951, 3.309955596923828, 4.5118865966796875]]","[[8.982446670532227, 5.632889270782471, 5.298702239990234], [7.38549280166626, 6.618265151977539, 6.840597152709961], [7.898768901824951, 3.309955596923828, 4.5118865966796875]]",raw,True,True,False,raw,0.5479716011895043,7.580998420715332,3.25921630859375,"[5.732598304748535, 5.2489752769470215]","[6.000000038392727, 5.924560249157893]",0.4507873058319092
DiagReachK2,187,KL,RR,raw,raw,development_DiagReachK2_s187_KL_RR,13,old,True,False,False,False,"[8.996328353881836, 9.240039825439453, 8.885198593139648]","[[8.996328353881836, 5.369530200958252, 5.259129047393799], [9.240039825439453, 6.803661346435547, 5.778811454772949], [8.885198593139648, 4.7890191078186035, 5.269901275634766]]","[[8.996328353881836, 5.369530200958252, 5.259129047393799], [8.400775909423828, 6.803661346435547, 5.778811454772949], [8.885198593139648, 4.7890191078186035, 5.269901275634766]]",raw,True,True,False,raw,0.9983821624521418,6.51494836807251,4.849862098693848,"[4.707367897033691, 4.171663761138916]","[5.999999896719219, 4.736499532720691]",0.4310574531555176
DiagReachK2,187,KL,RR,raw,raw,development_DiagReachK2_s187_KL_RR,14,old,True,False,False,False,"[8.982261657714844, 8.953230857849121, 8.9969482421875]","[[8.982261657714844, 5.543344020843506, 5.366189956665039], [8.953230857849121, 6.6595563888549805, 5.755186557769775], [8.9969482421875, 6.038487911224365, 5.352959632873535]]","[[8.982261657714844, 5.543344020843506, 5.366189956665039], [8.367881774902344, 6.6595563888549805, 5.755186557769775], [8.946939468383789, 6.038487911224365, 5.352959632873535]]",raw,True,True,False,raw,1.3999556720059045,6.808428764343262,5.120233058929443,"[4.594721794128418, 4.755293846130371]","[6.000000201466953, 5.861734225190762]",0.4392995834350586
DiagReachK2,187,KL,RR,raw,raw,development_DiagReachK2_s187_KL_RR,15,old,True,False,False,False,"[9.003376960754395, 9.257217407226562, 8.038058280944824]","[[9.003376960754395, 5.453857421875, 5.376884937286377], [9.257217407226562, 6.716574668884277, 6.200430393218994], [8.038058280944824, 2.978817939758301, 5.203226566314697]]","[[9.003376960754395, 5.453857421875, 5.376884937286377], [8.281513214111328, 6.716574668884277, 6.200430393218994], [8.038058280944824, 2.978817939758301, 5.203226566314697]]",raw,True,True,False,raw,0.6982164879107883,6.937844753265381,3.900054454803467,"[4.892645359039307, 4.358517646789551]","[5.912536407670968, 5.111154079437635]",0.4423403739929199
DiagReachK2,187,KL,RR,raw,raw,development_DiagReachK2_s187_KL_RR,16,old,False,False,False,False,"[8.937777519226074, 9.276458740234375, 8.483138084411621]","[[8.937777519226074, 5.477129936218262, 5.21560001373291], [9.276458740234375, 6.215090274810791, 6.769164562225342], [8.483138084411621, 3.8317418098449707, 5.157459735870361]]","[[8.937777519226074, 5.477129936218262, 5.21560001373291], [7.89698600769043, 6.215090274810791, 6.769164562225342], [8.483138084411621, 3.8317418098449707, 5.157459735870361]]",raw,True,True,False,raw,0.6597377143105727,6.471927642822266,4.984373092651367,"[4.381603240966797, 3.938493251800537]","[4.628169993031517, 4.951660993752391]",0.4620652198791504
DiagReachK2,187,KL,RR,raw,raw,development_DiagReachK2_s187_KL_RR,17,old,True,False,False,False,"[9.014202117919922, 9.050087928771973, 8.397590637207031]","[[9.014202117919922, 5.404256820678711, 5.360344886779785], [9.050087928771973, 7.130058288574219, 5.87445068359375], [8.397590637207031, 4.372798442840576, 4.2409162521362305]]","[[9.014202117919922, 5.404256820678711, 5.360344886779785], [7.7537360191345215, 7.130058288574219, 5.87445068359375], [8.397590637207031, 4.372798442840576, 4.2409162521362305]]",raw,True,True,False,raw,0.7773207412245194,7.206826686859131,3.4163990020751953,"[5.032675743103027, 5.349503993988037]","[5.963451306099832, 5.9999999761378]",0.35564231872558594
DiagReachK2,187,KL,RR,raw,raw,development_DiagReachK2_s187_KL_RR,18,full_PPO,False,False,False,False,"[8.945428848266602, 9.017436027526855, 7.922109603881836]","[[8.945428848266602, 5.668765068054199, 5.290155410766602], [9.017436027526855, 7.64613151550293, 5.533294200897217], [7.922109603881836, 4.262968063354492, 3.433229446411133]]","[[8.908188819885254, 5.668765068054199, 5.290155410766602], [6.618121147155762, 7.64613151550293, 5.533294200897217], [7.922109603881836, 4.262968063354492, 3.433229446411133]]",raw,True,True,False,raw,0.7548830938060238,6.409144401550293,4.326703071594238,"[4.353546619415283, 3.5629234313964844]","[5.374994693221636, 4.099558471767436]",0.44947171211242676
DiagReachK2,187,KL,RR,raw,raw,development_DiagReachK2_s187_KL_RR,19,old,True,False,False,False,"[8.921977996826172, 9.270546913146973, 8.26902961730957]","[[8.921977996826172, 5.716648578643799, 5.378232002258301], [9.270546913146973, 6.331871032714844, 6.280033111572266], [8.26902961730957, 3.3451156616210938, 5.5124101638793945]]","[[8.921977996826172, 5.716648578643799, 5.378232002258301], [8.704833984375, 6.331871032714844, 6.280033111572266], [8.26902961730957, 3.3451156616210938, 5.5124101638793945]]",raw,True,True,False,raw,0.8158993178622855,6.8236083984375,4.635904312133789,"[4.605185508728027, 4.426238536834717]","[5.442890895826678, 5.234013875142276]",0.5344176292419434
DiagReachK2,187,KL,RR,raw,raw,development_DiagReachK2_s187_KL_RR,20,old,True,False,False,False,"[9.010189056396484, 9.101334571838379, 8.744799613952637]","[[9.010189056396484, 5.392874717712402, 5.41498327255249], [9.101334571838379, 7.120279788970947, 6.42633056640625], [8.744799613952637, 4.01820707321167, 5.8559651374816895]]","[[9.010189056396484, 5.392874717712402, 5.41498327255249], [7.246154308319092, 7.120279788970947, 6.42633056640625], [8.733970642089844, 4.01820707321167, 5.8559651374816895]]",raw,True,True,False,raw,0.9282212707913189,6.104144096374512,5.341274738311768,"[3.0908918380737305, 3.9963555335998535]","[3.980989213548716, 4.74372243121806]",0.42117834091186523
DiagReachK2,187,KL,RR,raw,raw,development_DiagReachK2_s187_KL_RR,21,old,True,False,False,False,"[8.980171203613281, 9.43721866607666, 9.284152030944824]","[[8.980171203613281, 5.648053169250488, 5.463299751281738], [9.43721866607666, 6.404736518859863, 6.949352741241455], [9.284152030944824, 5.649569511413574, 6.049761772155762]]","[[8.980171203613281, 5.648053169250488, 5.463299751281738], [7.199348449707031, 6.404736518859863, 6.949352741241455], [9.218810081481934, 5.649569511413574, 6.049761772155762]]",raw,True,True,False,raw,0.6078577704053905,6.444549560546875,5.887170791625977,"[3.6577446460723877, 4.367910385131836]","[3.9713047392113943, 5.315470741656809]",0.40656542778015137
DiagReachK2,187,KL,RR,raw,raw,development_DiagReachK2_s187_KL_RR,22,old,True,False,False,False,"[8.960224151611328, 8.908803939819336, 7.973810195922852]","[[8.960224151611328, 5.625527381896973, 5.380499362945557], [8.908803939819336, 6.5115532875061035, 5.623360633850098], [7.973810195922852, 3.2977874279022217, 4.79758358001709]]","[[8.960224151611328, 5.625527381896973, 5.380499362945557], [8.461455345153809, 6.5115532875061035, 5.623360633850098], [7.973810195922852, 3.2977874279022217, 4.79758358001709]]",raw,True,True,False,raw,0.6771466962589539,7.117076873779297,3.463416576385498,"[5.448193550109863, 4.430903434753418]","[6.000000071221779, 5.045689548374854]",0.42893266677856445
DiagReachK2,187,KL,RR,raw,raw,development_DiagReachK2_s187_KL_RR,23,old,True,False,False,False,"[9.007749557495117, 8.985443115234375, 8.446221351623535]","[[9.007749557495117, 5.546536922454834, 5.313842296600342], [8.985443115234375, 6.806474685668945, 5.07183837890625], [8.446221351623535, 3.7212138175964355, 5.1763224601745605]]","[[9.007749557495117, 5.546536922454834, 5.313842296600342], [8.153629302978516, 6.806474685668945, 5.07183837890625], [8.446221351623535, 3.7212138175964355, 5.1763224601745605]]",raw,True,True,False,raw,0.5209436755796362,7.248757362365723,5.844983100891113,"[5.204347133636475, 4.380532264709473]","[5.7909531998846955, 4.3209208698404185]",0.45080041885375977
DiagReachK2,187,KL,RR,raw,raw,development_DiagReachK2_s187_KL_RR,24,old,True,False,False,False,"[8.957315444946289, 9.143621444702148, 8.785904884338379]","[[8.957315444946289, 5.592311382293701, 5.334902763366699], [9.143621444702148, 6.324278831481934, 6.583333492279053], [8.785904884338379, 4.798406600952148, 4.915731906890869]]","[[8.957315444946289, 5.592311382293701, 5.334902763366699], [7.911054611206055, 6.324278831481934, 6.583333492279053], [8.785904884338379, 4.798406600952148, 4.915731906890869]]",raw,True,True,False,raw,0.6274645887417815,7.0012054443359375,5.092327117919922,"[4.64462947845459, 4.842820644378662]","[5.771081430638086, 5.99999989385009]",0.4232168197631836
DiagReachK2,187,KL,RS,raw,shaped,development_DiagReachK2_s187_KL_RS,0,old,True,False,False,False,"[8.54815673828125, 8.613399505615234, 9.037109375]","[[8.54815673828125, 5.428125381469727, 4.24753475189209], [8.928289413452148, 6.314885139465332, 4.845978260040283], [9.04420280456543, 5.352377414703369, 5.836376190185547]]","[[8.54815673828125, 5.428125381469727, 4.24753475189209], [8.613399505615234, 6.314885139465332, 4.845978260040283], [9.037109375, 5.352377414703369, 5.836376190185547]]",shaped,True,True,False,raw,0.6413074937769228,6.424785614013672,4.265839576721191,"[4.442942142486572, 3.63773775100708]","[4.844162305533006, 3.6747761568943353]",0.45198559761047363
DiagReachK2,187,KL,RS,raw,shaped,development_DiagReachK2_s187_KL_RS,1,old,True,False,False,False,"[8.495102882385254, 7.549197196960449, 7.193434238433838]","[[8.495102882385254, 5.507509231567383, 4.133216857910156], [8.87198257446289, 7.137735366821289, 5.054653644561768], [7.193434238433838, 2.4609103202819824, 4.04280948638916]]","[[8.495102882385254, 5.507509231567383, 4.133216857910156], [7.549197196960449, 7.137735366821289, 5.054653644561768], [7.193434238433838, 2.4609103202819824, 4.04280948638916]]",shaped,True,True,False,raw,1.0585769842094161,6.3172101974487305,3.165043830871582,"[4.434871196746826, 4.425499439239502]","[5.999999899723235, 5.367256819128141]",0.3819999694824219
DiagReachK2,187,KL,RS,raw,shaped,development_DiagReachK2_s187_KL_RS,2,old,True,False,False,False,"[8.519184112548828, 8.41038703918457, 7.768993377685547]","[[8.519184112548828, 5.571017265319824, 4.032430648803711], [9.03226089477539, 6.660757541656494, 5.3795318603515625], [7.768993377685547, 5.707907199859619, 2.4240102767944336]]","[[8.519184112548828, 5.571017265319824, 4.032430648803711], [8.41038703918457, 6.660757541656494, 5.3795318603515625], [7.768993377685547, 5.707907199859619, 2.4240102767944336]]",shaped,True,True,False,raw,0.7738246838232217,5.901703357696533,4.623467445373535,"[3.6314854621887207, 3.4088828563690186]","[4.633975692772612, 4.173563296496664]",0.45032739639282227
DiagReachK2,187,KL,RS,raw,shaped,development_DiagReachK2_s187_KL_RS,3,old,True,False,False,False,"[8.562999725341797, 8.174629211425781, 7.363408088684082]","[[8.562999725341797, 5.459498405456543, 4.232315540313721], [8.946550369262695, 6.795060634613037, 5.543615341186523], [8.0817232131958, 6.779458522796631, 3.4318132400512695]]","[[8.562999725341797, 5.459498405456543, 4.232315540313721], [8.174629211425781, 6.795060634613037, 5.543615341186523], [7.363408088684082, 6.779458522796631, 3.4318132400512695]]",shaped,True,True,False,raw,1.092428113570358,5.999298095703125,4.582099914550781,"[3.9045894145965576, 3.5034966468811035]","[4.89047843354127, 5.235317533928521]",0.4260125160217285
DiagReachK2,187,KL,RS,raw,shaped,development_DiagReachK2_s187_KL_RS,4,old,True,False,False,False,"[8.564849853515625, 8.301193237304688, 8.500035285949707]","[[8.564849853515625, 5.236307144165039, 4.17097806930542], [9.170639038085938, 6.80050802230835, 6.032121181488037], [8.500035285949707, 5.182933330535889, 3.75943660736084]]","[[8.564849853515625, 5.236307144165039, 4.17097806930542], [8.301193237304688, 6.80050802230835, 6.032121181488037], [8.500035285949707, 5.182933330535889, 3.75943660736084]]",shaped,True,True,False,raw,0.9376735460661418,6.4880547523498535,4.761112213134766,"[4.699217319488525, 3.7424674034118652]","[5.95839709005371, 4.700634497906609]",0.4209268093109131
DiagReachK2,187,KL,RS,raw,shaped,development_DiagReachK2_s187_KL_RS,5,full_PPO,True,True,False,False,"[8.49493408203125, 8.182746887207031, 8.951053619384766]","[[8.49493408203125, 5.362750053405762, 4.206024646759033], [8.673599243164062, 6.575629711151123, 5.285955905914307], [8.951053619384766, 5.411172389984131, 5.333049774169922]]","[[8.49493408203125, 5.362750053405762, 4.206024646759033], [8.182746887207031, 6.575629711151123, 5.285955905914307], [8.951053619384766, 5.411172389984131, 5.333049774169922]]",shaped,True,True,False,raw,0.7168689771173337,6.331085205078125,6.224326133728027,"[3.7765395641326904, 3.171602487564087]","[4.091268076467435, 3.4534673822671853]",0.45049142837524414
DiagReachK2,187,KL,RS,raw,shaped,development_DiagReachK2_s187_KL_RS,6,old,True,False,False,False,"[9.009492874145508, 8.664514541625977, 8.416240692138672]","[[9.009492874145508, 5.493257999420166, 5.368856906890869], [9.097137451171875, 6.228273391723633, 6.1633501052856445], [8.416240692138672, 3.520717144012451, 5.254095077514648]]","[[9.009492874145508, 5.493257999420166, 5.368856906890869], [8.664514541625977, 6.228273391723633, 6.1633501052856445], [8.416240692138672, 3.520717144012451, 5.254095077514648]]",shaped,True,True,False,raw,0.5390509413276281,6.247191429138184,4.073939323425293,"[3.4134202003479004, 4.429396629333496]","[3.7449135593338294, 5.446395872393154]",0.42232656478881836
DiagReachK2,187,KL,RS,raw,shaped,development_DiagReachK2_s187_KL_RS,7,old,True,False,False,False,"[9.06942367553711, 6.717438220977783, 8.831061363220215]","[[9.06942367553711, 5.375761032104492, 5.484658241271973], [9.453978538513184, 5.293408393859863, 7.287452220916748], [8.854878425598145, 3.9569318294525146, 5.923846244812012]]","[[9.06942367553711, 5.375761032104492, 5.484658241271973], [6.717438220977783, 5.293408393859863, 7.287452220916748], [8.831061363220215, 3.9569318294525146, 5.923846244812012]]",shaped,True,True,False,raw,0.6431652098906843,7.2671332359313965,4.51112174987793,"[5.659701347351074, 4.079949855804443]","[5.587971453614633, 5.025088972927035]",0.39643406867980957
DiagReachK2,187,KL,RS,raw,shaped,development_DiagReachK2_s187_KL_RS,8,old,True,False,False,False,"[8.953985214233398, 8.421422958374023, 8.698200225830078]","[[8.953985214233398, 5.371914863586426, 5.175539970397949], [9.135148048400879, 6.739886283874512, 5.567916393280029], [8.935561180114746, 3.9877705574035645, 6.231675624847412]]","[[8.953985214233398, 5.371914863586426, 5.175539970397949], [8.421422958374023, 6.739886283874512, 5.567916393280029], [8.698200225830078, 3.9877705574035645, 6.231675624847412]]",shaped,True,True,False,raw,1.0744222008088875,6.52548360824585,4.52668571472168,"[4.432318687438965, 4.02801513671875]","[5.974394060987986, 4.388214281993154]",0.41377806663513184
DiagReachK2,187,KL,RS,raw,shaped,development_DiagReachK2_s187_KL_RS,9,old,True,False,False,False,"[9.009191513061523, 9.127594947814941, 9.228097915649414]","[[9.009191513061523, 5.467414855957031, 5.384826183319092], [9.186521530151367, 5.946600914001465, 5.8560261726379395], [9.394113540649414, 5.431713104248047, 6.180100917816162]]","[[9.009191513061523, 5.467414855957031, 5.384826183319092], [9.127594947814941, 5.946600914001465, 5.8560261726379395], [9.228097915649414, 5.431713104248047, 6.180100917816162]]",shaped,True,True,False,raw,0.9819214998409274,6.5985260009765625,3.8649840354919434,"[4.6132612228393555, 4.861440181732178]","[6.000000140319119, 5.863541099389124]",0.4069333076477051
DiagReachK2,187,KL,RS,raw,shaped,development_DiagReachK2_s187_KL_RS,10,old,True,False,False,False,"[9.020745277404785, 7.810612678527832, 8.465119361877441]","[[9.020745277404785, 5.297817230224609, 5.3993682861328125], [9.276803016662598, 6.875627040863037, 6.388893127441406], [8.465119361877441, 4.133145332336426, 4.550934791564941]]","[[9.020745277404785, 5.297817230224609, 5.3993682861328125], [7.810612678527832, 6.875627040863037, 6.388893127441406], [8.465119361877441, 4.133145332336426, 4.550934791564941]]",shaped,True,True,False,raw,1.0509413743204212,6.282044410705566,4.276221752166748,"[3.465266704559326, 4.596463203430176]","[5.118090509048012, 5.529078766508478]",0.41185450553894043
DiagReachK2,187,KL,RS,raw,shaped,development_DiagReachK2_s187_KL_RS,11,old,True,False,False,False,"[8.971586227416992, 7.845826148986816, 8.617757797241211]","[[8.971586227416992, 5.368478775024414, 5.39780855178833], [9.070700645446777, 7.063100814819336, 5.980904579162598], [8.617757797241211, 3.9218711853027344, 5.1475653648376465]]","[[8.971586227416992, 5.368478775024414, 5.39780855178833], [7.845826148986816, 7.063100814819336, 5.980904579162598], [8.617757797241211, 3.9218711853027344, 5.1475653648376465]]",shaped,True,True,False,raw,1.2350047429748305,6.474926948547363,3.55975604057312,"[3.994403839111328, 4.538670063018799]","[5.705518673353574, 5.120514964822499]",0.4356865882873535
DiagReachK2,187,KL,RS,raw,shaped,development_DiagReachK2_s187_KL_RS,12,old,True,False,False,False,"[8.982446670532227, 7.38549280166626, 7.898768901824951]","[[8.982446670532227, 5.632889270782471, 5.298702239990234], [9.185461044311523, 6.618265151977539, 6.840597152709961], [7.898768901824951, 3.309955596923828, 4.5118865966796875]]","[[8.982446670532227, 5.632889270782471, 5.298702239990234], [7.38549280166626, 6.618265151977539, 6.840597152709961], [7.898768901824951, 3.309955596923828, 4.5118865966796875]]",shaped,True,True,False,raw,0.5479716011895043,7.580998420715332,3.25921630859375,"[5.732598304748535, 5.2489752769470215]","[6.000000038392727, 5.924560249157893]",0.39274001121520996
DiagReachK2,187,KL,RS,raw,shaped,development_DiagReachK2_s187_KL_RS,13,old,True,False,False,False,"[8.996328353881836, 8.400775909423828, 8.885198593139648]","[[8.996328353881836, 5.369530200958252, 5.259129047393799], [9.240039825439453, 6.803661346435547, 5.778811454772949], [8.885198593139648, 4.7890191078186035, 5.269901275634766]]","[[8.996328353881836, 5.369530200958252, 5.259129047393799], [8.400775909423828, 6.803661346435547, 5.778811454772949], [8.885198593139648, 4.7890191078186035, 5.269901275634766]]",shaped,True,True,False,raw,0.9983821624521418,6.51494836807251,4.849862098693848,"[4.707367897033691, 4.171663761138916]","[5.999999896719219, 4.736499532720691]",0.44557762145996094
DiagReachK2,187,KL,RS,raw,shaped,development_DiagReachK2_s187_KL_RS,14,old,True,False,False,False,"[8.982261657714844, 8.367881774902344, 8.946939468383789]","[[8.982261657714844, 5.543344020843506, 5.366189956665039], [8.953230857849121, 6.6595563888549805, 5.755186557769775], [8.9969482421875, 6.038487911224365, 5.352959632873535]]","[[8.982261657714844, 5.543344020843506, 5.366189956665039], [8.367881774902344, 6.6595563888549805, 5.755186557769775], [8.946939468383789, 6.038487911224365, 5.352959632873535]]",shaped,True,True,False,raw,1.3999556720059045,6.808428764343262,5.120233058929443,"[4.594721794128418, 4.755293846130371]","[6.000000201466953, 5.861734225190762]",0.4022846221923828
DiagReachK2,187,KL,RS,raw,shaped,development_DiagReachK2_s187_KL_RS,15,old,True,False,False,False,"[9.003376960754395, 8.281513214111328, 8.038058280944824]","[[9.003376960754395, 5.453857421875, 5.376884937286377], [9.257217407226562, 6.716574668884277, 6.200430393218994], [8.038058280944824, 2.978817939758301, 5.203226566314697]]","[[9.003376960754395, 5.453857421875, 5.376884937286377], [8.281513214111328, 6.716574668884277, 6.200430393218994], [8.038058280944824, 2.978817939758301, 5.203226566314697]]",shaped,True,True,False,raw,0.6982164879107883,6.937844753265381,3.900054454803467,"[4.892645359039307, 4.358517646789551]","[5.912536407670968, 5.111154079437635]",0.43122029304504395
DiagReachK2,187,KL,RS,raw,shaped,development_DiagReachK2_s187_KL_RS,16,old,False,False,False,False,"[8.937777519226074, 7.89698600769043, 8.483138084411621]","[[8.937777519226074, 5.477129936218262, 5.21560001373291], [9.276458740234375, 6.215090274810791, 6.769164562225342], [8.483138084411621, 3.8317418098449707, 5.157459735870361]]","[[8.937777519226074, 5.477129936218262, 5.21560001373291], [7.89698600769043, 6.215090274810791, 6.769164562225342], [8.483138084411621, 3.8317418098449707, 5.157459735870361]]",shaped,True,True,False,raw,0.6597377143105727,6.471927642822266,4.984373092651367,"[4.381603240966797, 3.938493251800537]","[4.628169993031517, 4.951660993752391]",0.42201733589172363
DiagReachK2,187,KL,RS,raw,shaped,development_DiagReachK2_s187_KL_RS,17,old,True,False,False,False,"[9.014202117919922, 7.7537360191345215, 8.397590637207031]","[[9.014202117919922, 5.404256820678711, 5.360344886779785], [9.050087928771973, 7.130058288574219, 5.87445068359375], [8.397590637207031, 4.372798442840576, 4.2409162521362305]]","[[9.014202117919922, 5.404256820678711, 5.360344886779785], [7.7537360191345215, 7.130058288574219, 5.87445068359375], [8.397590637207031, 4.372798442840576, 4.2409162521362305]]",shaped,True,True,False,raw,0.7773207412245194,7.206826686859131,3.4163990020751953,"[5.032675743103027, 5.349503993988037]","[5.963451306099832, 5.9999999761378]",0.387343168258667
DiagReachK2,187,KL,RS,raw,shaped,development_DiagReachK2_s187_KL_RS,18,full_PPO,False,False,False,False,"[8.908188819885254, 6.618121147155762, 7.922109603881836]","[[8.945428848266602, 5.668765068054199, 5.290155410766602], [9.017436027526855, 7.64613151550293, 5.533294200897217], [7.922109603881836, 4.262968063354492, 3.433229446411133]]","[[8.908188819885254, 5.668765068054199, 5.290155410766602], [6.618121147155762, 7.64613151550293, 5.533294200897217], [7.922109603881836, 4.262968063354492, 3.433229446411133]]",shaped,True,True,False,raw,0.7548830938060238,6.409144401550293,4.326703071594238,"[4.353546619415283, 3.5629234313964844]","[5.374994693221636, 4.099558471767436]",0.4164466857910156
DiagReachK2,187,KL,RS,raw,shaped,development_DiagReachK2_s187_KL_RS,19,old,True,False,False,False,"[8.921977996826172, 8.704833984375, 8.26902961730957]","[[8.921977996826172, 5.716648578643799, 5.378232002258301], [9.270546913146973, 6.331871032714844, 6.280033111572266], [8.26902961730957, 3.3451156616210938, 5.5124101638793945]]","[[8.921977996826172, 5.716648578643799, 5.378232002258301], [8.704833984375, 6.331871032714844, 6.280033111572266], [8.26902961730957, 3.3451156616210938, 5.5124101638793945]]",shaped,True,True,False,raw,0.8158993178622855,6.8236083984375,4.635904312133789,"[4.605185508728027, 4.426238536834717]","[5.442890895826678, 5.234013875142276]",0.4556090831756592
DiagReachK2,187,KL,RS,raw,shaped,development_DiagReachK2_s187_KL_RS,20,old,True,False,False,False,"[9.010189056396484, 7.246154308319092, 8.733970642089844]","[[9.010189056396484, 5.392874717712402, 5.41498327255249], [9.101334571838379, 7.120279788970947, 6.42633056640625], [8.744799613952637, 4.01820707321167, 5.8559651374816895]]","[[9.010189056396484, 5.392874717712402, 5.41498327255249], [7.246154308319092, 7.120279788970947, 6.42633056640625], [8.733970642089844, 4.01820707321167, 5.8559651374816895]]",shaped,True,True,False,raw,0.9282212707913189,6.104144096374512,5.341274738311768,"[3.0908918380737305, 3.9963555335998535]","[3.980989213548716, 4.74372243121806]",0.3735339641571045
DiagReachK2,187,KL,RS,raw,shaped,development_DiagReachK2_s187_KL_RS,21,old,True,False,False,False,"[8.980171203613281, 7.199348449707031, 9.218810081481934]","[[8.980171203613281, 5.648053169250488, 5.463299751281738], [9.43721866607666, 6.404736518859863, 6.949352741241455], [9.284152030944824, 5.649569511413574, 6.049761772155762]]","[[8.980171203613281, 5.648053169250488, 5.463299751281738], [7.199348449707031, 6.404736518859863, 6.949352741241455], [9.218810081481934, 5.649569511413574, 6.049761772155762]]",shaped,True,True,False,raw,0.6078577704053905,6.444549560546875,5.887170791625977,"[3.6577446460723877, 4.367910385131836]","[3.9713047392113943, 5.315470741656809]",0.41838622093200684
DiagReachK2,187,KL,RS,raw,shaped,development_DiagReachK2_s187_KL_RS,22,old,True,False,False,False,"[8.960224151611328, 8.461455345153809, 7.973810195922852]","[[8.960224151611328, 5.625527381896973, 5.380499362945557], [8.908803939819336, 6.5115532875061035, 5.623360633850098], [7.973810195922852, 3.2977874279022217, 4.79758358001709]]","[[8.960224151611328, 5.625527381896973, 5.380499362945557], [8.461455345153809, 6.5115532875061035, 5.623360633850098], [7.973810195922852, 3.2977874279022217, 4.79758358001709]]",shaped,True,True,False,raw,0.6771466962589539,7.117076873779297,3.463416576385498,"[5.448193550109863, 4.430903434753418]","[6.000000071221779, 5.045689548374854]",0.38345885276794434
DiagReachK2,187,KL,RS,raw,shaped,development_DiagReachK2_s187_KL_RS,23,old,True,False,False,False,"[9.007749557495117, 8.153629302978516, 8.446221351623535]","[[9.007749557495117, 5.546536922454834, 5.313842296600342], [8.985443115234375, 6.806474685668945, 5.07183837890625], [8.446221351623535, 3.7212138175964355, 5.1763224601745605]]","[[9.007749557495117, 5.546536922454834, 5.313842296600342], [8.153629302978516, 6.806474685668945, 5.07183837890625], [8.446221351623535, 3.7212138175964355, 5.1763224601745605]]",shaped,True,True,False,raw,0.5209436755796362,7.248757362365723,5.844983100891113,"[5.204347133636475, 4.380532264709473]","[5.7909531998846955, 4.3209208698404185]",0.3890573978424072
DiagReachK2,187,KL,RS,raw,shaped,development_DiagReachK2_s187_KL_RS,24,old,True,False,False,False,"[8.957315444946289, 7.911054611206055, 8.785904884338379]","[[8.957315444946289, 5.592311382293701, 5.334902763366699], [9.143621444702148, 6.324278831481934, 6.583333492279053], [8.785904884338379, 4.798406600952148, 4.915731906890869]]","[[8.957315444946289, 5.592311382293701, 5.334902763366699], [7.911054611206055, 6.324278831481934, 6.583333492279053], [8.785904884338379, 4.798406600952148, 4.915731906890869]]",shaped,True,True,False,raw,0.6274645887417815,7.0012054443359375,5.092327117919922,"[4.64462947845459, 4.842820644378662]","[5.771081430638086, 5.99999989385009]",0.37994980812072754
DiagReachK2,187,KL,SR,shaped,raw,development_DiagReachK2_s187_KL_SR,0,old,True,False,False,False,"[8.54815673828125, 8.47269344329834, 9.04420280456543]","[[8.54815673828125, 5.428125381469727, 4.24753475189209], [8.47269344329834, 4.62574577331543, 4.108314514160156], [9.04420280456543, 5.352377414703369, 5.836376190185547]]","[[8.54815673828125, 5.428125381469727, 4.24753475189209], [8.47269344329834, 4.62574577331543, 4.108314514160156], [9.037109375, 5.352377414703369, 5.836376190185547]]",raw,True,True,False,shaped,1.8949290516107609,4.265839576721191,4.265839576721191,"[4.442942142486572, 3.63773775100708]","[3.3796757190070847, 3.804463118475291]",0.40688180923461914
DiagReachK2,187,KL,SR,shaped,raw,development_DiagReachK2_s187_KL_SR,1,old,True,False,False,False,"[8.495102882385254, 8.143543243408203, 7.193434238433838]","[[8.495102882385254, 5.507509231567383, 4.133216857910156], [8.143543243408203, 3.5760722160339355, 4.388028144836426], [7.193434238433838, 2.4609103202819824, 4.04280948638916]]","[[8.495102882385254, 5.507509231567383, 4.133216857910156], [8.143543243408203, 3.5760722160339355, 4.388028144836426], [7.193434238433838, 2.4609103202819824, 4.04280948638916]]",raw,True,True,False,shaped,1.808288454042993,3.165043830871582,3.165043830871582,"[4.434871196746826, 4.425499439239502]","[1.9870925164780444, 3.860031769485131]",0.397080659866333
DiagReachK2,187,KL,SR,shaped,raw,development_DiagReachK2_s187_KL_SR,2,old,True,False,False,False,"[8.519184112548828, 8.270824432373047, 7.768993377685547]","[[8.519184112548828, 5.571017265319824, 4.032430648803711], [8.270824432373047, 6.232871055603027, 3.214453935623169], [7.768993377685547, 5.707907199859619, 2.4240102767944336]]","[[8.519184112548828, 5.571017265319824, 4.032430648803711], [8.076766014099121, 6.232871055603027, 3.214453935623169], [7.768993377685547, 5.707907199859619, 2.4240102767944336]]",raw,True,True,False,shaped,2.5273071411624954,4.623467445373535,4.623467445373535,"[3.6314854621887207, 3.4088828563690186]","[4.030562708424548, 2.2949003760191515]",0.4247612953186035
DiagReachK2,187,KL,SR,shaped,raw,development_DiagReachK2_s187_KL_SR,3,old,True,False,False,False,"[8.562999725341797, 8.472161293029785, 8.0817232131958]","[[8.562999725341797, 5.459498405456543, 4.232315540313721], [8.472161293029785, 6.191630840301514, 4.11986780166626], [8.0817232131958, 6.779458522796631, 3.4318132400512695]]","[[8.562999725341797, 5.459498405456543, 4.232315540313721], [8.312469482421875, 6.191630840301514, 4.11986780166626], [7.363408088684082, 6.779458522796631, 3.4318132400512695]]",raw,True,True,False,shaped,1.3448894127181124,4.582099914550781,4.582099914550781,"[3.9045894145965576, 3.5034966468811035]","[4.04092066219019, 2.8394369712479763]",0.386646032333374
DiagReachK2,187,KL,SR,shaped,raw,development_DiagReachK2_s187_KL_SR,4,old,True,False,False,False,"[8.564849853515625, 8.541616439819336, 8.500035285949707]","[[8.564849853515625, 5.236307144165039, 4.17097806930542], [8.541616439819336, 4.699874401092529, 4.03887414932251], [8.500035285949707, 5.182933330535889, 3.75943660736084]]","[[8.564849853515625, 5.236307144165039, 4.17097806930542], [8.541616439819336, 4.699874401092529, 4.03887414932251], [8.500035285949707, 5.182933330535889, 3.75943660736084]]",raw,True,True,False,shaped,1.6908059272753224,4.761112213134766,4.761112213134766,"[4.699217319488525, 3.7424674034118652]","[3.9604106267093253, 3.490056538138785]",0.3889431953430176
DiagReachK2,187,KL,SR,shaped,raw,development_DiagReachK2_s187_KL_SR,5,full_PPO,True,True,False,False,"[8.49493408203125, 8.690328598022461, 8.951053619384766]","[[8.49493408203125, 5.362750053405762, 4.206024646759033], [8.690328598022461, 6.423585891723633, 5.450145721435547], [8.951053619384766, 5.411172389984131, 5.333049774169922]]","[[8.49493408203125, 5.362750053405762, 4.206024646759033], [8.337339401245117, 6.423585891723633, 5.450145721435547], [8.951053619384766, 5.411172389984131, 5.333049774169922]]",raw,True,True,False,shaped,0.7087919011255427,6.224326133728027,6.224326133728027,"[3.7765395641326904, 3.171602487564087]","[3.9073927402850073, 3.369657090466338]",0.4117429256439209
DiagReachK2,187,KL,SR,shaped,raw,development_DiagReachK2_s187_KL_SR,6,old,True,False,False,False,"[9.009492874145508, 8.783615112304688, 8.416240692138672]","[[9.009492874145508, 5.493257999420166, 5.368856906890869], [8.783615112304688, 4.724095344543457, 4.949793338775635], [8.416240692138672, 3.520717144012451, 5.254095077514648]]","[[9.009492874145508, 5.493257999420166, 5.368856906890869], [8.783615112304688, 4.724095344543457, 4.949793338775635], [8.416240692138672, 3.520717144012451, 5.254095077514648]]",raw,True,True,False,shaped,2.7802450603420215,4.073939323425293,4.073939323425293,"[3.4134202003479004, 4.429396629333496]","[2.4231085587613226, 3.899443307321268]",0.4170222282409668
DiagReachK2,187,KL,SR,shaped,raw,development_DiagReachK2_s187_KL_SR,7,old,True,False,False,False,"[9.06942367553711, 8.737862586975098, 8.854878425598145]","[[9.06942367553711, 5.375761032104492, 5.484658241271973], [8.737862586975098, 5.495315074920654, 4.579640865325928], [8.854878425598145, 3.9569318294525146, 5.923846244812012]]","[[9.06942367553711, 5.375761032104492, 5.484658241271973], [8.737862586975098, 5.495315074920654, 4.579640865325928], [8.831061363220215, 3.9569318294525146, 5.923846244812012]]",raw,True,True,False,shaped,1.7568481484594252,4.51112174987793,4.51112174987793,"[5.659701347351074, 4.079949855804443]","[5.177707086398551, 4.126458655991819]",0.41904377937316895
DiagReachK2,187,KL,SR,shaped,raw,development_DiagReachK2_s187_KL_SR,8,old,True,False,False,False,"[8.953985214233398, 8.719073295593262, 8.935561180114746]","[[8.953985214233398, 5.371914863586426, 5.175539970397949], [8.719073295593262, 4.730949401855469, 4.84926700592041], [8.935561180114746, 3.9877705574035645, 6.231675624847412]]","[[8.953985214233398, 5.371914863586426, 5.175539970397949], [8.719073295593262, 4.730949401855469, 4.84926700592041], [8.698200225830078, 3.9877705574035645, 6.231675624847412]]",raw,True,True,False,shaped,1.3366423709843251,4.52668571472168,4.52668571472168,"[4.432318687438965, 4.02801513671875]","[3.5446930244401567, 3.8736423907085253]",0.6490280628204346
DiagReachK2,187,KL,SR,shaped,raw,development_DiagReachK2_s187_KL_SR,9,old,True,False,False,False,"[9.009191513061523, 9.10627269744873, 9.394113540649414]","[[9.009191513061523, 5.467414855957031, 5.384826183319092], [9.10627269744873, 5.361459255218506, 6.5541229248046875], [9.394113540649414, 5.431713104248047, 6.180100917816162]]","[[9.009191513061523, 5.467414855957031, 5.384826183319092], [8.363468170166016, 5.361459255218506, 6.5541229248046875], [9.228097915649414, 5.431713104248047, 6.180100917816162]]",raw,True,True,False,shaped,1.2593955337962162,3.8649840354919434,3.8649840354919434,"[4.6132612228393555, 4.861440181732178]","[3.5729770583982225, 4.9226493391604915]",0.44734621047973633
DiagReachK2,187,KL,SR,shaped,raw,development_DiagReachK2_s187_KL_SR,10,old,True,False,False,False,"[9.020745277404785, 8.6527681350708, 8.465119361877441]","[[9.020745277404785, 5.297817230224609, 5.3993682861328125], [8.6527681350708, 4.1394758224487305, 4.650591850280762], [8.465119361877441, 4.133145332336426, 4.550934791564941]]","[[9.020745277404785, 5.297817230224609, 5.3993682861328125], [8.6527681350708, 4.1394758224487305, 4.650591850280762], [8.465119361877441, 4.133145332336426, 4.550934791564941]]",raw,True,True,False,shaped,2.4046891274019595,4.276221752166748,4.276221752166748,"[3.465266704559326, 4.596463203430176]","[2.4173283028599855, 4.500885003056305]",0.42075181007385254
DiagReachK2,187,KL,SR,shaped,raw,development_DiagReachK2_s187_KL_SR,11,old,True,False,False,False,"[8.971586227416992, 8.855244636535645, 8.617757797241211]","[[8.971586227416992, 5.368478775024414, 5.39780855178833], [8.855244636535645, 4.611847400665283, 6.156010627746582], [8.617757797241211, 3.9218711853027344, 5.1475653648376465]]","[[8.971586227416992, 5.368478775024414, 5.39780855178833], [8.723465919494629, 4.611847400665283, 6.156010627746582], [8.617757797241211, 3.9218711853027344, 5.1475653648376465]]",raw,True,True,False,shaped,1.3196216974381993,3.55975604057312,3.55975604057312,"[3.994403839111328, 4.538670063018799]","[2.994413740830166, 4.564420207965146]",0.4429006576538086
DiagReachK2,187,KL,SR,shaped,raw,development_DiagReachK2_s187_KL_SR,12,old,True,False,False,False,"[8.982446670532227, 8.64997673034668, 7.898768901824951]","[[8.982446670532227, 5.632889270782471, 5.298702239990234], [8.64997673034668, 4.085289001464844, 4.913776874542236], [7.898768901824951, 3.309955596923828, 4.5118865966796875]]","[[8.982446670532227, 5.632889270782471, 5.298702239990234], [8.64997673034668, 4.085289001464844, 4.913776874542236], [7.898768901824951, 3.309955596923828, 4.5118865966796875]]",raw,True,True,False,shaped,4.710377874433806,3.25921630859375,3.25921630859375,"[5.732598304748535, 5.2489752769470215]","[4.322233499474993, 4.564511967799874]",0.4306600093841553
DiagReachK2,187,KL,SR,shaped,raw,development_DiagReachK2_s187_KL_SR,13,old,True,False,False,False,"[8.996328353881836, 8.580644607543945, 8.885198593139648]","[[8.996328353881836, 5.369530200958252, 5.259129047393799], [8.580644607543945, 5.291227340698242, 4.161381244659424], [8.885198593139648, 4.7890191078186035, 5.269901275634766]]","[[8.996328353881836, 5.369530200958252, 5.259129047393799], [8.580644607543945, 5.291227340698242, 4.161381244659424], [8.885198593139648, 4.7890191078186035, 5.269901275634766]]",raw,True,True,False,shaped,1.6257876905760973,4.849862098693848,4.849862098693848,"[4.707367897033691, 4.171663761138916]","[4.506995390790484, 3.802522127506627]",0.3730504512786865
DiagReachK2,187,KL,SR,shaped,raw,development_DiagReachK2_s187_KL_SR,14,old,True,False,False,False,"[8.982261657714844, 9.156536102294922, 8.9969482421875]","[[8.982261657714844, 5.543344020843506, 5.366189956665039], [9.156536102294922, 5.139472007751465, 6.095528602600098], [8.9969482421875, 6.038487911224365, 5.352959632873535]]","[[8.982261657714844, 5.543344020843506, 5.366189956665039], [9.051206588745117, 5.139472007751465, 6.095528602600098], [8.946939468383789, 6.038487911224365, 5.352959632873535]]",raw,True,True,False,shaped,0.5997710054369181,5.120233058929443,5.120233058929443,"[4.594721794128418, 4.755293846130371]","[4.0234029835810565, 5.999999871532699]",0.36790990829467773
DiagReachK2,187,KL,SR,shaped,raw,development_DiagReachK2_s187_KL_SR,15,old,True,False,False,False,"[9.003376960754395, 8.49437427520752, 8.038058280944824]","[[9.003376960754395, 5.453857421875, 5.376884937286377], [8.49437427520752, 3.5148277282714844, 5.1864776611328125], [8.038058280944824, 2.978817939758301, 5.203226566314697]]","[[9.003376960754395, 5.453857421875, 5.376884937286377], [8.49437427520752, 3.5148277282714844, 5.1864776611328125], [8.038058280944824, 2.978817939758301, 5.203226566314697]]",raw,True,True,False,shaped,2.9052009327408195,3.900054454803467,3.900054454803467,"[4.892645359039307, 4.358517646789551]","[3.550742186383134, 3.8239668390886647]",0.40563392639160156
DiagReachK2,187,KL,SR,shaped,raw,development_DiagReachK2_s187_KL_SR,16,joint_KL,True,True,False,False,"[8.937777519226074, 8.989636421203613, 8.483138084411621]","[[8.937777519226074, 5.477129936218262, 5.21560001373291], [8.989636421203613, 4.020195960998535, 5.835172176361084], [8.483138084411621, 3.8317418098449707, 5.157459735870361]]","[[8.937777519226074, 5.477129936218262, 5.21560001373291], [8.989636421203613, 4.020195960998535, 5.835172176361084], [8.483138084411621, 3.8317418098449707, 5.157459735870361]]",raw,True,True,False,shaped,1.7648369188266577,4.984373092651367,4.984373092651367,"[4.381603240966797, 3.938493251800537]","[3.4074616136323055, 4.162825116983546]",0.7444541454315186
DiagReachK2,187,KL,SR,shaped,raw,development_DiagReachK2_s187_KL_SR,17,joint_KL,True,True,False,False,"[8.961357116699219, 8.362253189086914, 7.800810813903809]","[[8.961357116699219, 3.965304374694824, 5.959291934967041], [8.362253189086914, 3.854957342147827, 4.768136978149414], [7.800810813903809, 3.4974255561828613, 3.6888651847839355]]","[[8.956521987915039, 3.965304374694824, 5.959291934967041], [8.362253189086914, 3.854957342147827, 4.768136978149414], [7.800810813903809, 3.4974255561828613, 3.6888651847839355]]",raw,True,True,False,shaped,2.4017781280379147,3.4826500415802,3.4826500415802,"[4.318899631500244, 5.653725624084473]","[4.114416084109009, 4.362955053758675]",0.695019006729126
DiagReachK2,187,KL,SR,shaped,raw,development_DiagReachK2_s187_KL_SR,18,joint_KL,True,True,False,False,"[8.366382598876953, 8.483469009399414, 7.4077558517456055]","[[8.366382598876953, 4.048973560333252, 4.722054481506348], [8.483469009399414, 4.272418022155762, 4.772994041442871], [7.4077558517456055, 2.167952537536621, 5.128276824951172]]","[[8.366382598876953, 4.048973560333252, 4.722054481506348], [8.483469009399414, 4.272418022155762, 4.772994041442871], [7.4077558517456055, 2.167952537536621, 5.128276824951172]]",raw,True,True,False,shaped,2.670117579626727,4.883561134338379,4.883561134338379,"[4.162600517272949, 3.330099582672119]","[3.1662052883164193, 3.118721123829095]",0.4332864284515381
DiagReachK2,187,KL,SR,shaped,raw,development_DiagReachK2_s187_KL_SR,19,old,True,False,False,False,"[8.49033260345459, 8.453789710998535, 8.124130249023438]","[[8.49033260345459, 4.308460235595703, 4.842519760131836], [8.453789710998535, 4.335194110870361, 4.81174373626709], [8.124130249023438, 3.1369476318359375, 5.193259239196777]]","[[8.49033260345459, 4.308460235595703, 4.842519760131836], [8.453789710998535, 4.335194110870361, 4.81174373626709], [8.124130249023438, 3.1369476318359375, 5.193259239196777]]",raw,True,True,False,shaped,3.911175889039945,4.990943908691406,4.990943908691406,"[4.605663776397705, 4.468104362487793]","[3.2964664744656025, 4.242574555658028]",0.5116157531738281
DiagReachK2,187,KL,SR,shaped,raw,development_DiagReachK2_s187_KL_SR,20,full_PPO,True,True,False,False,"[8.503327369689941, 8.2789945602417, 8.832125663757324]","[[8.503327369689941, 4.090105056762695, 4.848675727844238], [8.2789945602417, 4.6931352615356445, 3.9418299198150635], [8.832125663757324, 4.758874893188477, 5.21082878112793]]","[[8.503327369689941, 4.090105056762695, 4.848675727844238], [8.2789945602417, 4.6931352615356445, 3.9418299198150635], [8.832125663757324, 4.758874893188477, 5.21082878112793]]",raw,True,True,False,shaped,1.2598550040423089,5.699367046356201,5.699367046356201,"[3.825267791748047, 4.399136066436768]","[3.953962324747101, 3.66972300702084]",0.47508716583251953
DiagReachK2,187,KL,SR,shaped,raw,development_DiagReachK2_s187_KL_SR,21,joint_KL,True,True,False,False,"[8.844856262207031, 9.058180809020996, 8.900123596191406]","[[8.844856262207031, 4.932615280151367, 5.251297950744629], [9.058180809020996, 5.429935455322266, 5.48296594619751], [8.900123596191406, 5.521215438842773, 4.81498908996582]]","[[8.844856262207031, 4.932615280151367, 5.251297950744629], [9.058180809020996, 5.429935455322266, 5.48296594619751], [8.900123596191406, 5.521215438842773, 4.81498908996582]]",raw,True,True,False,shaped,0.8001890906200515,5.45536470413208,5.45536470413208,"[4.1385626792907715, 4.655928611755371]","[4.283064480753663, 4.2291817610608895]",0.4109630584716797
DiagReachK2,187,KL,SR,shaped,raw,development_DiagReachK2_s187_KL_SR,22,old,True,False,False,False,"[9.05569076538086, 8.987910270690918, 9.211345672607422]","[[9.05569076538086, 5.409775733947754, 5.437939643859863], [8.987910270690918, 6.097952842712402, 5.66746187210083], [9.211345672607422, 5.425970077514648, 5.905343055725098]]","[[9.05569076538086, 5.409775733947754, 5.437939643859863], [8.906283378601074, 6.097952842712402, 5.66746187210083], [9.210012435913086, 5.425970077514648, 5.905343055725098]]",raw,True,True,False,shaped,0.7659855094755509,6.46603536605835,6.46603536605835,"[4.222537040710449, 4.326816082000732]","[4.6149831429031405, 4.577702624171205]",0.3912069797515869
DiagReachK2,187,KL,SR,shaped,raw,development_DiagReachK2_s187_KL_SR,23,old,True,False,False,False,"[9.087085723876953, 9.031441688537598, 8.32911491394043]","[[9.087085723876953, 5.356644630432129, 5.400290489196777], [9.031441688537598, 5.220132827758789, 5.092157363891602], [8.32911491394043, 4.73426628112793, 3.973369598388672]]","[[9.087085723876953, 5.356644630432129, 5.400290489196777], [9.031441688537598, 5.220132827758789, 5.092157363891602], [8.32911491394043, 4.73426628112793, 3.973369598388672]]",raw,True,True,False,shaped,1.0799687591855907,5.8088250160217285,5.8088250160217285,"[4.3055877685546875, 4.481797695159912]","[4.356678956703903, 4.20638084321436]",0.40408754348754883
DiagReachK2,187,KL,SR,shaped,raw,development_DiagReachK2_s187_KL_SR,24,old,True,False,False,False,"[9.055729866027832, 8.762935638427734, 8.747612953186035]","[[9.055729866027832, 5.393803596496582, 5.413729190826416], [8.762935638427734, 4.503143787384033, 4.8495988845825195], [8.747612953186035, 4.8013434410095215, 4.79501485824585]]","[[9.055729866027832, 5.393803596496582, 5.413729190826416], [8.762935638427734, 4.503143787384033, 4.8495988845825195], [8.747612953186035, 4.8013434410095215, 4.79501485824585]]",raw,True,True,False,shaped,1.7570463047013027,5.556954383850098,5.556954383850098,"[4.597035884857178, 4.73483943939209]","[3.630327746589313, 4.22109017910866]",0.41587018966674805
DiagReachK2,187,KL,SS,shaped,shaped,development_DiagReachK2_s187_KL_SS,0,old,True,False,False,False,"[8.54815673828125, 8.47269344329834, 9.037109375]","[[8.54815673828125, 5.428125381469727, 4.24753475189209], [8.47269344329834, 4.62574577331543, 4.108314514160156], [9.04420280456543, 5.352377414703369, 5.836376190185547]]","[[8.54815673828125, 5.428125381469727, 4.24753475189209], [8.47269344329834, 4.62574577331543, 4.108314514160156], [9.037109375, 5.352377414703369, 5.836376190185547]]",shaped,True,True,False,shaped,1.8949290516107609,4.265839576721191,4.265839576721191,"[4.442942142486572, 3.63773775100708]","[3.3796757190070847, 3.804463118475291]",0.410794734954834
DiagReachK2,187,KL,SS,shaped,shaped,development_DiagReachK2_s187_KL_SS,1,old,True,False,False,False,"[8.495102882385254, 8.143543243408203, 7.193434238433838]","[[8.495102882385254, 5.507509231567383, 4.133216857910156], [8.143543243408203, 3.5760722160339355, 4.388028144836426], [7.193434238433838, 2.4609103202819824, 4.04280948638916]]","[[8.495102882385254, 5.507509231567383, 4.133216857910156], [8.143543243408203, 3.5760722160339355, 4.388028144836426], [7.193434238433838, 2.4609103202819824, 4.04280948638916]]",shaped,True,True,False,shaped,1.808288454042993,3.165043830871582,3.165043830871582,"[4.434871196746826, 4.425499439239502]","[1.9870925164780444, 3.860031769485131]",0.4118335247039795
DiagReachK2,187,KL,SS,shaped,shaped,development_DiagReachK2_s187_KL_SS,2,old,True,False,False,False,"[8.519184112548828, 8.076766014099121, 7.768993377685547]","[[8.519184112548828, 5.571017265319824, 4.032430648803711], [8.270824432373047, 6.232871055603027, 3.214453935623169], [7.768993377685547, 5.707907199859619, 2.4240102767944336]]","[[8.519184112548828, 5.571017265319824, 4.032430648803711], [8.076766014099121, 6.232871055603027, 3.214453935623169], [7.768993377685547, 5.707907199859619, 2.4240102767944336]]",shaped,True,True,False,shaped,2.5273071411624954,4.623467445373535,4.623467445373535,"[3.6314854621887207, 3.4088828563690186]","[4.030562708424548, 2.2949003760191515]",0.48705410957336426
DiagReachK2,187,KL,SS,shaped,shaped,development_DiagReachK2_s187_KL_SS,3,old,True,False,False,False,"[8.562999725341797, 8.312469482421875, 7.363408088684082]","[[8.562999725341797, 5.459498405456543, 4.232315540313721], [8.472161293029785, 6.191630840301514, 4.11986780166626], [8.0817232131958, 6.779458522796631, 3.4318132400512695]]","[[8.562999725341797, 5.459498405456543, 4.232315540313721], [8.312469482421875, 6.191630840301514, 4.11986780166626], [7.363408088684082, 6.779458522796631, 3.4318132400512695]]",shaped,True,True,False,shaped,1.3448894127181124,4.582099914550781,4.582099914550781,"[3.9045894145965576, 3.5034966468811035]","[4.04092066219019, 2.8394369712479763]",0.433826208114624
DiagReachK2,187,KL,SS,shaped,shaped,development_DiagReachK2_s187_KL_SS,4,old,True,False,False,False,"[8.564849853515625, 8.541616439819336, 8.500035285949707]","[[8.564849853515625, 5.236307144165039, 4.17097806930542], [8.541616439819336, 4.699874401092529, 4.03887414932251], [8.500035285949707, 5.182933330535889, 3.75943660736084]]","[[8.564849853515625, 5.236307144165039, 4.17097806930542], [8.541616439819336, 4.699874401092529, 4.03887414932251], [8.500035285949707, 5.182933330535889, 3.75943660736084]]",shaped,True,True,False,shaped,1.6908059272753224,4.761112213134766,4.761112213134766,"[4.699217319488525, 3.7424674034118652]","[3.9604106267093253, 3.490056538138785]",0.41883087158203125
DiagReachK2,187,KL,SS,shaped,shaped,development_DiagReachK2_s187_KL_SS,5,full_PPO,True,True,False,False,"[8.49493408203125, 8.337339401245117, 8.951053619384766]","[[8.49493408203125, 5.362750053405762, 4.206024646759033], [8.690328598022461, 6.423585891723633, 5.450145721435547], [8.951053619384766, 5.411172389984131, 5.333049774169922]]","[[8.49493408203125, 5.362750053405762, 4.206024646759033], [8.337339401245117, 6.423585891723633, 5.450145721435547], [8.951053619384766, 5.411172389984131, 5.333049774169922]]",shaped,True,True,False,shaped,0.7087919011255427,6.224326133728027,6.224326133728027,"[3.7765395641326904, 3.171602487564087]","[3.9073927402850073, 3.369657090466338]",0.38709545135498047
DiagReachK2,187,KL,SS,shaped,shaped,development_DiagReachK2_s187_KL_SS,6,old,True,False,False,False,"[9.009492874145508, 8.783615112304688, 8.416240692138672]","[[9.009492874145508, 5.493257999420166, 5.368856906890869], [8.783615112304688, 4.724095344543457, 4.949793338775635], [8.416240692138672, 3.520717144012451, 5.254095077514648]]","[[9.009492874145508, 5.493257999420166, 5.368856906890869], [8.783615112304688, 4.724095344543457, 4.949793338775635], [8.416240692138672, 3.520717144012451, 5.254095077514648]]",shaped,True,True,False,shaped,2.7802450603420215,4.073939323425293,4.073939323425293,"[3.4134202003479004, 4.429396629333496]","[2.4231085587613226, 3.899443307321268]",0.4423513412475586
DiagReachK2,187,KL,SS,shaped,shaped,development_DiagReachK2_s187_KL_SS,7,old,True,False,False,False,"[9.06942367553711, 8.737862586975098, 8.831061363220215]","[[9.06942367553711, 5.375761032104492, 5.484658241271973], [8.737862586975098, 5.495315074920654, 4.579640865325928], [8.854878425598145, 3.9569318294525146, 5.923846244812012]]","[[9.06942367553711, 5.375761032104492, 5.484658241271973], [8.737862586975098, 5.495315074920654, 4.579640865325928], [8.831061363220215, 3.9569318294525146, 5.923846244812012]]",shaped,True,True,False,shaped,1.7568481484594252,4.51112174987793,4.51112174987793,"[5.659701347351074, 4.079949855804443]","[5.177707086398551, 4.126458655991819]",0.41010618209838867
DiagReachK2,187,KL,SS,shaped,shaped,development_DiagReachK2_s187_KL_SS,8,old,True,False,False,False,"[8.953985214233398, 8.719073295593262, 8.698200225830078]","[[8.953985214233398, 5.371914863586426, 5.175539970397949], [8.719073295593262, 4.730949401855469, 4.84926700592041], [8.935561180114746, 3.9877705574035645, 6.231675624847412]]","[[8.953985214233398, 5.371914863586426, 5.175539970397949], [8.719073295593262, 4.730949401855469, 4.84926700592041], [8.698200225830078, 3.9877705574035645, 6.231675624847412]]",shaped,True,True,False,shaped,1.3366423709843251,4.52668571472168,4.52668571472168,"[4.432318687438965, 4.02801513671875]","[3.5446930244401567, 3.8736423907085253]",0.5062730312347412
DiagReachK2,187,KL,SS,shaped,shaped,development_DiagReachK2_s187_KL_SS,9,old,True,False,False,False,"[9.009191513061523, 8.363468170166016, 9.228097915649414]","[[9.009191513061523, 5.467414855957031, 5.384826183319092], [9.10627269744873, 5.361459255218506, 6.5541229248046875], [9.394113540649414, 5.431713104248047, 6.180100917816162]]","[[9.009191513061523, 5.467414855957031, 5.384826183319092], [8.363468170166016, 5.361459255218506, 6.5541229248046875], [9.228097915649414, 5.431713104248047, 6.180100917816162]]",shaped,True,True,False,shaped,1.2593955337962162,3.8649840354919434,3.8649840354919434,"[4.6132612228393555, 4.861440181732178]","[3.5729770583982225, 4.9226493391604915]",0.4160580635070801
DiagReachK2,187,KL,SS,shaped,shaped,development_DiagReachK2_s187_KL_SS,10,old,True,False,False,False,"[9.020745277404785, 8.6527681350708, 8.465119361877441]","[[9.020745277404785, 5.297817230224609, 5.3993682861328125], [8.6527681350708, 4.1394758224487305, 4.650591850280762], [8.465119361877441, 4.133145332336426, 4.550934791564941]]","[[9.020745277404785, 5.297817230224609, 5.3993682861328125], [8.6527681350708, 4.1394758224487305, 4.650591850280762], [8.465119361877441, 4.133145332336426, 4.550934791564941]]",shaped,True,True,False,shaped,2.4046891274019595,4.276221752166748,4.276221752166748,"[3.465266704559326, 4.596463203430176]","[2.4173283028599855, 4.500885003056305]",0.39679884910583496
DiagReachK2,187,KL,SS,shaped,shaped,development_DiagReachK2_s187_KL_SS,11,old,True,False,False,False,"[8.971586227416992, 8.723465919494629, 8.617757797241211]","[[8.971586227416992, 5.368478775024414, 5.39780855178833], [8.855244636535645, 4.611847400665283, 6.156010627746582], [8.617757797241211, 3.9218711853027344, 5.1475653648376465]]","[[8.971586227416992, 5.368478775024414, 5.39780855178833], [8.723465919494629, 4.611847400665283, 6.156010627746582], [8.617757797241211, 3.9218711853027344, 5.1475653648376465]]",shaped,True,True,False,shaped,1.3196216974381993,3.55975604057312,3.55975604057312,"[3.994403839111328, 4.538670063018799]","[2.994413740830166, 4.564420207965146]",0.3997361660003662
DiagReachK2,187,KL,SS,shaped,shaped,development_DiagReachK2_s187_KL_SS,12,old,True,False,False,False,"[8.982446670532227, 8.64997673034668, 7.898768901824951]","[[8.982446670532227, 5.632889270782471, 5.298702239990234], [8.64997673034668, 4.085289001464844, 4.913776874542236], [7.898768901824951, 3.309955596923828, 4.5118865966796875]]","[[8.982446670532227, 5.632889270782471, 5.298702239990234], [8.64997673034668, 4.085289001464844, 4.913776874542236], [7.898768901824951, 3.309955596923828, 4.5118865966796875]]",shaped,True,True,False,shaped,4.710377874433806,3.25921630859375,3.25921630859375,"[5.732598304748535, 5.2489752769470215]","[4.322233499474993, 4.564511967799874]",0.45092129707336426
DiagReachK2,187,KL,SS,shaped,shaped,development_DiagReachK2_s187_KL_SS,13,old,True,False,False,False,"[8.996328353881836, 8.580644607543945, 8.885198593139648]","[[8.996328353881836, 5.369530200958252, 5.259129047393799], [8.580644607543945, 5.291227340698242, 4.161381244659424], [8.885198593139648, 4.7890191078186035, 5.269901275634766]]","[[8.996328353881836, 5.369530200958252, 5.259129047393799], [8.580644607543945, 5.291227340698242, 4.161381244659424], [8.885198593139648, 4.7890191078186035, 5.269901275634766]]",shaped,True,True,False,shaped,1.6257876905760973,4.849862098693848,4.849862098693848,"[4.707367897033691, 4.171663761138916]","[4.506995390790484, 3.802522127506627]",0.41234517097473145
DiagReachK2,187,KL,SS,shaped,shaped,development_DiagReachK2_s187_KL_SS,14,old,True,False,False,False,"[8.982261657714844, 9.051206588745117, 8.946939468383789]","[[8.982261657714844, 5.543344020843506, 5.366189956665039], [9.156536102294922, 5.139472007751465, 6.095528602600098], [8.9969482421875, 6.038487911224365, 5.352959632873535]]","[[8.982261657714844, 5.543344020843506, 5.366189956665039], [9.051206588745117, 5.139472007751465, 6.095528602600098], [8.946939468383789, 6.038487911224365, 5.352959632873535]]",shaped,True,True,False,shaped,0.5997710054369181,5.120233058929443,5.120233058929443,"[4.594721794128418, 4.755293846130371]","[4.0234029835810565, 5.999999871532699]",0.37961840629577637
DiagReachK2,187,KL,SS,shaped,shaped,development_DiagReachK2_s187_KL_SS,15,old,True,False,False,False,"[9.003376960754395, 8.49437427520752, 8.038058280944824]","[[9.003376960754395, 5.453857421875, 5.376884937286377], [8.49437427520752, 3.5148277282714844, 5.1864776611328125], [8.038058280944824, 2.978817939758301, 5.203226566314697]]","[[9.003376960754395, 5.453857421875, 5.376884937286377], [8.49437427520752, 3.5148277282714844, 5.1864776611328125], [8.038058280944824, 2.978817939758301, 5.203226566314697]]",shaped,True,True,False,shaped,2.9052009327408195,3.900054454803467,3.900054454803467,"[4.892645359039307, 4.358517646789551]","[3.550742186383134, 3.8239668390886647]",0.4073941707611084
DiagReachK2,187,KL,SS,shaped,shaped,development_DiagReachK2_s187_KL_SS,16,joint_KL,True,True,False,False,"[8.937777519226074, 8.989636421203613, 8.483138084411621]","[[8.937777519226074, 5.477129936218262, 5.21560001373291], [8.989636421203613, 4.020195960998535, 5.835172176361084], [8.483138084411621, 3.8317418098449707, 5.157459735870361]]","[[8.937777519226074, 5.477129936218262, 5.21560001373291], [8.989636421203613, 4.020195960998535, 5.835172176361084], [8.483138084411621, 3.8317418098449707, 5.157459735870361]]",shaped,True,True,False,shaped,1.7648369188266577,4.984373092651367,4.984373092651367,"[4.381603240966797, 3.938493251800537]","[3.4074616136323055, 4.162825116983546]",0.41024351119995117
DiagReachK2,187,KL,SS,shaped,shaped,development_DiagReachK2_s187_KL_SS,17,joint_KL,True,True,False,False,"[8.956521987915039, 8.362253189086914, 7.800810813903809]","[[8.961357116699219, 3.965304374694824, 5.959291934967041], [8.362253189086914, 3.854957342147827, 4.768136978149414], [7.800810813903809, 3.4974255561828613, 3.6888651847839355]]","[[8.956521987915039, 3.965304374694824, 5.959291934967041], [8.362253189086914, 3.854957342147827, 4.768136978149414], [7.800810813903809, 3.4974255561828613, 3.6888651847839355]]",shaped,True,True,False,shaped,2.4017781280379147,3.4826500415802,3.4826500415802,"[4.318899631500244, 5.653725624084473]","[4.114416084109009, 4.362955053758675]",0.43943119049072266
DiagReachK2,187,KL,SS,shaped,shaped,development_DiagReachK2_s187_KL_SS,18,joint_KL,True,True,False,False,"[8.366382598876953, 8.483469009399414, 7.4077558517456055]","[[8.366382598876953, 4.048973560333252, 4.722054481506348], [8.483469009399414, 4.272418022155762, 4.772994041442871], [7.4077558517456055, 2.167952537536621, 5.128276824951172]]","[[8.366382598876953, 4.048973560333252, 4.722054481506348], [8.483469009399414, 4.272418022155762, 4.772994041442871], [7.4077558517456055, 2.167952537536621, 5.128276824951172]]",shaped,True,True,False,shaped,2.670117579626727,4.883561134338379,4.883561134338379,"[4.162600517272949, 3.330099582672119]","[3.1662052883164193, 3.118721123829095]",0.42250609397888184
DiagReachK2,187,KL,SS,shaped,shaped,development_DiagReachK2_s187_KL_SS,19,old,True,False,False,False,"[8.49033260345459, 8.453789710998535, 8.124130249023438]","[[8.49033260345459, 4.308460235595703, 4.842519760131836], [8.453789710998535, 4.335194110870361, 4.81174373626709], [8.124130249023438, 3.1369476318359375, 5.193259239196777]]","[[8.49033260345459, 4.308460235595703, 4.842519760131836], [8.453789710998535, 4.335194110870361, 4.81174373626709], [8.124130249023438, 3.1369476318359375, 5.193259239196777]]",shaped,True,True,False,shaped,3.911175889039945,4.990943908691406,4.990943908691406,"[4.605663776397705, 4.468104362487793]","[3.2964664744656025, 4.242574555658028]",0.4295463562011719
DiagReachK2,187,KL,SS,shaped,shaped,development_DiagReachK2_s187_KL_SS,20,full_PPO,True,True,False,False,"[8.503327369689941, 8.2789945602417, 8.832125663757324]","[[8.503327369689941, 4.090105056762695, 4.848675727844238], [8.2789945602417, 4.6931352615356445, 3.9418299198150635], [8.832125663757324, 4.758874893188477, 5.21082878112793]]","[[8.503327369689941, 4.090105056762695, 4.848675727844238], [8.2789945602417, 4.6931352615356445, 3.9418299198150635], [8.832125663757324, 4.758874893188477, 5.21082878112793]]",shaped,True,True,False,shaped,1.2598550040423089,5.699367046356201,5.699367046356201,"[3.825267791748047, 4.399136066436768]","[3.953962324747101, 3.66972300702084]",0.4115481376647949
DiagReachK2,187,KL,SS,shaped,shaped,development_DiagReachK2_s187_KL_SS,21,joint_KL,True,True,False,False,"[8.844856262207031, 9.058180809020996, 8.900123596191406]","[[8.844856262207031, 4.932615280151367, 5.251297950744629], [9.058180809020996, 5.429935455322266, 5.48296594619751], [8.900123596191406, 5.521215438842773, 4.81498908996582]]","[[8.844856262207031, 4.932615280151367, 5.251297950744629], [9.058180809020996, 5.429935455322266, 5.48296594619751], [8.900123596191406, 5.521215438842773, 4.81498908996582]]",shaped,True,True,False,shaped,0.8001890906200515,5.45536470413208,5.45536470413208,"[4.1385626792907715, 4.655928611755371]","[4.283064480753663, 4.2291817610608895]",0.41124415397644043
DiagReachK2,187,KL,SS,shaped,shaped,development_DiagReachK2_s187_KL_SS,22,old,True,False,False,False,"[9.05569076538086, 8.906283378601074, 9.210012435913086]","[[9.05569076538086, 5.409775733947754, 5.437939643859863], [8.987910270690918, 6.097952842712402, 5.66746187210083], [9.211345672607422, 5.425970077514648, 5.905343055725098]]","[[9.05569076538086, 5.409775733947754, 5.437939643859863], [8.906283378601074, 6.097952842712402, 5.66746187210083], [9.210012435913086, 5.425970077514648, 5.905343055725098]]",shaped,True,True,False,shaped,0.7659855094755509,6.46603536605835,6.46603536605835,"[4.222537040710449, 4.326816082000732]","[4.6149831429031405, 4.577702624171205]",0.43520212173461914
DiagReachK2,187,KL,SS,shaped,shaped,development_DiagReachK2_s187_KL_SS,23,old,True,False,False,False,"[9.087085723876953, 9.031441688537598, 8.32911491394043]","[[9.087085723876953, 5.356644630432129, 5.400290489196777], [9.031441688537598, 5.220132827758789, 5.092157363891602], [8.32911491394043, 4.73426628112793, 3.973369598388672]]","[[9.087085723876953, 5.356644630432129, 5.400290489196777], [9.031441688537598, 5.220132827758789, 5.092157363891602], [8.32911491394043, 4.73426628112793, 3.973369598388672]]",shaped,True,True,False,shaped,1.0799687591855907,5.8088250160217285,5.8088250160217285,"[4.3055877685546875, 4.481797695159912]","[4.356678956703903, 4.20638084321436]",0.4184598922729492
DiagReachK2,187,KL,SS,shaped,shaped,development_DiagReachK2_s187_KL_SS,24,old,True,False,False,False,"[9.055729866027832, 8.762935638427734, 8.747612953186035]","[[9.055729866027832, 5.393803596496582, 5.413729190826416], [8.762935638427734, 4.503143787384033, 4.8495988845825195], [8.747612953186035, 4.8013434410095215, 4.79501485824585]]","[[9.055729866027832, 5.393803596496582, 5.413729190826416], [8.762935638427734, 4.503143787384033, 4.8495988845825195], [8.747612953186035, 4.8013434410095215, 4.79501485824585]]",shaped,True,True,False,shaped,1.7570463047013027,5.556954383850098,5.556954383850098,"[4.597035884857178, 4.73483943939209]","[3.630327746589313, 4.22109017910866]",0.474184513092041
DiagReachK2,187,W2,RR,raw,raw,development_DiagReachK2_s187_W2_RR,0,old,True,False,False,False,"[8.54815673828125, 8.911543846130371, 9.04420280456543]","[[8.54815673828125, 5.428125381469727, 4.24753475189209], [8.911543846130371, 6.322149753570557, 4.818279266357422], [9.04420280456543, 5.352377414703369, 5.836376190185547]]","[[8.54815673828125, 5.428125381469727, 4.24753475189209], [8.591896057128906, 6.322149753570557, 4.818279266357422], [9.037109375, 5.352377414703369, 5.836376190185547]]",raw,True,True,False,raw,0.6145134444158857,6.424785614013672,4.265839576721191,"[4.442942142486572, 3.63773775100708]","[4.870042811515426, 3.6450630565744477]",0.3880798816680908
DiagReachK2,187,W2,RR,raw,raw,development_DiagReachK2_s187_W2_RR,1,old,True,False,False,False,"[8.495102882385254, 8.810413360595703, 7.193434238433838]","[[8.495102882385254, 5.507509231567383, 4.133216857910156], [8.810413360595703, 6.962265968322754, 4.797849178314209], [7.193434238433838, 2.4609103202819824, 4.04280948638916]]","[[8.495102882385254, 5.507509231567383, 4.133216857910156], [7.760682106018066, 6.962265968322754, 4.797849178314209], [7.193434238433838, 2.4609103202819824, 4.04280948638916]]",raw,True,True,False,raw,0.8669600846566988,6.3172101974487305,3.165043830871582,"[4.434871196746826, 4.425499439239502]","[5.8556405941212475, 5.172209577133232]",0.38562488555908203
DiagReachK2,187,W2,RR,raw,raw,development_DiagReachK2_s187_W2_RR,2,old,True,False,False,False,"[8.519184112548828, 8.963071823120117, 7.768993377685547]","[[8.519184112548828, 5.571017265319824, 4.032430648803711], [8.963071823120117, 6.464646339416504, 5.099424839019775], [7.768993377685547, 5.707907199859619, 2.4240102767944336]]","[[8.519184112548828, 5.571017265319824, 4.032430648803711], [8.556039810180664, 6.464646339416504, 5.099424839019775], [7.768993377685547, 5.707907199859619, 2.4240102767944336]]",raw,True,True,False,raw,0.6679062384549618,5.901703357696533,4.623467445373535,"[3.6314854621887207, 3.4088828563690186]","[4.464779881549274, 4.03405381707681]",0.39501285552978516
DiagReachK2,187,W2,RR,raw,raw,development_DiagReachK2_s187_W2_RR,3,old,True,False,False,False,"[8.562999725341797, 8.903989791870117, 8.0817232131958]","[[8.562999725341797, 5.459498405456543, 4.232315540313721], [8.903989791870117, 6.454286575317383, 5.308292865753174], [8.0817232131958, 6.779458522796631, 3.4318132400512695]]","[[8.562999725341797, 5.459498405456543, 4.232315540313721], [8.520803451538086, 6.454286575317383, 5.308292865753174], [7.363408088684082, 6.779458522796631, 3.4318132400512695]]",raw,True,True,False,raw,0.8321780048468581,5.999298095703125,4.582099914550781,"[3.9045894145965576, 3.5034966468811035]","[4.634463957958253, 4.842841624602901]",0.4079306125640869
DiagReachK2,187,W2,RR,raw,raw,development_DiagReachK2_s187_W2_RR,4,old,True,False,False,False,"[8.564849853515625, 9.020153999328613, 8.500035285949707]","[[8.564849853515625, 5.236307144165039, 4.17097806930542], [9.020153999328613, 6.70897102355957, 5.463846206665039], [8.500035285949707, 5.182933330535889, 3.75943660736084]]","[[8.564849853515625, 5.236307144165039, 4.17097806930542], [8.324073791503906, 6.70897102355957, 5.463846206665039], [8.500035285949707, 5.182933330535889, 3.75943660736084]]",raw,True,True,False,raw,0.7419652813353296,6.4880547523498535,4.761112213134766,"[4.699217319488525, 3.7424674034118652]","[5.791370995065899, 4.443118589816486]",0.3848764896392822
DiagReachK2,187,W2,RR,raw,raw,development_DiagReachK2_s187_W2_RR,5,full_PPO,True,True,False,False,"[8.49493408203125, 8.648924827575684, 8.951053619384766]","[[8.49493408203125, 5.362750053405762, 4.206024646759033], [8.648924827575684, 6.509840965270996, 4.933505535125732], [8.951053619384766, 5.411172389984131, 5.333049774169922]]","[[8.49493408203125, 5.362750053405762, 4.206024646759033], [8.221539497375488, 6.509840965270996, 4.933505535125732], [8.951053619384766, 5.411172389984131, 5.333049774169922]]",raw,True,True,False,raw,0.6433517918083185,6.331085205078125,6.224326133728027,"[3.7765395641326904, 3.171602487564087]","[4.168854125654519, 3.382628970020587]",0.41112279891967773
DiagReachK2,187,W2,RR,raw,raw,development_DiagReachK2_s187_W2_RR,6,old,True,False,False,False,"[9.009492874145508, 9.060625076293945, 8.416240692138672]","[[9.009492874145508, 5.493257999420166, 5.368856906890869], [9.060625076293945, 6.433028697967529, 6.035126686096191], [8.416240692138672, 3.520717144012451, 5.254095077514648]]","[[9.009492874145508, 5.493257999420166, 5.368856906890869], [8.620362281799316, 6.433028697967529, 6.035126686096191], [8.416240692138672, 3.520717144012451, 5.254095077514648]]",raw,True,True,False,raw,0.5085520630439835,6.247191429138184,4.073939323425293,"[3.4134202003479004, 4.429396629333496]","[3.8850455412938825, 5.322847718724638]",0.3759160041809082
DiagReachK2,187,W2,RR,raw,raw,development_DiagReachK2_s187_W2_RR,7,old,True,False,False,False,"[9.06942367553711, 9.432003021240234, 8.854878425598145]","[[9.06942367553711, 5.375761032104492, 5.484658241271973], [9.432003021240234, 5.653942584991455, 6.916352272033691], [8.854878425598145, 3.9569318294525146, 5.923846244812012]]","[[9.06942367553711, 5.375761032104492, 5.484658241271973], [7.747469425201416, 5.653942584991455, 6.916352272033691], [8.831061363220215, 3.9569318294525146, 5.923846244812012]]",raw,True,True,False,raw,0.5342945878376272,7.2671332359313965,4.51112174987793,"[5.659701347351074, 4.079949855804443]","[5.913576510713548, 4.803861284311483]",0.39846062660217285
DiagReachK2,187,W2,RR,raw,raw,development_DiagReachK2_s187_W2_RR,8,old,True,False,False,False,"[8.953985214233398, 9.09981918334961, 8.935561180114746]","[[8.953985214233398, 5.371914863586426, 5.175539970397949], [9.09981918334961, 6.658211708068848, 5.537149429321289], [8.935561180114746, 3.9877705574035645, 6.231675624847412]]","[[8.953985214233398, 5.371914863586426, 5.175539970397949], [8.523383140563965, 6.658211708068848, 5.537149429321289], [8.698200225830078, 3.9877705574035645, 6.231675624847412]]",raw,True,True,False,raw,0.9737310659668456,6.52548360824585,4.52668571472168,"[4.432318687438965, 4.02801513671875]","[5.778168201943134, 4.3626259324818655]",0.4242982864379883
DiagReachK2,187,W2,RR,raw,raw,development_DiagReachK2_s187_W2_RR,9,old,True,False,False,False,"[9.009191513061523, 9.196941375732422, 9.394113540649414]","[[9.009191513061523, 5.467414855957031, 5.384826183319092], [9.196941375732422, 5.936949729919434, 5.893531799316406], [9.394113540649414, 5.431713104248047, 6.180100917816162]]","[[9.009191513061523, 5.467414855957031, 5.384826183319092], [9.140321731567383, 5.936949729919434, 5.893531799316406], [9.228097915649414, 5.431713104248047, 6.180100917816162]]",raw,True,True,False,raw,1.0130808161872875,6.5985260009765625,3.8649840354919434,"[4.6132612228393555, 4.861440181732178]","[6.000000104972267, 5.897513802133049]",0.3735523223876953
DiagReachK2,187,W2,RR,raw,raw,development_DiagReachK2_s187_W2_RR,10,old,True,False,False,False,"[9.020745277404785, 9.241661071777344, 8.465119361877441]","[[9.020745277404785, 5.297817230224609, 5.3993682861328125], [9.241661071777344, 6.69133186340332, 6.158831596374512], [8.465119361877441, 4.133145332336426, 4.550934791564941]]","[[9.020745277404785, 5.297817230224609, 5.3993682861328125], [8.412668228149414, 6.69133186340332, 6.158831596374512], [8.465119361877441, 4.133145332336426, 4.550934791564941]]",raw,True,True,False,raw,0.9770473915693595,6.282044410705566,4.276221752166748,"[3.465266704559326, 4.596463203430176]","[5.0033042725240655, 5.363873638140131]",0.38085150718688965
DiagReachK2,187,W2,RR,raw,raw,development_DiagReachK2_s187_W2_RR,11,old,True,False,False,False,"[8.971586227416992, 9.056041717529297, 8.617757797241211]","[[8.971586227416992, 5.368478775024414, 5.39780855178833], [9.056041717529297, 6.834140777587891, 5.867241859436035], [8.617757797241211, 3.9218711853027344, 5.1475653648376465]]","[[8.971586227416992, 5.368478775024414, 5.39780855178833], [8.222271919250488, 6.834140777587891, 5.867241859436035], [8.617757797241211, 3.9218711853027344, 5.1475653648376465]]",raw,True,True,False,raw,1.0792732882020846,6.474926948547363,3.55975604057312,"[3.994403839111328, 4.538670063018799]","[5.484653241951284, 5.017342514138695]",0.4175879955291748
DiagReachK2,187,W2,RR,raw,raw,development_DiagReachK2_s187_W2_RR,12,old,True,False,False,False,"[8.982446670532227, 9.107866287231445, 7.898768901824951]","[[8.982446670532227, 5.632889270782471, 5.298702239990234], [9.107866287231445, 6.547907829284668, 6.390533447265625], [7.898768901824951, 3.309955596923828, 4.5118865966796875]]","[[8.982446670532227, 5.632889270782471, 5.298702239990234], [8.243060111999512, 6.547907829284668, 6.390533447265625], [7.898768901824951, 3.309955596923828, 4.5118865966796875]]",raw,True,True,False,raw,0.5056790203390473,7.580998420715332,3.25921630859375,"[5.732598304748535, 5.2489752769470215]","[5.999999936182661, 5.688682334967561]",0.3944227695465088
DiagReachK2,187,W2,RR,raw,raw,development_DiagReachK2_s187_W2_RR,13,old,True,False,False,False,"[8.996328353881836, 9.205765724182129, 8.885198593139648]","[[8.996328353881836, 5.369530200958252, 5.259129047393799], [9.205765724182129, 6.552854061126709, 5.525223731994629], [8.885198593139648, 4.7890191078186035, 5.269901275634766]]","[[8.996328353881836, 5.369530200958252, 5.259129047393799], [8.70267391204834, 6.552854061126709, 5.525223731994629], [8.885198593139648, 4.7890191078186035, 5.269901275634766]]",raw,True,True,False,raw,0.9129658917828312,6.51494836807251,4.849862098693848,"[4.707367897033691, 4.171663761138916]","[5.855368662577811, 4.517327984914826]",0.38558149337768555
DiagReachK2,187,W2,RR,raw,raw,development_DiagReachK2_s187_W2_RR,14,old,True,False,False,False,"[8.982261657714844, 8.93187427520752, 8.9969482421875]","[[8.982261657714844, 5.543344020843506, 5.366189956665039], [8.93187427520752, 6.644610404968262, 5.608485698699951], [8.9969482421875, 6.038487911224365, 5.352959632873535]]","[[8.982261657714844, 5.543344020843506, 5.366189956665039], [8.360333442687988, 6.644610404968262, 5.608485698699951], [8.946939468383789, 6.038487911224365, 5.352959632873535]]",raw,True,True,False,raw,1.202036901233848,6.808428764343262,5.120233058929443,"[4.594721794128418, 4.755293846130371]","[5.911315546712905, 5.596903512865791]",0.3847179412841797
DiagReachK2,187,W2,RR,raw,raw,development_DiagReachK2_s187_W2_RR,15,old,True,False,False,False,"[9.003376960754395, 9.205365180969238, 8.038058280944824]","[[9.003376960754395, 5.453857421875, 5.376884937286377], [9.205365180969238, 6.747002601623535, 6.013681411743164], [8.038058280944824, 2.978817939758301, 5.203226566314697]]","[[9.003376960754395, 5.453857421875, 5.376884937286377], [8.41112995147705, 6.747002601623535, 6.013681411743164], [8.038058280944824, 2.978817939758301, 5.203226566314697]]",raw,True,True,False,raw,0.6021971426568948,6.937844753265381,3.900054454803467,"[4.892645359039307, 4.358517646789551]","[5.872503420435019, 4.97248758464121]",0.4653816223144531
DiagReachK2,187,W2,RR,raw,raw,development_DiagReachK2_s187_W2_RR,16,old,False,False,False,False,"[8.937777519226074, 9.16447639465332, 8.483138084411621]","[[8.937777519226074, 5.477129936218262, 5.21560001373291], [9.16447639465332, 6.025452613830566, 6.380400657653809], [8.483138084411621, 3.8317418098449707, 5.157459735870361]]","[[8.937777519226074, 5.477129936218262, 5.21560001373291], [8.683626174926758, 6.025452613830566, 6.380400657653809], [8.483138084411621, 3.8317418098449707, 5.157459735870361]]",raw,True,True,False,raw,0.6028843687334404,6.471927642822266,4.984373092651367,"[4.381603240966797, 3.938493251800537]","[4.267555212862583, 4.844908006374747]",0.7323036193847656
DiagReachK2,187,W2,RR,raw,raw,development_DiagReachK2_s187_W2_RR,17,old,True,False,False,False,"[9.014202117919922, 9.049928665161133, 8.397590637207031]","[[9.014202117919922, 5.404256820678711, 5.360344886779785], [9.049928665161133, 6.9184370040893555, 5.809362411499023], [8.397590637207031, 4.372798442840576, 4.2409162521362305]]","[[9.014202117919922, 5.404256820678711, 5.360344886779785], [8.072294235229492, 6.9184370040893555, 5.809362411499023], [8.397590637207031, 4.372798442840576, 4.2409162521362305]]",raw,True,True,False,raw,0.6722149248913474,7.206826686859131,3.4163990020751953,"[5.032675743103027, 5.349503993988037]","[5.816050880400251, 5.899412573266691]",0.4317209720611572
DiagReachK2,187,W2,RR,raw,raw,development_DiagReachK2_s187_W2_RR,18,full_PPO,False,False,False,False,"[8.945428848266602, 9.002359390258789, 7.922109603881836]","[[8.945428848266602, 5.668765068054199, 5.290155410766602], [9.002359390258789, 7.252753257751465, 5.531472206115723], [7.922109603881836, 4.262968063354492, 3.433229446411133]]","[[8.908188819885254, 5.668765068054199, 5.290155410766602], [7.402513027191162, 7.252753257751465, 5.531472206115723], [7.922109603881836, 4.262968063354492, 3.433229446411133]]",raw,True,True,False,raw,0.6398033269547925,6.409144401550293,4.326703071594238,"[4.353546619415283, 3.5629234313964844]","[5.138128318549042, 4.001023682487855]",0.6174581050872803
DiagReachK2,187,W2,RR,raw,raw,development_DiagReachK2_s187_W2_RR,19,old,True,False,False,False,"[8.921977996826172, 9.230335235595703, 8.26902961730957]","[[8.921977996826172, 5.716648578643799, 5.378232002258301], [9.230335235595703, 6.1905317306518555, 6.066319465637207], [8.26902961730957, 3.3451156616210938, 5.5124101638793945]]","[[8.921977996826172, 5.716648578643799, 5.378232002258301], [9.000640869140625, 6.1905317306518555, 6.066319465637207], [8.26902961730957, 3.3451156616210938, 5.5124101638793945]]",raw,True,True,False,raw,0.7263898855113835,6.8236083984375,4.635904312133789,"[4.605185508728027, 4.426238536834717]","[5.221925270540997, 4.999986676999328]",0.5200681686401367
DiagReachK2,187,W2,RR,raw,raw,development_DiagReachK2_s187_W2_RR,20,old,True,False,False,False,"[9.010189056396484, 9.021519660949707, 8.744799613952637]","[[9.010189056396484, 5.392874717712402, 5.41498327255249], [9.021519660949707, 7.146268844604492, 6.075964450836182], [8.744799613952637, 4.01820707321167, 5.8559651374816895]]","[[9.010189056396484, 5.392874717712402, 5.41498327255249], [7.600615501403809, 7.146268844604492, 6.075964450836182], [8.733970642089844, 4.01820707321167, 5.8559651374816895]]",raw,True,True,False,raw,0.83169210588166,6.104144096374512,5.341274738311768,"[3.0908918380737305, 3.9963555335998535]","[3.9824092064881924, 4.464061864294186]",0.3943212032318115
DiagReachK2,187,W2,RR,raw,raw,development_DiagReachK2_s187_W2_RR,21,old,True,False,False,False,"[8.980171203613281, 9.327640533447266, 9.284152030944824]","[[8.980171203613281, 5.648053169250488, 5.463299751281738], [9.327640533447266, 6.401276588439941, 6.518794536590576], [9.284152030944824, 5.649569511413574, 6.049761772155762]]","[[8.980171203613281, 5.648053169250488, 5.463299751281738], [8.200410842895508, 6.401276588439941, 6.518794536590576], [9.218810081481934, 5.649569511413574, 6.049761772155762]]",raw,True,True,False,raw,0.5037196726703175,6.444549560546875,5.887170791625977,"[3.6577446460723877, 4.367910385131836]","[4.004985256207994, 5.034553216606623]",0.5047290325164795
DiagReachK2,187,W2,RR,raw,raw,development_DiagReachK2_s187_W2_RR,22,old,True,False,False,False,"[8.960224151611328, 8.864412307739258, 7.973810195922852]","[[8.960224151611328, 5.625527381896973, 5.380499362945557], [8.864412307739258, 6.469380855560303, 5.446313381195068], [7.973810195922852, 3.2977874279022217, 4.79758358001709]]","[[8.960224151611328, 5.625527381896973, 5.380499362945557], [8.461299896240234, 6.469380855560303, 5.446313381195068], [7.973810195922852, 3.2977874279022217, 4.79758358001709]]",raw,True,True,False,raw,0.677757169426185,7.117076873779297,3.463416576385498,"[5.448193550109863, 4.430903434753418]","[6.000000143756086, 4.911755606460874]",0.45712995529174805
DiagReachK2,187,W2,RR,raw,raw,development_DiagReachK2_s187_W2_RR,23,old,True,False,False,False,"[9.007749557495117, 9.033670425415039, 8.446221351623535]","[[9.007749557495117, 5.546536922454834, 5.313842296600342], [9.033670425415039, 6.670371055603027, 5.238879680633545], [8.446221351623535, 3.7212138175964355, 5.1763224601745605]]","[[9.007749557495117, 5.546536922454834, 5.313842296600342], [8.394564628601074, 6.670371055603027, 5.238879680633545], [8.446221351623535, 3.7212138175964355, 5.1763224601745605]]",raw,True,True,False,raw,0.5060971503194416,7.248757362365723,5.844983100891113,"[5.204347133636475, 4.380532264709473]","[5.703083175378695, 4.438221755375193]",0.6942310333251953
DiagReachK2,187,W2,RR,raw,raw,development_DiagReachK2_s187_W2_RR,24,old,True,False,False,False,"[8.957315444946289, 9.12104606628418, 8.785904884338379]","[[8.957315444946289, 5.592311382293701, 5.334902763366699], [9.12104606628418, 6.402024745941162, 6.300063133239746], [8.785904884338379, 4.798406600952148, 4.915731906890869]]","[[8.957315444946289, 5.592311382293701, 5.334902763366699], [8.430052757263184, 6.402024745941162, 6.300063133239746], [8.785904884338379, 4.798406600952148, 4.915731906890869]]",raw,True,True,False,raw,0.5627654612385912,7.0012054443359375,5.092327117919922,"[4.64462947845459, 4.842820644378662]","[5.6153146152392965, 5.7202520582870315]",0.4801673889160156
DiagReachK2,187,W2,RS,raw,shaped,development_DiagReachK2_s187_W2_RS,0,old,True,False,False,False,"[8.54815673828125, 8.591896057128906, 9.037109375]","[[8.54815673828125, 5.428125381469727, 4.24753475189209], [8.911543846130371, 6.322149753570557, 4.818279266357422], [9.04420280456543, 5.352377414703369, 5.836376190185547]]","[[8.54815673828125, 5.428125381469727, 4.24753475189209], [8.591896057128906, 6.322149753570557, 4.818279266357422], [9.037109375, 5.352377414703369, 5.836376190185547]]",shaped,True,True,False,raw,0.6145134444158857,6.424785614013672,4.265839576721191,"[4.442942142486572, 3.63773775100708]","[4.870042811515426, 3.6450630565744477]",0.37816357612609863
DiagReachK2,187,W2,RS,raw,shaped,development_DiagReachK2_s187_W2_RS,1,old,True,False,False,False,"[8.495102882385254, 7.760682106018066, 7.193434238433838]","[[8.495102882385254, 5.507509231567383, 4.133216857910156], [8.810413360595703, 6.962265968322754, 4.797849178314209], [7.193434238433838, 2.4609103202819824, 4.04280948638916]]","[[8.495102882385254, 5.507509231567383, 4.133216857910156], [7.760682106018066, 6.962265968322754, 4.797849178314209], [7.193434238433838, 2.4609103202819824, 4.04280948638916]]",shaped,True,True,False,raw,0.8669600846566988,6.3172101974487305,3.165043830871582,"[4.434871196746826, 4.425499439239502]","[5.8556405941212475, 5.172209577133232]",0.3679778575897217
DiagReachK2,187,W2,RS,raw,shaped,development_DiagReachK2_s187_W2_RS,2,old,True,False,False,False,"[8.519184112548828, 8.556039810180664, 7.768993377685547]","[[8.519184112548828, 5.571017265319824, 4.032430648803711], [8.963071823120117, 6.464646339416504, 5.099424839019775], [7.768993377685547, 5.707907199859619, 2.4240102767944336]]","[[8.519184112548828, 5.571017265319824, 4.032430648803711], [8.556039810180664, 6.464646339416504, 5.099424839019775], [7.768993377685547, 5.707907199859619, 2.4240102767944336]]",shaped,True,True,False,raw,0.6679062384549618,5.901703357696533,4.623467445373535,"[3.6314854621887207, 3.4088828563690186]","[4.464779881549274, 4.03405381707681]",0.388934850692749
DiagReachK2,187,W2,RS,raw,shaped,development_DiagReachK2_s187_W2_RS,3,old,True,False,False,False,"[8.562999725341797, 8.520803451538086, 7.363408088684082]","[[8.562999725341797, 5.459498405456543, 4.232315540313721], [8.903989791870117, 6.454286575317383, 5.308292865753174], [8.0817232131958, 6.779458522796631, 3.4318132400512695]]","[[8.562999725341797, 5.459498405456543, 4.232315540313721], [8.520803451538086, 6.454286575317383, 5.308292865753174], [7.363408088684082, 6.779458522796631, 3.4318132400512695]]",shaped,True,True,False,raw,0.8321780048468581,5.999298095703125,4.582099914550781,"[3.9045894145965576, 3.5034966468811035]","[4.634463957958253, 4.842841624602901]",0.43151235580444336
DiagReachK2,187,W2,RS,raw,shaped,development_DiagReachK2_s187_W2_RS,4,old,True,False,False,False,"[8.564849853515625, 8.324073791503906, 8.500035285949707]","[[8.564849853515625, 5.236307144165039, 4.17097806930542], [9.020153999328613, 6.70897102355957, 5.463846206665039], [8.500035285949707, 5.182933330535889, 3.75943660736084]]","[[8.564849853515625, 5.236307144165039, 4.17097806930542], [8.324073791503906, 6.70897102355957, 5.463846206665039], [8.500035285949707, 5.182933330535889, 3.75943660736084]]",shaped,True,True,False,raw,0.7419652813353296,6.4880547523498535,4.761112213134766,"[4.699217319488525, 3.7424674034118652]","[5.791370995065899, 4.443118589816486]",0.38668084144592285
DiagReachK2,187,W2,RS,raw,shaped,development_DiagReachK2_s187_W2_RS,5,full_PPO,True,True,False,False,"[8.49493408203125, 8.221539497375488, 8.951053619384766]","[[8.49493408203125, 5.362750053405762, 4.206024646759033], [8.648924827575684, 6.509840965270996, 4.933505535125732], [8.951053619384766, 5.411172389984131, 5.333049774169922]]","[[8.49493408203125, 5.362750053405762, 4.206024646759033], [8.221539497375488, 6.509840965270996, 4.933505535125732], [8.951053619384766, 5.411172389984131, 5.333049774169922]]",shaped,True,True,False,raw,0.6433517918083185,6.331085205078125,6.224326133728027,"[3.7765395641326904, 3.171602487564087]","[4.168854125654519, 3.382628970020587]",0.4109532833099365
DiagReachK2,187,W2,RS,raw,shaped,development_DiagReachK2_s187_W2_RS,6,old,True,False,False,False,"[9.009492874145508, 8.620362281799316, 8.416240692138672]","[[9.009492874145508, 5.493257999420166, 5.368856906890869], [9.060625076293945, 6.433028697967529, 6.035126686096191], [8.416240692138672, 3.520717144012451, 5.254095077514648]]","[[9.009492874145508, 5.493257999420166, 5.368856906890869], [8.620362281799316, 6.433028697967529, 6.035126686096191], [8.416240692138672, 3.520717144012451, 5.254095077514648]]",shaped,True,True,False,raw,0.5085520630439835,6.247191429138184,4.073939323425293,"[3.4134202003479004, 4.429396629333496]","[3.8850455412938825, 5.322847718724638]",0.39757704734802246
DiagReachK2,187,W2,RS,raw,shaped,development_DiagReachK2_s187_W2_RS,7,old,True,False,False,False,"[9.06942367553711, 7.747469425201416, 8.831061363220215]","[[9.06942367553711, 5.375761032104492, 5.484658241271973], [9.432003021240234, 5.653942584991455, 6.916352272033691], [8.854878425598145, 3.9569318294525146, 5.923846244812012]]","[[9.06942367553711, 5.375761032104492, 5.484658241271973], [7.747469425201416, 5.653942584991455, 6.916352272033691], [8.831061363220215, 3.9569318294525146, 5.923846244812012]]",shaped,True,True,False,raw,0.5342945878376272,7.2671332359313965,4.51112174987793,"[5.659701347351074, 4.079949855804443]","[5.913576510713548, 4.803861284311483]",0.37929749488830566
DiagReachK2,187,W2,RS,raw,shaped,development_DiagReachK2_s187_W2_RS,8,old,True,False,False,False,"[8.953985214233398, 8.523383140563965, 8.698200225830078]","[[8.953985214233398, 5.371914863586426, 5.175539970397949], [9.09981918334961, 6.658211708068848, 5.537149429321289], [8.935561180114746, 3.9877705574035645, 6.231675624847412]]","[[8.953985214233398, 5.371914863586426, 5.175539970397949], [8.523383140563965, 6.658211708068848, 5.537149429321289], [8.698200225830078, 3.9877705574035645, 6.231675624847412]]",shaped,True,True,False,raw,0.9737310659668456,6.52548360824585,4.52668571472168,"[4.432318687438965, 4.02801513671875]","[5.778168201943134, 4.3626259324818655]",0.4264991283416748
DiagReachK2,187,W2,RS,raw,shaped,development_DiagReachK2_s187_W2_RS,9,old,True,False,False,False,"[9.009191513061523, 9.140321731567383, 9.228097915649414]","[[9.009191513061523, 5.467414855957031, 5.384826183319092], [9.196941375732422, 5.936949729919434, 5.893531799316406], [9.394113540649414, 5.431713104248047, 6.180100917816162]]","[[9.009191513061523, 5.467414855957031, 5.384826183319092], [9.140321731567383, 5.936949729919434, 5.893531799316406], [9.228097915649414, 5.431713104248047, 6.180100917816162]]",shaped,True,True,False,raw,1.0130808161872875,6.5985260009765625,3.8649840354919434,"[4.6132612228393555, 4.861440181732178]","[6.000000104972267, 5.897513802133049]",0.4078521728515625
DiagReachK2,187,W2,RS,raw,shaped,development_DiagReachK2_s187_W2_RS,10,old,True,False,False,False,"[9.020745277404785, 8.412668228149414, 8.465119361877441]","[[9.020745277404785, 5.297817230224609, 5.3993682861328125], [9.241661071777344, 6.69133186340332, 6.158831596374512], [8.465119361877441, 4.133145332336426, 4.550934791564941]]","[[9.020745277404785, 5.297817230224609, 5.3993682861328125], [8.412668228149414, 6.69133186340332, 6.158831596374512], [8.465119361877441, 4.133145332336426, 4.550934791564941]]",shaped,True,True,False,raw,0.9770473915693595,6.282044410705566,4.276221752166748,"[3.465266704559326, 4.596463203430176]","[5.0033042725240655, 5.363873638140131]",0.38454437255859375
DiagReachK2,187,W2,RS,raw,shaped,development_DiagReachK2_s187_W2_RS,11,old,True,False,False,False,"[8.971586227416992, 8.222271919250488, 8.617757797241211]","[[8.971586227416992, 5.368478775024414, 5.39780855178833], [9.056041717529297, 6.834140777587891, 5.867241859436035], [8.617757797241211, 3.9218711853027344, 5.1475653648376465]]","[[8.971586227416992, 5.368478775024414, 5.39780855178833], [8.222271919250488, 6.834140777587891, 5.867241859436035], [8.617757797241211, 3.9218711853027344, 5.1475653648376465]]",shaped,True,True,False,raw,1.0792732882020846,6.474926948547363,3.55975604057312,"[3.994403839111328, 4.538670063018799]","[5.484653241951284, 5.017342514138695]",0.41135621070861816
DiagReachK2,187,W2,RS,raw,shaped,development_DiagReachK2_s187_W2_RS,12,old,True,False,False,False,"[8.982446670532227, 8.243060111999512, 7.898768901824951]","[[8.982446670532227, 5.632889270782471, 5.298702239990234], [9.107866287231445, 6.547907829284668, 6.390533447265625], [7.898768901824951, 3.309955596923828, 4.5118865966796875]]","[[8.982446670532227, 5.632889270782471, 5.298702239990234], [8.243060111999512, 6.547907829284668, 6.390533447265625], [7.898768901824951, 3.309955596923828, 4.5118865966796875]]",shaped,True,True,False,raw,0.5056790203390473,7.580998420715332,3.25921630859375,"[5.732598304748535, 5.2489752769470215]","[5.999999936182661, 5.688682334967561]",0.4084947109222412
DiagReachK2,187,W2,RS,raw,shaped,development_DiagReachK2_s187_W2_RS,13,old,True,False,False,False,"[8.996328353881836, 8.70267391204834, 8.885198593139648]","[[8.996328353881836, 5.369530200958252, 5.259129047393799], [9.205765724182129, 6.552854061126709, 5.525223731994629], [8.885198593139648, 4.7890191078186035, 5.269901275634766]]","[[8.996328353881836, 5.369530200958252, 5.259129047393799], [8.70267391204834, 6.552854061126709, 5.525223731994629], [8.885198593139648, 4.7890191078186035, 5.269901275634766]]",shaped,True,True,False,raw,0.9129658917828312,6.51494836807251,4.849862098693848,"[4.707367897033691, 4.171663761138916]","[5.855368662577811, 4.517327984914826]",0.38446784019470215
DiagReachK2,187,W2,RS,raw,shaped,development_DiagReachK2_s187_W2_RS,14,old,True,False,False,False,"[8.982261657714844, 8.360333442687988, 8.946939468383789]","[[8.982261657714844, 5.543344020843506, 5.366189956665039], [8.93187427520752, 6.644610404968262, 5.608485698699951], [8.9969482421875, 6.038487911224365, 5.352959632873535]]","[[8.982261657714844, 5.543344020843506, 5.366189956665039], [8.360333442687988, 6.644610404968262, 5.608485698699951], [8.946939468383789, 6.038487911224365, 5.352959632873535]]",shaped,True,True,False,raw,1.202036901233848,6.808428764343262,5.120233058929443,"[4.594721794128418, 4.755293846130371]","[5.911315546712905, 5.596903512865791]",0.3756875991821289
DiagReachK2,187,W2,RS,raw,shaped,development_DiagReachK2_s187_W2_RS,15,old,True,False,False,False,"[9.003376960754395, 8.41112995147705, 8.038058280944824]","[[9.003376960754395, 5.453857421875, 5.376884937286377], [9.205365180969238, 6.747002601623535, 6.013681411743164], [8.038058280944824, 2.978817939758301, 5.203226566314697]]","[[9.003376960754395, 5.453857421875, 5.376884937286377], [8.41112995147705, 6.747002601623535, 6.013681411743164], [8.038058280944824, 2.978817939758301, 5.203226566314697]]",shaped,True,True,False,raw,0.6021971426568948,6.937844753265381,3.900054454803467,"[4.892645359039307, 4.358517646789551]","[5.872503420435019, 4.97248758464121]",0.3843057155609131
DiagReachK2,187,W2,RS,raw,shaped,development_DiagReachK2_s187_W2_RS,16,old,False,False,False,False,"[8.937777519226074, 8.683626174926758, 8.483138084411621]","[[8.937777519226074, 5.477129936218262, 5.21560001373291], [9.16447639465332, 6.025452613830566, 6.380400657653809], [8.483138084411621, 3.8317418098449707, 5.157459735870361]]","[[8.937777519226074, 5.477129936218262, 5.21560001373291], [8.683626174926758, 6.025452613830566, 6.380400657653809], [8.483138084411621, 3.8317418098449707, 5.157459735870361]]",shaped,True,True,False,raw,0.6028843687334404,6.471927642822266,4.984373092651367,"[4.381603240966797, 3.938493251800537]","[4.267555212862583, 4.844908006374747]",0.38533782958984375
DiagReachK2,187,W2,RS,raw,shaped,development_DiagReachK2_s187_W2_RS,17,old,True,False,False,False,"[9.014202117919922, 8.072294235229492, 8.397590637207031]","[[9.014202117919922, 5.404256820678711, 5.360344886779785], [9.049928665161133, 6.9184370040893555, 5.809362411499023], [8.397590637207031, 4.372798442840576, 4.2409162521362305]]","[[9.014202117919922, 5.404256820678711, 5.360344886779785], [8.072294235229492, 6.9184370040893555, 5.809362411499023], [8.397590637207031, 4.372798442840576, 4.2409162521362305]]",shaped,True,True,False,raw,0.6722149248913474,7.206826686859131,3.4163990020751953,"[5.032675743103027, 5.349503993988037]","[5.816050880400251, 5.899412573266691]",0.37195682525634766
DiagReachK2,187,W2,RS,raw,shaped,development_DiagReachK2_s187_W2_RS,18,full_PPO,False,False,False,False,"[8.908188819885254, 7.402513027191162, 7.922109603881836]","[[8.945428848266602, 5.668765068054199, 5.290155410766602], [9.002359390258789, 7.252753257751465, 5.531472206115723], [7.922109603881836, 4.262968063354492, 3.433229446411133]]","[[8.908188819885254, 5.668765068054199, 5.290155410766602], [7.402513027191162, 7.252753257751465, 5.531472206115723], [7.922109603881836, 4.262968063354492, 3.433229446411133]]",shaped,True,True,False,raw,0.6398033269547925,6.409144401550293,4.326703071594238,"[4.353546619415283, 3.5629234313964844]","[5.138128318549042, 4.001023682487855]",0.6918718814849854
DiagReachK2,187,W2,RS,raw,shaped,development_DiagReachK2_s187_W2_RS,19,old,True,False,False,False,"[8.921977996826172, 9.000640869140625, 8.26902961730957]","[[8.921977996826172, 5.716648578643799, 5.378232002258301], [9.230335235595703, 6.1905317306518555, 6.066319465637207], [8.26902961730957, 3.3451156616210938, 5.5124101638793945]]","[[8.921977996826172, 5.716648578643799, 5.378232002258301], [9.000640869140625, 6.1905317306518555, 6.066319465637207], [8.26902961730957, 3.3451156616210938, 5.5124101638793945]]",shaped,True,True,False,raw,0.7263898855113835,6.8236083984375,4.635904312133789,"[4.605185508728027, 4.426238536834717]","[5.221925270540997, 4.999986676999328]",0.7089753150939941
DiagReachK2,187,W2,RS,raw,shaped,development_DiagReachK2_s187_W2_RS,20,old,True,False,False,False,"[9.010189056396484, 7.600615501403809, 8.733970642089844]","[[9.010189056396484, 5.392874717712402, 5.41498327255249], [9.021519660949707, 7.146268844604492, 6.075964450836182], [8.744799613952637, 4.01820707321167, 5.8559651374816895]]","[[9.010189056396484, 5.392874717712402, 5.41498327255249], [7.600615501403809, 7.146268844604492, 6.075964450836182], [8.733970642089844, 4.01820707321167, 5.8559651374816895]]",shaped,True,True,False,raw,0.83169210588166,6.104144096374512,5.341274738311768,"[3.0908918380737305, 3.9963555335998535]","[3.9824092064881924, 4.464061864294186]",0.691993236541748
DiagReachK2,187,W2,RS,raw,shaped,development_DiagReachK2_s187_W2_RS,21,old,True,False,False,False,"[8.980171203613281, 8.200410842895508, 9.218810081481934]","[[8.980171203613281, 5.648053169250488, 5.463299751281738], [9.327640533447266, 6.401276588439941, 6.518794536590576], [9.284152030944824, 5.649569511413574, 6.049761772155762]]","[[8.980171203613281, 5.648053169250488, 5.463299751281738], [8.200410842895508, 6.401276588439941, 6.518794536590576], [9.218810081481934, 5.649569511413574, 6.049761772155762]]",shaped,True,True,False,raw,0.5037196726703175,6.444549560546875,5.887170791625977,"[3.6577446460723877, 4.367910385131836]","[4.004985256207994, 5.034553216606623]",0.7142949104309082
DiagReachK2,187,W2,RS,raw,shaped,development_DiagReachK2_s187_W2_RS,22,old,True,False,False,False,"[8.960224151611328, 8.461299896240234, 7.973810195922852]","[[8.960224151611328, 5.625527381896973, 5.380499362945557], [8.864412307739258, 6.469380855560303, 5.446313381195068], [7.973810195922852, 3.2977874279022217, 4.79758358001709]]","[[8.960224151611328, 5.625527381896973, 5.380499362945557], [8.461299896240234, 6.469380855560303, 5.446313381195068], [7.973810195922852, 3.2977874279022217, 4.79758358001709]]",shaped,True,True,False,raw,0.677757169426185,7.117076873779297,3.463416576385498,"[5.448193550109863, 4.430903434753418]","[6.000000143756086, 4.911755606460874]",0.6607029438018799
DiagReachK2,187,W2,RS,raw,shaped,development_DiagReachK2_s187_W2_RS,23,old,True,False,False,False,"[9.007749557495117, 8.394564628601074, 8.446221351623535]","[[9.007749557495117, 5.546536922454834, 5.313842296600342], [9.033670425415039, 6.670371055603027, 5.238879680633545], [8.446221351623535, 3.7212138175964355, 5.1763224601745605]]","[[9.007749557495117, 5.546536922454834, 5.313842296600342], [8.394564628601074, 6.670371055603027, 5.238879680633545], [8.446221351623535, 3.7212138175964355, 5.1763224601745605]]",shaped,True,True,False,raw,0.5060971503194416,7.248757362365723,5.844983100891113,"[5.204347133636475, 4.380532264709473]","[5.703083175378695, 4.438221755375193]",0.6879763603210449
DiagReachK2,187,W2,RS,raw,shaped,development_DiagReachK2_s187_W2_RS,24,old,True,False,False,False,"[8.957315444946289, 8.430052757263184, 8.785904884338379]","[[8.957315444946289, 5.592311382293701, 5.334902763366699], [9.12104606628418, 6.402024745941162, 6.300063133239746], [8.785904884338379, 4.798406600952148, 4.915731906890869]]","[[8.957315444946289, 5.592311382293701, 5.334902763366699], [8.430052757263184, 6.402024745941162, 6.300063133239746], [8.785904884338379, 4.798406600952148, 4.915731906890869]]",shaped,True,True,False,raw,0.5627654612385912,7.0012054443359375,5.092327117919922,"[4.64462947845459, 4.842820644378662]","[5.6153146152392965, 5.7202520582870315]",0.6901957988739014
DiagReachK2,187,W2,SR,shaped,raw,development_DiagReachK2_s187_W2_SR,0,old,True,False,False,False,"[8.54815673828125, 8.474092483520508, 9.04420280456543]","[[8.54815673828125, 5.428125381469727, 4.24753475189209], [8.474092483520508, 4.885848522186279, 4.098507881164551], [9.04420280456543, 5.352377414703369, 5.836376190185547]]","[[8.54815673828125, 5.428125381469727, 4.24753475189209], [8.474092483520508, 4.885848522186279, 4.098507881164551], [9.037109375, 5.352377414703369, 5.836376190185547]]",raw,True,True,False,shaped,1.9105440627538812,4.265839576721191,4.265839576721191,"[4.442942142486572, 3.63773775100708]","[3.5463696984985806, 3.748632649708752]",0.6808419227600098
DiagReachK2,187,W2,SR,shaped,raw,development_DiagReachK2_s187_W2_SR,1,old,True,False,False,False,"[8.495102882385254, 8.17142105102539, 7.193434238433838]","[[8.495102882385254, 5.507509231567383, 4.133216857910156], [8.17142105102539, 3.958627700805664, 4.121371746063232], [7.193434238433838, 2.4609103202819824, 4.04280948638916]]","[[8.495102882385254, 5.507509231567383, 4.133216857910156], [8.17142105102539, 3.958627700805664, 4.121371746063232], [7.193434238433838, 2.4609103202819824, 4.04280948638916]]",raw,True,True,False,shaped,1.569485352480272,3.165043830871582,3.165043830871582,"[4.434871196746826, 4.425499439239502]","[2.4468948747252806, 3.905046435432775]",0.4875214099884033
DiagReachK2,187,W2,SR,shaped,raw,development_DiagReachK2_s187_W2_SR,2,old,True,False,False,False,"[8.519184112548828, 8.363245964050293, 7.768993377685547]","[[8.519184112548828, 5.571017265319824, 4.032430648803711], [8.363245964050293, 5.849215984344482, 3.404783248901367], [7.768993377685547, 5.707907199859619, 2.4240102767944336]]","[[8.519184112548828, 5.571017265319824, 4.032430648803711], [8.341475486755371, 5.849215984344482, 3.404783248901367], [7.768993377685547, 5.707907199859619, 2.4240102767944336]]",raw,True,True,False,shaped,2.2881808569429807,4.623467445373535,4.623467445373535,"[3.6314854621887207, 3.4088828563690186]","[3.7804246811767253, 2.509998029002744]",0.7332057952880859
DiagReachK2,187,W2,SR,shaped,raw,development_DiagReachK2_s187_W2_SR,3,old,True,False,False,False,"[8.562999725341797, 8.483924865722656, 8.0817232131958]","[[8.562999725341797, 5.459498405456543, 4.232315540313721], [8.483924865722656, 6.114148139953613, 4.1522746086120605], [8.0817232131958, 6.779458522796631, 3.4318132400512695]]","[[8.562999725341797, 5.459498405456543, 4.232315540313721], [8.383546829223633, 6.114148139953613, 4.1522746086120605], [7.363408088684082, 6.779458522796631, 3.4318132400512695]]",raw,True,True,False,shaped,1.321141027771521,4.582099914550781,4.582099914550781,"[3.9045894145965576, 3.5034966468811035]","[4.034459643097819, 2.880428121873252]",0.7444398403167725
DiagReachK2,187,W2,SR,shaped,raw,development_DiagReachK2_s187_W2_SR,4,joint_W2,True,True,False,False,"[8.564849853515625, 8.572535514831543, 8.500035285949707]","[[8.564849853515625, 5.236307144165039, 4.17097806930542], [8.572535514831543, 4.725578308105469, 4.07708215713501], [8.500035285949707, 5.182933330535889, 3.75943660736084]]","[[8.564849853515625, 5.236307144165039, 4.17097806930542], [8.572535514831543, 4.725578308105469, 4.07708215713501], [8.500035285949707, 5.182933330535889, 3.75943660736084]]",raw,True,True,False,shaped,1.5590559746499508,4.761112213134766,4.761112213134766,"[4.699217319488525, 3.7424674034118652]","[4.008105191907028, 3.523045544573415]",0.7643749713897705
DiagReachK2,187,W2,SR,shaped,raw,development_DiagReachK2_s187_W2_SR,5,full_PPO,True,True,False,False,"[8.512197494506836, 8.794105529785156, 9.047128677368164]","[[8.512197494506836, 4.817896842956543, 4.079875946044922], [8.794105529785156, 5.515343189239502, 4.545434474945068], [9.047128677368164, 5.196324825286865, 5.146544456481934]]","[[8.512197494506836, 4.817896842956543, 4.079875946044922], [8.794105529785156, 5.515343189239502, 4.545434474945068], [9.047128677368164, 5.196324825286865, 5.146544456481934]]",raw,True,True,False,shaped,0.5200018590182897,6.191389560699463,6.191389560699463,"[3.550934314727783, 3.0507864952087402]","[3.824538011739194, 3.189252417557156]",0.6863448619842529
DiagReachK2,187,W2,SR,shaped,raw,development_DiagReachK2_s187_W2_SR,6,old,True,False,False,False,"[9.126630783081055, 8.809758186340332, 8.501731872558594]","[[9.126630783081055, 5.2561936378479, 5.21051025390625], [8.809758186340332, 4.10274076461792, 5.967893600463867], [8.501731872558594, 3.7544360160827637, 5.368714332580566]]","[[9.126630783081055, 5.2561936378479, 5.21051025390625], [8.77392578125, 4.10274076461792, 5.967893600463867], [8.501731872558594, 3.7544360160827637, 5.368714332580566]]",raw,True,True,False,shaped,1.5403524289147819,4.450263023376465,4.450263023376465,"[3.5150413513183594, 4.360586643218994]","[2.5910876847931297, 5.002565267843932]",0.8451001644134521
DiagReachK2,187,W2,SR,shaped,raw,development_DiagReachK2_s187_W2_SR,7,old,True,False,False,False,"[9.173648834228516, 8.837960243225098, 8.863690376281738]","[[9.173648834228516, 5.156998157501221, 5.291897296905518], [8.837960243225098, 4.450528144836426, 5.2780351638793945], [8.863690376281738, 4.162590026855469, 5.909486770629883]]","[[9.173648834228516, 5.156998157501221, 5.291897296905518], [8.837960243225098, 4.450528144836426, 5.2780351638793945], [8.845523834228516, 4.162590026855469, 5.909486770629883]]",raw,True,True,False,shaped,1.9568352221360612,4.947344779968262,4.947344779968262,"[5.498040199279785, 4.10128116607666]","[4.751614068008004, 4.391067026050899]",0.7758197784423828
DiagReachK2,187,W2,SR,shaped,raw,development_DiagReachK2_s187_W2_SR,8,old,True,False,False,False,"[9.057109832763672, 8.875591278076172, 8.863761901855469]","[[9.057109832763672, 5.1813201904296875, 5.039793968200684], [8.875591278076172, 4.566340446472168, 4.912012100219727], [8.863761901855469, 4.082900524139404, 6.14295768737793]]","[[9.057109832763672, 5.1813201904296875, 5.039793968200684], [8.875591278076172, 4.566340446472168, 4.912012100219727], [8.739042282104492, 4.082900524139404, 6.14295768737793]]",raw,True,True,False,shaped,1.0727373538130656,4.923426628112793,4.923426628112793,"[4.344500541687012, 3.953735828399658]","[3.895779477505296, 4.124481490933339]",0.7480056285858154
DiagReachK2,187,W2,SR,shaped,raw,development_DiagReachK2_s187_W2_SR,9,joint_W2,True,True,False,False,"[9.117387771606445, 9.272499084472656, 9.36839485168457]","[[9.117387771606445, 5.241840362548828, 5.215381622314453], [9.272499084472656, 5.352442264556885, 5.680535316467285], [9.36839485168457, 5.2443060874938965, 6.059183120727539]]","[[9.117387771606445, 5.241840362548828, 5.215381622314453], [9.272499084472656, 5.352442264556885, 5.680535316467285], [9.319076538085938, 5.2443060874938965, 6.059183120727539]]",raw,True,True,False,shaped,1.6688136394484245,4.5769124031066895,4.5769124031066895,"[4.510286808013916, 4.7399492263793945]","[3.7171439435430553, 4.356912705044019]",0.7395784854888916
DiagReachK2,187,W2,SR,shaped,raw,development_DiagReachK2_s187_W2_SR,10,old,True,False,False,False,"[9.255232810974121, 9.069640159606934, 8.159016609191895]","[[9.255232810974121, 5.236172676086426, 5.668935775756836], [9.069640159606934, 5.02243709564209, 5.22393274307251], [8.159016609191895, 3.942354202270508, 4.034802436828613]]","[[9.255232810974121, 5.236172676086426, 5.668935775756836], [9.069640159606934, 5.02243709564209, 5.22393274307251], [8.159016609191895, 3.942354202270508, 4.034802436828613]]",raw,True,True,False,shaped,1.871744190280377,4.812579154968262,4.812579154968262,"[3.407754898071289, 4.70471715927124]","[2.9686226134845644, 4.739337126887846]",0.7512354850769043
DiagReachK2,187,W2,SR,shaped,raw,development_DiagReachK2_s187_W2_SR,11,old,True,False,False,False,"[9.217750549316406, 9.193931579589844, 8.412663459777832]","[[9.217750549316406, 5.267563819885254, 5.684677600860596], [9.193931579589844, 5.423128604888916, 6.736181259155273], [8.412663459777832, 3.5790393352508545, 5.973101615905762]]","[[9.217750549316406, 5.267563819885254, 5.684677600860596], [8.153321266174316, 5.423128604888916, 6.736181259155273], [8.394556045532227, 3.5790393352508545, 5.973101615905762]]",raw,True,True,False,shaped,0.7415333936785364,5.13425350189209,5.13425350189209,"[5.180362224578857, 3.4966845512390137]","[5.2184527668311596, 4.142235154793397]",0.7132198810577393
DiagReachK2,187,W2,SR,shaped,raw,development_DiagReachK2_s187_W2_SR,12,old,True,False,False,False,"[9.2544584274292, 9.168866157531738, 7.160902976989746]","[[9.2544584274292, 5.480151653289795, 5.649690628051758], [9.168866157531738, 5.024753570556641, 5.4945220947265625], [7.160902976989746, 1.8642079830169678, 5.32703161239624]]","[[9.2544584274292, 5.480151653289795, 5.649690628051758], [9.168866157531738, 5.024753570556641, 5.4945220947265625], [7.160902976989746, 1.8642079830169678, 5.32703161239624]]",raw,True,True,False,shaped,2.3489654598211467,4.809517860412598,4.809517860412598,"[4.884184837341309, 4.784171104431152]","[3.8346141463638586, 4.594021072701967]",0.8281106948852539
DiagReachK2,187,W2,SR,shaped,raw,development_DiagReachK2_s187_W2_SR,13,joint_W2,False,False,False,False,"[9.258794784545898, 9.341787338256836, 8.032391548156738]","[[9.258794784545898, 5.283895492553711, 5.585310459136963], [9.341787338256836, 5.262053966522217, 5.839079856872559], [8.032391548156738, 2.9589295387268066, 5.638938903808594]]","[[9.258794784545898, 5.283895492553711, 5.585310459136963], [9.341787338256836, 5.262053966522217, 5.839079856872559], [8.032391548156738, 2.9589295387268066, 5.638938903808594]]",raw,True,True,False,shaped,0.973429721090595,5.787989616394043,5.787989616394043,"[5.05377721786499, 3.673450469970703]","[5.330268042873785, 4.154211251806678]",0.7623996734619141
DiagReachK2,187,W2,SR,shaped,raw,development_DiagReachK2_s187_W2_SR,14,old,True,False,False,False,"[9.245497703552246, 9.219903945922852, 8.767660140991211]","[[9.245497703552246, 5.407273292541504, 5.677606582641602], [9.219903945922852, 5.158447265625, 5.635304927825928], [8.767660140991211, 5.424569129943848, 4.478084564208984]]","[[9.245497703552246, 5.407273292541504, 5.677606582641602], [9.219903945922852, 5.158447265625, 5.635304927825928], [8.767660140991211, 5.424569129943848, 4.478084564208984]]",raw,True,True,False,shaped,1.273540955885,5.417874336242676,5.417874336242676,"[3.343670606613159, 4.057008266448975]","[3.040577454738382, 3.884198090722611]",0.7195618152618408
DiagReachK2,187,W2,SR,shaped,raw,development_DiagReachK2_s187_W2_SR,15,old,True,False,False,False,"[9.270652770996094, 9.452275276184082, 9.48253059387207]","[[9.270652770996094, 5.3476643562316895, 5.672469615936279], [9.452275276184082, 5.353733062744141, 6.37199592590332], [9.48253059387207, 6.79401969909668, 5.981071472167969]]","[[9.270652770996094, 5.3476643562316895, 5.672469615936279], [8.990189552307129, 5.353733062744141, 6.37199592590332], [8.551692962646484, 6.79401969909668, 5.981071472167969]]",raw,True,True,False,shaped,0.701096865696755,5.818253517150879,5.818253517150879,"[3.94122576713562, 3.76025390625]","[4.134469358260278, 4.146761649136561]",0.7224628925323486
DiagReachK2,187,W2,SR,shaped,raw,development_DiagReachK2_s187_W2_SR,16,old,True,False,False,False,"[9.222493171691895, 8.845129013061523, 7.9293293952941895]","[[9.222493171691895, 5.3653950691223145, 5.556654930114746], [8.845129013061523, 5.390225410461426, 4.573999881744385], [7.9293293952941895, 4.028717994689941, 3.650238513946533]]","[[9.222493171691895, 5.3653950691223145, 5.556654930114746], [8.845129013061523, 5.390225410461426, 4.573999881744385], [7.9293293952941895, 4.028717994689941, 3.650238513946533]]",raw,True,True,False,shaped,2.1734532975163554,5.024785995483398,5.024785995483398,"[4.696009635925293, 5.151821136474609]","[4.332354070424361, 4.3800959958003345]",0.8107681274414062
DiagReachK2,187,W2,SR,shaped,raw,development_DiagReachK2_s187_W2_SR,17,joint_W2,True,True,False,False,"[9.268386840820312, 9.352462768554688, 9.018314361572266]","[[9.268386840820312, 5.309386730194092, 5.654304027557373], [9.352462768554688, 5.364330291748047, 5.735729217529297], [9.018314361572266, 5.957937240600586, 4.5979204177856445]]","[[9.268386840820312, 5.309386730194092, 5.654304027557373], [9.352462768554688, 5.364330291748047, 5.735729217529297], [8.986934661865234, 5.957937240600586, 4.5979204177856445]]",raw,True,True,False,shaped,0.5728135995960544,6.223101615905762,6.223101615905762,"[3.8712258338928223, 5.060940742492676]","[3.8259695386750763, 4.78614182484883]",0.7657413482666016
DiagReachK2,187,W2,SR,shaped,raw,development_DiagReachK2_s187_W2_SR,18,old,True,False,False,False,"[9.353584289550781, 8.827227592468262, 8.492860794067383]","[[9.353584289550781, 5.529935836791992, 5.686637878417969], [8.827227592468262, 4.8670973777771, 5.524229049682617], [8.492860794067383, 4.788954257965088, 4.683729648590088]]","[[9.353584289550781, 5.529935836791992, 5.686637878417969], [8.827227592468262, 4.8670973777771, 5.524229049682617], [8.492860794067383, 4.788954257965088, 4.683729648590088]]",raw,True,True,False,shaped,1.5483458878157674,5.295956611633301,5.295956611633301,"[4.427412986755371, 4.473733425140381]","[4.543973505719969, 4.300358075689461]",0.817540168762207
DiagReachK2,187,W2,SR,shaped,raw,development_DiagReachK2_s187_W2_SR,19,old,True,False,False,False,"[9.37087631225586, 8.952527046203613, 8.175226211547852]","[[9.37087631225586, 5.561555862426758, 5.763980865478516], [8.952527046203613, 4.859702110290527, 5.339259147644043], [8.175226211547852, 3.5149638652801514, 6.055450916290283]]","[[9.37087631225586, 5.561555862426758, 5.763980865478516], [8.952527046203613, 4.859702110290527, 5.339259147644043], [8.117074012756348, 3.5149638652801514, 6.055450916290283]]",raw,True,True,False,shaped,3.015814705895305,4.76801061630249,4.76801061630249,"[5.131980895996094, 4.840521812438965]","[3.806487137086004, 4.681119065604633]",0.7776906490325928
DiagReachK2,187,W2,SR,shaped,raw,development_DiagReachK2_s187_W2_SR,20,old,True,False,False,False,"[9.355022430419922, 8.860950469970703, 8.691390991210938]","[[9.355022430419922, 5.335399150848389, 5.77006721496582], [8.860950469970703, 4.775510311126709, 5.09779167175293], [8.691390991210938, 4.665966987609863, 4.757991313934326]]","[[9.355022430419922, 5.335399150848389, 5.77006721496582], [8.860950469970703, 4.775510311126709, 5.09779167175293], [8.691390991210938, 4.665966987609863, 4.757991313934326]]",raw,True,True,False,shaped,1.366386785137705,5.502377510070801,5.502377510070801,"[4.351585388183594, 4.889193534851074]","[4.094343919203797, 4.468018487527242]",0.8010406494140625
DiagReachK2,187,W2,SR,shaped,raw,development_DiagReachK2_s187_W2_SR,21,old,True,False,False,False,"[9.41970443725586, 8.745243072509766, 9.224068641662598]","[[9.41970443725586, 5.531843662261963, 5.8085126876831055], [8.745243072509766, 4.653050899505615, 5.047450542449951], [9.224068641662598, 5.618073463439941, 5.443610668182373]]","[[9.41970443725586, 5.531843662261963, 5.8085126876831055], [8.745243072509766, 4.653050899505615, 5.047450542449951], [9.224068641662598, 5.618073463439941, 5.443610668182373]]",raw,True,True,False,shaped,1.2191146982615855,4.802043914794922,4.802043914794922,"[4.102754592895508, 4.8129119873046875]","[3.5880832044432225, 4.1270603951060485]",0.7825467586517334
DiagReachK2,187,W2,SR,shaped,raw,development_DiagReachK2_s187_W2_SR,22,old,True,False,False,False,"[9.369935989379883, 9.042158126831055, 9.421308517456055]","[[9.369935989379883, 5.4923601150512695, 5.7621307373046875], [9.042158126831055, 5.170341491699219, 5.2184062004089355], [9.421308517456055, 6.511392116546631, 5.521811485290527]]","[[9.369935989379883, 5.4923601150512695, 5.7621307373046875], [9.042158126831055, 5.170341491699219, 5.2184062004089355], [8.928390502929688, 6.511392116546631, 5.521811485290527]]",raw,True,True,False,shaped,0.9678790894086328,5.938398838043213,5.938398838043213,"[3.9131367206573486, 4.551952362060547]","[3.556095981335443, 4.2561307533911235]",0.7344942092895508
DiagReachK2,187,W2,SR,shaped,raw,development_DiagReachK2_s187_W2_SR,23,old,True,False,False,False,"[9.38795280456543, 8.858258247375488, 8.54317855834961]","[[9.38795280456543, 5.424112319946289, 5.716526508331299], [8.858258247375488, 4.757889747619629, 4.924232006072998], [8.54317855834961, 5.5649614334106445, 3.8768362998962402]]","[[9.38795280456543, 5.424112319946289, 5.716526508331299], [8.858258247375488, 4.757889747619629, 4.924232006072998], [8.54317855834961, 5.5649614334106445, 3.8768362998962402]]",raw,True,True,False,shaped,1.320418288661995,5.320099830627441,5.320099830627441,"[4.037539482116699, 4.680858612060547]","[3.4769873707306638, 4.315758622378115]",0.7558362483978271
DiagReachK2,187,W2,SR,shaped,raw,development_DiagReachK2_s187_W2_SR,24,old,True,False,False,False,"[9.358263969421387, 9.044936180114746, 8.883272171020508]","[[9.358263969421387, 5.474601745605469, 5.728036880493164], [9.044936180114746, 4.91192626953125, 5.28026008605957], [8.883272171020508, 4.941823959350586, 5.163515090942383]]","[[9.358263969421387, 5.474601745605469, 5.728036880493164], [9.044936180114746, 4.91192626953125, 5.28026008605957], [8.883272171020508, 4.941823959350586, 5.163515090942383]]",raw,True,True,False,shaped,1.199710218470464,4.986688137054443,4.986688137054443,"[4.360432147979736, 4.876000881195068]","[3.941341352393275, 4.492433741593606]",0.7755570411682129
DiagReachK2,187,W2,SS,shaped,shaped,development_DiagReachK2_s187_W2_SS,0,old,True,False,False,False,"[8.54815673828125, 8.474092483520508, 9.037109375]","[[8.54815673828125, 5.428125381469727, 4.24753475189209], [8.474092483520508, 4.885848522186279, 4.098507881164551], [9.04420280456543, 5.352377414703369, 5.836376190185547]]","[[8.54815673828125, 5.428125381469727, 4.24753475189209], [8.474092483520508, 4.885848522186279, 4.098507881164551], [9.037109375, 5.352377414703369, 5.836376190185547]]",shaped,True,True,False,shaped,1.9105440627538812,4.265839576721191,4.265839576721191,"[4.442942142486572, 3.63773775100708]","[3.5463696984985806, 3.748632649708752]",0.4610788822174072
DiagReachK2,187,W2,SS,shaped,shaped,development_DiagReachK2_s187_W2_SS,1,old,True,False,False,False,"[8.495102882385254, 8.17142105102539, 7.193434238433838]","[[8.495102882385254, 5.507509231567383, 4.133216857910156], [8.17142105102539, 3.958627700805664, 4.121371746063232], [7.193434238433838, 2.4609103202819824, 4.04280948638916]]","[[8.495102882385254, 5.507509231567383, 4.133216857910156], [8.17142105102539, 3.958627700805664, 4.121371746063232], [7.193434238433838, 2.4609103202819824, 4.04280948638916]]",shaped,True,True,False,shaped,1.569485352480272,3.165043830871582,3.165043830871582,"[4.434871196746826, 4.425499439239502]","[2.4468948747252806, 3.905046435432775]",0.48099470138549805
DiagReachK2,187,W2,SS,shaped,shaped,development_DiagReachK2_s187_W2_SS,2,old,True,False,False,False,"[8.519184112548828, 8.341475486755371, 7.768993377685547]","[[8.519184112548828, 5.571017265319824, 4.032430648803711], [8.363245964050293, 5.849215984344482, 3.404783248901367], [7.768993377685547, 5.707907199859619, 2.4240102767944336]]","[[8.519184112548828, 5.571017265319824, 4.032430648803711], [8.341475486755371, 5.849215984344482, 3.404783248901367], [7.768993377685547, 5.707907199859619, 2.4240102767944336]]",shaped,True,True,False,shaped,2.2881808569429807,4.623467445373535,4.623467445373535,"[3.6314854621887207, 3.4088828563690186]","[3.7804246811767253, 2.509998029002744]",0.6701209545135498
DiagReachK2,187,W2,SS,shaped,shaped,development_DiagReachK2_s187_W2_SS,3,old,True,False,False,False,"[8.562999725341797, 8.383546829223633, 7.363408088684082]","[[8.562999725341797, 5.459498405456543, 4.232315540313721], [8.483924865722656, 6.114148139953613, 4.1522746086120605], [8.0817232131958, 6.779458522796631, 3.4318132400512695]]","[[8.562999725341797, 5.459498405456543, 4.232315540313721], [8.383546829223633, 6.114148139953613, 4.1522746086120605], [7.363408088684082, 6.779458522796631, 3.4318132400512695]]",shaped,True,True,False,shaped,1.321141027771521,4.582099914550781,4.582099914550781,"[3.9045894145965576, 3.5034966468811035]","[4.034459643097819, 2.880428121873252]",0.37966036796569824
DiagReachK2,187,W2,SS,shaped,shaped,development_DiagReachK2_s187_W2_SS,4,joint_W2,True,True,False,False,"[8.564849853515625, 8.572535514831543, 8.500035285949707]","[[8.564849853515625, 5.236307144165039, 4.17097806930542], [8.572535514831543, 4.725578308105469, 4.07708215713501], [8.500035285949707, 5.182933330535889, 3.75943660736084]]","[[8.564849853515625, 5.236307144165039, 4.17097806930542], [8.572535514831543, 4.725578308105469, 4.07708215713501], [8.500035285949707, 5.182933330535889, 3.75943660736084]]",shaped,True,True,False,shaped,1.5590559746499508,4.761112213134766,4.761112213134766,"[4.699217319488525, 3.7424674034118652]","[4.008105191907028, 3.523045544573415]",0.3674442768096924
DiagReachK2,187,W2,SS,shaped,shaped,development_DiagReachK2_s187_W2_SS,5,full_PPO,True,True,False,False,"[8.512197494506836, 8.794105529785156, 9.047128677368164]","[[8.512197494506836, 4.817896842956543, 4.079875946044922], [8.794105529785156, 5.515343189239502, 4.545434474945068], [9.047128677368164, 5.196324825286865, 5.146544456481934]]","[[8.512197494506836, 4.817896842956543, 4.079875946044922], [8.794105529785156, 5.515343189239502, 4.545434474945068], [9.047128677368164, 5.196324825286865, 5.146544456481934]]",shaped,True,True,False,shaped,0.5200018590182897,6.191389560699463,6.191389560699463,"[3.550934314727783, 3.0507864952087402]","[3.824538011739194, 3.189252417557156]",0.36577773094177246
DiagReachK2,187,W2,SS,shaped,shaped,development_DiagReachK2_s187_W2_SS,6,old,True,False,False,False,"[9.126630783081055, 8.77392578125, 8.501731872558594]","[[9.126630783081055, 5.2561936378479, 5.21051025390625], [8.809758186340332, 4.10274076461792, 5.967893600463867], [8.501731872558594, 3.7544360160827637, 5.368714332580566]]","[[9.126630783081055, 5.2561936378479, 5.21051025390625], [8.77392578125, 4.10274076461792, 5.967893600463867], [8.501731872558594, 3.7544360160827637, 5.368714332580566]]",shaped,True,True,False,shaped,1.5403524289147819,4.450263023376465,4.450263023376465,"[3.5150413513183594, 4.360586643218994]","[2.5910876847931297, 5.002565267843932]",0.44687628746032715
DiagReachK2,187,W2,SS,shaped,shaped,development_DiagReachK2_s187_W2_SS,7,old,True,False,False,False,"[9.173648834228516, 8.837960243225098, 8.845523834228516]","[[9.173648834228516, 5.156998157501221, 5.291897296905518], [8.837960243225098, 4.450528144836426, 5.2780351638793945], [8.863690376281738, 4.162590026855469, 5.909486770629883]]","[[9.173648834228516, 5.156998157501221, 5.291897296905518], [8.837960243225098, 4.450528144836426, 5.2780351638793945], [8.845523834228516, 4.162590026855469, 5.909486770629883]]",shaped,True,True,False,shaped,1.9568352221360612,4.947344779968262,4.947344779968262,"[5.498040199279785, 4.10128116607666]","[4.751614068008004, 4.391067026050899]",0.39455175399780273
DiagReachK2,187,W2,SS,shaped,shaped,development_DiagReachK2_s187_W2_SS,8,old,True,False,False,False,"[9.057109832763672, 8.875591278076172, 8.739042282104492]","[[9.057109832763672, 5.1813201904296875, 5.039793968200684], [8.875591278076172, 4.566340446472168, 4.912012100219727], [8.863761901855469, 4.082900524139404, 6.14295768737793]]","[[9.057109832763672, 5.1813201904296875, 5.039793968200684], [8.875591278076172, 4.566340446472168, 4.912012100219727], [8.739042282104492, 4.082900524139404, 6.14295768737793]]",shaped,True,True,False,shaped,1.0727373538130656,4.923426628112793,4.923426628112793,"[4.344500541687012, 3.953735828399658]","[3.895779477505296, 4.124481490933339]",0.3846008777618408
DiagReachK2,187,W2,SS,shaped,shaped,development_DiagReachK2_s187_W2_SS,9,joint_W2,True,True,False,False,"[9.117387771606445, 9.272499084472656, 9.319076538085938]","[[9.117387771606445, 5.241840362548828, 5.215381622314453], [9.272499084472656, 5.352442264556885, 5.680535316467285], [9.36839485168457, 5.2443060874938965, 6.059183120727539]]","[[9.117387771606445, 5.241840362548828, 5.215381622314453], [9.272499084472656, 5.352442264556885, 5.680535316467285], [9.319076538085938, 5.2443060874938965, 6.059183120727539]]",shaped,True,True,False,shaped,1.6688136394484245,4.5769124031066895,4.5769124031066895,"[4.510286808013916, 4.7399492263793945]","[3.7171439435430553, 4.356912705044019]",0.3895750045776367
DiagReachK2,187,W2,SS,shaped,shaped,development_DiagReachK2_s187_W2_SS,10,old,True,False,False,False,"[9.255232810974121, 9.069640159606934, 8.159016609191895]","[[9.255232810974121, 5.236172676086426, 5.668935775756836], [9.069640159606934, 5.02243709564209, 5.22393274307251], [8.159016609191895, 3.942354202270508, 4.034802436828613]]","[[9.255232810974121, 5.236172676086426, 5.668935775756836], [9.069640159606934, 5.02243709564209, 5.22393274307251], [8.159016609191895, 3.942354202270508, 4.034802436828613]]",shaped,True,True,False,shaped,1.871744190280377,4.812579154968262,4.812579154968262,"[3.407754898071289, 4.70471715927124]","[2.9686226134845644, 4.739337126887846]",0.3922698497772217
DiagReachK2,187,W2,SS,shaped,shaped,development_DiagReachK2_s187_W2_SS,11,old,True,False,False,False,"[9.217750549316406, 8.153321266174316, 8.394556045532227]","[[9.217750549316406, 5.267563819885254, 5.684677600860596], [9.193931579589844, 5.423128604888916, 6.736181259155273], [8.412663459777832, 3.5790393352508545, 5.973101615905762]]","[[9.217750549316406, 5.267563819885254, 5.684677600860596], [8.153321266174316, 5.423128604888916, 6.736181259155273], [8.394556045532227, 3.5790393352508545, 5.973101615905762]]",shaped,True,True,False,shaped,0.7415333936785364,5.13425350189209,5.13425350189209,"[5.180362224578857, 3.4966845512390137]","[5.2184527668311596, 4.142235154793397]",0.38608598709106445
DiagReachK2,187,W2,SS,shaped,shaped,development_DiagReachK2_s187_W2_SS,12,old,True,False,False,False,"[9.2544584274292, 9.168866157531738, 7.160902976989746]","[[9.2544584274292, 5.480151653289795, 5.649690628051758], [9.168866157531738, 5.024753570556641, 5.4945220947265625], [7.160902976989746, 1.8642079830169678, 5.32703161239624]]","[[9.2544584274292, 5.480151653289795, 5.649690628051758], [9.168866157531738, 5.024753570556641, 5.4945220947265625], [7.160902976989746, 1.8642079830169678, 5.32703161239624]]",shaped,True,True,False,shaped,2.3489654598211467,4.809517860412598,4.809517860412598,"[4.884184837341309, 4.784171104431152]","[3.8346141463638586, 4.594021072701967]",0.47013258934020996
DiagReachK2,187,W2,SS,shaped,shaped,development_DiagReachK2_s187_W2_SS,13,joint_W2,False,False,False,False,"[9.258794784545898, 9.341787338256836, 8.032391548156738]","[[9.258794784545898, 5.283895492553711, 5.585310459136963], [9.341787338256836, 5.262053966522217, 5.839079856872559], [8.032391548156738, 2.9589295387268066, 5.638938903808594]]","[[9.258794784545898, 5.283895492553711, 5.585310459136963], [9.341787338256836, 5.262053966522217, 5.839079856872559], [8.032391548156738, 2.9589295387268066, 5.638938903808594]]",shaped,True,True,False,shaped,0.973429721090595,5.787989616394043,5.787989616394043,"[5.05377721786499, 3.673450469970703]","[5.330268042873785, 4.154211251806678]",0.39220499992370605
DiagReachK2,187,W2,SS,shaped,shaped,development_DiagReachK2_s187_W2_SS,14,old,True,False,False,False,"[9.245497703552246, 9.219903945922852, 8.767660140991211]","[[9.245497703552246, 5.407273292541504, 5.677606582641602], [9.219903945922852, 5.158447265625, 5.635304927825928], [8.767660140991211, 5.424569129943848, 4.478084564208984]]","[[9.245497703552246, 5.407273292541504, 5.677606582641602], [9.219903945922852, 5.158447265625, 5.635304927825928], [8.767660140991211, 5.424569129943848, 4.478084564208984]]",shaped,True,True,False,shaped,1.273540955885,5.417874336242676,5.417874336242676,"[3.343670606613159, 4.057008266448975]","[3.040577454738382, 3.884198090722611]",0.38935136795043945
DiagReachK2,187,W2,SS,shaped,shaped,development_DiagReachK2_s187_W2_SS,15,old,True,False,False,False,"[9.270652770996094, 8.990189552307129, 8.551692962646484]","[[9.270652770996094, 5.3476643562316895, 5.672469615936279], [9.452275276184082, 5.353733062744141, 6.37199592590332], [9.48253059387207, 6.79401969909668, 5.981071472167969]]","[[9.270652770996094, 5.3476643562316895, 5.672469615936279], [8.990189552307129, 5.353733062744141, 6.37199592590332], [8.551692962646484, 6.79401969909668, 5.981071472167969]]",shaped,True,True,False,shaped,0.701096865696755,5.818253517150879,5.818253517150879,"[3.94122576713562, 3.76025390625]","[4.134469358260278, 4.146761649136561]",0.3487892150878906
DiagReachK2,187,W2,SS,shaped,shaped,development_DiagReachK2_s187_W2_SS,16,old,True,False,False,False,"[9.222493171691895, 8.845129013061523, 7.9293293952941895]","[[9.222493171691895, 5.3653950691223145, 5.556654930114746], [8.845129013061523, 5.390225410461426, 4.573999881744385], [7.9293293952941895, 4.028717994689941, 3.650238513946533]]","[[9.222493171691895, 5.3653950691223145, 5.556654930114746], [8.845129013061523, 5.390225410461426, 4.573999881744385], [7.9293293952941895, 4.028717994689941, 3.650238513946533]]",shaped,True,True,False,shaped,2.1734532975163554,5.024785995483398,5.024785995483398,"[4.696009635925293, 5.151821136474609]","[4.332354070424361, 4.3800959958003345]",0.4323570728302002
DiagReachK2,187,W2,SS,shaped,shaped,development_DiagReachK2_s187_W2_SS,17,joint_W2,True,True,False,False,"[9.268386840820312, 9.352462768554688, 8.986934661865234]","[[9.268386840820312, 5.309386730194092, 5.654304027557373], [9.352462768554688, 5.364330291748047, 5.735729217529297], [9.018314361572266, 5.957937240600586, 4.5979204177856445]]","[[9.268386840820312, 5.309386730194092, 5.654304027557373], [9.352462768554688, 5.364330291748047, 5.735729217529297], [8.986934661865234, 5.957937240600586, 4.5979204177856445]]",shaped,True,True,False,shaped,0.5728135995960544,6.223101615905762,6.223101615905762,"[3.8712258338928223, 5.060940742492676]","[3.8259695386750763, 4.78614182484883]",0.39182353019714355
DiagReachK2,187,W2,SS,shaped,shaped,development_DiagReachK2_s187_W2_SS,18,old,True,False,False,False,"[9.353584289550781, 8.827227592468262, 8.492860794067383]","[[9.353584289550781, 5.529935836791992, 5.686637878417969], [8.827227592468262, 4.8670973777771, 5.524229049682617], [8.492860794067383, 4.788954257965088, 4.683729648590088]]","[[9.353584289550781, 5.529935836791992, 5.686637878417969], [8.827227592468262, 4.8670973777771, 5.524229049682617], [8.492860794067383, 4.788954257965088, 4.683729648590088]]",shaped,True,True,False,shaped,1.5483458878157674,5.295956611633301,5.295956611633301,"[4.427412986755371, 4.473733425140381]","[4.543973505719969, 4.300358075689461]",0.4183666706085205
DiagReachK2,187,W2,SS,shaped,shaped,development_DiagReachK2_s187_W2_SS,19,old,True,False,False,False,"[9.37087631225586, 8.952527046203613, 8.117074012756348]","[[9.37087631225586, 5.561555862426758, 5.763980865478516], [8.952527046203613, 4.859702110290527, 5.339259147644043], [8.175226211547852, 3.5149638652801514, 6.055450916290283]]","[[9.37087631225586, 5.561555862426758, 5.763980865478516], [8.952527046203613, 4.859702110290527, 5.339259147644043], [8.117074012756348, 3.5149638652801514, 6.055450916290283]]",shaped,True,True,False,shaped,3.015814705895305,4.76801061630249,4.76801061630249,"[5.131980895996094, 4.840521812438965]","[3.806487137086004, 4.681119065604633]",0.4135432243347168
DiagReachK2,187,W2,SS,shaped,shaped,development_DiagReachK2_s187_W2_SS,20,old,True,False,False,False,"[9.355022430419922, 8.860950469970703, 8.691390991210938]","[[9.355022430419922, 5.335399150848389, 5.77006721496582], [8.860950469970703, 4.775510311126709, 5.09779167175293], [8.691390991210938, 4.665966987609863, 4.757991313934326]]","[[9.355022430419922, 5.335399150848389, 5.77006721496582], [8.860950469970703, 4.775510311126709, 5.09779167175293], [8.691390991210938, 4.665966987609863, 4.757991313934326]]",shaped,True,True,False,shaped,1.366386785137705,5.502377510070801,5.502377510070801,"[4.351585388183594, 4.889193534851074]","[4.094343919203797, 4.468018487527242]",0.4337906837463379
DiagReachK2,187,W2,SS,shaped,shaped,development_DiagReachK2_s187_W2_SS,21,old,True,False,False,False,"[9.41970443725586, 8.745243072509766, 9.224068641662598]","[[9.41970443725586, 5.531843662261963, 5.8085126876831055], [8.745243072509766, 4.653050899505615, 5.047450542449951], [9.224068641662598, 5.618073463439941, 5.443610668182373]]","[[9.41970443725586, 5.531843662261963, 5.8085126876831055], [8.745243072509766, 4.653050899505615, 5.047450542449951], [9.224068641662598, 5.618073463439941, 5.443610668182373]]",shaped,True,True,False,shaped,1.2191146982615855,4.802043914794922,4.802043914794922,"[4.102754592895508, 4.8129119873046875]","[3.5880832044432225, 4.1270603951060485]",0.38540220260620117
DiagReachK2,187,W2,SS,shaped,shaped,development_DiagReachK2_s187_W2_SS,22,old,True,False,False,False,"[9.369935989379883, 9.042158126831055, 8.928390502929688]","[[9.369935989379883, 5.4923601150512695, 5.7621307373046875], [9.042158126831055, 5.170341491699219, 5.2184062004089355], [9.421308517456055, 6.511392116546631, 5.521811485290527]]","[[9.369935989379883, 5.4923601150512695, 5.7621307373046875], [9.042158126831055, 5.170341491699219, 5.2184062004089355], [8.928390502929688, 6.511392116546631, 5.521811485290527]]",shaped,True,True,False,shaped,0.9678790894086328,5.938398838043213,5.938398838043213,"[3.9131367206573486, 4.551952362060547]","[3.556095981335443, 4.2561307533911235]",0.3888368606567383
DiagReachK2,187,W2,SS,shaped,shaped,development_DiagReachK2_s187_W2_SS,23,old,True,False,False,False,"[9.38795280456543, 8.858258247375488, 8.54317855834961]","[[9.38795280456543, 5.424112319946289, 5.716526508331299], [8.858258247375488, 4.757889747619629, 4.924232006072998], [8.54317855834961, 5.5649614334106445, 3.8768362998962402]]","[[9.38795280456543, 5.424112319946289, 5.716526508331299], [8.858258247375488, 4.757889747619629, 4.924232006072998], [8.54317855834961, 5.5649614334106445, 3.8768362998962402]]",shaped,True,True,False,shaped,1.320418288661995,5.320099830627441,5.320099830627441,"[4.037539482116699, 4.680858612060547]","[3.4769873707306638, 4.315758622378115]",0.3975260257720947
DiagReachK2,187,W2,SS,shaped,shaped,development_DiagReachK2_s187_W2_SS,24,old,True,False,False,False,"[9.358263969421387, 9.044936180114746, 8.883272171020508]","[[9.358263969421387, 5.474601745605469, 5.728036880493164], [9.044936180114746, 4.91192626953125, 5.28026008605957], [8.883272171020508, 4.941823959350586, 5.163515090942383]]","[[9.358263969421387, 5.474601745605469, 5.728036880493164], [9.044936180114746, 4.91192626953125, 5.28026008605957], [8.883272171020508, 4.941823959350586, 5.163515090942383]]",shaped,True,True,False,shaped,1.199710218470464,4.986688137054443,4.986688137054443,"[4.360432147979736, 4.876000881195068]","[3.941341352393275, 4.492433741593606]",0.39095306396484375
DiagReachK3,180,KL,RR,raw,raw,development_DiagReachK3_s180_KL_RR,0,full_PPO,True,True,False,False,"[2.13088321685791, 4.476363182067871, 6.361283302307129]","[[2.13088321685791, 0.0, 0.24788831174373627, 0.0], [4.476363182067871, 0.32498982548713684, 1.5945405960083008, 1.1626662015914917], [6.361283302307129, 1.891119122505188, 2.628575086593628, 3.7228024005889893]]","[[2.13088321685791, 0.0, 0.24788831174373627, 0.0], [4.476363182067871, 0.32498982548713684, 1.5945405960083008, 1.1626662015914917], [6.361283302307129, 1.891119122505188, 2.628575086593628, 3.7228024005889893]]",raw,True,True,False,raw,1.4342954371890948,3.9954922199249268,3.8101646900177,"[1.2264814376831055, 2.887852191925049, 2.8972878456115723]","[2.1117194511893276, 4.126407435499296, 4.871416528189928]",0.6739218235015869
DiagReachK3,180,KL,RR,raw,raw,development_DiagReachK3_s180_KL_RR,1,full_PPO,True,True,False,False,"[6.427142143249512, 7.522181987762451, 8.397612571716309]","[[6.427142143249512, 2.024001359939575, 2.744678020477295, 3.947922468185425], [7.522181987762451, 3.7048237323760986, 3.158123016357422, 6.002786636352539], [8.397612571716309, 5.393280029296875, 3.991626262664795, 8.440935134887695]]","[[6.427142143249512, 2.024001359939575, 2.744678020477295, 3.947922468185425], [7.522181987762451, 3.7048237323760986, 3.158123016357422, 6.002786636352539], [8.397612571716309, 5.393280029296875, 3.991626262664795, 8.440935134887695]]",raw,True,True,False,raw,1.0215305866578064,5.487532615661621,5.371879577636719,"[2.3469161987304688, 3.286191940307617, 4.3901166915893555]","[2.911970527819588, 3.7155361496750436, 5.366558120423964]",0.5996913909912109
DiagReachK3,180,KL,RR,raw,raw,development_DiagReachK3_s180_KL_RR,2,old,True,False,False,False,"[8.378080368041992, 8.767449378967285, 8.733466148376465]","[[8.378080368041992, 5.591276168823242, 3.972588539123535, 8.624336242675781], [8.767449378967285, 6.958113670349121, 4.958126544952393, 10.90576457977295], [8.733466148376465, 7.797431945800781, 4.534898281097412, 11.332329750061035]]","[[8.378080368041992, 5.591276168823242, 3.972588539123535, 8.624336242675781], [8.74973201751709, 6.958113670349121, 4.958126544952393, 10.90576457977295], [8.048110961914062, 7.797431945800781, 4.534898281097412, 11.332329750061035]]",raw,True,True,False,raw,0.8769250145734008,6.766532897949219,6.1014251708984375,"[4.495903015136719, 3.8987574577331543, 7.250419616699219]","[5.203833506915499, 5.018549093494167, 9.026721356588821]",0.5391755104064941
DiagReachK3,180,KL,RR,raw,raw,development_DiagReachK3_s180_KL_RR,3,joint_KL,True,True,False,False,"[8.448634147644043, 8.753068923950195, 8.395487785339355]","[[8.448634147644043, 5.524212837219238, 4.0056657791137695, 8.589775085449219], [8.753068923950195, 6.581697940826416, 4.435060501098633, 10.044172286987305], [8.395487785339355, 5.36385440826416, 3.7165675163269043, 8.162519454956055]]","[[8.448634147644043, 5.524212837219238, 4.0056657791137695, 8.589775085449219], [8.753068923950195, 6.581697940826416, 4.435060501098633, 10.044172286987305], [8.395487785339355, 5.36385440826416, 3.7165675163269043, 8.162519454956055]]",raw,True,True,False,raw,0.7868834053889872,6.550810813903809,5.227682590484619,"[4.745136737823486, 3.2345309257507324, 6.614968299865723]","[5.955886554855949, 3.7436970284509457, 8.290908157578711]",0.5329382419586182
DiagReachK3,180,KL,RR,raw,raw,development_DiagReachK3_s180_KL_RR,4,old,True,False,False,False,"[8.728771209716797, 8.834221839904785, 8.83427619934082]","[[8.728771209716797, 6.5861945152282715, 4.397995948791504, 9.999176025390625], [8.834221839904785, 7.468793869018555, 4.756361961364746, 11.215936660766602], [8.83427619934082, 7.454763889312744, 4.233393669128418, 10.688157081604004]]","[[8.728771209716797, 6.5861945152282715, 4.397995948791504, 9.999176025390625], [8.479106903076172, 7.468793869018555, 4.756361961364746, 11.215936660766602], [8.476011276245117, 7.454763889312744, 4.233393669128418, 10.688157081604004]]",raw,True,True,False,raw,0.801430355268366,6.602287292480469,5.760878562927246,"[4.68589448928833, 4.120868682861328, 7.626399040222168]","[6.0250260335490236, 5.250816724028034, 10.00838081355955]",0.6063451766967773
DiagReachK3,180,KL,RR,raw,raw,development_DiagReachK3_s180_KL_RR,5,old,True,False,False,False,"[8.76440143585205, 9.066511154174805, 8.912137031555176]","[[8.76440143585205, 6.5142741203308105, 4.451976299285889, 10.007513999938965], [9.066511154174805, 7.686595916748047, 5.6506733894348145, 12.331846237182617], [8.912137031555176, 8.161165237426758, 4.64741325378418, 11.808578491210938]]","[[8.76440143585205, 6.5142741203308105, 4.451976299285889, 10.007513999938965], [8.49434757232666, 7.686595916748047, 5.6506733894348145, 12.331846237182617], [7.6997761726379395, 8.161165237426758, 4.64741325378418, 11.808578491210938]]",raw,True,True,False,raw,0.931968629683071,6.677609443664551,5.782483100891113,"[5.256999969482422, 3.578277111053467, 7.537668704986572]","[6.328625493168594, 4.9108070238963055, 10.031241480565281]",0.5336015224456787
DiagReachK3,180,KL,RR,raw,raw,development_DiagReachK3_s180_KL_RR,6,old,True,False,False,False,"[8.67711353302002, 8.827779769897461, 8.325264930725098]","[[8.67711353302002, 6.599221706390381, 4.313811302185059, 9.956993103027344], [8.827779769897461, 7.614090442657471, 4.512098789215088, 11.123700141906738], [8.325264930725098, 6.225245952606201, 3.392843008041382, 8.649859428405762]]","[[8.67711353302002, 6.599221706390381, 4.313811302185059, 9.956993103027344], [8.356292724609375, 7.614090442657471, 4.512098789215088, 11.123700141906738], [8.325264930725098, 6.225245952606201, 3.392843008041382, 8.649859428405762]]",raw,True,True,False,raw,1.0291297724059776,6.741361141204834,5.065812110900879,"[5.291496276855469, 3.7927513122558594, 7.7000885009765625]","[6.682739080789489, 4.616754724598171, 10.112972644637253]",0.522627592086792
DiagReachK3,180,KL,RR,raw,raw,development_DiagReachK3_s180_KL_RR,7,old,True,False,False,False,"[8.743936538696289, 8.916893005371094, 8.699638366699219]","[[8.743936538696289, 6.655389785766602, 4.4410600662231445, 10.118556022644043], [8.916893005371094, 7.068327903747559, 4.973789691925049, 11.042116165161133], [8.699638366699219, 4.992064476013184, 4.325360298156738, 8.393213272094727]]","[[8.743936538696289, 6.655389785766602, 4.4410600662231445, 10.118556022644043], [8.834095001220703, 7.068327903747559, 4.973789691925049, 11.042116165161133], [8.699638366699219, 4.992064476013184, 4.325360298156738, 8.393213272094727]]",raw,True,True,False,raw,0.5741216370796726,7.0765380859375,4.952242851257324,"[6.007386207580566, 4.381198883056641, 9.098187446594238]","[6.523023570953217, 4.771470656437344, 10.056796799791606]",0.536468505859375
DiagReachK3,180,KL,RR,raw,raw,development_DiagReachK3_s180_KL_RR,8,full_PPO,True,True,False,False,"[8.748740196228027, 9.155725479125977, 8.917974472045898]","[[8.748740196228027, 6.4647393226623535, 4.406030654907227, 9.899564743041992], [9.155725479125977, 7.113257884979248, 5.321056842803955, 11.434314727783203], [8.917974472045898, 5.495956897735596, 4.9606170654296875, 9.442449569702148]]","[[8.748740196228027, 6.4647393226623535, 4.406030654907227, 9.899564743041992], [9.057945251464844, 7.113257884979248, 5.321056842803955, 11.434314727783203], [8.917974472045898, 5.495956897735596, 4.9606170654296875, 9.442449569702148]]",raw,True,True,False,raw,0.5290301487052691,7.647351264953613,6.534372806549072,"[6.261307716369629, 4.642083168029785, 9.775193214416504]","[6.289591228691065, 5.3074576406778995, 10.472409250439828]",0.6023299694061279
DiagReachK3,180,KL,RR,raw,raw,development_DiagReachK3_s180_KL_RR,9,joint_KL,True,True,False,False,"[8.941014289855957, 9.252679824829102, 8.474470138549805]","[[8.941014289855957, 5.69757604598999, 5.05126428604126, 9.735713005065918], [9.252679824829102, 5.985673904418945, 5.4040846824646, 10.385133743286133], [8.474470138549805, 5.50147008895874, 4.477698802947998, 8.972415924072266]]","[[8.941014289855957, 5.69757604598999, 5.05126428604126, 9.735713005065918], [9.252679824829102, 5.985673904418945, 5.4040846824646, 10.385133743286133], [8.474470138549805, 5.50147008895874, 4.477698802947998, 8.972415924072266]]",raw,True,True,False,raw,0.5313037786744216,7.3367815017700195,6.778581142425537,"[5.239144325256348, 4.880472660064697, 8.905077934265137]","[5.186157105090088, 5.318395351835704, 9.306960909317912]",0.5358858108520508
DiagReachK3,180,KL,RR,raw,raw,development_DiagReachK3_s180_KL_RR,10,joint_KL,True,True,False,False,"[9.294282913208008, 9.305753707885742, 9.234960556030273]","[[9.294282913208008, 5.891290187835693, 5.369043827056885, 10.25806999206543], [9.305753707885742, 6.092105388641357, 6.015727519989014, 11.078263282775879], [9.234960556030273, 6.1372199058532715, 5.019466400146484, 10.150301933288574]]","[[9.294282913208008, 5.891290187835693, 5.369043827056885, 10.25806999206543], [9.305753707885742, 6.092105388641357, 6.015727519989014, 11.078263282775879], [9.234960556030273, 6.1372199058532715, 5.019466400146484, 10.150301933288574]]",raw,True,True,False,raw,0.7590257908820532,7.4392547607421875,7.004957675933838,"[5.093713283538818, 4.331870079040527, 8.270085334777832]","[5.5756997201041925, 5.2168910249685085, 9.720177365425094]",0.5647323131561279
DiagReachK3,180,KL,RR,raw,raw,development_DiagReachK3_s180_KL_RR,11,old,True,False,False,False,"[9.265443801879883, 9.255757331848145, 9.028435707092285]","[[9.265443801879883, 6.045285224914551, 6.030333518981934, 11.023528099060059], [9.255757331848145, 6.244164943695068, 5.689552307128906, 10.861836433410645], [9.028435707092285, 5.088072299957275, 5.389911651611328, 9.410337448120117]]","[[9.265443801879883, 6.045285224914551, 6.030333518981934, 11.023528099060059], [9.255757331848145, 6.244164943695068, 5.689552307128906, 10.861836433410645], [9.028435707092285, 5.088072299957275, 5.389911651611328, 9.410337448120117]]",raw,True,True,False,raw,0.5171606731979865,7.514357566833496,6.575441837310791,"[5.053285598754883, 5.085995674133301, 8.872159004211426]","[4.903743185066324, 4.747140712315481, 8.389941902697576]",0.5872600078582764
DiagReachK3,180,KL,RR,raw,raw,development_DiagReachK3_s180_KL_RR,12,full_PPO,True,True,False,False,"[9.283475875854492, 9.487003326416016, 9.288660049438477]","[[9.283475875854492, 6.257821083068848, 6.043738842010498, 11.248285293579102], [9.487003326416016, 6.685683727264404, 6.663922309875488, 12.275449752807617], [9.288660049438477, 5.926344871520996, 5.354740142822266, 10.25873851776123]]","[[9.283475875854492, 6.257821083068848, 6.043738842010498, 11.248285293579102], [9.34218978881836, 6.685683727264404, 6.663922309875488, 12.275449752807617], [9.288660049438477, 5.926344871520996, 5.354740142822266, 10.25873851776123]]",raw,True,True,False,raw,0.6583077666720595,7.217615604400635,5.882811546325684,"[5.241455078125, 4.6440324783325195, 8.625943183898926]","[5.374112865652751, 5.100802757130353, 9.173532398328838]",0.5557942390441895
DiagReachK3,180,KL,RR,raw,raw,development_DiagReachK3_s180_KL_RR,13,old,True,False,False,False,"[9.229155540466309, 9.392984390258789, 8.0375394821167]","[[9.229155540466309, 5.761147975921631, 5.275333404541016, 10.020700454711914], [9.392984390258789, 6.8486175537109375, 5.805972099304199, 11.635515213012695], [8.0375394821167, 4.54282283782959, 3.533411979675293, 7.153326511383057]]","[[9.229155540466309, 5.761147975921631, 5.275333404541016, 10.020700454711914], [9.391951560974121, 6.8486175537109375, 5.805972099304199, 11.635515213012695], [8.0375394821167, 4.54282283782959, 3.533411979675293, 7.153326511383057]]",raw,True,True,False,raw,0.79982088489746,7.7226104736328125,4.932280540466309,"[5.845147132873535, 5.290661811828613, 9.905525207519531]","[6.8775275738389565, 6.21164311615896, 11.878222995549752]",0.62032151222229
DiagReachK3,180,KL,RR,raw,raw,development_DiagReachK3_s180_KL_RR,14,old,True,False,False,False,"[9.248910903930664, 9.20136833190918, 8.8096284866333]","[[9.248910903930664, 5.763953685760498, 5.3294148445129395, 10.079384803771973], [9.20136833190918, 6.885934352874756, 5.171124458312988, 11.041940689086914], [8.8096284866333, 4.721006393432617, 5.588943958282471, 9.221513748168945]]","[[9.248910903930664, 5.763953685760498, 5.3294148445129395, 10.079384803771973], [9.198918342590332, 6.885934352874756, 5.171124458312988, 11.041940689086914], [8.8096284866333, 4.721006393432617, 5.588943958282471, 9.221513748168945]]",raw,True,True,False,raw,0.4429364818876057,7.1122260093688965,6.1917314529418945,"[5.074579238891602, 4.466568946838379, 8.381239891052246]","[6.787008003095517, 4.591808713028806, 10.24101390739099]",0.5735721588134766
DiagReachK3,180,KL,RR,raw,raw,development_DiagReachK3_s180_KL_RR,15,joint_KL,True,True,False,False,"[9.267032623291016, 9.418952941894531, 7.862043857574463]","[[9.267032623291016, 5.7851409912109375, 5.328480243682861, 10.10355281829834], [9.418952941894531, 6.204610347747803, 5.945481300354004, 11.093025207519531], [7.862043857574463, 4.347472190856934, 3.3198986053466797, 6.74906587600708]]","[[9.267032623291016, 5.7851409912109375, 5.328480243682861, 10.10355281829834], [9.418952941894531, 6.204610347747803, 5.945481300354004, 11.093025207519531], [7.862043857574463, 4.347472190856934, 3.3198986053466797, 6.74906587600708]]",raw,True,True,False,raw,0.5195388751588077,7.4477057456970215,6.124142646789551,"[5.031926155090332, 4.994154453277588, 8.829422950744629]","[5.15647061918517, 5.918000366652234, 9.872429940658623]",0.6001989841461182
DiagReachK3,180,KL,RR,raw,raw,development_DiagReachK3_s180_KL_RR,16,full_PPO,True,True,False,False,"[9.440126419067383, 9.623947143554688, 9.585942268371582]","[[9.440126419067383, 6.243093490600586, 6.036777019500732, 11.215091705322266], [9.623947143554688, 6.798902988433838, 6.4601521492004395, 12.158304214477539], [9.585942268371582, 6.3796067237854, 6.163938045501709, 11.455263137817383]]","[[9.440126419067383, 6.243093490600586, 6.036777019500732, 11.215091705322266], [9.611104965209961, 6.798902988433838, 6.4601521492004395, 12.158304214477539], [9.585942268371582, 6.3796067237854, 6.163938045501709, 11.455263137817383]]",raw,True,True,False,raw,0.7219170570236597,7.541463375091553,6.685286521911621,"[4.9544572830200195, 4.892127990722656, 8.650556564331055]","[6.02246685502345, 5.253013036795838, 10.093848930358998]",0.5720200538635254
DiagReachK3,180,KL,RR,raw,raw,development_DiagReachK3_s180_KL_RR,17,old,True,False,False,False,"[9.534339904785156, 9.773332595825195, 8.964468002319336]","[[9.534339904785156, 6.253046035766602, 6.063158988952637, 11.233539581298828], [9.773332595825195, 7.152261257171631, 6.5889787673950195, 12.636703491210938], [8.964468002319336, 5.416538715362549, 5.491633892059326, 9.826330184936523]]","[[9.534339904785156, 6.253046035766602, 6.063158988952637, 11.233539581298828], [9.541448593139648, 7.152261257171631, 6.5889787673950195, 12.636703491210938], [8.964468002319336, 5.416538715362549, 5.491633892059326, 9.826330184936523]]",raw,True,True,False,raw,0.7104331241038648,7.816119194030762,5.697141647338867,"[5.551453590393066, 5.480757236480713, 9.880620002746582]","[6.692227290229884, 6.336246512080384, 11.910886974296119]",0.5963973999023438
DiagReachK3,180,KL,RR,raw,raw,development_DiagReachK3_s180_KL_RR,18,old,True,False,False,False,"[9.580618858337402, 9.77002239227295, 8.784957885742188]","[[9.580618858337402, 6.310883522033691, 6.099485397338867, 11.332334518432617], [9.77002239227295, 6.907291889190674, 6.520315647125244, 12.310416221618652], [8.784957885742188, 5.7100982666015625, 4.1347856521606445, 8.844883918762207]]","[[9.580618858337402, 6.310883522033691, 6.099485397338867, 11.332334518432617], [9.74025821685791, 6.907291889190674, 6.520315647125244, 12.310416221618652], [8.784957885742188, 5.7100982666015625, 4.1347856521606445, 8.844883918762207]]",raw,True,True,False,raw,0.38087493301424963,8.259990692138672,7.035704135894775,"[6.503098964691162, 5.291008472442627, 10.64761734008789]","[6.999999924069405, 5.764766825379534, 11.61621340041448]",0.6082191467285156
DiagReachK3,180,KL,RR,raw,raw,development_DiagReachK3_s180_KL_RR,19,old,True,False,False,False,"[9.583023071289062, 9.71474838256836, 8.97962760925293]","[[9.583023071289062, 6.383164882659912, 6.064675807952881, 11.364343643188477], [9.71474838256836, 6.924897193908691, 6.473592281341553, 12.290334701538086], [8.97962760925293, 5.503057479858398, 5.082843780517578, 9.552144050598145]]","[[9.583023071289062, 6.383164882659912, 6.064675807952881, 11.364343643188477], [9.6843900680542, 6.924897193908691, 6.473592281341553, 12.290334701538086], [8.97962760925293, 5.503057479858398, 5.082843780517578, 9.552144050598145]]",raw,True,True,False,raw,0.5706811556248383,7.8907365798950195,6.9345831871032715,"[5.869480133056641, 5.032825469970703, 9.759065628051758]","[6.1264002500561805, 6.081617242228477, 11.057154796450677]",0.5605831146240234
DiagReachK3,180,KL,RR,raw,raw,development_DiagReachK3_s180_KL_RR,20,old,True,False,False,False,"[9.574849128723145, 9.690681457519531, 8.944792747497559]","[[9.574849128723145, 6.503067493438721, 6.133021354675293, 11.553031921386719], [9.690681457519531, 6.7107062339782715, 6.738208293914795, 12.320261001586914], [8.944792747497559, 6.1085524559021, 4.499798774719238, 9.599120140075684]]","[[9.574849128723145, 6.503067493438721, 6.133021354675293, 11.553031921386719], [9.430530548095703, 6.7107062339782715, 6.738208293914795, 12.320261001586914], [8.944792747497559, 6.1085524559021, 4.499798774719238, 9.599120140075684]]",raw,True,True,False,raw,0.424891494440147,8.067113876342773,7.20620059967041,"[5.5536675453186035, 5.3163652420043945, 9.757312774658203]","[5.7521305267113645, 6.356413514651825, 11.020178758901706]",0.560758113861084
DiagReachK3,180,KL,RR,raw,raw,development_DiagReachK3_s180_KL_RR,21,old,True,False,False,False,"[9.570777893066406, 9.764507293701172, 8.83512020111084]","[[9.570777893066406, 6.226479530334473, 6.079825401306152, 11.233274459838867], [9.764507293701172, 6.811313152313232, 6.431953430175781, 12.161434173583984], [8.83512020111084, 4.948526382446289, 5.34644889831543, 9.256092071533203]]","[[9.570777893066406, 6.226479530334473, 6.079825401306152, 11.233274459838867], [9.75976276397705, 6.811313152313232, 6.431953430175781, 12.161434173583984], [8.83512020111084, 4.948526382446289, 5.34644889831543, 9.256092071533203]]",raw,True,True,False,raw,0.5472241543011515,7.58847713470459,6.264468193054199,"[5.182528495788574, 4.938174247741699, 8.873651504516602]","[6.170892531458598, 5.451694297065606, 10.398861055931823]",0.6036105155944824
DiagReachK3,180,KL,RR,raw,raw,development_DiagReachK3_s180_KL_RR,22,joint_KL,True,True,False,False,"[9.572479248046875, 9.636775970458984, 8.914477348327637]","[[9.572479248046875, 6.441597938537598, 6.0146355628967285, 11.379425048828125], [9.636775970458984, 6.752305030822754, 6.036531925201416, 11.736955642700195], [8.914477348327637, 5.893411636352539, 4.526369094848633, 9.407825469970703]]","[[9.572479248046875, 6.441597938537598, 6.0146355628967285, 11.379425048828125], [9.636775970458984, 6.752305030822754, 6.036531925201416, 11.736955642700195], [8.914477348327637, 5.893411636352539, 4.526369094848633, 9.407825469970703]]",raw,True,True,False,raw,0.4803382811015887,7.6338300704956055,6.981607913970947,"[4.963039875030518, 5.162527561187744, 8.98301887512207]","[5.559903685513469, 5.372327054899658, 9.835324390603585]",0.5829296112060547
DiagReachK3,180,KL,RR,raw,raw,development_DiagReachK3_s180_KL_RR,23,old,True,False,False,False,"[9.633261680603027, 9.731685638427734, 8.699650764465332]","[[9.633261680603027, 6.639560699462891, 6.05339241027832, 11.635801315307617], [9.731685638427734, 6.969343662261963, 5.9807939529418945, 11.845514297485352], [8.699650764465332, 5.110311031341553, 4.761040687561035, 8.871352195739746]]","[[9.633261680603027, 6.639560699462891, 6.05339241027832, 11.635801315307617], [9.70084285736084, 6.969343662261963, 5.9807939529418945, 11.845514297485352], [8.699650764465332, 5.110311031341553, 4.761040687561035, 8.871352195739746]]",raw,True,True,False,raw,0.6858121060593119,8.13640308380127,4.939199924468994,"[6.365086555480957, 5.2560038566589355, 10.511844635009766]","[7.000000035027455, 6.187566078552191, 12.076555567124942]",0.5551314353942871
DiagReachK3,180,KL,RR,raw,raw,development_DiagReachK3_s180_KL_RR,24,old,True,False,False,False,"[9.649617195129395, 9.625572204589844, 8.368011474609375]","[[9.649617195129395, 6.631400108337402, 6.094254493713379, 11.673062324523926], [9.625572204589844, 6.801255702972412, 6.365460395812988, 12.080349922180176], [8.368011474609375, 4.462414741516113, 4.761453628540039, 8.228342056274414]]","[[9.649617195129395, 6.631400108337402, 6.094254493713379, 11.673062324523926], [9.625572204589844, 6.801255702972412, 6.365460395812988, 12.080349922180176], [8.368011474609375, 4.462414741516113, 4.761453628540039, 8.228342056274414]]",raw,True,True,False,raw,0.3950017848546161,8.047282218933105,6.690324306488037,"[6.078804969787598, 5.779017448425293, 10.728917121887207]","[6.478485594423962, 6.1328609821520095, 11.471683149222201]",0.6153321266174316
DiagReachK3,180,KL,RS,raw,shaped,development_DiagReachK3_s180_KL_RS,0,full_PPO,True,True,False,False,"[2.13088321685791, 4.476363182067871, 6.361283302307129]","[[2.13088321685791, 0.0, 0.24788831174373627, 0.0], [4.476363182067871, 0.32498982548713684, 1.5945405960083008, 1.1626662015914917], [6.361283302307129, 1.891119122505188, 2.628575086593628, 3.7228024005889893]]","[[2.13088321685791, 0.0, 0.24788831174373627, 0.0], [4.476363182067871, 0.32498982548713684, 1.5945405960083008, 1.1626662015914917], [6.361283302307129, 1.891119122505188, 2.628575086593628, 3.7228024005889893]]",shaped,True,True,False,raw,1.4342954371890948,3.9954922199249268,3.8101646900177,"[1.2264814376831055, 2.887852191925049, 2.8972878456115723]","[2.1117194511893276, 4.126407435499296, 4.871416528189928]",1.1125209331512451
DiagReachK3,180,KL,RS,raw,shaped,development_DiagReachK3_s180_KL_RS,1,full_PPO,True,True,False,False,"[6.427142143249512, 7.522181987762451, 8.397612571716309]","[[6.427142143249512, 2.024001359939575, 2.744678020477295, 3.947922468185425], [7.522181987762451, 3.7048237323760986, 3.158123016357422, 6.002786636352539], [8.397612571716309, 5.393280029296875, 3.991626262664795, 8.440935134887695]]","[[6.427142143249512, 2.024001359939575, 2.744678020477295, 3.947922468185425], [7.522181987762451, 3.7048237323760986, 3.158123016357422, 6.002786636352539], [8.397612571716309, 5.393280029296875, 3.991626262664795, 8.440935134887695]]",shaped,True,True,False,raw,1.0215305866578064,5.487532615661621,5.371879577636719,"[2.3469161987304688, 3.286191940307617, 4.3901166915893555]","[2.911970527819588, 3.7155361496750436, 5.366558120423964]",1.072155237197876
DiagReachK3,180,KL,RS,raw,shaped,development_DiagReachK3_s180_KL_RS,2,old,True,False,False,False,"[8.378080368041992, 8.74973201751709, 8.048110961914062]","[[8.378080368041992, 5.591276168823242, 3.972588539123535, 8.624336242675781], [8.767449378967285, 6.958113670349121, 4.958126544952393, 10.90576457977295], [8.733466148376465, 7.797431945800781, 4.534898281097412, 11.332329750061035]]","[[8.378080368041992, 5.591276168823242, 3.972588539123535, 8.624336242675781], [8.74973201751709, 6.958113670349121, 4.958126544952393, 10.90576457977295], [8.048110961914062, 7.797431945800781, 4.534898281097412, 11.332329750061035]]",shaped,True,True,False,raw,0.8769250145734008,6.766532897949219,6.1014251708984375,"[4.495903015136719, 3.8987574577331543, 7.250419616699219]","[5.203833506915499, 5.018549093494167, 9.026721356588821]",1.0430877208709717
DiagReachK3,180,KL,RS,raw,shaped,development_DiagReachK3_s180_KL_RS,3,joint_KL,True,True,False,False,"[8.448634147644043, 8.753068923950195, 8.395487785339355]","[[8.448634147644043, 5.524212837219238, 4.0056657791137695, 8.589775085449219], [8.753068923950195, 6.581697940826416, 4.435060501098633, 10.044172286987305], [8.395487785339355, 5.36385440826416, 3.7165675163269043, 8.162519454956055]]","[[8.448634147644043, 5.524212837219238, 4.0056657791137695, 8.589775085449219], [8.753068923950195, 6.581697940826416, 4.435060501098633, 10.044172286987305], [8.395487785339355, 5.36385440826416, 3.7165675163269043, 8.162519454956055]]",shaped,True,True,False,raw,0.7868834053889872,6.550810813903809,5.227682590484619,"[4.745136737823486, 3.2345309257507324, 6.614968299865723]","[5.955886554855949, 3.7436970284509457, 8.290908157578711]",1.0323352813720703
DiagReachK3,180,KL,RS,raw,shaped,development_DiagReachK3_s180_KL_RS,4,old,True,False,False,False,"[8.728771209716797, 8.479106903076172, 8.476011276245117]","[[8.728771209716797, 6.5861945152282715, 4.397995948791504, 9.999176025390625], [8.834221839904785, 7.468793869018555, 4.756361961364746, 11.215936660766602], [8.83427619934082, 7.454763889312744, 4.233393669128418, 10.688157081604004]]","[[8.728771209716797, 6.5861945152282715, 4.397995948791504, 9.999176025390625], [8.479106903076172, 7.468793869018555, 4.756361961364746, 11.215936660766602], [8.476011276245117, 7.454763889312744, 4.233393669128418, 10.688157081604004]]",shaped,True,True,False,raw,0.801430355268366,6.602287292480469,5.760878562927246,"[4.68589448928833, 4.120868682861328, 7.626399040222168]","[6.0250260335490236, 5.250816724028034, 10.00838081355955]",1.0789451599121094
DiagReachK3,180,KL,RS,raw,shaped,development_DiagReachK3_s180_KL_RS,5,old,True,False,False,False,"[8.76440143585205, 8.49434757232666, 7.6997761726379395]","[[8.76440143585205, 6.5142741203308105, 4.451976299285889, 10.007513999938965], [9.066511154174805, 7.686595916748047, 5.6506733894348145, 12.331846237182617], [8.912137031555176, 8.161165237426758, 4.64741325378418, 11.808578491210938]]","[[8.76440143585205, 6.5142741203308105, 4.451976299285889, 10.007513999938965], [8.49434757232666, 7.686595916748047, 5.6506733894348145, 12.331846237182617], [7.6997761726379395, 8.161165237426758, 4.64741325378418, 11.808578491210938]]",shaped,True,True,False,raw,0.931968629683071,6.677609443664551,5.782483100891113,"[5.256999969482422, 3.578277111053467, 7.537668704986572]","[6.328625493168594, 4.9108070238963055, 10.031241480565281]",0.9929709434509277
DiagReachK3,180,KL,RS,raw,shaped,development_DiagReachK3_s180_KL_RS,6,old,True,False,False,False,"[8.67711353302002, 8.356292724609375, 8.325264930725098]","[[8.67711353302002, 6.599221706390381, 4.313811302185059, 9.956993103027344], [8.827779769897461, 7.614090442657471, 4.512098789215088, 11.123700141906738], [8.325264930725098, 6.225245952606201, 3.392843008041382, 8.649859428405762]]","[[8.67711353302002, 6.599221706390381, 4.313811302185059, 9.956993103027344], [8.356292724609375, 7.614090442657471, 4.512098789215088, 11.123700141906738], [8.325264930725098, 6.225245952606201, 3.392843008041382, 8.649859428405762]]",shaped,True,True,False,raw,1.0291297724059776,6.741361141204834,5.065812110900879,"[5.291496276855469, 3.7927513122558594, 7.7000885009765625]","[6.682739080789489, 4.616754724598171, 10.112972644637253]",0.9617767333984375
DiagReachK3,180,KL,RS,raw,shaped,development_DiagReachK3_s180_KL_RS,7,old,True,False,False,False,"[8.743936538696289, 8.834095001220703, 8.699638366699219]","[[8.743936538696289, 6.655389785766602, 4.4410600662231445, 10.118556022644043], [8.916893005371094, 7.068327903747559, 4.973789691925049, 11.042116165161133], [8.699638366699219, 4.992064476013184, 4.325360298156738, 8.393213272094727]]","[[8.743936538696289, 6.655389785766602, 4.4410600662231445, 10.118556022644043], [8.834095001220703, 7.068327903747559, 4.973789691925049, 11.042116165161133], [8.699638366699219, 4.992064476013184, 4.325360298156738, 8.393213272094727]]",shaped,True,True,False,raw,0.5741216370796726,7.0765380859375,4.952242851257324,"[6.007386207580566, 4.381198883056641, 9.098187446594238]","[6.523023570953217, 4.771470656437344, 10.056796799791606]",0.9922454357147217
DiagReachK3,180,KL,RS,raw,shaped,development_DiagReachK3_s180_KL_RS,8,full_PPO,True,True,False,False,"[8.748740196228027, 9.057945251464844, 8.917974472045898]","[[8.748740196228027, 6.4647393226623535, 4.406030654907227, 9.899564743041992], [9.155725479125977, 7.113257884979248, 5.321056842803955, 11.434314727783203], [8.917974472045898, 5.495956897735596, 4.9606170654296875, 9.442449569702148]]","[[8.748740196228027, 6.4647393226623535, 4.406030654907227, 9.899564743041992], [9.057945251464844, 7.113257884979248, 5.321056842803955, 11.434314727783203], [8.917974472045898, 5.495956897735596, 4.9606170654296875, 9.442449569702148]]",shaped,True,True,False,raw,0.5290301487052691,7.647351264953613,6.534372806549072,"[6.261307716369629, 4.642083168029785, 9.775193214416504]","[6.289591228691065, 5.3074576406778995, 10.472409250439828]",1.0953552722930908
DiagReachK3,180,KL,RS,raw,shaped,development_DiagReachK3_s180_KL_RS,9,joint_KL,True,True,False,False,"[8.941014289855957, 9.252679824829102, 8.474470138549805]","[[8.941014289855957, 5.69757604598999, 5.05126428604126, 9.735713005065918], [9.252679824829102, 5.985673904418945, 5.4040846824646, 10.385133743286133], [8.474470138549805, 5.50147008895874, 4.477698802947998, 8.972415924072266]]","[[8.941014289855957, 5.69757604598999, 5.05126428604126, 9.735713005065918], [9.252679824829102, 5.985673904418945, 5.4040846824646, 10.385133743286133], [8.474470138549805, 5.50147008895874, 4.477698802947998, 8.972415924072266]]",shaped,True,True,False,raw,0.5313037786744216,7.3367815017700195,6.778581142425537,"[5.239144325256348, 4.880472660064697, 8.905077934265137]","[5.186157105090088, 5.318395351835704, 9.306960909317912]",0.9973695278167725
DiagReachK3,180,KL,RS,raw,shaped,development_DiagReachK3_s180_KL_RS,10,joint_KL,True,True,False,False,"[9.294282913208008, 9.305753707885742, 9.234960556030273]","[[9.294282913208008, 5.891290187835693, 5.369043827056885, 10.25806999206543], [9.305753707885742, 6.092105388641357, 6.015727519989014, 11.078263282775879], [9.234960556030273, 6.1372199058532715, 5.019466400146484, 10.150301933288574]]","[[9.294282913208008, 5.891290187835693, 5.369043827056885, 10.25806999206543], [9.305753707885742, 6.092105388641357, 6.015727519989014, 11.078263282775879], [9.234960556030273, 6.1372199058532715, 5.019466400146484, 10.150301933288574]]",shaped,True,True,False,raw,0.7590257908820532,7.4392547607421875,7.004957675933838,"[5.093713283538818, 4.331870079040527, 8.270085334777832]","[5.5756997201041925, 5.2168910249685085, 9.720177365425094]",1.0483152866363525
DiagReachK3,180,KL,RS,raw,shaped,development_DiagReachK3_s180_KL_RS,11,old,True,False,False,False,"[9.265443801879883, 9.255757331848145, 9.028435707092285]","[[9.265443801879883, 6.045285224914551, 6.030333518981934, 11.023528099060059], [9.255757331848145, 6.244164943695068, 5.689552307128906, 10.861836433410645], [9.028435707092285, 5.088072299957275, 5.389911651611328, 9.410337448120117]]","[[9.265443801879883, 6.045285224914551, 6.030333518981934, 11.023528099060059], [9.255757331848145, 6.244164943695068, 5.689552307128906, 10.861836433410645], [9.028435707092285, 5.088072299957275, 5.389911651611328, 9.410337448120117]]",shaped,True,True,False,raw,0.5171606731979865,7.514357566833496,6.575441837310791,"[5.053285598754883, 5.085995674133301, 8.872159004211426]","[4.903743185066324, 4.747140712315481, 8.389941902697576]",1.0467801094055176
DiagReachK3,180,KL,RS,raw,shaped,development_DiagReachK3_s180_KL_RS,12,full_PPO,True,True,False,False,"[9.283475875854492, 9.34218978881836, 9.288660049438477]","[[9.283475875854492, 6.257821083068848, 6.043738842010498, 11.248285293579102], [9.487003326416016, 6.685683727264404, 6.663922309875488, 12.275449752807617], [9.288660049438477, 5.926344871520996, 5.354740142822266, 10.25873851776123]]","[[9.283475875854492, 6.257821083068848, 6.043738842010498, 11.248285293579102], [9.34218978881836, 6.685683727264404, 6.663922309875488, 12.275449752807617], [9.288660049438477, 5.926344871520996, 5.354740142822266, 10.25873851776123]]",shaped,True,True,False,raw,0.6583077666720595,7.217615604400635,5.882811546325684,"[5.241455078125, 4.6440324783325195, 8.625943183898926]","[5.374112865652751, 5.100802757130353, 9.173532398328838]",1.0343163013458252
DiagReachK3,180,KL,RS,raw,shaped,development_DiagReachK3_s180_KL_RS,13,old,True,False,False,False,"[9.229155540466309, 9.391951560974121, 8.0375394821167]","[[9.229155540466309, 5.761147975921631, 5.275333404541016, 10.020700454711914], [9.392984390258789, 6.8486175537109375, 5.805972099304199, 11.635515213012695], [8.0375394821167, 4.54282283782959, 3.533411979675293, 7.153326511383057]]","[[9.229155540466309, 5.761147975921631, 5.275333404541016, 10.020700454711914], [9.391951560974121, 6.8486175537109375, 5.805972099304199, 11.635515213012695], [8.0375394821167, 4.54282283782959, 3.533411979675293, 7.153326511383057]]",shaped,True,True,False,raw,0.79982088489746,7.7226104736328125,4.932280540466309,"[5.845147132873535, 5.290661811828613, 9.905525207519531]","[6.8775275738389565, 6.21164311615896, 11.878222995549752]",1.0581684112548828
DiagReachK3,180,KL,RS,raw,shaped,development_DiagReachK3_s180_KL_RS,14,old,True,False,False,False,"[9.248910903930664, 9.198918342590332, 8.8096284866333]","[[9.248910903930664, 5.763953685760498, 5.3294148445129395, 10.079384803771973], [9.20136833190918, 6.885934352874756, 5.171124458312988, 11.041940689086914], [8.8096284866333, 4.721006393432617, 5.588943958282471, 9.221513748168945]]","[[9.248910903930664, 5.763953685760498, 5.3294148445129395, 10.079384803771973], [9.198918342590332, 6.885934352874756, 5.171124458312988, 11.041940689086914], [8.8096284866333, 4.721006393432617, 5.588943958282471, 9.221513748168945]]",shaped,True,True,False,raw,0.4429364818876057,7.1122260093688965,6.1917314529418945,"[5.074579238891602, 4.466568946838379, 8.381239891052246]","[6.787008003095517, 4.591808713028806, 10.24101390739099]",1.063385009765625
DiagReachK3,180,KL,RS,raw,shaped,development_DiagReachK3_s180_KL_RS,15,joint_KL,True,True,False,False,"[9.267032623291016, 9.418952941894531, 7.862043857574463]","[[9.267032623291016, 5.7851409912109375, 5.328480243682861, 10.10355281829834], [9.418952941894531, 6.204610347747803, 5.945481300354004, 11.093025207519531], [7.862043857574463, 4.347472190856934, 3.3198986053466797, 6.74906587600708]]","[[9.267032623291016, 5.7851409912109375, 5.328480243682861, 10.10355281829834], [9.418952941894531, 6.204610347747803, 5.945481300354004, 11.093025207519531], [7.862043857574463, 4.347472190856934, 3.3198986053466797, 6.74906587600708]]",shaped,True,True,False,raw,0.5195388751588077,7.4477057456970215,6.124142646789551,"[5.031926155090332, 4.994154453277588, 8.829422950744629]","[5.15647061918517, 5.918000366652234, 9.872429940658623]",1.067284345626831
DiagReachK3,180,KL,RS,raw,shaped,development_DiagReachK3_s180_KL_RS,16,full_PPO,True,True,False,False,"[9.440126419067383, 9.611104965209961, 9.585942268371582]","[[9.440126419067383, 6.243093490600586, 6.036777019500732, 11.215091705322266], [9.623947143554688, 6.798902988433838, 6.4601521492004395, 12.158304214477539], [9.585942268371582, 6.3796067237854, 6.163938045501709, 11.455263137817383]]","[[9.440126419067383, 6.243093490600586, 6.036777019500732, 11.215091705322266], [9.611104965209961, 6.798902988433838, 6.4601521492004395, 12.158304214477539], [9.585942268371582, 6.3796067237854, 6.163938045501709, 11.455263137817383]]",shaped,True,True,False,raw,0.7219170570236597,7.541463375091553,6.685286521911621,"[4.9544572830200195, 4.892127990722656, 8.650556564331055]","[6.02246685502345, 5.253013036795838, 10.093848930358998]",1.033003330230713
DiagReachK3,180,KL,RS,raw,shaped,development_DiagReachK3_s180_KL_RS,17,old,True,False,False,False,"[9.534339904785156, 9.541448593139648, 8.964468002319336]","[[9.534339904785156, 6.253046035766602, 6.063158988952637, 11.233539581298828], [9.773332595825195, 7.152261257171631, 6.5889787673950195, 12.636703491210938], [8.964468002319336, 5.416538715362549, 5.491633892059326, 9.826330184936523]]","[[9.534339904785156, 6.253046035766602, 6.063158988952637, 11.233539581298828], [9.541448593139648, 7.152261257171631, 6.5889787673950195, 12.636703491210938], [8.964468002319336, 5.416538715362549, 5.491633892059326, 9.826330184936523]]",shaped,True,True,False,raw,0.7104331241038648,7.816119194030762,5.697141647338867,"[5.551453590393066, 5.480757236480713, 9.880620002746582]","[6.692227290229884, 6.336246512080384, 11.910886974296119]",1.0793383121490479
DiagReachK3,180,KL,RS,raw,shaped,development_DiagReachK3_s180_KL_RS,18,old,True,False,False,False,"[9.580618858337402, 9.74025821685791, 8.784957885742188]","[[9.580618858337402, 6.310883522033691, 6.099485397338867, 11.332334518432617], [9.77002239227295, 6.907291889190674, 6.520315647125244, 12.310416221618652], [8.784957885742188, 5.7100982666015625, 4.1347856521606445, 8.844883918762207]]","[[9.580618858337402, 6.310883522033691, 6.099485397338867, 11.332334518432617], [9.74025821685791, 6.907291889190674, 6.520315647125244, 12.310416221618652], [8.784957885742188, 5.7100982666015625, 4.1347856521606445, 8.844883918762207]]",shaped,True,True,False,raw,0.38087493301424963,8.259990692138672,7.035704135894775,"[6.503098964691162, 5.291008472442627, 10.64761734008789]","[6.999999924069405, 5.764766825379534, 11.61621340041448]",1.1233704090118408
DiagReachK3,180,KL,RS,raw,shaped,development_DiagReachK3_s180_KL_RS,19,old,True,False,False,False,"[9.583023071289062, 9.6843900680542, 8.97962760925293]","[[9.583023071289062, 6.383164882659912, 6.064675807952881, 11.364343643188477], [9.71474838256836, 6.924897193908691, 6.473592281341553, 12.290334701538086], [8.97962760925293, 5.503057479858398, 5.082843780517578, 9.552144050598145]]","[[9.583023071289062, 6.383164882659912, 6.064675807952881, 11.364343643188477], [9.6843900680542, 6.924897193908691, 6.473592281341553, 12.290334701538086], [8.97962760925293, 5.503057479858398, 5.082843780517578, 9.552144050598145]]",shaped,True,True,False,raw,0.5706811556248383,7.8907365798950195,6.9345831871032715,"[5.869480133056641, 5.032825469970703, 9.759065628051758]","[6.1264002500561805, 6.081617242228477, 11.057154796450677]",1.0230014324188232
DiagReachK3,180,KL,RS,raw,shaped,development_DiagReachK3_s180_KL_RS,20,old,True,False,False,False,"[9.574849128723145, 9.430530548095703, 8.944792747497559]","[[9.574849128723145, 6.503067493438721, 6.133021354675293, 11.553031921386719], [9.690681457519531, 6.7107062339782715, 6.738208293914795, 12.320261001586914], [8.944792747497559, 6.1085524559021, 4.499798774719238, 9.599120140075684]]","[[9.574849128723145, 6.503067493438721, 6.133021354675293, 11.553031921386719], [9.430530548095703, 6.7107062339782715, 6.738208293914795, 12.320261001586914], [8.944792747497559, 6.1085524559021, 4.499798774719238, 9.599120140075684]]",shaped,True,True,False,raw,0.424891494440147,8.067113876342773,7.20620059967041,"[5.5536675453186035, 5.3163652420043945, 9.757312774658203]","[5.7521305267113645, 6.356413514651825, 11.020178758901706]",1.0406129360198975
DiagReachK3,180,KL,RS,raw,shaped,development_DiagReachK3_s180_KL_RS,21,old,True,False,False,False,"[9.570777893066406, 9.75976276397705, 8.83512020111084]","[[9.570777893066406, 6.226479530334473, 6.079825401306152, 11.233274459838867], [9.764507293701172, 6.811313152313232, 6.431953430175781, 12.161434173583984], [8.83512020111084, 4.948526382446289, 5.34644889831543, 9.256092071533203]]","[[9.570777893066406, 6.226479530334473, 6.079825401306152, 11.233274459838867], [9.75976276397705, 6.811313152313232, 6.431953430175781, 12.161434173583984], [8.83512020111084, 4.948526382446289, 5.34644889831543, 9.256092071533203]]",shaped,True,True,False,raw,0.5472241543011515,7.58847713470459,6.264468193054199,"[5.182528495788574, 4.938174247741699, 8.873651504516602]","[6.170892531458598, 5.451694297065606, 10.398861055931823]",1.1202168464660645
DiagReachK3,180,KL,RS,raw,shaped,development_DiagReachK3_s180_KL_RS,22,joint_KL,True,True,False,False,"[9.572479248046875, 9.636775970458984, 8.914477348327637]","[[9.572479248046875, 6.441597938537598, 6.0146355628967285, 11.379425048828125], [9.636775970458984, 6.752305030822754, 6.036531925201416, 11.736955642700195], [8.914477348327637, 5.893411636352539, 4.526369094848633, 9.407825469970703]]","[[9.572479248046875, 6.441597938537598, 6.0146355628967285, 11.379425048828125], [9.636775970458984, 6.752305030822754, 6.036531925201416, 11.736955642700195], [8.914477348327637, 5.893411636352539, 4.526369094848633, 9.407825469970703]]",shaped,True,True,False,raw,0.4803382811015887,7.6338300704956055,6.981607913970947,"[4.963039875030518, 5.162527561187744, 8.98301887512207]","[5.559903685513469, 5.372327054899658, 9.835324390603585]",1.0779669284820557
DiagReachK3,180,KL,RS,raw,shaped,development_DiagReachK3_s180_KL_RS,23,old,True,False,False,False,"[9.633261680603027, 9.70084285736084, 8.699650764465332]","[[9.633261680603027, 6.639560699462891, 6.05339241027832, 11.635801315307617], [9.731685638427734, 6.969343662261963, 5.9807939529418945, 11.845514297485352], [8.699650764465332, 5.110311031341553, 4.761040687561035, 8.871352195739746]]","[[9.633261680603027, 6.639560699462891, 6.05339241027832, 11.635801315307617], [9.70084285736084, 6.969343662261963, 5.9807939529418945, 11.845514297485352], [8.699650764465332, 5.110311031341553, 4.761040687561035, 8.871352195739746]]",shaped,True,True,False,raw,0.6858121060593119,8.13640308380127,4.939199924468994,"[6.365086555480957, 5.2560038566589355, 10.511844635009766]","[7.000000035027455, 6.187566078552191, 12.076555567124942]",1.0335242748260498
DiagReachK3,180,KL,RS,raw,shaped,development_DiagReachK3_s180_KL_RS,24,old,True,False,False,False,"[9.649617195129395, 9.625572204589844, 8.368011474609375]","[[9.649617195129395, 6.631400108337402, 6.094254493713379, 11.673062324523926], [9.625572204589844, 6.801255702972412, 6.365460395812988, 12.080349922180176], [8.368011474609375, 4.462414741516113, 4.761453628540039, 8.228342056274414]]","[[9.649617195129395, 6.631400108337402, 6.094254493713379, 11.673062324523926], [9.625572204589844, 6.801255702972412, 6.365460395812988, 12.080349922180176], [8.368011474609375, 4.462414741516113, 4.761453628540039, 8.228342056274414]]",shaped,True,True,False,raw,0.3950017848546161,8.047282218933105,6.690324306488037,"[6.078804969787598, 5.779017448425293, 10.728917121887207]","[6.478485594423962, 6.1328609821520095, 11.471683149222201]",1.1238603591918945
DiagReachK3,180,KL,SR,shaped,raw,development_DiagReachK3_s180_KL_SR,0,full_PPO,True,True,False,False,"[2.13088321685791, 4.594738483428955, 6.361283302307129]","[[2.13088321685791, 0.0, 0.24788831174373627, 0.0], [4.594738483428955, 0.4191606640815735, 1.5962011814117432, 1.293055534362793], [6.361283302307129, 1.891119122505188, 2.628575086593628, 3.7228024005889893]]","[[2.13088321685791, 0.0, 0.24788831174373627, 0.0], [4.594738483428955, 0.4191606640815735, 1.5962011814117432, 1.293055534362793], [6.361283302307129, 1.891119122505188, 2.628575086593628, 3.7228024005889893]]",raw,True,True,False,shaped,1.2325916201905793,3.8101646900177,3.8101646900177,"[1.2264814376831055, 2.887852191925049, 2.8972878456115723]","[2.0206400385375263, 3.988941330495529, 4.667801128898386]",1.049239158630371
DiagReachK3,180,KL,SR,shaped,raw,development_DiagReachK3_s180_KL_SR,1,full_PPO,True,True,False,False,"[6.427142143249512, 7.512568950653076, 8.397612571716309]","[[6.427142143249512, 2.024001359939575, 2.744678020477295, 3.947922468185425], [7.512568950653076, 3.6394340991973877, 3.1909496784210205, 5.9714531898498535], [8.397612571716309, 5.393280029296875, 3.991626262664795, 8.440935134887695]]","[[6.427142143249512, 2.024001359939575, 2.744678020477295, 3.947922468185425], [7.512568950653076, 3.6394340991973877, 3.1909496784210205, 5.9714531898498535], [8.397612571716309, 5.393280029296875, 3.991626262664795, 8.440935134887695]]",raw,True,True,False,shaped,0.9704565610634021,5.371879577636719,5.371879577636719,"[2.3469161987304688, 3.286191940307617, 4.3901166915893555]","[2.9223496164099383, 3.730958659240857, 5.405022458663062]",0.6645383834838867
DiagReachK3,180,KL,SR,shaped,raw,development_DiagReachK3_s180_KL_SR,2,joint_KL,True,True,False,False,"[8.378080368041992, 8.45830249786377, 8.733466148376465]","[[8.378080368041992, 5.591276168823242, 3.972588539123535, 8.624336242675781], [8.45830249786377, 6.415307998657227, 3.940223217010498, 9.360298156738281], [8.733466148376465, 7.797431945800781, 4.534898281097412, 11.332329750061035]]","[[8.378080368041992, 5.591276168823242, 3.972588539123535, 8.624336242675781], [8.45830249786377, 6.415307998657227, 3.940223217010498, 9.360298156738281], [8.048110961914062, 7.797431945800781, 4.534898281097412, 11.332329750061035]]",raw,True,True,False,shaped,0.7030631271647868,6.1014251708984375,6.1014251708984375,"[4.495903015136719, 3.8987574577331543, 7.250419616699219]","[5.264424169477116, 3.268360334253117, 7.334907313492534]",0.738135814666748
DiagReachK3,180,KL,SR,shaped,raw,development_DiagReachK3_s180_KL_SR,3,old,True,False,False,False,"[8.524170875549316, 8.155881881713867, 7.968233585357666]","[[8.524170875549316, 6.362683296203613, 3.996649742126465, 9.373479843139648], [8.155881881713867, 6.205397605895996, 3.1888210773468018, 8.456859588623047], [7.968233585357666, 4.175134181976318, 3.663580894470215, 6.912384033203125]]","[[8.524170875549316, 6.362683296203613, 3.996649742126465, 9.373479843139648], [8.155881881713867, 6.205397605895996, 3.1888210773468018, 8.456859588623047], [7.968233585357666, 4.175134181976318, 3.663580894470215, 6.912384033203125]]",raw,True,True,False,shaped,1.785137041859901,5.25784969329834,5.25784969329834,"[5.227999687194824, 3.3138794898986816, 7.192396640777588]","[4.56055484292679, 2.3953633214235435, 5.571470819224684]",0.6739797592163086
DiagReachK3,180,KL,SR,shaped,raw,development_DiagReachK3_s180_KL_SR,4,old,True,False,False,False,"[8.469888687133789, 8.458112716674805, 8.713764190673828]","[[8.469888687133789, 6.3125505447387695, 3.9219300746917725, 9.239738464355469], [8.458112716674805, 6.571316242218018, 3.9522509574890137, 9.520225524902344], [8.713764190673828, 7.374578475952148, 4.432578086853027, 10.797977447509766]]","[[8.469888687133789, 6.3125505447387695, 3.9219300746917725, 9.239738464355469], [8.458112716674805, 6.571316242218018, 3.9522509574890137, 9.520225524902344], [8.446208953857422, 7.374578475952148, 4.432578086853027, 10.797977447509766]]",raw,True,True,False,shaped,1.0952617955068331,5.912262916564941,5.912262916564941,"[4.580039024353027, 3.8994011878967285, 7.287905693054199]","[4.040385620799541, 3.524666319180918, 6.333308962973972]",0.69472336769104
DiagReachK3,180,KL,SR,shaped,raw,development_DiagReachK3_s180_KL_SR,5,full_PPO,True,True,False,False,"[8.536279678344727, 8.225130081176758, 8.996613502502441]","[[8.536279678344727, 6.279853343963623, 4.015648365020752, 9.319297790527344], [8.225130081176758, 6.488833904266357, 3.4592854976654053, 8.985687255859375], [8.996613502502441, 6.574124336242676, 4.586142063140869, 10.160266876220703]]","[[8.536279678344727, 6.279853343963623, 4.015648365020752, 9.319297790527344], [8.225130081176758, 6.488833904266357, 3.4592854976654053, 8.985687255859375], [8.996613502502441, 6.574124336242676, 4.586142063140869, 10.160266876220703]]",raw,True,True,False,shaped,0.7021755701395465,5.880319118499756,5.880319118499756,"[4.919203281402588, 4.092785358428955, 7.8422064781188965]","[5.247578650072298, 3.8224007286717865, 7.7752486788637265]",0.675213098526001
DiagReachK3,180,KL,SR,shaped,raw,development_DiagReachK3_s180_KL_SR,6,joint_KL,False,False,False,False,"[8.910416603088379, 8.914629936218262, 8.788247108459473]","[[8.910416603088379, 6.669121742248535, 4.465210914611816, 10.134332656860352], [8.914629936218262, 6.511944770812988, 4.939773082733154, 10.454084396362305], [8.788247108459473, 4.815671920776367, 4.7970757484436035, 8.604079246520996]]","[[8.910416603088379, 6.669121742248535, 4.465210914611816, 10.134332656860352], [8.914629936218262, 6.511944770812988, 4.939773082733154, 10.454084396362305], [8.788247108459473, 4.815671920776367, 4.7970757484436035, 8.604079246520996]]",raw,True,True,False,shaped,2.5081843062812577,5.195767402648926,5.195767402648926,"[6.58254861831665, 5.216516494750977, 10.60629940032959]","[5.930111037899702, 5.5371458124376645, 10.292936862824554]",0.7384161949157715
DiagReachK3,180,KL,SR,shaped,raw,development_DiagReachK3_s180_KL_SR,7,old,True,False,False,False,"[8.9663667678833, 8.662031173706055, 8.722935676574707]","[[8.9663667678833, 6.680778980255127, 4.557405471801758, 10.238184928894043], [8.662031173706055, 6.319442272186279, 3.774334192276001, 9.093775749206543], [8.722935676574707, 5.878401756286621, 4.098161220550537, 8.9765625]]","[[8.9663667678833, 6.680778980255127, 4.557405471801758, 10.238184928894043], [8.662031173706055, 6.319442272186279, 3.774334192276001, 9.093775749206543], [8.722935676574707, 5.878401756286621, 4.098161220550537, 8.9765625]]",raw,True,True,False,shaped,0.9648891755820891,6.42971658706665,6.42971658706665,"[5.334358215332031, 4.470515251159668, 8.581258773803711]","[5.137270584288759, 3.8866100153655765, 7.82859612086931]",0.667078971862793
DiagReachK3,180,KL,SR,shaped,raw,development_DiagReachK3_s180_KL_SR,8,old,True,False,False,False,"[8.973669052124023, 8.8929443359375, 8.582348823547363]","[[8.973669052124023, 6.519450664520264, 4.534945487976074, 10.05439567565918], [8.8929443359375, 5.485721588134766, 4.4941792488098145, 8.984107971191406], [8.582348823547363, 4.599016189575195, 4.79124641418457, 8.398176193237305]]","[[8.973669052124023, 6.519450664520264, 4.534945487976074, 10.05439567565918], [8.8929443359375, 5.485721588134766, 4.4941792488098145, 8.984107971191406], [8.582348823547363, 4.599016189575195, 4.79124641418457, 8.398176193237305]]",raw,True,True,False,shaped,1.3877190305008702,6.053915977478027,6.053915977478027,"[5.2219367027282715, 4.24178409576416, 8.187278747558594]","[3.79924574661083, 4.325402271596473, 6.838682637383219]",0.6880674362182617
DiagReachK3,180,KL,SR,shaped,raw,development_DiagReachK3_s180_KL_SR,9,old,True,False,False,False,"[8.954672813415527, 8.653633117675781, 8.315225601196289]","[[8.954672813415527, 6.662210941314697, 4.607959747314453, 10.270170211791992], [8.653633117675781, 5.900310516357422, 4.14006233215332, 9.040372848510742], [8.315225601196289, 5.098364353179932, 3.7534821033477783, 7.882625579833984]]","[[8.954672813415527, 6.662210941314697, 4.607959747314453, 10.270170211791992], [8.653633117675781, 5.900310516357422, 4.14006233215332, 9.040372848510742], [8.315225601196289, 5.098364353179932, 3.7534821033477783, 7.882625579833984]]",raw,True,True,False,shaped,2.3024323422994333,4.114884376525879,4.114884376525879,"[5.8322954177856445, 4.343392372131348, 8.851348876953125]","[4.693541257248164, 3.624711705017595, 6.9434307703168665]",0.759232759475708
DiagReachK3,180,KL,SR,shaped,raw,development_DiagReachK3_s180_KL_SR,10,joint_KL,True,True,False,False,"[9.028446197509766, 9.065568923950195, 8.688920974731445]","[[9.028446197509766, 6.625796318054199, 4.585402488708496, 10.211198806762695], [9.065568923950195, 6.064745903015137, 4.830580234527588, 9.918159484863281], [8.688920974731445, 4.784114837646484, 4.70493745803833, 8.486003875732422]]","[[9.028446197509766, 6.625796318054199, 4.585402488708496, 10.211198806762695], [9.065568923950195, 6.064745903015137, 4.830580234527588, 9.918159484863281], [8.688920974731445, 4.784114837646484, 4.70493745803833, 8.486003875732422]]",raw,True,True,False,shaped,0.9279447709221369,5.915161609649658,5.915161609649658,"[6.024222373962402, 4.103707790374756, 8.961148262023926]","[5.163358536995843, 4.4624896409631605, 8.516442877887595]",0.7339017391204834
DiagReachK3,180,KL,SR,shaped,raw,development_DiagReachK3_s180_KL_SR,11,old,True,False,False,False,"[9.010387420654297, 8.851241111755371, 8.967020034790039]","[[9.010387420654297, 6.039783477783203, 4.810053825378418, 9.875757217407227], [8.851241111755371, 5.959161758422852, 4.128872394561768, 9.126354217529297], [8.967020034790039, 5.075145721435547, 6.052873611450195, 10.116201400756836]]","[[9.010387420654297, 6.039783477783203, 4.810053825378418, 9.875757217407227], [8.851241111755371, 5.959161758422852, 4.128872394561768, 9.126354217529297], [8.967020034790039, 5.075145721435547, 6.052873611450195, 10.116201400756836]]",raw,True,True,False,shaped,0.5906763358220546,6.666528224945068,6.666528224945068,"[5.009243965148926, 3.995770215988159, 7.738077640533447]","[5.086403738653816, 3.6022110859039596, 7.45539297557727]",0.660653829574585
DiagReachK3,180,KL,SR,shaped,raw,development_DiagReachK3_s180_KL_SR,12,old,True,False,False,False,"[9.04885482788086, 8.9721040725708, 8.841814041137695]","[[9.04885482788086, 6.202870845794678, 4.850846290588379, 10.065877914428711], [8.9721040725708, 5.407656669616699, 5.3418684005737305, 9.74952507019043], [8.841814041137695, 5.241790771484375, 5.270379543304443, 9.54513931274414]]","[[9.04885482788086, 6.202870845794678, 4.850846290588379, 10.065877914428711], [8.9721040725708, 5.407656669616699, 5.3418684005737305, 9.74952507019043], [8.841814041137695, 5.241790771484375, 5.270379543304443, 9.54513931274414]]",raw,True,True,False,shaped,1.6554002147029663,5.805205821990967,5.805205821990967,"[5.232324123382568, 3.5183701515197754, 7.525296211242676]","[3.8796669687201217, 4.021459473785077, 6.621014127768438]",0.6774802207946777
DiagReachK3,180,KL,SR,shaped,raw,development_DiagReachK3_s180_KL_SR,13,old,True,False,False,False,"[8.987491607666016, 8.793623924255371, 8.050045013427734]","[[8.987491607666016, 6.069277763366699, 4.7644500732421875, 9.870473861694336], [8.793623924255371, 5.749149799346924, 3.9891817569732666, 8.801153182983398], [8.050045013427734, 4.4818315505981445, 3.271885633468628, 6.8533172607421875]]","[[8.987491607666016, 6.069277763366699, 4.7644500732421875, 9.870473861694336], [8.793623924255371, 5.749149799346924, 3.9891817569732666, 8.801153182983398], [8.050045013427734, 4.4818315505981445, 3.271885633468628, 6.8533172607421875]]",raw,True,True,False,shaped,2.5596209203877427,4.788825988769531,4.788825988769531,"[5.782277584075928, 5.0025858879089355, 9.558625221252441]","[5.061444499201998, 3.9476096148849065, 7.765381443457831]",1.1396963596343994
DiagReachK3,180,KL,SR,shaped,raw,development_DiagReachK3_s180_KL_SR,14,joint_KL,True,True,False,False,"[9.028100967407227, 9.240510940551758, 9.1958589553833]","[[9.028100967407227, 6.056901931762695, 4.797480583190918, 9.862112045288086], [9.240510940551758, 6.27731466293335, 5.501611709594727, 10.778925895690918], [9.1958589553833, 5.734814643859863, 6.082243919372559, 10.773262023925781]]","[[9.028100967407227, 6.056901931762695, 4.797480583190918, 9.862112045288086], [9.240510940551758, 6.27731466293335, 5.501611709594727, 10.778925895690918], [9.1958589553833, 5.734814643859863, 6.082243919372559, 10.773262023925781]]",raw,True,True,False,shaped,1.5458793812360367,6.397669792175293,6.397669792175293,"[4.5857768058776855, 4.379077911376953, 7.860224723815918]","[4.879334058818589, 4.44008254357866, 8.286768374281124]",1.12699556350708
DiagReachK3,180,KL,SR,shaped,raw,development_DiagReachK3_s180_KL_SR,15,joint_KL,True,True,False,False,"[9.235329627990723, 9.335197448730469, 8.706770896911621]","[[9.235329627990723, 6.310151100158691, 5.520310401916504, 10.830461502075195], [9.335197448730469, 6.334597110748291, 5.621006011962891, 10.955602645874023], [8.706770896911621, 4.752630233764648, 5.442744255065918, 9.192414283752441]]","[[9.235329627990723, 6.310151100158691, 5.520310401916504, 10.830461502075195], [9.335197448730469, 6.334597110748291, 5.621006011962891, 10.955602645874023], [8.706770896911621, 4.752630233764648, 5.442744255065918, 9.192414283752441]]",raw,True,True,False,shaped,1.3425188022483865,6.8716139793396,6.8716139793396,"[5.697246551513672, 4.63608980178833, 9.196253776550293]","[5.744801439229172, 5.111824602453311, 9.689154716054302]",0.8353633880615234
DiagReachK3,180,KL,SR,shaped,raw,development_DiagReachK3_s180_KL_SR,16,old,True,False,False,False,"[9.33108901977539, 9.15869426727295, 8.606475830078125]","[[9.33108901977539, 6.350098609924316, 5.706404209136963, 11.056173324584961], [9.15869426727295, 5.937957763671875, 5.25998592376709, 10.197942733764648], [8.606475830078125, 5.267816543579102, 4.303463459014893, 8.578128814697266]]","[[9.33108901977539, 6.350098609924316, 5.706404209136963, 11.056173324584961], [9.15869426727295, 5.937957763671875, 5.25998592376709, 10.197942733764648], [8.606475830078125, 5.267816543579102, 4.303463459014893, 8.578128814697266]]",raw,True,True,False,shaped,2.1256995019616847,5.772853851318359,5.772853851318359,"[6.2865891456604, 5.00939416885376, 10.094724655151367]","[5.495161559181104, 4.641642240152949, 8.95943937372143]",1.087724208831787
DiagReachK3,180,KL,SR,shaped,raw,development_DiagReachK3_s180_KL_SR,17,old,True,False,False,False,"[9.280675888061523, 9.232961654663086, 8.61695671081543]","[[9.280675888061523, 6.254078388214111, 5.5910844802856445, 10.845163345336914], [9.232961654663086, 6.368714332580566, 5.625265598297119, 10.993979454040527], [8.61695671081543, 5.14763069152832, 4.306708335876465, 8.475375175476074]]","[[9.280675888061523, 6.254078388214111, 5.5910844802856445, 10.845163345336914], [9.232961654663086, 6.368714332580566, 5.625265598297119, 10.993979454040527], [8.61695671081543, 5.14763069152832, 4.306708335876465, 8.475375175476074]]",raw,True,True,False,shaped,4.926680960796724,5.438817501068115,5.438817501068115,"[5.948705673217773, 5.160447597503662, 9.950014114379883]","[5.753711075395763, 4.564324327096338, 9.165097154498373]",0.7705721855163574
DiagReachK3,180,KL,SR,shaped,raw,development_DiagReachK3_s180_KL_SR,18,old,True,False,False,False,"[9.3365478515625, 9.271757125854492, 8.51080322265625]","[[9.3365478515625, 6.313703536987305, 5.632935523986816, 10.946639060974121], [9.271757125854492, 5.955482482910156, 5.041563987731934, 9.997045516967773], [8.51080322265625, 4.921852111816406, 4.110597610473633, 8.102645874023438]]","[[9.3365478515625, 6.313703536987305, 5.632935523986816, 10.946639060974121], [9.271757125854492, 5.955482482910156, 5.041563987731934, 9.997045516967773], [8.51080322265625, 4.921852111816406, 4.110597610473633, 8.102645874023438]]",raw,True,True,False,shaped,2.2253830412445854,5.324345588684082,5.324345588684082,"[6.008483409881592, 5.322232723236084, 10.227455139160156]","[5.044276229286927, 4.45115016157517, 8.359600032070372]",0.7061042785644531
DiagReachK3,180,KL,SR,shaped,raw,development_DiagReachK3_s180_KL_SR,19,full_PPO,True,True,False,False,"[9.338065147399902, 9.2269287109375, 9.401834487915039]","[[9.338065147399902, 6.337109088897705, 5.6134562492370605, 10.950565338134766], [9.2269287109375, 5.872695446014404, 5.603876113891602, 10.476572036743164], [9.401834487915039, 5.9175615310668945, 5.936400413513184, 10.830886840820312]]","[[9.338065147399902, 6.337109088897705, 5.6134562492370605, 10.950565338134766], [9.2269287109375, 5.872695446014404, 5.603876113891602, 10.476572036743164], [9.401834487915039, 5.9175615310668945, 5.936400413513184, 10.830886840820312]]",raw,True,True,False,shaped,1.073199102328194,6.9724860191345215,6.9724860191345215,"[6.190103530883789, 4.420432090759277, 9.465423583984375]","[5.802491236539282, 4.430563388271913, 9.102701538870347]",1.0207457542419434
DiagReachK3,180,KL,SR,shaped,raw,development_DiagReachK3_s180_KL_SR,20,old,True,False,False,False,"[9.424277305603027, 9.22060775756836, 8.654455184936523]","[[9.424277305603027, 5.998796463012695, 6.029102802276611, 11.00121784210205], [9.22060775756836, 5.925905227661133, 5.3104400634765625, 10.236345291137695], [8.654455184936523, 5.474701404571533, 4.220355033874512, 8.695056915283203]]","[[9.424277305603027, 5.998796463012695, 6.029102802276611, 11.00121784210205], [9.22060775756836, 5.925905227661133, 5.3104400634765625, 10.236345291137695], [8.654455184936523, 5.474701404571533, 4.220355033874512, 8.695056915283203]]",raw,True,True,False,shaped,2.7272812269475835,5.8802103996276855,5.8802103996276855,"[5.151220798492432, 4.659392833709717, 8.68266487121582]","[4.878642781354665, 3.62729410512959, 7.405386844087336]",0.94281005859375
DiagReachK3,180,KL,SR,shaped,raw,development_DiagReachK3_s180_KL_SR,21,full_PPO,True,True,False,False,"[9.400907516479492, 9.517112731933594, 9.632189750671387]","[[9.400907516479492, 5.852884292602539, 5.9233078956604, 10.762080192565918], [9.517112731933594, 6.180610656738281, 6.454098701477051, 11.62134075164795], [9.632189750671387, 6.587817192077637, 5.827094078063965, 11.361921310424805]]","[[9.400907516479492, 5.852884292602539, 5.9233078956604, 10.762080192565918], [9.49575424194336, 6.180610656738281, 6.454098701477051, 11.62134075164795], [9.632189750671387, 6.587817192077637, 5.827094078063965, 11.361921310424805]]",raw,True,True,False,shaped,0.4409288535241022,7.343106269836426,7.343106269836426,"[5.056067943572998, 4.823718070983887, 8.661417961120605]","[5.275189379306819, 5.283340485543607, 9.42055181409931]",0.6381733417510986
DiagReachK3,180,KL,SR,shaped,raw,development_DiagReachK3_s180_KL_SR,22,joint_KL,False,False,False,False,"[9.565117835998535, 9.596210479736328, 9.186371803283691]","[[9.565117835998535, 6.6995038986206055, 5.782863616943359, 11.4052734375], [9.596210479736328, 6.46091365814209, 6.061577796936035, 11.457422256469727], [9.186371803283691, 5.775280475616455, 6.368105888366699, 11.041681289672852]]","[[9.565117835998535, 6.6995038986206055, 5.782863616943359, 11.4052734375], [9.596210479736328, 6.46091365814209, 6.061577796936035, 11.457422256469727], [9.186371803283691, 5.775280475616455, 6.368105888366699, 11.041681289672852]]",raw,True,True,False,shaped,1.090129093373291,6.110001564025879,6.110001564025879,"[5.434084892272949, 4.369752407073975, 8.63864517211914]","[4.944769517300674, 4.269835860381506, 8.005223426316494]",0.6877343654632568
DiagReachK3,180,KL,SR,shaped,raw,development_DiagReachK3_s180_KL_SR,23,old,True,False,False,False,"[9.551410675048828, 9.33675765991211, 8.698772430419922]","[[9.551410675048828, 6.594256401062012, 5.793222904205322, 11.317355155944824], [9.33675765991211, 6.163974761962891, 5.5456037521362305, 10.674164772033691], [8.698772430419922, 5.415008544921875, 4.922111511230469, 9.32710075378418]]","[[9.551410675048828, 6.594256401062012, 5.793222904205322, 11.317355155944824], [9.33675765991211, 6.163974761962891, 5.5456037521362305, 10.674164772033691], [8.698772430419922, 5.415008544921875, 4.922111511230469, 9.32710075378418]]",raw,True,True,False,shaped,2.061007396025551,5.697627067565918,5.697627067565918,"[6.225322723388672, 4.166684150695801, 9.260265350341797]","[5.509471763025626, 3.4599601688105595, 7.86386800226201]",0.6688592433929443
DiagReachK3,180,KL,SR,shaped,raw,development_DiagReachK3_s180_KL_SR,24,old,True,False,False,False,"[9.583025932312012, 9.390764236450195, 8.976041793823242]","[[9.583025932312012, 6.61519193649292, 5.841745853424072, 11.393458366394043], [9.390764236450195, 6.28902530670166, 5.365138053894043, 10.607950210571289], [8.976041793823242, 6.580232620239258, 4.517341136932373, 10.041654586791992]]","[[9.583025932312012, 6.61519193649292, 5.841745853424072, 11.393458366394043], [9.390764236450195, 6.28902530670166, 5.365138053894043, 10.607950210571289], [8.976041793823242, 6.580232620239258, 4.517341136932373, 10.041654586791992]]",raw,True,True,False,shaped,0.8842539215472378,7.2773613929748535,7.2773613929748535,"[5.974605083465576, 5.4474687576293945, 10.32226276397705]","[5.455053340680353, 5.4213949920071824, 9.744783224944946]",0.7145023345947266
DiagReachK3,180,KL,SS,shaped,shaped,development_DiagReachK3_s180_KL_SS,0,full_PPO,True,True,False,False,"[2.13088321685791, 4.594738483428955, 6.361283302307129]","[[2.13088321685791, 0.0, 0.24788831174373627, 0.0], [4.594738483428955, 0.4191606640815735, 1.5962011814117432, 1.293055534362793], [6.361283302307129, 1.891119122505188, 2.628575086593628, 3.7228024005889893]]","[[2.13088321685791, 0.0, 0.24788831174373627, 0.0], [4.594738483428955, 0.4191606640815735, 1.5962011814117432, 1.293055534362793], [6.361283302307129, 1.891119122505188, 2.628575086593628, 3.7228024005889893]]",shaped,True,True,False,shaped,1.2325916201905793,3.8101646900177,3.8101646900177,"[1.2264814376831055, 2.887852191925049, 2.8972878456115723]","[2.0206400385375263, 3.988941330495529, 4.667801128898386]",0.665250301361084
DiagReachK3,180,KL,SS,shaped,shaped,development_DiagReachK3_s180_KL_SS,1,full_PPO,True,True,False,False,"[6.427142143249512, 7.512568950653076, 8.397612571716309]","[[6.427142143249512, 2.024001359939575, 2.744678020477295, 3.947922468185425], [7.512568950653076, 3.6394340991973877, 3.1909496784210205, 5.9714531898498535], [8.397612571716309, 5.393280029296875, 3.991626262664795, 8.440935134887695]]","[[6.427142143249512, 2.024001359939575, 2.744678020477295, 3.947922468185425], [7.512568950653076, 3.6394340991973877, 3.1909496784210205, 5.9714531898498535], [8.397612571716309, 5.393280029296875, 3.991626262664795, 8.440935134887695]]",shaped,True,True,False,shaped,0.9704565610634021,5.371879577636719,5.371879577636719,"[2.3469161987304688, 3.286191940307617, 4.3901166915893555]","[2.9223496164099383, 3.730958659240857, 5.405022458663062]",0.5620994567871094
DiagReachK3,180,KL,SS,shaped,shaped,development_DiagReachK3_s180_KL_SS,2,joint_KL,True,True,False,False,"[8.378080368041992, 8.45830249786377, 8.048110961914062]","[[8.378080368041992, 5.591276168823242, 3.972588539123535, 8.624336242675781], [8.45830249786377, 6.415307998657227, 3.940223217010498, 9.360298156738281], [8.733466148376465, 7.797431945800781, 4.534898281097412, 11.332329750061035]]","[[8.378080368041992, 5.591276168823242, 3.972588539123535, 8.624336242675781], [8.45830249786377, 6.415307998657227, 3.940223217010498, 9.360298156738281], [8.048110961914062, 7.797431945800781, 4.534898281097412, 11.332329750061035]]",shaped,True,True,False,shaped,0.7030631271647868,6.1014251708984375,6.1014251708984375,"[4.495903015136719, 3.8987574577331543, 7.250419616699219]","[5.264424169477116, 3.268360334253117, 7.334907313492534]",0.6043071746826172
DiagReachK3,180,KL,SS,shaped,shaped,development_DiagReachK3_s180_KL_SS,3,old,True,False,False,False,"[8.524170875549316, 8.155881881713867, 7.968233585357666]","[[8.524170875549316, 6.362683296203613, 3.996649742126465, 9.373479843139648], [8.155881881713867, 6.205397605895996, 3.1888210773468018, 8.456859588623047], [7.968233585357666, 4.175134181976318, 3.663580894470215, 6.912384033203125]]","[[8.524170875549316, 6.362683296203613, 3.996649742126465, 9.373479843139648], [8.155881881713867, 6.205397605895996, 3.1888210773468018, 8.456859588623047], [7.968233585357666, 4.175134181976318, 3.663580894470215, 6.912384033203125]]",shaped,True,True,False,shaped,1.785137041859901,5.25784969329834,5.25784969329834,"[5.227999687194824, 3.3138794898986816, 7.192396640777588]","[4.56055484292679, 2.3953633214235435, 5.571470819224684]",0.5625927448272705
DiagReachK3,180,KL,SS,shaped,shaped,development_DiagReachK3_s180_KL_SS,4,old,True,False,False,False,"[8.469888687133789, 8.458112716674805, 8.446208953857422]","[[8.469888687133789, 6.3125505447387695, 3.9219300746917725, 9.239738464355469], [8.458112716674805, 6.571316242218018, 3.9522509574890137, 9.520225524902344], [8.713764190673828, 7.374578475952148, 4.432578086853027, 10.797977447509766]]","[[8.469888687133789, 6.3125505447387695, 3.9219300746917725, 9.239738464355469], [8.458112716674805, 6.571316242218018, 3.9522509574890137, 9.520225524902344], [8.446208953857422, 7.374578475952148, 4.432578086853027, 10.797977447509766]]",shaped,True,True,False,shaped,1.0952617955068331,5.912262916564941,5.912262916564941,"[4.580039024353027, 3.8994011878967285, 7.287905693054199]","[4.040385620799541, 3.524666319180918, 6.333308962973972]",0.5867750644683838
DiagReachK3,180,KL,SS,shaped,shaped,development_DiagReachK3_s180_KL_SS,5,full_PPO,True,True,False,False,"[8.536279678344727, 8.225130081176758, 8.996613502502441]","[[8.536279678344727, 6.279853343963623, 4.015648365020752, 9.319297790527344], [8.225130081176758, 6.488833904266357, 3.4592854976654053, 8.985687255859375], [8.996613502502441, 6.574124336242676, 4.586142063140869, 10.160266876220703]]","[[8.536279678344727, 6.279853343963623, 4.015648365020752, 9.319297790527344], [8.225130081176758, 6.488833904266357, 3.4592854976654053, 8.985687255859375], [8.996613502502441, 6.574124336242676, 4.586142063140869, 10.160266876220703]]",shaped,True,True,False,shaped,0.7021755701395465,5.880319118499756,5.880319118499756,"[4.919203281402588, 4.092785358428955, 7.8422064781188965]","[5.247578650072298, 3.8224007286717865, 7.7752486788637265]",0.5592055320739746
DiagReachK3,180,KL,SS,shaped,shaped,development_DiagReachK3_s180_KL_SS,6,joint_KL,False,False,False,False,"[8.910416603088379, 8.914629936218262, 8.788247108459473]","[[8.910416603088379, 6.669121742248535, 4.465210914611816, 10.134332656860352], [8.914629936218262, 6.511944770812988, 4.939773082733154, 10.454084396362305], [8.788247108459473, 4.815671920776367, 4.7970757484436035, 8.604079246520996]]","[[8.910416603088379, 6.669121742248535, 4.465210914611816, 10.134332656860352], [8.914629936218262, 6.511944770812988, 4.939773082733154, 10.454084396362305], [8.788247108459473, 4.815671920776367, 4.7970757484436035, 8.604079246520996]]",shaped,True,True,False,shaped,2.5081843062812577,5.195767402648926,5.195767402648926,"[6.58254861831665, 5.216516494750977, 10.60629940032959]","[5.930111037899702, 5.5371458124376645, 10.292936862824554]",0.6315395832061768
DiagReachK3,180,KL,SS,shaped,shaped,development_DiagReachK3_s180_KL_SS,7,old,True,False,False,False,"[8.9663667678833, 8.662031173706055, 8.722935676574707]","[[8.9663667678833, 6.680778980255127, 4.557405471801758, 10.238184928894043], [8.662031173706055, 6.319442272186279, 3.774334192276001, 9.093775749206543], [8.722935676574707, 5.878401756286621, 4.098161220550537, 8.9765625]]","[[8.9663667678833, 6.680778980255127, 4.557405471801758, 10.238184928894043], [8.662031173706055, 6.319442272186279, 3.774334192276001, 9.093775749206543], [8.722935676574707, 5.878401756286621, 4.098161220550537, 8.9765625]]",shaped,True,True,False,shaped,0.9648891755820891,6.42971658706665,6.42971658706665,"[5.334358215332031, 4.470515251159668, 8.581258773803711]","[5.137270584288759, 3.8866100153655765, 7.82859612086931]",0.6361725330352783
DiagReachK3,180,KL,SS,shaped,shaped,development_DiagReachK3_s180_KL_SS,8,old,True,False,False,False,"[8.973669052124023, 8.8929443359375, 8.582348823547363]","[[8.973669052124023, 6.519450664520264, 4.534945487976074, 10.05439567565918], [8.8929443359375, 5.485721588134766, 4.4941792488098145, 8.984107971191406], [8.582348823547363, 4.599016189575195, 4.79124641418457, 8.398176193237305]]","[[8.973669052124023, 6.519450664520264, 4.534945487976074, 10.05439567565918], [8.8929443359375, 5.485721588134766, 4.4941792488098145, 8.984107971191406], [8.582348823547363, 4.599016189575195, 4.79124641418457, 8.398176193237305]]",shaped,True,True,False,shaped,1.3877190305008702,6.053915977478027,6.053915977478027,"[5.2219367027282715, 4.24178409576416, 8.187278747558594]","[3.79924574661083, 4.325402271596473, 6.838682637383219]",0.6076648235321045
DiagReachK3,180,KL,SS,shaped,shaped,development_DiagReachK3_s180_KL_SS,9,old,True,False,False,False,"[8.954672813415527, 8.653633117675781, 8.315225601196289]","[[8.954672813415527, 6.662210941314697, 4.607959747314453, 10.270170211791992], [8.653633117675781, 5.900310516357422, 4.14006233215332, 9.040372848510742], [8.315225601196289, 5.098364353179932, 3.7534821033477783, 7.882625579833984]]","[[8.954672813415527, 6.662210941314697, 4.607959747314453, 10.270170211791992], [8.653633117675781, 5.900310516357422, 4.14006233215332, 9.040372848510742], [8.315225601196289, 5.098364353179932, 3.7534821033477783, 7.882625579833984]]",shaped,True,True,False,shaped,2.3024323422994333,4.114884376525879,4.114884376525879,"[5.8322954177856445, 4.343392372131348, 8.851348876953125]","[4.693541257248164, 3.624711705017595, 6.9434307703168665]",0.6315813064575195
DiagReachK3,180,KL,SS,shaped,shaped,development_DiagReachK3_s180_KL_SS,10,joint_KL,True,True,False,False,"[9.028446197509766, 9.065568923950195, 8.688920974731445]","[[9.028446197509766, 6.625796318054199, 4.585402488708496, 10.211198806762695], [9.065568923950195, 6.064745903015137, 4.830580234527588, 9.918159484863281], [8.688920974731445, 4.784114837646484, 4.70493745803833, 8.486003875732422]]","[[9.028446197509766, 6.625796318054199, 4.585402488708496, 10.211198806762695], [9.065568923950195, 6.064745903015137, 4.830580234527588, 9.918159484863281], [8.688920974731445, 4.784114837646484, 4.70493745803833, 8.486003875732422]]",shaped,True,True,False,shaped,0.9279447709221369,5.915161609649658,5.915161609649658,"[6.024222373962402, 4.103707790374756, 8.961148262023926]","[5.163358536995843, 4.4624896409631605, 8.516442877887595]",0.6100807189941406
DiagReachK3,180,KL,SS,shaped,shaped,development_DiagReachK3_s180_KL_SS,11,old,True,False,False,False,"[9.010387420654297, 8.851241111755371, 8.967020034790039]","[[9.010387420654297, 6.039783477783203, 4.810053825378418, 9.875757217407227], [8.851241111755371, 5.959161758422852, 4.128872394561768, 9.126354217529297], [8.967020034790039, 5.075145721435547, 6.052873611450195, 10.116201400756836]]","[[9.010387420654297, 6.039783477783203, 4.810053825378418, 9.875757217407227], [8.851241111755371, 5.959161758422852, 4.128872394561768, 9.126354217529297], [8.967020034790039, 5.075145721435547, 6.052873611450195, 10.116201400756836]]",shaped,True,True,False,shaped,0.5906763358220546,6.666528224945068,6.666528224945068,"[5.009243965148926, 3.995770215988159, 7.738077640533447]","[5.086403738653816, 3.6022110859039596, 7.45539297557727]",0.5554165840148926
DiagReachK3,180,KL,SS,shaped,shaped,development_DiagReachK3_s180_KL_SS,12,old,True,False,False,False,"[9.04885482788086, 8.9721040725708, 8.841814041137695]","[[9.04885482788086, 6.202870845794678, 4.850846290588379, 10.065877914428711], [8.9721040725708, 5.407656669616699, 5.3418684005737305, 9.74952507019043], [8.841814041137695, 5.241790771484375, 5.270379543304443, 9.54513931274414]]","[[9.04885482788086, 6.202870845794678, 4.850846290588379, 10.065877914428711], [8.9721040725708, 5.407656669616699, 5.3418684005737305, 9.74952507019043], [8.841814041137695, 5.241790771484375, 5.270379543304443, 9.54513931274414]]",shaped,True,True,False,shaped,1.6554002147029663,5.805205821990967,5.805205821990967,"[5.232324123382568, 3.5183701515197754, 7.525296211242676]","[3.8796669687201217, 4.021459473785077, 6.621014127768438]",0.5463681221008301
DiagReachK3,180,KL,SS,shaped,shaped,development_DiagReachK3_s180_KL_SS,13,old,True,False,False,False,"[8.987491607666016, 8.793623924255371, 8.050045013427734]","[[8.987491607666016, 6.069277763366699, 4.7644500732421875, 9.870473861694336], [8.793623924255371, 5.749149799346924, 3.9891817569732666, 8.801153182983398], [8.050045013427734, 4.4818315505981445, 3.271885633468628, 6.8533172607421875]]","[[8.987491607666016, 6.069277763366699, 4.7644500732421875, 9.870473861694336], [8.793623924255371, 5.749149799346924, 3.9891817569732666, 8.801153182983398], [8.050045013427734, 4.4818315505981445, 3.271885633468628, 6.8533172607421875]]",shaped,True,True,False,shaped,2.5596209203877427,4.788825988769531,4.788825988769531,"[5.782277584075928, 5.0025858879089355, 9.558625221252441]","[5.061444499201998, 3.9476096148849065, 7.765381443457831]",1.0349915027618408
DiagReachK3,180,KL,SS,shaped,shaped,development_DiagReachK3_s180_KL_SS,14,joint_KL,True,True,False,False,"[9.028100967407227, 9.240510940551758, 9.1958589553833]","[[9.028100967407227, 6.056901931762695, 4.797480583190918, 9.862112045288086], [9.240510940551758, 6.27731466293335, 5.501611709594727, 10.778925895690918], [9.1958589553833, 5.734814643859863, 6.082243919372559, 10.773262023925781]]","[[9.028100967407227, 6.056901931762695, 4.797480583190918, 9.862112045288086], [9.240510940551758, 6.27731466293335, 5.501611709594727, 10.778925895690918], [9.1958589553833, 5.734814643859863, 6.082243919372559, 10.773262023925781]]",shaped,True,True,False,shaped,1.5458793812360367,6.397669792175293,6.397669792175293,"[4.5857768058776855, 4.379077911376953, 7.860224723815918]","[4.879334058818589, 4.44008254357866, 8.286768374281124]",0.6601307392120361
DiagReachK3,180,KL,SS,shaped,shaped,development_DiagReachK3_s180_KL_SS,15,joint_KL,True,True,False,False,"[9.235329627990723, 9.335197448730469, 8.706770896911621]","[[9.235329627990723, 6.310151100158691, 5.520310401916504, 10.830461502075195], [9.335197448730469, 6.334597110748291, 5.621006011962891, 10.955602645874023], [8.706770896911621, 4.752630233764648, 5.442744255065918, 9.192414283752441]]","[[9.235329627990723, 6.310151100158691, 5.520310401916504, 10.830461502075195], [9.335197448730469, 6.334597110748291, 5.621006011962891, 10.955602645874023], [8.706770896911621, 4.752630233764648, 5.442744255065918, 9.192414283752441]]",shaped,True,True,False,shaped,1.3425188022483865,6.8716139793396,6.8716139793396,"[5.697246551513672, 4.63608980178833, 9.196253776550293]","[5.744801439229172, 5.111824602453311, 9.689154716054302]",0.549027681350708
DiagReachK3,180,KL,SS,shaped,shaped,development_DiagReachK3_s180_KL_SS,16,old,True,False,False,False,"[9.33108901977539, 9.15869426727295, 8.606475830078125]","[[9.33108901977539, 6.350098609924316, 5.706404209136963, 11.056173324584961], [9.15869426727295, 5.937957763671875, 5.25998592376709, 10.197942733764648], [8.606475830078125, 5.267816543579102, 4.303463459014893, 8.578128814697266]]","[[9.33108901977539, 6.350098609924316, 5.706404209136963, 11.056173324584961], [9.15869426727295, 5.937957763671875, 5.25998592376709, 10.197942733764648], [8.606475830078125, 5.267816543579102, 4.303463459014893, 8.578128814697266]]",shaped,True,True,False,shaped,2.1256995019616847,5.772853851318359,5.772853851318359,"[6.2865891456604, 5.00939416885376, 10.094724655151367]","[5.495161559181104, 4.641642240152949, 8.95943937372143]",0.6032977104187012
DiagReachK3,180,KL,SS,shaped,shaped,development_DiagReachK3_s180_KL_SS,17,old,True,False,False,False,"[9.280675888061523, 9.232961654663086, 8.61695671081543]","[[9.280675888061523, 6.254078388214111, 5.5910844802856445, 10.845163345336914], [9.232961654663086, 6.368714332580566, 5.625265598297119, 10.993979454040527], [8.61695671081543, 5.14763069152832, 4.306708335876465, 8.475375175476074]]","[[9.280675888061523, 6.254078388214111, 5.5910844802856445, 10.845163345336914], [9.232961654663086, 6.368714332580566, 5.625265598297119, 10.993979454040527], [8.61695671081543, 5.14763069152832, 4.306708335876465, 8.475375175476074]]",shaped,True,True,False,shaped,4.926680960796724,5.438817501068115,5.438817501068115,"[5.948705673217773, 5.160447597503662, 9.950014114379883]","[5.753711075395763, 4.564324327096338, 9.165097154498373]",0.6001994609832764
DiagReachK3,180,KL,SS,shaped,shaped,development_DiagReachK3_s180_KL_SS,18,old,True,False,False,False,"[9.3365478515625, 9.271757125854492, 8.51080322265625]","[[9.3365478515625, 6.313703536987305, 5.632935523986816, 10.946639060974121], [9.271757125854492, 5.955482482910156, 5.041563987731934, 9.997045516967773], [8.51080322265625, 4.921852111816406, 4.110597610473633, 8.102645874023438]]","[[9.3365478515625, 6.313703536987305, 5.632935523986816, 10.946639060974121], [9.271757125854492, 5.955482482910156, 5.041563987731934, 9.997045516967773], [8.51080322265625, 4.921852111816406, 4.110597610473633, 8.102645874023438]]",shaped,True,True,False,shaped,2.2253830412445854,5.324345588684082,5.324345588684082,"[6.008483409881592, 5.322232723236084, 10.227455139160156]","[5.044276229286927, 4.45115016157517, 8.359600032070372]",0.5889647006988525
DiagReachK3,180,KL,SS,shaped,shaped,development_DiagReachK3_s180_KL_SS,19,full_PPO,True,True,False,False,"[9.338065147399902, 9.2269287109375, 9.401834487915039]","[[9.338065147399902, 6.337109088897705, 5.6134562492370605, 10.950565338134766], [9.2269287109375, 5.872695446014404, 5.603876113891602, 10.476572036743164], [9.401834487915039, 5.9175615310668945, 5.936400413513184, 10.830886840820312]]","[[9.338065147399902, 6.337109088897705, 5.6134562492370605, 10.950565338134766], [9.2269287109375, 5.872695446014404, 5.603876113891602, 10.476572036743164], [9.401834487915039, 5.9175615310668945, 5.936400413513184, 10.830886840820312]]",shaped,True,True,False,shaped,1.073199102328194,6.9724860191345215,6.9724860191345215,"[6.190103530883789, 4.420432090759277, 9.465423583984375]","[5.802491236539282, 4.430563388271913, 9.102701538870347]",0.5761659145355225
DiagReachK3,180,KL,SS,shaped,shaped,development_DiagReachK3_s180_KL_SS,20,old,True,False,False,False,"[9.424277305603027, 9.22060775756836, 8.654455184936523]","[[9.424277305603027, 5.998796463012695, 6.029102802276611, 11.00121784210205], [9.22060775756836, 5.925905227661133, 5.3104400634765625, 10.236345291137695], [8.654455184936523, 5.474701404571533, 4.220355033874512, 8.695056915283203]]","[[9.424277305603027, 5.998796463012695, 6.029102802276611, 11.00121784210205], [9.22060775756836, 5.925905227661133, 5.3104400634765625, 10.236345291137695], [8.654455184936523, 5.474701404571533, 4.220355033874512, 8.695056915283203]]",shaped,True,True,False,shaped,2.7272812269475835,5.8802103996276855,5.8802103996276855,"[5.151220798492432, 4.659392833709717, 8.68266487121582]","[4.878642781354665, 3.62729410512959, 7.405386844087336]",0.7981247901916504
DiagReachK3,180,KL,SS,shaped,shaped,development_DiagReachK3_s180_KL_SS,21,full_PPO,True,True,False,False,"[9.400907516479492, 9.49575424194336, 9.632189750671387]","[[9.400907516479492, 5.852884292602539, 5.9233078956604, 10.762080192565918], [9.517112731933594, 6.180610656738281, 6.454098701477051, 11.62134075164795], [9.632189750671387, 6.587817192077637, 5.827094078063965, 11.361921310424805]]","[[9.400907516479492, 5.852884292602539, 5.9233078956604, 10.762080192565918], [9.49575424194336, 6.180610656738281, 6.454098701477051, 11.62134075164795], [9.632189750671387, 6.587817192077637, 5.827094078063965, 11.361921310424805]]",shaped,True,True,False,shaped,0.4409288535241022,7.343106269836426,7.343106269836426,"[5.056067943572998, 4.823718070983887, 8.661417961120605]","[5.275189379306819, 5.283340485543607, 9.42055181409931]",0.5369935035705566
DiagReachK3,180,KL,SS,shaped,shaped,development_DiagReachK3_s180_KL_SS,22,joint_KL,False,False,False,False,"[9.565117835998535, 9.596210479736328, 9.186371803283691]","[[9.565117835998535, 6.6995038986206055, 5.782863616943359, 11.4052734375], [9.596210479736328, 6.46091365814209, 6.061577796936035, 11.457422256469727], [9.186371803283691, 5.775280475616455, 6.368105888366699, 11.041681289672852]]","[[9.565117835998535, 6.6995038986206055, 5.782863616943359, 11.4052734375], [9.596210479736328, 6.46091365814209, 6.061577796936035, 11.457422256469727], [9.186371803283691, 5.775280475616455, 6.368105888366699, 11.041681289672852]]",shaped,True,True,False,shaped,1.090129093373291,6.110001564025879,6.110001564025879,"[5.434084892272949, 4.369752407073975, 8.63864517211914]","[4.944769517300674, 4.269835860381506, 8.005223426316494]",0.558323860168457
DiagReachK3,180,KL,SS,shaped,shaped,development_DiagReachK3_s180_KL_SS,23,old,True,False,False,False,"[9.551410675048828, 9.33675765991211, 8.698772430419922]","[[9.551410675048828, 6.594256401062012, 5.793222904205322, 11.317355155944824], [9.33675765991211, 6.163974761962891, 5.5456037521362305, 10.674164772033691], [8.698772430419922, 5.415008544921875, 4.922111511230469, 9.32710075378418]]","[[9.551410675048828, 6.594256401062012, 5.793222904205322, 11.317355155944824], [9.33675765991211, 6.163974761962891, 5.5456037521362305, 10.674164772033691], [8.698772430419922, 5.415008544921875, 4.922111511230469, 9.32710075378418]]",shaped,True,True,False,shaped,2.061007396025551,5.697627067565918,5.697627067565918,"[6.225322723388672, 4.166684150695801, 9.260265350341797]","[5.509471763025626, 3.4599601688105595, 7.86386800226201]",0.565615177154541
DiagReachK3,180,KL,SS,shaped,shaped,development_DiagReachK3_s180_KL_SS,24,old,True,False,False,False,"[9.583025932312012, 9.390764236450195, 8.976041793823242]","[[9.583025932312012, 6.61519193649292, 5.841745853424072, 11.393458366394043], [9.390764236450195, 6.28902530670166, 5.365138053894043, 10.607950210571289], [8.976041793823242, 6.580232620239258, 4.517341136932373, 10.041654586791992]]","[[9.583025932312012, 6.61519193649292, 5.841745853424072, 11.393458366394043], [9.390764236450195, 6.28902530670166, 5.365138053894043, 10.607950210571289], [8.976041793823242, 6.580232620239258, 4.517341136932373, 10.041654586791992]]",shaped,True,True,False,shaped,0.8842539215472378,7.2773613929748535,7.2773613929748535,"[5.974605083465576, 5.4474687576293945, 10.32226276397705]","[5.455053340680353, 5.4213949920071824, 9.744783224944946]",0.586240291595459
DiagReachK3,180,W2,RR,raw,raw,development_DiagReachK3_s180_W2_RR,0,full_PPO,True,True,False,False,"[2.13088321685791, 4.502429485321045, 6.361283302307129]","[[2.13088321685791, 0.0, 0.24788831174373627, 0.0], [4.502429485321045, 0.3444908857345581, 1.5945080518722534, 1.1886711120605469], [6.361283302307129, 1.891119122505188, 2.628575086593628, 3.7228024005889893]]","[[2.13088321685791, 0.0, 0.24788831174373627, 0.0], [4.502429485321045, 0.3444908857345581, 1.5945080518722534, 1.1886711120605469], [6.361283302307129, 1.891119122505188, 2.628575086593628, 3.7228024005889893]]",raw,True,True,False,raw,1.466025765762024,3.9954922199249268,3.8101646900177,"[1.2264814376831055, 2.887852191925049, 2.8972878456115723]","[2.161907252762491, 4.1701392024915105, 4.969564822372819]",0.5520651340484619
DiagReachK3,180,W2,RR,raw,raw,development_DiagReachK3_s180_W2_RR,1,full_PPO,True,True,False,False,"[6.427142143249512, 7.48788595199585, 8.397612571716309]","[[6.427142143249512, 2.024001359939575, 2.744678020477295, 3.947922468185425], [7.48788595199585, 3.713503360748291, 3.0613186359405518, 5.917799472808838], [8.397612571716309, 5.393280029296875, 3.991626262664795, 8.440935134887695]]","[[6.427142143249512, 2.024001359939575, 2.744678020477295, 3.947922468185425], [7.48788595199585, 3.713503360748291, 3.0613186359405518, 5.917799472808838], [8.397612571716309, 5.393280029296875, 3.991626262664795, 8.440935134887695]]",raw,True,True,False,raw,1.0918770750891078,5.487532615661621,5.371879577636719,"[2.3469161987304688, 3.286191940307617, 4.3901166915893555]","[2.9098276700741144, 3.7169538930859627, 5.322276860442588]",0.529193639755249
DiagReachK3,180,W2,RR,raw,raw,development_DiagReachK3_s180_W2_RR,2,old,True,False,False,False,"[8.378080368041992, 8.752527236938477, 8.733466148376465]","[[8.378080368041992, 5.591276168823242, 3.972588539123535, 8.624336242675781], [8.752527236938477, 7.071898460388184, 4.8740386962890625, 10.942106246948242], [8.733466148376465, 7.797431945800781, 4.534898281097412, 11.332329750061035]]","[[8.378080368041992, 5.591276168823242, 3.972588539123535, 8.624336242675781], [8.701169967651367, 7.071898460388184, 4.8740386962890625, 10.942106246948242], [8.048110961914062, 7.797431945800781, 4.534898281097412, 11.332329750061035]]",raw,True,True,False,raw,0.9223166994010417,6.766532897949219,6.1014251708984375,"[4.495903015136719, 3.8987574577331543, 7.250419616699219]","[5.235736882207622, 4.959314985984787, 9.005317764194782]",0.9792149066925049
DiagReachK3,180,W2,RR,raw,raw,development_DiagReachK3_s180_W2_RR,3,joint_W2,True,True,False,False,"[8.448634147644043, 8.731032371520996, 8.395487785339355]","[[8.448634147644043, 5.524212837219238, 4.0056657791137695, 8.589775085449219], [8.731032371520996, 6.461853981018066, 4.296032905578613, 9.806427001953125], [8.395487785339355, 5.36385440826416, 3.7165675163269043, 8.162519454956055]]","[[8.448634147644043, 5.524212837219238, 4.0056657791137695, 8.589775085449219], [8.731032371520996, 6.461853981018066, 4.296032905578613, 9.806427001953125], [8.395487785339355, 5.36385440826416, 3.7165675163269043, 8.162519454956055]]",raw,True,True,False,raw,0.8790382114486548,6.550810813903809,5.227682590484619,"[4.745136737823486, 3.2345309257507324, 6.614968299865723]","[5.933833190927405, 3.619336562877813, 8.133285464067948]",0.6534285545349121
DiagReachK3,180,W2,RR,raw,raw,development_DiagReachK3_s180_W2_RR,4,old,True,False,False,False,"[8.705549240112305, 8.795339584350586, 8.853925704956055]","[[8.705549240112305, 6.465527534484863, 4.26171350479126, 9.759195327758789], [8.795339584350586, 7.454245567321777, 4.662944793701172, 11.104488372802734], [8.853925704956055, 7.516454696655273, 4.266241550445557, 10.782695770263672]]","[[8.705549240112305, 6.465527534484863, 4.26171350479126, 9.759195327758789], [8.452842712402344, 7.454245567321777, 4.662944793701172, 11.104488372802734], [8.432112693786621, 7.516454696655273, 4.266241550445557, 10.782695770263672]]",raw,True,True,False,raw,1.0393030865997652,6.5745086669921875,5.816157341003418,"[4.6587653160095215, 4.019087314605713, 7.507490634918213]","[6.294600227116584, 5.372185798351181, 10.415340043421413]",0.5288577079772949
DiagReachK3,180,W2,RR,raw,raw,development_DiagReachK3_s180_W2_RR,5,old,True,False,False,False,"[8.740808486938477, 9.075399398803711, 8.913455963134766]","[[8.740808486938477, 6.396325588226318, 4.310534954071045, 9.770597457885742], [9.075399398803711, 7.573025703430176, 5.4717116355896, 12.044736862182617], [8.913455963134766, 7.739544868469238, 4.591143608093262, 11.3306884765625]]","[[8.740808486938477, 6.396325588226318, 4.310534954071045, 9.770597457885742], [8.631660461425781, 7.573025703430176, 5.4717116355896, 12.044736862182617], [8.270368576049805, 7.739544868469238, 4.591143608093262, 11.3306884765625]]",raw,True,True,False,raw,0.9603690585853141,6.650079250335693,5.826957702636719,"[5.217553615570068, 3.4954257011413574, 7.414677619934082]","[6.304557878260699, 4.829022278694568, 9.955129204141105]",0.5739381313323975
DiagReachK3,180,W2,RR,raw,raw,development_DiagReachK3_s180_W2_RR,6,old,True,False,False,False,"[8.65420150756836, 8.810881614685059, 8.37668514251709]","[[8.65420150756836, 6.479006290435791, 4.174970626831055, 9.718850135803223], [8.810881614685059, 7.387426853179932, 4.415925979614258, 10.803200721740723], [8.37668514251709, 6.594270706176758, 3.3518214225769043, 8.964818000793457]]","[[8.65420150756836, 6.479006290435791, 4.174970626831055, 9.718850135803223], [8.534148216247559, 7.387426853179932, 4.415925979614258, 10.803200721740723], [8.37668514251709, 6.594270706176758, 3.3518214225769043, 8.964818000793457]]",raw,True,True,False,raw,1.1118612898983993,6.723239898681641,5.132338523864746,"[5.246621131896973, 3.716282606124878, 7.5880842208862305]","[6.552834600394541, 4.599966818519643, 10.019903952674902]",0.5491228103637695
DiagReachK3,180,W2,RR,raw,raw,development_DiagReachK3_s180_W2_RR,7,full_PPO,True,True,False,False,"[8.723440170288086, 8.821894645690918, 8.821090698242188]","[[8.723440170288086, 6.53523588180542, 4.305423259735107, 9.875738143920898], [8.821894645690918, 6.866697311401367, 4.457003593444824, 10.323701858520508], [8.821090698242188, 5.1900739669799805, 4.456026077270508, 8.712851524353027]]","[[8.723440170288086, 6.53523588180542, 4.305423259735107, 9.875738143920898], [8.812627792358398, 6.866697311401367, 4.457003593444824, 10.323701858520508], [8.821090698242188, 5.1900739669799805, 4.456026077270508, 8.712851524353027]]",raw,True,True,False,raw,0.6366422073705919,7.0507612228393555,5.072256565093994,"[5.969582557678223, 4.292060852050781, 8.983270645141602]","[6.420905013158908, 4.373892210755369, 9.593066072517868]",0.676995038986206
DiagReachK3,180,W2,RR,raw,raw,development_DiagReachK3_s180_W2_RR,8,joint_W2,True,True,False,False,"[8.728126525878906, 9.268484115600586, 8.84754753112793]","[[8.728126525878906, 5.025328636169434, 4.411344528198242, 8.50547981262207], [9.268484115600586, 5.973040580749512, 5.149402618408203, 10.139912605285645], [8.84754753112793, 5.089494228363037, 4.82377290725708, 8.932151794433594]]","[[8.728126525878906, 5.025328636169434, 4.411344528198242, 8.50547981262207], [9.268484115600586, 5.973040580749512, 5.149402618408203, 10.139912605285645], [8.84754753112793, 5.089494228363037, 4.82377290725708, 8.932151794433594]]",raw,True,True,False,raw,0.5687617336073234,7.460884094238281,6.8008222579956055,"[5.342527866363525, 4.579269886016846, 8.807912826538086]","[5.566620634817785, 5.091548983829478, 9.545999759309716]",0.5897419452667236
DiagReachK3,180,W2,RR,raw,raw,development_DiagReachK3_s180_W2_RR,9,old,True,False,False,False,"[9.259578704833984, 9.404598236083984, 9.152140617370605]","[[9.259578704833984, 6.152786731719971, 5.278094291687012, 10.430880546569824], [9.404598236083984, 6.891763687133789, 5.628406524658203, 11.520170211791992], [9.152140617370605, 5.912926197052002, 5.4899115562438965, 10.402837753295898]]","[[9.259578704833984, 6.152786731719971, 5.278094291687012, 10.430880546569824], [9.39114761352539, 6.891763687133789, 5.628406524658203, 11.520170211791992], [9.152140617370605, 5.912926197052002, 5.4899115562438965, 10.402837753295898]]",raw,True,True,False,raw,0.6199068821286503,7.446377754211426,6.782517433166504,"[5.928680419921875, 4.354257106781006, 8.965591430664062]","[6.46516213231074, 5.353549274664837, 10.646217248231853]",0.5471267700195312
DiagReachK3,180,W2,RR,raw,raw,development_DiagReachK3_s180_W2_RR,10,old,True,False,False,False,"[9.260364532470703, 9.524786949157715, 8.665817260742188]","[[9.260364532470703, 6.048704147338867, 5.191534042358398, 10.246389389038086], [9.524786949157715, 6.9104719161987305, 5.731936931610107, 11.64240837097168], [8.665817260742188, 5.053861618041992, 4.816789627075195, 8.889303207397461]]","[[9.260364532470703, 6.048704147338867, 5.191534042358398, 10.246389389038086], [9.522256851196289, 6.9104719161987305, 5.731936931610107, 11.64240837097168], [8.665817260742188, 5.053861618041992, 4.816789627075195, 8.889303207397461]]",raw,True,True,False,raw,0.6167504291960579,7.843735694885254,6.447386264801025,"[6.0713396072387695, 5.456130027770996, 10.41269588470459]","[6.773361883147435, 5.726400298080385, 11.354906416597304]",0.561805248260498
DiagReachK3,180,W2,RR,raw,raw,development_DiagReachK3_s180_W2_RR,11,joint_W2,True,True,False,False,"[9.24393081665039, 9.456737518310547, 9.677494049072266]","[[9.24393081665039, 6.044308662414551, 5.201327323913574, 10.259771347045898], [9.456737518310547, 6.703026294708252, 6.012904167175293, 11.697749137878418], [9.677494049072266, 7.4370293617248535, 6.466683864593506, 12.866365432739258]]","[[9.24393081665039, 6.044308662414551, 5.201327323913574, 10.259771347045898], [9.456737518310547, 6.703026294708252, 6.012904167175293, 11.697749137878418], [9.128199577331543, 7.4370293617248535, 6.466683864593506, 12.866365432739258]]",raw,True,True,False,raw,0.6398399853974682,6.857724666595459,6.653550624847412,"[4.528721332550049, 3.7021682262420654, 7.144461154937744]","[5.8122678368745895, 4.805195051861556, 9.449466240494948]",0.5276916027069092
DiagReachK3,180,W2,RR,raw,raw,development_DiagReachK3_s180_W2_RR,12,full_PPO,True,True,False,False,"[9.487692832946777, 9.73808479309082, 8.981998443603516]","[[9.487692832946777, 6.865623474121094, 6.038710594177246, 11.883849143981934], [9.73808479309082, 7.4482574462890625, 6.7604660987854, 13.143352508544922], [8.981998443603516, 5.993165493011475, 4.905258655548096, 9.897515296936035]]","[[9.47042179107666, 6.865623474121094, 6.038710594177246, 11.883849143981934], [8.824577331542969, 7.4482574462890625, 6.7604660987854, 13.143352508544922], [8.981998443603516, 5.993165493011475, 4.905258655548096, 9.897515296936035]]",raw,True,True,False,raw,0.6093711374295863,7.847325801849365,6.000432014465332,"[5.778037071228027, 5.85507345199585, 10.521596908569336]","[6.293949135679598, 6.500000036847701, 11.637875767325514]",0.5476315021514893
DiagReachK3,180,W2,RR,raw,raw,development_DiagReachK3_s180_W2_RR,13,joint_W2,True,True,False,False,"[8.984256744384766, 9.473280906677246, 9.184847831726074]","[[8.984256744384766, 5.878559589385986, 4.820920944213867, 9.699481964111328], [9.473280906677246, 6.64342737197876, 5.244039058685303, 10.887466430664062], [9.184847831726074, 6.549072265625, 5.129209518432617, 10.661731719970703]]","[[8.984256744384766, 5.878559589385986, 4.820920944213867, 9.699481964111328], [9.473280906677246, 6.64342737197876, 5.244039058685303, 10.887466430664062], [9.184847831726074, 6.549072265625, 5.129209518432617, 10.661731719970703]]",raw,True,True,False,raw,0.6629030139655796,7.387414455413818,6.9169487953186035,"[5.342906951904297, 4.5089898109436035, 8.692526817321777]","[5.93075657131935, 5.242476723386949, 9.999190783693258]",0.5233058929443359
DiagReachK3,180,W2,RR,raw,raw,development_DiagReachK3_s180_W2_RR,14,joint_W2,True,True,False,False,"[9.414292335510254, 9.52245807647705, 8.878785133361816]","[[9.414292335510254, 6.635852336883545, 5.300668239593506, 10.932655334472656], [9.52245807647705, 6.479764938354492, 5.916833400726318, 11.37373161315918], [8.878785133361816, 5.679936408996582, 4.8751912117004395, 9.555127143859863]]","[[9.414292335510254, 6.635852336883545, 5.300668239593506, 10.932655334472656], [9.52245807647705, 6.479764938354492, 5.916833400726318, 11.37373161315918], [8.878785133361816, 5.679936408996582, 4.8751912117004395, 9.555127143859863]]",raw,True,True,False,raw,0.5125600221230705,7.829739570617676,5.207173824310303,"[6.383951187133789, 5.2586541175842285, 10.43332576751709]","[6.315470242252296, 6.327629159965483, 11.491193546405793]",0.565418004989624
DiagReachK3,180,W2,RR,raw,raw,development_DiagReachK3_s180_W2_RR,15,old,True,False,False,False,"[9.599589347839355, 9.543574333190918, 8.335002899169922]","[[9.599589347839355, 6.510026454925537, 5.918890476226807, 11.41680908203125], [9.543574333190918, 7.377284526824951, 5.868315696716309, 12.152034759521484], [8.335002899169922, 4.958206653594971, 4.123124599456787, 8.119110107421875]]","[[9.599589347839355, 6.510026454925537, 5.918890476226807, 11.41680908203125], [9.224596977233887, 7.377284526824951, 5.868315696716309, 12.152034759521484], [8.335002899169922, 4.958206653594971, 4.123124599456787, 8.119110107421875]]",raw,True,True,False,raw,0.3867740730705602,8.070981979370117,5.993548393249512,"[6.481515407562256, 5.149343967437744, 10.40503978729248]","[7.000000097568355, 5.319080619381601, 11.055832289096532]",0.5645825862884521
DiagReachK3,180,W2,RR,raw,raw,development_DiagReachK3_s180_W2_RR,16,old,True,False,False,False,"[9.630670547485352, 9.830120086669922, 9.156573295593262]","[[9.630670547485352, 6.533635139465332, 6.016983985900879, 11.523971557617188], [9.830120086669922, 7.230775356292725, 6.588036060333252, 12.727521896362305], [9.156573295593262, 6.197681427001953, 5.349254131317139, 10.539237976074219]]","[[9.630670547485352, 6.533635139465332, 6.016983985900879, 11.523971557617188], [9.415792465209961, 7.230775356292725, 6.588036060333252, 12.727521896362305], [9.156573295593262, 6.197681427001953, 5.349254131317139, 10.539237976074219]]",raw,True,True,False,raw,0.5955121861317838,7.580766201019287,6.6123480796813965,"[5.690919399261475, 5.080697536468506, 9.638019561767578]","[6.273469214189145, 5.553705598533717, 10.65010628858595]",0.5663347244262695
DiagReachK3,180,W2,RR,raw,raw,development_DiagReachK3_s180_W2_RR,17,old,True,False,False,False,"[9.533697128295898, 9.825156211853027, 9.204771995544434]","[[9.533697128295898, 6.423971176147461, 5.895812034606934, 11.303692817687988], [9.825156211853027, 7.138762474060059, 6.089212417602539, 12.189262390136719], [9.204771995544434, 5.479888916015625, 6.486264705657959, 10.934025764465332]]","[[9.533697128295898, 6.423971176147461, 5.895812034606934, 11.303692817687988], [9.72603988647461, 7.138762474060059, 6.089212417602539, 12.189262390136719], [9.199116706848145, 5.479888916015625, 6.486264705657959, 10.934025764465332]]",raw,True,True,False,raw,0.5717789768785649,7.470717430114746,6.966115474700928,"[5.639703273773193, 4.569928169250488, 8.975404739379883]","[6.441329572865947, 4.412310833958368, 9.674326201078426]",0.5122091770172119
DiagReachK3,180,W2,RR,raw,raw,development_DiagReachK3_s180_W2_RR,18,old,True,False,False,False,"[9.570542335510254, 9.913326263427734, 9.357861518859863]","[[9.570542335510254, 6.481487274169922, 5.938424110412598, 11.406007766723633], [9.913326263427734, 6.913832664489746, 6.601553916931152, 12.48501968383789], [9.357861518859863, 6.272037982940674, 6.138195991516113, 11.341371536254883]]","[[9.570542335510254, 6.481487274169922, 5.938424110412598, 11.406007766723633], [9.8118257522583, 6.913832664489746, 6.601553916931152, 12.48501968383789], [9.357861518859863, 6.272037982940674, 6.138195991516113, 11.341371536254883]]",raw,True,True,False,raw,0.7644624029509444,7.740478515625,7.222283363342285,"[5.721758842468262, 4.597804069519043, 9.177734375]","[5.772084458171644, 5.752065086460155, 10.37819951791658]",0.5469520092010498
DiagReachK3,180,W2,RR,raw,raw,development_DiagReachK3_s180_W2_RR,19,old,True,False,False,False,"[9.562129020690918, 9.697108268737793, 8.669146537780762]","[[9.562129020690918, 6.530245304107666, 5.9100341796875, 11.42110824584961], [9.697108268737793, 7.112628936767578, 6.39394474029541, 12.412403106689453], [8.669146537780762, 5.427495956420898, 4.748176574707031, 9.17567253112793]]","[[9.562129020690918, 6.530245304107666, 5.9100341796875, 11.42110824584961], [9.60673713684082, 7.112628936767578, 6.39394474029541, 12.412403106689453], [8.669146537780762, 5.427495956420898, 4.748176574707031, 9.17567253112793]]",raw,True,True,False,raw,0.5168628502328334,7.857020378112793,6.69119119644165,"[5.865113258361816, 5.401329040527344, 10.105520248413086]","[6.459626007767284, 6.041481454494425, 11.318886566394987]",0.558699369430542
DiagReachK3,180,W2,RR,raw,raw,development_DiagReachK3_s180_W2_RR,20,old,True,False,False,False,"[9.53347110748291, 9.840911865234375, 9.242648124694824]","[[9.53347110748291, 6.632740020751953, 6.003584861755371, 11.614986419677734], [9.840911865234375, 7.264826774597168, 6.708451271057129, 12.898320198059082], [9.242648124694824, 6.166943550109863, 5.88690185546875, 11.026727676391602]]","[[9.53347110748291, 6.632740020751953, 6.003584861755371, 11.614986419677734], [9.193222045898438, 7.264826774597168, 6.708451271057129, 12.898320198059082], [9.242648124694824, 6.166943550109863, 5.88690185546875, 11.026727676391602]]",raw,True,True,False,raw,0.7165368422326984,7.930394649505615,7.2411208152771,"[6.100287437438965, 5.194599151611328, 10.151830673217773]","[6.630505916697857, 5.479945903192434, 10.979218249817261]",0.5459752082824707
DiagReachK3,180,W2,RR,raw,raw,development_DiagReachK3_s180_W2_RR,21,old,True,False,False,False,"[9.595157623291016, 9.772552490234375, 8.96340274810791]","[[9.595157623291016, 6.420896530151367, 5.9057464599609375, 11.318997383117676], [9.772552490234375, 6.520876407623291, 6.481863975524902, 11.955036163330078], [8.96340274810791, 5.667205333709717, 4.957515716552734, 9.626777648925781]]","[[9.595157623291016, 6.420896530151367, 5.9057464599609375, 11.318997383117676], [9.747742652893066, 6.520876407623291, 6.481863975524902, 11.955036163330078], [8.96340274810791, 5.667205333709717, 4.957515716552734, 9.626777648925781]]",raw,True,True,False,raw,0.7513949963135729,8.127787590026855,5.7657551765441895,"[6.13134241104126, 5.74857234954834, 10.779828071594238]","[6.027684936118814, 6.369194174284253, 11.289894103383823]",0.5638182163238525
DiagReachK3,180,W2,RR,raw,raw,development_DiagReachK3_s180_W2_RR,22,old,True,False,False,False,"[9.553930282592773, 9.884551048278809, 9.264294624328613]","[[9.553930282592773, 6.58521842956543, 5.859514236450195, 11.435394287109375], [9.884551048278809, 7.166177749633789, 6.583987712860107, 12.724248886108398], [9.264294624328613, 6.686704158782959, 5.000304698944092, 10.684056282043457]]","[[9.553930282592773, 6.58521842956543, 5.859514236450195, 11.435394287109375], [9.611482620239258, 7.166177749633789, 6.583987712860107, 12.724248886108398], [9.264294624328613, 6.686704158782959, 5.000304698944092, 10.684056282043457]]",raw,True,True,False,raw,0.7433584409882081,7.82968282699585,6.698390007019043,"[5.884270668029785, 5.244927406311035, 10.002066612243652]","[6.633259125848286, 6.092935344099024, 11.610480906177262]",0.5738430023193359
DiagReachK3,180,W2,RR,raw,raw,development_DiagReachK3_s180_W2_RR,23,old,True,False,False,False,"[9.53357219696045, 9.819334983825684, 8.776243209838867]","[[9.53357219696045, 6.46693754196167, 5.879181861877441, 11.325220108032227], [9.819334983825684, 6.794013977050781, 6.629335403442383, 12.356683731079102], [8.776243209838867, 5.582688331604004, 5.0540924072265625, 9.636781692504883]]","[[9.53357219696045, 6.46693754196167, 5.879181861877441, 11.325220108032227], [9.678104400634766, 6.794013977050781, 6.629335403442383, 12.356683731079102], [8.776243209838867, 5.582688331604004, 5.0540924072265625, 9.636781692504883]]",raw,True,True,False,raw,0.6346109051155892,7.5172929763793945,5.631885528564453,"[5.948860168457031, 4.386430740356445, 9.238069534301758]","[6.39410200360152, 5.473299569299529, 10.760707637919893]",0.5650358200073242
DiagReachK3,180,W2,RR,raw,raw,development_DiagReachK3_s180_W2_RR,24,old,True,False,False,False,"[9.55607795715332, 9.756582260131836, 8.80132007598877]","[[9.55607795715332, 6.473726272583008, 5.925957202911377, 11.38447380065918], [9.756582260131836, 7.064703941345215, 6.090919494628906, 12.127656936645508], [8.80132007598877, 6.0843353271484375, 4.644941329956055, 9.729276657104492]]","[[9.55607795715332, 6.473726272583008, 5.925957202911377, 11.38447380065918], [9.702878952026367, 7.064703941345215, 6.090919494628906, 12.127656936645508], [8.80132007598877, 6.0843353271484375, 4.644941329956055, 9.729276657104492]]",raw,True,True,False,raw,0.5168629129601923,8.09273910522461,7.015444278717041,"[5.819098472595215, 5.747538089752197, 10.466639518737793]","[6.171841634798118, 5.605852867168017, 10.705223872455853]",0.6408121585845947
DiagReachK3,180,W2,RS,raw,shaped,development_DiagReachK3_s180_W2_RS,0,full_PPO,True,True,False,False,"[2.13088321685791, 4.502429485321045, 6.361283302307129]","[[2.13088321685791, 0.0, 0.24788831174373627, 0.0], [4.502429485321045, 0.3444908857345581, 1.5945080518722534, 1.1886711120605469], [6.361283302307129, 1.891119122505188, 2.628575086593628, 3.7228024005889893]]","[[2.13088321685791, 0.0, 0.24788831174373627, 0.0], [4.502429485321045, 0.3444908857345581, 1.5945080518722534, 1.1886711120605469], [6.361283302307129, 1.891119122505188, 2.628575086593628, 3.7228024005889893]]",shaped,True,True,False,raw,1.466025765762024,3.9954922199249268,3.8101646900177,"[1.2264814376831055, 2.887852191925049, 2.8972878456115723]","[2.161907252762491, 4.1701392024915105, 4.969564822372819]",0.5909790992736816
DiagReachK3,180,W2,RS,raw,shaped,development_DiagReachK3_s180_W2_RS,1,full_PPO,True,True,False,False,"[6.427142143249512, 7.48788595199585, 8.397612571716309]","[[6.427142143249512, 2.024001359939575, 2.744678020477295, 3.947922468185425], [7.48788595199585, 3.713503360748291, 3.0613186359405518, 5.917799472808838], [8.397612571716309, 5.393280029296875, 3.991626262664795, 8.440935134887695]]","[[6.427142143249512, 2.024001359939575, 2.744678020477295, 3.947922468185425], [7.48788595199585, 3.713503360748291, 3.0613186359405518, 5.917799472808838], [8.397612571716309, 5.393280029296875, 3.991626262664795, 8.440935134887695]]",shaped,True,True,False,raw,1.0918770750891078,5.487532615661621,5.371879577636719,"[2.3469161987304688, 3.286191940307617, 4.3901166915893555]","[2.9098276700741144, 3.7169538930859627, 5.322276860442588]",0.6064808368682861
DiagReachK3,180,W2,RS,raw,shaped,development_DiagReachK3_s180_W2_RS,2,old,True,False,False,False,"[8.378080368041992, 8.701169967651367, 8.048110961914062]","[[8.378080368041992, 5.591276168823242, 3.972588539123535, 8.624336242675781], [8.752527236938477, 7.071898460388184, 4.8740386962890625, 10.942106246948242], [8.733466148376465, 7.797431945800781, 4.534898281097412, 11.332329750061035]]","[[8.378080368041992, 5.591276168823242, 3.972588539123535, 8.624336242675781], [8.701169967651367, 7.071898460388184, 4.8740386962890625, 10.942106246948242], [8.048110961914062, 7.797431945800781, 4.534898281097412, 11.332329750061035]]",shaped,True,True,False,raw,0.9223166994010417,6.766532897949219,6.1014251708984375,"[4.495903015136719, 3.8987574577331543, 7.250419616699219]","[5.235736882207622, 4.959314985984787, 9.005317764194782]",0.6547927856445312
DiagReachK3,180,W2,RS,raw,shaped,development_DiagReachK3_s180_W2_RS,3,joint_W2,True,True,False,False,"[8.448634147644043, 8.731032371520996, 8.395487785339355]","[[8.448634147644043, 5.524212837219238, 4.0056657791137695, 8.589775085449219], [8.731032371520996, 6.461853981018066, 4.296032905578613, 9.806427001953125], [8.395487785339355, 5.36385440826416, 3.7165675163269043, 8.162519454956055]]","[[8.448634147644043, 5.524212837219238, 4.0056657791137695, 8.589775085449219], [8.731032371520996, 6.461853981018066, 4.296032905578613, 9.806427001953125], [8.395487785339355, 5.36385440826416, 3.7165675163269043, 8.162519454956055]]",shaped,True,True,False,raw,0.8790382114486548,6.550810813903809,5.227682590484619,"[4.745136737823486, 3.2345309257507324, 6.614968299865723]","[5.933833190927405, 3.619336562877813, 8.133285464067948]",0.5701487064361572
DiagReachK3,180,W2,RS,raw,shaped,development_DiagReachK3_s180_W2_RS,4,old,True,False,False,False,"[8.705549240112305, 8.452842712402344, 8.432112693786621]","[[8.705549240112305, 6.465527534484863, 4.26171350479126, 9.759195327758789], [8.795339584350586, 7.454245567321777, 4.662944793701172, 11.104488372802734], [8.853925704956055, 7.516454696655273, 4.266241550445557, 10.782695770263672]]","[[8.705549240112305, 6.465527534484863, 4.26171350479126, 9.759195327758789], [8.452842712402344, 7.454245567321777, 4.662944793701172, 11.104488372802734], [8.432112693786621, 7.516454696655273, 4.266241550445557, 10.782695770263672]]",shaped,True,True,False,raw,1.0393030865997652,6.5745086669921875,5.816157341003418,"[4.6587653160095215, 4.019087314605713, 7.507490634918213]","[6.294600227116584, 5.372185798351181, 10.415340043421413]",0.554347038269043
DiagReachK3,180,W2,RS,raw,shaped,development_DiagReachK3_s180_W2_RS,5,old,True,False,False,False,"[8.740808486938477, 8.631660461425781, 8.270368576049805]","[[8.740808486938477, 6.396325588226318, 4.310534954071045, 9.770597457885742], [9.075399398803711, 7.573025703430176, 5.4717116355896, 12.044736862182617], [8.913455963134766, 7.739544868469238, 4.591143608093262, 11.3306884765625]]","[[8.740808486938477, 6.396325588226318, 4.310534954071045, 9.770597457885742], [8.631660461425781, 7.573025703430176, 5.4717116355896, 12.044736862182617], [8.270368576049805, 7.739544868469238, 4.591143608093262, 11.3306884765625]]",shaped,True,True,False,raw,0.9603690585853141,6.650079250335693,5.826957702636719,"[5.217553615570068, 3.4954257011413574, 7.414677619934082]","[6.304557878260699, 4.829022278694568, 9.955129204141105]",0.5642614364624023
DiagReachK3,180,W2,RS,raw,shaped,development_DiagReachK3_s180_W2_RS,6,old,True,False,False,False,"[8.65420150756836, 8.534148216247559, 8.37668514251709]","[[8.65420150756836, 6.479006290435791, 4.174970626831055, 9.718850135803223], [8.810881614685059, 7.387426853179932, 4.415925979614258, 10.803200721740723], [8.37668514251709, 6.594270706176758, 3.3518214225769043, 8.964818000793457]]","[[8.65420150756836, 6.479006290435791, 4.174970626831055, 9.718850135803223], [8.534148216247559, 7.387426853179932, 4.415925979614258, 10.803200721740723], [8.37668514251709, 6.594270706176758, 3.3518214225769043, 8.964818000793457]]",shaped,True,True,False,raw,1.1118612898983993,6.723239898681641,5.132338523864746,"[5.246621131896973, 3.716282606124878, 7.5880842208862305]","[6.552834600394541, 4.599966818519643, 10.019903952674902]",0.5676085948944092
DiagReachK3,180,W2,RS,raw,shaped,development_DiagReachK3_s180_W2_RS,7,full_PPO,True,True,False,False,"[8.723440170288086, 8.812627792358398, 8.821090698242188]","[[8.723440170288086, 6.53523588180542, 4.305423259735107, 9.875738143920898], [8.821894645690918, 6.866697311401367, 4.457003593444824, 10.323701858520508], [8.821090698242188, 5.1900739669799805, 4.456026077270508, 8.712851524353027]]","[[8.723440170288086, 6.53523588180542, 4.305423259735107, 9.875738143920898], [8.812627792358398, 6.866697311401367, 4.457003593444824, 10.323701858520508], [8.821090698242188, 5.1900739669799805, 4.456026077270508, 8.712851524353027]]",shaped,True,True,False,raw,0.6366422073705919,7.0507612228393555,5.072256565093994,"[5.969582557678223, 4.292060852050781, 8.983270645141602]","[6.420905013158908, 4.373892210755369, 9.593066072517868]",0.5502665042877197
DiagReachK3,180,W2,RS,raw,shaped,development_DiagReachK3_s180_W2_RS,8,joint_W2,True,True,False,False,"[8.728126525878906, 9.268484115600586, 8.84754753112793]","[[8.728126525878906, 5.025328636169434, 4.411344528198242, 8.50547981262207], [9.268484115600586, 5.973040580749512, 5.149402618408203, 10.139912605285645], [8.84754753112793, 5.089494228363037, 4.82377290725708, 8.932151794433594]]","[[8.728126525878906, 5.025328636169434, 4.411344528198242, 8.50547981262207], [9.268484115600586, 5.973040580749512, 5.149402618408203, 10.139912605285645], [8.84754753112793, 5.089494228363037, 4.82377290725708, 8.932151794433594]]",shaped,True,True,False,raw,0.5687617336073234,7.460884094238281,6.8008222579956055,"[5.342527866363525, 4.579269886016846, 8.807912826538086]","[5.566620634817785, 5.091548983829478, 9.545999759309716]",0.5473129749298096
DiagReachK3,180,W2,RS,raw,shaped,development_DiagReachK3_s180_W2_RS,9,old,True,False,False,False,"[9.259578704833984, 9.39114761352539, 9.152140617370605]","[[9.259578704833984, 6.152786731719971, 5.278094291687012, 10.430880546569824], [9.404598236083984, 6.891763687133789, 5.628406524658203, 11.520170211791992], [9.152140617370605, 5.912926197052002, 5.4899115562438965, 10.402837753295898]]","[[9.259578704833984, 6.152786731719971, 5.278094291687012, 10.430880546569824], [9.39114761352539, 6.891763687133789, 5.628406524658203, 11.520170211791992], [9.152140617370605, 5.912926197052002, 5.4899115562438965, 10.402837753295898]]",shaped,True,True,False,raw,0.6199068821286503,7.446377754211426,6.782517433166504,"[5.928680419921875, 4.354257106781006, 8.965591430664062]","[6.46516213231074, 5.353549274664837, 10.646217248231853]",0.5885531902313232
DiagReachK3,180,W2,RS,raw,shaped,development_DiagReachK3_s180_W2_RS,10,old,True,False,False,False,"[9.260364532470703, 9.522256851196289, 8.665817260742188]","[[9.260364532470703, 6.048704147338867, 5.191534042358398, 10.246389389038086], [9.524786949157715, 6.9104719161987305, 5.731936931610107, 11.64240837097168], [8.665817260742188, 5.053861618041992, 4.816789627075195, 8.889303207397461]]","[[9.260364532470703, 6.048704147338867, 5.191534042358398, 10.246389389038086], [9.522256851196289, 6.9104719161987305, 5.731936931610107, 11.64240837097168], [8.665817260742188, 5.053861618041992, 4.816789627075195, 8.889303207397461]]",shaped,True,True,False,raw,0.6167504291960579,7.843735694885254,6.447386264801025,"[6.0713396072387695, 5.456130027770996, 10.41269588470459]","[6.773361883147435, 5.726400298080385, 11.354906416597304]",0.5593142509460449
DiagReachK3,180,W2,RS,raw,shaped,development_DiagReachK3_s180_W2_RS,11,joint_W2,True,True,False,False,"[9.24393081665039, 9.456737518310547, 9.128199577331543]","[[9.24393081665039, 6.044308662414551, 5.201327323913574, 10.259771347045898], [9.456737518310547, 6.703026294708252, 6.012904167175293, 11.697749137878418], [9.677494049072266, 7.4370293617248535, 6.466683864593506, 12.866365432739258]]","[[9.24393081665039, 6.044308662414551, 5.201327323913574, 10.259771347045898], [9.456737518310547, 6.703026294708252, 6.012904167175293, 11.697749137878418], [9.128199577331543, 7.4370293617248535, 6.466683864593506, 12.866365432739258]]",shaped,True,True,False,raw,0.6398399853974682,6.857724666595459,6.653550624847412,"[4.528721332550049, 3.7021682262420654, 7.144461154937744]","[5.8122678368745895, 4.805195051861556, 9.449466240494948]",0.5409862995147705
DiagReachK3,180,W2,RS,raw,shaped,development_DiagReachK3_s180_W2_RS,12,full_PPO,True,True,False,False,"[9.47042179107666, 8.824577331542969, 8.981998443603516]","[[9.487692832946777, 6.865623474121094, 6.038710594177246, 11.883849143981934], [9.73808479309082, 7.4482574462890625, 6.7604660987854, 13.143352508544922], [8.981998443603516, 5.993165493011475, 4.905258655548096, 9.897515296936035]]","[[9.47042179107666, 6.865623474121094, 6.038710594177246, 11.883849143981934], [8.824577331542969, 7.4482574462890625, 6.7604660987854, 13.143352508544922], [8.981998443603516, 5.993165493011475, 4.905258655548096, 9.897515296936035]]",shaped,True,True,False,raw,0.6093711374295863,7.847325801849365,6.000432014465332,"[5.778037071228027, 5.85507345199585, 10.521596908569336]","[6.293949135679598, 6.500000036847701, 11.637875767325514]",0.5646212100982666
DiagReachK3,180,W2,RS,raw,shaped,development_DiagReachK3_s180_W2_RS,13,joint_W2,True,True,False,False,"[8.984256744384766, 9.473280906677246, 9.184847831726074]","[[8.984256744384766, 5.878559589385986, 4.820920944213867, 9.699481964111328], [9.473280906677246, 6.64342737197876, 5.244039058685303, 10.887466430664062], [9.184847831726074, 6.549072265625, 5.129209518432617, 10.661731719970703]]","[[8.984256744384766, 5.878559589385986, 4.820920944213867, 9.699481964111328], [9.473280906677246, 6.64342737197876, 5.244039058685303, 10.887466430664062], [9.184847831726074, 6.549072265625, 5.129209518432617, 10.661731719970703]]",shaped,True,True,False,raw,0.6629030139655796,7.387414455413818,6.9169487953186035,"[5.342906951904297, 4.5089898109436035, 8.692526817321777]","[5.93075657131935, 5.242476723386949, 9.999190783693258]",0.5363190174102783
DiagReachK3,180,W2,RS,raw,shaped,development_DiagReachK3_s180_W2_RS,14,joint_W2,True,True,False,False,"[9.414292335510254, 9.52245807647705, 8.878785133361816]","[[9.414292335510254, 6.635852336883545, 5.300668239593506, 10.932655334472656], [9.52245807647705, 6.479764938354492, 5.916833400726318, 11.37373161315918], [8.878785133361816, 5.679936408996582, 4.8751912117004395, 9.555127143859863]]","[[9.414292335510254, 6.635852336883545, 5.300668239593506, 10.932655334472656], [9.52245807647705, 6.479764938354492, 5.916833400726318, 11.37373161315918], [8.878785133361816, 5.679936408996582, 4.8751912117004395, 9.555127143859863]]",shaped,True,True,False,raw,0.5125600221230705,7.829739570617676,5.207173824310303,"[6.383951187133789, 5.2586541175842285, 10.43332576751709]","[6.315470242252296, 6.327629159965483, 11.491193546405793]",0.5466370582580566
DiagReachK3,180,W2,RS,raw,shaped,development_DiagReachK3_s180_W2_RS,15,old,True,False,False,False,"[9.599589347839355, 9.224596977233887, 8.335002899169922]","[[9.599589347839355, 6.510026454925537, 5.918890476226807, 11.41680908203125], [9.543574333190918, 7.377284526824951, 5.868315696716309, 12.152034759521484], [8.335002899169922, 4.958206653594971, 4.123124599456787, 8.119110107421875]]","[[9.599589347839355, 6.510026454925537, 5.918890476226807, 11.41680908203125], [9.224596977233887, 7.377284526824951, 5.868315696716309, 12.152034759521484], [8.335002899169922, 4.958206653594971, 4.123124599456787, 8.119110107421875]]",shaped,True,True,False,raw,0.3867740730705602,8.070981979370117,5.993548393249512,"[6.481515407562256, 5.149343967437744, 10.40503978729248]","[7.000000097568355, 5.319080619381601, 11.055832289096532]",0.5798325538635254
DiagReachK3,180,W2,RS,raw,shaped,development_DiagReachK3_s180_W2_RS,16,old,True,False,False,False,"[9.630670547485352, 9.415792465209961, 9.156573295593262]","[[9.630670547485352, 6.533635139465332, 6.016983985900879, 11.523971557617188], [9.830120086669922, 7.230775356292725, 6.588036060333252, 12.727521896362305], [9.156573295593262, 6.197681427001953, 5.349254131317139, 10.539237976074219]]","[[9.630670547485352, 6.533635139465332, 6.016983985900879, 11.523971557617188], [9.415792465209961, 7.230775356292725, 6.588036060333252, 12.727521896362305], [9.156573295593262, 6.197681427001953, 5.349254131317139, 10.539237976074219]]",shaped,True,True,False,raw,0.5955121861317838,7.580766201019287,6.6123480796813965,"[5.690919399261475, 5.080697536468506, 9.638019561767578]","[6.273469214189145, 5.553705598533717, 10.65010628858595]",0.5636017322540283
DiagReachK3,180,W2,RS,raw,shaped,development_DiagReachK3_s180_W2_RS,17,old,True,False,False,False,"[9.533697128295898, 9.72603988647461, 9.199116706848145]","[[9.533697128295898, 6.423971176147461, 5.895812034606934, 11.303692817687988], [9.825156211853027, 7.138762474060059, 6.089212417602539, 12.189262390136719], [9.204771995544434, 5.479888916015625, 6.486264705657959, 10.934025764465332]]","[[9.533697128295898, 6.423971176147461, 5.895812034606934, 11.303692817687988], [9.72603988647461, 7.138762474060059, 6.089212417602539, 12.189262390136719], [9.199116706848145, 5.479888916015625, 6.486264705657959, 10.934025764465332]]",shaped,True,True,False,raw,0.5717789768785649,7.470717430114746,6.966115474700928,"[5.639703273773193, 4.569928169250488, 8.975404739379883]","[6.441329572865947, 4.412310833958368, 9.674326201078426]",0.5116353034973145
DiagReachK3,180,W2,RS,raw,shaped,development_DiagReachK3_s180_W2_RS,18,old,True,False,False,False,"[9.570542335510254, 9.8118257522583, 9.357861518859863]","[[9.570542335510254, 6.481487274169922, 5.938424110412598, 11.406007766723633], [9.913326263427734, 6.913832664489746, 6.601553916931152, 12.48501968383789], [9.357861518859863, 6.272037982940674, 6.138195991516113, 11.341371536254883]]","[[9.570542335510254, 6.481487274169922, 5.938424110412598, 11.406007766723633], [9.8118257522583, 6.913832664489746, 6.601553916931152, 12.48501968383789], [9.357861518859863, 6.272037982940674, 6.138195991516113, 11.341371536254883]]",shaped,True,True,False,raw,0.7644624029509444,7.740478515625,7.222283363342285,"[5.721758842468262, 4.597804069519043, 9.177734375]","[5.772084458171644, 5.752065086460155, 10.37819951791658]",0.5506446361541748
DiagReachK3,180,W2,RS,raw,shaped,development_DiagReachK3_s180_W2_RS,19,old,True,False,False,False,"[9.562129020690918, 9.60673713684082, 8.669146537780762]","[[9.562129020690918, 6.530245304107666, 5.9100341796875, 11.42110824584961], [9.697108268737793, 7.112628936767578, 6.39394474029541, 12.412403106689453], [8.669146537780762, 5.427495956420898, 4.748176574707031, 9.17567253112793]]","[[9.562129020690918, 6.530245304107666, 5.9100341796875, 11.42110824584961], [9.60673713684082, 7.112628936767578, 6.39394474029541, 12.412403106689453], [8.669146537780762, 5.427495956420898, 4.748176574707031, 9.17567253112793]]",shaped,True,True,False,raw,0.5168628502328334,7.857020378112793,6.69119119644165,"[5.865113258361816, 5.401329040527344, 10.105520248413086]","[6.459626007767284, 6.041481454494425, 11.318886566394987]",0.5266339778900146
DiagReachK3,180,W2,RS,raw,shaped,development_DiagReachK3_s180_W2_RS,20,old,True,False,False,False,"[9.53347110748291, 9.193222045898438, 9.242648124694824]","[[9.53347110748291, 6.632740020751953, 6.003584861755371, 11.614986419677734], [9.840911865234375, 7.264826774597168, 6.708451271057129, 12.898320198059082], [9.242648124694824, 6.166943550109863, 5.88690185546875, 11.026727676391602]]","[[9.53347110748291, 6.632740020751953, 6.003584861755371, 11.614986419677734], [9.193222045898438, 7.264826774597168, 6.708451271057129, 12.898320198059082], [9.242648124694824, 6.166943550109863, 5.88690185546875, 11.026727676391602]]",shaped,True,True,False,raw,0.7165368422326984,7.930394649505615,7.2411208152771,"[6.100287437438965, 5.194599151611328, 10.151830673217773]","[6.630505916697857, 5.479945903192434, 10.979218249817261]",0.5578289031982422
DiagReachK3,180,W2,RS,raw,shaped,development_DiagReachK3_s180_W2_RS,21,old,True,False,False,False,"[9.595157623291016, 9.747742652893066, 8.96340274810791]","[[9.595157623291016, 6.420896530151367, 5.9057464599609375, 11.318997383117676], [9.772552490234375, 6.520876407623291, 6.481863975524902, 11.955036163330078], [8.96340274810791, 5.667205333709717, 4.957515716552734, 9.626777648925781]]","[[9.595157623291016, 6.420896530151367, 5.9057464599609375, 11.318997383117676], [9.747742652893066, 6.520876407623291, 6.481863975524902, 11.955036163330078], [8.96340274810791, 5.667205333709717, 4.957515716552734, 9.626777648925781]]",shaped,True,True,False,raw,0.7513949963135729,8.127787590026855,5.7657551765441895,"[6.13134241104126, 5.74857234954834, 10.779828071594238]","[6.027684936118814, 6.369194174284253, 11.289894103383823]",0.5801360607147217
DiagReachK3,180,W2,RS,raw,shaped,development_DiagReachK3_s180_W2_RS,22,old,True,False,False,False,"[9.553930282592773, 9.611482620239258, 9.264294624328613]","[[9.553930282592773, 6.58521842956543, 5.859514236450195, 11.435394287109375], [9.884551048278809, 7.166177749633789, 6.583987712860107, 12.724248886108398], [9.264294624328613, 6.686704158782959, 5.000304698944092, 10.684056282043457]]","[[9.553930282592773, 6.58521842956543, 5.859514236450195, 11.435394287109375], [9.611482620239258, 7.166177749633789, 6.583987712860107, 12.724248886108398], [9.264294624328613, 6.686704158782959, 5.000304698944092, 10.684056282043457]]",shaped,True,True,False,raw,0.7433584409882081,7.82968282699585,6.698390007019043,"[5.884270668029785, 5.244927406311035, 10.002066612243652]","[6.633259125848286, 6.092935344099024, 11.610480906177262]",0.5474309921264648
DiagReachK3,180,W2,RS,raw,shaped,development_DiagReachK3_s180_W2_RS,23,old,True,False,False,False,"[9.53357219696045, 9.678104400634766, 8.776243209838867]","[[9.53357219696045, 6.46693754196167, 5.879181861877441, 11.325220108032227], [9.819334983825684, 6.794013977050781, 6.629335403442383, 12.356683731079102], [8.776243209838867, 5.582688331604004, 5.0540924072265625, 9.636781692504883]]","[[9.53357219696045, 6.46693754196167, 5.879181861877441, 11.325220108032227], [9.678104400634766, 6.794013977050781, 6.629335403442383, 12.356683731079102], [8.776243209838867, 5.582688331604004, 5.0540924072265625, 9.636781692504883]]",shaped,True,True,False,raw,0.6346109051155892,7.5172929763793945,5.631885528564453,"[5.948860168457031, 4.386430740356445, 9.238069534301758]","[6.39410200360152, 5.473299569299529, 10.760707637919893]",0.5385632514953613
DiagReachK3,180,W2,RS,raw,shaped,development_DiagReachK3_s180_W2_RS,24,old,True,False,False,False,"[9.55607795715332, 9.702878952026367, 8.80132007598877]","[[9.55607795715332, 6.473726272583008, 5.925957202911377, 11.38447380065918], [9.756582260131836, 7.064703941345215, 6.090919494628906, 12.127656936645508], [8.80132007598877, 6.0843353271484375, 4.644941329956055, 9.729276657104492]]","[[9.55607795715332, 6.473726272583008, 5.925957202911377, 11.38447380065918], [9.702878952026367, 7.064703941345215, 6.090919494628906, 12.127656936645508], [8.80132007598877, 6.0843353271484375, 4.644941329956055, 9.729276657104492]]",shaped,True,True,False,raw,0.5168629129601923,8.09273910522461,7.015444278717041,"[5.819098472595215, 5.747538089752197, 10.466639518737793]","[6.171841634798118, 5.605852867168017, 10.705223872455853]",0.5469276905059814
DiagReachK3,180,W2,SR,shaped,raw,development_DiagReachK3_s180_W2_SR,0,full_PPO,True,True,False,False,"[2.13088321685791, 4.591607570648193, 6.361283302307129]","[[2.13088321685791, 0.0, 0.24788831174373627, 0.0], [4.591607570648193, 0.42026644945144653, 1.5907975435256958, 1.2896556854248047], [6.361283302307129, 1.891119122505188, 2.628575086593628, 3.7228024005889893]]","[[2.13088321685791, 0.0, 0.24788831174373627, 0.0], [4.591607570648193, 0.42026644945144653, 1.5907975435256958, 1.2896556854248047], [6.361283302307129, 1.891119122505188, 2.628575086593628, 3.7228024005889893]]",raw,True,True,False,shaped,1.2333040713046295,3.8101646900177,3.8101646900177,"[1.2264814376831055, 2.887852191925049, 2.8972878456115723]","[2.039407989208063, 3.993036157151221, 4.6974335227941175]",0.6020383834838867
DiagReachK3,180,W2,SR,shaped,raw,development_DiagReachK3_s180_W2_SR,1,full_PPO,True,True,False,False,"[6.427142143249512, 7.436110496520996, 8.397612571716309]","[[6.427142143249512, 2.024001359939575, 2.744678020477295, 3.947922468185425], [7.436110496520996, 3.625998020172119, 3.0072340965270996, 5.787110328674316], [8.397612571716309, 5.393280029296875, 3.991626262664795, 8.440935134887695]]","[[6.427142143249512, 2.024001359939575, 2.744678020477295, 3.947922468185425], [7.436110496520996, 3.625998020172119, 3.0072340965270996, 5.787110328674316], [8.397612571716309, 5.393280029296875, 3.991626262664795, 8.440935134887695]]",raw,True,True,False,shaped,1.046686673134576,5.371879577636719,5.371879577636719,"[2.3469161987304688, 3.286191940307617, 4.3901166915893555]","[2.935523164595007, 3.704954985075437, 5.351707143426823]",0.5598757266998291
DiagReachK3,180,W2,SR,shaped,raw,development_DiagReachK3_s180_W2_SR,2,joint_W2,True,True,False,False,"[8.378080368041992, 8.526117324829102, 8.733466148376465]","[[8.378080368041992, 5.591276168823242, 3.972588539123535, 8.624336242675781], [8.526117324829102, 6.2817158699035645, 4.04124641418457, 9.328981399536133], [8.733466148376465, 7.797431945800781, 4.534898281097412, 11.332329750061035]]","[[8.378080368041992, 5.591276168823242, 3.972588539123535, 8.624336242675781], [8.526117324829102, 6.2817158699035645, 4.04124641418457, 9.328981399536133], [8.048110961914062, 7.797431945800781, 4.534898281097412, 11.332329750061035]]",raw,True,True,False,shaped,0.7545662959850447,6.1014251708984375,6.1014251708984375,"[4.495903015136719, 3.8987574577331543, 7.250419616699219]","[5.328160795106577, 3.406809054803914, 7.555279267740314]",0.698930025100708
DiagReachK3,180,W2,SR,shaped,raw,development_DiagReachK3_s180_W2_SR,3,old,True,False,False,False,"[8.591862678527832, 8.2699556350708, 8.021331787109375]","[[8.591862678527832, 6.229706764221191, 4.098115921020508, 9.341594696044922], [8.2699556350708, 6.054931163787842, 3.4169461727142334, 8.533578872680664], [8.021331787109375, 4.1840057373046875, 3.768587350845337, 7.021758079528809]]","[[8.591862678527832, 6.229706764221191, 4.098115921020508, 9.341594696044922], [8.2699556350708, 6.054931163787842, 3.4169461727142334, 8.533578872680664], [8.021331787109375, 4.1840057373046875, 3.768587350845337, 7.021758079528809]]",raw,True,True,False,shaped,1.997546794060969,5.367215633392334,5.367215633392334,"[5.148863792419434, 3.335831880569458, 7.150544166564941]","[4.533366561385911, 2.517712580613209, 5.691169382788283]",0.5766055583953857
DiagReachK3,180,W2,SR,shaped,raw,development_DiagReachK3_s180_W2_SR,4,joint_W2,True,True,False,False,"[8.536398887634277, 8.59662914276123, 8.736960411071777]","[[8.536398887634277, 6.180357933044434, 4.021276950836182, 9.207021713256836], [8.59662914276123, 6.589650630950928, 4.144557476043701, 9.730904579162598], [8.736960411071777, 7.6281867027282715, 4.472023010253906, 11.091605186462402]]","[[8.536398887634277, 6.180357933044434, 4.021276950836182, 9.207021713256836], [8.59662914276123, 6.589650630950928, 4.144557476043701, 9.730904579162598], [8.236163139343262, 7.6281867027282715, 4.472023010253906, 11.091605186462402]]",raw,True,True,False,shaped,1.1659881928309188,6.001425266265869,6.001425266265869,"[4.533877372741699, 3.9269537925720215, 7.277371406555176]","[3.7669798196145026, 3.3053097587340083, 5.860783979225937]",0.56723952293396
DiagReachK3,180,W2,SR,shaped,raw,development_DiagReachK3_s180_W2_SR,5,full_PPO,True,True,False,False,"[8.648048400878906, 8.313425064086914, 8.991022109985352]","[[8.648048400878906, 6.571475982666016, 4.222593307495117, 9.79407024383545], [8.313425064086914, 7.275637626647949, 3.4925384521484375, 9.770774841308594], [8.991022109985352, 5.444563388824463, 5.197815418243408, 9.588447570800781]]","[[8.648048400878906, 6.571475982666016, 4.222593307495117, 9.79407024383545], [8.116540908813477, 7.275637626647949, 3.4925384521484375, 9.770774841308594], [8.991022109985352, 5.444563388824463, 5.197815418243408, 9.588447570800781]]",raw,True,True,False,shaped,0.6039704085692148,6.007938385009766,6.007938385009766,"[5.214888572692871, 4.175436973571777, 8.214569091796875]","[5.315184405856874, 3.800361568639957, 7.902452669274937]",0.5709149837493896
DiagReachK3,180,W2,SR,shaped,raw,development_DiagReachK3_s180_W2_SR,6,old,True,False,False,False,"[8.926063537597656, 8.617108345031738, 8.822471618652344]","[[8.926063537597656, 5.520936489105225, 5.096939563751221, 9.576421737670898], [8.617108345031738, 5.198342323303223, 4.338984966278076, 8.523143768310547], [8.822471618652344, 6.187694072723389, 4.229792594909668, 9.417486190795898]]","[[8.926063537597656, 5.520936489105225, 5.096939563751221, 9.576421737670898], [8.617108345031738, 5.198342323303223, 4.338984966278076, 8.523143768310547], [8.822471618652344, 6.187694072723389, 4.229792594909668, 9.417486190795898]]",raw,True,True,False,shaped,2.325148472499508,6.068336009979248,6.068336009979248,"[4.465350151062012, 4.621954917907715, 7.926368713378906]","[3.7717844665964346, 3.8747614978588905, 6.538063471094972]",0.5570380687713623
DiagReachK3,180,W2,SR,shaped,raw,development_DiagReachK3_s180_W2_SR,7,old,True,False,False,False,"[8.967510223388672, 8.891714096069336, 8.374872207641602]","[[8.967510223388672, 5.5507378578186035, 5.179305553436279, 9.680514335632324], [8.891714096069336, 5.159604072570801, 4.999242305755615, 9.124696731567383], [8.374872207641602, 5.771051406860352, 3.4809701442718506, 8.252020835876465]]","[[8.967510223388672, 5.5507378578186035, 5.179305553436279, 9.680514335632324], [8.891714096069336, 5.159604072570801, 4.999242305755615, 9.124696731567383], [8.374872207641602, 5.771051406860352, 3.4809701442718506, 8.252020835876465]]",raw,True,True,False,shaped,0.7018353332060185,6.483711242675781,6.483711242675781,"[4.601455211639404, 4.880434989929199, 8.256479263305664]","[4.284444396250292, 4.497469157358236, 7.680798000179308]",0.5378644466400146
DiagReachK3,180,W2,SR,shaped,raw,development_DiagReachK3_s180_W2_SR,8,joint_W2,False,False,False,False,"[8.979726791381836, 8.98874282836914, 8.67430305480957]","[[8.979726791381836, 5.396323204040527, 5.157505035400391, 9.513113021850586], [8.98874282836914, 5.026393890380859, 5.7317280769348145, 9.736014366149902], [8.67430305480957, 4.846602916717529, 4.619466781616211, 8.46226692199707]]","[[8.979726791381836, 5.396323204040527, 5.157505035400391, 9.513113021850586], [8.98874282836914, 5.026393890380859, 5.7317280769348145, 9.736014366149902], [8.67430305480957, 4.846602916717529, 4.619466781616211, 8.46226692199707]]",raw,True,True,False,shaped,0.8553680387003446,6.359932899475098,6.359932899475098,"[4.529945373535156, 4.668290138244629, 7.878115177154541]","[4.1553719811169065, 4.918201794523283, 7.883670445936298]",0.5231633186340332
DiagReachK3,180,W2,SR,shaped,raw,development_DiagReachK3_s180_W2_SR,9,old,True,False,False,False,"[8.949175834655762, 8.826333999633789, 8.540626525878906]","[[8.949175834655762, 5.555325031280518, 5.225364685058594, 9.732931137084961], [8.826333999633789, 4.988002300262451, 4.92034912109375, 8.83227825164795], [8.540626525878906, 5.231308937072754, 4.193305969238281, 8.41850471496582]]","[[8.949175834655762, 5.555325031280518, 5.225364685058594, 9.732931137084961], [8.826333999633789, 4.988002300262451, 4.92034912109375, 8.83227825164795], [8.540626525878906, 5.231308937072754, 4.193305969238281, 8.41850471496582]]",raw,True,True,False,shaped,2.002335442627065,4.727794170379639,4.727794170379639,"[5.178666114807129, 4.668255805969238, 8.529451370239258]","[4.188306965883898, 4.329956983708273, 7.201454211013075]",0.5799624919891357
DiagReachK3,180,W2,SR,shaped,raw,development_DiagReachK3_s180_W2_SR,10,joint_W2,True,True,False,False,"[9.0302734375, 9.044428825378418, 9.69273567199707]","[[9.0302734375, 5.501197814941406, 5.207607269287109, 9.671533584594727], [9.044428825378418, 4.894388198852539, 5.377449989318848, 9.198974609375], [9.69273567199707, 7.035276889801025, 6.569509029388428, 12.483463287353516]]","[[9.0302734375, 5.501197814941406, 5.207607269287109, 9.671533584594727], [9.044428825378418, 4.894388198852539, 5.377449989318848, 9.198974609375], [9.593494415283203, 7.035276889801025, 6.569509029388428, 12.483463287353516]]",raw,True,True,False,shaped,1.0851995503194,6.335157871246338,6.335157871246338,"[4.979758262634277, 4.003305912017822, 7.870042324066162]","[4.9701382566791334, 4.8837909131582045, 8.743757432178791]",0.5356438159942627
DiagReachK3,180,W2,SR,shaped,raw,development_DiagReachK3_s180_W2_SR,11,old,True,False,False,False,"[8.997326850891113, 8.889802932739258, 7.937736988067627]","[[8.997326850891113, 4.824742317199707, 5.3445539474487305, 9.070672035217285], [8.889802932739258, 5.696329593658447, 4.805424213409424, 9.468218803405762], [7.937736988067627, 3.6731696128845215, 4.20439338684082, 6.8435797691345215]]","[[8.997326850891113, 4.824742317199707, 5.3445539474487305, 9.070672035217285], [8.889802932739258, 5.696329593658447, 4.805424213409424, 9.468218803405762], [7.937736988067627, 3.6731696128845215, 4.20439338684082, 6.8435797691345215]]",raw,True,True,False,shaped,1.37683262983447,6.592990875244141,6.592990875244141,"[5.331189155578613, 5.241884708404541, 9.345003128051758]","[5.523240008528675, 4.205915655618491, 8.564878812402748]",0.5437817573547363
DiagReachK3,180,W2,SR,shaped,raw,development_DiagReachK3_s180_W2_SR,12,joint_W2,True,True,False,False,"[9.002220153808594, 9.257833480834961, 9.04482364654541]","[[9.002220153808594, 5.009787082672119, 5.367772579193115, 9.286952018737793], [9.257833480834961, 6.381213188171387, 5.616194725036621, 10.95890998840332], [9.04482364654541, 5.424887657165527, 5.334264755249023, 9.708850860595703]]","[[9.002220153808594, 5.009787082672119, 5.367772579193115, 9.286952018737793], [9.257833480834961, 6.381213188171387, 5.616194725036621, 10.95890998840332], [9.04482364654541, 5.424887657165527, 5.334264755249023, 9.708850860595703]]",raw,True,True,False,shaped,0.4552434407631777,7.147238731384277,7.147238731384277,"[3.9557716846466064, 4.523866653442383, 7.270440578460693]","[4.635348937806388, 4.647519008465409, 8.14193525088135]",0.5801949501037598
DiagReachK3,180,W2,SR,shaped,raw,development_DiagReachK3_s180_W2_SR,13,full_PPO,True,True,False,False,"[9.283278465270996, 9.380294799804688, 9.425320625305176]","[[9.283278465270996, 6.285123825073242, 5.5933356285095215, 10.85801887512207], [9.380294799804688, 6.376168251037598, 5.653762340545654, 11.013484954833984], [9.425320625305176, 5.998468399047852, 6.19681453704834, 11.148212432861328]]","[[9.283278465270996, 6.285123825073242, 5.5933356285095215, 10.85801887512207], [9.380294799804688, 6.376168251037598, 5.653762340545654, 11.013484954833984], [9.425320625305176, 5.998468399047852, 6.19681453704834, 11.148212432861328]]",raw,True,True,False,shaped,0.5717534556026846,7.031815528869629,7.031815528869629,"[5.222489356994629, 4.202744960784912, 8.258033752441406]","[5.191663290581267, 4.610346270612237, 8.658545850195983]",0.5435967445373535
DiagReachK3,180,W2,SR,shaped,raw,development_DiagReachK3_s180_W2_SR,14,old,True,False,False,False,"[9.415105819702148, 9.364052772521973, 8.995392799377441]","[[9.415105819702148, 5.932560920715332, 6.193739891052246, 11.060675621032715], [9.364052772521973, 5.377240180969238, 6.219909191131592, 10.503808975219727], [8.995392799377441, 4.456654071807861, 6.266818046569824, 9.55358600616455]]","[[9.415105819702148, 5.932560920715332, 6.193739891052246, 11.060675621032715], [9.364052772521973, 5.377240180969238, 6.219909191131592, 10.503808975219727], [8.995392799377441, 4.456654071807861, 6.266818046569824, 9.55358600616455]]",raw,True,True,False,shaped,1.9849380967723769,6.13088321685791,6.13088321685791,"[4.673698902130127, 5.290059566497803, 8.660313606262207]","[3.042571667941234, 5.562181755666594, 7.247550747814621]",0.5854823589324951
DiagReachK3,180,W2,SR,shaped,raw,development_DiagReachK3_s180_W2_SR,15,old,True,False,False,False,"[9.421972274780273, 9.25619125366211, 9.231802940368652]","[[9.421972274780273, 5.981204509735107, 6.21867561340332, 11.143755912780762], [9.25619125366211, 5.205266952514648, 5.616308212280273, 9.773056030273438], [9.231802940368652, 5.768306255340576, 5.458385467529297, 10.19326400756836]]","[[9.421972274780273, 5.981204509735107, 6.21867561340332, 11.143755912780762], [9.25619125366211, 5.205266952514648, 5.616308212280273, 9.773056030273438], [9.231802940368652, 5.768306255340576, 5.458385467529297, 10.19326400756836]]",raw,True,True,False,shaped,1.0353919604836543,7.078210353851318,7.078210353851318,"[5.894398212432861, 5.51062536239624, 10.21200942993164]","[5.433679968570409, 5.072610056145623, 9.296309089761115]",0.5865640640258789
DiagReachK3,180,W2,SR,shaped,raw,development_DiagReachK3_s180_W2_SR,16,old,True,False,False,False,"[9.441964149475098, 9.393251419067383, 9.552263259887695]","[[9.441964149475098, 5.9787187576293945, 6.286352157592773, 11.201807022094727], [9.393251419067383, 5.968484878540039, 6.339062213897705, 11.275150299072266], [9.552263259887695, 6.119265556335449, 6.69117546081543, 11.721431732177734]]","[[9.441964149475098, 5.9787187576293945, 6.286352157592773, 11.201807022094727], [9.393251419067383, 5.968484878540039, 6.339062213897705, 11.275150299072266], [9.377010345458984, 6.119265556335449, 6.69117546081543, 11.721431732177734]]",raw,True,True,False,shaped,0.6023070297625683,7.148924350738525,7.148924350738525,"[5.393462181091309, 5.159130096435547, 9.253374099731445]","[5.139631302676992, 5.485719239191916, 9.361466399001689]",0.6089377403259277
DiagReachK3,180,W2,SR,shaped,raw,development_DiagReachK3_s180_W2_SR,17,old,True,False,False,False,"[9.430140495300293, 9.325444221496582, 8.496763229370117]","[[9.430140495300293, 5.8810858726501465, 6.199609279632568, 11.022562026977539], [9.325444221496582, 5.773565769195557, 5.753158092498779, 10.522444725036621], [8.496763229370117, 4.846100330352783, 4.076639175415039, 7.993102550506592]]","[[9.430140495300293, 5.8810858726501465, 6.199609279632568, 11.022562026977539], [9.325444221496582, 5.773565769195557, 5.753158092498779, 10.522444725036621], [8.496763229370117, 4.846100330352783, 4.076639175415039, 7.993102550506592]]",raw,True,True,False,shaped,2.271144795595654,6.109960556030273,6.109960556030273,"[5.114368915557861, 5.627600193023682, 9.525178909301758]","[5.295430269990416, 4.997142315867315, 9.199266722265955]",0.6133244037628174
DiagReachK3,180,W2,SR,shaped,raw,development_DiagReachK3_s180_W2_SR,18,joint_W2,True,True,False,False,"[9.419928550720215, 9.454402923583984, 8.85580825805664]","[[9.419928550720215, 5.929955959320068, 6.234329700469971, 11.114767074584961], [9.454402923583984, 6.573237419128418, 5.759624481201172, 11.297451972961426], [8.85580825805664, 6.212220668792725, 4.247320175170898, 9.459541320800781]]","[[9.419928550720215, 5.929955959320068, 6.234329700469971, 11.114767074584961], [9.454402923583984, 6.573237419128418, 5.759624481201172, 11.297451972961426], [8.85580825805664, 6.212220668792725, 4.247320175170898, 9.459541320800781]]",raw,True,True,False,shaped,1.9618640664274196,5.852160930633545,5.852160930633545,"[5.525716781616211, 5.659287452697754, 9.99229621887207]","[5.668471658875804, 4.434891616324429, 8.943771630643367]",0.5611791610717773
DiagReachK3,180,W2,SR,shaped,raw,development_DiagReachK3_s180_W2_SR,19,old,True,False,False,False,"[9.455395698547363, 9.132669448852539, 8.976330757141113]","[[9.455395698547363, 6.644227981567383, 5.719902992248535, 11.321111679077148], [9.132669448852539, 6.136733055114746, 5.46638822555542, 10.526715278625488], [8.976330757141113, 4.950265407562256, 5.600563049316406, 9.51666259765625]]","[[9.455395698547363, 6.644227981567383, 5.719902992248535, 11.321111679077148], [9.132669448852539, 6.136733055114746, 5.46638822555542, 10.526715278625488], [8.976330757141113, 4.950265407562256, 5.600563049316406, 9.51666259765625]]",raw,True,True,False,shaped,1.3377803962986436,6.8939056396484375,6.8939056396484375,"[6.05681037902832, 5.264920234680176, 10.191492080688477]","[5.564269116294634, 5.357231902306711, 9.724909608372867]",0.548330545425415
DiagReachK3,180,W2,SR,shaped,raw,development_DiagReachK3_s180_W2_SR,20,joint_W2,False,False,False,False,"[9.390951156616211, 9.463716506958008, 8.701284408569336]","[[9.390951156616211, 6.76406192779541, 5.781018257141113, 11.49893856048584], [9.463716506958008, 6.022768497467041, 6.09702205657959, 11.072011947631836], [8.701284408569336, 6.470568656921387, 3.7853922843933105, 9.223520278930664]]","[[9.390951156616211, 6.76406192779541, 5.781018257141113, 11.49893856048584], [9.463716506958008, 6.022768497467041, 6.09702205657959, 11.072011947631836], [8.701284408569336, 6.470568656921387, 3.7853922843933105, 9.223520278930664]]",raw,True,True,False,shaped,0.6324195103208465,6.773770332336426,6.773770332336426,"[5.098940372467041, 5.205901145935059, 9.149232864379883]","[4.774114512082092, 5.576319714405642, 9.184008108226832]",0.5739264488220215
DiagReachK3,180,W2,SR,shaped,raw,development_DiagReachK3_s180_W2_SR,21,old,True,False,False,False,"[9.463861465454102, 9.394758224487305, 8.675167083740234]","[[9.463861465454102, 6.506746292114258, 5.748583793640137, 11.224567413330078], [9.394758224487305, 6.205595970153809, 5.44715690612793, 10.652752876281738], [8.675167083740234, 4.826055526733398, 5.099288463592529, 8.906005859375]]","[[9.463861465454102, 6.506746292114258, 5.748583793640137, 11.224567413330078], [9.394758224487305, 6.205595970153809, 5.44715690612793, 10.652752876281738], [8.675167083740234, 4.826055526733398, 5.099288463592529, 8.906005859375]]",raw,True,True,False,shaped,0.9996943589676359,6.62589168548584,6.62589168548584,"[6.017346382141113, 4.441461086273193, 9.326416015625]","[4.835436996716842, 3.867709960860879, 7.6950028774854]",0.5796613693237305
DiagReachK3,180,W2,SR,shaped,raw,development_DiagReachK3_s180_W2_SR,22,old,True,False,False,False,"[9.422941207885742, 9.680375099182129, 9.74148178100586]","[[9.422941207885742, 6.721711158752441, 5.688299655914307, 11.372110366821289], [9.680375099182129, 6.356579303741455, 6.43674373626709, 11.739598274230957], [9.74148178100586, 7.085948467254639, 6.416211128234863, 12.420929908752441]]","[[9.422941207885742, 6.721711158752441, 5.688299655914307, 11.372110366821289], [9.675082206726074, 6.356579303741455, 6.43674373626709, 11.739598274230957], [9.66115665435791, 7.085948467254639, 6.416211128234863, 12.420929908752441]]",raw,True,True,False,shaped,0.7537124604953004,7.089053153991699,7.089053153991699,"[5.3252410888671875, 4.4188127517700195, 8.660873413085938]","[5.317449277099914, 4.646622900435317, 8.845491196554459]",0.5277156829833984
DiagReachK3,180,W2,SR,shaped,raw,development_DiagReachK3_s180_W2_SR,23,full_PPO,True,True,False,False,"[9.429341316223145, 9.258655548095703, 9.491145133972168]","[[9.429341316223145, 6.567187309265137, 5.692839622497559, 11.218746185302734], [9.258655548095703, 5.942385673522949, 5.5206990242004395, 10.408082008361816], [9.491145133972168, 6.299208641052246, 6.053922653198242, 11.283441543579102]]","[[9.429341316223145, 6.567187309265137, 5.692839622497559, 11.218746185302734], [9.258655548095703, 5.942385673522949, 5.5206990242004395, 10.408082008361816], [9.491145133972168, 6.299208641052246, 6.053922653198242, 11.283441543579102]]",raw,True,True,False,shaped,1.2693529808284825,6.560860633850098,6.560860633850098,"[5.9797868728637695, 5.050626277923584, 9.928434371948242]","[5.479944367049934, 4.692849513575935, 9.065479356130187]",0.5732288360595703
DiagReachK3,180,W2,SR,shaped,raw,development_DiagReachK3_s180_W2_SR,24,old,True,False,False,False,"[9.511344909667969, 9.36982250213623, 9.902198791503906]","[[9.511344909667969, 6.294055461883545, 6.109472274780273, 11.338724136352539], [9.36982250213623, 5.92936372756958, 6.507516384124756, 11.393049240112305], [9.902198791503906, 7.0673112869262695, 6.6768927574157715, 12.65443229675293]]","[[9.511344909667969, 6.294055461883545, 6.109472274780273, 11.338724136352539], [9.351916313171387, 5.92936372756958, 6.507516384124756, 11.393049240112305], [9.623159408569336, 7.0673112869262695, 6.6768927574157715, 12.65443229675293]]",raw,True,True,False,shaped,0.5278976175170668,7.424342155456543,7.424342155456543,"[5.561214447021484, 4.740460395812988, 9.117243766784668]","[5.690408686646861, 5.094649471290033, 9.594501968277385]",0.5554237365722656
DiagReachK3,180,W2,SS,shaped,shaped,development_DiagReachK3_s180_W2_SS,0,full_PPO,True,True,False,False,"[2.13088321685791, 4.591607570648193, 6.361283302307129]","[[2.13088321685791, 0.0, 0.24788831174373627, 0.0], [4.591607570648193, 0.42026644945144653, 1.5907975435256958, 1.2896556854248047], [6.361283302307129, 1.891119122505188, 2.628575086593628, 3.7228024005889893]]","[[2.13088321685791, 0.0, 0.24788831174373627, 0.0], [4.591607570648193, 0.42026644945144653, 1.5907975435256958, 1.2896556854248047], [6.361283302307129, 1.891119122505188, 2.628575086593628, 3.7228024005889893]]",shaped,True,True,False,shaped,1.2333040713046295,3.8101646900177,3.8101646900177,"[1.2264814376831055, 2.887852191925049, 2.8972878456115723]","[2.039407989208063, 3.993036157151221, 4.6974335227941175]",0.921905517578125
DiagReachK3,180,W2,SS,shaped,shaped,development_DiagReachK3_s180_W2_SS,1,full_PPO,True,True,False,False,"[6.427142143249512, 7.436110496520996, 8.397612571716309]","[[6.427142143249512, 2.024001359939575, 2.744678020477295, 3.947922468185425], [7.436110496520996, 3.625998020172119, 3.0072340965270996, 5.787110328674316], [8.397612571716309, 5.393280029296875, 3.991626262664795, 8.440935134887695]]","[[6.427142143249512, 2.024001359939575, 2.744678020477295, 3.947922468185425], [7.436110496520996, 3.625998020172119, 3.0072340965270996, 5.787110328674316], [8.397612571716309, 5.393280029296875, 3.991626262664795, 8.440935134887695]]",shaped,True,True,False,shaped,1.046686673134576,5.371879577636719,5.371879577636719,"[2.3469161987304688, 3.286191940307617, 4.3901166915893555]","[2.935523164595007, 3.704954985075437, 5.351707143426823]",0.6569681167602539
DiagReachK3,180,W2,SS,shaped,shaped,development_DiagReachK3_s180_W2_SS,2,joint_W2,True,True,False,False,"[8.378080368041992, 8.526117324829102, 8.048110961914062]","[[8.378080368041992, 5.591276168823242, 3.972588539123535, 8.624336242675781], [8.526117324829102, 6.2817158699035645, 4.04124641418457, 9.328981399536133], [8.733466148376465, 7.797431945800781, 4.534898281097412, 11.332329750061035]]","[[8.378080368041992, 5.591276168823242, 3.972588539123535, 8.624336242675781], [8.526117324829102, 6.2817158699035645, 4.04124641418457, 9.328981399536133], [8.048110961914062, 7.797431945800781, 4.534898281097412, 11.332329750061035]]",shaped,True,True,False,shaped,0.7545662959850447,6.1014251708984375,6.1014251708984375,"[4.495903015136719, 3.8987574577331543, 7.250419616699219]","[5.328160795106577, 3.406809054803914, 7.555279267740314]",0.9247679710388184
DiagReachK3,180,W2,SS,shaped,shaped,development_DiagReachK3_s180_W2_SS,3,old,True,False,False,False,"[8.591862678527832, 8.2699556350708, 8.021331787109375]","[[8.591862678527832, 6.229706764221191, 4.098115921020508, 9.341594696044922], [8.2699556350708, 6.054931163787842, 3.4169461727142334, 8.533578872680664], [8.021331787109375, 4.1840057373046875, 3.768587350845337, 7.021758079528809]]","[[8.591862678527832, 6.229706764221191, 4.098115921020508, 9.341594696044922], [8.2699556350708, 6.054931163787842, 3.4169461727142334, 8.533578872680664], [8.021331787109375, 4.1840057373046875, 3.768587350845337, 7.021758079528809]]",shaped,True,True,False,shaped,1.997546794060969,5.367215633392334,5.367215633392334,"[5.148863792419434, 3.335831880569458, 7.150544166564941]","[4.533366561385911, 2.517712580613209, 5.691169382788283]",0.5871961116790771
DiagReachK3,180,W2,SS,shaped,shaped,development_DiagReachK3_s180_W2_SS,4,joint_W2,True,True,False,False,"[8.536398887634277, 8.59662914276123, 8.236163139343262]","[[8.536398887634277, 6.180357933044434, 4.021276950836182, 9.207021713256836], [8.59662914276123, 6.589650630950928, 4.144557476043701, 9.730904579162598], [8.736960411071777, 7.6281867027282715, 4.472023010253906, 11.091605186462402]]","[[8.536398887634277, 6.180357933044434, 4.021276950836182, 9.207021713256836], [8.59662914276123, 6.589650630950928, 4.144557476043701, 9.730904579162598], [8.236163139343262, 7.6281867027282715, 4.472023010253906, 11.091605186462402]]",shaped,True,True,False,shaped,1.1659881928309188,6.001425266265869,6.001425266265869,"[4.533877372741699, 3.9269537925720215, 7.277371406555176]","[3.7669798196145026, 3.3053097587340083, 5.860783979225937]",0.909379243850708
DiagReachK3,180,W2,SS,shaped,shaped,development_DiagReachK3_s180_W2_SS,5,full_PPO,True,True,False,False,"[8.648048400878906, 8.116540908813477, 8.991022109985352]","[[8.648048400878906, 6.571475982666016, 4.222593307495117, 9.79407024383545], [8.313425064086914, 7.275637626647949, 3.4925384521484375, 9.770774841308594], [8.991022109985352, 5.444563388824463, 5.197815418243408, 9.588447570800781]]","[[8.648048400878906, 6.571475982666016, 4.222593307495117, 9.79407024383545], [8.116540908813477, 7.275637626647949, 3.4925384521484375, 9.770774841308594], [8.991022109985352, 5.444563388824463, 5.197815418243408, 9.588447570800781]]",shaped,True,True,False,shaped,0.6039704085692148,6.007938385009766,6.007938385009766,"[5.214888572692871, 4.175436973571777, 8.214569091796875]","[5.315184405856874, 3.800361568639957, 7.902452669274937]",0.9868252277374268
DiagReachK3,180,W2,SS,shaped,shaped,development_DiagReachK3_s180_W2_SS,6,old,True,False,False,False,"[8.926063537597656, 8.617108345031738, 8.822471618652344]","[[8.926063537597656, 5.520936489105225, 5.096939563751221, 9.576421737670898], [8.617108345031738, 5.198342323303223, 4.338984966278076, 8.523143768310547], [8.822471618652344, 6.187694072723389, 4.229792594909668, 9.417486190795898]]","[[8.926063537597656, 5.520936489105225, 5.096939563751221, 9.576421737670898], [8.617108345031738, 5.198342323303223, 4.338984966278076, 8.523143768310547], [8.822471618652344, 6.187694072723389, 4.229792594909668, 9.417486190795898]]",shaped,True,True,False,shaped,2.325148472499508,6.068336009979248,6.068336009979248,"[4.465350151062012, 4.621954917907715, 7.926368713378906]","[3.7717844665964346, 3.8747614978588905, 6.538063471094972]",0.5592238903045654
DiagReachK3,180,W2,SS,shaped,shaped,development_DiagReachK3_s180_W2_SS,7,old,True,False,False,False,"[8.967510223388672, 8.891714096069336, 8.374872207641602]","[[8.967510223388672, 5.5507378578186035, 5.179305553436279, 9.680514335632324], [8.891714096069336, 5.159604072570801, 4.999242305755615, 9.124696731567383], [8.374872207641602, 5.771051406860352, 3.4809701442718506, 8.252020835876465]]","[[8.967510223388672, 5.5507378578186035, 5.179305553436279, 9.680514335632324], [8.891714096069336, 5.159604072570801, 4.999242305755615, 9.124696731567383], [8.374872207641602, 5.771051406860352, 3.4809701442718506, 8.252020835876465]]",shaped,True,True,False,shaped,0.7018353332060185,6.483711242675781,6.483711242675781,"[4.601455211639404, 4.880434989929199, 8.256479263305664]","[4.284444396250292, 4.497469157358236, 7.680798000179308]",0.5063533782958984
DiagReachK3,180,W2,SS,shaped,shaped,development_DiagReachK3_s180_W2_SS,8,joint_W2,False,False,False,False,"[8.979726791381836, 8.98874282836914, 8.67430305480957]","[[8.979726791381836, 5.396323204040527, 5.157505035400391, 9.513113021850586], [8.98874282836914, 5.026393890380859, 5.7317280769348145, 9.736014366149902], [8.67430305480957, 4.846602916717529, 4.619466781616211, 8.46226692199707]]","[[8.979726791381836, 5.396323204040527, 5.157505035400391, 9.513113021850586], [8.98874282836914, 5.026393890380859, 5.7317280769348145, 9.736014366149902], [8.67430305480957, 4.846602916717529, 4.619466781616211, 8.46226692199707]]",shaped,True,True,False,shaped,0.8553680387003446,6.359932899475098,6.359932899475098,"[4.529945373535156, 4.668290138244629, 7.878115177154541]","[4.1553719811169065, 4.918201794523283, 7.883670445936298]",0.5092480182647705
DiagReachK3,180,W2,SS,shaped,shaped,development_DiagReachK3_s180_W2_SS,9,old,True,False,False,False,"[8.949175834655762, 8.826333999633789, 8.540626525878906]","[[8.949175834655762, 5.555325031280518, 5.225364685058594, 9.732931137084961], [8.826333999633789, 4.988002300262451, 4.92034912109375, 8.83227825164795], [8.540626525878906, 5.231308937072754, 4.193305969238281, 8.41850471496582]]","[[8.949175834655762, 5.555325031280518, 5.225364685058594, 9.732931137084961], [8.826333999633789, 4.988002300262451, 4.92034912109375, 8.83227825164795], [8.540626525878906, 5.231308937072754, 4.193305969238281, 8.41850471496582]]",shaped,True,True,False,shaped,2.002335442627065,4.727794170379639,4.727794170379639,"[5.178666114807129, 4.668255805969238, 8.529451370239258]","[4.188306965883898, 4.329956983708273, 7.201454211013075]",0.5682024955749512
DiagReachK3,180,W2,SS,shaped,shaped,development_DiagReachK3_s180_W2_SS,10,joint_W2,True,True,False,False,"[9.0302734375, 9.044428825378418, 9.593494415283203]","[[9.0302734375, 5.501197814941406, 5.207607269287109, 9.671533584594727], [9.044428825378418, 4.894388198852539, 5.377449989318848, 9.198974609375], [9.69273567199707, 7.035276889801025, 6.569509029388428, 12.483463287353516]]","[[9.0302734375, 5.501197814941406, 5.207607269287109, 9.671533584594727], [9.044428825378418, 4.894388198852539, 5.377449989318848, 9.198974609375], [9.593494415283203, 7.035276889801025, 6.569509029388428, 12.483463287353516]]",shaped,True,True,False,shaped,1.0851995503194,6.335157871246338,6.335157871246338,"[4.979758262634277, 4.003305912017822, 7.870042324066162]","[4.9701382566791334, 4.8837909131582045, 8.743757432178791]",0.5287988185882568
DiagReachK3,180,W2,SS,shaped,shaped,development_DiagReachK3_s180_W2_SS,11,old,True,False,False,False,"[8.997326850891113, 8.889802932739258, 7.937736988067627]","[[8.997326850891113, 4.824742317199707, 5.3445539474487305, 9.070672035217285], [8.889802932739258, 5.696329593658447, 4.805424213409424, 9.468218803405762], [7.937736988067627, 3.6731696128845215, 4.20439338684082, 6.8435797691345215]]","[[8.997326850891113, 4.824742317199707, 5.3445539474487305, 9.070672035217285], [8.889802932739258, 5.696329593658447, 4.805424213409424, 9.468218803405762], [7.937736988067627, 3.6731696128845215, 4.20439338684082, 6.8435797691345215]]",shaped,True,True,False,shaped,1.37683262983447,6.592990875244141,6.592990875244141,"[5.331189155578613, 5.241884708404541, 9.345003128051758]","[5.523240008528675, 4.205915655618491, 8.564878812402748]",0.5258536338806152
DiagReachK3,180,W2,SS,shaped,shaped,development_DiagReachK3_s180_W2_SS,12,joint_W2,True,True,False,False,"[9.002220153808594, 9.257833480834961, 9.04482364654541]","[[9.002220153808594, 5.009787082672119, 5.367772579193115, 9.286952018737793], [9.257833480834961, 6.381213188171387, 5.616194725036621, 10.95890998840332], [9.04482364654541, 5.424887657165527, 5.334264755249023, 9.708850860595703]]","[[9.002220153808594, 5.009787082672119, 5.367772579193115, 9.286952018737793], [9.257833480834961, 6.381213188171387, 5.616194725036621, 10.95890998840332], [9.04482364654541, 5.424887657165527, 5.334264755249023, 9.708850860595703]]",shaped,True,True,False,shaped,0.4552434407631777,7.147238731384277,7.147238731384277,"[3.9557716846466064, 4.523866653442383, 7.270440578460693]","[4.635348937806388, 4.647519008465409, 8.14193525088135]",0.5947623252868652
DiagReachK3,180,W2,SS,shaped,shaped,development_DiagReachK3_s180_W2_SS,13,full_PPO,True,True,False,False,"[9.283278465270996, 9.380294799804688, 9.425320625305176]","[[9.283278465270996, 6.285123825073242, 5.5933356285095215, 10.85801887512207], [9.380294799804688, 6.376168251037598, 5.653762340545654, 11.013484954833984], [9.425320625305176, 5.998468399047852, 6.19681453704834, 11.148212432861328]]","[[9.283278465270996, 6.285123825073242, 5.5933356285095215, 10.85801887512207], [9.380294799804688, 6.376168251037598, 5.653762340545654, 11.013484954833984], [9.425320625305176, 5.998468399047852, 6.19681453704834, 11.148212432861328]]",shaped,True,True,False,shaped,0.5717534556026846,7.031815528869629,7.031815528869629,"[5.222489356994629, 4.202744960784912, 8.258033752441406]","[5.191663290581267, 4.610346270612237, 8.658545850195983]",0.5564167499542236
DiagReachK3,180,W2,SS,shaped,shaped,development_DiagReachK3_s180_W2_SS,14,old,True,False,False,False,"[9.415105819702148, 9.364052772521973, 8.995392799377441]","[[9.415105819702148, 5.932560920715332, 6.193739891052246, 11.060675621032715], [9.364052772521973, 5.377240180969238, 6.219909191131592, 10.503808975219727], [8.995392799377441, 4.456654071807861, 6.266818046569824, 9.55358600616455]]","[[9.415105819702148, 5.932560920715332, 6.193739891052246, 11.060675621032715], [9.364052772521973, 5.377240180969238, 6.219909191131592, 10.503808975219727], [8.995392799377441, 4.456654071807861, 6.266818046569824, 9.55358600616455]]",shaped,True,True,False,shaped,1.9849380967723769,6.13088321685791,6.13088321685791,"[4.673698902130127, 5.290059566497803, 8.660313606262207]","[3.042571667941234, 5.562181755666594, 7.247550747814621]",0.5831608772277832
DiagReachK3,180,W2,SS,shaped,shaped,development_DiagReachK3_s180_W2_SS,15,old,True,False,False,False,"[9.421972274780273, 9.25619125366211, 9.231802940368652]","[[9.421972274780273, 5.981204509735107, 6.21867561340332, 11.143755912780762], [9.25619125366211, 5.205266952514648, 5.616308212280273, 9.773056030273438], [9.231802940368652, 5.768306255340576, 5.458385467529297, 10.19326400756836]]","[[9.421972274780273, 5.981204509735107, 6.21867561340332, 11.143755912780762], [9.25619125366211, 5.205266952514648, 5.616308212280273, 9.773056030273438], [9.231802940368652, 5.768306255340576, 5.458385467529297, 10.19326400756836]]",shaped,True,True,False,shaped,1.0353919604836543,7.078210353851318,7.078210353851318,"[5.894398212432861, 5.51062536239624, 10.21200942993164]","[5.433679968570409, 5.072610056145623, 9.296309089761115]",0.6023766994476318
DiagReachK3,180,W2,SS,shaped,shaped,development_DiagReachK3_s180_W2_SS,16,old,True,False,False,False,"[9.441964149475098, 9.393251419067383, 9.377010345458984]","[[9.441964149475098, 5.9787187576293945, 6.286352157592773, 11.201807022094727], [9.393251419067383, 5.968484878540039, 6.339062213897705, 11.275150299072266], [9.552263259887695, 6.119265556335449, 6.69117546081543, 11.721431732177734]]","[[9.441964149475098, 5.9787187576293945, 6.286352157592773, 11.201807022094727], [9.393251419067383, 5.968484878540039, 6.339062213897705, 11.275150299072266], [9.377010345458984, 6.119265556335449, 6.69117546081543, 11.721431732177734]]",shaped,True,True,False,shaped,0.6023070297625683,7.148924350738525,7.148924350738525,"[5.393462181091309, 5.159130096435547, 9.253374099731445]","[5.139631302676992, 5.485719239191916, 9.361466399001689]",0.5751631259918213
DiagReachK3,180,W2,SS,shaped,shaped,development_DiagReachK3_s180_W2_SS,17,old,True,False,False,False,"[9.430140495300293, 9.325444221496582, 8.496763229370117]","[[9.430140495300293, 5.8810858726501465, 6.199609279632568, 11.022562026977539], [9.325444221496582, 5.773565769195557, 5.753158092498779, 10.522444725036621], [8.496763229370117, 4.846100330352783, 4.076639175415039, 7.993102550506592]]","[[9.430140495300293, 5.8810858726501465, 6.199609279632568, 11.022562026977539], [9.325444221496582, 5.773565769195557, 5.753158092498779, 10.522444725036621], [8.496763229370117, 4.846100330352783, 4.076639175415039, 7.993102550506592]]",shaped,True,True,False,shaped,2.271144795595654,6.109960556030273,6.109960556030273,"[5.114368915557861, 5.627600193023682, 9.525178909301758]","[5.295430269990416, 4.997142315867315, 9.199266722265955]",0.6084942817687988
DiagReachK3,180,W2,SS,shaped,shaped,development_DiagReachK3_s180_W2_SS,18,joint_W2,True,True,False,False,"[9.419928550720215, 9.454402923583984, 8.85580825805664]","[[9.419928550720215, 5.929955959320068, 6.234329700469971, 11.114767074584961], [9.454402923583984, 6.573237419128418, 5.759624481201172, 11.297451972961426], [8.85580825805664, 6.212220668792725, 4.247320175170898, 9.459541320800781]]","[[9.419928550720215, 5.929955959320068, 6.234329700469971, 11.114767074584961], [9.454402923583984, 6.573237419128418, 5.759624481201172, 11.297451972961426], [8.85580825805664, 6.212220668792725, 4.247320175170898, 9.459541320800781]]",shaped,True,True,False,shaped,1.9618640664274196,5.852160930633545,5.852160930633545,"[5.525716781616211, 5.659287452697754, 9.99229621887207]","[5.668471658875804, 4.434891616324429, 8.943771630643367]",0.5569794178009033
DiagReachK3,180,W2,SS,shaped,shaped,development_DiagReachK3_s180_W2_SS,19,old,True,False,False,False,"[9.455395698547363, 9.132669448852539, 8.976330757141113]","[[9.455395698547363, 6.644227981567383, 5.719902992248535, 11.321111679077148], [9.132669448852539, 6.136733055114746, 5.46638822555542, 10.526715278625488], [8.976330757141113, 4.950265407562256, 5.600563049316406, 9.51666259765625]]","[[9.455395698547363, 6.644227981567383, 5.719902992248535, 11.321111679077148], [9.132669448852539, 6.136733055114746, 5.46638822555542, 10.526715278625488], [8.976330757141113, 4.950265407562256, 5.600563049316406, 9.51666259765625]]",shaped,True,True,False,shaped,1.3377803962986436,6.8939056396484375,6.8939056396484375,"[6.05681037902832, 5.264920234680176, 10.191492080688477]","[5.564269116294634, 5.357231902306711, 9.724909608372867]",0.521653413772583
DiagReachK3,180,W2,SS,shaped,shaped,development_DiagReachK3_s180_W2_SS,20,joint_W2,False,False,False,False,"[9.390951156616211, 9.463716506958008, 8.701284408569336]","[[9.390951156616211, 6.76406192779541, 5.781018257141113, 11.49893856048584], [9.463716506958008, 6.022768497467041, 6.09702205657959, 11.072011947631836], [8.701284408569336, 6.470568656921387, 3.7853922843933105, 9.223520278930664]]","[[9.390951156616211, 6.76406192779541, 5.781018257141113, 11.49893856048584], [9.463716506958008, 6.022768497467041, 6.09702205657959, 11.072011947631836], [8.701284408569336, 6.470568656921387, 3.7853922843933105, 9.223520278930664]]",shaped,True,True,False,shaped,0.6324195103208465,6.773770332336426,6.773770332336426,"[5.098940372467041, 5.205901145935059, 9.149232864379883]","[4.774114512082092, 5.576319714405642, 9.184008108226832]",0.5645730495452881
DiagReachK3,180,W2,SS,shaped,shaped,development_DiagReachK3_s180_W2_SS,21,old,True,False,False,False,"[9.463861465454102, 9.394758224487305, 8.675167083740234]","[[9.463861465454102, 6.506746292114258, 5.748583793640137, 11.224567413330078], [9.394758224487305, 6.205595970153809, 5.44715690612793, 10.652752876281738], [8.675167083740234, 4.826055526733398, 5.099288463592529, 8.906005859375]]","[[9.463861465454102, 6.506746292114258, 5.748583793640137, 11.224567413330078], [9.394758224487305, 6.205595970153809, 5.44715690612793, 10.652752876281738], [8.675167083740234, 4.826055526733398, 5.099288463592529, 8.906005859375]]",shaped,True,True,False,shaped,0.9996943589676359,6.62589168548584,6.62589168548584,"[6.017346382141113, 4.441461086273193, 9.326416015625]","[4.835436996716842, 3.867709960860879, 7.6950028774854]",0.5617144107818604
DiagReachK3,180,W2,SS,shaped,shaped,development_DiagReachK3_s180_W2_SS,22,old,True,False,False,False,"[9.422941207885742, 9.675082206726074, 9.66115665435791]","[[9.422941207885742, 6.721711158752441, 5.688299655914307, 11.372110366821289], [9.680375099182129, 6.356579303741455, 6.43674373626709, 11.739598274230957], [9.74148178100586, 7.085948467254639, 6.416211128234863, 12.420929908752441]]","[[9.422941207885742, 6.721711158752441, 5.688299655914307, 11.372110366821289], [9.675082206726074, 6.356579303741455, 6.43674373626709, 11.739598274230957], [9.66115665435791, 7.085948467254639, 6.416211128234863, 12.420929908752441]]",shaped,True,True,False,shaped,0.7537124604953004,7.089053153991699,7.089053153991699,"[5.3252410888671875, 4.4188127517700195, 8.660873413085938]","[5.317449277099914, 4.646622900435317, 8.845491196554459]",0.5148897171020508
DiagReachK3,180,W2,SS,shaped,shaped,development_DiagReachK3_s180_W2_SS,23,full_PPO,True,True,False,False,"[9.429341316223145, 9.258655548095703, 9.491145133972168]","[[9.429341316223145, 6.567187309265137, 5.692839622497559, 11.218746185302734], [9.258655548095703, 5.942385673522949, 5.5206990242004395, 10.408082008361816], [9.491145133972168, 6.299208641052246, 6.053922653198242, 11.283441543579102]]","[[9.429341316223145, 6.567187309265137, 5.692839622497559, 11.218746185302734], [9.258655548095703, 5.942385673522949, 5.5206990242004395, 10.408082008361816], [9.491145133972168, 6.299208641052246, 6.053922653198242, 11.283441543579102]]",shaped,True,True,False,shaped,1.2693529808284825,6.560860633850098,6.560860633850098,"[5.9797868728637695, 5.050626277923584, 9.928434371948242]","[5.479944367049934, 4.692849513575935, 9.065479356130187]",0.5576257705688477
DiagReachK3,180,W2,SS,shaped,shaped,development_DiagReachK3_s180_W2_SS,24,old,True,False,False,False,"[9.511344909667969, 9.351916313171387, 9.623159408569336]","[[9.511344909667969, 6.294055461883545, 6.109472274780273, 11.338724136352539], [9.36982250213623, 5.92936372756958, 6.507516384124756, 11.393049240112305], [9.902198791503906, 7.0673112869262695, 6.6768927574157715, 12.65443229675293]]","[[9.511344909667969, 6.294055461883545, 6.109472274780273, 11.338724136352539], [9.351916313171387, 5.92936372756958, 6.507516384124756, 11.393049240112305], [9.623159408569336, 7.0673112869262695, 6.6768927574157715, 12.65443229675293]]",shaped,True,True,False,shaped,0.5278976175170668,7.424342155456543,7.424342155456543,"[5.561214447021484, 4.740460395812988, 9.117243766784668]","[5.690408686646861, 5.094649471290033, 9.594501968277385]",0.545417308807373
DiagReachK3,186,KL,RR,raw,raw,development_DiagReachK3_s186_KL_RR,0,full_PPO,True,True,False,False,"[4.990869522094727, 6.041489601135254, 7.401331901550293]","[[4.990869522094727, 5.279749393463135, 0.0, 2.524906873703003], [6.041489601135254, 6.604874610900879, 0.011389240622520447, 4.759999752044678], [7.401331901550293, 6.547670364379883, 1.3216567039489746, 6.675121784210205]]","[[4.990869522094727, 5.279749393463135, 0.0, 2.524906873703003], [6.041489601135254, 6.604874610900879, 0.011389240622520447, 4.759999752044678], [7.401331901550293, 6.547670364379883, 1.3216567039489746, 6.675121784210205]]",raw,True,True,False,raw,1.7104754966725977,4.997136116027832,4.105929374694824,"[5.587384223937988, 1.1736201047897339, 4.714179992675781]","[6.851398108693832, 1.6531408550285318, 6.697274228835497]",0.5518898963928223
DiagReachK3,186,KL,RR,raw,raw,development_DiagReachK3_s186_KL_RR,1,old,True,False,False,False,"[7.494083404541016, 8.256196022033691, 8.129494667053223]","[[7.494083404541016, 6.688045024871826, 1.361137866973877, 6.825448036193848], [8.256196022033691, 7.1989545822143555, 2.219675302505493, 8.264698028564453], [8.129494667053223, 7.539281845092773, 2.051539897918701, 8.417733192443848]]","[[7.494083404541016, 6.688045024871826, 1.361137866973877, 6.825448036193848], [8.11408519744873, 7.1989545822143555, 2.219675302505493, 8.264698028564453], [7.678256988525391, 7.539281845092773, 2.051539897918701, 8.417733192443848]]",raw,True,True,False,raw,1.0946396477606288,5.446009635925293,4.962791919708252,"[4.790313720703125, 2.3940582275390625, 5.922368049621582]","[5.9425836944000245, 3.1902042473966468, 7.81053314271181]",0.5816977024078369
DiagReachK3,186,KL,RR,raw,raw,development_DiagReachK3_s186_KL_RR,2,full_PPO,True,True,False,False,"[7.468100547790527, 8.390878677368164, 8.566362380981445]","[[7.468100547790527, 6.703367710113525, 1.4103351831436157, 6.916761875152588], [8.390878677368164, 8.183430671691895, 2.499688148498535, 9.556291580200195], [8.566362380981445, 6.140750885009766, 3.2848782539367676, 8.407516479492188]]","[[7.468100547790527, 6.703367710113525, 1.4103351831436157, 6.916761875152588], [6.954424858093262, 8.183430671691895, 2.499688148498535, 9.556291580200195], [8.566362380981445, 6.140750885009766, 3.2848782539367676, 8.407516479492188]]",raw,True,True,False,raw,0.87830125919961,5.630402565002441,4.831422328948975,"[5.050079345703125, 2.0617501735687256, 5.752021789550781]","[6.211282402151699, 2.6041829262013114, 7.403907441906265]",0.6822659969329834
DiagReachK3,186,KL,RR,raw,raw,development_DiagReachK3_s186_KL_RR,3,old,True,False,False,False,"[8.47177505493164, 9.023199081420898, 9.440909385681152]","[[8.47177505493164, 5.941409111022949, 3.1785311698913574, 8.142810821533203], [9.023199081420898, 7.108949661254883, 3.8374171257019043, 9.943852424621582], [9.440909385681152, 7.317363739013672, 5.004917621612549, 11.314207077026367]]","[[8.47177505493164, 5.941409111022949, 3.1785311698913574, 8.142810821533203], [8.936232566833496, 7.108949661254883, 3.8374171257019043, 9.943852424621582], [9.19825553894043, 7.317363739013672, 5.004917621612549, 11.314207077026367]]",raw,True,True,False,raw,1.0551716965118174,6.085940837860107,5.6487555503845215,"[4.027746677398682, 3.7174906730651855, 6.584290981292725]","[5.079356332972857, 4.69080886199462, 8.51774411626907]",0.5896918773651123
DiagReachK3,186,KL,RR,raw,raw,development_DiagReachK3_s186_KL_RR,4,full_PPO,True,True,False,False,"[8.539265632629395, 9.194106101989746, 8.711177825927734]","[[8.539265632629395, 5.965526580810547, 3.193142890930176, 8.165852546691895], [9.194106101989746, 7.404364109039307, 4.226232528686523, 10.628063201904297], [8.711177825927734, 5.1023101806640625, 4.943767547607422, 9.054317474365234]]","[[8.539265632629395, 5.965526580810547, 3.193142890930176, 8.165852546691895], [8.865148544311523, 7.404364109039307, 4.226232528686523, 10.628063201904297], [8.711177825927734, 5.1023101806640625, 4.943767547607422, 9.054317474365234]]",raw,True,True,False,raw,1.0338412125794527,6.406130790710449,5.397719383239746,"[4.804645538330078, 3.3509318828582764, 6.707678318023682]","[6.3625624848482065, 4.210526730195057, 9.306975104591448]",0.5699841976165771
DiagReachK3,186,KL,RR,raw,raw,development_DiagReachK3_s186_KL_RR,5,joint_KL,True,True,False,False,"[8.67919921875, 9.188494682312012, 9.426846504211426]","[[8.67919921875, 5.118178844451904, 4.94639253616333, 9.064571380615234], [9.188494682312012, 5.748349189758301, 5.396369934082031, 10.133143424987793], [9.426846504211426, 6.889297008514404, 4.899039268493652, 10.785667419433594]]","[[8.67919921875, 5.118178844451904, 4.94639253616333, 9.064571380615234], [9.188494682312012, 5.748349189758301, 5.396369934082031, 10.133143424987793], [9.403173446655273, 6.889297008514404, 4.899039268493652, 10.785667419433594]]",raw,True,True,False,raw,0.6365402109956521,6.948422908782959,6.715205192565918,"[4.713273525238037, 4.866559028625488, 8.416446685791016]","[5.45832042873109, 4.945791253316656, 9.267037761293818]",0.6633522510528564
DiagReachK3,186,KL,RR,raw,raw,development_DiagReachK3_s186_KL_RR,6,full_PPO,True,True,False,False,"[9.175376892089844, 9.227129936218262, 9.497601509094238]","[[9.175376892089844, 5.789115905761719, 5.300717353820801, 10.08958625793457], [9.227129936218262, 6.435181140899658, 6.182916641235352, 11.612041473388672], [9.497601509094238, 6.379401206970215, 6.119515895843506, 11.44283676147461]]","[[9.175376892089844, 5.789115905761719, 5.300717353820801, 10.08958625793457], [9.227129936218262, 6.435181140899658, 6.182916641235352, 11.612041473388672], [9.497601509094238, 6.379401206970215, 6.119515895843506, 11.44283676147461]]",raw,True,True,False,raw,0.5926966537808573,7.186753749847412,6.944550514221191,"[4.93308162689209, 4.338831424713135, 8.17248249053955]","[5.348360339470485, 4.539348095266123, 8.769808953817]",0.6152341365814209
DiagReachK3,186,KL,RR,raw,raw,development_DiagReachK3_s186_KL_RR,7,joint_KL,False,False,False,False,"[9.531320571899414, 9.538437843322754, 9.27457332611084]","[[9.531320571899414, 6.413599014282227, 6.198402404785156, 11.540687561035156], [9.538437843322754, 6.4305219650268555, 6.463197231292725, 11.780229568481445], [9.27457332611084, 6.058320045471191, 5.385800361633301, 10.402436256408691]]","[[9.531320571899414, 6.413599014282227, 6.198402404785156, 11.540687561035156], [9.538437843322754, 6.4305219650268555, 6.463197231292725, 11.780229568481445], [9.27457332611084, 6.058320045471191, 5.385800361633301, 10.402436256408691]]",raw,True,True,False,raw,0.48231055351167457,8.210309982299805,6.566147804260254,"[5.712035179138184, 6.109403610229492, 10.647480010986328]","[5.575908839660733, 6.499999967729324, 10.909128364280466]",0.6164202690124512
DiagReachK3,186,KL,RR,raw,raw,development_DiagReachK3_s186_KL_RR,8,old,True,False,False,False,"[9.53685474395752, 9.628141403198242, 8.395575523376465]","[[9.53685474395752, 6.410666465759277, 6.131061553955078, 11.481037139892578], [9.628141403198242, 6.547136306762695, 6.701791286468506, 12.145064353942871], [8.395575523376465, 5.218573093414307, 4.058431625366211, 8.277006149291992]]","[[9.53685474395752, 6.410666465759277, 6.131061553955078, 11.481037139892578], [9.46843433380127, 6.547136306762695, 6.701791286468506, 12.145064353942871], [8.395575523376465, 5.218573093414307, 4.058431625366211, 8.277006149291992]]",raw,True,True,False,raw,0.43425519237384663,8.138195037841797,4.87507438659668,"[6.601061820983887, 5.842207431793213, 11.337803840637207]","[7.000000039307726, 6.500000023103651, 12.370775489267732]",0.583716630935669
DiagReachK3,186,KL,RR,raw,raw,development_DiagReachK3_s186_KL_RR,9,joint_KL,True,True,False,False,"[9.473309516906738, 9.582509994506836, 8.350240707397461]","[[9.473309516906738, 6.179292678833008, 6.0880513191223145, 11.217378616333008], [9.582509994506836, 6.464698791503906, 6.107144355773926, 11.488454818725586], [8.350240707397461, 4.736567497253418, 4.392777919769287, 8.129345893859863]]","[[9.473309516906738, 6.179292678833008, 6.0880513191223145, 11.217378616333008], [9.582509994506836, 6.464698791503906, 6.107144355773926, 11.488454818725586], [8.350240707397461, 4.736567497253418, 4.392777919769287, 8.129345893859863]]",raw,True,True,False,raw,0.3939427485297588,8.126632690429688,4.3835344314575195,"[6.091856479644775, 6.479137420654297, 11.424114227294922]","[6.771238676343954, 6.500000051182617, 12.110270824424315]",0.6284759044647217
DiagReachK3,186,KL,RR,raw,raw,development_DiagReachK3_s186_KL_RR,10,old,True,False,False,False,"[9.625849723815918, 9.83474349975586, 8.864765167236328]","[[9.625849723815918, 6.674848556518555, 6.143471717834473, 11.731273651123047], [9.83474349975586, 7.500246047973633, 6.407618999481201, 12.808076858520508], [8.864765167236328, 5.349531173706055, 5.100177764892578, 9.37863540649414]]","[[9.625849723815918, 6.674848556518555, 6.143471717834473, 11.731273651123047], [9.236199378967285, 7.500246047973633, 6.407618999481201, 12.808076858520508], [8.864765167236328, 5.349531173706055, 5.100177764892578, 9.37863540649414]]",raw,True,True,False,raw,0.6079454149827053,7.847651481628418,6.450040340423584,"[5.970488548278809, 5.085055351257324, 9.934469223022461]","[6.832733486039027, 5.668956099526145, 11.38395350413179]",0.5058140754699707
DiagReachK3,186,KL,RR,raw,raw,development_DiagReachK3_s186_KL_RR,11,old,True,False,False,False,"[9.623638153076172, 9.855521202087402, 9.436178207397461]","[[9.623638153076172, 6.665121078491211, 6.162721633911133, 11.737196922302246], [9.855521202087402, 6.959382057189941, 7.0059919357299805, 12.865374565124512], [9.436178207397461, 6.364715576171875, 5.651803016662598, 10.929487228393555]]","[[9.623638153076172, 6.665121078491211, 6.162721633911133, 11.737196922302246], [9.080805778503418, 6.959382057189941, 7.0059919357299805, 12.865374565124512], [9.436178207397461, 6.364715576171875, 5.651803016662598, 10.929487228393555]]",raw,True,True,False,raw,0.5592333981403801,8.046795845031738,7.142721652984619,"[6.150014877319336, 5.379833698272705, 10.373507499694824]","[6.631780483640004, 5.874800483001487, 11.370500848958297]",0.5211350917816162
DiagReachK3,186,KL,RR,raw,raw,development_DiagReachK3_s186_KL_RR,12,old,True,False,False,False,"[9.607524871826172, 9.789405822753906, 9.479669570922852]","[[9.607524871826172, 6.633698463439941, 6.219906330108643, 11.748201370239258], [9.789405822753906, 7.580810546875, 6.446954250335693, 12.925163269042969], [9.479669570922852, 6.466640472412109, 5.561608791351318, 10.953641891479492]]","[[9.607524871826172, 6.633698463439941, 6.219906330108643, 11.748201370239258], [9.056821823120117, 7.580810546875, 6.446954250335693, 12.925163269042969], [9.479669570922852, 6.466640472412109, 5.561608791351318, 10.953641891479492]]",raw,True,True,False,raw,0.6446592465207185,8.02160930633545,6.121912956237793,"[5.484960079193115, 6.1095404624938965, 10.407835006713867]","[6.3451675949732635, 6.499999920279284, 11.782113037153707]",0.6153910160064697
DiagReachK3,186,KL,RR,raw,raw,development_DiagReachK3_s186_KL_RR,13,old,True,False,False,False,"[9.602049827575684, 9.722763061523438, 9.196446418762207]","[[9.602049827575684, 6.569333553314209, 6.223369598388672, 11.697250366210938], [9.722763061523438, 6.829597473144531, 6.9240288734436035, 12.643349647521973], [9.196446418762207, 6.528458595275879, 4.627871513366699, 10.13711929321289]]","[[9.602049827575684, 6.569333553314209, 6.223369598388672, 11.697250366210938], [9.214423179626465, 6.829597473144531, 6.9240288734436035, 12.643349647521973], [9.196446418762207, 6.528458595275879, 4.627871513366699, 10.13711929321289]]",raw,True,True,False,raw,0.642186406594187,8.186790466308594,5.75070858001709,"[6.504059791564941, 5.640499114990234, 10.97743034362793]","[6.999999996104542, 6.499999973821916, 12.352666579274404]",0.6089882850646973
DiagReachK3,186,KL,RR,raw,raw,development_DiagReachK3_s186_KL_RR,14,old,True,False,False,False,"[9.554917335510254, 9.850151062011719, 9.45460033416748]","[[9.554917335510254, 6.536947727203369, 6.179556846618652, 11.628933906555176], [9.850151062011719, 7.2379069328308105, 6.534914016723633, 12.674529075622559], [9.45460033416748, 6.614914894104004, 5.022988319396973, 10.605825424194336]]","[[9.554917335510254, 6.536947727203369, 6.179556846618652, 11.628933906555176], [9.556831359863281, 7.2379069328308105, 6.534914016723633, 12.674529075622559], [9.45460033416748, 6.614914894104004, 5.022988319396973, 10.605825424194336]]",raw,True,True,False,raw,0.5055339809732613,7.722290992736816,6.5270891189575195,"[5.708467960357666, 4.875242233276367, 9.461009979248047]","[6.358827791688761, 5.509059899004184, 10.738658997680739]",0.682164192199707
DiagReachK3,186,KL,RR,raw,raw,development_DiagReachK3_s186_KL_RR,15,old,True,False,False,False,"[9.632608413696289, 9.715543746948242, 9.29246711730957]","[[9.632608413696289, 6.60267448425293, 6.261928558349609, 11.758989334106445], [9.715543746948242, 7.217815399169922, 6.51503849029541, 12.631912231445312], [9.29246711730957, 5.958628177642822, 5.596127510070801, 10.447115898132324]]","[[9.632608413696289, 6.60267448425293, 6.261928558349609, 11.758989334106445], [9.438678741455078, 7.217815399169922, 6.51503849029541, 12.631912231445312], [9.29246711730957, 5.958628177642822, 5.596127510070801, 10.447115898132324]]",raw,True,True,False,raw,0.5607767129258974,7.719481468200684,6.459134578704834,"[5.667464256286621, 5.295391082763672, 9.752988815307617]","[6.5042405712651625, 5.848742877342591, 11.124984104129448]",0.7160739898681641
DiagReachK3,186,KL,RR,raw,raw,development_DiagReachK3_s186_KL_RR,16,old,True,False,False,False,"[9.578694343566895, 9.833580017089844, 9.639963150024414]","[[9.578694343566895, 6.543830871582031, 6.216609001159668, 11.649618148803711], [9.833580017089844, 7.295429706573486, 6.890288352966309, 13.079854965209961], [9.639963150024414, 7.697983741760254, 5.8106231689453125, 12.427275657653809]]","[[9.578694343566895, 6.543830871582031, 6.216609001159668, 11.649618148803711], [8.910723686218262, 7.295429706573486, 6.890288352966309, 13.079854965209961], [8.912042617797852, 7.697983741760254, 5.8106231689453125, 12.427275657653809]]",raw,True,True,False,raw,0.3964069157914453,7.831482887268066,7.138877868652344,"[5.686233997344971, 5.644448280334473, 10.220932960510254]","[6.233299630326268, 6.016518520679751, 11.144727984441001]",0.6981415748596191
DiagReachK3,186,KL,RR,raw,raw,development_DiagReachK3_s186_KL_RR,17,old,True,False,False,False,"[9.638457298278809, 9.817241668701172, 9.393903732299805]","[[9.638457298278809, 6.71708869934082, 6.225978851318359, 11.849814414978027], [9.817241668701172, 7.090266704559326, 6.81951904296875, 12.8114013671875], [9.393903732299805, 6.118308067321777, 6.264231204986572, 11.287460327148438]]","[[9.638457298278809, 6.71708869934082, 6.225978851318359, 11.849814414978027], [9.303873062133789, 7.090266704559326, 6.81951904296875, 12.8114013671875], [9.393903732299805, 6.118308067321777, 6.264231204986572, 11.287460327148438]]",raw,True,True,False,raw,0.5653120918164495,7.733517646789551,7.296475410461426,"[6.148041725158691, 5.159965515136719, 10.168396949768066]","[6.24696007514114, 5.980690352557447, 11.07795769694391]",0.6572487354278564
DiagReachK3,186,KL,RR,raw,raw,development_DiagReachK3_s186_KL_RR,18,old,True,False,False,False,"[9.641478538513184, 9.860106468200684, 9.180276870727539]","[[9.641478538513184, 6.562812805175781, 6.193728446960449, 11.660675048828125], [9.860106468200684, 7.131419658660889, 6.383959770202637, 12.41661262512207], [9.180276870727539, 5.593799591064453, 5.963926315307617, 10.461627960205078]]","[[9.641478538513184, 6.562812805175781, 6.193728446960449, 11.660675048828125], [9.7662353515625, 7.131419658660889, 6.383959770202637, 12.41661262512207], [9.180276870727539, 5.593799591064453, 5.963926315307617, 10.461627960205078]]",raw,True,True,False,raw,0.5883861269162631,7.718778133392334,7.019763946533203,"[5.427620887756348, 5.164725303649902, 9.476081848144531]","[5.859233668022615, 5.288908926928674, 10.021313919278423]",0.6591894626617432
DiagReachK3,186,KL,RR,raw,raw,development_DiagReachK3_s186_KL_RR,19,old,True,False,False,False,"[9.599260330200195, 9.852055549621582, 9.346534729003906]","[[9.599260330200195, 6.608399868011475, 6.063731670379639, 11.597455978393555], [9.852055549621582, 7.268646717071533, 6.7761125564575195, 12.94631576538086], [9.346534729003906, 6.320945739746094, 6.468916416168213, 11.74281120300293]]","[[9.599260330200195, 6.608399868011475, 6.063731670379639, 11.597455978393555], [9.224247932434082, 7.268646717071533, 6.7761125564575195, 12.94631576538086], [9.326641082763672, 6.320945739746094, 6.468916416168213, 11.74281120300293]]",raw,True,True,False,raw,0.5479320473258538,7.9870100021362305,6.258420467376709,"[6.265965461730957, 5.284549236297607, 10.3734130859375]","[6.999999975017508, 5.870624768441075, 11.67839361599032]",0.5975029468536377
DiagReachK3,186,KL,RR,raw,raw,development_DiagReachK3_s186_KL_RR,20,old,True,False,False,False,"[9.60661792755127, 9.73132610321045, 9.087882995605469]","[[9.60661792755127, 6.5937957763671875, 6.2346649169921875, 11.730785369873047], [9.73132610321045, 6.828970909118652, 6.71322774887085, 12.438098907470703], [9.087882995605469, 5.982562065124512, 5.010442733764648, 9.942021369934082]]","[[9.60661792755127, 6.5937957763671875, 6.2346649169921875, 11.730785369873047], [9.553088188171387, 6.828970909118652, 6.71322774887085, 12.438098907470703], [9.087882995605469, 5.982562065124512, 5.010442733764648, 9.942021369934082]]",raw,True,True,False,raw,0.5950706728675772,8.133264541625977,7.330710411071777,"[5.687279224395752, 5.396251201629639, 9.940282821655273]","[5.849726522674683, 6.025969354151405, 10.731479863256958]",0.6337778568267822
DiagReachK3,186,KL,RR,raw,raw,development_DiagReachK3_s186_KL_RR,21,old,True,False,False,False,"[9.596430778503418, 9.805389404296875, 9.463652610778809]","[[9.596430778503418, 6.580410957336426, 6.202239513397217, 11.67774486541748], [9.805389404296875, 7.100715637207031, 6.858926296234131, 12.855057716369629], [9.463652610778809, 6.687230110168457, 5.313846588134766, 10.91955280303955]]","[[9.596430778503418, 6.580410957336426, 6.202239513397217, 11.67774486541748], [9.231790542602539, 7.100715637207031, 6.858926296234131, 12.855057716369629], [9.463652610778809, 6.687230110168457, 5.313846588134766, 10.91955280303955]]",raw,True,True,False,raw,0.5635372469461636,7.806816101074219,7.177262306213379,"[5.7420501708984375, 4.77856969833374, 9.395986557006836]","[6.3243293086494825, 5.324170887238027, 10.500193502705303]",0.6054081916809082
DiagReachK3,186,KL,RR,raw,raw,development_DiagReachK3_s186_KL_RR,22,old,True,False,False,False,"[9.58471393585205, 9.81970500946045, 8.740598678588867]","[[9.58471393585205, 6.629993438720703, 6.222080230712891, 11.764225006103516], [9.81970500946045, 7.269461154937744, 6.557136058807373, 12.70295524597168], [8.740598678588867, 4.793025016784668, 5.907017230987549, 9.611814498901367]]","[[9.58471393585205, 6.629993438720703, 6.222080230712891, 11.764225006103516], [9.45424747467041, 7.269461154937744, 6.557136058807373, 12.70295524597168], [8.740598678588867, 4.793025016784668, 5.907017230987549, 9.611814498901367]]",raw,True,True,False,raw,0.5082396302427543,7.86391544342041,4.856385707855225,"[6.3150458335876465, 5.553793430328369, 10.759946823120117]","[7.0000000394637265, 6.094091068293557, 11.957852976277296]",0.5945580005645752
DiagReachK3,186,KL,RR,raw,raw,development_DiagReachK3_s186_KL_RR,23,old,True,False,False,False,"[9.632116317749023, 9.81345272064209, 9.206605911254883]","[[9.632116317749023, 6.649956226348877, 6.204607009887695, 11.754647254943848], [9.81345272064209, 7.38345193862915, 7.00308895111084, 13.276277542114258], [9.206605911254883, 6.016176700592041, 5.049880504608154, 10.02549934387207]]","[[9.632116317749023, 6.649956226348877, 6.204607009887695, 11.754647254943848], [8.560623168945312, 7.38345193862915, 7.00308895111084, 13.276277542114258], [9.206605911254883, 6.016176700592041, 5.049880504608154, 10.02549934387207]]",raw,True,True,False,raw,0.5403335781033661,8.122010231018066,6.509555816650391,"[6.176314353942871, 5.662431240081787, 10.702228546142578]","[6.7250869420331805, 6.128850833993701, 11.707645646928393]",0.647395133972168
DiagReachK3,186,KL,RR,raw,raw,development_DiagReachK3_s186_KL_RR,24,joint_KL,False,False,False,False,"[9.633150100708008, 9.715532302856445, 8.720422744750977]","[[9.633150100708008, 6.682435035705566, 6.21207332611084, 11.797142028808594], [9.715532302856445, 6.9040703773498535, 6.284747123718262, 12.087039947509766], [8.720422744750977, 5.032336235046387, 5.074717998504639, 9.052713394165039]]","[[9.633150100708008, 6.682435035705566, 6.21207332611084, 11.797142028808594], [9.715532302856445, 6.9040703773498535, 6.284747123718262, 12.087039947509766], [8.720422744750977, 5.032336235046387, 5.074717998504639, 9.052713394165039]]",raw,True,True,False,raw,0.3422781985367368,8.224522590637207,5.464714050292969,"[6.6113786697387695, 6.105822563171387, 11.560107231140137]","[6.99999992077117, 6.048346835746921, 11.882598377117978]",0.6629085540771484
DiagReachK3,186,KL,RS,raw,shaped,development_DiagReachK3_s186_KL_RS,0,full_PPO,True,True,False,False,"[4.990869522094727, 6.041489601135254, 7.401331901550293]","[[4.990869522094727, 5.279749393463135, 0.0, 2.524906873703003], [6.041489601135254, 6.604874610900879, 0.011389240622520447, 4.759999752044678], [7.401331901550293, 6.547670364379883, 1.3216567039489746, 6.675121784210205]]","[[4.990869522094727, 5.279749393463135, 0.0, 2.524906873703003], [6.041489601135254, 6.604874610900879, 0.011389240622520447, 4.759999752044678], [7.401331901550293, 6.547670364379883, 1.3216567039489746, 6.675121784210205]]",shaped,True,True,False,raw,1.7104754966725977,4.997136116027832,4.105929374694824,"[5.587384223937988, 1.1736201047897339, 4.714179992675781]","[6.851398108693832, 1.6531408550285318, 6.697274228835497]",0.5291011333465576
DiagReachK3,186,KL,RS,raw,shaped,development_DiagReachK3_s186_KL_RS,1,old,True,False,False,False,"[7.494083404541016, 8.11408519744873, 7.678256988525391]","[[7.494083404541016, 6.688045024871826, 1.361137866973877, 6.825448036193848], [8.256196022033691, 7.1989545822143555, 2.219675302505493, 8.264698028564453], [8.129494667053223, 7.539281845092773, 2.051539897918701, 8.417733192443848]]","[[7.494083404541016, 6.688045024871826, 1.361137866973877, 6.825448036193848], [8.11408519744873, 7.1989545822143555, 2.219675302505493, 8.264698028564453], [7.678256988525391, 7.539281845092773, 2.051539897918701, 8.417733192443848]]",shaped,True,True,False,raw,1.0946396477606288,5.446009635925293,4.962791919708252,"[4.790313720703125, 2.3940582275390625, 5.922368049621582]","[5.9425836944000245, 3.1902042473966468, 7.81053314271181]",0.5757553577423096
DiagReachK3,186,KL,RS,raw,shaped,development_DiagReachK3_s186_KL_RS,2,full_PPO,True,True,False,False,"[7.468100547790527, 6.954424858093262, 8.566362380981445]","[[7.468100547790527, 6.703367710113525, 1.4103351831436157, 6.916761875152588], [8.390878677368164, 8.183430671691895, 2.499688148498535, 9.556291580200195], [8.566362380981445, 6.140750885009766, 3.2848782539367676, 8.407516479492188]]","[[7.468100547790527, 6.703367710113525, 1.4103351831436157, 6.916761875152588], [6.954424858093262, 8.183430671691895, 2.499688148498535, 9.556291580200195], [8.566362380981445, 6.140750885009766, 3.2848782539367676, 8.407516479492188]]",shaped,True,True,False,raw,0.87830125919961,5.630402565002441,4.831422328948975,"[5.050079345703125, 2.0617501735687256, 5.752021789550781]","[6.211282402151699, 2.6041829262013114, 7.403907441906265]",0.6613976955413818
DiagReachK3,186,KL,RS,raw,shaped,development_DiagReachK3_s186_KL_RS,3,old,True,False,False,False,"[8.47177505493164, 8.936232566833496, 9.19825553894043]","[[8.47177505493164, 5.941409111022949, 3.1785311698913574, 8.142810821533203], [9.023199081420898, 7.108949661254883, 3.8374171257019043, 9.943852424621582], [9.440909385681152, 7.317363739013672, 5.004917621612549, 11.314207077026367]]","[[8.47177505493164, 5.941409111022949, 3.1785311698913574, 8.142810821533203], [8.936232566833496, 7.108949661254883, 3.8374171257019043, 9.943852424621582], [9.19825553894043, 7.317363739013672, 5.004917621612549, 11.314207077026367]]",shaped,True,True,False,raw,1.0551716965118174,6.085940837860107,5.6487555503845215,"[4.027746677398682, 3.7174906730651855, 6.584290981292725]","[5.079356332972857, 4.69080886199462, 8.51774411626907]",0.698793888092041
DiagReachK3,186,KL,RS,raw,shaped,development_DiagReachK3_s186_KL_RS,4,full_PPO,True,True,False,False,"[8.539265632629395, 8.865148544311523, 8.711177825927734]","[[8.539265632629395, 5.965526580810547, 3.193142890930176, 8.165852546691895], [9.194106101989746, 7.404364109039307, 4.226232528686523, 10.628063201904297], [8.711177825927734, 5.1023101806640625, 4.943767547607422, 9.054317474365234]]","[[8.539265632629395, 5.965526580810547, 3.193142890930176, 8.165852546691895], [8.865148544311523, 7.404364109039307, 4.226232528686523, 10.628063201904297], [8.711177825927734, 5.1023101806640625, 4.943767547607422, 9.054317474365234]]",shaped,True,True,False,raw,1.0338412125794527,6.406130790710449,5.397719383239746,"[4.804645538330078, 3.3509318828582764, 6.707678318023682]","[6.3625624848482065, 4.210526730195057, 9.306975104591448]",0.5655224323272705
DiagReachK3,186,KL,RS,raw,shaped,development_DiagReachK3_s186_KL_RS,5,joint_KL,True,True,False,False,"[8.67919921875, 9.188494682312012, 9.403173446655273]","[[8.67919921875, 5.118178844451904, 4.94639253616333, 9.064571380615234], [9.188494682312012, 5.748349189758301, 5.396369934082031, 10.133143424987793], [9.426846504211426, 6.889297008514404, 4.899039268493652, 10.785667419433594]]","[[8.67919921875, 5.118178844451904, 4.94639253616333, 9.064571380615234], [9.188494682312012, 5.748349189758301, 5.396369934082031, 10.133143424987793], [9.403173446655273, 6.889297008514404, 4.899039268493652, 10.785667419433594]]",shaped,True,True,False,raw,0.6365402109956521,6.948422908782959,6.715205192565918,"[4.713273525238037, 4.866559028625488, 8.416446685791016]","[5.45832042873109, 4.945791253316656, 9.267037761293818]",0.5757961273193359
DiagReachK3,186,KL,RS,raw,shaped,development_DiagReachK3_s186_KL_RS,6,full_PPO,True,True,False,False,"[9.175376892089844, 9.227129936218262, 9.497601509094238]","[[9.175376892089844, 5.789115905761719, 5.300717353820801, 10.08958625793457], [9.227129936218262, 6.435181140899658, 6.182916641235352, 11.612041473388672], [9.497601509094238, 6.379401206970215, 6.119515895843506, 11.44283676147461]]","[[9.175376892089844, 5.789115905761719, 5.300717353820801, 10.08958625793457], [9.227129936218262, 6.435181140899658, 6.182916641235352, 11.612041473388672], [9.497601509094238, 6.379401206970215, 6.119515895843506, 11.44283676147461]]",shaped,True,True,False,raw,0.5926966537808573,7.186753749847412,6.944550514221191,"[4.93308162689209, 4.338831424713135, 8.17248249053955]","[5.348360339470485, 4.539348095266123, 8.769808953817]",0.542879581451416
DiagReachK3,186,KL,RS,raw,shaped,development_DiagReachK3_s186_KL_RS,7,joint_KL,False,False,False,False,"[9.531320571899414, 9.538437843322754, 9.27457332611084]","[[9.531320571899414, 6.413599014282227, 6.198402404785156, 11.540687561035156], [9.538437843322754, 6.4305219650268555, 6.463197231292725, 11.780229568481445], [9.27457332611084, 6.058320045471191, 5.385800361633301, 10.402436256408691]]","[[9.531320571899414, 6.413599014282227, 6.198402404785156, 11.540687561035156], [9.538437843322754, 6.4305219650268555, 6.463197231292725, 11.780229568481445], [9.27457332611084, 6.058320045471191, 5.385800361633301, 10.402436256408691]]",shaped,True,True,False,raw,0.48231055351167457,8.210309982299805,6.566147804260254,"[5.712035179138184, 6.109403610229492, 10.647480010986328]","[5.575908839660733, 6.499999967729324, 10.909128364280466]",0.5397591590881348
DiagReachK3,186,KL,RS,raw,shaped,development_DiagReachK3_s186_KL_RS,8,old,True,False,False,False,"[9.53685474395752, 9.46843433380127, 8.395575523376465]","[[9.53685474395752, 6.410666465759277, 6.131061553955078, 11.481037139892578], [9.628141403198242, 6.547136306762695, 6.701791286468506, 12.145064353942871], [8.395575523376465, 5.218573093414307, 4.058431625366211, 8.277006149291992]]","[[9.53685474395752, 6.410666465759277, 6.131061553955078, 11.481037139892578], [9.46843433380127, 6.547136306762695, 6.701791286468506, 12.145064353942871], [8.395575523376465, 5.218573093414307, 4.058431625366211, 8.277006149291992]]",shaped,True,True,False,raw,0.43425519237384663,8.138195037841797,4.87507438659668,"[6.601061820983887, 5.842207431793213, 11.337803840637207]","[7.000000039307726, 6.500000023103651, 12.370775489267732]",0.5440850257873535
DiagReachK3,186,KL,RS,raw,shaped,development_DiagReachK3_s186_KL_RS,9,joint_KL,True,True,False,False,"[9.473309516906738, 9.582509994506836, 8.350240707397461]","[[9.473309516906738, 6.179292678833008, 6.0880513191223145, 11.217378616333008], [9.582509994506836, 6.464698791503906, 6.107144355773926, 11.488454818725586], [8.350240707397461, 4.736567497253418, 4.392777919769287, 8.129345893859863]]","[[9.473309516906738, 6.179292678833008, 6.0880513191223145, 11.217378616333008], [9.582509994506836, 6.464698791503906, 6.107144355773926, 11.488454818725586], [8.350240707397461, 4.736567497253418, 4.392777919769287, 8.129345893859863]]",shaped,True,True,False,raw,0.3939427485297588,8.126632690429688,4.3835344314575195,"[6.091856479644775, 6.479137420654297, 11.424114227294922]","[6.771238676343954, 6.500000051182617, 12.110270824424315]",0.5965747833251953
DiagReachK3,186,KL,RS,raw,shaped,development_DiagReachK3_s186_KL_RS,10,old,True,False,False,False,"[9.625849723815918, 9.236199378967285, 8.864765167236328]","[[9.625849723815918, 6.674848556518555, 6.143471717834473, 11.731273651123047], [9.83474349975586, 7.500246047973633, 6.407618999481201, 12.808076858520508], [8.864765167236328, 5.349531173706055, 5.100177764892578, 9.37863540649414]]","[[9.625849723815918, 6.674848556518555, 6.143471717834473, 11.731273651123047], [9.236199378967285, 7.500246047973633, 6.407618999481201, 12.808076858520508], [8.864765167236328, 5.349531173706055, 5.100177764892578, 9.37863540649414]]",shaped,True,True,False,raw,0.6079454149827053,7.847651481628418,6.450040340423584,"[5.970488548278809, 5.085055351257324, 9.934469223022461]","[6.832733486039027, 5.668956099526145, 11.38395350413179]",0.4827706813812256
DiagReachK3,186,KL,RS,raw,shaped,development_DiagReachK3_s186_KL_RS,11,old,True,False,False,False,"[9.623638153076172, 9.080805778503418, 9.436178207397461]","[[9.623638153076172, 6.665121078491211, 6.162721633911133, 11.737196922302246], [9.855521202087402, 6.959382057189941, 7.0059919357299805, 12.865374565124512], [9.436178207397461, 6.364715576171875, 5.651803016662598, 10.929487228393555]]","[[9.623638153076172, 6.665121078491211, 6.162721633911133, 11.737196922302246], [9.080805778503418, 6.959382057189941, 7.0059919357299805, 12.865374565124512], [9.436178207397461, 6.364715576171875, 5.651803016662598, 10.929487228393555]]",shaped,True,True,False,raw,0.5592333981403801,8.046795845031738,7.142721652984619,"[6.150014877319336, 5.379833698272705, 10.373507499694824]","[6.631780483640004, 5.874800483001487, 11.370500848958297]",0.47358036041259766
DiagReachK3,186,KL,RS,raw,shaped,development_DiagReachK3_s186_KL_RS,12,old,True,False,False,False,"[9.607524871826172, 9.056821823120117, 9.479669570922852]","[[9.607524871826172, 6.633698463439941, 6.219906330108643, 11.748201370239258], [9.789405822753906, 7.580810546875, 6.446954250335693, 12.925163269042969], [9.479669570922852, 6.466640472412109, 5.561608791351318, 10.953641891479492]]","[[9.607524871826172, 6.633698463439941, 6.219906330108643, 11.748201370239258], [9.056821823120117, 7.580810546875, 6.446954250335693, 12.925163269042969], [9.479669570922852, 6.466640472412109, 5.561608791351318, 10.953641891479492]]",shaped,True,True,False,raw,0.6446592465207185,8.02160930633545,6.121912956237793,"[5.484960079193115, 6.1095404624938965, 10.407835006713867]","[6.3451675949732635, 6.499999920279284, 11.782113037153707]",0.5347940921783447
DiagReachK3,186,KL,RS,raw,shaped,development_DiagReachK3_s186_KL_RS,13,old,True,False,False,False,"[9.602049827575684, 9.214423179626465, 9.196446418762207]","[[9.602049827575684, 6.569333553314209, 6.223369598388672, 11.697250366210938], [9.722763061523438, 6.829597473144531, 6.9240288734436035, 12.643349647521973], [9.196446418762207, 6.528458595275879, 4.627871513366699, 10.13711929321289]]","[[9.602049827575684, 6.569333553314209, 6.223369598388672, 11.697250366210938], [9.214423179626465, 6.829597473144531, 6.9240288734436035, 12.643349647521973], [9.196446418762207, 6.528458595275879, 4.627871513366699, 10.13711929321289]]",shaped,True,True,False,raw,0.642186406594187,8.186790466308594,5.75070858001709,"[6.504059791564941, 5.640499114990234, 10.97743034362793]","[6.999999996104542, 6.499999973821916, 12.352666579274404]",0.5199553966522217
DiagReachK3,186,KL,RS,raw,shaped,development_DiagReachK3_s186_KL_RS,14,old,True,False,False,False,"[9.554917335510254, 9.556831359863281, 9.45460033416748]","[[9.554917335510254, 6.536947727203369, 6.179556846618652, 11.628933906555176], [9.850151062011719, 7.2379069328308105, 6.534914016723633, 12.674529075622559], [9.45460033416748, 6.614914894104004, 5.022988319396973, 10.605825424194336]]","[[9.554917335510254, 6.536947727203369, 6.179556846618652, 11.628933906555176], [9.556831359863281, 7.2379069328308105, 6.534914016723633, 12.674529075622559], [9.45460033416748, 6.614914894104004, 5.022988319396973, 10.605825424194336]]",shaped,True,True,False,raw,0.5055339809732613,7.722290992736816,6.5270891189575195,"[5.708467960357666, 4.875242233276367, 9.461009979248047]","[6.358827791688761, 5.509059899004184, 10.738658997680739]",0.5818881988525391
DiagReachK3,186,KL,RS,raw,shaped,development_DiagReachK3_s186_KL_RS,15,old,True,False,False,False,"[9.632608413696289, 9.438678741455078, 9.29246711730957]","[[9.632608413696289, 6.60267448425293, 6.261928558349609, 11.758989334106445], [9.715543746948242, 7.217815399169922, 6.51503849029541, 12.631912231445312], [9.29246711730957, 5.958628177642822, 5.596127510070801, 10.447115898132324]]","[[9.632608413696289, 6.60267448425293, 6.261928558349609, 11.758989334106445], [9.438678741455078, 7.217815399169922, 6.51503849029541, 12.631912231445312], [9.29246711730957, 5.958628177642822, 5.596127510070801, 10.447115898132324]]",shaped,True,True,False,raw,0.5607767129258974,7.719481468200684,6.459134578704834,"[5.667464256286621, 5.295391082763672, 9.752988815307617]","[6.5042405712651625, 5.848742877342591, 11.124984104129448]",0.6302402019500732
DiagReachK3,186,KL,RS,raw,shaped,development_DiagReachK3_s186_KL_RS,16,old,True,False,False,False,"[9.578694343566895, 8.910723686218262, 8.912042617797852]","[[9.578694343566895, 6.543830871582031, 6.216609001159668, 11.649618148803711], [9.833580017089844, 7.295429706573486, 6.890288352966309, 13.079854965209961], [9.639963150024414, 7.697983741760254, 5.8106231689453125, 12.427275657653809]]","[[9.578694343566895, 6.543830871582031, 6.216609001159668, 11.649618148803711], [8.910723686218262, 7.295429706573486, 6.890288352966309, 13.079854965209961], [8.912042617797852, 7.697983741760254, 5.8106231689453125, 12.427275657653809]]",shaped,True,True,False,raw,0.3964069157914453,7.831482887268066,7.138877868652344,"[5.686233997344971, 5.644448280334473, 10.220932960510254]","[6.233299630326268, 6.016518520679751, 11.144727984441001]",0.5804347991943359
DiagReachK3,186,KL,RS,raw,shaped,development_DiagReachK3_s186_KL_RS,17,old,True,False,False,False,"[9.638457298278809, 9.303873062133789, 9.393903732299805]","[[9.638457298278809, 6.71708869934082, 6.225978851318359, 11.849814414978027], [9.817241668701172, 7.090266704559326, 6.81951904296875, 12.8114013671875], [9.393903732299805, 6.118308067321777, 6.264231204986572, 11.287460327148438]]","[[9.638457298278809, 6.71708869934082, 6.225978851318359, 11.849814414978027], [9.303873062133789, 7.090266704559326, 6.81951904296875, 12.8114013671875], [9.393903732299805, 6.118308067321777, 6.264231204986572, 11.287460327148438]]",shaped,True,True,False,raw,0.5653120918164495,7.733517646789551,7.296475410461426,"[6.148041725158691, 5.159965515136719, 10.168396949768066]","[6.24696007514114, 5.980690352557447, 11.07795769694391]",0.5746984481811523
DiagReachK3,186,KL,RS,raw,shaped,development_DiagReachK3_s186_KL_RS,18,old,True,False,False,False,"[9.641478538513184, 9.7662353515625, 9.180276870727539]","[[9.641478538513184, 6.562812805175781, 6.193728446960449, 11.660675048828125], [9.860106468200684, 7.131419658660889, 6.383959770202637, 12.41661262512207], [9.180276870727539, 5.593799591064453, 5.963926315307617, 10.461627960205078]]","[[9.641478538513184, 6.562812805175781, 6.193728446960449, 11.660675048828125], [9.7662353515625, 7.131419658660889, 6.383959770202637, 12.41661262512207], [9.180276870727539, 5.593799591064453, 5.963926315307617, 10.461627960205078]]",shaped,True,True,False,raw,0.5883861269162631,7.718778133392334,7.019763946533203,"[5.427620887756348, 5.164725303649902, 9.476081848144531]","[5.859233668022615, 5.288908926928674, 10.021313919278423]",0.5803585052490234
DiagReachK3,186,KL,RS,raw,shaped,development_DiagReachK3_s186_KL_RS,19,old,True,False,False,False,"[9.599260330200195, 9.224247932434082, 9.326641082763672]","[[9.599260330200195, 6.608399868011475, 6.063731670379639, 11.597455978393555], [9.852055549621582, 7.268646717071533, 6.7761125564575195, 12.94631576538086], [9.346534729003906, 6.320945739746094, 6.468916416168213, 11.74281120300293]]","[[9.599260330200195, 6.608399868011475, 6.063731670379639, 11.597455978393555], [9.224247932434082, 7.268646717071533, 6.7761125564575195, 12.94631576538086], [9.326641082763672, 6.320945739746094, 6.468916416168213, 11.74281120300293]]",shaped,True,True,False,raw,0.5479320473258538,7.9870100021362305,6.258420467376709,"[6.265965461730957, 5.284549236297607, 10.3734130859375]","[6.999999975017508, 5.870624768441075, 11.67839361599032]",0.5453741550445557
DiagReachK3,186,KL,RS,raw,shaped,development_DiagReachK3_s186_KL_RS,20,old,True,False,False,False,"[9.60661792755127, 9.553088188171387, 9.087882995605469]","[[9.60661792755127, 6.5937957763671875, 6.2346649169921875, 11.730785369873047], [9.73132610321045, 6.828970909118652, 6.71322774887085, 12.438098907470703], [9.087882995605469, 5.982562065124512, 5.010442733764648, 9.942021369934082]]","[[9.60661792755127, 6.5937957763671875, 6.2346649169921875, 11.730785369873047], [9.553088188171387, 6.828970909118652, 6.71322774887085, 12.438098907470703], [9.087882995605469, 5.982562065124512, 5.010442733764648, 9.942021369934082]]",shaped,True,True,False,raw,0.5950706728675772,8.133264541625977,7.330710411071777,"[5.687279224395752, 5.396251201629639, 9.940282821655273]","[5.849726522674683, 6.025969354151405, 10.731479863256958]",0.5697586536407471
DiagReachK3,186,KL,RS,raw,shaped,development_DiagReachK3_s186_KL_RS,21,old,True,False,False,False,"[9.596430778503418, 9.231790542602539, 9.463652610778809]","[[9.596430778503418, 6.580410957336426, 6.202239513397217, 11.67774486541748], [9.805389404296875, 7.100715637207031, 6.858926296234131, 12.855057716369629], [9.463652610778809, 6.687230110168457, 5.313846588134766, 10.91955280303955]]","[[9.596430778503418, 6.580410957336426, 6.202239513397217, 11.67774486541748], [9.231790542602539, 7.100715637207031, 6.858926296234131, 12.855057716369629], [9.463652610778809, 6.687230110168457, 5.313846588134766, 10.91955280303955]]",shaped,True,True,False,raw,0.5635372469461636,7.806816101074219,7.177262306213379,"[5.7420501708984375, 4.77856969833374, 9.395986557006836]","[6.3243293086494825, 5.324170887238027, 10.500193502705303]",0.5423500537872314
DiagReachK3,186,KL,RS,raw,shaped,development_DiagReachK3_s186_KL_RS,22,old,True,False,False,False,"[9.58471393585205, 9.45424747467041, 8.740598678588867]","[[9.58471393585205, 6.629993438720703, 6.222080230712891, 11.764225006103516], [9.81970500946045, 7.269461154937744, 6.557136058807373, 12.70295524597168], [8.740598678588867, 4.793025016784668, 5.907017230987549, 9.611814498901367]]","[[9.58471393585205, 6.629993438720703, 6.222080230712891, 11.764225006103516], [9.45424747467041, 7.269461154937744, 6.557136058807373, 12.70295524597168], [8.740598678588867, 4.793025016784668, 5.907017230987549, 9.611814498901367]]",shaped,True,True,False,raw,0.5082396302427543,7.86391544342041,4.856385707855225,"[6.3150458335876465, 5.553793430328369, 10.759946823120117]","[7.0000000394637265, 6.094091068293557, 11.957852976277296]",0.5398290157318115
DiagReachK3,186,KL,RS,raw,shaped,development_DiagReachK3_s186_KL_RS,23,old,True,False,False,False,"[9.632116317749023, 8.560623168945312, 9.206605911254883]","[[9.632116317749023, 6.649956226348877, 6.204607009887695, 11.754647254943848], [9.81345272064209, 7.38345193862915, 7.00308895111084, 13.276277542114258], [9.206605911254883, 6.016176700592041, 5.049880504608154, 10.02549934387207]]","[[9.632116317749023, 6.649956226348877, 6.204607009887695, 11.754647254943848], [8.560623168945312, 7.38345193862915, 7.00308895111084, 13.276277542114258], [9.206605911254883, 6.016176700592041, 5.049880504608154, 10.02549934387207]]",shaped,True,True,False,raw,0.5403335781033661,8.122010231018066,6.509555816650391,"[6.176314353942871, 5.662431240081787, 10.702228546142578]","[6.7250869420331805, 6.128850833993701, 11.707645646928393]",0.5885024070739746
DiagReachK3,186,KL,RS,raw,shaped,development_DiagReachK3_s186_KL_RS,24,joint_KL,False,False,False,False,"[9.633150100708008, 9.715532302856445, 8.720422744750977]","[[9.633150100708008, 6.682435035705566, 6.21207332611084, 11.797142028808594], [9.715532302856445, 6.9040703773498535, 6.284747123718262, 12.087039947509766], [8.720422744750977, 5.032336235046387, 5.074717998504639, 9.052713394165039]]","[[9.633150100708008, 6.682435035705566, 6.21207332611084, 11.797142028808594], [9.715532302856445, 6.9040703773498535, 6.284747123718262, 12.087039947509766], [8.720422744750977, 5.032336235046387, 5.074717998504639, 9.052713394165039]]",shaped,True,True,False,raw,0.3422781985367368,8.224522590637207,5.464714050292969,"[6.6113786697387695, 6.105822563171387, 11.560107231140137]","[6.99999992077117, 6.048346835746921, 11.882598377117978]",0.625011682510376
DiagReachK3,186,KL,SR,shaped,raw,development_DiagReachK3_s186_KL_SR,0,full_PPO,True,True,False,False,"[4.990869522094727, 5.9766058921813965, 7.401331901550293]","[[4.990869522094727, 5.279749393463135, 0.0, 2.524906873703003], [5.9766058921813965, 6.386026382446289, 0.013134762644767761, 4.441675662994385], [7.401331901550293, 6.547670364379883, 1.3216567039489746, 6.675121784210205]]","[[4.990869522094727, 5.279749393463135, 0.0, 2.524906873703003], [5.9766058921813965, 6.386026382446289, 0.013134762644767761, 4.441675662994385], [7.401331901550293, 6.547670364379883, 1.3216567039489746, 6.675121784210205]]",raw,True,True,False,shaped,1.620456272039915,4.105929374694824,4.105929374694824,"[5.587384223937988, 1.1736201047897339, 4.714179992675781]","[6.519408679753955, 1.6576303764661993, 6.472245441747924]",0.5497291088104248
DiagReachK3,186,KL,SR,shaped,raw,development_DiagReachK3_s186_KL_SR,1,joint_KL,True,True,False,False,"[7.494083404541016, 8.182397842407227, 8.129494667053223]","[[7.494083404541016, 6.688045024871826, 1.361137866973877, 6.825448036193848], [8.182397842407227, 6.503674507141113, 2.341874599456787, 7.739775657653809], [8.129494667053223, 7.539281845092773, 2.051539897918701, 8.417733192443848]]","[[7.494083404541016, 6.688045024871826, 1.361137866973877, 6.825448036193848], [8.182397842407227, 6.503674507141113, 2.341874599456787, 7.739775657653809], [7.678256988525391, 7.539281845092773, 2.051539897918701, 8.417733192443848]]",raw,True,True,False,shaped,1.0143494969981934,4.962791919708252,4.962791919708252,"[4.790313720703125, 2.3940582275390625, 5.922368049621582]","[5.547587556815951, 3.0451039605334382, 7.344609536392169]",0.5212016105651855
DiagReachK3,186,KL,SR,shaped,raw,development_DiagReachK3_s186_KL_SR,2,full_PPO,True,True,False,False,"[8.135408401489258, 8.466540336608887, 9.150283813476562]","[[8.135408401489258, 6.512335777282715, 2.388028383255005, 7.800179481506348], [8.466540336608887, 6.208195686340332, 3.1699750423431396, 8.331072807312012], [9.150283813476562, 6.28084659576416, 4.455573081970215, 9.7354736328125]]","[[8.135408401489258, 6.512335777282715, 2.388028383255005, 7.800179481506348], [8.466540336608887, 6.208195686340332, 3.1699750423431396, 8.331072807312012], [9.150283813476562, 6.28084659576416, 4.455573081970215, 9.7354736328125]]",raw,True,True,False,shaped,1.3839051633359651,5.232491493225098,5.232491493225098,"[5.140136241912842, 2.404872179031372, 6.230410575866699]","[4.906270205626378, 2.9006242757367118, 6.539771871384378]",0.5351629257202148
DiagReachK3,186,KL,SR,shaped,raw,development_DiagReachK3_s186_KL_SR,3,full_PPO,True,True,False,False,"[9.089704513549805, 9.09915828704834, 9.276378631591797]","[[9.089704513549805, 6.13615608215332, 4.359780311584473, 9.495859146118164], [9.09915828704834, 6.4235382080078125, 4.172403812408447, 9.585000991821289], [9.276378631591797, 6.490389823913574, 4.809686660766602, 10.289069175720215]]","[[9.089704513549805, 6.13615608215332, 4.359780311584473, 9.495859146118164], [9.09915828704834, 6.4235382080078125, 4.172403812408447, 9.585000991821289], [9.276378631591797, 6.490389823913574, 4.809686660766602, 10.289069175720215]]",raw,True,True,False,shaped,0.5006816027209441,6.162446022033691,6.162446022033691,"[5.753533363342285, 4.669050693511963, 9.147342681884766]","[6.307987391174912, 4.914577036325282, 9.945500910481467]",0.5310332775115967
DiagReachK3,186,KL,SR,shaped,raw,development_DiagReachK3_s186_KL_SR,4,old,True,False,False,False,"[9.29906940460205, 9.146143913269043, 8.197494506835938]","[[9.29906940460205, 6.502584457397461, 4.8199310302734375, 10.303680419921875], [9.146143913269043, 6.139007091522217, 4.747072696685791, 9.875081062316895], [8.197494506835938, 4.7397637367248535, 4.26440954208374, 8.006425857543945]]","[[9.29906940460205, 6.502584457397461, 4.8199310302734375, 10.303680419921875], [9.146143913269043, 6.139007091522217, 4.747072696685791, 9.875081062316895], [8.197494506835938, 4.7397637367248535, 4.26440954208374, 8.006425857543945]]",raw,True,True,False,shaped,2.2489156441113276,5.3586578369140625,5.3586578369140625,"[6.533641815185547, 4.38923978805542, 9.59567642211914]","[5.864219268934768, 3.761024413048548, 8.224409636129943]",0.6017959117889404
DiagReachK3,186,KL,SR,shaped,raw,development_DiagReachK3_s186_KL_SR,5,old,True,False,False,False,"[9.260263442993164, 9.675857543945312, 9.495637893676758]","[[9.260263442993164, 6.495163917541504, 4.8191094398498535, 10.30322265625], [9.675857543945312, 7.442358016967773, 5.46456241607666, 11.847051620483398], [9.495637893676758, 6.7100605964660645, 6.699004650115967, 12.32626724243164]]","[[9.260263442993164, 6.495163917541504, 4.8191094398498535, 10.30322265625], [9.2531099319458, 7.442358016967773, 5.46456241607666, 11.847051620483398], [9.335123062133789, 6.7100605964660645, 6.699004650115967, 12.32626724243164]]",raw,True,True,False,shaped,0.62144999901268,6.587952613830566,6.587952613830566,"[5.587655067443848, 3.4875073432922363, 7.817355155944824]","[6.142274062071804, 3.969031282796807, 8.83504012799718]",0.6121382713317871
DiagReachK3,186,KL,SR,shaped,raw,development_DiagReachK3_s186_KL_SR,6,old,True,False,False,False,"[9.239587783813477, 9.229339599609375, 9.187145233154297]","[[9.239587783813477, 6.539706230163574, 4.735652923583984, 10.243990898132324], [9.229339599609375, 6.549415588378906, 4.563323020935059, 10.042679786682129], [9.187145233154297, 5.892709732055664, 6.140408515930176, 11.00025463104248]]","[[9.239587783813477, 6.539706230163574, 4.735652923583984, 10.243990898132324], [9.229339599609375, 6.549415588378906, 4.563323020935059, 10.042679786682129], [9.187145233154297, 5.892709732055664, 6.140408515930176, 11.00025463104248]]",raw,True,True,False,shaped,0.7369686537688914,6.511608123779297,6.511608123779297,"[5.7737040519714355, 3.740708589553833, 8.255419731140137]","[5.982432923486754, 3.6107904778699624, 8.325762690607968]",0.6013522148132324
DiagReachK3,186,KL,SR,shaped,raw,development_DiagReachK3_s186_KL_SR,7,old,True,False,False,False,"[9.307578086853027, 9.269187927246094, 8.806486129760742]","[[9.307578086853027, 6.5753865242004395, 4.80300235748291, 10.367716789245605], [9.269187927246094, 6.706280708312988, 5.078318119049072, 10.749513626098633], [8.806486129760742, 5.611249923706055, 5.023646354675293, 9.632770538330078]]","[[9.307578086853027, 6.5753865242004395, 4.80300235748291, 10.367716789245605], [9.269187927246094, 6.706280708312988, 5.078318119049072, 10.749513626098633], [8.806486129760742, 5.611249923706055, 5.023646354675293, 9.632770538330078]]",raw,True,True,False,shaped,1.2046327065371227,6.179969787597656,6.179969787597656,"[6.716059684753418, 4.623258113861084, 10.184699058532715]","[6.36537388130889, 4.765136926955388, 9.975990124787273]",0.5840029716491699
DiagReachK3,186,KL,SR,shaped,raw,development_DiagReachK3_s186_KL_SR,8,old,True,False,False,False,"[9.286495208740234, 8.90186882019043, 8.0573091506958]","[[9.286495208740234, 6.562265396118164, 4.741456031799316, 10.293235778808594], [8.90186882019043, 6.276285171508789, 4.024416446685791, 9.212593078613281], [8.0573091506958, 5.340122222900391, 3.297391176223755, 7.559726715087891]]","[[9.286495208740234, 6.562265396118164, 4.741456031799316, 10.293235778808594], [8.90186882019043, 6.276285171508789, 4.024416446685791, 9.212593078613281], [8.0573091506958, 5.340122222900391, 3.297391176223755, 7.559726715087891]]",raw,True,True,False,shaped,1.971967473695819,4.955916404724121,4.955916404724121,"[6.668398857116699, 4.769084453582764, 10.172030448913574]","[5.887238243766546, 3.661957130339188, 8.210771851310545]",0.5543570518493652
DiagReachK3,186,KL,SR,shaped,raw,development_DiagReachK3_s186_KL_SR,9,old,True,False,False,False,"[9.235342025756836, 9.188626289367676, 7.7977800369262695]","[[9.235342025756836, 6.344433784484863, 4.698404312133789, 10.041894912719727], [9.188626289367676, 6.082681655883789, 4.771206855773926, 9.849053382873535], [7.7977800369262695, 4.425786972045898, 3.4779434204101562, 6.9208984375]]","[[9.235342025756836, 6.344433784484863, 4.698404312133789, 10.041894912719727], [9.188626289367676, 6.082681655883789, 4.771206855773926, 9.849053382873535], [7.7977800369262695, 4.425786972045898, 3.4779434204101562, 6.9208984375]]",raw,True,True,False,shaped,2.5896047561217856,4.990261077880859,4.990261077880859,"[6.1690521240234375, 5.554014682769775, 10.528722763061523]","[5.235068447812387, 4.863568094928893, 8.919110583819968]",0.6193661689758301
DiagReachK3,186,KL,SR,shaped,raw,development_DiagReachK3_s186_KL_SR,10,old,True,False,False,False,"[9.2655029296875, 9.135224342346191, 8.952085494995117]","[[9.2655029296875, 6.565550804138184, 4.758541107177734, 10.293976783752441], [9.135224342346191, 6.2123589515686035, 4.391889572143555, 9.592479705810547], [8.952085494995117, 6.155296325683594, 4.4000725746154785, 9.54263687133789]]","[[9.2655029296875, 6.565550804138184, 4.758541107177734, 10.293976783752441], [9.135224342346191, 6.2123589515686035, 4.391889572143555, 9.592479705810547], [8.952085494995117, 6.155296325683594, 4.4000725746154785, 9.54263687133789]]",raw,True,True,False,shaped,1.242988509206243,6.197936058044434,6.197936058044434,"[5.856862545013428, 3.9600226879119873, 8.573183059692383]","[5.489510952401544, 3.420384868969019, 7.666154068585887]",0.5771675109863281
DiagReachK3,186,KL,SR,shaped,raw,development_DiagReachK3_s186_KL_SR,11,full_PPO,True,True,False,False,"[9.251273155212402, 9.584693908691406, 9.369552612304688]","[[9.251273155212402, 6.546795845031738, 4.779659271240234, 10.306746482849121], [9.584693908691406, 7.049325466156006, 5.436913967132568, 11.399733543395996], [9.369552612304688, 6.440075874328613, 6.156627655029297, 11.546370506286621]]","[[9.251273155212402, 6.546795845031738, 4.779659271240234, 10.306746482849121], [9.543926239013672, 7.049325466156006, 5.436913967132568, 11.399733543395996], [9.369552612304688, 6.440075874328613, 6.156627655029297, 11.546370506286621]]",raw,True,True,False,shaped,0.5951418159387772,6.933121681213379,6.933121681213379,"[6.07318639755249, 4.111081600189209, 9.005773544311523]","[6.7415747673964725, 4.4064442182109405, 9.935325236981871]",0.6072773933410645
DiagReachK3,186,KL,SR,shaped,raw,development_DiagReachK3_s186_KL_SR,12,old,True,False,False,False,"[9.382463455200195, 9.237566947937012, 9.140660285949707]","[[9.382463455200195, 6.412022113800049, 6.207661151885986, 11.568557739257812], [9.237566947937012, 6.420543193817139, 5.492758750915527, 10.856982231140137], [9.140660285949707, 6.608333587646484, 5.160368919372559, 10.670409202575684]]","[[9.382463455200195, 6.412022113800049, 6.207661151885986, 11.568557739257812], [9.237566947937012, 6.420543193817139, 5.492758750915527, 10.856982231140137], [9.140660285949707, 6.608333587646484, 5.160368919372559, 10.670409202575684]]",raw,True,True,False,shaped,2.7967793706417665,5.996128082275391,5.996128082275391,"[5.407816410064697, 5.848517894744873, 10.116571426391602]","[5.090628076301374, 4.85023326512861, 8.828880844503127]",0.7392518520355225
DiagReachK3,186,KL,SR,shaped,raw,development_DiagReachK3_s186_KL_SR,13,old,True,False,False,False,"[9.380470275878906, 9.15238094329834, 8.748615264892578]","[[9.380470275878906, 6.354290962219238, 6.20755672454834, 11.521955490112305], [9.15238094329834, 5.938874244689941, 5.8545989990234375, 10.783686637878418], [8.748615264892578, 4.929435729980469, 5.918670654296875, 9.842578887939453]]","[[9.380470275878906, 6.354290962219238, 6.20755672454834, 11.521955490112305], [9.15238094329834, 5.938874244689941, 5.8545989990234375, 10.783686637878418], [8.748615264892578, 4.929435729980469, 5.918670654296875, 9.842578887939453]]",raw,True,True,False,shaped,1.6766127182002808,6.376367568969727,6.376367568969727,"[5.7757768630981445, 4.921107292175293, 9.525788307189941]","[5.083673449366813, 4.588436252880493, 8.50951248840178]",0.6156184673309326
DiagReachK3,186,KL,SR,shaped,raw,development_DiagReachK3_s186_KL_SR,14,old,True,False,False,False,"[9.322307586669922, 9.112159729003906, 9.696882247924805]","[[9.322307586669922, 6.320341110229492, 6.170385360717773, 11.449691772460938], [9.112159729003906, 5.757204055786133, 5.99603271484375, 10.691274642944336], [9.696882247924805, 7.219865322113037, 5.70806884765625, 11.844364166259766]]","[[9.322307586669922, 6.320341110229492, 6.170385360717773, 11.449691772460938], [9.112159729003906, 5.757204055786133, 5.99603271484375, 10.691274642944336], [9.527814865112305, 7.219865322113037, 5.70806884765625, 11.844364166259766]]",raw,True,True,False,shaped,0.6094568557611871,6.1030449867248535,6.1030449867248535,"[5.385397911071777, 5.1913676261901855, 9.440742492675781]","[4.838961395532888, 5.267227183479402, 8.983420314002935]",0.5843746662139893
DiagReachK3,186,KL,SR,shaped,raw,development_DiagReachK3_s186_KL_SR,15,old,True,False,False,False,"[9.409342765808105, 9.101394653320312, 8.548833847045898]","[[9.409342765808105, 6.387110233306885, 6.243733882904053, 11.580047607421875], [9.101394653320312, 6.180551052093506, 5.363707542419434, 10.522123336791992], [8.548833847045898, 5.32280158996582, 4.602879524230957, 8.919071197509766]]","[[9.409342765808105, 6.387110233306885, 6.243733882904053, 11.580047607421875], [9.101394653320312, 6.180551052093506, 5.363707542419434, 10.522123336791992], [8.548833847045898, 5.32280158996582, 4.602879524230957, 8.919071197509766]]",raw,True,True,False,shaped,3.886450815815107,4.983301639556885,4.983301639556885,"[7.00457763671875, 5.50315523147583, 11.376631736755371]","[6.999999898801987, 4.185188684266653, 10.041594158098494]",0.6618351936340332
DiagReachK3,186,KL,SR,shaped,raw,development_DiagReachK3_s186_KL_SR,16,full_PPO,True,True,False,False,"[9.333786010742188, 9.249395370483398, 9.393105506896973]","[[9.333786010742188, 6.311710357666016, 6.2024664878845215, 11.468611717224121], [9.249395370483398, 6.389041900634766, 6.3741254806518555, 11.699684143066406], [9.393105506896973, 6.616469860076904, 6.194589614868164, 11.721834182739258]]","[[9.333786010742188, 6.311710357666016, 6.2024664878845215, 11.468611717224121], [9.249395370483398, 6.389041900634766, 6.3741254806518555, 11.699684143066406], [9.393105506896973, 6.616469860076904, 6.194589614868164, 11.721834182739258]]",raw,True,True,False,shaped,0.5897572637786785,7.277957916259766,7.277957916259766,"[5.983744144439697, 5.257431983947754, 10.15446949005127]","[5.859612890471716, 5.532522297354157, 10.294207798763772]",0.6954658031463623
DiagReachK3,186,KL,SR,shaped,raw,development_DiagReachK3_s186_KL_SR,17,old,True,False,False,False,"[9.459914207458496, 9.251189231872559, 8.99952220916748]","[[9.459914207458496, 6.778299808502197, 6.221799850463867, 11.90020751953125], [9.251189231872559, 6.64183235168457, 5.626425743103027, 11.174116134643555], [8.99952220916748, 6.472026824951172, 5.0274553298950195, 10.398731231689453]]","[[9.459914207458496, 6.778299808502197, 6.221799850463867, 11.90020751953125], [9.251189231872559, 6.64183235168457, 5.626425743103027, 11.174116134643555], [8.99952220916748, 6.472026824951172, 5.0274553298950195, 10.398731231689453]]",raw,True,True,False,shaped,1.0529940873192842,5.998668193817139,5.998668193817139,"[6.257387638092041, 5.5526838302612305, 10.546829223632812]","[6.255644222178801, 4.85473188078959, 9.609819531428325]",0.5724670886993408
DiagReachK3,186,KL,SR,shaped,raw,development_DiagReachK3_s186_KL_SR,18,old,True,False,False,False,"[9.443140029907227, 9.56050968170166, 9.252161026000977]","[[9.443140029907227, 6.645081520080566, 6.162977695465088, 11.729658126831055], [9.56050968170166, 7.058859348297119, 6.107504844665527, 12.061990737915039], [9.252161026000977, 6.608366012573242, 5.30838680267334, 10.845504760742188]]","[[9.443140029907227, 6.645081520080566, 6.162977695465088, 11.729658126831055], [9.51846694946289, 7.058859348297119, 6.107504844665527, 12.061990737915039], [9.252161026000977, 6.608366012573242, 5.30838680267334, 10.845504760742188]]",raw,True,True,False,shaped,0.6831587092414688,6.666345119476318,6.666345119476318,"[6.0351104736328125, 5.029648780822754, 9.78581428527832]","[6.513305691426189, 5.317638446935835, 10.614822133556125]",0.5496547222137451
DiagReachK3,186,KL,SR,shaped,raw,development_DiagReachK3_s186_KL_SR,19,old,True,False,False,False,"[9.413454055786133, 9.311200141906738, 8.68450927734375]","[[9.413454055786133, 6.680201053619385, 6.057286262512207, 11.65727710723877], [9.311200141906738, 6.302102565765381, 5.979640483856201, 11.2056245803833], [8.68450927734375, 5.477397918701172, 5.2814435958862305, 9.726178169250488]]","[[9.413454055786133, 6.680201053619385, 6.057286262512207, 11.65727710723877], [9.311200141906738, 6.302102565765381, 5.979640483856201, 11.2056245803833], [8.68450927734375, 5.477397918701172, 5.2814435958862305, 9.726178169250488]]",raw,True,True,False,shaped,1.9003385978485554,6.399513244628906,6.399513244628906,"[6.157375335693359, 5.24493408203125, 10.152478218078613]","[5.646139912095483, 4.637326849258658, 9.047865507746222]",0.6068782806396484
DiagReachK3,186,KL,SR,shaped,raw,development_DiagReachK3_s186_KL_SR,20,old,True,False,False,False,"[9.439465522766113, 9.144737243652344, 8.831781387329102]","[[9.439465522766113, 6.671643257141113, 6.216838836669922, 11.803797721862793], [9.144737243652344, 6.020758628845215, 6.262284278869629, 11.20193099975586], [8.831781387329102, 5.512135982513428, 5.791094779968262, 10.261421203613281]]","[[9.439465522766113, 6.671643257141113, 6.216838836669922, 11.803797721862793], [9.144737243652344, 6.020758628845215, 6.262284278869629, 11.20193099975586], [8.831781387329102, 5.512135982513428, 5.791094779968262, 10.261421203613281]]",raw,True,True,False,shaped,0.7415304690675446,7.237303256988525,7.237303256988525,"[5.827308654785156, 5.118107318878174, 9.733612060546875]","[5.786653528287243, 4.65845218734485, 8.946041713035562]",0.6237006187438965
DiagReachK3,186,KL,SR,shaped,raw,development_DiagReachK3_s186_KL_SR,21,old,True,False,False,False,"[9.431468963623047, 9.255727767944336, 8.702920913696289]","[[9.431468963623047, 6.65682315826416, 6.182939529418945, 11.751825332641602], [9.255727767944336, 6.12239933013916, 5.8680925369262695, 10.924503326416016], [8.702920913696289, 5.363133430480957, 5.395051002502441, 9.727459907531738]]","[[9.431468963623047, 6.65682315826416, 6.182939529418945, 11.751825332641602], [9.255727767944336, 6.12239933013916, 5.8680925369262695, 10.924503326416016], [8.702920913696289, 5.363133430480957, 5.395051002502441, 9.727459907531738]]",raw,True,True,False,shaped,3.465509561241615,5.44551944732666,5.44551944732666,"[7.112713813781738, 5.411723613739014, 11.366207122802734]","[6.465571309255114, 4.756478998509523, 10.059865444695703]",0.6874732971191406
DiagReachK3,186,KL,SR,shaped,raw,development_DiagReachK3_s186_KL_SR,22,old,True,False,False,False,"[9.417829513549805, 9.194741249084473, 8.364013671875]","[[9.417829513549805, 6.702176094055176, 6.2136712074279785, 11.82686996459961], [9.194741249084473, 6.2336344718933105, 5.681077480316162, 10.836673736572266], [8.364013671875, 5.251923561096191, 4.676869869232178, 8.893260955810547]]","[[9.417829513549805, 6.702176094055176, 6.2136712074279785, 11.82686996459961], [9.194741249084473, 6.2336344718933105, 5.681077480316162, 10.836673736572266], [8.364013671875, 5.251923561096191, 4.676869869232178, 8.893260955810547]]",raw,True,True,False,shaped,2.4843672742462104,5.609853744506836,5.609853744506836,"[6.15558385848999, 5.643459320068359, 10.704434394836426]","[6.000174664344127, 4.805081389960225, 9.704471491638847]",0.655158281326294
DiagReachK3,186,KL,SR,shaped,raw,development_DiagReachK3_s186_KL_SR,23,old,True,False,False,False,"[9.485465049743652, 9.065114974975586, 8.729990005493164]","[[9.485465049743652, 6.72350549697876, 6.183292865753174, 11.822174072265625], [9.065114974975586, 6.166119575500488, 5.438899993896484, 10.553269386291504], [8.729990005493164, 5.98019552230835, 4.5566511154174805, 9.477489471435547]]","[[9.485465049743652, 6.72350549697876, 6.183292865753174, 11.822174072265625], [9.065114974975586, 6.166119575500488, 5.438899993896484, 10.553269386291504], [8.729990005493164, 5.98019552230835, 4.5566511154174805, 9.477489471435547]]",raw,True,True,False,shaped,0.9227292280436259,7.287624359130859,7.287624359130859,"[6.162656784057617, 5.335799694061279, 10.296404838562012]","[5.949924775879248, 4.699908751349678, 9.433499538198486]",0.5892488956451416
DiagReachK3,186,KL,SR,shaped,raw,development_DiagReachK3_s186_KL_SR,24,old,True,False,False,False,"[9.46679401397705, 9.115376472473145, 8.683764457702637]","[[9.46679401397705, 6.7486467361450195, 6.193787574768066, 11.85780143737793], [9.115376472473145, 5.971299648284912, 5.901348114013672, 10.857588768005371], [8.683764457702637, 5.3902482986450195, 5.47047758102417, 9.826148986816406]]","[[9.46679401397705, 6.7486467361450195, 6.193787574768066, 11.85780143737793], [9.115376472473145, 5.971299648284912, 5.901348114013672, 10.857588768005371], [8.683764457702637, 5.3902482986450195, 5.47047758102417, 9.826148986816406]]",raw,True,True,False,shaped,0.9451805747161612,5.851734161376953,5.851734161376953,"[5.819069862365723, 5.342620849609375, 9.965417861938477]","[5.404486428104184, 5.132257735510316, 9.386012245201643]",0.6880655288696289
DiagReachK3,186,KL,SS,shaped,shaped,development_DiagReachK3_s186_KL_SS,0,full_PPO,True,True,False,False,"[4.990869522094727, 5.9766058921813965, 7.401331901550293]","[[4.990869522094727, 5.279749393463135, 0.0, 2.524906873703003], [5.9766058921813965, 6.386026382446289, 0.013134762644767761, 4.441675662994385], [7.401331901550293, 6.547670364379883, 1.3216567039489746, 6.675121784210205]]","[[4.990869522094727, 5.279749393463135, 0.0, 2.524906873703003], [5.9766058921813965, 6.386026382446289, 0.013134762644767761, 4.441675662994385], [7.401331901550293, 6.547670364379883, 1.3216567039489746, 6.675121784210205]]",shaped,True,True,False,shaped,1.620456272039915,4.105929374694824,4.105929374694824,"[5.587384223937988, 1.1736201047897339, 4.714179992675781]","[6.519408679753955, 1.6576303764661993, 6.472245441747924]",0.6067852973937988
DiagReachK3,186,KL,SS,shaped,shaped,development_DiagReachK3_s186_KL_SS,1,joint_KL,True,True,False,False,"[7.494083404541016, 8.182397842407227, 7.678256988525391]","[[7.494083404541016, 6.688045024871826, 1.361137866973877, 6.825448036193848], [8.182397842407227, 6.503674507141113, 2.341874599456787, 7.739775657653809], [8.129494667053223, 7.539281845092773, 2.051539897918701, 8.417733192443848]]","[[7.494083404541016, 6.688045024871826, 1.361137866973877, 6.825448036193848], [8.182397842407227, 6.503674507141113, 2.341874599456787, 7.739775657653809], [7.678256988525391, 7.539281845092773, 2.051539897918701, 8.417733192443848]]",shaped,True,True,False,shaped,1.0143494969981934,4.962791919708252,4.962791919708252,"[4.790313720703125, 2.3940582275390625, 5.922368049621582]","[5.547587556815951, 3.0451039605334382, 7.344609536392169]",0.5203046798706055
DiagReachK3,186,KL,SS,shaped,shaped,development_DiagReachK3_s186_KL_SS,2,full_PPO,True,True,False,False,"[8.135408401489258, 8.466540336608887, 9.150283813476562]","[[8.135408401489258, 6.512335777282715, 2.388028383255005, 7.800179481506348], [8.466540336608887, 6.208195686340332, 3.1699750423431396, 8.331072807312012], [9.150283813476562, 6.28084659576416, 4.455573081970215, 9.7354736328125]]","[[8.135408401489258, 6.512335777282715, 2.388028383255005, 7.800179481506348], [8.466540336608887, 6.208195686340332, 3.1699750423431396, 8.331072807312012], [9.150283813476562, 6.28084659576416, 4.455573081970215, 9.7354736328125]]",shaped,True,True,False,shaped,1.3839051633359651,5.232491493225098,5.232491493225098,"[5.140136241912842, 2.404872179031372, 6.230410575866699]","[4.906270205626378, 2.9006242757367118, 6.539771871384378]",0.544292688369751
DiagReachK3,186,KL,SS,shaped,shaped,development_DiagReachK3_s186_KL_SS,3,full_PPO,True,True,False,False,"[9.089704513549805, 9.09915828704834, 9.276378631591797]","[[9.089704513549805, 6.13615608215332, 4.359780311584473, 9.495859146118164], [9.09915828704834, 6.4235382080078125, 4.172403812408447, 9.585000991821289], [9.276378631591797, 6.490389823913574, 4.809686660766602, 10.289069175720215]]","[[9.089704513549805, 6.13615608215332, 4.359780311584473, 9.495859146118164], [9.09915828704834, 6.4235382080078125, 4.172403812408447, 9.585000991821289], [9.276378631591797, 6.490389823913574, 4.809686660766602, 10.289069175720215]]",shaped,True,True,False,shaped,0.5006816027209441,6.162446022033691,6.162446022033691,"[5.753533363342285, 4.669050693511963, 9.147342681884766]","[6.307987391174912, 4.914577036325282, 9.945500910481467]",0.5290894508361816
DiagReachK3,186,KL,SS,shaped,shaped,development_DiagReachK3_s186_KL_SS,4,old,True,False,False,False,"[9.29906940460205, 9.146143913269043, 8.197494506835938]","[[9.29906940460205, 6.502584457397461, 4.8199310302734375, 10.303680419921875], [9.146143913269043, 6.139007091522217, 4.747072696685791, 9.875081062316895], [8.197494506835938, 4.7397637367248535, 4.26440954208374, 8.006425857543945]]","[[9.29906940460205, 6.502584457397461, 4.8199310302734375, 10.303680419921875], [9.146143913269043, 6.139007091522217, 4.747072696685791, 9.875081062316895], [8.197494506835938, 4.7397637367248535, 4.26440954208374, 8.006425857543945]]",shaped,True,True,False,shaped,2.2489156441113276,5.3586578369140625,5.3586578369140625,"[6.533641815185547, 4.38923978805542, 9.59567642211914]","[5.864219268934768, 3.761024413048548, 8.224409636129943]",0.5672900676727295
DiagReachK3,186,KL,SS,shaped,shaped,development_DiagReachK3_s186_KL_SS,5,old,True,False,False,False,"[9.260263442993164, 9.2531099319458, 9.335123062133789]","[[9.260263442993164, 6.495163917541504, 4.8191094398498535, 10.30322265625], [9.675857543945312, 7.442358016967773, 5.46456241607666, 11.847051620483398], [9.495637893676758, 6.7100605964660645, 6.699004650115967, 12.32626724243164]]","[[9.260263442993164, 6.495163917541504, 4.8191094398498535, 10.30322265625], [9.2531099319458, 7.442358016967773, 5.46456241607666, 11.847051620483398], [9.335123062133789, 6.7100605964660645, 6.699004650115967, 12.32626724243164]]",shaped,True,True,False,shaped,0.62144999901268,6.587952613830566,6.587952613830566,"[5.587655067443848, 3.4875073432922363, 7.817355155944824]","[6.142274062071804, 3.969031282796807, 8.83504012799718]",0.58349609375
DiagReachK3,186,KL,SS,shaped,shaped,development_DiagReachK3_s186_KL_SS,6,old,True,False,False,False,"[9.239587783813477, 9.229339599609375, 9.187145233154297]","[[9.239587783813477, 6.539706230163574, 4.735652923583984, 10.243990898132324], [9.229339599609375, 6.549415588378906, 4.563323020935059, 10.042679786682129], [9.187145233154297, 5.892709732055664, 6.140408515930176, 11.00025463104248]]","[[9.239587783813477, 6.539706230163574, 4.735652923583984, 10.243990898132324], [9.229339599609375, 6.549415588378906, 4.563323020935059, 10.042679786682129], [9.187145233154297, 5.892709732055664, 6.140408515930176, 11.00025463104248]]",shaped,True,True,False,shaped,0.7369686537688914,6.511608123779297,6.511608123779297,"[5.7737040519714355, 3.740708589553833, 8.255419731140137]","[5.982432923486754, 3.6107904778699624, 8.325762690607968]",0.6103551387786865
DiagReachK3,186,KL,SS,shaped,shaped,development_DiagReachK3_s186_KL_SS,7,old,True,False,False,False,"[9.307578086853027, 9.269187927246094, 8.806486129760742]","[[9.307578086853027, 6.5753865242004395, 4.80300235748291, 10.367716789245605], [9.269187927246094, 6.706280708312988, 5.078318119049072, 10.749513626098633], [8.806486129760742, 5.611249923706055, 5.023646354675293, 9.632770538330078]]","[[9.307578086853027, 6.5753865242004395, 4.80300235748291, 10.367716789245605], [9.269187927246094, 6.706280708312988, 5.078318119049072, 10.749513626098633], [8.806486129760742, 5.611249923706055, 5.023646354675293, 9.632770538330078]]",shaped,True,True,False,shaped,1.2046327065371227,6.179969787597656,6.179969787597656,"[6.716059684753418, 4.623258113861084, 10.184699058532715]","[6.36537388130889, 4.765136926955388, 9.975990124787273]",0.5886726379394531
DiagReachK3,186,KL,SS,shaped,shaped,development_DiagReachK3_s186_KL_SS,8,old,True,False,False,False,"[9.286495208740234, 8.90186882019043, 8.0573091506958]","[[9.286495208740234, 6.562265396118164, 4.741456031799316, 10.293235778808594], [8.90186882019043, 6.276285171508789, 4.024416446685791, 9.212593078613281], [8.0573091506958, 5.340122222900391, 3.297391176223755, 7.559726715087891]]","[[9.286495208740234, 6.562265396118164, 4.741456031799316, 10.293235778808594], [8.90186882019043, 6.276285171508789, 4.024416446685791, 9.212593078613281], [8.0573091506958, 5.340122222900391, 3.297391176223755, 7.559726715087891]]",shaped,True,True,False,shaped,1.971967473695819,4.955916404724121,4.955916404724121,"[6.668398857116699, 4.769084453582764, 10.172030448913574]","[5.887238243766546, 3.661957130339188, 8.210771851310545]",0.5578813552856445
DiagReachK3,186,KL,SS,shaped,shaped,development_DiagReachK3_s186_KL_SS,9,old,True,False,False,False,"[9.235342025756836, 9.188626289367676, 7.7977800369262695]","[[9.235342025756836, 6.344433784484863, 4.698404312133789, 10.041894912719727], [9.188626289367676, 6.082681655883789, 4.771206855773926, 9.849053382873535], [7.7977800369262695, 4.425786972045898, 3.4779434204101562, 6.9208984375]]","[[9.235342025756836, 6.344433784484863, 4.698404312133789, 10.041894912719727], [9.188626289367676, 6.082681655883789, 4.771206855773926, 9.849053382873535], [7.7977800369262695, 4.425786972045898, 3.4779434204101562, 6.9208984375]]",shaped,True,True,False,shaped,2.5896047561217856,4.990261077880859,4.990261077880859,"[6.1690521240234375, 5.554014682769775, 10.528722763061523]","[5.235068447812387, 4.863568094928893, 8.919110583819968]",0.5650253295898438
DiagReachK3,186,KL,SS,shaped,shaped,development_DiagReachK3_s186_KL_SS,10,old,True,False,False,False,"[9.2655029296875, 9.135224342346191, 8.952085494995117]","[[9.2655029296875, 6.565550804138184, 4.758541107177734, 10.293976783752441], [9.135224342346191, 6.2123589515686035, 4.391889572143555, 9.592479705810547], [8.952085494995117, 6.155296325683594, 4.4000725746154785, 9.54263687133789]]","[[9.2655029296875, 6.565550804138184, 4.758541107177734, 10.293976783752441], [9.135224342346191, 6.2123589515686035, 4.391889572143555, 9.592479705810547], [8.952085494995117, 6.155296325683594, 4.4000725746154785, 9.54263687133789]]",shaped,True,True,False,shaped,1.242988509206243,6.197936058044434,6.197936058044434,"[5.856862545013428, 3.9600226879119873, 8.573183059692383]","[5.489510952401544, 3.420384868969019, 7.666154068585887]",0.5993695259094238
DiagReachK3,186,KL,SS,shaped,shaped,development_DiagReachK3_s186_KL_SS,11,full_PPO,True,True,False,False,"[9.251273155212402, 9.543926239013672, 9.369552612304688]","[[9.251273155212402, 6.546795845031738, 4.779659271240234, 10.306746482849121], [9.584693908691406, 7.049325466156006, 5.436913967132568, 11.399733543395996], [9.369552612304688, 6.440075874328613, 6.156627655029297, 11.546370506286621]]","[[9.251273155212402, 6.546795845031738, 4.779659271240234, 10.306746482849121], [9.543926239013672, 7.049325466156006, 5.436913967132568, 11.399733543395996], [9.369552612304688, 6.440075874328613, 6.156627655029297, 11.546370506286621]]",shaped,True,True,False,shaped,0.5951418159387772,6.933121681213379,6.933121681213379,"[6.07318639755249, 4.111081600189209, 9.005773544311523]","[6.7415747673964725, 4.4064442182109405, 9.935325236981871]",0.6350693702697754
DiagReachK3,186,KL,SS,shaped,shaped,development_DiagReachK3_s186_KL_SS,12,old,True,False,False,False,"[9.382463455200195, 9.237566947937012, 9.140660285949707]","[[9.382463455200195, 6.412022113800049, 6.207661151885986, 11.568557739257812], [9.237566947937012, 6.420543193817139, 5.492758750915527, 10.856982231140137], [9.140660285949707, 6.608333587646484, 5.160368919372559, 10.670409202575684]]","[[9.382463455200195, 6.412022113800049, 6.207661151885986, 11.568557739257812], [9.237566947937012, 6.420543193817139, 5.492758750915527, 10.856982231140137], [9.140660285949707, 6.608333587646484, 5.160368919372559, 10.670409202575684]]",shaped,True,True,False,shaped,2.7967793706417665,5.996128082275391,5.996128082275391,"[5.407816410064697, 5.848517894744873, 10.116571426391602]","[5.090628076301374, 4.85023326512861, 8.828880844503127]",0.5947813987731934
DiagReachK3,186,KL,SS,shaped,shaped,development_DiagReachK3_s186_KL_SS,13,old,True,False,False,False,"[9.380470275878906, 9.15238094329834, 8.748615264892578]","[[9.380470275878906, 6.354290962219238, 6.20755672454834, 11.521955490112305], [9.15238094329834, 5.938874244689941, 5.8545989990234375, 10.783686637878418], [8.748615264892578, 4.929435729980469, 5.918670654296875, 9.842578887939453]]","[[9.380470275878906, 6.354290962219238, 6.20755672454834, 11.521955490112305], [9.15238094329834, 5.938874244689941, 5.8545989990234375, 10.783686637878418], [8.748615264892578, 4.929435729980469, 5.918670654296875, 9.842578887939453]]",shaped,True,True,False,shaped,1.6766127182002808,6.376367568969727,6.376367568969727,"[5.7757768630981445, 4.921107292175293, 9.525788307189941]","[5.083673449366813, 4.588436252880493, 8.50951248840178]",0.600290060043335
DiagReachK3,186,KL,SS,shaped,shaped,development_DiagReachK3_s186_KL_SS,14,old,True,False,False,False,"[9.322307586669922, 9.112159729003906, 9.527814865112305]","[[9.322307586669922, 6.320341110229492, 6.170385360717773, 11.449691772460938], [9.112159729003906, 5.757204055786133, 5.99603271484375, 10.691274642944336], [9.696882247924805, 7.219865322113037, 5.70806884765625, 11.844364166259766]]","[[9.322307586669922, 6.320341110229492, 6.170385360717773, 11.449691772460938], [9.112159729003906, 5.757204055786133, 5.99603271484375, 10.691274642944336], [9.527814865112305, 7.219865322113037, 5.70806884765625, 11.844364166259766]]",shaped,True,True,False,shaped,0.6094568557611871,6.1030449867248535,6.1030449867248535,"[5.385397911071777, 5.1913676261901855, 9.440742492675781]","[4.838961395532888, 5.267227183479402, 8.983420314002935]",0.5915172100067139
DiagReachK3,186,KL,SS,shaped,shaped,development_DiagReachK3_s186_KL_SS,15,old,True,False,False,False,"[9.409342765808105, 9.101394653320312, 8.548833847045898]","[[9.409342765808105, 6.387110233306885, 6.243733882904053, 11.580047607421875], [9.101394653320312, 6.180551052093506, 5.363707542419434, 10.522123336791992], [8.548833847045898, 5.32280158996582, 4.602879524230957, 8.919071197509766]]","[[9.409342765808105, 6.387110233306885, 6.243733882904053, 11.580047607421875], [9.101394653320312, 6.180551052093506, 5.363707542419434, 10.522123336791992], [8.548833847045898, 5.32280158996582, 4.602879524230957, 8.919071197509766]]",shaped,True,True,False,shaped,3.886450815815107,4.983301639556885,4.983301639556885,"[7.00457763671875, 5.50315523147583, 11.376631736755371]","[6.999999898801987, 4.185188684266653, 10.041594158098494]",0.6133887767791748
DiagReachK3,186,KL,SS,shaped,shaped,development_DiagReachK3_s186_KL_SS,16,full_PPO,True,True,False,False,"[9.333786010742188, 9.249395370483398, 9.393105506896973]","[[9.333786010742188, 6.311710357666016, 6.2024664878845215, 11.468611717224121], [9.249395370483398, 6.389041900634766, 6.3741254806518555, 11.699684143066406], [9.393105506896973, 6.616469860076904, 6.194589614868164, 11.721834182739258]]","[[9.333786010742188, 6.311710357666016, 6.2024664878845215, 11.468611717224121], [9.249395370483398, 6.389041900634766, 6.3741254806518555, 11.699684143066406], [9.393105506896973, 6.616469860076904, 6.194589614868164, 11.721834182739258]]",shaped,True,True,False,shaped,0.5897572637786785,7.277957916259766,7.277957916259766,"[5.983744144439697, 5.257431983947754, 10.15446949005127]","[5.859612890471716, 5.532522297354157, 10.294207798763772]",0.6420896053314209
DiagReachK3,186,KL,SS,shaped,shaped,development_DiagReachK3_s186_KL_SS,17,old,True,False,False,False,"[9.459914207458496, 9.251189231872559, 8.99952220916748]","[[9.459914207458496, 6.778299808502197, 6.221799850463867, 11.90020751953125], [9.251189231872559, 6.64183235168457, 5.626425743103027, 11.174116134643555], [8.99952220916748, 6.472026824951172, 5.0274553298950195, 10.398731231689453]]","[[9.459914207458496, 6.778299808502197, 6.221799850463867, 11.90020751953125], [9.251189231872559, 6.64183235168457, 5.626425743103027, 11.174116134643555], [8.99952220916748, 6.472026824951172, 5.0274553298950195, 10.398731231689453]]",shaped,True,True,False,shaped,1.0529940873192842,5.998668193817139,5.998668193817139,"[6.257387638092041, 5.5526838302612305, 10.546829223632812]","[6.255644222178801, 4.85473188078959, 9.609819531428325]",0.640225887298584
DiagReachK3,186,KL,SS,shaped,shaped,development_DiagReachK3_s186_KL_SS,18,old,True,False,False,False,"[9.443140029907227, 9.51846694946289, 9.252161026000977]","[[9.443140029907227, 6.645081520080566, 6.162977695465088, 11.729658126831055], [9.56050968170166, 7.058859348297119, 6.107504844665527, 12.061990737915039], [9.252161026000977, 6.608366012573242, 5.30838680267334, 10.845504760742188]]","[[9.443140029907227, 6.645081520080566, 6.162977695465088, 11.729658126831055], [9.51846694946289, 7.058859348297119, 6.107504844665527, 12.061990737915039], [9.252161026000977, 6.608366012573242, 5.30838680267334, 10.845504760742188]]",shaped,True,True,False,shaped,0.6831587092414688,6.666345119476318,6.666345119476318,"[6.0351104736328125, 5.029648780822754, 9.78581428527832]","[6.513305691426189, 5.317638446935835, 10.614822133556125]",0.5831551551818848
DiagReachK3,186,KL,SS,shaped,shaped,development_DiagReachK3_s186_KL_SS,19,old,True,False,False,False,"[9.413454055786133, 9.311200141906738, 8.68450927734375]","[[9.413454055786133, 6.680201053619385, 6.057286262512207, 11.65727710723877], [9.311200141906738, 6.302102565765381, 5.979640483856201, 11.2056245803833], [8.68450927734375, 5.477397918701172, 5.2814435958862305, 9.726178169250488]]","[[9.413454055786133, 6.680201053619385, 6.057286262512207, 11.65727710723877], [9.311200141906738, 6.302102565765381, 5.979640483856201, 11.2056245803833], [8.68450927734375, 5.477397918701172, 5.2814435958862305, 9.726178169250488]]",shaped,True,True,False,shaped,1.9003385978485554,6.399513244628906,6.399513244628906,"[6.157375335693359, 5.24493408203125, 10.152478218078613]","[5.646139912095483, 4.637326849258658, 9.047865507746222]",0.576749324798584
DiagReachK3,186,KL,SS,shaped,shaped,development_DiagReachK3_s186_KL_SS,20,old,True,False,False,False,"[9.439465522766113, 9.144737243652344, 8.831781387329102]","[[9.439465522766113, 6.671643257141113, 6.216838836669922, 11.803797721862793], [9.144737243652344, 6.020758628845215, 6.262284278869629, 11.20193099975586], [8.831781387329102, 5.512135982513428, 5.791094779968262, 10.261421203613281]]","[[9.439465522766113, 6.671643257141113, 6.216838836669922, 11.803797721862793], [9.144737243652344, 6.020758628845215, 6.262284278869629, 11.20193099975586], [8.831781387329102, 5.512135982513428, 5.791094779968262, 10.261421203613281]]",shaped,True,True,False,shaped,0.7415304690675446,7.237303256988525,7.237303256988525,"[5.827308654785156, 5.118107318878174, 9.733612060546875]","[5.786653528287243, 4.65845218734485, 8.946041713035562]",0.5897080898284912
DiagReachK3,186,KL,SS,shaped,shaped,development_DiagReachK3_s186_KL_SS,21,old,True,False,False,False,"[9.431468963623047, 9.255727767944336, 8.702920913696289]","[[9.431468963623047, 6.65682315826416, 6.182939529418945, 11.751825332641602], [9.255727767944336, 6.12239933013916, 5.8680925369262695, 10.924503326416016], [8.702920913696289, 5.363133430480957, 5.395051002502441, 9.727459907531738]]","[[9.431468963623047, 6.65682315826416, 6.182939529418945, 11.751825332641602], [9.255727767944336, 6.12239933013916, 5.8680925369262695, 10.924503326416016], [8.702920913696289, 5.363133430480957, 5.395051002502441, 9.727459907531738]]",shaped,True,True,False,shaped,3.465509561241615,5.44551944732666,5.44551944732666,"[7.112713813781738, 5.411723613739014, 11.366207122802734]","[6.465571309255114, 4.756478998509523, 10.059865444695703]",0.7920029163360596
DiagReachK3,186,KL,SS,shaped,shaped,development_DiagReachK3_s186_KL_SS,22,old,True,False,False,False,"[9.417829513549805, 9.194741249084473, 8.364013671875]","[[9.417829513549805, 6.702176094055176, 6.2136712074279785, 11.82686996459961], [9.194741249084473, 6.2336344718933105, 5.681077480316162, 10.836673736572266], [8.364013671875, 5.251923561096191, 4.676869869232178, 8.893260955810547]]","[[9.417829513549805, 6.702176094055176, 6.2136712074279785, 11.82686996459961], [9.194741249084473, 6.2336344718933105, 5.681077480316162, 10.836673736572266], [8.364013671875, 5.251923561096191, 4.676869869232178, 8.893260955810547]]",shaped,True,True,False,shaped,2.4843672742462104,5.609853744506836,5.609853744506836,"[6.15558385848999, 5.643459320068359, 10.704434394836426]","[6.000174664344127, 4.805081389960225, 9.704471491638847]",0.6356420516967773
DiagReachK3,186,KL,SS,shaped,shaped,development_DiagReachK3_s186_KL_SS,23,old,True,False,False,False,"[9.485465049743652, 9.065114974975586, 8.729990005493164]","[[9.485465049743652, 6.72350549697876, 6.183292865753174, 11.822174072265625], [9.065114974975586, 6.166119575500488, 5.438899993896484, 10.553269386291504], [8.729990005493164, 5.98019552230835, 4.5566511154174805, 9.477489471435547]]","[[9.485465049743652, 6.72350549697876, 6.183292865753174, 11.822174072265625], [9.065114974975586, 6.166119575500488, 5.438899993896484, 10.553269386291504], [8.729990005493164, 5.98019552230835, 4.5566511154174805, 9.477489471435547]]",shaped,True,True,False,shaped,0.9227292280436259,7.287624359130859,7.287624359130859,"[6.162656784057617, 5.335799694061279, 10.296404838562012]","[5.949924775879248, 4.699908751349678, 9.433499538198486]",0.5647988319396973
DiagReachK3,186,KL,SS,shaped,shaped,development_DiagReachK3_s186_KL_SS,24,old,True,False,False,False,"[9.46679401397705, 9.115376472473145, 8.683764457702637]","[[9.46679401397705, 6.7486467361450195, 6.193787574768066, 11.85780143737793], [9.115376472473145, 5.971299648284912, 5.901348114013672, 10.857588768005371], [8.683764457702637, 5.3902482986450195, 5.47047758102417, 9.826148986816406]]","[[9.46679401397705, 6.7486467361450195, 6.193787574768066, 11.85780143737793], [9.115376472473145, 5.971299648284912, 5.901348114013672, 10.857588768005371], [8.683764457702637, 5.3902482986450195, 5.47047758102417, 9.826148986816406]]",shaped,True,True,False,shaped,0.9451805747161612,5.851734161376953,5.851734161376953,"[5.819069862365723, 5.342620849609375, 9.965417861938477]","[5.404486428104184, 5.132257735510316, 9.386012245201643]",0.6971409320831299
DiagReachK3,186,W2,RR,raw,raw,development_DiagReachK3_s186_W2_RR,0,full_PPO,True,True,False,False,"[4.990869522094727, 6.069575786590576, 7.401331901550293]","[[4.990869522094727, 5.279749393463135, 0.0, 2.524906873703003], [6.069575786590576, 6.5942888259887695, 0.02308124303817749, 4.81550407409668], [7.401331901550293, 6.547670364379883, 1.3216567039489746, 6.675121784210205]]","[[4.990869522094727, 5.279749393463135, 0.0, 2.524906873703003], [6.069575786590576, 6.5942888259887695, 0.02308124303817749, 4.81550407409668], [7.401331901550293, 6.547670364379883, 1.3216567039489746, 6.675121784210205]]",raw,True,True,False,raw,1.7523865741439208,4.997136116027832,4.105929374694824,"[5.587384223937988, 1.1736201047897339, 4.714179992675781]","[6.963713230936891, 1.6495770255350135, 6.834960419603964]",0.5946629047393799
DiagReachK3,186,W2,RR,raw,raw,development_DiagReachK3_s186_W2_RR,1,old,True,False,False,False,"[7.494083404541016, 8.270791053771973, 8.129494667053223]","[[7.494083404541016, 6.688045024871826, 1.361137866973877, 6.825448036193848], [8.270791053771973, 7.220035552978516, 2.183009147644043, 8.210562705993652], [8.129494667053223, 7.539281845092773, 2.051539897918701, 8.417733192443848]]","[[7.494083404541016, 6.688045024871826, 1.361137866973877, 6.825448036193848], [8.113622665405273, 7.220035552978516, 2.183009147644043, 8.210562705993652], [7.678256988525391, 7.539281845092773, 2.051539897918701, 8.417733192443848]]",raw,True,True,False,raw,1.184935119292747,5.446009635925293,4.962791919708252,"[4.790313720703125, 2.3940582275390625, 5.922368049621582]","[6.065994501246725, 3.2321491721276576, 7.934363523839006]",0.6016032695770264
DiagReachK3,186,W2,RR,raw,raw,development_DiagReachK3_s186_W2_RR,2,full_PPO,True,True,False,False,"[7.468100547790527, 8.348381996154785, 8.566362380981445]","[[7.468100547790527, 6.703367710113525, 1.4103351831436157, 6.916761875152588], [8.348381996154785, 8.091333389282227, 2.4498136043548584, 9.409008026123047], [8.566362380981445, 6.140750885009766, 3.2848782539367676, 8.407516479492188]]","[[7.468100547790527, 6.703367710113525, 1.4103351831436157, 6.916761875152588], [7.080538749694824, 8.091333389282227, 2.4498136043548584, 9.409008026123047], [8.566362380981445, 6.140750885009766, 3.2848782539367676, 8.407516479492188]]",raw,True,True,False,raw,0.8475527478704977,5.630402565002441,4.831422328948975,"[5.050079345703125, 2.0617501735687256, 5.752021789550781]","[6.125196782698161, 2.5934690766888693, 7.30970570280963]",0.6260507106781006
DiagReachK3,186,W2,RR,raw,raw,development_DiagReachK3_s186_W2_RR,3,old,True,False,False,False,"[8.47177505493164, 8.987321853637695, 9.440909385681152]","[[8.47177505493164, 5.941409111022949, 3.1785311698913574, 8.142810821533203], [8.987321853637695, 7.171077728271484, 3.7150168418884277, 9.881205558776855], [9.440909385681152, 7.317363739013672, 5.004917621612549, 11.314207077026367]]","[[8.47177505493164, 5.941409111022949, 3.1785311698913574, 8.142810821533203], [8.86512279510498, 7.171077728271484, 3.7150168418884277, 9.881205558776855], [9.19825553894043, 7.317363739013672, 5.004917621612549, 11.314207077026367]]",raw,True,True,False,raw,1.110873685703666,6.085940837860107,5.6487555503845215,"[4.027746677398682, 3.7174906730651855, 6.584290981292725]","[5.18054127821871, 4.58183710005833, 8.506293468645758]",0.6649482250213623
DiagReachK3,186,W2,RR,raw,raw,development_DiagReachK3_s186_W2_RR,4,full_PPO,True,True,False,False,"[8.539265632629395, 9.17977237701416, 8.711177825927734]","[[8.539265632629395, 5.965526580810547, 3.193142890930176, 8.165852546691895], [9.17977237701416, 7.471142768859863, 4.251698970794678, 10.72127914428711], [8.711177825927734, 5.1023101806640625, 4.943767547607422, 9.054317474365234]]","[[8.539265632629395, 5.965526580810547, 3.193142890930176, 8.165852546691895], [8.774792671203613, 7.471142768859863, 4.251698970794678, 10.72127914428711], [8.711177825927734, 5.1023101806640625, 4.943767547607422, 9.054317474365234]]",raw,True,True,False,raw,1.1063174905817126,6.406130790710449,5.397719383239746,"[4.804645538330078, 3.3509318828582764, 6.707678318023682]","[6.563485748227976, 4.221528847263755, 9.533847669013294]",0.6812241077423096
DiagReachK3,186,W2,RR,raw,raw,development_DiagReachK3_s186_W2_RR,5,joint_W2,True,True,False,False,"[8.67919921875, 9.204912185668945, 9.426846504211426]","[[8.67919921875, 5.118178844451904, 4.94639253616333, 9.064571380615234], [9.204912185668945, 5.752787113189697, 5.388003349304199, 10.123618125915527], [9.426846504211426, 6.889297008514404, 4.899039268493652, 10.785667419433594]]","[[8.67919921875, 5.118178844451904, 4.94639253616333, 9.064571380615234], [9.204912185668945, 5.752787113189697, 5.388003349304199, 10.123618125915527], [9.403173446655273, 6.889297008514404, 4.899039268493652, 10.785667419433594]]",raw,True,True,False,raw,0.7392362008123302,6.948422908782959,6.715205192565918,"[4.713273525238037, 4.866559028625488, 8.416446685791016]","[5.484120997104584, 4.915149483209134, 9.265192542173327]",0.5929892063140869
DiagReachK3,186,W2,RR,raw,raw,development_DiagReachK3_s186_W2_RR,6,full_PPO,True,True,False,False,"[9.191896438598633, 9.234122276306152, 9.475064277648926]","[[9.191896438598633, 5.788041591644287, 5.292946815490723, 10.078601837158203], [9.234122276306152, 6.558369159698486, 6.278831481933594, 11.828472137451172], [9.475064277648926, 6.267580032348633, 5.910548210144043, 11.124044418334961]]","[[9.191896438598633, 5.788041591644287, 5.292946815490723, 10.078601837158203], [9.234122276306152, 6.558369159698486, 6.278831481933594, 11.828472137451172], [9.475064277648926, 6.267580032348633, 5.910548210144043, 11.124044418334961]]",raw,True,True,False,raw,0.7081391049598633,7.237626075744629,7.020071983337402,"[4.942552089691162, 4.3696208000183105, 8.21760082244873]","[5.513673444911748, 4.596653395745028, 8.994786770140173]",0.6555643081665039
DiagReachK3,186,W2,RR,raw,raw,development_DiagReachK3_s186_W2_RR,7,joint_W2,True,True,False,False,"[9.514815330505371, 9.628920555114746, 9.130370140075684]","[[9.514815330505371, 6.304559707641602, 5.987078666687012, 11.22236442565918], [9.628920555114746, 6.654079914093018, 6.131080150604248, 11.666243553161621], [9.130370140075684, 5.8877363204956055, 5.211885452270508, 10.056396484375]]","[[9.514815330505371, 6.304559707641602, 5.987078666687012, 11.22236442565918], [9.628920555114746, 6.654079914093018, 6.131080150604248, 11.666243553161621], [9.130370140075684, 5.8877363204956055, 5.211885452270508, 10.056396484375]]",raw,True,True,False,raw,0.7553062350805723,8.180498123168945,6.7892608642578125,"[5.641814231872559, 5.9785637855529785, 10.445240020751953]","[5.620338784934425, 6.499999876760192, 10.944682484351516]",0.5937528610229492
DiagReachK3,186,W2,RR,raw,raw,development_DiagReachK3_s186_W2_RR,8,old,True,False,False,False,"[9.631362915039062, 9.774450302124023, 8.832990646362305]","[[9.631362915039062, 6.642253875732422, 6.072800159454346, 11.60653018951416], [9.774450302124023, 7.086592197418213, 6.723055839538574, 12.708646774291992], [8.832990646362305, 5.687441825866699, 4.6490654945373535, 9.325186729431152]]","[[9.631362915039062, 6.642253875732422, 6.072800159454346, 11.60653018951416], [9.451090812683105, 7.086592197418213, 6.723055839538574, 12.708646774291992], [8.832990646362305, 5.687441825866699, 4.6490654945373535, 9.325186729431152]]",raw,True,True,False,raw,0.5033226083576319,8.391146659851074,5.679683685302734,"[6.755152225494385, 5.921147346496582, 11.574877738952637]","[7.000000034141865, 6.490909736378859, 12.390319426993505]",0.840599536895752
DiagReachK3,186,W2,RR,raw,raw,development_DiagReachK3_s186_W2_RR,9,old,True,False,False,False,"[9.595695495605469, 9.78064250946045, 9.128235816955566]","[[9.595695495605469, 6.4668498039245605, 6.058718681335449, 11.42486572265625], [9.78064250946045, 7.123030662536621, 6.254825592041016, 12.274284362792969], [9.128235816955566, 5.979896545410156, 4.701749324798584, 9.661951065063477]]","[[9.595695495605469, 6.4668498039245605, 6.058718681335449, 11.42486572265625], [9.686421394348145, 7.123030662536621, 6.254825592041016, 12.274284362792969], [9.128235816955566, 5.979896545410156, 4.701749324798584, 9.661951065063477]]",raw,True,True,False,raw,0.7351182871758968,8.043103218078613,6.178609371185303,"[6.02423620223999, 5.833913326263428, 10.764135360717773]","[6.793928589672823, 6.500000182292884, 12.166474408374267]",0.6653432846069336
DiagReachK3,186,W2,RR,raw,raw,development_DiagReachK3_s186_W2_RR,10,old,True,False,False,False,"[9.614221572875977, 9.897562026977539, 9.725455284118652]","[[9.614221572875977, 6.627720355987549, 6.081158638000488, 11.608600616455078], [9.897562026977539, 7.489880561828613, 6.671882152557373, 13.063329696655273], [9.725455284118652, 7.198089599609375, 6.936591148376465, 13.03468132019043]]","[[9.614221572875977, 6.627720355987549, 6.081158638000488, 11.608600616455078], [9.074178695678711, 7.489880561828613, 6.671882152557373, 13.063329696655273], [8.882701873779297, 7.198089599609375, 6.936591148376465, 13.03468132019043]]",raw,True,True,False,raw,0.6798370043619542,7.766847133636475,7.509484767913818,"[5.707406520843506, 5.062211990356445, 9.509172439575195]","[6.609449256660122, 5.842514598277534, 11.211167813076273]",0.6585423946380615
DiagReachK3,186,W2,RR,raw,raw,development_DiagReachK3_s186_W2_RR,11,old,True,False,False,False,"[9.607820510864258, 9.575939178466797, 8.819265365600586]","[[9.607820510864258, 6.619541645050049, 6.099021911621094, 11.611566543579102], [9.575939178466797, 6.27281379699707, 6.709202766418457, 11.878541946411133], [8.819265365600586, 5.1492228507995605, 5.423490524291992, 9.496370315551758]]","[[9.607820510864258, 6.619541645050049, 6.099021911621094, 11.611566543579102], [9.393624305725098, 6.27281379699707, 6.709202766418457, 11.878541946411133], [8.819265365600586, 5.1492228507995605, 5.423490524291992, 9.496370315551758]]",raw,True,True,False,raw,0.555985739851637,8.218310356140137,6.337780952453613,"[6.780351161956787, 5.38393497467041, 11.07854175567627]","[7.000000128012299, 5.810395688608653, 11.691545015278031]",0.7646949291229248
DiagReachK3,186,W2,RR,raw,raw,development_DiagReachK3_s186_W2_RR,12,old,True,False,False,False,"[9.605639457702637, 9.8405122756958, 8.875924110412598]","[[9.605639457702637, 6.598548889160156, 6.149684906005859, 11.629837036132812], [9.8405122756958, 7.253032684326172, 6.151965141296387, 12.304998397827148], [8.875924110412598, 5.3338623046875, 5.294302940368652, 9.515947341918945]]","[[9.605639457702637, 6.598548889160156, 6.149684906005859, 11.629837036132812], [9.65537166595459, 7.253032684326172, 6.151965141296387, 12.304998397827148], [8.875924110412598, 5.3338623046875, 5.294302940368652, 9.515947341918945]]",raw,True,True,False,raw,0.49665409158301166,8.337961196899414,6.85622501373291,"[6.4755120277404785, 5.464526653289795, 10.730768203735352]","[6.835856221413617, 5.593976670904674, 11.191310846504148]",0.6758475303649902
DiagReachK3,186,W2,RR,raw,raw,development_DiagReachK3_s186_W2_RR,13,old,True,False,False,False,"[9.614114761352539, 9.864479064941406, 9.273221015930176]","[[9.614114761352539, 6.551136016845703, 6.15640926361084, 11.595376014709473], [9.864479064941406, 7.206120491027832, 6.64353084564209, 12.749651908874512], [9.273221015930176, 6.336423397064209, 5.05895471572876, 10.329110145568848]]","[[9.614114761352539, 6.551136016845703, 6.15640926361084, 11.595376014709473], [9.506980895996094, 7.206120491027832, 6.64353084564209, 12.749651908874512], [9.273221015930176, 6.336423397064209, 5.05895471572876, 10.329110145568848]]",raw,True,True,False,raw,0.666717830626037,8.288755416870117,6.573979377746582,"[6.4695940017700195, 5.619696140289307, 10.938620567321777]","[6.999999902470915, 6.49999987248741, 12.354966775530983]",0.6915478706359863
DiagReachK3,186,W2,RR,raw,raw,development_DiagReachK3_s186_W2_RR,14,old,True,False,False,False,"[9.565604209899902, 9.960641860961914, 9.510963439941406]","[[9.565604209899902, 6.525774002075195, 6.122578144073486, 11.543924331665039], [9.960641860961914, 7.196578025817871, 6.776538848876953, 12.873117446899414], [9.510963439941406, 6.821633338928223, 5.16707706451416, 10.930746078491211]]","[[9.565604209899902, 6.525774002075195, 6.122578144073486, 11.543924331665039], [9.397162437438965, 7.196578025817871, 6.776538848876953, 12.873117446899414], [9.510963439941406, 6.821633338928223, 5.16707706451416, 10.930746078491211]]",raw,True,True,False,raw,0.6435385924861009,7.874346733093262,6.909778594970703,"[5.8044047355651855, 4.9707489013671875, 9.658456802368164]","[6.151821354728065, 6.472189523695622, 11.522961726062942]",0.646683931350708
DiagReachK3,186,W2,RR,raw,raw,development_DiagReachK3_s186_W2_RR,15,old,True,False,False,False,"[9.63333511352539, 9.500175476074219, 8.926573753356934]","[[9.63333511352539, 6.574429512023926, 6.186275005340576, 11.640722274780273], [9.500175476074219, 6.341021537780762, 6.470368385314941, 11.699793815612793], [8.926573753356934, 5.301712512969971, 5.500707626342773, 9.730009078979492]]","[[9.63333511352539, 6.574429512023926, 6.186275005340576, 11.640722274780273], [9.489809036254883, 6.341021537780762, 6.470368385314941, 11.699793815612793], [8.926573753356934, 5.301712512969971, 5.500707626342773, 9.730009078979492]]",raw,True,True,False,raw,0.6044264990273872,8.243901252746582,6.149465084075928,"[6.982919216156006, 5.6120805740356445, 11.457456588745117]","[7.00000023964168, 5.748238990758387, 11.609419640255776]",0.6634352207183838
DiagReachK3,186,W2,RR,raw,raw,development_DiagReachK3_s186_W2_RR,16,old,True,False,False,False,"[9.567916870117188, 9.91901683807373, 9.458044052124023]","[[9.567916870117188, 6.523467540740967, 6.144286632537842, 11.542394638061523], [9.91901683807373, 7.297423362731934, 6.848430633544922, 13.045854568481445], [9.458044052124023, 6.27228307723999, 6.137639045715332, 11.27882194519043]]","[[9.567916870117188, 6.523467540740967, 6.144286632537842, 11.542394638061523], [9.05965805053711, 7.297423362731934, 6.848430633544922, 13.045854568481445], [9.458044052124023, 6.27228307723999, 6.137639045715332, 11.27882194519043]]",raw,True,True,False,raw,0.5167910301654255,8.008275032043457,7.084938049316406,"[5.652597427368164, 5.421615123748779, 9.887399673461914]","[6.351567639321256, 6.222463896765926, 11.424666224001326]",0.7395710945129395
DiagReachK3,186,W2,RR,raw,raw,development_DiagReachK3_s186_W2_RR,17,old,True,False,False,False,"[9.632562637329102, 9.886093139648438, 8.936338424682617]","[[9.632562637329102, 6.6654534339904785, 6.153820514678955, 11.712722778320312], [9.886093139648438, 7.100208282470703, 6.53264045715332, 12.532848358154297], [8.936338424682617, 5.794772148132324, 4.984958648681641, 9.682160377502441]]","[[9.632562637329102, 6.6654534339904785, 6.153820514678955, 11.712722778320312], [9.756139755249023, 7.100208282470703, 6.53264045715332, 12.532848358154297], [8.936338424682617, 5.794772148132324, 4.984958648681641, 9.682160377502441]]",raw,True,True,False,raw,0.40422923453721415,7.781513214111328,6.103949546813965,"[5.777623176574707, 5.342300891876221, 10.007425308227539]","[6.999999986278783, 6.076243400530683, 11.903999691023907]",0.6705389022827148
DiagReachK3,186,W2,RR,raw,raw,development_DiagReachK3_s186_W2_RR,18,old,True,False,False,False,"[9.620226860046387, 9.85905647277832, 9.609699249267578]","[[9.620226860046387, 6.539499282836914, 6.125460147857666, 11.552529335021973], [9.85905647277832, 6.811698913574219, 6.604331016540527, 12.273094177246094], [9.609699249267578, 6.4169158935546875, 6.518230438232422, 11.803914070129395]]","[[9.620226860046387, 6.539499282836914, 6.125460147857666, 11.552529335021973], [9.775880813598633, 6.811698913574219, 6.604331016540527, 12.273094177246094], [9.585681915283203, 6.4169158935546875, 6.518230438232422, 11.803914070129395]]",raw,True,True,False,raw,0.807613111464368,7.784646034240723,7.356605529785156,"[5.488691806793213, 4.875678062438965, 9.223538398742676]","[6.11862207314689, 5.548763148979513, 10.519862099843175]",0.6367719173431396
DiagReachK3,186,W2,RR,raw,raw,development_DiagReachK3_s186_W2_RR,19,old,True,False,False,False,"[9.595267295837402, 9.533448219299316, 8.78515338897705]","[[9.595267295837402, 6.579790115356445, 6.017482757568359, 11.5051851272583], [9.533448219299316, 6.3781418800354, 6.5746331214904785, 11.86240005493164], [8.78515338897705, 5.107171535491943, 5.471426010131836, 9.494075775146484]]","[[9.595267295837402, 6.579790115356445, 6.017482757568359, 11.5051851272583], [9.476037979125977, 6.3781418800354, 6.5746331214904785, 11.86240005493164], [8.78515338897705, 5.107171535491943, 5.471426010131836, 9.494075775146484]]",raw,True,True,False,raw,0.5566007923937392,8.316510200500488,7.137558937072754,"[6.628492832183838, 5.429538249969482, 10.889790534973145]","[6.999999886958524, 6.258780680933936, 12.107793586530276]",0.5643649101257324
DiagReachK3,186,W2,RR,raw,raw,development_DiagReachK3_s186_W2_RR,20,old,True,False,False,False,"[9.610466003417969, 9.94807243347168, 9.280390739440918]","[[9.610466003417969, 6.573650360107422, 6.166662693023682, 11.626415252685547], [9.94807243347168, 7.76923942565918, 6.354217529296875, 13.023456573486328], [9.280390739440918, 6.651750087738037, 5.157713413238525, 10.71635913848877]]","[[9.610466003417969, 6.573650360107422, 6.166662693023682, 11.626415252685547], [8.85517692565918, 7.76923942565918, 6.354217529296875, 13.023456573486328], [9.280390739440918, 6.651750087738037, 5.157713413238525, 10.71635913848877]]",raw,True,True,False,raw,0.4808878578792789,8.418360710144043,7.030542850494385,"[6.367453575134277, 6.081236839294434, 11.313577651977539]","[6.723237176715264, 6.49999983603696, 12.103658605767256]",0.6008830070495605
DiagReachK3,186,W2,RR,raw,raw,development_DiagReachK3_s186_W2_RR,21,old,True,False,False,False,"[9.595085144042969, 9.778480529785156, 8.65849494934082]","[[9.595085144042969, 6.553430557250977, 6.133068084716797, 11.568665504455566], [9.778480529785156, 7.091891288757324, 6.677525520324707, 12.669416427612305], [8.65849494934082, 5.404769420623779, 4.589578151702881, 8.972929000854492]]","[[9.595085144042969, 6.553430557250977, 6.133068084716797, 11.568665504455566], [9.49557113647461, 7.091891288757324, 6.677525520324707, 12.669416427612305], [8.65849494934082, 5.404769420623779, 4.589578151702881, 8.972929000854492]]",raw,True,True,False,raw,0.6371873771470463,8.177913665771484,6.284640312194824,"[5.88735294342041, 5.877593994140625, 10.582246780395508]","[6.70976423221087, 6.416205093371837, 11.963620633640279]",0.5687656402587891
DiagReachK3,186,W2,RR,raw,raw,development_DiagReachK3_s186_W2_RR,22,old,True,False,False,False,"[9.589228630065918, 10.026092529296875, 9.231502532958984]","[[9.589228630065918, 6.597257614135742, 6.153377532958984, 11.646110534667969], [10.026092529296875, 7.581653594970703, 6.82508659362793, 13.306740760803223], [9.231502532958984, 6.396861553192139, 5.043787956237793, 10.395651817321777]]","[[9.589228630065918, 6.597257614135742, 6.153377532958984, 11.646110534667969], [8.611486434936523, 7.581653594970703, 6.82508659362793, 13.306740760803223], [9.231502532958984, 6.396861553192139, 5.043787956237793, 10.395651817321777]]",raw,True,True,False,raw,0.3527861560349185,8.08129596710205,6.7992448806762695,"[5.798762321472168, 5.832292556762695, 10.424820899963379]","[6.910695165513451, 6.303930504701693, 12.00128110703012]",0.6967141628265381
DiagReachK3,186,W2,RR,raw,raw,development_DiagReachK3_s186_W2_RR,23,old,True,False,False,False,"[9.640382766723633, 9.875040054321289, 9.168009757995605]","[[9.640382766723633, 6.616669654846191, 6.1412882804870605, 11.643634796142578], [9.875040054321289, 7.262113571166992, 6.9394330978393555, 13.092935562133789], [9.168009757995605, 5.739831924438477, 5.210542678833008, 9.862563133239746]]","[[9.640382766723633, 6.616669654846191, 6.1412882804870605, 11.643634796142578], [8.917667388916016, 7.262113571166992, 6.9394330978393555, 13.092935562133789], [9.168009757995605, 5.739831924438477, 5.210542678833008, 9.862563133239746]]",raw,True,True,False,raw,0.5301428018031237,8.109640121459961,6.016448020935059,"[6.156725883483887, 5.7906599044799805, 10.70422649383545]","[6.999999648619456, 6.395232751126579, 12.103995643934207]",0.6646068096160889
DiagReachK3,186,W2,RR,raw,raw,development_DiagReachK3_s186_W2_RR,24,old,True,False,False,False,"[9.634428024291992, 9.824872970581055, 8.802456855773926]","[[9.634428024291992, 6.642200946807861, 6.1475019454956055, 11.675724029541016], [9.824872970581055, 7.026828289031982, 6.34866189956665, 12.275490760803223], [8.802456855773926, 5.289437294006348, 5.272976875305176, 9.497597694396973]]","[[9.634428024291992, 6.642200946807861, 6.1475019454956055, 11.675724029541016], [9.805253982543945, 7.026828289031982, 6.34866189956665, 12.275490760803223], [8.802456855773926, 5.289437294006348, 5.272976875305176, 9.497597694396973]]",raw,True,True,False,raw,0.5648966982714523,8.321894645690918,7.0060272216796875,"[6.387861728668213, 5.964864253997803, 11.208420753479004]","[6.71375726982182, 6.259663688317748, 11.867997075037472]",0.664236307144165
DiagReachK3,186,W2,RS,raw,shaped,development_DiagReachK3_s186_W2_RS,0,full_PPO,True,True,False,False,"[4.990869522094727, 6.069575786590576, 7.401331901550293]","[[4.990869522094727, 5.279749393463135, 0.0, 2.524906873703003], [6.069575786590576, 6.5942888259887695, 0.02308124303817749, 4.81550407409668], [7.401331901550293, 6.547670364379883, 1.3216567039489746, 6.675121784210205]]","[[4.990869522094727, 5.279749393463135, 0.0, 2.524906873703003], [6.069575786590576, 6.5942888259887695, 0.02308124303817749, 4.81550407409668], [7.401331901550293, 6.547670364379883, 1.3216567039489746, 6.675121784210205]]",shaped,True,True,False,raw,1.7523865741439208,4.997136116027832,4.105929374694824,"[5.587384223937988, 1.1736201047897339, 4.714179992675781]","[6.963713230936891, 1.6495770255350135, 6.834960419603964]",0.5722489356994629
DiagReachK3,186,W2,RS,raw,shaped,development_DiagReachK3_s186_W2_RS,1,old,True,False,False,False,"[7.494083404541016, 8.113622665405273, 7.678256988525391]","[[7.494083404541016, 6.688045024871826, 1.361137866973877, 6.825448036193848], [8.270791053771973, 7.220035552978516, 2.183009147644043, 8.210562705993652], [8.129494667053223, 7.539281845092773, 2.051539897918701, 8.417733192443848]]","[[7.494083404541016, 6.688045024871826, 1.361137866973877, 6.825448036193848], [8.113622665405273, 7.220035552978516, 2.183009147644043, 8.210562705993652], [7.678256988525391, 7.539281845092773, 2.051539897918701, 8.417733192443848]]",shaped,True,True,False,raw,1.184935119292747,5.446009635925293,4.962791919708252,"[4.790313720703125, 2.3940582275390625, 5.922368049621582]","[6.065994501246725, 3.2321491721276576, 7.934363523839006]",0.5419399738311768
DiagReachK3,186,W2,RS,raw,shaped,development_DiagReachK3_s186_W2_RS,2,full_PPO,True,True,False,False,"[7.468100547790527, 7.080538749694824, 8.566362380981445]","[[7.468100547790527, 6.703367710113525, 1.4103351831436157, 6.916761875152588], [8.348381996154785, 8.091333389282227, 2.4498136043548584, 9.409008026123047], [8.566362380981445, 6.140750885009766, 3.2848782539367676, 8.407516479492188]]","[[7.468100547790527, 6.703367710113525, 1.4103351831436157, 6.916761875152588], [7.080538749694824, 8.091333389282227, 2.4498136043548584, 9.409008026123047], [8.566362380981445, 6.140750885009766, 3.2848782539367676, 8.407516479492188]]",shaped,True,True,False,raw,0.8475527478704977,5.630402565002441,4.831422328948975,"[5.050079345703125, 2.0617501735687256, 5.752021789550781]","[6.125196782698161, 2.5934690766888693, 7.30970570280963]",0.8006548881530762
DiagReachK3,186,W2,RS,raw,shaped,development_DiagReachK3_s186_W2_RS,3,old,True,False,False,False,"[8.47177505493164, 8.86512279510498, 9.19825553894043]","[[8.47177505493164, 5.941409111022949, 3.1785311698913574, 8.142810821533203], [8.987321853637695, 7.171077728271484, 3.7150168418884277, 9.881205558776855], [9.440909385681152, 7.317363739013672, 5.004917621612549, 11.314207077026367]]","[[8.47177505493164, 5.941409111022949, 3.1785311698913574, 8.142810821533203], [8.86512279510498, 7.171077728271484, 3.7150168418884277, 9.881205558776855], [9.19825553894043, 7.317363739013672, 5.004917621612549, 11.314207077026367]]",shaped,True,True,False,raw,1.110873685703666,6.085940837860107,5.6487555503845215,"[4.027746677398682, 3.7174906730651855, 6.584290981292725]","[5.18054127821871, 4.58183710005833, 8.506293468645758]",0.6766948699951172
DiagReachK3,186,W2,RS,raw,shaped,development_DiagReachK3_s186_W2_RS,4,full_PPO,True,True,False,False,"[8.539265632629395, 8.774792671203613, 8.711177825927734]","[[8.539265632629395, 5.965526580810547, 3.193142890930176, 8.165852546691895], [9.17977237701416, 7.471142768859863, 4.251698970794678, 10.72127914428711], [8.711177825927734, 5.1023101806640625, 4.943767547607422, 9.054317474365234]]","[[8.539265632629395, 5.965526580810547, 3.193142890930176, 8.165852546691895], [8.774792671203613, 7.471142768859863, 4.251698970794678, 10.72127914428711], [8.711177825927734, 5.1023101806640625, 4.943767547607422, 9.054317474365234]]",shaped,True,True,False,raw,1.1063174905817126,6.406130790710449,5.397719383239746,"[4.804645538330078, 3.3509318828582764, 6.707678318023682]","[6.563485748227976, 4.221528847263755, 9.533847669013294]",0.6465959548950195
DiagReachK3,186,W2,RS,raw,shaped,development_DiagReachK3_s186_W2_RS,5,joint_W2,True,True,False,False,"[8.67919921875, 9.204912185668945, 9.403173446655273]","[[8.67919921875, 5.118178844451904, 4.94639253616333, 9.064571380615234], [9.204912185668945, 5.752787113189697, 5.388003349304199, 10.123618125915527], [9.426846504211426, 6.889297008514404, 4.899039268493652, 10.785667419433594]]","[[8.67919921875, 5.118178844451904, 4.94639253616333, 9.064571380615234], [9.204912185668945, 5.752787113189697, 5.388003349304199, 10.123618125915527], [9.403173446655273, 6.889297008514404, 4.899039268493652, 10.785667419433594]]",shaped,True,True,False,raw,0.7392362008123302,6.948422908782959,6.715205192565918,"[4.713273525238037, 4.866559028625488, 8.416446685791016]","[5.484120997104584, 4.915149483209134, 9.265192542173327]",0.5979464054107666
DiagReachK3,186,W2,RS,raw,shaped,development_DiagReachK3_s186_W2_RS,6,full_PPO,True,True,False,False,"[9.191896438598633, 9.234122276306152, 9.475064277648926]","[[9.191896438598633, 5.788041591644287, 5.292946815490723, 10.078601837158203], [9.234122276306152, 6.558369159698486, 6.278831481933594, 11.828472137451172], [9.475064277648926, 6.267580032348633, 5.910548210144043, 11.124044418334961]]","[[9.191896438598633, 5.788041591644287, 5.292946815490723, 10.078601837158203], [9.234122276306152, 6.558369159698486, 6.278831481933594, 11.828472137451172], [9.475064277648926, 6.267580032348633, 5.910548210144043, 11.124044418334961]]",shaped,True,True,False,raw,0.7081391049598633,7.237626075744629,7.020071983337402,"[4.942552089691162, 4.3696208000183105, 8.21760082244873]","[5.513673444911748, 4.596653395745028, 8.994786770140173]",0.6049842834472656
DiagReachK3,186,W2,RS,raw,shaped,development_DiagReachK3_s186_W2_RS,7,joint_W2,True,True,False,False,"[9.514815330505371, 9.628920555114746, 9.130370140075684]","[[9.514815330505371, 6.304559707641602, 5.987078666687012, 11.22236442565918], [9.628920555114746, 6.654079914093018, 6.131080150604248, 11.666243553161621], [9.130370140075684, 5.8877363204956055, 5.211885452270508, 10.056396484375]]","[[9.514815330505371, 6.304559707641602, 5.987078666687012, 11.22236442565918], [9.628920555114746, 6.654079914093018, 6.131080150604248, 11.666243553161621], [9.130370140075684, 5.8877363204956055, 5.211885452270508, 10.056396484375]]",shaped,True,True,False,raw,0.7553062350805723,8.180498123168945,6.7892608642578125,"[5.641814231872559, 5.9785637855529785, 10.445240020751953]","[5.620338784934425, 6.499999876760192, 10.944682484351516]",0.5808615684509277
DiagReachK3,186,W2,RS,raw,shaped,development_DiagReachK3_s186_W2_RS,8,old,True,False,False,False,"[9.631362915039062, 9.451090812683105, 8.832990646362305]","[[9.631362915039062, 6.642253875732422, 6.072800159454346, 11.60653018951416], [9.774450302124023, 7.086592197418213, 6.723055839538574, 12.708646774291992], [8.832990646362305, 5.687441825866699, 4.6490654945373535, 9.325186729431152]]","[[9.631362915039062, 6.642253875732422, 6.072800159454346, 11.60653018951416], [9.451090812683105, 7.086592197418213, 6.723055839538574, 12.708646774291992], [8.832990646362305, 5.687441825866699, 4.6490654945373535, 9.325186729431152]]",shaped,True,True,False,raw,0.5033226083576319,8.391146659851074,5.679683685302734,"[6.755152225494385, 5.921147346496582, 11.574877738952637]","[7.000000034141865, 6.490909736378859, 12.390319426993505]",0.7483603954315186
DiagReachK3,186,W2,RS,raw,shaped,development_DiagReachK3_s186_W2_RS,9,old,True,False,False,False,"[9.595695495605469, 9.686421394348145, 9.128235816955566]","[[9.595695495605469, 6.4668498039245605, 6.058718681335449, 11.42486572265625], [9.78064250946045, 7.123030662536621, 6.254825592041016, 12.274284362792969], [9.128235816955566, 5.979896545410156, 4.701749324798584, 9.661951065063477]]","[[9.595695495605469, 6.4668498039245605, 6.058718681335449, 11.42486572265625], [9.686421394348145, 7.123030662536621, 6.254825592041016, 12.274284362792969], [9.128235816955566, 5.979896545410156, 4.701749324798584, 9.661951065063477]]",shaped,True,True,False,raw,0.7351182871758968,8.043103218078613,6.178609371185303,"[6.02423620223999, 5.833913326263428, 10.764135360717773]","[6.793928589672823, 6.500000182292884, 12.166474408374267]",0.6301231384277344
DiagReachK3,186,W2,RS,raw,shaped,development_DiagReachK3_s186_W2_RS,10,old,True,False,False,False,"[9.614221572875977, 9.074178695678711, 8.882701873779297]","[[9.614221572875977, 6.627720355987549, 6.081158638000488, 11.608600616455078], [9.897562026977539, 7.489880561828613, 6.671882152557373, 13.063329696655273], [9.725455284118652, 7.198089599609375, 6.936591148376465, 13.03468132019043]]","[[9.614221572875977, 6.627720355987549, 6.081158638000488, 11.608600616455078], [9.074178695678711, 7.489880561828613, 6.671882152557373, 13.063329696655273], [8.882701873779297, 7.198089599609375, 6.936591148376465, 13.03468132019043]]",shaped,True,True,False,raw,0.6798370043619542,7.766847133636475,7.509484767913818,"[5.707406520843506, 5.062211990356445, 9.509172439575195]","[6.609449256660122, 5.842514598277534, 11.211167813076273]",0.6332733631134033
DiagReachK3,186,W2,RS,raw,shaped,development_DiagReachK3_s186_W2_RS,11,old,True,False,False,False,"[9.607820510864258, 9.393624305725098, 8.819265365600586]","[[9.607820510864258, 6.619541645050049, 6.099021911621094, 11.611566543579102], [9.575939178466797, 6.27281379699707, 6.709202766418457, 11.878541946411133], [8.819265365600586, 5.1492228507995605, 5.423490524291992, 9.496370315551758]]","[[9.607820510864258, 6.619541645050049, 6.099021911621094, 11.611566543579102], [9.393624305725098, 6.27281379699707, 6.709202766418457, 11.878541946411133], [8.819265365600586, 5.1492228507995605, 5.423490524291992, 9.496370315551758]]",shaped,True,True,False,raw,0.555985739851637,8.218310356140137,6.337780952453613,"[6.780351161956787, 5.38393497467041, 11.07854175567627]","[7.000000128012299, 5.810395688608653, 11.691545015278031]",0.685966968536377
DiagReachK3,186,W2,RS,raw,shaped,development_DiagReachK3_s186_W2_RS,12,old,True,False,False,False,"[9.605639457702637, 9.65537166595459, 8.875924110412598]","[[9.605639457702637, 6.598548889160156, 6.149684906005859, 11.629837036132812], [9.8405122756958, 7.253032684326172, 6.151965141296387, 12.304998397827148], [8.875924110412598, 5.3338623046875, 5.294302940368652, 9.515947341918945]]","[[9.605639457702637, 6.598548889160156, 6.149684906005859, 11.629837036132812], [9.65537166595459, 7.253032684326172, 6.151965141296387, 12.304998397827148], [8.875924110412598, 5.3338623046875, 5.294302940368652, 9.515947341918945]]",shaped,True,True,False,raw,0.49665409158301166,8.337961196899414,6.85622501373291,"[6.4755120277404785, 5.464526653289795, 10.730768203735352]","[6.835856221413617, 5.593976670904674, 11.191310846504148]",0.6092793941497803
DiagReachK3,186,W2,RS,raw,shaped,development_DiagReachK3_s186_W2_RS,13,old,True,False,False,False,"[9.614114761352539, 9.506980895996094, 9.273221015930176]","[[9.614114761352539, 6.551136016845703, 6.15640926361084, 11.595376014709473], [9.864479064941406, 7.206120491027832, 6.64353084564209, 12.749651908874512], [9.273221015930176, 6.336423397064209, 5.05895471572876, 10.329110145568848]]","[[9.614114761352539, 6.551136016845703, 6.15640926361084, 11.595376014709473], [9.506980895996094, 7.206120491027832, 6.64353084564209, 12.749651908874512], [9.273221015930176, 6.336423397064209, 5.05895471572876, 10.329110145568848]]",shaped,True,True,False,raw,0.666717830626037,8.288755416870117,6.573979377746582,"[6.4695940017700195, 5.619696140289307, 10.938620567321777]","[6.999999902470915, 6.49999987248741, 12.354966775530983]",0.6164708137512207
DiagReachK3,186,W2,RS,raw,shaped,development_DiagReachK3_s186_W2_RS,14,old,True,False,False,False,"[9.565604209899902, 9.397162437438965, 9.510963439941406]","[[9.565604209899902, 6.525774002075195, 6.122578144073486, 11.543924331665039], [9.960641860961914, 7.196578025817871, 6.776538848876953, 12.873117446899414], [9.510963439941406, 6.821633338928223, 5.16707706451416, 10.930746078491211]]","[[9.565604209899902, 6.525774002075195, 6.122578144073486, 11.543924331665039], [9.397162437438965, 7.196578025817871, 6.776538848876953, 12.873117446899414], [9.510963439941406, 6.821633338928223, 5.16707706451416, 10.930746078491211]]",shaped,True,True,False,raw,0.6435385924861009,7.874346733093262,6.909778594970703,"[5.8044047355651855, 4.9707489013671875, 9.658456802368164]","[6.151821354728065, 6.472189523695622, 11.522961726062942]",0.5891671180725098
DiagReachK3,186,W2,RS,raw,shaped,development_DiagReachK3_s186_W2_RS,15,old,True,False,False,False,"[9.63333511352539, 9.489809036254883, 8.926573753356934]","[[9.63333511352539, 6.574429512023926, 6.186275005340576, 11.640722274780273], [9.500175476074219, 6.341021537780762, 6.470368385314941, 11.699793815612793], [8.926573753356934, 5.301712512969971, 5.500707626342773, 9.730009078979492]]","[[9.63333511352539, 6.574429512023926, 6.186275005340576, 11.640722274780273], [9.489809036254883, 6.341021537780762, 6.470368385314941, 11.699793815612793], [8.926573753356934, 5.301712512969971, 5.500707626342773, 9.730009078979492]]",shaped,True,True,False,raw,0.6044264990273872,8.243901252746582,6.149465084075928,"[6.982919216156006, 5.6120805740356445, 11.457456588745117]","[7.00000023964168, 5.748238990758387, 11.609419640255776]",0.6872997283935547
DiagReachK3,186,W2,RS,raw,shaped,development_DiagReachK3_s186_W2_RS,16,old,True,False,False,False,"[9.567916870117188, 9.05965805053711, 9.458044052124023]","[[9.567916870117188, 6.523467540740967, 6.144286632537842, 11.542394638061523], [9.91901683807373, 7.297423362731934, 6.848430633544922, 13.045854568481445], [9.458044052124023, 6.27228307723999, 6.137639045715332, 11.27882194519043]]","[[9.567916870117188, 6.523467540740967, 6.144286632537842, 11.542394638061523], [9.05965805053711, 7.297423362731934, 6.848430633544922, 13.045854568481445], [9.458044052124023, 6.27228307723999, 6.137639045715332, 11.27882194519043]]",shaped,True,True,False,raw,0.5167910301654255,8.008275032043457,7.084938049316406,"[5.652597427368164, 5.421615123748779, 9.887399673461914]","[6.351567639321256, 6.222463896765926, 11.424666224001326]",0.7493252754211426
DiagReachK3,186,W2,RS,raw,shaped,development_DiagReachK3_s186_W2_RS,17,old,True,False,False,False,"[9.632562637329102, 9.756139755249023, 8.936338424682617]","[[9.632562637329102, 6.6654534339904785, 6.153820514678955, 11.712722778320312], [9.886093139648438, 7.100208282470703, 6.53264045715332, 12.532848358154297], [8.936338424682617, 5.794772148132324, 4.984958648681641, 9.682160377502441]]","[[9.632562637329102, 6.6654534339904785, 6.153820514678955, 11.712722778320312], [9.756139755249023, 7.100208282470703, 6.53264045715332, 12.532848358154297], [8.936338424682617, 5.794772148132324, 4.984958648681641, 9.682160377502441]]",shaped,True,True,False,raw,0.40422923453721415,7.781513214111328,6.103949546813965,"[5.777623176574707, 5.342300891876221, 10.007425308227539]","[6.999999986278783, 6.076243400530683, 11.903999691023907]",0.7152001857757568
DiagReachK3,186,W2,RS,raw,shaped,development_DiagReachK3_s186_W2_RS,18,old,True,False,False,False,"[9.620226860046387, 9.775880813598633, 9.585681915283203]","[[9.620226860046387, 6.539499282836914, 6.125460147857666, 11.552529335021973], [9.85905647277832, 6.811698913574219, 6.604331016540527, 12.273094177246094], [9.609699249267578, 6.4169158935546875, 6.518230438232422, 11.803914070129395]]","[[9.620226860046387, 6.539499282836914, 6.125460147857666, 11.552529335021973], [9.775880813598633, 6.811698913574219, 6.604331016540527, 12.273094177246094], [9.585681915283203, 6.4169158935546875, 6.518230438232422, 11.803914070129395]]",shaped,True,True,False,raw,0.807613111464368,7.784646034240723,7.356605529785156,"[5.488691806793213, 4.875678062438965, 9.223538398742676]","[6.11862207314689, 5.548763148979513, 10.519862099843175]",0.5748023986816406
DiagReachK3,186,W2,RS,raw,shaped,development_DiagReachK3_s186_W2_RS,19,old,True,False,False,False,"[9.595267295837402, 9.476037979125977, 8.78515338897705]","[[9.595267295837402, 6.579790115356445, 6.017482757568359, 11.5051851272583], [9.533448219299316, 6.3781418800354, 6.5746331214904785, 11.86240005493164], [8.78515338897705, 5.107171535491943, 5.471426010131836, 9.494075775146484]]","[[9.595267295837402, 6.579790115356445, 6.017482757568359, 11.5051851272583], [9.476037979125977, 6.3781418800354, 6.5746331214904785, 11.86240005493164], [8.78515338897705, 5.107171535491943, 5.471426010131836, 9.494075775146484]]",shaped,True,True,False,raw,0.5566007923937392,8.316510200500488,7.137558937072754,"[6.628492832183838, 5.429538249969482, 10.889790534973145]","[6.999999886958524, 6.258780680933936, 12.107793586530276]",0.5984466075897217
DiagReachK3,186,W2,RS,raw,shaped,development_DiagReachK3_s186_W2_RS,20,old,True,False,False,False,"[9.610466003417969, 8.85517692565918, 9.280390739440918]","[[9.610466003417969, 6.573650360107422, 6.166662693023682, 11.626415252685547], [9.94807243347168, 7.76923942565918, 6.354217529296875, 13.023456573486328], [9.280390739440918, 6.651750087738037, 5.157713413238525, 10.71635913848877]]","[[9.610466003417969, 6.573650360107422, 6.166662693023682, 11.626415252685547], [8.85517692565918, 7.76923942565918, 6.354217529296875, 13.023456573486328], [9.280390739440918, 6.651750087738037, 5.157713413238525, 10.71635913848877]]",shaped,True,True,False,raw,0.4808878578792789,8.418360710144043,7.030542850494385,"[6.367453575134277, 6.081236839294434, 11.313577651977539]","[6.723237176715264, 6.49999983603696, 12.103658605767256]",0.6348998546600342
DiagReachK3,186,W2,RS,raw,shaped,development_DiagReachK3_s186_W2_RS,21,old,True,False,False,False,"[9.595085144042969, 9.49557113647461, 8.65849494934082]","[[9.595085144042969, 6.553430557250977, 6.133068084716797, 11.568665504455566], [9.778480529785156, 7.091891288757324, 6.677525520324707, 12.669416427612305], [8.65849494934082, 5.404769420623779, 4.589578151702881, 8.972929000854492]]","[[9.595085144042969, 6.553430557250977, 6.133068084716797, 11.568665504455566], [9.49557113647461, 7.091891288757324, 6.677525520324707, 12.669416427612305], [8.65849494934082, 5.404769420623779, 4.589578151702881, 8.972929000854492]]",shaped,True,True,False,raw,0.6371873771470463,8.177913665771484,6.284640312194824,"[5.88735294342041, 5.877593994140625, 10.582246780395508]","[6.70976423221087, 6.416205093371837, 11.963620633640279]",0.5366787910461426
DiagReachK3,186,W2,RS,raw,shaped,development_DiagReachK3_s186_W2_RS,22,old,True,False,False,False,"[9.589228630065918, 8.611486434936523, 9.231502532958984]","[[9.589228630065918, 6.597257614135742, 6.153377532958984, 11.646110534667969], [10.026092529296875, 7.581653594970703, 6.82508659362793, 13.306740760803223], [9.231502532958984, 6.396861553192139, 5.043787956237793, 10.395651817321777]]","[[9.589228630065918, 6.597257614135742, 6.153377532958984, 11.646110534667969], [8.611486434936523, 7.581653594970703, 6.82508659362793, 13.306740760803223], [9.231502532958984, 6.396861553192139, 5.043787956237793, 10.395651817321777]]",shaped,True,True,False,raw,0.3527861560349185,8.08129596710205,6.7992448806762695,"[5.798762321472168, 5.832292556762695, 10.424820899963379]","[6.910695165513451, 6.303930504701693, 12.00128110703012]",0.5975191593170166
DiagReachK3,186,W2,RS,raw,shaped,development_DiagReachK3_s186_W2_RS,23,old,True,False,False,False,"[9.640382766723633, 8.917667388916016, 9.168009757995605]","[[9.640382766723633, 6.616669654846191, 6.1412882804870605, 11.643634796142578], [9.875040054321289, 7.262113571166992, 6.9394330978393555, 13.092935562133789], [9.168009757995605, 5.739831924438477, 5.210542678833008, 9.862563133239746]]","[[9.640382766723633, 6.616669654846191, 6.1412882804870605, 11.643634796142578], [8.917667388916016, 7.262113571166992, 6.9394330978393555, 13.092935562133789], [9.168009757995605, 5.739831924438477, 5.210542678833008, 9.862563133239746]]",shaped,True,True,False,raw,0.5301428018031237,8.109640121459961,6.016448020935059,"[6.156725883483887, 5.7906599044799805, 10.70422649383545]","[6.999999648619456, 6.395232751126579, 12.103995643934207]",0.5975933074951172
DiagReachK3,186,W2,RS,raw,shaped,development_DiagReachK3_s186_W2_RS,24,old,True,False,False,False,"[9.634428024291992, 9.805253982543945, 8.802456855773926]","[[9.634428024291992, 6.642200946807861, 6.1475019454956055, 11.675724029541016], [9.824872970581055, 7.026828289031982, 6.34866189956665, 12.275490760803223], [8.802456855773926, 5.289437294006348, 5.272976875305176, 9.497597694396973]]","[[9.634428024291992, 6.642200946807861, 6.1475019454956055, 11.675724029541016], [9.805253982543945, 7.026828289031982, 6.34866189956665, 12.275490760803223], [8.802456855773926, 5.289437294006348, 5.272976875305176, 9.497597694396973]]",shaped,True,True,False,raw,0.5648966982714523,8.321894645690918,7.0060272216796875,"[6.387861728668213, 5.964864253997803, 11.208420753479004]","[6.71375726982182, 6.259663688317748, 11.867997075037472]",0.5929522514343262
DiagReachK3,186,W2,SR,shaped,raw,development_DiagReachK3_s186_W2_SR,0,full_PPO,True,True,False,False,"[4.990869522094727, 5.918868064880371, 7.401331901550293]","[[4.990869522094727, 5.279749393463135, 0.0, 2.524906873703003], [5.918868064880371, 6.260206699371338, 0.005632922053337097, 4.3282670974731445], [7.401331901550293, 6.547670364379883, 1.3216567039489746, 6.675121784210205]]","[[4.990869522094727, 5.279749393463135, 0.0, 2.524906873703003], [5.918868064880371, 6.260206699371338, 0.005632922053337097, 4.3282670974731445], [7.401331901550293, 6.547670364379883, 1.3216567039489746, 6.675121784210205]]",raw,True,True,False,shaped,1.6346013273643216,4.105929374694824,4.105929374694824,"[5.587384223937988, 1.1736201047897339, 4.714179992675781]","[6.449961796681354, 1.6536904423097085, 6.452057670388394]",0.5223584175109863
DiagReachK3,186,W2,SR,shaped,raw,development_DiagReachK3_s186_W2_SR,1,joint_W2,True,True,False,False,"[7.494083404541016, 8.220102310180664, 8.129494667053223]","[[7.494083404541016, 6.688045024871826, 1.361137866973877, 6.825448036193848], [8.220102310180664, 6.607934951782227, 2.351613998413086, 7.8397111892700195], [8.129494667053223, 7.539281845092773, 2.051539897918701, 8.417733192443848]]","[[7.494083404541016, 6.688045024871826, 1.361137866973877, 6.825448036193848], [8.220102310180664, 6.607934951782227, 2.351613998413086, 7.8397111892700195], [7.678256988525391, 7.539281845092773, 2.051539897918701, 8.417733192443848]]",raw,True,True,False,shaped,1.073103816669231,4.962791919708252,4.962791919708252,"[4.790313720703125, 2.3940582275390625, 5.922368049621582]","[5.681094401168383, 3.1039069371192634, 7.527155836275447]",0.5114338397979736
DiagReachK3,186,W2,SR,shaped,raw,development_DiagReachK3_s186_W2_SR,2,full_PPO,True,True,False,False,"[8.174778938293457, 8.382862091064453, 9.191244125366211]","[[8.174778938293457, 6.6197662353515625, 2.3971736431121826, 7.901041030883789], [8.382862091064453, 6.035450458526611, 3.052459716796875, 8.04920482635498], [9.191244125366211, 6.428956031799316, 4.412904739379883, 9.838006973266602]]","[[8.174778938293457, 6.6197662353515625, 2.3971736431121826, 7.901041030883789], [8.382862091064453, 6.035450458526611, 3.052459716796875, 8.04920482635498], [9.191244125366211, 6.428956031799316, 4.412904739379883, 9.838006973266602]]",raw,True,True,False,shaped,1.5832377916814337,5.246590614318848,5.246590614318848,"[5.219927787780762, 2.401865005493164, 6.301722049713135]","[4.717526446391186, 2.7937604672062855, 6.227561745736099]",0.5299484729766846
DiagReachK3,186,W2,SR,shaped,raw,development_DiagReachK3_s186_W2_SR,3,full_PPO,True,True,False,False,"[9.140656471252441, 9.114356994628906, 9.24528980255127]","[[9.140656471252441, 6.287101745605469, 4.316960334777832, 9.600723266601562], [9.114356994628906, 6.61922025680542, 4.002187252044678, 9.59038257598877], [9.24528980255127, 6.478939533233643, 4.967177391052246, 10.428942680358887]]","[[9.140656471252441, 6.287101745605469, 4.316960334777832, 9.600723266601562], [9.114356994628906, 6.61922025680542, 4.002187252044678, 9.59038257598877], [9.24528980255127, 6.478939533233643, 4.967177391052246, 10.428942680358887]]",raw,True,True,False,shaped,0.5027032076700361,6.178457260131836,6.178457260131836,"[5.8754472732543945, 4.634737968444824, 9.229040145874023]","[6.644229287055783, 5.130810262258602, 10.505412222292655]",0.5405452251434326
DiagReachK3,186,W2,SR,shaped,raw,development_DiagReachK3_s186_W2_SR,4,old,True,False,False,False,"[9.262890815734863, 9.177594184875488, 8.144392967224121]","[[9.262890815734863, 6.489653587341309, 4.976559162139893, 10.442615509033203], [9.177594184875488, 6.265101432800293, 4.962621212005615, 10.205289840698242], [8.144392967224121, 4.683539867401123, 4.308470726013184, 7.989378452301025]]","[[9.262890815734863, 6.489653587341309, 4.976559162139893, 10.442615509033203], [9.177594184875488, 6.265101432800293, 4.962621212005615, 10.205289840698242], [8.144392967224121, 4.683539867401123, 4.308470726013184, 7.989378452301025]]",raw,True,True,False,shaped,2.7261771562807033,5.394200801849365,5.394200801849365,"[6.523207187652588, 4.469813823699951, 9.670985221862793]","[5.7502943837772005, 3.5880514891963267, 7.909438563305452]",0.6692936420440674
DiagReachK3,186,W2,SR,shaped,raw,development_DiagReachK3_s186_W2_SR,5,old,True,False,False,False,"[9.23869514465332, 9.72179126739502, 9.44441032409668]","[[9.23869514465332, 6.483547210693359, 4.977252006530762, 10.44234848022461], [9.72179126739502, 7.528690338134766, 5.684856414794922, 12.143108367919922], [9.44441032409668, 6.705055236816406, 6.79915714263916, 12.41723918914795]]","[[9.23869514465332, 6.483547210693359, 4.977252006530762, 10.44234848022461], [9.173900604248047, 7.528690338134766, 5.684856414794922, 12.143108367919922], [9.184508323669434, 6.705055236816406, 6.79915714263916, 12.41723918914795]]",raw,True,True,False,shaped,0.7880091491264567,6.643029689788818,6.643029689788818,"[5.609309673309326, 3.571176052093506, 7.9194841384887695]","[6.198601626328502, 4.13949399516153, 9.088697564894995]",0.5859501361846924
DiagReachK3,186,W2,SR,shaped,raw,development_DiagReachK3_s186_W2_SR,6,joint_W2,True,True,False,False,"[9.208232879638672, 9.470670700073242, 9.117250442504883]","[[9.208232879638672, 6.523682117462158, 4.893253326416016, 10.378546714782715], [9.470670700073242, 6.885322570800781, 4.86004638671875, 10.638447761535645], [9.117250442504883, 5.805020332336426, 6.201045036315918, 10.974228858947754]]","[[9.208232879638672, 6.523682117462158, 4.893253326416016, 10.378546714782715], [9.470670700073242, 6.885322570800781, 4.86004638671875, 10.638447761535645], [9.117250442504883, 5.805020332336426, 6.201045036315918, 10.974228858947754]]",raw,True,True,False,shaped,0.8311795119658232,6.553170680999756,6.553170680999756,"[5.787432670593262, 3.810253858566284, 8.345919609069824]","[6.1703276978932236, 3.7624493416135616, 8.662994121052357]",0.6121830940246582
DiagReachK3,186,W2,SR,shaped,raw,development_DiagReachK3_s186_W2_SR,7,joint_W2,False,False,False,False,"[9.463415145874023, 9.141809463500977, 8.717708587646484]","[[9.463415145874023, 6.913538455963135, 4.926273345947266, 10.75236701965332], [9.141809463500977, 6.732583999633789, 4.420871734619141, 10.064067840576172], [8.717708587646484, 5.116574287414551, 4.993288993835449, 9.088820457458496]]","[[9.454505920410156, 6.913538455963135, 4.926273345947266, 10.75236701965332], [9.141809463500977, 6.732583999633789, 4.420871734619141, 10.064067840576172], [8.717708587646484, 5.116574287414551, 4.993288993835449, 9.088820457458496]]",raw,True,True,False,shaped,1.8368298440146664,5.99678373336792,5.99678373336792,"[6.873312473297119, 4.761715412139893, 10.477516174316406]","[6.9980368686714405, 4.8042553867461075, 10.645097351083923]",0.5822446346282959
DiagReachK3,186,W2,SR,shaped,raw,development_DiagReachK3_s186_W2_SR,8,old,True,False,False,False,"[9.48197078704834, 9.774612426757812, 9.858549118041992]","[[9.48197078704834, 6.90574836730957, 4.862899303436279, 10.680693626403809], [9.774612426757812, 7.755640983581543, 5.524263381958008, 12.138201713562012], [9.858549118041992, 8.193014144897461, 6.260623931884766, 13.350128173828125]]","[[9.475090980529785, 6.90574836730957, 4.862899303436279, 10.680693626403809], [8.827338218688965, 7.755640983581543, 5.524263381958008, 12.138201713562012], [7.654962539672852, 8.193014144897461, 6.260623931884766, 13.350128173828125]]",raw,True,True,False,shaped,0.7893755195226033,7.164193630218506,7.164193630218506,"[5.637807369232178, 5.175325393676758, 9.61668586730957]","[6.120096773485871, 5.867276967574536, 10.802982242331503]",0.6979100704193115
DiagReachK3,186,W2,SR,shaped,raw,development_DiagReachK3_s186_W2_SR,9,old,False,False,False,False,"[9.466130256652832, 9.152270317077637, 8.268243789672852]","[[9.466130256652832, 6.701079368591309, 4.862022399902344, 10.48941421508789], [9.152270317077637, 6.235218048095703, 4.715313911437988, 9.912092208862305], [8.268243789672852, 6.191247940063477, 2.8788061141967773, 7.924915790557861]]","[[9.466130256652832, 6.701079368591309, 4.862022399902344, 10.48941421508789], [9.152270317077637, 6.235218048095703, 4.715313911437988, 9.912092208862305], [8.268243789672852, 6.191247940063477, 2.8788061141967773, 7.924915790557861]]",raw,True,True,False,shaped,2.1599663190011436,5.647076606750488,5.647076606750488,"[6.104929447174072, 4.938088893890381, 9.845710754394531]","[5.118182802027861, 4.264496026611545, 8.26081368744498]",0.5500199794769287
DiagReachK3,186,W2,SR,shaped,raw,development_DiagReachK3_s186_W2_SR,10,old,False,False,False,False,"[9.482425689697266, 9.752204895019531, 9.610340118408203]","[[9.482425689697266, 6.8986287117004395, 4.880635738372803, 10.672270774841309], [9.752204895019531, 7.411022186279297, 5.909677982330322, 12.206199645996094], [9.610340118408203, 6.936758041381836, 7.153008937835693, 12.989767074584961]]","[[9.467716217041016, 6.8986287117004395, 4.880635738372803, 10.672270774841309], [9.398873329162598, 7.411022186279297, 5.909677982330322, 12.206199645996094], [8.63133430480957, 6.936758041381836, 7.153008937835693, 12.989767074584961]]",raw,True,True,False,shaped,0.7291240303381251,6.817244052886963,6.817244052886963,"[5.764120578765869, 4.009716033935547, 8.390237808227539]","[6.593773023665998, 5.029836277972004, 10.254051531737796]",0.5107762813568115
DiagReachK3,186,W2,SR,shaped,raw,development_DiagReachK3_s186_W2_SR,11,old,False,False,False,False,"[9.469991683959961, 8.970985412597656, 8.419768333435059]","[[9.469991683959961, 6.883492469787598, 4.901125907897949, 10.688429832458496], [8.970985412597656, 5.772212028503418, 4.543115139007568, 9.314923286437988], [8.419768333435059, 4.7616801261901855, 4.707891464233398, 8.46668529510498]]","[[9.469991683959961, 6.883492469787598, 4.901125907897949, 10.688429832458496], [8.970985412597656, 5.772212028503418, 4.543115139007568, 9.314923286437988], [8.419768333435059, 4.7616801261901855, 4.707891464233398, 8.46668529510498]]",raw,True,True,False,shaped,2.7588553024154105,5.650498390197754,5.650498390197754,"[6.983062744140625, 4.284852027893066, 10.149340629577637]","[5.676176811662571, 3.522457634929983, 8.097831238973678]",1.1363205909729004
DiagReachK3,186,W2,SR,shaped,raw,development_DiagReachK3_s186_W2_SR,12,old,False,False,False,False,"[9.480069160461426, 9.325628280639648, 8.731367111206055]","[[9.480069160461426, 6.84234094619751, 4.960480213165283, 10.712175369262695], [9.325628280639648, 6.3535003662109375, 4.9595441818237305, 10.297096252441406], [8.731367111206055, 5.429086208343506, 4.634165287017822, 9.0352783203125]]","[[9.480069160461426, 6.84234094619751, 4.960480213165283, 10.712175369262695], [9.325628280639648, 6.3535003662109375, 4.9595441818237305, 10.297096252441406], [8.731367111206055, 5.429086208343506, 4.634165287017822, 9.0352783203125]]",raw,True,True,False,shaped,1.985653919581323,6.416075229644775,6.416075229644775,"[6.549716949462891, 4.39079475402832, 9.646829605102539]","[5.178621439998516, 4.653562361541659, 8.559160827771766]",0.6013829708099365
DiagReachK3,186,W2,SR,shaped,raw,development_DiagReachK3_s186_W2_SR,13,old,True,False,False,False,"[9.479004859924316, 9.387868881225586, 8.553723335266113]","[[9.479004859924316, 6.800077438354492, 4.972796440124512, 10.687277793884277], [9.387868881225586, 6.492306709289551, 4.896423816680908, 10.338761329650879], [8.553723335266113, 5.778479099273682, 4.014151573181152, 8.756041526794434]]","[[9.479004859924316, 6.800077438354492, 4.972796440124512, 10.687277793884277], [9.387868881225586, 6.492306709289551, 4.896423816680908, 10.338761329650879], [8.553723335266113, 5.778479099273682, 4.014151573181152, 8.756041526794434]]",raw,True,True,False,shaped,1.7435347443864533,5.6100993156433105,5.6100993156433105,"[6.600500583648682, 4.714316368103027, 9.944007873535156]","[5.578506370237768, 3.9810946094134105, 8.230308242172056]",0.5714123249053955
DiagReachK3,186,W2,SR,shaped,raw,development_DiagReachK3_s186_W2_SR,14,old,True,False,False,False,"[9.472155570983887, 9.191265106201172, 9.100451469421387]","[[9.472155570983887, 6.769128322601318, 4.936095714569092, 10.622491836547852], [9.191265106201172, 6.395872592926025, 4.628487586975098, 9.943328857421875], [9.100451469421387, 6.8404035568237305, 4.138721466064453, 9.879817008972168]]","[[9.472155570983887, 6.769128322601318, 4.936095714569092, 10.622491836547852], [9.191265106201172, 6.395872592926025, 4.628487586975098, 9.943328857421875], [9.100451469421387, 6.8404035568237305, 4.138721466064453, 9.879817008972168]]",raw,True,True,False,shaped,1.4712450787480686,6.388075828552246,6.388075828552246,"[5.946539878845215, 3.993386745452881, 8.657317161560059]","[5.492274700063592, 2.308104139922475, 6.203876285753545]",0.6182312965393066
DiagReachK3,186,W2,SR,shaped,raw,development_DiagReachK3_s186_W2_SR,15,joint_W2,False,False,False,False,"[9.523627281188965, 9.122796058654785, 8.88722038269043]","[[9.523627281188965, 6.816795349121094, 5.002882480621338, 10.731635093688965], [9.122796058654785, 6.025094032287598, 4.80480432510376, 9.78913688659668], [8.88722038269043, 5.534454822540283, 4.794504165649414, 9.314176559448242]]","[[9.507498741149902, 6.816795349121094, 5.002882480621338, 10.731635093688965], [9.122796058654785, 6.025094032287598, 4.80480432510376, 9.78913688659668], [8.88722038269043, 5.534454822540283, 4.794504165649414, 9.314176559448242]]",raw,True,True,False,shaped,1.1156430813474867,6.003318786621094,6.003318786621094,"[5.792189598083496, 4.429967880249023, 8.92616081237793]","[4.597046403717428, 3.775401478869844, 7.112146159993791]",0.5338163375854492
DiagReachK3,186,W2,SR,shaped,raw,development_DiagReachK3_s186_W2_SR,16,old,True,False,False,False,"[9.421435356140137, 9.553093910217285, 9.305561065673828]","[[9.421435356140137, 6.717221260070801, 4.968057632446289, 10.614049911499023], [9.553093910217285, 7.115575790405273, 5.043201923370361, 11.088911056518555], [9.305561065673828, 7.04833984375, 4.835103988647461, 10.82778549194336]]","[[9.421435356140137, 6.717221260070801, 4.968057632446289, 10.614049911499023], [9.464910507202148, 7.115575790405273, 5.043201923370361, 11.088911056518555], [9.239721298217773, 7.04833984375, 4.835103988647461, 10.82778549194336]]",raw,True,True,False,shaped,0.661708566324082,6.886305809020996,6.886305809020996,"[5.839346408843994, 4.632251262664795, 9.349333763122559]","[6.429228803405573, 4.856046443963003, 10.160016344413489]",0.5970683097839355
DiagReachK3,186,W2,SR,shaped,raw,development_DiagReachK3_s186_W2_SR,17,old,False,False,False,False,"[9.511537551879883, 9.28577995300293, 9.294832229614258]","[[9.511537551879883, 6.940877914428711, 4.958523750305176, 10.803220748901367], [9.28577995300293, 6.994963645935059, 5.516684055328369, 11.407811164855957], [9.294832229614258, 6.15268611907959, 5.729408264160156, 10.80267333984375]]","[[9.511537551879883, 6.940877914428711, 4.958523750305176, 10.803220748901367], [9.26775074005127, 6.994963645935059, 5.516684055328369, 11.407811164855957], [9.294832229614258, 6.15268611907959, 5.729408264160156, 10.80267333984375]]",raw,True,True,False,shaped,0.7967457468788173,6.9192795753479,6.9192795753479,"[6.2987165451049805, 4.1854166984558105, 9.308282852172852]","[6.4537936893502295, 4.96300087127494, 10.2891670121692]",0.6301109790802002
DiagReachK3,186,W2,SR,shaped,raw,development_DiagReachK3_s186_W2_SR,18,old,True,False,False,False,"[9.448274612426758, 9.182700157165527, 9.117555618286133]","[[9.448274612426758, 6.786404609680176, 4.931312084197998, 10.643808364868164], [9.182700157165527, 5.994030952453613, 5.484723091125488, 10.402759552001953], [9.117555618286133, 5.283782005310059, 5.951315402984619, 10.220857620239258]]","[[9.448274612426758, 6.786404609680176, 4.931312084197998, 10.643808364868164], [9.182700157165527, 5.994030952453613, 5.484723091125488, 10.402759552001953], [9.117555618286133, 5.283782005310059, 5.951315402984619, 10.220857620239258]]",raw,True,True,False,shaped,0.9480234800679771,6.762555122375488,6.762555122375488,"[5.659738063812256, 4.338738918304443, 8.822431564331055]","[5.07692608101409, 4.642950866295135, 8.567988898857573]",0.5940873622894287
DiagReachK3,186,W2,SR,shaped,raw,development_DiagReachK3_s186_W2_SR,19,full_PPO,True,True,False,False,"[9.44446849822998, 9.330781936645508, 9.451979637145996]","[[9.44446849822998, 6.848073482513428, 4.806119918823242, 10.572681427001953], [9.330781936645508, 5.768582820892334, 5.583600997924805, 10.321191787719727], [9.451979637145996, 6.779302597045898, 6.173144817352295, 11.868608474731445]]","[[9.44446849822998, 6.848073482513428, 4.806119918823242, 10.572681427001953], [9.330781936645508, 5.768582820892334, 5.583600997924805, 10.321191787719727], [9.451979637145996, 6.779302597045898, 6.173144817352295, 11.868608474731445]]",raw,True,True,False,shaped,1.254389175447926,6.009200096130371,6.009200096130371,"[6.402148246765137, 4.180344104766846, 9.266507148742676]","[5.488610054827716, 4.993783972508316, 9.205697782947906]",0.5547525882720947
DiagReachK3,186,W2,SR,shaped,raw,development_DiagReachK3_s186_W2_SR,20,old,True,False,False,False,"[9.45650863647461, 9.275918960571289, 9.1760892868042]","[[9.45650863647461, 6.75, 6.359489440917969, 12.02769947052002], [9.275918960571289, 6.600632190704346, 5.593430519104004, 11.109964370727539], [9.1760892868042, 6.252018928527832, 5.178809642791748, 10.340195655822754]]","[[9.45650863647461, 6.75, 6.359489440917969, 12.02769947052002], [9.275918960571289, 6.600632190704346, 5.593430519104004, 11.109964370727539], [9.1760892868042, 6.252018928527832, 5.178809642791748, 10.340195655822754]]",raw,True,True,False,shaped,2.110077880271876,7.110119819641113,7.110119819641113,"[5.838746547698975, 5.321199893951416, 9.985957145690918]","[5.798116673057746, 4.649610437920656, 9.281461937859444]",0.5997991561889648
DiagReachK3,186,W2,SR,shaped,raw,development_DiagReachK3_s186_W2_SR,21,joint_W2,False,False,False,False,"[9.450592041015625, 9.192792892456055, 8.747757911682129]","[[9.450592041015625, 6.724128246307373, 6.325282096862793, 11.95867919921875], [9.192792892456055, 6.218753814697266, 5.456070423126221, 10.62249755859375], [8.747757911682129, 5.50061559677124, 4.815378665924072, 9.25755500793457]]","[[9.449102401733398, 6.724128246307373, 6.325282096862793, 11.95867919921875], [9.192792892456055, 6.218753814697266, 5.456070423126221, 10.62249755859375], [8.747757911682129, 5.50061559677124, 4.815378665924072, 9.25755500793457]]",raw,True,True,False,shaped,3.4449971588512427,5.7190728187561035,5.7190728187561035,"[5.858834743499756, 5.566620349884033, 10.190500259399414]","[5.068210490976023, 4.3555052392701725, 8.169777547784527]",0.5920817852020264
DiagReachK3,186,W2,SR,shaped,raw,development_DiagReachK3_s186_W2_SR,22,full_PPO,True,True,False,False,"[9.438291549682617, 9.541345596313477, 8.903132438659668]","[[9.438291549682617, 6.796515464782715, 6.348283767700195, 12.050447463989258], [9.541345596313477, 6.927306175231934, 5.446651458740234, 11.297053337097168], [8.903132438659668, 5.678431987762451, 4.663592338562012, 9.304088592529297]]","[[9.417094230651855, 6.796515464782715, 6.348283767700195, 12.050447463989258], [9.500093460083008, 6.927306175231934, 5.446651458740234, 11.297053337097168], [8.903132438659668, 5.678431987762451, 4.663592338562012, 9.304088592529297]]",raw,True,True,False,shaped,1.937367857450526,4.367192268371582,4.367192268371582,"[6.501826286315918, 6.197802543640137, 11.496180534362793]","[6.60717510574956, 5.753768295477454, 11.182321399415283]",0.6526849269866943
DiagReachK3,186,W2,SR,shaped,raw,development_DiagReachK3_s186_W2_SR,23,old,True,False,False,False,"[8.976290702819824, 8.46133804321289, 7.395313739776611]","[[8.976290702819824, 5.692847728729248, 4.627020359039307, 9.292041778564453], [8.46133804321289, 4.954649925231934, 4.1581268310546875, 8.071099281311035], [7.395313739776611, 3.698895215988159, 3.21296763420105, 5.923776626586914]]","[[8.976290702819824, 5.692847728729248, 4.627020359039307, 9.292041778564453], [8.46133804321289, 4.954649925231934, 4.1581268310546875, 8.071099281311035], [7.395313739776611, 3.698895215988159, 3.21296763420105, 5.923776626586914]]",raw,True,True,False,shaped,1.9719140566225104,5.7855753898620605,5.7855753898620605,"[5.517167568206787, 4.669825553894043, 9.061327934265137]","[4.67842343780056, 3.617486537948616, 7.168118510653849]",0.847926139831543
DiagReachK3,186,W2,SR,shaped,raw,development_DiagReachK3_s186_W2_SR,24,joint_W2,True,True,False,False,"[8.951436042785645, 9.351265907287598, 8.93676471710205]","[[8.951436042785645, 5.72165584564209, 4.638299942016602, 9.330110549926758], [9.351265907287598, 6.38308048248291, 5.408860206604004, 10.780232429504395], [8.93676471710205, 5.801887035369873, 4.508583068847656, 9.304176330566406]]","[[8.951436042785645, 5.72165584564209, 4.638299942016602, 9.330110549926758], [9.351265907287598, 6.38308048248291, 5.408860206604004, 10.780232429504395], [8.93676471710205, 5.801887035369873, 4.508583068847656, 9.304176330566406]]",raw,True,True,False,shaped,0.9584653701975311,7.267894744873047,7.267894744873047,"[5.490944862365723, 4.286447048187256, 8.551252365112305]","[6.173251667733948, 5.2657422110009104, 10.277184965292802]",0.5599217414855957
DiagReachK3,186,W2,SS,shaped,shaped,development_DiagReachK3_s186_W2_SS,0,full_PPO,True,True,False,False,"[4.990869522094727, 5.918868064880371, 7.401331901550293]","[[4.990869522094727, 5.279749393463135, 0.0, 2.524906873703003], [5.918868064880371, 6.260206699371338, 0.005632922053337097, 4.3282670974731445], [7.401331901550293, 6.547670364379883, 1.3216567039489746, 6.675121784210205]]","[[4.990869522094727, 5.279749393463135, 0.0, 2.524906873703003], [5.918868064880371, 6.260206699371338, 0.005632922053337097, 4.3282670974731445], [7.401331901550293, 6.547670364379883, 1.3216567039489746, 6.675121784210205]]",shaped,True,True,False,shaped,1.6346013273643216,4.105929374694824,4.105929374694824,"[5.587384223937988, 1.1736201047897339, 4.714179992675781]","[6.449961796681354, 1.6536904423097085, 6.452057670388394]",0.5372774600982666
DiagReachK3,186,W2,SS,shaped,shaped,development_DiagReachK3_s186_W2_SS,1,joint_W2,True,True,False,False,"[7.494083404541016, 8.220102310180664, 7.678256988525391]","[[7.494083404541016, 6.688045024871826, 1.361137866973877, 6.825448036193848], [8.220102310180664, 6.607934951782227, 2.351613998413086, 7.8397111892700195], [8.129494667053223, 7.539281845092773, 2.051539897918701, 8.417733192443848]]","[[7.494083404541016, 6.688045024871826, 1.361137866973877, 6.825448036193848], [8.220102310180664, 6.607934951782227, 2.351613998413086, 7.8397111892700195], [7.678256988525391, 7.539281845092773, 2.051539897918701, 8.417733192443848]]",shaped,True,True,False,shaped,1.073103816669231,4.962791919708252,4.962791919708252,"[4.790313720703125, 2.3940582275390625, 5.922368049621582]","[5.681094401168383, 3.1039069371192634, 7.527155836275447]",0.5516808032989502
DiagReachK3,186,W2,SS,shaped,shaped,development_DiagReachK3_s186_W2_SS,2,full_PPO,True,True,False,False,"[8.174778938293457, 8.382862091064453, 9.191244125366211]","[[8.174778938293457, 6.6197662353515625, 2.3971736431121826, 7.901041030883789], [8.382862091064453, 6.035450458526611, 3.052459716796875, 8.04920482635498], [9.191244125366211, 6.428956031799316, 4.412904739379883, 9.838006973266602]]","[[8.174778938293457, 6.6197662353515625, 2.3971736431121826, 7.901041030883789], [8.382862091064453, 6.035450458526611, 3.052459716796875, 8.04920482635498], [9.191244125366211, 6.428956031799316, 4.412904739379883, 9.838006973266602]]",shaped,True,True,False,shaped,1.5832377916814337,5.246590614318848,5.246590614318848,"[5.219927787780762, 2.401865005493164, 6.301722049713135]","[4.717526446391186, 2.7937604672062855, 6.227561745736099]",0.5544848442077637
DiagReachK3,186,W2,SS,shaped,shaped,development_DiagReachK3_s186_W2_SS,3,full_PPO,True,True,False,False,"[9.140656471252441, 9.114356994628906, 9.24528980255127]","[[9.140656471252441, 6.287101745605469, 4.316960334777832, 9.600723266601562], [9.114356994628906, 6.61922025680542, 4.002187252044678, 9.59038257598877], [9.24528980255127, 6.478939533233643, 4.967177391052246, 10.428942680358887]]","[[9.140656471252441, 6.287101745605469, 4.316960334777832, 9.600723266601562], [9.114356994628906, 6.61922025680542, 4.002187252044678, 9.59038257598877], [9.24528980255127, 6.478939533233643, 4.967177391052246, 10.428942680358887]]",shaped,True,True,False,shaped,0.5027032076700361,6.178457260131836,6.178457260131836,"[5.8754472732543945, 4.634737968444824, 9.229040145874023]","[6.644229287055783, 5.130810262258602, 10.505412222292655]",0.569535493850708
DiagReachK3,186,W2,SS,shaped,shaped,development_DiagReachK3_s186_W2_SS,4,old,True,False,False,False,"[9.262890815734863, 9.177594184875488, 8.144392967224121]","[[9.262890815734863, 6.489653587341309, 4.976559162139893, 10.442615509033203], [9.177594184875488, 6.265101432800293, 4.962621212005615, 10.205289840698242], [8.144392967224121, 4.683539867401123, 4.308470726013184, 7.989378452301025]]","[[9.262890815734863, 6.489653587341309, 4.976559162139893, 10.442615509033203], [9.177594184875488, 6.265101432800293, 4.962621212005615, 10.205289840698242], [8.144392967224121, 4.683539867401123, 4.308470726013184, 7.989378452301025]]",shaped,True,True,False,shaped,2.7261771562807033,5.394200801849365,5.394200801849365,"[6.523207187652588, 4.469813823699951, 9.670985221862793]","[5.7502943837772005, 3.5880514891963267, 7.909438563305452]",0.5809617042541504
DiagReachK3,186,W2,SS,shaped,shaped,development_DiagReachK3_s186_W2_SS,5,old,True,False,False,False,"[9.23869514465332, 9.173900604248047, 9.184508323669434]","[[9.23869514465332, 6.483547210693359, 4.977252006530762, 10.44234848022461], [9.72179126739502, 7.528690338134766, 5.684856414794922, 12.143108367919922], [9.44441032409668, 6.705055236816406, 6.79915714263916, 12.41723918914795]]","[[9.23869514465332, 6.483547210693359, 4.977252006530762, 10.44234848022461], [9.173900604248047, 7.528690338134766, 5.684856414794922, 12.143108367919922], [9.184508323669434, 6.705055236816406, 6.79915714263916, 12.41723918914795]]",shaped,True,True,False,shaped,0.7880091491264567,6.643029689788818,6.643029689788818,"[5.609309673309326, 3.571176052093506, 7.9194841384887695]","[6.198601626328502, 4.13949399516153, 9.088697564894995]",0.571373701095581
DiagReachK3,186,W2,SS,shaped,shaped,development_DiagReachK3_s186_W2_SS,6,joint_W2,True,True,False,False,"[9.208232879638672, 9.470670700073242, 9.117250442504883]","[[9.208232879638672, 6.523682117462158, 4.893253326416016, 10.378546714782715], [9.470670700073242, 6.885322570800781, 4.86004638671875, 10.638447761535645], [9.117250442504883, 5.805020332336426, 6.201045036315918, 10.974228858947754]]","[[9.208232879638672, 6.523682117462158, 4.893253326416016, 10.378546714782715], [9.470670700073242, 6.885322570800781, 4.86004638671875, 10.638447761535645], [9.117250442504883, 5.805020332336426, 6.201045036315918, 10.974228858947754]]",shaped,True,True,False,shaped,0.8311795119658232,6.553170680999756,6.553170680999756,"[5.787432670593262, 3.810253858566284, 8.345919609069824]","[6.1703276978932236, 3.7624493416135616, 8.662994121052357]",0.5978801250457764
DiagReachK3,186,W2,SS,shaped,shaped,development_DiagReachK3_s186_W2_SS,7,joint_W2,False,False,False,False,"[9.454505920410156, 9.141809463500977, 8.717708587646484]","[[9.463415145874023, 6.913538455963135, 4.926273345947266, 10.75236701965332], [9.141809463500977, 6.732583999633789, 4.420871734619141, 10.064067840576172], [8.717708587646484, 5.116574287414551, 4.993288993835449, 9.088820457458496]]","[[9.454505920410156, 6.913538455963135, 4.926273345947266, 10.75236701965332], [9.141809463500977, 6.732583999633789, 4.420871734619141, 10.064067840576172], [8.717708587646484, 5.116574287414551, 4.993288993835449, 9.088820457458496]]",shaped,True,True,False,shaped,1.8368298440146664,5.99678373336792,5.99678373336792,"[6.873312473297119, 4.761715412139893, 10.477516174316406]","[6.9980368686714405, 4.8042553867461075, 10.645097351083923]",0.5549626350402832
DiagReachK3,186,W2,SS,shaped,shaped,development_DiagReachK3_s186_W2_SS,8,old,True,False,False,False,"[9.475090980529785, 8.827338218688965, 7.654962539672852]","[[9.48197078704834, 6.90574836730957, 4.862899303436279, 10.680693626403809], [9.774612426757812, 7.755640983581543, 5.524263381958008, 12.138201713562012], [9.858549118041992, 8.193014144897461, 6.260623931884766, 13.350128173828125]]","[[9.475090980529785, 6.90574836730957, 4.862899303436279, 10.680693626403809], [8.827338218688965, 7.755640983581543, 5.524263381958008, 12.138201713562012], [7.654962539672852, 8.193014144897461, 6.260623931884766, 13.350128173828125]]",shaped,True,True,False,shaped,0.7893755195226033,7.164193630218506,7.164193630218506,"[5.637807369232178, 5.175325393676758, 9.61668586730957]","[6.120096773485871, 5.867276967574536, 10.802982242331503]",0.5382266044616699
DiagReachK3,186,W2,SS,shaped,shaped,development_DiagReachK3_s186_W2_SS,9,old,False,False,False,False,"[9.466130256652832, 9.152270317077637, 8.268243789672852]","[[9.466130256652832, 6.701079368591309, 4.862022399902344, 10.48941421508789], [9.152270317077637, 6.235218048095703, 4.715313911437988, 9.912092208862305], [8.268243789672852, 6.191247940063477, 2.8788061141967773, 7.924915790557861]]","[[9.466130256652832, 6.701079368591309, 4.862022399902344, 10.48941421508789], [9.152270317077637, 6.235218048095703, 4.715313911437988, 9.912092208862305], [8.268243789672852, 6.191247940063477, 2.8788061141967773, 7.924915790557861]]",shaped,True,True,False,shaped,2.1599663190011436,5.647076606750488,5.647076606750488,"[6.104929447174072, 4.938088893890381, 9.845710754394531]","[5.118182802027861, 4.264496026611545, 8.26081368744498]",0.5671827793121338
DiagReachK3,186,W2,SS,shaped,shaped,development_DiagReachK3_s186_W2_SS,10,old,False,False,False,False,"[9.467716217041016, 9.398873329162598, 8.63133430480957]","[[9.482425689697266, 6.8986287117004395, 4.880635738372803, 10.672270774841309], [9.752204895019531, 7.411022186279297, 5.909677982330322, 12.206199645996094], [9.610340118408203, 6.936758041381836, 7.153008937835693, 12.989767074584961]]","[[9.467716217041016, 6.8986287117004395, 4.880635738372803, 10.672270774841309], [9.398873329162598, 7.411022186279297, 5.909677982330322, 12.206199645996094], [8.63133430480957, 6.936758041381836, 7.153008937835693, 12.989767074584961]]",shaped,True,True,False,shaped,0.7291240303381251,6.817244052886963,6.817244052886963,"[5.764120578765869, 4.009716033935547, 8.390237808227539]","[6.593773023665998, 5.029836277972004, 10.254051531737796]",0.5390002727508545
DiagReachK3,186,W2,SS,shaped,shaped,development_DiagReachK3_s186_W2_SS,11,old,False,False,False,False,"[9.469991683959961, 8.970985412597656, 8.419768333435059]","[[9.469991683959961, 6.883492469787598, 4.901125907897949, 10.688429832458496], [8.970985412597656, 5.772212028503418, 4.543115139007568, 9.314923286437988], [8.419768333435059, 4.7616801261901855, 4.707891464233398, 8.46668529510498]]","[[9.469991683959961, 6.883492469787598, 4.901125907897949, 10.688429832458496], [8.970985412597656, 5.772212028503418, 4.543115139007568, 9.314923286437988], [8.419768333435059, 4.7616801261901855, 4.707891464233398, 8.46668529510498]]",shaped,True,True,False,shaped,2.7588553024154105,5.650498390197754,5.650498390197754,"[6.983062744140625, 4.284852027893066, 10.149340629577637]","[5.676176811662571, 3.522457634929983, 8.097831238973678]",0.7821798324584961
DiagReachK3,186,W2,SS,shaped,shaped,development_DiagReachK3_s186_W2_SS,12,old,False,False,False,False,"[9.480069160461426, 9.325628280639648, 8.731367111206055]","[[9.480069160461426, 6.84234094619751, 4.960480213165283, 10.712175369262695], [9.325628280639648, 6.3535003662109375, 4.9595441818237305, 10.297096252441406], [8.731367111206055, 5.429086208343506, 4.634165287017822, 9.0352783203125]]","[[9.480069160461426, 6.84234094619751, 4.960480213165283, 10.712175369262695], [9.325628280639648, 6.3535003662109375, 4.9595441818237305, 10.297096252441406], [8.731367111206055, 5.429086208343506, 4.634165287017822, 9.0352783203125]]",shaped,True,True,False,shaped,1.985653919581323,6.416075229644775,6.416075229644775,"[6.549716949462891, 4.39079475402832, 9.646829605102539]","[5.178621439998516, 4.653562361541659, 8.559160827771766]",0.6369118690490723
DiagReachK3,186,W2,SS,shaped,shaped,development_DiagReachK3_s186_W2_SS,13,old,True,False,False,False,"[9.479004859924316, 9.387868881225586, 8.553723335266113]","[[9.479004859924316, 6.800077438354492, 4.972796440124512, 10.687277793884277], [9.387868881225586, 6.492306709289551, 4.896423816680908, 10.338761329650879], [8.553723335266113, 5.778479099273682, 4.014151573181152, 8.756041526794434]]","[[9.479004859924316, 6.800077438354492, 4.972796440124512, 10.687277793884277], [9.387868881225586, 6.492306709289551, 4.896423816680908, 10.338761329650879], [8.553723335266113, 5.778479099273682, 4.014151573181152, 8.756041526794434]]",shaped,True,True,False,shaped,1.7435347443864533,5.6100993156433105,5.6100993156433105,"[6.600500583648682, 4.714316368103027, 9.944007873535156]","[5.578506370237768, 3.9810946094134105, 8.230308242172056]",0.6195857524871826
DiagReachK3,186,W2,SS,shaped,shaped,development_DiagReachK3_s186_W2_SS,14,old,True,False,False,False,"[9.472155570983887, 9.191265106201172, 9.100451469421387]","[[9.472155570983887, 6.769128322601318, 4.936095714569092, 10.622491836547852], [9.191265106201172, 6.395872592926025, 4.628487586975098, 9.943328857421875], [9.100451469421387, 6.8404035568237305, 4.138721466064453, 9.879817008972168]]","[[9.472155570983887, 6.769128322601318, 4.936095714569092, 10.622491836547852], [9.191265106201172, 6.395872592926025, 4.628487586975098, 9.943328857421875], [9.100451469421387, 6.8404035568237305, 4.138721466064453, 9.879817008972168]]",shaped,True,True,False,shaped,1.4712450787480686,6.388075828552246,6.388075828552246,"[5.946539878845215, 3.993386745452881, 8.657317161560059]","[5.492274700063592, 2.308104139922475, 6.203876285753545]",0.6391379833221436
DiagReachK3,186,W2,SS,shaped,shaped,development_DiagReachK3_s186_W2_SS,15,joint_W2,False,False,False,False,"[9.507498741149902, 9.122796058654785, 8.88722038269043]","[[9.523627281188965, 6.816795349121094, 5.002882480621338, 10.731635093688965], [9.122796058654785, 6.025094032287598, 4.80480432510376, 9.78913688659668], [8.88722038269043, 5.534454822540283, 4.794504165649414, 9.314176559448242]]","[[9.507498741149902, 6.816795349121094, 5.002882480621338, 10.731635093688965], [9.122796058654785, 6.025094032287598, 4.80480432510376, 9.78913688659668], [8.88722038269043, 5.534454822540283, 4.794504165649414, 9.314176559448242]]",shaped,True,True,False,shaped,1.1156430813474867,6.003318786621094,6.003318786621094,"[5.792189598083496, 4.429967880249023, 8.92616081237793]","[4.597046403717428, 3.775401478869844, 7.112146159993791]",0.6290035247802734
DiagReachK3,186,W2,SS,shaped,shaped,development_DiagReachK3_s186_W2_SS,16,old,True,False,False,False,"[9.421435356140137, 9.464910507202148, 9.239721298217773]","[[9.421435356140137, 6.717221260070801, 4.968057632446289, 10.614049911499023], [9.553093910217285, 7.115575790405273, 5.043201923370361, 11.088911056518555], [9.305561065673828, 7.04833984375, 4.835103988647461, 10.82778549194336]]","[[9.421435356140137, 6.717221260070801, 4.968057632446289, 10.614049911499023], [9.464910507202148, 7.115575790405273, 5.043201923370361, 11.088911056518555], [9.239721298217773, 7.04833984375, 4.835103988647461, 10.82778549194336]]",shaped,True,True,False,shaped,0.661708566324082,6.886305809020996,6.886305809020996,"[5.839346408843994, 4.632251262664795, 9.349333763122559]","[6.429228803405573, 4.856046443963003, 10.160016344413489]",0.6181418895721436
DiagReachK3,186,W2,SS,shaped,shaped,development_DiagReachK3_s186_W2_SS,17,old,False,False,False,False,"[9.511537551879883, 9.26775074005127, 9.294832229614258]","[[9.511537551879883, 6.940877914428711, 4.958523750305176, 10.803220748901367], [9.28577995300293, 6.994963645935059, 5.516684055328369, 11.407811164855957], [9.294832229614258, 6.15268611907959, 5.729408264160156, 10.80267333984375]]","[[9.511537551879883, 6.940877914428711, 4.958523750305176, 10.803220748901367], [9.26775074005127, 6.994963645935059, 5.516684055328369, 11.407811164855957], [9.294832229614258, 6.15268611907959, 5.729408264160156, 10.80267333984375]]",shaped,True,True,False,shaped,0.7967457468788173,6.9192795753479,6.9192795753479,"[6.2987165451049805, 4.1854166984558105, 9.308282852172852]","[6.4537936893502295, 4.96300087127494, 10.2891670121692]",0.5829541683197021
DiagReachK3,186,W2,SS,shaped,shaped,development_DiagReachK3_s186_W2_SS,18,old,True,False,False,False,"[9.448274612426758, 9.182700157165527, 9.117555618286133]","[[9.448274612426758, 6.786404609680176, 4.931312084197998, 10.643808364868164], [9.182700157165527, 5.994030952453613, 5.484723091125488, 10.402759552001953], [9.117555618286133, 5.283782005310059, 5.951315402984619, 10.220857620239258]]","[[9.448274612426758, 6.786404609680176, 4.931312084197998, 10.643808364868164], [9.182700157165527, 5.994030952453613, 5.484723091125488, 10.402759552001953], [9.117555618286133, 5.283782005310059, 5.951315402984619, 10.220857620239258]]",shaped,True,True,False,shaped,0.9480234800679771,6.762555122375488,6.762555122375488,"[5.659738063812256, 4.338738918304443, 8.822431564331055]","[5.07692608101409, 4.642950866295135, 8.567988898857573]",0.5867366790771484
DiagReachK3,186,W2,SS,shaped,shaped,development_DiagReachK3_s186_W2_SS,19,full_PPO,True,True,False,False,"[9.44446849822998, 9.330781936645508, 9.451979637145996]","[[9.44446849822998, 6.848073482513428, 4.806119918823242, 10.572681427001953], [9.330781936645508, 5.768582820892334, 5.583600997924805, 10.321191787719727], [9.451979637145996, 6.779302597045898, 6.173144817352295, 11.868608474731445]]","[[9.44446849822998, 6.848073482513428, 4.806119918823242, 10.572681427001953], [9.330781936645508, 5.768582820892334, 5.583600997924805, 10.321191787719727], [9.451979637145996, 6.779302597045898, 6.173144817352295, 11.868608474731445]]",shaped,True,True,False,shaped,1.254389175447926,6.009200096130371,6.009200096130371,"[6.402148246765137, 4.180344104766846, 9.266507148742676]","[5.488610054827716, 4.993783972508316, 9.205697782947906]",0.5330750942230225
DiagReachK3,186,W2,SS,shaped,shaped,development_DiagReachK3_s186_W2_SS,20,old,True,False,False,False,"[9.45650863647461, 9.275918960571289, 9.1760892868042]","[[9.45650863647461, 6.75, 6.359489440917969, 12.02769947052002], [9.275918960571289, 6.600632190704346, 5.593430519104004, 11.109964370727539], [9.1760892868042, 6.252018928527832, 5.178809642791748, 10.340195655822754]]","[[9.45650863647461, 6.75, 6.359489440917969, 12.02769947052002], [9.275918960571289, 6.600632190704346, 5.593430519104004, 11.109964370727539], [9.1760892868042, 6.252018928527832, 5.178809642791748, 10.340195655822754]]",shaped,True,True,False,shaped,2.110077880271876,7.110119819641113,7.110119819641113,"[5.838746547698975, 5.321199893951416, 9.985957145690918]","[5.798116673057746, 4.649610437920656, 9.281461937859444]",0.6559226512908936
DiagReachK3,186,W2,SS,shaped,shaped,development_DiagReachK3_s186_W2_SS,21,joint_W2,False,False,False,False,"[9.449102401733398, 9.192792892456055, 8.747757911682129]","[[9.450592041015625, 6.724128246307373, 6.325282096862793, 11.95867919921875], [9.192792892456055, 6.218753814697266, 5.456070423126221, 10.62249755859375], [8.747757911682129, 5.50061559677124, 4.815378665924072, 9.25755500793457]]","[[9.449102401733398, 6.724128246307373, 6.325282096862793, 11.95867919921875], [9.192792892456055, 6.218753814697266, 5.456070423126221, 10.62249755859375], [8.747757911682129, 5.50061559677124, 4.815378665924072, 9.25755500793457]]",shaped,True,True,False,shaped,3.4449971588512427,5.7190728187561035,5.7190728187561035,"[5.858834743499756, 5.566620349884033, 10.190500259399414]","[5.068210490976023, 4.3555052392701725, 8.169777547784527]",0.6008062362670898
DiagReachK3,186,W2,SS,shaped,shaped,development_DiagReachK3_s186_W2_SS,22,full_PPO,True,True,False,False,"[9.417094230651855, 9.500093460083008, 8.903132438659668]","[[9.438291549682617, 6.796515464782715, 6.348283767700195, 12.050447463989258], [9.541345596313477, 6.927306175231934, 5.446651458740234, 11.297053337097168], [8.903132438659668, 5.678431987762451, 4.663592338562012, 9.304088592529297]]","[[9.417094230651855, 6.796515464782715, 6.348283767700195, 12.050447463989258], [9.500093460083008, 6.927306175231934, 5.446651458740234, 11.297053337097168], [8.903132438659668, 5.678431987762451, 4.663592338562012, 9.304088592529297]]",shaped,True,True,False,shaped,1.937367857450526,4.367192268371582,4.367192268371582,"[6.501826286315918, 6.197802543640137, 11.496180534362793]","[6.60717510574956, 5.753768295477454, 11.182321399415283]",0.6599545478820801
DiagReachK3,186,W2,SS,shaped,shaped,development_DiagReachK3_s186_W2_SS,23,old,True,False,False,False,"[8.976290702819824, 8.46133804321289, 7.395313739776611]","[[8.976290702819824, 5.692847728729248, 4.627020359039307, 9.292041778564453], [8.46133804321289, 4.954649925231934, 4.1581268310546875, 8.071099281311035], [7.395313739776611, 3.698895215988159, 3.21296763420105, 5.923776626586914]]","[[8.976290702819824, 5.692847728729248, 4.627020359039307, 9.292041778564453], [8.46133804321289, 4.954649925231934, 4.1581268310546875, 8.071099281311035], [7.395313739776611, 3.698895215988159, 3.21296763420105, 5.923776626586914]]",shaped,True,True,False,shaped,1.9719140566225104,5.7855753898620605,5.7855753898620605,"[5.517167568206787, 4.669825553894043, 9.061327934265137]","[4.67842343780056, 3.617486537948616, 7.168118510653849]",0.8323478698730469
DiagReachK3,186,W2,SS,shaped,shaped,development_DiagReachK3_s186_W2_SS,24,joint_W2,True,True,False,False,"[8.951436042785645, 9.351265907287598, 8.93676471710205]","[[8.951436042785645, 5.72165584564209, 4.638299942016602, 9.330110549926758], [9.351265907287598, 6.38308048248291, 5.408860206604004, 10.780232429504395], [8.93676471710205, 5.801887035369873, 4.508583068847656, 9.304176330566406]]","[[8.951436042785645, 5.72165584564209, 4.638299942016602, 9.330110549926758], [9.351265907287598, 6.38308048248291, 5.408860206604004, 10.780232429504395], [8.93676471710205, 5.801887035369873, 4.508583068847656, 9.304176330566406]]",shaped,True,True,False,shaped,0.9584653701975311,7.267894744873047,7.267894744873047,"[5.490944862365723, 4.286447048187256, 8.551252365112305]","[6.173251667733948, 5.2657422110009104, 10.277184965292802]",0.7471349239349365
DiagReachK3,187,KL,RR,raw,raw,development_DiagReachK3_s187_KL_RR,0,old,True,False,False,False,"[8.609407424926758, 8.984981536865234, 8.338728904724121]","[[8.609407424926758, 5.59188175201416, 4.528926849365234, 9.118343353271484], [8.984981536865234, 6.887742042541504, 5.306825160980225, 11.158886909484863], [8.338728904724121, 6.225194931030273, 4.058939456939697, 9.262022018432617]]","[[8.609407424926758, 5.59188175201416, 4.528926849365234, 9.118343353271484], [8.95673656463623, 6.887742042541504, 5.306825160980225, 11.158886909484863], [8.338728904724121, 6.225194931030273, 4.058939456939697, 9.262022018432617]]",raw,True,True,False,raw,0.8629675660855132,6.76500940322876,5.203993797302246,"[4.237565517425537, 5.660638809204102, 8.544022560119629]","[5.000183445810361, 6.364157860616887, 10.071152474192623]",0.9556198120117188
DiagReachK3,187,KL,RR,raw,raw,development_DiagReachK3_s187_KL_RR,1,old,True,False,False,False,"[8.56066608428955, 8.86468505859375, 8.33421802520752]","[[8.56066608428955, 5.670962810516357, 4.413515090942383, 9.084866523742676], [8.86468505859375, 7.8550615310668945, 5.388260841369629, 12.223165512084961], [8.33421802520752, 7.005247116088867, 3.722029209136963, 9.745887756347656]]","[[8.56066608428955, 5.670962810516357, 4.413515090942383, 9.084866523742676], [8.13418197631836, 7.8550615310668945, 5.388260841369629, 12.223165512084961], [8.291305541992188, 7.005247116088867, 3.722029209136963, 9.745887756347656]]",raw,True,True,False,raw,0.931791763038467,6.36191463470459,4.793484687805176,"[4.69901180267334, 3.7219345569610596, 7.032728672027588]","[6.384704698131076, 4.458700341005182, 9.503607000538533]",0.5568654537200928
DiagReachK3,187,KL,RR,raw,raw,development_DiagReachK3_s187_KL_RR,2,full_PPO,True,True,False,False,"[8.582674026489258, 8.730318069458008, 9.135055541992188]","[[8.582674026489258, 5.73944091796875, 4.31214714050293, 9.05843448638916], [8.730318069458008, 6.834546089172363, 4.729641437530518, 10.532523155212402], [9.135055541992188, 6.2343950271606445, 5.583023548126221, 10.78347110748291]]","[[8.582674026489258, 5.73944091796875, 4.31214714050293, 9.05843448638916], [8.72854232788086, 6.834546089172363, 4.729641437530518, 10.532523155212402], [9.135055541992188, 6.2343950271606445, 5.583023548126221, 10.78347110748291]]",raw,True,True,False,raw,1.1325570053758842,6.672930717468262,4.8056721687316895,"[5.186636447906494, 4.594826698303223, 8.634710311889648]","[6.2643551866890625, 5.243834424306113, 10.301586697053008]",0.6271412372589111
DiagReachK3,187,KL,RR,raw,raw,development_DiagReachK3_s187_KL_RR,3,old,True,False,False,False,"[9.156681060791016, 9.307716369628906, 9.502012252807617]","[[9.156681060791016, 6.147426128387451, 5.752144813537598, 10.843489646911621], [9.307716369628906, 7.6693620681762695, 6.100126266479492, 12.66476821899414], [9.502012252807617, 6.20713472366333, 6.719458103179932, 11.799013137817383]]","[[9.156681060791016, 6.147426128387451, 5.752144813537598, 10.843489646911621], [8.692377090454102, 7.6693620681762695, 6.100126266479492, 12.66476821899414], [9.27888298034668, 6.20713472366333, 6.719458103179932, 11.799013137817383]]",raw,True,True,False,raw,0.8240712377638063,6.535204887390137,5.675664901733398,"[4.494231224060059, 4.309152126312256, 7.51668643951416]","[5.65648609406455, 4.856661973701695, 9.35001979047123]",0.5776100158691406
DiagReachK3,187,KL,RR,raw,raw,development_DiagReachK3_s187_KL_RR,4,old,True,False,False,False,"[9.174493789672852, 9.399858474731445, 9.115217208862305]","[[9.174493789672852, 5.946176052093506, 5.689736843109131, 10.594696044921875], [9.399858474731445, 6.996204853057861, 6.449512481689453, 12.328216552734375], [9.115217208862305, 5.745204925537109, 5.424084663391113, 10.096894264221191]]","[[9.174493789672852, 5.946176052093506, 5.689736843109131, 10.594696044921875], [9.317110061645508, 6.996204853057861, 6.449512481689453, 12.328216552734375], [9.115217208862305, 5.745204925537109, 5.424084663391113, 10.096894264221191]]",raw,True,True,False,raw,0.6555711634583634,7.125486850738525,5.834200382232666,"[5.223328590393066, 5.011449337005615, 8.757448196411133]","[6.148541695255793, 5.277727253928965, 10.024824742199756]",0.5752136707305908
DiagReachK3,187,KL,RR,raw,raw,development_DiagReachK3_s187_KL_RR,5,old,True,False,False,False,"[9.099298477172852, 8.879871368408203, 9.494956970214844]","[[9.099298477172852, 6.0571160316467285, 5.720010757446289, 10.700139999389648], [8.879871368408203, 7.523109436035156, 5.477931976318359, 11.986981391906738], [9.494956970214844, 6.429920196533203, 7.0515594482421875, 12.320625305175781]]","[[9.099298477172852, 6.0571160316467285, 5.720010757446289, 10.700139999389648], [8.493858337402344, 7.523109436035156, 5.477931976318359, 11.986981391906738], [8.68923568725586, 6.429920196533203, 7.0515594482421875, 12.320625305175781]]",raw,True,True,False,raw,0.8270045421005177,6.51886510848999,5.610283851623535,"[4.6552019119262695, 4.359433174133301, 7.644491672515869]","[5.342457054131397, 4.8882831770854365, 9.073532409231369]",0.9492659568786621
DiagReachK3,187,KL,RR,raw,raw,development_DiagReachK3_s187_KL_RR,6,old,True,False,False,False,"[9.153660774230957, 9.29337215423584, 8.404829025268555]","[[9.153660774230957, 6.136447429656982, 5.7662553787231445, 10.856348991394043], [9.29337215423584, 7.915224075317383, 6.175429821014404, 12.974011421203613], [8.404829025268555, 4.978296279907227, 4.197900772094727, 8.167349815368652]]","[[9.153660774230957, 6.136447429656982, 5.7662553787231445, 10.856348991394043], [8.232930183410645, 7.915224075317383, 6.175429821014404, 12.974011421203613], [8.404829025268555, 4.978296279907227, 4.197900772094727, 8.167349815368652]]",raw,True,True,False,raw,0.9623733735908866,6.717352390289307,3.2563071250915527,"[4.4932403564453125, 4.821450233459473, 8.11284065246582]","[6.070812910511286, 6.022550091113002, 10.870737444389292]",0.6222853660583496
DiagReachK3,187,KL,RR,raw,raw,development_DiagReachK3_s187_KL_RR,7,old,True,False,False,False,"[9.208138465881348, 9.272590637207031, 9.29104232788086]","[[9.208138465881348, 6.0285186767578125, 5.869429111480713, 10.828680038452148], [9.272590637207031, 7.235552787780762, 6.373788833618164, 12.493335723876953], [9.29104232788086, 6.915268421173096, 5.708588600158691, 11.541492462158203]]","[[9.208138465881348, 6.0285186767578125, 5.869429111480713, 10.828680038452148], [9.059490203857422, 7.235552787780762, 6.373788833618164, 12.493335723876953], [9.277751922607422, 6.915268421173096, 5.708588600158691, 11.541492462158203]]",raw,True,True,False,raw,0.7547963402650583,6.997679233551025,6.392430782318115,"[4.218092441558838, 4.8650712966918945, 7.79325008392334]","[4.869946375787844, 5.357775943683576, 8.954237283536365]",0.5642545223236084
DiagReachK3,187,KL,RR,raw,raw,development_DiagReachK3_s187_KL_RR,8,full_PPO,True,True,False,False,"[9.105920791625977, 9.308479309082031, 9.238909721374512]","[[9.105920791625977, 6.022251605987549, 5.581286907196045, 10.576277732849121], [9.308479309082031, 7.420589923858643, 6.095317363739014, 12.421281814575195], [9.238909721374512, 5.793132781982422, 5.581092834472656, 10.34701156616211]]","[[9.105920791625977, 6.022251605987549, 5.581286907196045, 10.576277732849121], [9.000776290893555, 7.420589923858643, 6.095317363739014, 12.421281814575195], [9.238909721374512, 5.793132781982422, 5.581092834472656, 10.34701156616211]]",raw,True,True,False,raw,0.8461641244837435,6.738279819488525,4.743306636810303,"[5.472477912902832, 4.350111484527588, 8.416101455688477]","[6.900758068371056, 4.508957383190486, 10.318145165343168]",0.690394401550293
DiagReachK3,187,KL,RR,raw,raw,development_DiagReachK3_s187_KL_RR,9,old,True,False,False,False,"[9.283605575561523, 9.524161338806152, 9.267505645751953]","[[9.283605575561523, 5.882611274719238, 5.763569355010986, 10.591796875], [9.524161338806152, 6.767542362213135, 6.715939521789551, 12.360469818115234], [9.267505645751953, 7.091978073120117, 5.721048355102539, 11.776725769042969]]","[[9.283605575561523, 5.882611274719238, 5.763569355010986, 10.591796875], [9.332578659057617, 6.767542362213135, 6.715939521789551, 12.360469818115234], [9.190343856811523, 7.091978073120117, 5.721048355102539, 11.776725769042969]]",raw,True,True,False,raw,0.8502645916649906,6.409759521484375,6.1398444175720215,"[4.409338474273682, 4.301288604736328, 7.330044746398926]","[5.35460541186078, 4.663378444228686, 8.795867349804542]",0.5684785842895508
DiagReachK3,187,KL,RR,raw,raw,development_DiagReachK3_s187_KL_RR,10,old,True,False,False,False,"[9.281314849853516, 9.346693992614746, 8.621500015258789]","[[9.281314849853516, 5.738068580627441, 5.757823467254639, 10.441415786743164], [9.346693992614746, 7.374152183532715, 5.994740009307861, 12.302896499633789], [8.621500015258789, 4.8895955085754395, 4.5836029052734375, 8.44743537902832]]","[[9.281314849853516, 5.738068580627441, 5.757823467254639, 10.441415786743164], [9.079442977905273, 7.374152183532715, 5.994740009307861, 12.302896499633789], [8.621500015258789, 4.8895955085754395, 4.5836029052734375, 8.44743537902832]]",raw,True,True,False,raw,0.6056052825210486,7.304059028625488,5.5183258056640625,"[5.3004984855651855, 5.060758590698242, 9.142643928527832]","[5.7043153408518315, 5.4961814542768614, 10.003255044166247]",0.6138885021209717
DiagReachK3,187,KL,RR,raw,raw,development_DiagReachK3_s187_KL_RR,11,old,True,False,False,False,"[9.231842041015625, 9.479622840881348, 9.211578369140625]","[[9.231842041015625, 5.7925214767456055, 5.768481254577637, 10.504064559936523], [9.479622840881348, 7.186761856079102, 6.389389514923096, 12.451444625854492], [9.211578369140625, 5.804800510406494, 5.394181728363037, 10.160049438476562]]","[[9.231842041015625, 5.7925214767456055, 5.768481254577637, 10.504064559936523], [9.325112342834473, 7.186761856079102, 6.389389514923096, 12.451444625854492], [9.211578369140625, 5.804800510406494, 5.394181728363037, 10.160049438476562]]",raw,True,True,False,raw,0.7964157815534868,7.376580715179443,6.105147361755371,"[5.684079647064209, 4.897508144378662, 9.375088691711426]","[6.999999977204929, 5.221432238410433, 11.055946325479212]",0.552009105682373
DiagReachK3,187,KL,RR,raw,raw,development_DiagReachK3_s187_KL_RR,12,old,True,False,False,False,"[9.265190124511719, 9.439735412597656, 8.692237854003906]","[[9.265190124511719, 6.015103816986084, 5.713160514831543, 10.690906524658203], [9.439735412597656, 7.379284381866455, 6.245277404785156, 12.542074203491211], [8.692237854003906, 4.834916114807129, 4.941255569458008, 8.7598295211792]]","[[9.265190124511719, 6.015103816986084, 5.713160514831543, 10.690906524658203], [9.125104904174805, 7.379284381866455, 6.245277404785156, 12.542074203491211], [8.692237854003906, 4.834916114807129, 4.941255569458008, 8.7598295211792]]",raw,True,True,False,raw,1.2824073335660007,6.979361057281494,5.375029563903809,"[4.844356536865234, 4.355393409729004, 7.9367194175720215]","[6.484575978008083, 5.04421627651703, 10.625343789984932]",0.5232369899749756
DiagReachK3,187,KL,RR,raw,raw,development_DiagReachK3_s187_KL_RR,13,joint_KL,True,True,False,False,"[9.271356582641602, 9.460813522338867, 8.680673599243164]","[[9.271356582641602, 5.789463996887207, 5.654297351837158, 10.394142150878906], [9.460813522338867, 6.561222076416016, 6.109992504119873, 11.605175971984863], [8.680673599243164, 4.767290115356445, 4.931229591369629, 8.664435386657715]]","[[9.271356582641602, 5.789463996887207, 5.654297351837158, 10.394142150878906], [9.460813522338867, 6.561222076416016, 6.109992504119873, 11.605175971984863], [8.680673599243164, 4.767290115356445, 4.931229591369629, 8.664435386657715]]",raw,True,True,False,raw,0.5997337118059618,7.45089054107666,6.165460586547852,"[5.296611309051514, 5.344593524932861, 9.324244499206543]","[5.7591958620912, 5.552609822796884, 10.08041485724315]",0.6199593544006348
DiagReachK3,187,KL,RR,raw,raw,development_DiagReachK3_s187_KL_RR,14,old,True,False,False,False,"[9.451441764831543, 9.664206504821777, 9.436775207519531]","[[9.451441764831543, 6.68740177154541, 6.194526195526123, 11.812175750732422], [9.664206504821777, 7.871083736419678, 7.005287170410156, 13.771738052368164], [9.436775207519531, 6.345368385314941, 5.502384185791016, 10.787528038024902]]","[[9.451441764831543, 6.68740177154541, 6.194526195526123, 11.812175750732422], [7.472005844116211, 7.871083736419678, 7.005287170410156, 13.771738052368164], [9.436775207519531, 6.345368385314941, 5.502384185791016, 10.787528038024902]]",raw,True,True,False,raw,1.2315326398074673,7.206246852874756,5.478680610656738,"[5.458467960357666, 4.7196364402771, 8.934410095214844]","[6.845041627840514, 5.911473417681637, 11.647864912601385]",0.5972900390625
DiagReachK3,187,KL,RR,raw,raw,development_DiagReachK3_s187_KL_RR,15,old,True,False,False,False,"[9.483650207519531, 9.640654563903809, 9.303923606872559]","[[9.483650207519531, 6.629833221435547, 6.200734615325928, 11.771403312683105], [9.640654563903809, 8.028005599975586, 6.243338108062744, 13.199274063110352], [9.303923606872559, 6.836493492126465, 5.482108116149902, 11.30317497253418]]","[[9.483650207519531, 6.629833221435547, 6.200734615325928, 11.771403312683105], [8.200891494750977, 8.028005599975586, 6.243338108062744, 13.199274063110352], [9.303923606872559, 6.836493492126465, 5.482108116149902, 11.30317497253418]]",raw,True,True,False,raw,0.6386665239097077,7.488577365875244,6.115779876708984,"[4.996513366699219, 5.830252647399902, 9.60316276550293]","[5.754436756450328, 6.392073131335904, 10.94370821152467]",0.524122953414917
DiagReachK3,187,KL,RR,raw,raw,development_DiagReachK3_s187_KL_RR,16,old,False,False,False,False,"[9.437384605407715, 9.586675643920898, 8.827693939208984]","[[9.437384605407715, 6.64269495010376, 6.07829475402832, 11.662545204162598], [9.586675643920898, 7.443228721618652, 6.474846839904785, 12.838346481323242], [8.827693939208984, 5.014999866485596, 5.122405052185059, 9.112587928771973]]","[[9.437384605407715, 6.64269495010376, 6.07829475402832, 11.662545204162598], [9.099621772766113, 7.443228721618652, 6.474846839904785, 12.838346481323242], [8.827693939208984, 5.014999866485596, 5.122405052185059, 9.112587928771973]]",raw,True,True,False,raw,0.8504393173398472,7.674197196960449,5.087517738342285,"[6.1348748207092285, 4.902043342590332, 9.815217018127441]","[7.000000044722847, 6.045098144036752, 11.860926497466515]",0.5370471477508545
DiagReachK3,187,KL,RR,raw,raw,development_DiagReachK3_s187_KL_RR,17,old,True,False,False,False,"[9.485185623168945, 9.652709007263184, 8.705268859863281]","[[9.485185623168945, 6.592216491699219, 6.180741786956787, 11.701822280883789], [9.652709007263184, 7.960470676422119, 6.133243560791016, 12.991071701049805], [8.705268859863281, 5.231234550476074, 4.399135589599609, 8.630369186401367]]","[[9.485185623168945, 6.592216491699219, 6.180741786956787, 11.701822280883789], [8.389837265014648, 7.960470676422119, 6.133243560791016, 12.991071701049805], [8.705268859863281, 5.231234550476074, 4.399135589599609, 8.630369186401367]]",raw,True,True,False,raw,0.5653702656411402,7.4206719398498535,5.564036846160889,"[5.13106632232666, 5.317690849304199, 9.268502235412598]","[5.918087394187129, 5.470960697010377, 10.202066800961834]",0.5361113548278809
DiagReachK3,187,KL,RR,raw,raw,development_DiagReachK3_s187_KL_RR,18,full_PPO,False,False,False,False,"[9.445564270019531, 9.795792579650879, 8.565156936645508]","[[9.445564270019531, 6.775347709655762, 6.131187915802002, 11.82654094696045], [9.795792579650879, 7.840779781341553, 7.004014015197754, 13.743307113647461], [8.565156936645508, 5.456748962402344, 4.009720325469971, 8.467069625854492]]","[[9.419468879699707, 6.775347709655762, 6.131187915802002, 11.82654094696045], [7.4227752685546875, 7.840779781341553, 7.004014015197754, 13.743307113647461], [8.565156936645508, 5.456748962402344, 4.009720325469971, 8.467069625854492]]",raw,True,True,False,raw,0.7381375729129674,7.295053005218506,5.192731857299805,"[4.964919090270996, 4.718118667602539, 8.373873710632324]","[5.779776362161098, 5.716826204243085, 10.298051905818491]",0.5208861827850342
DiagReachK3,187,KL,RR,raw,raw,development_DiagReachK3_s187_KL_RR,19,old,True,False,False,False,"[9.422048568725586, 9.693581581115723, 8.399770736694336]","[[9.422048568725586, 6.816436767578125, 6.208934307098389, 11.948562622070312], [9.693581581115723, 7.788905143737793, 6.395727634429932, 13.084632873535156], [8.399770736694336, 4.098898410797119, 5.82531213760376, 8.860430717468262]]","[[9.422048568725586, 6.816436767578125, 6.208934307098389, 11.948562622070312], [8.618494033813477, 7.788905143737793, 6.395727634429932, 13.084632873535156], [8.399770736694336, 4.098898410797119, 5.82531213760376, 8.860430717468262]]",raw,True,True,False,raw,0.9506353826449037,6.7883148193359375,4.5784478187561035,"[4.746975898742676, 4.913427829742432, 8.4700288772583]","[6.216702268402226, 5.4825626588511005, 10.501479777339577]",0.5304734706878662
DiagReachK3,187,KL,RR,raw,raw,development_DiagReachK3_s187_KL_RR,20,old,True,False,False,False,"[9.465408325195312, 9.550188064575195, 8.679513931274414]","[[9.465408325195312, 6.5718584060668945, 6.222292900085449, 11.721076011657715], [9.550188064575195, 8.159975051879883, 6.473135471343994, 13.533781051635742], [8.679513931274414, 5.222653865814209, 4.510343074798584, 8.73299789428711]]","[[9.465408325195312, 6.5718584060668945, 6.222292900085449, 11.721076011657715], [7.689310073852539, 8.159975051879883, 6.473135471343994, 13.533781051635742], [8.679513931274414, 5.222653865814209, 4.510343074798584, 8.73299789428711]]",raw,True,True,False,raw,0.7561110106874841,7.230035305023193,4.664588928222656,"[5.516254425048828, 5.74058198928833, 9.844541549682617]","[7.000000137110215, 6.074742167299593, 11.73308312962161]",0.538402795791626
DiagReachK3,187,KL,RR,raw,raw,development_DiagReachK3_s187_KL_RR,21,old,True,False,False,False,"[9.454505920410156, 9.576544761657715, 9.26176929473877]","[[9.454505920410156, 6.773805618286133, 6.265342712402344, 11.951717376708984], [9.576544761657715, 7.83928108215332, 6.677712440490723, 13.385180473327637], [9.26176929473877, 5.706159591674805, 5.431458950042725, 10.09043025970459]]","[[9.454505920410156, 6.773805618286133, 6.265342712402344, 11.951717376708984], [8.184365272521973, 7.83928108215332, 6.677712440490723, 13.385180473327637], [9.26176929473877, 5.706159591674805, 5.431458950042725, 10.09043025970459]]",raw,True,True,False,raw,0.7139788679559621,7.145727634429932,5.726666450500488,"[5.330444812774658, 4.591092586517334, 8.748811721801758]","[6.229342068403849, 5.267356116316625, 10.353836815676647]",0.5891172885894775
DiagReachK3,187,KL,RR,raw,raw,development_DiagReachK3_s187_KL_RR,22,old,True,False,False,False,"[9.441812515258789, 9.54311466217041, 9.293683052062988]","[[9.441812515258789, 6.74629020690918, 6.205833911895752, 11.887015342712402], [9.54311466217041, 7.165113925933838, 6.712718963623047, 12.793037414550781], [9.293683052062988, 5.441774368286133, 7.2795915603637695, 11.605387687683105]]","[[9.441812515258789, 6.74629020690918, 6.205833911895752, 11.887015342712402], [9.111647605895996, 7.165113925933838, 6.712718963623047, 12.793037414550781], [8.198139190673828, 5.441774368286133, 7.2795915603637695, 11.605387687683105]]",raw,True,True,False,raw,0.7448421979973976,7.015503883361816,5.8756422996521,"[5.4391303062438965, 4.271292686462402, 8.40315055847168]","[5.94605384492456, 4.9763650878525, 9.60692874837752]",0.593447208404541
DiagReachK3,187,KL,RR,raw,raw,development_DiagReachK3_s187_KL_RR,23,old,True,False,False,False,"[9.494563102722168, 9.687599182128906, 8.583917617797852]","[[9.494563102722168, 6.683534145355225, 6.155148029327393, 11.768566131591797], [9.687599182128906, 6.9466552734375, 6.808774948120117, 12.614096641540527], [8.583917617797852, 4.774124622344971, 4.902285575866699, 8.673279762268066]]","[[9.494563102722168, 6.683534145355225, 6.155148029327393, 11.768566131591797], [9.221256256103516, 6.9466552734375, 6.808774948120117, 12.614096641540527], [8.583917617797852, 4.774124622344971, 4.902285575866699, 8.673279762268066]]",raw,True,True,False,raw,0.8073810811721189,7.836203575134277,3.055346727371216,"[6.552944183349609, 5.807360649108887, 11.150590896606445]","[6.999999790353748, 6.500000029912316, 12.265532234487283]",0.5036301612854004
DiagReachK3,187,KL,RR,raw,raw,development_DiagReachK3_s187_KL_RR,24,old,True,False,False,False,"[9.44491958618164, 9.576462745666504, 8.660258293151855]","[[9.44491958618164, 6.723320960998535, 6.170308589935303, 11.81977653503418], [9.576462745666504, 7.409739971160889, 7.0421552658081055, 13.352696418762207], [8.660258293151855, 4.9265570640563965, 4.858131408691406, 8.758622169494629]]","[[9.44491958618164, 6.723320960998535, 6.170308589935303, 11.81977653503418], [8.207659721374512, 7.409739971160889, 7.0421552658081055, 13.352696418762207], [8.660258293151855, 4.9265570640563965, 4.858131408691406, 8.758622169494629]]",raw,True,True,False,raw,0.4572686102607296,7.877625942230225,5.728640556335449,"[6.297992706298828, 5.077788352966309, 10.21826457977295]","[6.775547344796051, 5.743602772835828, 11.353760441994334]",0.5740413665771484
DiagReachK3,187,KL,RS,raw,shaped,development_DiagReachK3_s187_KL_RS,0,old,True,False,False,False,"[8.609407424926758, 8.95673656463623, 8.338728904724121]","[[8.609407424926758, 5.59188175201416, 4.528926849365234, 9.118343353271484], [8.984981536865234, 6.887742042541504, 5.306825160980225, 11.158886909484863], [8.338728904724121, 6.225194931030273, 4.058939456939697, 9.262022018432617]]","[[8.609407424926758, 5.59188175201416, 4.528926849365234, 9.118343353271484], [8.95673656463623, 6.887742042541504, 5.306825160980225, 11.158886909484863], [8.338728904724121, 6.225194931030273, 4.058939456939697, 9.262022018432617]]",shaped,True,True,False,raw,0.8629675660855132,6.76500940322876,5.203993797302246,"[4.237565517425537, 5.660638809204102, 8.544022560119629]","[5.000183445810361, 6.364157860616887, 10.071152474192623]",0.6457014083862305
DiagReachK3,187,KL,RS,raw,shaped,development_DiagReachK3_s187_KL_RS,1,old,True,False,False,False,"[8.56066608428955, 8.13418197631836, 8.291305541992188]","[[8.56066608428955, 5.670962810516357, 4.413515090942383, 9.084866523742676], [8.86468505859375, 7.8550615310668945, 5.388260841369629, 12.223165512084961], [8.33421802520752, 7.005247116088867, 3.722029209136963, 9.745887756347656]]","[[8.56066608428955, 5.670962810516357, 4.413515090942383, 9.084866523742676], [8.13418197631836, 7.8550615310668945, 5.388260841369629, 12.223165512084961], [8.291305541992188, 7.005247116088867, 3.722029209136963, 9.745887756347656]]",shaped,True,True,False,raw,0.931791763038467,6.36191463470459,4.793484687805176,"[4.69901180267334, 3.7219345569610596, 7.032728672027588]","[6.384704698131076, 4.458700341005182, 9.503607000538533]",0.5918774604797363
DiagReachK3,187,KL,RS,raw,shaped,development_DiagReachK3_s187_KL_RS,2,full_PPO,True,True,False,False,"[8.582674026489258, 8.72854232788086, 9.135055541992188]","[[8.582674026489258, 5.73944091796875, 4.31214714050293, 9.05843448638916], [8.730318069458008, 6.834546089172363, 4.729641437530518, 10.532523155212402], [9.135055541992188, 6.2343950271606445, 5.583023548126221, 10.78347110748291]]","[[8.582674026489258, 5.73944091796875, 4.31214714050293, 9.05843448638916], [8.72854232788086, 6.834546089172363, 4.729641437530518, 10.532523155212402], [9.135055541992188, 6.2343950271606445, 5.583023548126221, 10.78347110748291]]",shaped,True,True,False,raw,1.1325570053758842,6.672930717468262,4.8056721687316895,"[5.186636447906494, 4.594826698303223, 8.634710311889648]","[6.2643551866890625, 5.243834424306113, 10.301586697053008]",0.6160793304443359
DiagReachK3,187,KL,RS,raw,shaped,development_DiagReachK3_s187_KL_RS,3,old,True,False,False,False,"[9.156681060791016, 8.692377090454102, 9.27888298034668]","[[9.156681060791016, 6.147426128387451, 5.752144813537598, 10.843489646911621], [9.307716369628906, 7.6693620681762695, 6.100126266479492, 12.66476821899414], [9.502012252807617, 6.20713472366333, 6.719458103179932, 11.799013137817383]]","[[9.156681060791016, 6.147426128387451, 5.752144813537598, 10.843489646911621], [8.692377090454102, 7.6693620681762695, 6.100126266479492, 12.66476821899414], [9.27888298034668, 6.20713472366333, 6.719458103179932, 11.799013137817383]]",shaped,True,True,False,raw,0.8240712377638063,6.535204887390137,5.675664901733398,"[4.494231224060059, 4.309152126312256, 7.51668643951416]","[5.65648609406455, 4.856661973701695, 9.35001979047123]",0.5938658714294434
DiagReachK3,187,KL,RS,raw,shaped,development_DiagReachK3_s187_KL_RS,4,old,True,False,False,False,"[9.174493789672852, 9.317110061645508, 9.115217208862305]","[[9.174493789672852, 5.946176052093506, 5.689736843109131, 10.594696044921875], [9.399858474731445, 6.996204853057861, 6.449512481689453, 12.328216552734375], [9.115217208862305, 5.745204925537109, 5.424084663391113, 10.096894264221191]]","[[9.174493789672852, 5.946176052093506, 5.689736843109131, 10.594696044921875], [9.317110061645508, 6.996204853057861, 6.449512481689453, 12.328216552734375], [9.115217208862305, 5.745204925537109, 5.424084663391113, 10.096894264221191]]",shaped,True,True,False,raw,0.6555711634583634,7.125486850738525,5.834200382232666,"[5.223328590393066, 5.011449337005615, 8.757448196411133]","[6.148541695255793, 5.277727253928965, 10.024824742199756]",0.5399169921875
DiagReachK3,187,KL,RS,raw,shaped,development_DiagReachK3_s187_KL_RS,5,old,True,False,False,False,"[9.099298477172852, 8.493858337402344, 8.68923568725586]","[[9.099298477172852, 6.0571160316467285, 5.720010757446289, 10.700139999389648], [8.879871368408203, 7.523109436035156, 5.477931976318359, 11.986981391906738], [9.494956970214844, 6.429920196533203, 7.0515594482421875, 12.320625305175781]]","[[9.099298477172852, 6.0571160316467285, 5.720010757446289, 10.700139999389648], [8.493858337402344, 7.523109436035156, 5.477931976318359, 11.986981391906738], [8.68923568725586, 6.429920196533203, 7.0515594482421875, 12.320625305175781]]",shaped,True,True,False,raw,0.8270045421005177,6.51886510848999,5.610283851623535,"[4.6552019119262695, 4.359433174133301, 7.644491672515869]","[5.342457054131397, 4.8882831770854365, 9.073532409231369]",0.6549704074859619
DiagReachK3,187,KL,RS,raw,shaped,development_DiagReachK3_s187_KL_RS,6,old,True,False,False,False,"[9.153660774230957, 8.232930183410645, 8.404829025268555]","[[9.153660774230957, 6.136447429656982, 5.7662553787231445, 10.856348991394043], [9.29337215423584, 7.915224075317383, 6.175429821014404, 12.974011421203613], [8.404829025268555, 4.978296279907227, 4.197900772094727, 8.167349815368652]]","[[9.153660774230957, 6.136447429656982, 5.7662553787231445, 10.856348991394043], [8.232930183410645, 7.915224075317383, 6.175429821014404, 12.974011421203613], [8.404829025268555, 4.978296279907227, 4.197900772094727, 8.167349815368652]]",shaped,True,True,False,raw,0.9623733735908866,6.717352390289307,3.2563071250915527,"[4.4932403564453125, 4.821450233459473, 8.11284065246582]","[6.070812910511286, 6.022550091113002, 10.870737444389292]",0.5997090339660645
DiagReachK3,187,KL,RS,raw,shaped,development_DiagReachK3_s187_KL_RS,7,old,True,False,False,False,"[9.208138465881348, 9.059490203857422, 9.277751922607422]","[[9.208138465881348, 6.0285186767578125, 5.869429111480713, 10.828680038452148], [9.272590637207031, 7.235552787780762, 6.373788833618164, 12.493335723876953], [9.29104232788086, 6.915268421173096, 5.708588600158691, 11.541492462158203]]","[[9.208138465881348, 6.0285186767578125, 5.869429111480713, 10.828680038452148], [9.059490203857422, 7.235552787780762, 6.373788833618164, 12.493335723876953], [9.277751922607422, 6.915268421173096, 5.708588600158691, 11.541492462158203]]",shaped,True,True,False,raw,0.7547963402650583,6.997679233551025,6.392430782318115,"[4.218092441558838, 4.8650712966918945, 7.79325008392334]","[4.869946375787844, 5.357775943683576, 8.954237283536365]",0.5639088153839111
DiagReachK3,187,KL,RS,raw,shaped,development_DiagReachK3_s187_KL_RS,8,full_PPO,True,True,False,False,"[9.105920791625977, 9.000776290893555, 9.238909721374512]","[[9.105920791625977, 6.022251605987549, 5.581286907196045, 10.576277732849121], [9.308479309082031, 7.420589923858643, 6.095317363739014, 12.421281814575195], [9.238909721374512, 5.793132781982422, 5.581092834472656, 10.34701156616211]]","[[9.105920791625977, 6.022251605987549, 5.581286907196045, 10.576277732849121], [9.000776290893555, 7.420589923858643, 6.095317363739014, 12.421281814575195], [9.238909721374512, 5.793132781982422, 5.581092834472656, 10.34701156616211]]",shaped,True,True,False,raw,0.8461641244837435,6.738279819488525,4.743306636810303,"[5.472477912902832, 4.350111484527588, 8.416101455688477]","[6.900758068371056, 4.508957383190486, 10.318145165343168]",0.6392185688018799
DiagReachK3,187,KL,RS,raw,shaped,development_DiagReachK3_s187_KL_RS,9,old,True,False,False,False,"[9.283605575561523, 9.332578659057617, 9.190343856811523]","[[9.283605575561523, 5.882611274719238, 5.763569355010986, 10.591796875], [9.524161338806152, 6.767542362213135, 6.715939521789551, 12.360469818115234], [9.267505645751953, 7.091978073120117, 5.721048355102539, 11.776725769042969]]","[[9.283605575561523, 5.882611274719238, 5.763569355010986, 10.591796875], [9.332578659057617, 6.767542362213135, 6.715939521789551, 12.360469818115234], [9.190343856811523, 7.091978073120117, 5.721048355102539, 11.776725769042969]]",shaped,True,True,False,raw,0.8502645916649906,6.409759521484375,6.1398444175720215,"[4.409338474273682, 4.301288604736328, 7.330044746398926]","[5.35460541186078, 4.663378444228686, 8.795867349804542]",0.5717003345489502
DiagReachK3,187,KL,RS,raw,shaped,development_DiagReachK3_s187_KL_RS,10,old,True,False,False,False,"[9.281314849853516, 9.079442977905273, 8.621500015258789]","[[9.281314849853516, 5.738068580627441, 5.757823467254639, 10.441415786743164], [9.346693992614746, 7.374152183532715, 5.994740009307861, 12.302896499633789], [8.621500015258789, 4.8895955085754395, 4.5836029052734375, 8.44743537902832]]","[[9.281314849853516, 5.738068580627441, 5.757823467254639, 10.441415786743164], [9.079442977905273, 7.374152183532715, 5.994740009307861, 12.302896499633789], [8.621500015258789, 4.8895955085754395, 4.5836029052734375, 8.44743537902832]]",shaped,True,True,False,raw,0.6056052825210486,7.304059028625488,5.5183258056640625,"[5.3004984855651855, 5.060758590698242, 9.142643928527832]","[5.7043153408518315, 5.4961814542768614, 10.003255044166247]",0.6341123580932617
DiagReachK3,187,KL,RS,raw,shaped,development_DiagReachK3_s187_KL_RS,11,old,True,False,False,False,"[9.231842041015625, 9.325112342834473, 9.211578369140625]","[[9.231842041015625, 5.7925214767456055, 5.768481254577637, 10.504064559936523], [9.479622840881348, 7.186761856079102, 6.389389514923096, 12.451444625854492], [9.211578369140625, 5.804800510406494, 5.394181728363037, 10.160049438476562]]","[[9.231842041015625, 5.7925214767456055, 5.768481254577637, 10.504064559936523], [9.325112342834473, 7.186761856079102, 6.389389514923096, 12.451444625854492], [9.211578369140625, 5.804800510406494, 5.394181728363037, 10.160049438476562]]",shaped,True,True,False,raw,0.7964157815534868,7.376580715179443,6.105147361755371,"[5.684079647064209, 4.897508144378662, 9.375088691711426]","[6.999999977204929, 5.221432238410433, 11.055946325479212]",0.5879755020141602
DiagReachK3,187,KL,RS,raw,shaped,development_DiagReachK3_s187_KL_RS,12,old,True,False,False,False,"[9.265190124511719, 9.125104904174805, 8.692237854003906]","[[9.265190124511719, 6.015103816986084, 5.713160514831543, 10.690906524658203], [9.439735412597656, 7.379284381866455, 6.245277404785156, 12.542074203491211], [8.692237854003906, 4.834916114807129, 4.941255569458008, 8.7598295211792]]","[[9.265190124511719, 6.015103816986084, 5.713160514831543, 10.690906524658203], [9.125104904174805, 7.379284381866455, 6.245277404785156, 12.542074203491211], [8.692237854003906, 4.834916114807129, 4.941255569458008, 8.7598295211792]]",shaped,True,True,False,raw,1.2824073335660007,6.979361057281494,5.375029563903809,"[4.844356536865234, 4.355393409729004, 7.9367194175720215]","[6.484575978008083, 5.04421627651703, 10.625343789984932]",0.5728499889373779
DiagReachK3,187,KL,RS,raw,shaped,development_DiagReachK3_s187_KL_RS,13,joint_KL,True,True,False,False,"[9.271356582641602, 9.460813522338867, 8.680673599243164]","[[9.271356582641602, 5.789463996887207, 5.654297351837158, 10.394142150878906], [9.460813522338867, 6.561222076416016, 6.109992504119873, 11.605175971984863], [8.680673599243164, 4.767290115356445, 4.931229591369629, 8.664435386657715]]","[[9.271356582641602, 5.789463996887207, 5.654297351837158, 10.394142150878906], [9.460813522338867, 6.561222076416016, 6.109992504119873, 11.605175971984863], [8.680673599243164, 4.767290115356445, 4.931229591369629, 8.664435386657715]]",shaped,True,True,False,raw,0.5997337118059618,7.45089054107666,6.165460586547852,"[5.296611309051514, 5.344593524932861, 9.324244499206543]","[5.7591958620912, 5.552609822796884, 10.08041485724315]",0.701643705368042
DiagReachK3,187,KL,RS,raw,shaped,development_DiagReachK3_s187_KL_RS,14,old,True,False,False,False,"[9.451441764831543, 7.472005844116211, 9.436775207519531]","[[9.451441764831543, 6.68740177154541, 6.194526195526123, 11.812175750732422], [9.664206504821777, 7.871083736419678, 7.005287170410156, 13.771738052368164], [9.436775207519531, 6.345368385314941, 5.502384185791016, 10.787528038024902]]","[[9.451441764831543, 6.68740177154541, 6.194526195526123, 11.812175750732422], [7.472005844116211, 7.871083736419678, 7.005287170410156, 13.771738052368164], [9.436775207519531, 6.345368385314941, 5.502384185791016, 10.787528038024902]]",shaped,True,True,False,raw,1.2315326398074673,7.206246852874756,5.478680610656738,"[5.458467960357666, 4.7196364402771, 8.934410095214844]","[6.845041627840514, 5.911473417681637, 11.647864912601385]",0.5740125179290771
DiagReachK3,187,KL,RS,raw,shaped,development_DiagReachK3_s187_KL_RS,15,old,True,False,False,False,"[9.483650207519531, 8.200891494750977, 9.303923606872559]","[[9.483650207519531, 6.629833221435547, 6.200734615325928, 11.771403312683105], [9.640654563903809, 8.028005599975586, 6.243338108062744, 13.199274063110352], [9.303923606872559, 6.836493492126465, 5.482108116149902, 11.30317497253418]]","[[9.483650207519531, 6.629833221435547, 6.200734615325928, 11.771403312683105], [8.200891494750977, 8.028005599975586, 6.243338108062744, 13.199274063110352], [9.303923606872559, 6.836493492126465, 5.482108116149902, 11.30317497253418]]",shaped,True,True,False,raw,0.6386665239097077,7.488577365875244,6.115779876708984,"[4.996513366699219, 5.830252647399902, 9.60316276550293]","[5.754436756450328, 6.392073131335904, 10.94370821152467]",0.536203145980835
DiagReachK3,187,KL,RS,raw,shaped,development_DiagReachK3_s187_KL_RS,16,old,False,False,False,False,"[9.437384605407715, 9.099621772766113, 8.827693939208984]","[[9.437384605407715, 6.64269495010376, 6.07829475402832, 11.662545204162598], [9.586675643920898, 7.443228721618652, 6.474846839904785, 12.838346481323242], [8.827693939208984, 5.014999866485596, 5.122405052185059, 9.112587928771973]]","[[9.437384605407715, 6.64269495010376, 6.07829475402832, 11.662545204162598], [9.099621772766113, 7.443228721618652, 6.474846839904785, 12.838346481323242], [8.827693939208984, 5.014999866485596, 5.122405052185059, 9.112587928771973]]",shaped,True,True,False,raw,0.8504393173398472,7.674197196960449,5.087517738342285,"[6.1348748207092285, 4.902043342590332, 9.815217018127441]","[7.000000044722847, 6.045098144036752, 11.860926497466515]",0.5754108428955078
DiagReachK3,187,KL,RS,raw,shaped,development_DiagReachK3_s187_KL_RS,17,old,True,False,False,False,"[9.485185623168945, 8.389837265014648, 8.705268859863281]","[[9.485185623168945, 6.592216491699219, 6.180741786956787, 11.701822280883789], [9.652709007263184, 7.960470676422119, 6.133243560791016, 12.991071701049805], [8.705268859863281, 5.231234550476074, 4.399135589599609, 8.630369186401367]]","[[9.485185623168945, 6.592216491699219, 6.180741786956787, 11.701822280883789], [8.389837265014648, 7.960470676422119, 6.133243560791016, 12.991071701049805], [8.705268859863281, 5.231234550476074, 4.399135589599609, 8.630369186401367]]",shaped,True,True,False,raw,0.5653702656411402,7.4206719398498535,5.564036846160889,"[5.13106632232666, 5.317690849304199, 9.268502235412598]","[5.918087394187129, 5.470960697010377, 10.202066800961834]",0.5853273868560791
DiagReachK3,187,KL,RS,raw,shaped,development_DiagReachK3_s187_KL_RS,18,full_PPO,False,False,False,False,"[9.419468879699707, 7.4227752685546875, 8.565156936645508]","[[9.445564270019531, 6.775347709655762, 6.131187915802002, 11.82654094696045], [9.795792579650879, 7.840779781341553, 7.004014015197754, 13.743307113647461], [8.565156936645508, 5.456748962402344, 4.009720325469971, 8.467069625854492]]","[[9.419468879699707, 6.775347709655762, 6.131187915802002, 11.82654094696045], [7.4227752685546875, 7.840779781341553, 7.004014015197754, 13.743307113647461], [8.565156936645508, 5.456748962402344, 4.009720325469971, 8.467069625854492]]",shaped,True,True,False,raw,0.7381375729129674,7.295053005218506,5.192731857299805,"[4.964919090270996, 4.718118667602539, 8.373873710632324]","[5.779776362161098, 5.716826204243085, 10.298051905818491]",0.5284092426300049
DiagReachK3,187,KL,RS,raw,shaped,development_DiagReachK3_s187_KL_RS,19,old,True,False,False,False,"[9.422048568725586, 8.618494033813477, 8.399770736694336]","[[9.422048568725586, 6.816436767578125, 6.208934307098389, 11.948562622070312], [9.693581581115723, 7.788905143737793, 6.395727634429932, 13.084632873535156], [8.399770736694336, 4.098898410797119, 5.82531213760376, 8.860430717468262]]","[[9.422048568725586, 6.816436767578125, 6.208934307098389, 11.948562622070312], [8.618494033813477, 7.788905143737793, 6.395727634429932, 13.084632873535156], [8.399770736694336, 4.098898410797119, 5.82531213760376, 8.860430717468262]]",shaped,True,True,False,raw,0.9506353826449037,6.7883148193359375,4.5784478187561035,"[4.746975898742676, 4.913427829742432, 8.4700288772583]","[6.216702268402226, 5.4825626588511005, 10.501479777339577]",0.5505414009094238
DiagReachK3,187,KL,RS,raw,shaped,development_DiagReachK3_s187_KL_RS,20,old,True,False,False,False,"[9.465408325195312, 7.689310073852539, 8.679513931274414]","[[9.465408325195312, 6.5718584060668945, 6.222292900085449, 11.721076011657715], [9.550188064575195, 8.159975051879883, 6.473135471343994, 13.533781051635742], [8.679513931274414, 5.222653865814209, 4.510343074798584, 8.73299789428711]]","[[9.465408325195312, 6.5718584060668945, 6.222292900085449, 11.721076011657715], [7.689310073852539, 8.159975051879883, 6.473135471343994, 13.533781051635742], [8.679513931274414, 5.222653865814209, 4.510343074798584, 8.73299789428711]]",shaped,True,True,False,raw,0.7561110106874841,7.230035305023193,4.664588928222656,"[5.516254425048828, 5.74058198928833, 9.844541549682617]","[7.000000137110215, 6.074742167299593, 11.73308312962161]",0.5908050537109375
DiagReachK3,187,KL,RS,raw,shaped,development_DiagReachK3_s187_KL_RS,21,old,True,False,False,False,"[9.454505920410156, 8.184365272521973, 9.26176929473877]","[[9.454505920410156, 6.773805618286133, 6.265342712402344, 11.951717376708984], [9.576544761657715, 7.83928108215332, 6.677712440490723, 13.385180473327637], [9.26176929473877, 5.706159591674805, 5.431458950042725, 10.09043025970459]]","[[9.454505920410156, 6.773805618286133, 6.265342712402344, 11.951717376708984], [8.184365272521973, 7.83928108215332, 6.677712440490723, 13.385180473327637], [9.26176929473877, 5.706159591674805, 5.431458950042725, 10.09043025970459]]",shaped,True,True,False,raw,0.7139788679559621,7.145727634429932,5.726666450500488,"[5.330444812774658, 4.591092586517334, 8.748811721801758]","[6.229342068403849, 5.267356116316625, 10.353836815676647]",0.6108558177947998
DiagReachK3,187,KL,RS,raw,shaped,development_DiagReachK3_s187_KL_RS,22,old,True,False,False,False,"[9.441812515258789, 9.111647605895996, 8.198139190673828]","[[9.441812515258789, 6.74629020690918, 6.205833911895752, 11.887015342712402], [9.54311466217041, 7.165113925933838, 6.712718963623047, 12.793037414550781], [9.293683052062988, 5.441774368286133, 7.2795915603637695, 11.605387687683105]]","[[9.441812515258789, 6.74629020690918, 6.205833911895752, 11.887015342712402], [9.111647605895996, 7.165113925933838, 6.712718963623047, 12.793037414550781], [8.198139190673828, 5.441774368286133, 7.2795915603637695, 11.605387687683105]]",shaped,True,True,False,raw,0.7448421979973976,7.015503883361816,5.8756422996521,"[5.4391303062438965, 4.271292686462402, 8.40315055847168]","[5.94605384492456, 4.9763650878525, 9.60692874837752]",0.5903270244598389
DiagReachK3,187,KL,RS,raw,shaped,development_DiagReachK3_s187_KL_RS,23,old,True,False,False,False,"[9.494563102722168, 9.221256256103516, 8.583917617797852]","[[9.494563102722168, 6.683534145355225, 6.155148029327393, 11.768566131591797], [9.687599182128906, 6.9466552734375, 6.808774948120117, 12.614096641540527], [8.583917617797852, 4.774124622344971, 4.902285575866699, 8.673279762268066]]","[[9.494563102722168, 6.683534145355225, 6.155148029327393, 11.768566131591797], [9.221256256103516, 6.9466552734375, 6.808774948120117, 12.614096641540527], [8.583917617797852, 4.774124622344971, 4.902285575866699, 8.673279762268066]]",shaped,True,True,False,raw,0.8073810811721189,7.836203575134277,3.055346727371216,"[6.552944183349609, 5.807360649108887, 11.150590896606445]","[6.999999790353748, 6.500000029912316, 12.265532234487283]",0.5594041347503662
DiagReachK3,187,KL,RS,raw,shaped,development_DiagReachK3_s187_KL_RS,24,old,True,False,False,False,"[9.44491958618164, 8.207659721374512, 8.660258293151855]","[[9.44491958618164, 6.723320960998535, 6.170308589935303, 11.81977653503418], [9.576462745666504, 7.409739971160889, 7.0421552658081055, 13.352696418762207], [8.660258293151855, 4.9265570640563965, 4.858131408691406, 8.758622169494629]]","[[9.44491958618164, 6.723320960998535, 6.170308589935303, 11.81977653503418], [8.207659721374512, 7.409739971160889, 7.0421552658081055, 13.352696418762207], [8.660258293151855, 4.9265570640563965, 4.858131408691406, 8.758622169494629]]",shaped,True,True,False,raw,0.4572686102607296,7.877625942230225,5.728640556335449,"[6.297992706298828, 5.077788352966309, 10.21826457977295]","[6.775547344796051, 5.743602772835828, 11.353760441994334]",0.6371581554412842
DiagReachK3,187,KL,SR,shaped,raw,development_DiagReachK3_s187_KL_SR,0,old,True,False,False,False,"[8.609407424926758, 8.287338256835938, 8.338728904724121]","[[8.609407424926758, 5.59188175201416, 4.528926849365234, 9.118343353271484], [8.287338256835938, 5.964215278625488, 3.729130268096924, 8.71143627166748], [8.338728904724121, 6.225194931030273, 4.058939456939697, 9.262022018432617]]","[[8.609407424926758, 5.59188175201416, 4.528926849365234, 9.118343353271484], [8.287338256835938, 5.964215278625488, 3.729130268096924, 8.71143627166748], [8.338728904724121, 6.225194931030273, 4.058939456939697, 9.262022018432617]]",raw,True,True,False,shaped,1.5088302925905803,5.203993797302246,5.203993797302246,"[4.237565517425537, 5.660638809204102, 8.544022560119629]","[4.175611487945775, 5.252410380374666, 8.063245929028751]",0.6634106636047363
DiagReachK3,187,KL,SR,shaped,raw,development_DiagReachK3_s187_KL_SR,1,old,True,False,False,False,"[8.56066608428955, 8.067336082458496, 8.33421802520752]","[[8.56066608428955, 5.670962810516357, 4.413515090942383, 9.084866523742676], [8.067336082458496, 4.994361877441406, 3.73075008392334, 7.7380242347717285], [8.33421802520752, 7.005247116088867, 3.722029209136963, 9.745887756347656]]","[[8.56066608428955, 5.670962810516357, 4.413515090942383, 9.084866523742676], [8.067336082458496, 4.994361877441406, 3.73075008392334, 7.7380242347717285], [8.291305541992188, 7.005247116088867, 3.722029209136963, 9.745887756347656]]",raw,True,True,False,shaped,0.6913052410818006,4.793484687805176,4.793484687805176,"[4.69901180267334, 3.7219345569610596, 7.032728672027588]","[3.9826700450885917, 3.0401354262268616, 5.588022194724351]",0.6782333850860596
DiagReachK3,187,KL,SR,shaped,raw,development_DiagReachK3_s187_KL_SR,2,full_PPO,True,True,False,False,"[8.582674026489258, 9.043021202087402, 9.135055541992188]","[[8.582674026489258, 5.73944091796875, 4.31214714050293, 9.05843448638916], [9.043021202087402, 5.64677619934082, 5.195941925048828, 9.819700241088867], [9.135055541992188, 6.2343950271606445, 5.583023548126221, 10.78347110748291]]","[[8.582674026489258, 5.73944091796875, 4.31214714050293, 9.05843448638916], [9.043021202087402, 5.64677619934082, 5.195941925048828, 9.819700241088867], [9.135055541992188, 6.2343950271606445, 5.583023548126221, 10.78347110748291]]",raw,True,True,False,shaped,1.9027522737921587,4.8056721687316895,4.8056721687316895,"[5.186636447906494, 4.594826698303223, 8.634710311889648]","[4.976878814470206, 5.220427977273347, 9.041047413860035]",0.581660270690918
DiagReachK3,187,KL,SR,shaped,raw,development_DiagReachK3_s187_KL_SR,3,joint_KL,False,False,False,False,"[9.156681060791016, 9.406777381896973, 9.502012252807617]","[[9.156681060791016, 6.147426128387451, 5.752144813537598, 10.843489646911621], [9.406777381896973, 6.052951812744141, 6.37554931640625, 11.326315879821777], [9.502012252807617, 6.20713472366333, 6.719458103179932, 11.799013137817383]]","[[9.156681060791016, 6.147426128387451, 5.752144813537598, 10.843489646911621], [9.406777381896973, 6.052951812744141, 6.37554931640625, 11.326315879821777], [9.27888298034668, 6.20713472366333, 6.719458103179932, 11.799013137817383]]",raw,True,True,False,shaped,0.9443270363682708,5.675664901733398,5.675664901733398,"[4.494231224060059, 4.309152126312256, 7.51668643951416]","[4.5898620376774755, 5.009223553733918, 8.416601864096512]",0.850010871887207
DiagReachK3,187,KL,SR,shaped,raw,development_DiagReachK3_s187_KL_SR,4,joint_KL,False,False,False,False,"[9.174493789672852, 9.286142349243164, 9.115217208862305]","[[9.174493789672852, 5.946176052093506, 5.689736843109131, 10.594696044921875], [9.286142349243164, 5.366635322570801, 6.3959808349609375, 10.605451583862305], [9.115217208862305, 5.745204925537109, 5.424084663391113, 10.096894264221191]]","[[9.174493789672852, 5.946176052093506, 5.689736843109131, 10.594696044921875], [9.286142349243164, 5.366635322570801, 6.3959808349609375, 10.605451583862305], [9.115217208862305, 5.745204925537109, 5.424084663391113, 10.096894264221191]]",raw,True,True,False,shaped,1.5688493062099815,5.834200382232666,5.834200382232666,"[5.223328590393066, 5.011449337005615, 8.757448196411133]","[4.507553525275009, 5.034400298201292, 8.149409657652203]",0.5651593208312988
DiagReachK3,187,KL,SR,shaped,raw,development_DiagReachK3_s187_KL_SR,5,old,True,False,False,False,"[9.099298477172852, 8.945518493652344, 9.494956970214844]","[[9.099298477172852, 6.0571160316467285, 5.720010757446289, 10.700139999389648], [8.945518493652344, 7.215620994567871, 5.659651756286621, 11.838502883911133], [9.494956970214844, 6.429920196533203, 7.0515594482421875, 12.320625305175781]]","[[9.099298477172852, 6.0571160316467285, 5.720010757446289, 10.700139999389648], [8.767438888549805, 7.215620994567871, 5.659651756286621, 11.838502883911133], [8.68923568725586, 6.429920196533203, 7.0515594482421875, 12.320625305175781]]",raw,True,True,False,shaped,0.8608801435048681,5.610283851623535,5.610283851623535,"[4.6552019119262695, 4.359433174133301, 7.644491672515869]","[4.879536557644626, 4.659182070046968, 8.263611191676276]",0.5896685123443604
DiagReachK3,187,KL,SR,shaped,raw,development_DiagReachK3_s187_KL_SR,6,old,True,False,False,False,"[9.153660774230957, 8.498706817626953, 8.404829025268555]","[[9.153660774230957, 6.136447429656982, 5.7662553787231445, 10.856348991394043], [8.498706817626953, 5.558799743652344, 4.323927402496338, 8.867025375366211], [8.404829025268555, 4.978296279907227, 4.197900772094727, 8.167349815368652]]","[[9.153660774230957, 6.136447429656982, 5.7662553787231445, 10.856348991394043], [8.498706817626953, 5.558799743652344, 4.323927402496338, 8.867025375366211], [8.404829025268555, 4.978296279907227, 4.197900772094727, 8.167349815368652]]",raw,True,True,False,shaped,4.525169091209461,3.2563071250915527,3.2563071250915527,"[4.4932403564453125, 4.821450233459473, 8.11284065246582]","[3.541669391801145, 3.575239854525748, 5.9050719024215965]",0.6692709922790527
DiagReachK3,187,KL,SR,shaped,raw,development_DiagReachK3_s187_KL_SR,7,old,True,False,False,False,"[9.208138465881348, 9.081175804138184, 9.29104232788086]","[[9.208138465881348, 6.0285186767578125, 5.869429111480713, 10.828680038452148], [9.081175804138184, 7.182406425476074, 5.535314559936523, 11.620254516601562], [9.29104232788086, 6.915268421173096, 5.708588600158691, 11.541492462158203]]","[[9.208138465881348, 6.0285186767578125, 5.869429111480713, 10.828680038452148], [8.950884819030762, 7.182406425476074, 5.535314559936523, 11.620254516601562], [9.277751922607422, 6.915268421173096, 5.708588600158691, 11.541492462158203]]",raw,True,True,False,shaped,0.8410526156246227,6.392430782318115,6.392430782318115,"[4.218092441558838, 4.8650712966918945, 7.79325008392334]","[4.586554876775026, 4.9323001639293045, 8.22100408413028]",0.5970470905303955
DiagReachK3,187,KL,SR,shaped,raw,development_DiagReachK3_s187_KL_SR,8,full_PPO,True,True,False,False,"[9.105920791625977, 9.016302108764648, 9.238909721374512]","[[9.105920791625977, 6.022251605987549, 5.581286907196045, 10.576277732849121], [9.016302108764648, 5.481736183166504, 5.306405067443848, 9.788141250610352], [9.238909721374512, 5.793132781982422, 5.581092834472656, 10.34701156616211]]","[[9.105920791625977, 6.022251605987549, 5.581286907196045, 10.576277732849121], [9.016302108764648, 5.481736183166504, 5.306405067443848, 9.788141250610352], [9.238909721374512, 5.793132781982422, 5.581092834472656, 10.34701156616211]]",raw,True,True,False,shaped,1.9108170976065597,4.743306636810303,4.743306636810303,"[5.472477912902832, 4.350111484527588, 8.416101455688477]","[4.712701559960768, 4.748627305072008, 8.039716659611681]",0.646406888961792
DiagReachK3,187,KL,SR,shaped,raw,development_DiagReachK3_s187_KL_SR,9,joint_KL,True,True,False,False,"[9.283605575561523, 9.45710277557373, 9.267505645751953]","[[9.283605575561523, 5.882611274719238, 5.763569355010986, 10.591796875], [9.45710277557373, 6.700170516967773, 6.306099891662598, 11.897980690002441], [9.267505645751953, 7.091978073120117, 5.721048355102539, 11.776725769042969]]","[[9.283605575561523, 5.882611274719238, 5.763569355010986, 10.591796875], [9.45710277557373, 6.700170516967773, 6.306099891662598, 11.897980690002441], [9.190343856811523, 7.091978073120117, 5.721048355102539, 11.776725769042969]]",raw,True,True,False,shaped,0.7923967798841896,6.1398444175720215,6.1398444175720215,"[4.409338474273682, 4.301288604736328, 7.330044746398926]","[5.368961084107326, 4.542716049449751, 8.71221336840803]",0.6896793842315674
DiagReachK3,187,KL,SR,shaped,raw,development_DiagReachK3_s187_KL_SR,10,old,False,False,False,False,"[9.43852710723877, 9.284775733947754, 8.761817932128906]","[[9.43852710723877, 6.586699962615967, 6.295769691467285, 11.775130271911621], [9.284775733947754, 6.361968040466309, 5.53607177734375, 10.817575454711914], [8.761817932128906, 5.101487636566162, 4.882036209106445, 8.910576820373535]]","[[9.43852710723877, 6.586699962615967, 6.295769691467285, 11.775130271911621], [9.284775733947754, 6.361968040466309, 5.53607177734375, 10.817575454711914], [8.761817932128906, 5.101487636566162, 4.882036209106445, 8.910576820373535]]",raw,True,True,False,shaped,2.9214074175742377,5.5553107261657715,5.5553107261657715,"[5.776812553405762, 5.4063239097595215, 9.980058670043945]","[4.9657063486850195, 4.757721518124528, 8.523458544139602]",0.6131629943847656
DiagReachK3,187,KL,SR,shaped,raw,development_DiagReachK3_s187_KL_SR,11,old,True,False,False,False,"[9.392749786376953, 9.270609855651855, 9.265793800354004]","[[9.392749786376953, 6.6209716796875, 6.310556888580322, 11.820744514465332], [9.270609855651855, 6.516942024230957, 5.9266815185546875, 11.37847900390625], [9.265793800354004, 6.020559310913086, 5.476833343505859, 10.418404579162598]]","[[9.392749786376953, 6.6209716796875, 6.310556888580322, 11.820744514465332], [9.270609855651855, 6.516942024230957, 5.9266815185546875, 11.37847900390625], [9.265793800354004, 6.020559310913086, 5.476833343505859, 10.418404579162598]]",raw,True,True,False,shaped,2.001147276314492,6.158405303955078,6.158405303955078,"[6.072512626647949, 5.260603427886963, 10.15820026397705]","[5.549046112090888, 4.727124140260903, 9.1156181978785]",0.6217291355133057
DiagReachK3,187,KL,SR,shaped,raw,development_DiagReachK3_s187_KL_SR,12,old,True,False,False,False,"[9.433999061584473, 9.388956069946289, 8.824482917785645]","[[9.433999061584473, 6.817616939544678, 6.266393661499023, 11.990943908691406], [9.388956069946289, 5.592700481414795, 6.259418487548828, 10.753802299499512], [8.824482917785645, 4.8140788078308105, 5.460061073303223, 9.189483642578125]]","[[9.433999061584473, 6.817616939544678, 6.266393661499023, 11.990943908691406], [9.388956069946289, 5.592700481414795, 6.259418487548828, 10.753802299499512], [8.824482917785645, 4.8140788078308105, 5.460061073303223, 9.189483642578125]]",raw,True,True,False,shaped,2.139567701792765,5.586548805236816,5.586548805236816,"[5.329677104949951, 4.799394130706787, 8.887105941772461]","[4.5570644752466505, 4.683881015398736, 8.100125555621446]",0.6478898525238037
DiagReachK3,187,KL,SR,shaped,raw,development_DiagReachK3_s187_KL_SR,13,old,True,False,False,False,"[9.435546875, 9.428230285644531, 9.025896072387695]","[[9.435546875, 6.6282453536987305, 6.204402923583984, 11.729429244995117], [9.428230285644531, 6.630566596984863, 5.679264068603516, 11.203447341918945], [9.025896072387695, 5.192924499511719, 5.3953680992126465, 9.510690689086914]]","[[9.435546875, 6.6282453536987305, 6.204402923583984, 11.729429244995117], [9.428230285644531, 6.630566596984863, 5.679264068603516, 11.203447341918945], [9.025896072387695, 5.192924499511719, 5.3953680992126465, 9.510690689086914]]",raw,True,True,False,shaped,0.7637032447274423,6.0682830810546875,6.0682830810546875,"[5.796988010406494, 5.7508649826049805, 10.290237426757812]","[6.069805668099065, 5.101436347669968, 9.934132161656638]",0.6050112247467041
DiagReachK3,187,KL,SR,shaped,raw,development_DiagReachK3_s187_KL_SR,14,old,True,False,False,False,"[9.424259185791016, 9.36497974395752, 9.312891006469727]","[[9.424259185791016, 6.740389347076416, 6.303447246551514, 11.936446189880371], [9.36497974395752, 6.082469940185547, 6.114335060119629, 11.163843154907227], [9.312891006469727, 6.31594705581665, 5.151498794555664, 10.413908958435059]]","[[9.424259185791016, 6.740389347076416, 6.303447246551514, 11.936446189880371], [9.36497974395752, 6.082469940185547, 6.114335060119629, 11.163843154907227], [9.312891006469727, 6.31594705581665, 5.151498794555664, 10.413908958435059]]",raw,True,True,False,shaped,0.9100431903495558,5.517648220062256,5.517648220062256,"[5.44540548324585, 4.759430408477783, 8.996383666992188]","[4.68616197297456, 4.447490994144569, 7.94985998833822]",0.6805710792541504
DiagReachK3,187,KL,SR,shaped,raw,development_DiagReachK3_s187_KL_SR,15,old,False,False,False,False,"[9.453083038330078, 9.246845245361328, 9.160536766052246]","[[9.453083038330078, 6.694921970367432, 6.302107334136963, 11.899347305297852], [9.246845245361328, 6.774936676025391, 5.623892307281494, 11.294410705566406], [9.160536766052246, 6.776443958282471, 5.111189365386963, 10.852924346923828]]","[[9.453083038330078, 6.694921970367432, 6.302107334136963, 11.899347305297852], [9.246845245361328, 6.774936676025391, 5.623892307281494, 11.294410705566406], [9.160536766052246, 6.776443958282471, 5.111189365386963, 10.852924346923828]]",raw,True,True,False,shaped,1.1929059928156207,6.0402936935424805,6.0402936935424805,"[5.040480613708496, 5.871102333068848, 9.677767753601074]","[4.898012771039997, 5.077339993761735, 8.706295820355853]",0.5789675712585449
DiagReachK3,187,KL,SR,shaped,raw,development_DiagReachK3_s187_KL_SR,16,old,False,False,False,False,"[9.40262508392334, 9.240671157836914, 9.183852195739746]","[[9.40262508392334, 6.7101898193359375, 6.173381805419922, 11.787174224853516], [9.240671157836914, 5.970088005065918, 5.248049736022949, 10.167364120483398], [9.183852195739746, 5.649585723876953, 5.253071308135986, 9.841480255126953]]","[[9.40262508392334, 6.7101898193359375, 6.173381805419922, 11.787174224853516], [9.240671157836914, 5.970088005065918, 5.248049736022949, 10.167364120483398], [9.183852195739746, 5.649585723876953, 5.253071308135986, 9.841480255126953]]",raw,True,True,False,shaped,3.062857815471208,5.161158561706543,5.161158561706543,"[6.121702671051025, 4.9326701164245605, 9.84257984161377]","[5.362767104190804, 3.8432223270354213, 7.994505902678698]",0.6399805545806885
DiagReachK3,187,KL,SR,shaped,raw,development_DiagReachK3_s187_KL_SR,17,old,True,False,False,False,"[9.458819389343262, 9.085132598876953, 8.558286666870117]","[[9.458819389343262, 6.654158592224121, 6.281641006469727, 11.827516555786133], [9.085132598876953, 6.326814651489258, 5.082799911499023, 10.37887191772461], [8.558286666870117, 5.628495693206787, 3.8522229194641113, 8.480718612670898]]","[[9.458819389343262, 6.654158592224121, 6.281641006469727, 11.827516555786133], [9.085132598876953, 6.326814651489258, 5.082799911499023, 10.37887191772461], [8.558286666870117, 5.628495693206787, 3.8522229194641113, 8.480718612670898]]",raw,True,True,False,shaped,1.9365291355936762,5.626326560974121,5.626326560974121,"[5.205937385559082, 5.3550519943237305, 9.37486743927002]","[4.684629485101866, 3.940347391425843, 7.47648689630158]",0.7142801284790039
DiagReachK3,187,KL,SR,shaped,raw,development_DiagReachK3_s187_KL_SR,18,joint_KL,False,False,False,False,"[9.414239883422852, 9.271327018737793, 9.561405181884766]","[[9.414239883422852, 6.820065498352051, 6.2464728355407715, 11.953227996826172], [9.271327018737793, 6.322267532348633, 5.72963285446167, 10.941749572753906], [9.561405181884766, 6.1269121170043945, 6.618149757385254, 11.590361595153809]]","[[9.386882781982422, 6.820065498352051, 6.2464728355407715, 11.953227996826172], [9.271327018737793, 6.322267532348633, 5.72963285446167, 10.941749572753906], [9.439168930053711, 6.1269121170043945, 6.618149757385254, 11.590361595153809]]",raw,True,True,False,shaped,1.1812021893838311,5.644162178039551,5.644162178039551,"[5.124335289001465, 4.722451210021973, 8.63683795928955]","[4.79118896859224, 4.514711863899788, 8.120795781525999]",0.6164546012878418
DiagReachK3,187,KL,SR,shaped,raw,development_DiagReachK3_s187_KL_SR,19,old,False,False,False,False,"[9.388002395629883, 9.320241928100586, 9.261422157287598]","[[9.388002395629883, 6.852714538574219, 6.3297343254089355, 12.067886352539062], [9.320241928100586, 6.294594764709473, 6.15778923034668, 11.360082626342773], [9.261422157287598, 5.211394786834717, 6.432750701904297, 10.498390197753906]]","[[9.388002395629883, 6.852714538574219, 6.3297343254089355, 12.067886352539062], [9.320241928100586, 6.294594764709473, 6.15778923034668, 11.360082626342773], [9.253374099731445, 5.211394786834717, 6.432750701904297, 10.498390197753906]]",raw,True,True,False,shaped,1.3779739354770253,6.1670002937316895,6.1670002937316895,"[5.388157367706299, 5.08388614654541, 9.33078670501709]","[5.079277950372222, 5.119389645769969, 9.061604452562563]",0.61751389503479
DiagReachK3,187,KL,SR,shaped,raw,development_DiagReachK3_s187_KL_SR,20,joint_KL,False,False,False,False,"[9.438714981079102, 8.985588073730469, 8.54283332824707]","[[9.438714981079102, 6.626651287078857, 6.327981472015381, 11.844284057617188], [8.985588073730469, 5.048684120178223, 5.337604522705078, 9.297229766845703], [8.54283332824707, 4.379431247711182, 5.207214832305908, 8.479049682617188]]","[[9.435640335083008, 6.626651287078857, 6.327981472015381, 11.844284057617188], [8.985588073730469, 5.048684120178223, 5.337604522705078, 9.297229766845703], [8.54283332824707, 4.379431247711182, 5.207214832305908, 8.479049682617188]]",raw,True,True,False,shaped,1.3403293366330213,6.120869159698486,6.120869159698486,"[5.173980712890625, 4.7267303466796875, 8.7544527053833]","[4.173038946352463, 4.237499325144045, 7.265334088779079]",0.5659523010253906
DiagReachK3,187,KL,SR,shaped,raw,development_DiagReachK3_s187_KL_SR,21,full_PPO,True,True,False,False,"[9.425580978393555, 9.387319564819336, 9.062041282653809]","[[9.425580978393555, 6.812802314758301, 6.384678363800049, 12.07310676574707], [9.387319564819336, 7.016882419586182, 5.873902320861816, 11.788158416748047], [9.062041282653809, 6.855654716491699, 4.910788536071777, 10.68377685546875]]","[[9.416961669921875, 6.812802314758301, 6.384678363800049, 12.07310676574707], [9.356935501098633, 7.016882419586182, 5.873902320861816, 11.788158416748047], [9.062041282653809, 6.855654716491699, 4.910788536071777, 10.68377685546875]]",raw,True,True,False,shaped,1.792035627631129,5.614018440246582,5.614018440246582,"[4.609768390655518, 4.932695388793945, 8.184879302978516]","[4.600168568861439, 4.205558935604062, 7.485783265136283]",0.6227407455444336
DiagReachK3,187,KL,SR,shaped,raw,development_DiagReachK3_s187_KL_SR,22,full_PPO,True,True,False,False,"[9.049812316894531, 9.083826065063477, 9.43582534790039]","[[9.049812316894531, 6.835477352142334, 4.857975482940674, 10.630630493164062], [9.083826065063477, 6.361344814300537, 5.068197727203369, 10.335729598999023], [9.43582534790039, 5.921391487121582, 6.0625481605529785, 10.85307788848877]]","[[9.049812316894531, 6.835477352142334, 4.857975482940674, 10.630630493164062], [9.083826065063477, 6.361344814300537, 5.068197727203369, 10.335729598999023], [9.43582534790039, 5.921391487121582, 6.0625481605529785, 10.85307788848877]]",raw,True,True,False,shaped,0.8586116747940384,6.4029364585876465,6.4029364585876465,"[6.0912766456604, 3.942546844482422, 8.869356155395508]","[5.554630666161822, 3.8911727904267996, 8.273974275412835]",0.6885449886322021
DiagReachK3,187,KL,SR,shaped,raw,development_DiagReachK3_s187_KL_SR,23,old,True,False,False,False,"[9.421867370605469, 9.388280868530273, 8.432279586791992]","[[9.421867370605469, 5.870841026306152, 6.019837856292725, 10.740735054016113], [9.388280868530273, 5.729101181030273, 6.357213973999023, 10.96117877960205], [8.432279586791992, 5.288984298706055, 4.393102645874023, 8.60472297668457]]","[[9.421867370605469, 5.870841026306152, 6.019837856292725, 10.740735054016113], [9.388280868530273, 5.729101181030273, 6.357213973999023, 10.96117877960205], [8.432279586791992, 5.288984298706055, 4.393102645874023, 8.60472297668457]]",raw,True,True,False,shaped,1.1994781270953794,6.526480674743652,6.526480674743652,"[6.076567649841309, 5.275669097900391, 10.155349731445312]","[5.663275947743742, 5.328987515773818, 9.861729011018799]",0.621147871017456
DiagReachK3,187,KL,SR,shaped,raw,development_DiagReachK3_s187_KL_SR,24,old,True,False,False,False,"[9.44163990020752, 9.155969619750977, 8.289478302001953]","[[9.44163990020752, 5.906239986419678, 6.0296173095703125, 10.783174514770508], [9.155969619750977, 5.23466682434082, 5.852043151855469, 9.92544174194336], [8.289478302001953, 4.692910194396973, 4.717921733856201, 8.294857025146484]]","[[9.44163990020752, 5.906239986419678, 6.0296173095703125, 10.783174514770508], [9.155969619750977, 5.23466682434082, 5.852043151855469, 9.92544174194336], [8.289478302001953, 4.692910194396973, 4.717921733856201, 8.294857025146484]]",raw,True,True,False,shaped,2.791577039435125,5.69521951675415,5.69521951675415,"[5.239994525909424, 5.175612449645996, 9.06321907043457]","[4.0503198224383965, 4.49685279340784, 7.120090251880857]",0.7169435024261475
DiagReachK3,187,KL,SS,shaped,shaped,development_DiagReachK3_s187_KL_SS,0,old,True,False,False,False,"[8.609407424926758, 8.287338256835938, 8.338728904724121]","[[8.609407424926758, 5.59188175201416, 4.528926849365234, 9.118343353271484], [8.287338256835938, 5.964215278625488, 3.729130268096924, 8.71143627166748], [8.338728904724121, 6.225194931030273, 4.058939456939697, 9.262022018432617]]","[[8.609407424926758, 5.59188175201416, 4.528926849365234, 9.118343353271484], [8.287338256835938, 5.964215278625488, 3.729130268096924, 8.71143627166748], [8.338728904724121, 6.225194931030273, 4.058939456939697, 9.262022018432617]]",shaped,True,True,False,shaped,1.5088302925905803,5.203993797302246,5.203993797302246,"[4.237565517425537, 5.660638809204102, 8.544022560119629]","[4.175611487945775, 5.252410380374666, 8.063245929028751]",0.629561185836792
DiagReachK3,187,KL,SS,shaped,shaped,development_DiagReachK3_s187_KL_SS,1,old,True,False,False,False,"[8.56066608428955, 8.067336082458496, 8.291305541992188]","[[8.56066608428955, 5.670962810516357, 4.413515090942383, 9.084866523742676], [8.067336082458496, 4.994361877441406, 3.73075008392334, 7.7380242347717285], [8.33421802520752, 7.005247116088867, 3.722029209136963, 9.745887756347656]]","[[8.56066608428955, 5.670962810516357, 4.413515090942383, 9.084866523742676], [8.067336082458496, 4.994361877441406, 3.73075008392334, 7.7380242347717285], [8.291305541992188, 7.005247116088867, 3.722029209136963, 9.745887756347656]]",shaped,True,True,False,shaped,0.6913052410818006,4.793484687805176,4.793484687805176,"[4.69901180267334, 3.7219345569610596, 7.032728672027588]","[3.9826700450885917, 3.0401354262268616, 5.588022194724351]",0.7371854782104492
DiagReachK3,187,KL,SS,shaped,shaped,development_DiagReachK3_s187_KL_SS,2,full_PPO,True,True,False,False,"[8.582674026489258, 9.043021202087402, 9.135055541992188]","[[8.582674026489258, 5.73944091796875, 4.31214714050293, 9.05843448638916], [9.043021202087402, 5.64677619934082, 5.195941925048828, 9.819700241088867], [9.135055541992188, 6.2343950271606445, 5.583023548126221, 10.78347110748291]]","[[8.582674026489258, 5.73944091796875, 4.31214714050293, 9.05843448638916], [9.043021202087402, 5.64677619934082, 5.195941925048828, 9.819700241088867], [9.135055541992188, 6.2343950271606445, 5.583023548126221, 10.78347110748291]]",shaped,True,True,False,shaped,1.9027522737921587,4.8056721687316895,4.8056721687316895,"[5.186636447906494, 4.594826698303223, 8.634710311889648]","[4.976878814470206, 5.220427977273347, 9.041047413860035]",0.5981504917144775
DiagReachK3,187,KL,SS,shaped,shaped,development_DiagReachK3_s187_KL_SS,3,joint_KL,False,False,False,False,"[9.156681060791016, 9.406777381896973, 9.27888298034668]","[[9.156681060791016, 6.147426128387451, 5.752144813537598, 10.843489646911621], [9.406777381896973, 6.052951812744141, 6.37554931640625, 11.326315879821777], [9.502012252807617, 6.20713472366333, 6.719458103179932, 11.799013137817383]]","[[9.156681060791016, 6.147426128387451, 5.752144813537598, 10.843489646911621], [9.406777381896973, 6.052951812744141, 6.37554931640625, 11.326315879821777], [9.27888298034668, 6.20713472366333, 6.719458103179932, 11.799013137817383]]",shaped,True,True,False,shaped,0.9443270363682708,5.675664901733398,5.675664901733398,"[4.494231224060059, 4.309152126312256, 7.51668643951416]","[4.5898620376774755, 5.009223553733918, 8.416601864096512]",0.6620264053344727
DiagReachK3,187,KL,SS,shaped,shaped,development_DiagReachK3_s187_KL_SS,4,joint_KL,False,False,False,False,"[9.174493789672852, 9.286142349243164, 9.115217208862305]","[[9.174493789672852, 5.946176052093506, 5.689736843109131, 10.594696044921875], [9.286142349243164, 5.366635322570801, 6.3959808349609375, 10.605451583862305], [9.115217208862305, 5.745204925537109, 5.424084663391113, 10.096894264221191]]","[[9.174493789672852, 5.946176052093506, 5.689736843109131, 10.594696044921875], [9.286142349243164, 5.366635322570801, 6.3959808349609375, 10.605451583862305], [9.115217208862305, 5.745204925537109, 5.424084663391113, 10.096894264221191]]",shaped,True,True,False,shaped,1.5688493062099815,5.834200382232666,5.834200382232666,"[5.223328590393066, 5.011449337005615, 8.757448196411133]","[4.507553525275009, 5.034400298201292, 8.149409657652203]",0.5770158767700195
DiagReachK3,187,KL,SS,shaped,shaped,development_DiagReachK3_s187_KL_SS,5,old,True,False,False,False,"[9.099298477172852, 8.767438888549805, 8.68923568725586]","[[9.099298477172852, 6.0571160316467285, 5.720010757446289, 10.700139999389648], [8.945518493652344, 7.215620994567871, 5.659651756286621, 11.838502883911133], [9.494956970214844, 6.429920196533203, 7.0515594482421875, 12.320625305175781]]","[[9.099298477172852, 6.0571160316467285, 5.720010757446289, 10.700139999389648], [8.767438888549805, 7.215620994567871, 5.659651756286621, 11.838502883911133], [8.68923568725586, 6.429920196533203, 7.0515594482421875, 12.320625305175781]]",shaped,True,True,False,shaped,0.8608801435048681,5.610283851623535,5.610283851623535,"[4.6552019119262695, 4.359433174133301, 7.644491672515869]","[4.879536557644626, 4.659182070046968, 8.263611191676276]",0.5914626121520996
DiagReachK3,187,KL,SS,shaped,shaped,development_DiagReachK3_s187_KL_SS,6,old,True,False,False,False,"[9.153660774230957, 8.498706817626953, 8.404829025268555]","[[9.153660774230957, 6.136447429656982, 5.7662553787231445, 10.856348991394043], [8.498706817626953, 5.558799743652344, 4.323927402496338, 8.867025375366211], [8.404829025268555, 4.978296279907227, 4.197900772094727, 8.167349815368652]]","[[9.153660774230957, 6.136447429656982, 5.7662553787231445, 10.856348991394043], [8.498706817626953, 5.558799743652344, 4.323927402496338, 8.867025375366211], [8.404829025268555, 4.978296279907227, 4.197900772094727, 8.167349815368652]]",shaped,True,True,False,shaped,4.525169091209461,3.2563071250915527,3.2563071250915527,"[4.4932403564453125, 4.821450233459473, 8.11284065246582]","[3.541669391801145, 3.575239854525748, 5.9050719024215965]",0.6569778919219971
DiagReachK3,187,KL,SS,shaped,shaped,development_DiagReachK3_s187_KL_SS,7,old,True,False,False,False,"[9.208138465881348, 8.950884819030762, 9.277751922607422]","[[9.208138465881348, 6.0285186767578125, 5.869429111480713, 10.828680038452148], [9.081175804138184, 7.182406425476074, 5.535314559936523, 11.620254516601562], [9.29104232788086, 6.915268421173096, 5.708588600158691, 11.541492462158203]]","[[9.208138465881348, 6.0285186767578125, 5.869429111480713, 10.828680038452148], [8.950884819030762, 7.182406425476074, 5.535314559936523, 11.620254516601562], [9.277751922607422, 6.915268421173096, 5.708588600158691, 11.541492462158203]]",shaped,True,True,False,shaped,0.8410526156246227,6.392430782318115,6.392430782318115,"[4.218092441558838, 4.8650712966918945, 7.79325008392334]","[4.586554876775026, 4.9323001639293045, 8.22100408413028]",0.5655004978179932
DiagReachK3,187,KL,SS,shaped,shaped,development_DiagReachK3_s187_KL_SS,8,full_PPO,True,True,False,False,"[9.105920791625977, 9.016302108764648, 9.238909721374512]","[[9.105920791625977, 6.022251605987549, 5.581286907196045, 10.576277732849121], [9.016302108764648, 5.481736183166504, 5.306405067443848, 9.788141250610352], [9.238909721374512, 5.793132781982422, 5.581092834472656, 10.34701156616211]]","[[9.105920791625977, 6.022251605987549, 5.581286907196045, 10.576277732849121], [9.016302108764648, 5.481736183166504, 5.306405067443848, 9.788141250610352], [9.238909721374512, 5.793132781982422, 5.581092834472656, 10.34701156616211]]",shaped,True,True,False,shaped,1.9108170976065597,4.743306636810303,4.743306636810303,"[5.472477912902832, 4.350111484527588, 8.416101455688477]","[4.712701559960768, 4.748627305072008, 8.039716659611681]",0.6055047512054443
DiagReachK3,187,KL,SS,shaped,shaped,development_DiagReachK3_s187_KL_SS,9,joint_KL,True,True,False,False,"[9.283605575561523, 9.45710277557373, 9.190343856811523]","[[9.283605575561523, 5.882611274719238, 5.763569355010986, 10.591796875], [9.45710277557373, 6.700170516967773, 6.306099891662598, 11.897980690002441], [9.267505645751953, 7.091978073120117, 5.721048355102539, 11.776725769042969]]","[[9.283605575561523, 5.882611274719238, 5.763569355010986, 10.591796875], [9.45710277557373, 6.700170516967773, 6.306099891662598, 11.897980690002441], [9.190343856811523, 7.091978073120117, 5.721048355102539, 11.776725769042969]]",shaped,True,True,False,shaped,0.7923967798841896,6.1398444175720215,6.1398444175720215,"[4.409338474273682, 4.301288604736328, 7.330044746398926]","[5.368961084107326, 4.542716049449751, 8.71221336840803]",0.5896787643432617
DiagReachK3,187,KL,SS,shaped,shaped,development_DiagReachK3_s187_KL_SS,10,old,False,False,False,False,"[9.43852710723877, 9.284775733947754, 8.761817932128906]","[[9.43852710723877, 6.586699962615967, 6.295769691467285, 11.775130271911621], [9.284775733947754, 6.361968040466309, 5.53607177734375, 10.817575454711914], [8.761817932128906, 5.101487636566162, 4.882036209106445, 8.910576820373535]]","[[9.43852710723877, 6.586699962615967, 6.295769691467285, 11.775130271911621], [9.284775733947754, 6.361968040466309, 5.53607177734375, 10.817575454711914], [8.761817932128906, 5.101487636566162, 4.882036209106445, 8.910576820373535]]",shaped,True,True,False,shaped,2.9214074175742377,5.5553107261657715,5.5553107261657715,"[5.776812553405762, 5.4063239097595215, 9.980058670043945]","[4.9657063486850195, 4.757721518124528, 8.523458544139602]",0.6459434032440186
DiagReachK3,187,KL,SS,shaped,shaped,development_DiagReachK3_s187_KL_SS,11,old,True,False,False,False,"[9.392749786376953, 9.270609855651855, 9.265793800354004]","[[9.392749786376953, 6.6209716796875, 6.310556888580322, 11.820744514465332], [9.270609855651855, 6.516942024230957, 5.9266815185546875, 11.37847900390625], [9.265793800354004, 6.020559310913086, 5.476833343505859, 10.418404579162598]]","[[9.392749786376953, 6.6209716796875, 6.310556888580322, 11.820744514465332], [9.270609855651855, 6.516942024230957, 5.9266815185546875, 11.37847900390625], [9.265793800354004, 6.020559310913086, 5.476833343505859, 10.418404579162598]]",shaped,True,True,False,shaped,2.001147276314492,6.158405303955078,6.158405303955078,"[6.072512626647949, 5.260603427886963, 10.15820026397705]","[5.549046112090888, 4.727124140260903, 9.1156181978785]",0.658379316329956
DiagReachK3,187,KL,SS,shaped,shaped,development_DiagReachK3_s187_KL_SS,12,old,True,False,False,False,"[9.433999061584473, 9.388956069946289, 8.824482917785645]","[[9.433999061584473, 6.817616939544678, 6.266393661499023, 11.990943908691406], [9.388956069946289, 5.592700481414795, 6.259418487548828, 10.753802299499512], [8.824482917785645, 4.8140788078308105, 5.460061073303223, 9.189483642578125]]","[[9.433999061584473, 6.817616939544678, 6.266393661499023, 11.990943908691406], [9.388956069946289, 5.592700481414795, 6.259418487548828, 10.753802299499512], [8.824482917785645, 4.8140788078308105, 5.460061073303223, 9.189483642578125]]",shaped,True,True,False,shaped,2.139567701792765,5.586548805236816,5.586548805236816,"[5.329677104949951, 4.799394130706787, 8.887105941772461]","[4.5570644752466505, 4.683881015398736, 8.100125555621446]",0.6643469333648682
DiagReachK3,187,KL,SS,shaped,shaped,development_DiagReachK3_s187_KL_SS,13,old,True,False,False,False,"[9.435546875, 9.428230285644531, 9.025896072387695]","[[9.435546875, 6.6282453536987305, 6.204402923583984, 11.729429244995117], [9.428230285644531, 6.630566596984863, 5.679264068603516, 11.203447341918945], [9.025896072387695, 5.192924499511719, 5.3953680992126465, 9.510690689086914]]","[[9.435546875, 6.6282453536987305, 6.204402923583984, 11.729429244995117], [9.428230285644531, 6.630566596984863, 5.679264068603516, 11.203447341918945], [9.025896072387695, 5.192924499511719, 5.3953680992126465, 9.510690689086914]]",shaped,True,True,False,shaped,0.7637032447274423,6.0682830810546875,6.0682830810546875,"[5.796988010406494, 5.7508649826049805, 10.290237426757812]","[6.069805668099065, 5.101436347669968, 9.934132161656638]",0.6154863834381104
DiagReachK3,187,KL,SS,shaped,shaped,development_DiagReachK3_s187_KL_SS,14,old,True,False,False,False,"[9.424259185791016, 9.36497974395752, 9.312891006469727]","[[9.424259185791016, 6.740389347076416, 6.303447246551514, 11.936446189880371], [9.36497974395752, 6.082469940185547, 6.114335060119629, 11.163843154907227], [9.312891006469727, 6.31594705581665, 5.151498794555664, 10.413908958435059]]","[[9.424259185791016, 6.740389347076416, 6.303447246551514, 11.936446189880371], [9.36497974395752, 6.082469940185547, 6.114335060119629, 11.163843154907227], [9.312891006469727, 6.31594705581665, 5.151498794555664, 10.413908958435059]]",shaped,True,True,False,shaped,0.9100431903495558,5.517648220062256,5.517648220062256,"[5.44540548324585, 4.759430408477783, 8.996383666992188]","[4.68616197297456, 4.447490994144569, 7.94985998833822]",0.6329264640808105
DiagReachK3,187,KL,SS,shaped,shaped,development_DiagReachK3_s187_KL_SS,15,old,False,False,False,False,"[9.453083038330078, 9.246845245361328, 9.160536766052246]","[[9.453083038330078, 6.694921970367432, 6.302107334136963, 11.899347305297852], [9.246845245361328, 6.774936676025391, 5.623892307281494, 11.294410705566406], [9.160536766052246, 6.776443958282471, 5.111189365386963, 10.852924346923828]]","[[9.453083038330078, 6.694921970367432, 6.302107334136963, 11.899347305297852], [9.246845245361328, 6.774936676025391, 5.623892307281494, 11.294410705566406], [9.160536766052246, 6.776443958282471, 5.111189365386963, 10.852924346923828]]",shaped,True,True,False,shaped,1.1929059928156207,6.0402936935424805,6.0402936935424805,"[5.040480613708496, 5.871102333068848, 9.677767753601074]","[4.898012771039997, 5.077339993761735, 8.706295820355853]",0.6023032665252686
DiagReachK3,187,KL,SS,shaped,shaped,development_DiagReachK3_s187_KL_SS,16,old,False,False,False,False,"[9.40262508392334, 9.240671157836914, 9.183852195739746]","[[9.40262508392334, 6.7101898193359375, 6.173381805419922, 11.787174224853516], [9.240671157836914, 5.970088005065918, 5.248049736022949, 10.167364120483398], [9.183852195739746, 5.649585723876953, 5.253071308135986, 9.841480255126953]]","[[9.40262508392334, 6.7101898193359375, 6.173381805419922, 11.787174224853516], [9.240671157836914, 5.970088005065918, 5.248049736022949, 10.167364120483398], [9.183852195739746, 5.649585723876953, 5.253071308135986, 9.841480255126953]]",shaped,True,True,False,shaped,3.062857815471208,5.161158561706543,5.161158561706543,"[6.121702671051025, 4.9326701164245605, 9.84257984161377]","[5.362767104190804, 3.8432223270354213, 7.994505902678698]",0.5951409339904785
DiagReachK3,187,KL,SS,shaped,shaped,development_DiagReachK3_s187_KL_SS,17,old,True,False,False,False,"[9.458819389343262, 9.085132598876953, 8.558286666870117]","[[9.458819389343262, 6.654158592224121, 6.281641006469727, 11.827516555786133], [9.085132598876953, 6.326814651489258, 5.082799911499023, 10.37887191772461], [8.558286666870117, 5.628495693206787, 3.8522229194641113, 8.480718612670898]]","[[9.458819389343262, 6.654158592224121, 6.281641006469727, 11.827516555786133], [9.085132598876953, 6.326814651489258, 5.082799911499023, 10.37887191772461], [8.558286666870117, 5.628495693206787, 3.8522229194641113, 8.480718612670898]]",shaped,True,True,False,shaped,1.9365291355936762,5.626326560974121,5.626326560974121,"[5.205937385559082, 5.3550519943237305, 9.37486743927002]","[4.684629485101866, 3.940347391425843, 7.47648689630158]",0.6239941120147705
DiagReachK3,187,KL,SS,shaped,shaped,development_DiagReachK3_s187_KL_SS,18,joint_KL,False,False,False,False,"[9.386882781982422, 9.271327018737793, 9.439168930053711]","[[9.414239883422852, 6.820065498352051, 6.2464728355407715, 11.953227996826172], [9.271327018737793, 6.322267532348633, 5.72963285446167, 10.941749572753906], [9.561405181884766, 6.1269121170043945, 6.618149757385254, 11.590361595153809]]","[[9.386882781982422, 6.820065498352051, 6.2464728355407715, 11.953227996826172], [9.271327018737793, 6.322267532348633, 5.72963285446167, 10.941749572753906], [9.439168930053711, 6.1269121170043945, 6.618149757385254, 11.590361595153809]]",shaped,True,True,False,shaped,1.1812021893838311,5.644162178039551,5.644162178039551,"[5.124335289001465, 4.722451210021973, 8.63683795928955]","[4.79118896859224, 4.514711863899788, 8.120795781525999]",0.6721096038818359
DiagReachK3,187,KL,SS,shaped,shaped,development_DiagReachK3_s187_KL_SS,19,old,False,False,False,False,"[9.388002395629883, 9.320241928100586, 9.253374099731445]","[[9.388002395629883, 6.852714538574219, 6.3297343254089355, 12.067886352539062], [9.320241928100586, 6.294594764709473, 6.15778923034668, 11.360082626342773], [9.261422157287598, 5.211394786834717, 6.432750701904297, 10.498390197753906]]","[[9.388002395629883, 6.852714538574219, 6.3297343254089355, 12.067886352539062], [9.320241928100586, 6.294594764709473, 6.15778923034668, 11.360082626342773], [9.253374099731445, 5.211394786834717, 6.432750701904297, 10.498390197753906]]",shaped,True,True,False,shaped,1.3779739354770253,6.1670002937316895,6.1670002937316895,"[5.388157367706299, 5.08388614654541, 9.33078670501709]","[5.079277950372222, 5.119389645769969, 9.061604452562563]",0.6368980407714844
DiagReachK3,187,KL,SS,shaped,shaped,development_DiagReachK3_s187_KL_SS,20,joint_KL,False,False,False,False,"[9.435640335083008, 8.985588073730469, 8.54283332824707]","[[9.438714981079102, 6.626651287078857, 6.327981472015381, 11.844284057617188], [8.985588073730469, 5.048684120178223, 5.337604522705078, 9.297229766845703], [8.54283332824707, 4.379431247711182, 5.207214832305908, 8.479049682617188]]","[[9.435640335083008, 6.626651287078857, 6.327981472015381, 11.844284057617188], [8.985588073730469, 5.048684120178223, 5.337604522705078, 9.297229766845703], [8.54283332824707, 4.379431247711182, 5.207214832305908, 8.479049682617188]]",shaped,True,True,False,shaped,1.3403293366330213,6.120869159698486,6.120869159698486,"[5.173980712890625, 4.7267303466796875, 8.7544527053833]","[4.173038946352463, 4.237499325144045, 7.265334088779079]",0.5708374977111816
DiagReachK3,187,KL,SS,shaped,shaped,development_DiagReachK3_s187_KL_SS,21,full_PPO,True,True,False,False,"[9.416961669921875, 9.356935501098633, 9.062041282653809]","[[9.425580978393555, 6.812802314758301, 6.384678363800049, 12.07310676574707], [9.387319564819336, 7.016882419586182, 5.873902320861816, 11.788158416748047], [9.062041282653809, 6.855654716491699, 4.910788536071777, 10.68377685546875]]","[[9.416961669921875, 6.812802314758301, 6.384678363800049, 12.07310676574707], [9.356935501098633, 7.016882419586182, 5.873902320861816, 11.788158416748047], [9.062041282653809, 6.855654716491699, 4.910788536071777, 10.68377685546875]]",shaped,True,True,False,shaped,1.792035627631129,5.614018440246582,5.614018440246582,"[4.609768390655518, 4.932695388793945, 8.184879302978516]","[4.600168568861439, 4.205558935604062, 7.485783265136283]",0.6274826526641846
DiagReachK3,187,KL,SS,shaped,shaped,development_DiagReachK3_s187_KL_SS,22,full_PPO,True,True,False,False,"[9.049812316894531, 9.083826065063477, 9.43582534790039]","[[9.049812316894531, 6.835477352142334, 4.857975482940674, 10.630630493164062], [9.083826065063477, 6.361344814300537, 5.068197727203369, 10.335729598999023], [9.43582534790039, 5.921391487121582, 6.0625481605529785, 10.85307788848877]]","[[9.049812316894531, 6.835477352142334, 4.857975482940674, 10.630630493164062], [9.083826065063477, 6.361344814300537, 5.068197727203369, 10.335729598999023], [9.43582534790039, 5.921391487121582, 6.0625481605529785, 10.85307788848877]]",shaped,True,True,False,shaped,0.8586116747940384,6.4029364585876465,6.4029364585876465,"[6.0912766456604, 3.942546844482422, 8.869356155395508]","[5.554630666161822, 3.8911727904267996, 8.273974275412835]",0.5254738330841064
DiagReachK3,187,KL,SS,shaped,shaped,development_DiagReachK3_s187_KL_SS,23,old,True,False,False,False,"[9.421867370605469, 9.388280868530273, 8.432279586791992]","[[9.421867370605469, 5.870841026306152, 6.019837856292725, 10.740735054016113], [9.388280868530273, 5.729101181030273, 6.357213973999023, 10.96117877960205], [8.432279586791992, 5.288984298706055, 4.393102645874023, 8.60472297668457]]","[[9.421867370605469, 5.870841026306152, 6.019837856292725, 10.740735054016113], [9.388280868530273, 5.729101181030273, 6.357213973999023, 10.96117877960205], [8.432279586791992, 5.288984298706055, 4.393102645874023, 8.60472297668457]]",shaped,True,True,False,shaped,1.1994781270953794,6.526480674743652,6.526480674743652,"[6.076567649841309, 5.275669097900391, 10.155349731445312]","[5.663275947743742, 5.328987515773818, 9.861729011018799]",0.6198911666870117
DiagReachK3,187,KL,SS,shaped,shaped,development_DiagReachK3_s187_KL_SS,24,old,True,False,False,False,"[9.44163990020752, 9.155969619750977, 8.289478302001953]","[[9.44163990020752, 5.906239986419678, 6.0296173095703125, 10.783174514770508], [9.155969619750977, 5.23466682434082, 5.852043151855469, 9.92544174194336], [8.289478302001953, 4.692910194396973, 4.717921733856201, 8.294857025146484]]","[[9.44163990020752, 5.906239986419678, 6.0296173095703125, 10.783174514770508], [9.155969619750977, 5.23466682434082, 5.852043151855469, 9.92544174194336], [8.289478302001953, 4.692910194396973, 4.717921733856201, 8.294857025146484]]",shaped,True,True,False,shaped,2.791577039435125,5.69521951675415,5.69521951675415,"[5.239994525909424, 5.175612449645996, 9.06321907043457]","[4.0503198224383965, 4.49685279340784, 7.120090251880857]",0.7347025871276855
DiagReachK3,187,W2,RR,raw,raw,development_DiagReachK3_s187_W2_RR,0,joint_W2,False,False,False,False,"[8.609407424926758, 8.928848266601562, 8.338728904724121]","[[8.609407424926758, 5.59188175201416, 4.528926849365234, 9.118343353271484], [8.928848266601562, 6.741738319396973, 5.096270561218262, 10.81286334991455], [8.338728904724121, 6.225194931030273, 4.058939456939697, 9.262022018432617]]","[[8.609407424926758, 5.59188175201416, 4.528926849365234, 9.118343353271484], [8.928848266601562, 6.741738319396973, 5.096270561218262, 10.81286334991455], [8.338728904724121, 6.225194931030273, 4.058939456939697, 9.262022018432617]]",raw,True,True,False,raw,0.7800793798944171,6.76500940322876,5.203993797302246,"[4.237565517425537, 5.660638809204102, 8.544022560119629]","[4.930419095174811, 6.196023751996708, 9.837332695755162]",0.5296859741210938
DiagReachK3,187,W2,RR,raw,raw,development_DiagReachK3_s187_W2_RR,1,old,True,False,False,False,"[8.56066608428955, 8.773635864257812, 8.33421802520752]","[[8.56066608428955, 5.670962810516357, 4.413515090942383, 9.084866523742676], [8.773635864257812, 7.652824401855469, 5.014190673828125, 11.662040710449219], [8.33421802520752, 7.005247116088867, 3.722029209136963, 9.745887756347656]]","[[8.56066608428955, 5.670962810516357, 4.413515090942383, 9.084866523742676], [8.277020454406738, 7.652824401855469, 5.014190673828125, 11.662040710449219], [8.291305541992188, 7.005247116088867, 3.722029209136963, 9.745887756347656]]",raw,True,True,False,raw,0.8802460859991837,6.36191463470459,4.793484687805176,"[4.69901180267334, 3.7219345569610596, 7.032728672027588]","[6.397120841599925, 4.2343586933736255, 9.301326539587734]",0.5841853618621826
DiagReachK3,187,W2,RR,raw,raw,development_DiagReachK3_s187_W2_RR,2,full_PPO,True,True,False,False,"[8.582674026489258, 8.721282958984375, 9.135055541992188]","[[8.582674026489258, 5.73944091796875, 4.31214714050293, 9.05843448638916], [8.721282958984375, 6.796154975891113, 4.642185211181641, 10.415645599365234], [9.135055541992188, 6.2343950271606445, 5.583023548126221, 10.78347110748291]]","[[8.582674026489258, 5.73944091796875, 4.31214714050293, 9.05843448638916], [8.721282958984375, 6.796154975891113, 4.642185211181641, 10.415645599365234], [9.135055541992188, 6.2343950271606445, 5.583023548126221, 10.78347110748291]]",raw,True,True,False,raw,1.0397403809726637,6.672930717468262,4.8056721687316895,"[5.186636447906494, 4.594826698303223, 8.634710311889648]","[6.199424561055924, 5.1615958190998565, 10.153750168566212]",0.6187088489532471
DiagReachK3,187,W2,RR,raw,raw,development_DiagReachK3_s187_W2_RR,3,old,True,False,False,False,"[9.156681060791016, 9.238405227661133, 9.502012252807617]","[[9.156681060791016, 6.147426128387451, 5.752144813537598, 10.843489646911621], [9.238405227661133, 7.4125494956970215, 5.818872451782227, 12.137334823608398], [9.502012252807617, 6.20713472366333, 6.719458103179932, 11.799013137817383]]","[[9.156681060791016, 6.147426128387451, 5.752144813537598, 10.843489646911621], [8.943726539611816, 7.4125494956970215, 5.818872451782227, 12.137334823608398], [9.27888298034668, 6.20713472366333, 6.719458103179932, 11.799013137817383]]",raw,True,True,False,raw,0.7558986701004338,6.535204887390137,5.675664901733398,"[4.494231224060059, 4.309152126312256, 7.51668643951416]","[5.611541715395921, 4.668103020735499, 9.126312711602543]",0.6285510063171387
DiagReachK3,187,W2,RR,raw,raw,development_DiagReachK3_s187_W2_RR,4,old,True,False,False,False,"[9.174493789672852, 9.31725025177002, 9.115217208862305]","[[9.174493789672852, 5.946176052093506, 5.689736843109131, 10.594696044921875], [9.31725025177002, 6.954075336456299, 6.243731498718262, 12.093711853027344], [9.115217208862305, 5.745204925537109, 5.424084663391113, 10.096894264221191]]","[[9.174493789672852, 5.946176052093506, 5.689736843109131, 10.594696044921875], [9.273149490356445, 6.954075336456299, 6.243731498718262, 12.093711853027344], [9.115217208862305, 5.745204925537109, 5.424084663391113, 10.096894264221191]]",raw,True,True,False,raw,0.6135392111976735,7.125486850738525,5.834200382232666,"[5.223328590393066, 5.011449337005615, 8.757448196411133]","[6.040565267450406, 5.173020464735828, 9.832237531281475]",0.5513379573822021
DiagReachK3,187,W2,RR,raw,raw,development_DiagReachK3_s187_W2_RR,5,old,True,False,False,False,"[9.099298477172852, 9.056015014648438, 9.494956970214844]","[[9.099298477172852, 6.0571160316467285, 5.720010757446289, 10.700139999389648], [9.056015014648438, 7.131712436676025, 5.838556289672852, 11.944934844970703], [9.494956970214844, 6.429920196533203, 7.0515594482421875, 12.320625305175781]]","[[9.099298477172852, 6.0571160316467285, 5.720010757446289, 10.700139999389648], [8.926257133483887, 7.131712436676025, 5.838556289672852, 11.944934844970703], [8.68923568725586, 6.429920196533203, 7.0515594482421875, 12.320625305175781]]",raw,True,True,False,raw,0.7868466922793818,6.51886510848999,5.610283851623535,"[4.6552019119262695, 4.359433174133301, 7.644491672515869]","[4.958775433519502, 5.046209544744801, 8.84811779233074]",0.6964879035949707
DiagReachK3,187,W2,RR,raw,raw,development_DiagReachK3_s187_W2_RR,6,old,True,False,False,False,"[9.153660774230957, 9.254734992980957, 8.404829025268555]","[[9.153660774230957, 6.136447429656982, 5.7662553787231445, 10.856348991394043], [9.254734992980957, 7.581778526306152, 6.007490634918213, 12.4798002243042], [8.404829025268555, 4.978296279907227, 4.197900772094727, 8.167349815368652]]","[[9.153660774230957, 6.136447429656982, 5.7662553787231445, 10.856348991394043], [8.746055603027344, 7.581778526306152, 6.007490634918213, 12.4798002243042], [8.404829025268555, 4.978296279907227, 4.197900772094727, 8.167349815368652]]",raw,True,True,False,raw,0.8456328564290836,6.717352390289307,3.2563071250915527,"[4.4932403564453125, 4.821450233459473, 8.11284065246582]","[5.744867560327438, 5.771791617954774, 10.292174811779383]",0.5605189800262451
DiagReachK3,187,W2,RR,raw,raw,development_DiagReachK3_s187_W2_RR,7,old,True,False,False,False,"[9.208138465881348, 9.28164291381836, 9.29104232788086]","[[9.208138465881348, 6.0285186767578125, 5.869429111480713, 10.828680038452148], [9.28164291381836, 7.086114883422852, 6.357245445251465, 12.333251953125], [9.29104232788086, 6.915268421173096, 5.708588600158691, 11.541492462158203]]","[[9.208138465881348, 6.0285186767578125, 5.869429111480713, 10.828680038452148], [9.188648223876953, 7.086114883422852, 6.357245445251465, 12.333251953125], [9.277751922607422, 6.915268421173096, 5.708588600158691, 11.541492462158203]]",raw,True,True,False,raw,0.6969866016291745,6.997679233551025,6.392430782318115,"[4.218092441558838, 4.8650712966918945, 7.79325008392334]","[4.866031510474437, 5.3053720857463205, 8.90641396413053]",0.5435810089111328
DiagReachK3,187,W2,RR,raw,raw,development_DiagReachK3_s187_W2_RR,8,joint_W2,False,False,False,False,"[9.105920791625977, 9.260418891906738, 9.238909721374512]","[[9.105920791625977, 6.022251605987549, 5.581286907196045, 10.576277732849121], [9.260418891906738, 6.896648406982422, 5.989548683166504, 11.801586151123047], [9.238909721374512, 5.793132781982422, 5.581092834472656, 10.34701156616211]]","[[9.105920791625977, 6.022251605987549, 5.581286907196045, 10.576277732849121], [9.260418891906738, 6.896648406982422, 5.989548683166504, 11.801586151123047], [9.238909721374512, 5.793132781982422, 5.581092834472656, 10.34701156616211]]",raw,True,True,False,raw,0.8417324256911245,6.738279819488525,4.743306636810303,"[5.472477912902832, 4.350111484527588, 8.416101455688477]","[6.221563806357479, 4.5624334509564966, 9.57125746925404]",0.5904824733734131
DiagReachK3,187,W2,RR,raw,raw,development_DiagReachK3_s187_W2_RR,9,old,True,False,False,False,"[9.15507984161377, 9.414793968200684, 9.260951042175293]","[[9.15507984161377, 6.112775802612305, 5.777843952178955, 10.834810256958008], [9.414793968200684, 6.821140289306641, 6.668696880340576, 12.373451232910156], [9.260951042175293, 7.784869194030762, 6.287563800811768, 12.985114097595215]]","[[9.15507984161377, 6.112775802612305, 5.777843952178955, 10.834810256958008], [9.250441551208496, 6.821140289306641, 6.668696880340576, 12.373451232910156], [8.392945289611816, 7.784869194030762, 6.287563800811768, 12.985114097595215]]",raw,True,True,False,raw,0.8036565416502253,6.277820587158203,5.891221523284912,"[4.47463846206665, 4.22647762298584, 7.268336296081543]","[5.421031807112948, 4.505860163141213, 8.702604537252318]",0.5567731857299805
DiagReachK3,187,W2,RR,raw,raw,development_DiagReachK3_s187_W2_RR,10,old,True,False,False,False,"[9.15839958190918, 9.144943237304688, 8.699396133422852]","[[9.15839958190918, 5.95380973815918, 5.784256458282471, 10.676929473876953], [9.144943237304688, 7.578444004058838, 5.845958709716797, 12.354199409484863], [8.699396133422852, 4.977062702178955, 4.917088508605957, 8.816357612609863]]","[[9.15839958190918, 5.95380973815918, 5.784256458282471, 10.676929473876953], [8.71808910369873, 7.578444004058838, 5.845958709716797, 12.354199409484863], [8.699396133422852, 4.977062702178955, 4.917088508605957, 8.816357612609863]]",raw,True,True,False,raw,0.5790887798719689,7.215769290924072,5.1731414794921875,"[5.411705493927002, 5.018937110900879, 9.188165664672852]","[5.7024200409459755, 5.504185931955981, 9.986417069837229]",0.6298007965087891
DiagReachK3,187,W2,RR,raw,raw,development_DiagReachK3_s187_W2_RR,11,old,True,False,False,False,"[9.10789680480957, 9.274835586547852, 9.3583345413208]","[[9.10789680480957, 6.018423557281494, 5.788849830627441, 10.74977970123291], [9.274835586547852, 7.502633094787598, 6.506641387939453, 12.906057357788086], [9.3583345413208, 5.592777252197266, 6.443906784057617, 10.918327331542969]]","[[9.10789680480957, 6.018423557281494, 5.788849830627441, 10.74977970123291], [8.69531536102295, 7.502633094787598, 6.506641387939453, 12.906057357788086], [9.34683609008789, 5.592777252197266, 6.443906784057617, 10.918327331542969]]",raw,True,True,False,raw,0.4926983662658285,6.860744476318359,5.165411949157715,"[4.966187953948975, 4.4154510498046875, 7.946859836578369]","[5.8681983794417025, 4.800010691068412, 9.340686104696914]",0.5669400691986084
DiagReachK3,187,W2,RR,raw,raw,development_DiagReachK3_s187_W2_RR,12,old,True,False,False,False,"[9.132306098937988, 9.413790702819824, 8.424240112304688]","[[9.132306098937988, 6.2614521980285645, 5.707488059997559, 10.93210220336914], [9.413790702819824, 7.242801666259766, 6.754171371459961, 12.925338745117188], [8.424240112304688, 5.714258193969727, 3.8094305992126465, 8.523689270019531]]","[[9.132306098937988, 6.2614521980285645, 5.707488059997559, 10.93210220336914], [8.842671394348145, 7.242801666259766, 6.754171371459961, 12.925338745117188], [8.424240112304688, 5.714258193969727, 3.8094305992126465, 8.523689270019531]]",raw,True,True,False,raw,0.6237428692933602,7.128365993499756,4.820523738861084,"[4.761219501495361, 5.402012825012207, 8.818441390991211]","[5.532813286728118, 6.0789786970509425, 10.244462875759421]",0.5575034618377686
DiagReachK3,187,W2,RR,raw,raw,development_DiagReachK3_s187_W2_RR,13,old,True,False,False,False,"[9.142417907714844, 9.221094131469727, 9.078410148620605]","[[9.142417907714844, 6.016585826873779, 5.663485527038574, 10.625454902648926], [9.221094131469727, 7.027301788330078, 5.725409507751465, 11.67281436920166], [9.078410148620605, 7.786443710327148, 5.407400131225586, 12.127264976501465]]","[[9.142417907714844, 6.016585826873779, 5.663485527038574, 10.625454902648926], [9.177749633789062, 7.027301788330078, 5.725409507751465, 11.67281436920166], [8.393594741821289, 7.786443710327148, 5.407400131225586, 12.127264976501465]]",raw,True,True,False,raw,1.1345488551863416,6.856235504150391,5.5733537673950195,"[4.724130630493164, 5.118963718414307, 8.74111557006836]","[5.546988666082238, 5.935163639343407, 10.342481442189381]",0.6140179634094238
DiagReachK3,187,W2,RR,raw,raw,development_DiagReachK3_s187_W2_RR,14,full_PPO,True,True,False,False,"[9.127006530761719, 9.226223945617676, 9.204737663269043]","[[9.127006530761719, 6.178374290466309, 5.763959884643555, 10.88874626159668], [9.226223945617676, 7.470843315124512, 5.997607707977295, 12.390740394592285], [9.204737663269043, 5.190123558044434, 5.867382049560547, 9.950603485107422]]","[[9.127006530761719, 6.178374290466309, 5.763959884643555, 10.88874626159668], [8.876031875610352, 7.470843315124512, 5.997607707977295, 12.390740394592285], [9.204737663269043, 5.190123558044434, 5.867382049560547, 9.950603485107422]]",raw,True,True,False,raw,0.8147415755890165,7.2773756980896,4.647559642791748,"[5.617012977600098, 5.177446365356445, 9.488393783569336]","[7.000000003584811, 5.467155326706097, 11.24423965261226]",0.5041182041168213
DiagReachK3,187,W2,RR,raw,raw,development_DiagReachK3_s187_W2_RR,15,joint_W2,True,True,False,False,"[9.223219871520996, 9.309198379516602, 8.519903182983398]","[[9.223219871520996, 5.125185966491699, 5.872219562530518, 9.875528335571289], [9.309198379516602, 6.247188091278076, 6.135743141174316, 11.29284954071045], [8.519903182983398, 5.106389045715332, 4.386011123657227, 8.436318397521973]]","[[9.223219871520996, 5.125185966491699, 5.872219562530518, 9.875528335571289], [9.309198379516602, 6.247188091278076, 6.135743141174316, 11.29284954071045], [8.519903182983398, 5.106389045715332, 4.386011123657227, 8.436318397521973]]",raw,True,True,False,raw,0.7455236433519534,6.899813652038574,5.815560340881348,"[4.1410651206970215, 5.317968368530273, 8.248139381408691]","[4.7307874763292705, 5.854375378599951, 9.412701602463136]",0.5501306056976318
DiagReachK3,187,W2,RR,raw,raw,development_DiagReachK3_s187_W2_RR,16,old,True,False,False,False,"[9.25796127319336, 9.470988273620605, 8.321150779724121]","[[9.25796127319336, 6.24776029586792, 5.999969959259033, 11.159448623657227], [9.470988273620605, 7.444782257080078, 6.313632965087891, 12.625911712646484], [8.321150779724121, 5.189617156982422, 3.8903608322143555, 8.06599235534668]]","[[9.25796127319336, 6.24776029586792, 5.999969959259033, 11.159448623657227], [9.083780288696289, 7.444782257080078, 6.313632965087891, 12.625911712646484], [8.321150779724121, 5.189617156982422, 3.8903608322143555, 8.06599235534668]]",raw,True,True,False,raw,0.8723841760030575,7.333162784576416,5.021417617797852,"[5.5915985107421875, 4.880204677581787, 9.23045539855957]","[6.987797039057165, 5.750286469210634, 11.48711369124627]",0.5666790008544922
DiagReachK3,187,W2,RR,raw,raw,development_DiagReachK3_s187_W2_RR,17,joint_W2,True,True,False,False,"[9.314793586730957, 9.573874473571777, 8.313714027404785]","[[9.314793586730957, 6.206511497497559, 6.113132476806641, 11.218225479125977], [9.573874473571777, 6.466874122619629, 6.311349391937256, 11.629680633544922], [8.313714027404785, 5.047178745269775, 3.8467836380004883, 7.888121604919434]]","[[9.314793586730957, 6.206511497497559, 6.113132476806641, 11.218225479125977], [9.573874473571777, 6.466874122619629, 6.311349391937256, 11.629680633544922], [8.313714027404785, 5.047178745269775, 3.8467836380004883, 7.888121604919434]]",raw,True,True,False,raw,0.9120481798640536,7.446719169616699,3.7451882362365723,"[5.2811150550842285, 5.455307960510254, 9.40109634399414]","[6.555640611585809, 6.500000202265285, 11.866591980916944]",0.6416194438934326
DiagReachK3,187,W2,RR,raw,raw,development_DiagReachK3_s187_W2_RR,18,old,True,False,False,False,"[9.526970863342285, 9.672104835510254, 8.514575958251953]","[[9.526970863342285, 6.623565196990967, 6.241028308868408, 11.72561264038086], [9.672104835510254, 7.73430061340332, 7.272695541381836, 13.895809173583984], [8.514575958251953, 4.977617263793945, 5.060268402099609, 8.886405944824219]]","[[9.526970863342285, 6.623565196990967, 6.241028308868408, 11.72561264038086], [7.033141613006592, 7.73430061340332, 7.272695541381836, 13.895809173583984], [8.514575958251953, 4.977617263793945, 5.060268402099609, 8.886405944824219]]",raw,True,True,False,raw,0.6468578398625111,6.9860944747924805,5.303356170654297,"[4.521842002868652, 4.920912742614746, 8.30036735534668]","[5.60705218833748, 6.146525472801118, 10.609836048007937]",0.5802953243255615
DiagReachK3,187,W2,RR,raw,raw,development_DiagReachK3_s187_W2_RR,19,old,False,False,False,False,"[9.493197441101074, 9.501116752624512, 8.521387100219727]","[[9.493197441101074, 6.659403324127197, 6.313376426696777, 11.825614929199219], [9.501116752624512, 7.202592849731445, 5.915101051330566, 12.01006031036377], [8.521387100219727, 5.4959797859191895, 4.270404815673828, 8.713924407958984]]","[[9.493197441101074, 6.659403324127197, 6.313376426696777, 11.825614929199219], [9.356407165527344, 7.202592849731445, 5.915101051330566, 12.01006031036377], [8.521387100219727, 5.4959797859191895, 4.270404815673828, 8.713924407958984]]",raw,True,True,False,raw,0.45732811185168754,7.766628265380859,5.376885890960693,"[5.777640342712402, 5.448992729187012, 9.90324592590332]","[6.250999791784362, 5.4026697998165565, 10.48296728150088]",0.6686437129974365
DiagReachK3,187,W2,RR,raw,raw,development_DiagReachK3_s187_W2_RR,20,joint_W2,False,False,False,False,"[9.554773330688477, 9.521772384643555, 8.88912582397461]","[[9.554773330688477, 6.444722652435303, 6.342597007751465, 11.638445854187012], [9.521772384643555, 6.728987216949463, 6.109803676605225, 11.682796478271484], [8.88912582397461, 4.828427314758301, 5.8989362716674805, 9.537315368652344]]","[[9.550540924072266, 6.444722652435303, 6.342597007751465, 11.638445854187012], [9.521772384643555, 6.728987216949463, 6.109803676605225, 11.682796478271484], [8.88912582397461, 4.828427314758301, 5.8989362716674805, 9.537315368652344]]",raw,True,True,False,raw,3.7615456038406783,7.656735420227051,6.527903079986572,"[5.711526393890381, 4.89415168762207, 9.34912109375]","[5.968254060253769, 4.702301432545212, 9.43199649603155]",0.6154525279998779
DiagReachK3,187,W2,RR,raw,raw,development_DiagReachK3_s187_W2_RR,21,full_PPO,True,True,False,False,"[9.538864135742188, 9.791540145874023, 8.81835651397705]","[[9.538864135742188, 6.627433776855469, 6.379735946655273, 11.857959747314453], [9.791540145874023, 7.935420513153076, 7.130645751953125, 13.966066360473633], [8.81835651397705, 5.848041534423828, 4.501819610595703, 9.291125297546387]]","[[9.536791801452637, 6.627433776855469, 6.379735946655273, 11.857959747314453], [6.950623989105225, 7.935420513153076, 7.130645751953125, 13.966066360473633], [8.81835651397705, 5.848041534423828, 4.501819610595703, 9.291125297546387]]",raw,True,True,False,raw,0.44448554211406155,7.761233329772949,5.787997245788574,"[5.809699058532715, 5.680206298828125, 10.17246150970459]","[6.877295481556015, 5.986524177133102, 11.659403189336725]",0.6246674060821533
DiagReachK3,187,W2,RR,raw,raw,development_DiagReachK3_s187_W2_RR,22,old,True,False,False,False,"[8.793994903564453, 9.384572982788086, 7.983104705810547]","[[8.793994903564453, 5.831451416015625, 4.445442199707031, 9.239934921264648], [9.384572982788086, 6.950629711151123, 5.360305309295654, 11.24724006652832], [7.983104705810547, 3.8098692893981934, 4.699305534362793, 7.424765586853027]]","[[8.793994903564453, 5.831451416015625, 4.445442199707031, 9.239934921264648], [9.359403610229492, 6.950629711151123, 5.360305309295654, 11.24724006652832], [7.983104705810547, 3.8098692893981934, 4.699305534362793, 7.424765586853027]]",raw,True,True,False,raw,0.7335464627783813,7.149023532867432,5.415822982788086,"[5.260069847106934, 4.7287163734436035, 8.765748023986816]","[6.2829340104707985, 5.305742778513192, 10.363696759524526]",0.6214704513549805
DiagReachK3,187,W2,RR,raw,raw,development_DiagReachK3_s187_W2_RR,23,joint_W2,True,True,False,False,"[8.783906936645508, 9.152812957763672, 7.659557342529297]","[[8.783906936645508, 5.780327796936035, 4.398730278015137, 9.134973526000977], [9.152812957763672, 6.3981781005859375, 4.848546504974365, 10.15825366973877], [7.659557342529297, 3.667841672897339, 3.9142582416534424, 6.566756248474121]]","[[8.783906936645508, 5.780327796936035, 4.398730278015137, 9.134973526000977], [9.152812957763672, 6.3981781005859375, 4.848546504974365, 10.15825366973877], [7.659557342529297, 3.667841672897339, 3.9142582416534424, 6.566756248474121]]",raw,True,True,False,raw,0.5440372581739095,7.585964202880859,6.236574649810791,"[6.138449668884277, 4.3762335777282715, 9.27171516418457]","[6.547470016679741, 4.453895769822728, 9.758294048524164]",0.6279242038726807
DiagReachK3,187,W2,RR,raw,raw,development_DiagReachK3_s187_W2_RR,24,joint_W2,True,True,False,False,"[9.124491691589355, 9.188695907592773, 8.8448486328125]","[[9.124491691589355, 6.425720691680908, 4.858552932739258, 10.193405151367188], [9.188695907592773, 6.297384738922119, 5.274284362792969, 10.458503723144531], [8.8448486328125, 5.6226630210876465, 4.883910655975342, 9.377145767211914]]","[[9.124491691589355, 6.425720691680908, 4.858552932739258, 10.193405151367188], [9.188695907592773, 6.297384738922119, 5.274284362792969, 10.458503723144531], [8.8448486328125, 5.6226630210876465, 4.883910655975342, 9.377145767211914]]",raw,True,True,False,raw,0.670667026219026,7.317884922027588,6.799192905426025,"[5.481541633605957, 4.542681694030762, 8.731962203979492]","[4.967731819132243, 5.193492141778232, 9.00088998323798]",0.5695517063140869
DiagReachK3,187,W2,RS,raw,shaped,development_DiagReachK3_s187_W2_RS,0,joint_W2,False,False,False,False,"[8.609407424926758, 8.928848266601562, 8.338728904724121]","[[8.609407424926758, 5.59188175201416, 4.528926849365234, 9.118343353271484], [8.928848266601562, 6.741738319396973, 5.096270561218262, 10.81286334991455], [8.338728904724121, 6.225194931030273, 4.058939456939697, 9.262022018432617]]","[[8.609407424926758, 5.59188175201416, 4.528926849365234, 9.118343353271484], [8.928848266601562, 6.741738319396973, 5.096270561218262, 10.81286334991455], [8.338728904724121, 6.225194931030273, 4.058939456939697, 9.262022018432617]]",shaped,True,True,False,raw,0.7800793798944171,6.76500940322876,5.203993797302246,"[4.237565517425537, 5.660638809204102, 8.544022560119629]","[4.930419095174811, 6.196023751996708, 9.837332695755162]",0.8678247928619385
DiagReachK3,187,W2,RS,raw,shaped,development_DiagReachK3_s187_W2_RS,1,old,True,False,False,False,"[8.56066608428955, 8.277020454406738, 8.291305541992188]","[[8.56066608428955, 5.670962810516357, 4.413515090942383, 9.084866523742676], [8.773635864257812, 7.652824401855469, 5.014190673828125, 11.662040710449219], [8.33421802520752, 7.005247116088867, 3.722029209136963, 9.745887756347656]]","[[8.56066608428955, 5.670962810516357, 4.413515090942383, 9.084866523742676], [8.277020454406738, 7.652824401855469, 5.014190673828125, 11.662040710449219], [8.291305541992188, 7.005247116088867, 3.722029209136963, 9.745887756347656]]",shaped,True,True,False,raw,0.8802460859991837,6.36191463470459,4.793484687805176,"[4.69901180267334, 3.7219345569610596, 7.032728672027588]","[6.397120841599925, 4.2343586933736255, 9.301326539587734]",0.5994727611541748
DiagReachK3,187,W2,RS,raw,shaped,development_DiagReachK3_s187_W2_RS,2,full_PPO,True,True,False,False,"[8.582674026489258, 8.721282958984375, 9.135055541992188]","[[8.582674026489258, 5.73944091796875, 4.31214714050293, 9.05843448638916], [8.721282958984375, 6.796154975891113, 4.642185211181641, 10.415645599365234], [9.135055541992188, 6.2343950271606445, 5.583023548126221, 10.78347110748291]]","[[8.582674026489258, 5.73944091796875, 4.31214714050293, 9.05843448638916], [8.721282958984375, 6.796154975891113, 4.642185211181641, 10.415645599365234], [9.135055541992188, 6.2343950271606445, 5.583023548126221, 10.78347110748291]]",shaped,True,True,False,raw,1.0397403809726637,6.672930717468262,4.8056721687316895,"[5.186636447906494, 4.594826698303223, 8.634710311889648]","[6.199424561055924, 5.1615958190998565, 10.153750168566212]",0.5872035026550293
DiagReachK3,187,W2,RS,raw,shaped,development_DiagReachK3_s187_W2_RS,3,old,True,False,False,False,"[9.156681060791016, 8.943726539611816, 9.27888298034668]","[[9.156681060791016, 6.147426128387451, 5.752144813537598, 10.843489646911621], [9.238405227661133, 7.4125494956970215, 5.818872451782227, 12.137334823608398], [9.502012252807617, 6.20713472366333, 6.719458103179932, 11.799013137817383]]","[[9.156681060791016, 6.147426128387451, 5.752144813537598, 10.843489646911621], [8.943726539611816, 7.4125494956970215, 5.818872451782227, 12.137334823608398], [9.27888298034668, 6.20713472366333, 6.719458103179932, 11.799013137817383]]",shaped,True,True,False,raw,0.7558986701004338,6.535204887390137,5.675664901733398,"[4.494231224060059, 4.309152126312256, 7.51668643951416]","[5.611541715395921, 4.668103020735499, 9.126312711602543]",0.5924222469329834
DiagReachK3,187,W2,RS,raw,shaped,development_DiagReachK3_s187_W2_RS,4,old,True,False,False,False,"[9.174493789672852, 9.273149490356445, 9.115217208862305]","[[9.174493789672852, 5.946176052093506, 5.689736843109131, 10.594696044921875], [9.31725025177002, 6.954075336456299, 6.243731498718262, 12.093711853027344], [9.115217208862305, 5.745204925537109, 5.424084663391113, 10.096894264221191]]","[[9.174493789672852, 5.946176052093506, 5.689736843109131, 10.594696044921875], [9.273149490356445, 6.954075336456299, 6.243731498718262, 12.093711853027344], [9.115217208862305, 5.745204925537109, 5.424084663391113, 10.096894264221191]]",shaped,True,True,False,raw,0.6135392111976735,7.125486850738525,5.834200382232666,"[5.223328590393066, 5.011449337005615, 8.757448196411133]","[6.040565267450406, 5.173020464735828, 9.832237531281475]",0.5268428325653076
DiagReachK3,187,W2,RS,raw,shaped,development_DiagReachK3_s187_W2_RS,5,old,True,False,False,False,"[9.099298477172852, 8.926257133483887, 8.68923568725586]","[[9.099298477172852, 6.0571160316467285, 5.720010757446289, 10.700139999389648], [9.056015014648438, 7.131712436676025, 5.838556289672852, 11.944934844970703], [9.494956970214844, 6.429920196533203, 7.0515594482421875, 12.320625305175781]]","[[9.099298477172852, 6.0571160316467285, 5.720010757446289, 10.700139999389648], [8.926257133483887, 7.131712436676025, 5.838556289672852, 11.944934844970703], [8.68923568725586, 6.429920196533203, 7.0515594482421875, 12.320625305175781]]",shaped,True,True,False,raw,0.7868466922793818,6.51886510848999,5.610283851623535,"[4.6552019119262695, 4.359433174133301, 7.644491672515869]","[4.958775433519502, 5.046209544744801, 8.84811779233074]",0.6143853664398193
DiagReachK3,187,W2,RS,raw,shaped,development_DiagReachK3_s187_W2_RS,6,old,True,False,False,False,"[9.153660774230957, 8.746055603027344, 8.404829025268555]","[[9.153660774230957, 6.136447429656982, 5.7662553787231445, 10.856348991394043], [9.254734992980957, 7.581778526306152, 6.007490634918213, 12.4798002243042], [8.404829025268555, 4.978296279907227, 4.197900772094727, 8.167349815368652]]","[[9.153660774230957, 6.136447429656982, 5.7662553787231445, 10.856348991394043], [8.746055603027344, 7.581778526306152, 6.007490634918213, 12.4798002243042], [8.404829025268555, 4.978296279907227, 4.197900772094727, 8.167349815368652]]",shaped,True,True,False,raw,0.8456328564290836,6.717352390289307,3.2563071250915527,"[4.4932403564453125, 4.821450233459473, 8.11284065246582]","[5.744867560327438, 5.771791617954774, 10.292174811779383]",0.5618562698364258
DiagReachK3,187,W2,RS,raw,shaped,development_DiagReachK3_s187_W2_RS,7,old,True,False,False,False,"[9.208138465881348, 9.188648223876953, 9.277751922607422]","[[9.208138465881348, 6.0285186767578125, 5.869429111480713, 10.828680038452148], [9.28164291381836, 7.086114883422852, 6.357245445251465, 12.333251953125], [9.29104232788086, 6.915268421173096, 5.708588600158691, 11.541492462158203]]","[[9.208138465881348, 6.0285186767578125, 5.869429111480713, 10.828680038452148], [9.188648223876953, 7.086114883422852, 6.357245445251465, 12.333251953125], [9.277751922607422, 6.915268421173096, 5.708588600158691, 11.541492462158203]]",shaped,True,True,False,raw,0.6969866016291745,6.997679233551025,6.392430782318115,"[4.218092441558838, 4.8650712966918945, 7.79325008392334]","[4.866031510474437, 5.3053720857463205, 8.90641396413053]",0.5681107044219971
DiagReachK3,187,W2,RS,raw,shaped,development_DiagReachK3_s187_W2_RS,8,joint_W2,False,False,False,False,"[9.105920791625977, 9.260418891906738, 9.238909721374512]","[[9.105920791625977, 6.022251605987549, 5.581286907196045, 10.576277732849121], [9.260418891906738, 6.896648406982422, 5.989548683166504, 11.801586151123047], [9.238909721374512, 5.793132781982422, 5.581092834472656, 10.34701156616211]]","[[9.105920791625977, 6.022251605987549, 5.581286907196045, 10.576277732849121], [9.260418891906738, 6.896648406982422, 5.989548683166504, 11.801586151123047], [9.238909721374512, 5.793132781982422, 5.581092834472656, 10.34701156616211]]",shaped,True,True,False,raw,0.8417324256911245,6.738279819488525,4.743306636810303,"[5.472477912902832, 4.350111484527588, 8.416101455688477]","[6.221563806357479, 4.5624334509564966, 9.57125746925404]",0.6047878265380859
DiagReachK3,187,W2,RS,raw,shaped,development_DiagReachK3_s187_W2_RS,9,old,True,False,False,False,"[9.15507984161377, 9.250441551208496, 8.392945289611816]","[[9.15507984161377, 6.112775802612305, 5.777843952178955, 10.834810256958008], [9.414793968200684, 6.821140289306641, 6.668696880340576, 12.373451232910156], [9.260951042175293, 7.784869194030762, 6.287563800811768, 12.985114097595215]]","[[9.15507984161377, 6.112775802612305, 5.777843952178955, 10.834810256958008], [9.250441551208496, 6.821140289306641, 6.668696880340576, 12.373451232910156], [8.392945289611816, 7.784869194030762, 6.287563800811768, 12.985114097595215]]",shaped,True,True,False,raw,0.8036565416502253,6.277820587158203,5.891221523284912,"[4.47463846206665, 4.22647762298584, 7.268336296081543]","[5.421031807112948, 4.505860163141213, 8.702604537252318]",0.5712494850158691
DiagReachK3,187,W2,RS,raw,shaped,development_DiagReachK3_s187_W2_RS,10,old,True,False,False,False,"[9.15839958190918, 8.71808910369873, 8.699396133422852]","[[9.15839958190918, 5.95380973815918, 5.784256458282471, 10.676929473876953], [9.144943237304688, 7.578444004058838, 5.845958709716797, 12.354199409484863], [8.699396133422852, 4.977062702178955, 4.917088508605957, 8.816357612609863]]","[[9.15839958190918, 5.95380973815918, 5.784256458282471, 10.676929473876953], [8.71808910369873, 7.578444004058838, 5.845958709716797, 12.354199409484863], [8.699396133422852, 4.977062702178955, 4.917088508605957, 8.816357612609863]]",shaped,True,True,False,raw,0.5790887798719689,7.215769290924072,5.1731414794921875,"[5.411705493927002, 5.018937110900879, 9.188165664672852]","[5.7024200409459755, 5.504185931955981, 9.986417069837229]",0.6115207672119141
DiagReachK3,187,W2,RS,raw,shaped,development_DiagReachK3_s187_W2_RS,11,old,True,False,False,False,"[9.10789680480957, 8.69531536102295, 9.34683609008789]","[[9.10789680480957, 6.018423557281494, 5.788849830627441, 10.74977970123291], [9.274835586547852, 7.502633094787598, 6.506641387939453, 12.906057357788086], [9.3583345413208, 5.592777252197266, 6.443906784057617, 10.918327331542969]]","[[9.10789680480957, 6.018423557281494, 5.788849830627441, 10.74977970123291], [8.69531536102295, 7.502633094787598, 6.506641387939453, 12.906057357788086], [9.34683609008789, 5.592777252197266, 6.443906784057617, 10.918327331542969]]",shaped,True,True,False,raw,0.4926983662658285,6.860744476318359,5.165411949157715,"[4.966187953948975, 4.4154510498046875, 7.946859836578369]","[5.8681983794417025, 4.800010691068412, 9.340686104696914]",0.5574109554290771
DiagReachK3,187,W2,RS,raw,shaped,development_DiagReachK3_s187_W2_RS,12,old,True,False,False,False,"[9.132306098937988, 8.842671394348145, 8.424240112304688]","[[9.132306098937988, 6.2614521980285645, 5.707488059997559, 10.93210220336914], [9.413790702819824, 7.242801666259766, 6.754171371459961, 12.925338745117188], [8.424240112304688, 5.714258193969727, 3.8094305992126465, 8.523689270019531]]","[[9.132306098937988, 6.2614521980285645, 5.707488059997559, 10.93210220336914], [8.842671394348145, 7.242801666259766, 6.754171371459961, 12.925338745117188], [8.424240112304688, 5.714258193969727, 3.8094305992126465, 8.523689270019531]]",shaped,True,True,False,raw,0.6237428692933602,7.128365993499756,4.820523738861084,"[4.761219501495361, 5.402012825012207, 8.818441390991211]","[5.532813286728118, 6.0789786970509425, 10.244462875759421]",0.5576202869415283
DiagReachK3,187,W2,RS,raw,shaped,development_DiagReachK3_s187_W2_RS,13,old,True,False,False,False,"[9.142417907714844, 9.177749633789062, 8.393594741821289]","[[9.142417907714844, 6.016585826873779, 5.663485527038574, 10.625454902648926], [9.221094131469727, 7.027301788330078, 5.725409507751465, 11.67281436920166], [9.078410148620605, 7.786443710327148, 5.407400131225586, 12.127264976501465]]","[[9.142417907714844, 6.016585826873779, 5.663485527038574, 10.625454902648926], [9.177749633789062, 7.027301788330078, 5.725409507751465, 11.67281436920166], [8.393594741821289, 7.786443710327148, 5.407400131225586, 12.127264976501465]]",shaped,True,True,False,raw,1.1345488551863416,6.856235504150391,5.5733537673950195,"[4.724130630493164, 5.118963718414307, 8.74111557006836]","[5.546988666082238, 5.935163639343407, 10.342481442189381]",0.612053394317627
DiagReachK3,187,W2,RS,raw,shaped,development_DiagReachK3_s187_W2_RS,14,full_PPO,True,True,False,False,"[9.127006530761719, 8.876031875610352, 9.204737663269043]","[[9.127006530761719, 6.178374290466309, 5.763959884643555, 10.88874626159668], [9.226223945617676, 7.470843315124512, 5.997607707977295, 12.390740394592285], [9.204737663269043, 5.190123558044434, 5.867382049560547, 9.950603485107422]]","[[9.127006530761719, 6.178374290466309, 5.763959884643555, 10.88874626159668], [8.876031875610352, 7.470843315124512, 5.997607707977295, 12.390740394592285], [9.204737663269043, 5.190123558044434, 5.867382049560547, 9.950603485107422]]",shaped,True,True,False,raw,0.8147415755890165,7.2773756980896,4.647559642791748,"[5.617012977600098, 5.177446365356445, 9.488393783569336]","[7.000000003584811, 5.467155326706097, 11.24423965261226]",0.5248351097106934
DiagReachK3,187,W2,RS,raw,shaped,development_DiagReachK3_s187_W2_RS,15,joint_W2,True,True,False,False,"[9.223219871520996, 9.309198379516602, 8.519903182983398]","[[9.223219871520996, 5.125185966491699, 5.872219562530518, 9.875528335571289], [9.309198379516602, 6.247188091278076, 6.135743141174316, 11.29284954071045], [8.519903182983398, 5.106389045715332, 4.386011123657227, 8.436318397521973]]","[[9.223219871520996, 5.125185966491699, 5.872219562530518, 9.875528335571289], [9.309198379516602, 6.247188091278076, 6.135743141174316, 11.29284954071045], [8.519903182983398, 5.106389045715332, 4.386011123657227, 8.436318397521973]]",shaped,True,True,False,raw,0.7455236433519534,6.899813652038574,5.815560340881348,"[4.1410651206970215, 5.317968368530273, 8.248139381408691]","[4.7307874763292705, 5.854375378599951, 9.412701602463136]",0.5640013217926025
DiagReachK3,187,W2,RS,raw,shaped,development_DiagReachK3_s187_W2_RS,16,old,True,False,False,False,"[9.25796127319336, 9.083780288696289, 8.321150779724121]","[[9.25796127319336, 6.24776029586792, 5.999969959259033, 11.159448623657227], [9.470988273620605, 7.444782257080078, 6.313632965087891, 12.625911712646484], [8.321150779724121, 5.189617156982422, 3.8903608322143555, 8.06599235534668]]","[[9.25796127319336, 6.24776029586792, 5.999969959259033, 11.159448623657227], [9.083780288696289, 7.444782257080078, 6.313632965087891, 12.625911712646484], [8.321150779724121, 5.189617156982422, 3.8903608322143555, 8.06599235534668]]",shaped,True,True,False,raw,0.8723841760030575,7.333162784576416,5.021417617797852,"[5.5915985107421875, 4.880204677581787, 9.23045539855957]","[6.987797039057165, 5.750286469210634, 11.48711369124627]",0.5891304016113281
DiagReachK3,187,W2,RS,raw,shaped,development_DiagReachK3_s187_W2_RS,17,joint_W2,True,True,False,False,"[9.314793586730957, 9.573874473571777, 8.313714027404785]","[[9.314793586730957, 6.206511497497559, 6.113132476806641, 11.218225479125977], [9.573874473571777, 6.466874122619629, 6.311349391937256, 11.629680633544922], [8.313714027404785, 5.047178745269775, 3.8467836380004883, 7.888121604919434]]","[[9.314793586730957, 6.206511497497559, 6.113132476806641, 11.218225479125977], [9.573874473571777, 6.466874122619629, 6.311349391937256, 11.629680633544922], [8.313714027404785, 5.047178745269775, 3.8467836380004883, 7.888121604919434]]",shaped,True,True,False,raw,0.9120481798640536,7.446719169616699,3.7451882362365723,"[5.2811150550842285, 5.455307960510254, 9.40109634399414]","[6.555640611585809, 6.500000202265285, 11.866591980916944]",0.7786526679992676
DiagReachK3,187,W2,RS,raw,shaped,development_DiagReachK3_s187_W2_RS,18,old,True,False,False,False,"[9.526970863342285, 7.033141613006592, 8.514575958251953]","[[9.526970863342285, 6.623565196990967, 6.241028308868408, 11.72561264038086], [9.672104835510254, 7.73430061340332, 7.272695541381836, 13.895809173583984], [8.514575958251953, 4.977617263793945, 5.060268402099609, 8.886405944824219]]","[[9.526970863342285, 6.623565196990967, 6.241028308868408, 11.72561264038086], [7.033141613006592, 7.73430061340332, 7.272695541381836, 13.895809173583984], [8.514575958251953, 4.977617263793945, 5.060268402099609, 8.886405944824219]]",shaped,True,True,False,raw,0.6468578398625111,6.9860944747924805,5.303356170654297,"[4.521842002868652, 4.920912742614746, 8.30036735534668]","[5.60705218833748, 6.146525472801118, 10.609836048007937]",0.6774029731750488
DiagReachK3,187,W2,RS,raw,shaped,development_DiagReachK3_s187_W2_RS,19,old,False,False,False,False,"[9.493197441101074, 9.356407165527344, 8.521387100219727]","[[9.493197441101074, 6.659403324127197, 6.313376426696777, 11.825614929199219], [9.501116752624512, 7.202592849731445, 5.915101051330566, 12.01006031036377], [8.521387100219727, 5.4959797859191895, 4.270404815673828, 8.713924407958984]]","[[9.493197441101074, 6.659403324127197, 6.313376426696777, 11.825614929199219], [9.356407165527344, 7.202592849731445, 5.915101051330566, 12.01006031036377], [8.521387100219727, 5.4959797859191895, 4.270404815673828, 8.713924407958984]]",shaped,True,True,False,raw,0.45732811185168754,7.766628265380859,5.376885890960693,"[5.777640342712402, 5.448992729187012, 9.90324592590332]","[6.250999791784362, 5.4026697998165565, 10.48296728150088]",0.7591516971588135
DiagReachK3,187,W2,RS,raw,shaped,development_DiagReachK3_s187_W2_RS,20,joint_W2,False,False,False,False,"[9.550540924072266, 9.521772384643555, 8.88912582397461]","[[9.554773330688477, 6.444722652435303, 6.342597007751465, 11.638445854187012], [9.521772384643555, 6.728987216949463, 6.109803676605225, 11.682796478271484], [8.88912582397461, 4.828427314758301, 5.8989362716674805, 9.537315368652344]]","[[9.550540924072266, 6.444722652435303, 6.342597007751465, 11.638445854187012], [9.521772384643555, 6.728987216949463, 6.109803676605225, 11.682796478271484], [8.88912582397461, 4.828427314758301, 5.8989362716674805, 9.537315368652344]]",shaped,True,True,False,raw,3.7615456038406783,7.656735420227051,6.527903079986572,"[5.711526393890381, 4.89415168762207, 9.34912109375]","[5.968254060253769, 4.702301432545212, 9.43199649603155]",0.5639386177062988
DiagReachK3,187,W2,RS,raw,shaped,development_DiagReachK3_s187_W2_RS,21,full_PPO,True,True,False,False,"[9.536791801452637, 6.950623989105225, 8.81835651397705]","[[9.538864135742188, 6.627433776855469, 6.379735946655273, 11.857959747314453], [9.791540145874023, 7.935420513153076, 7.130645751953125, 13.966066360473633], [8.81835651397705, 5.848041534423828, 4.501819610595703, 9.291125297546387]]","[[9.536791801452637, 6.627433776855469, 6.379735946655273, 11.857959747314453], [6.950623989105225, 7.935420513153076, 7.130645751953125, 13.966066360473633], [8.81835651397705, 5.848041534423828, 4.501819610595703, 9.291125297546387]]",shaped,True,True,False,raw,0.44448554211406155,7.761233329772949,5.787997245788574,"[5.809699058532715, 5.680206298828125, 10.17246150970459]","[6.877295481556015, 5.986524177133102, 11.659403189336725]",0.5645468235015869
DiagReachK3,187,W2,RS,raw,shaped,development_DiagReachK3_s187_W2_RS,22,old,True,False,False,False,"[8.793994903564453, 9.359403610229492, 7.983104705810547]","[[8.793994903564453, 5.831451416015625, 4.445442199707031, 9.239934921264648], [9.384572982788086, 6.950629711151123, 5.360305309295654, 11.24724006652832], [7.983104705810547, 3.8098692893981934, 4.699305534362793, 7.424765586853027]]","[[8.793994903564453, 5.831451416015625, 4.445442199707031, 9.239934921264648], [9.359403610229492, 6.950629711151123, 5.360305309295654, 11.24724006652832], [7.983104705810547, 3.8098692893981934, 4.699305534362793, 7.424765586853027]]",shaped,True,True,False,raw,0.7335464627783813,7.149023532867432,5.415822982788086,"[5.260069847106934, 4.7287163734436035, 8.765748023986816]","[6.2829340104707985, 5.305742778513192, 10.363696759524526]",0.5869061946868896
DiagReachK3,187,W2,RS,raw,shaped,development_DiagReachK3_s187_W2_RS,23,joint_W2,True,True,False,False,"[8.783906936645508, 9.152812957763672, 7.659557342529297]","[[8.783906936645508, 5.780327796936035, 4.398730278015137, 9.134973526000977], [9.152812957763672, 6.3981781005859375, 4.848546504974365, 10.15825366973877], [7.659557342529297, 3.667841672897339, 3.9142582416534424, 6.566756248474121]]","[[8.783906936645508, 5.780327796936035, 4.398730278015137, 9.134973526000977], [9.152812957763672, 6.3981781005859375, 4.848546504974365, 10.15825366973877], [7.659557342529297, 3.667841672897339, 3.9142582416534424, 6.566756248474121]]",shaped,True,True,False,raw,0.5440372581739095,7.585964202880859,6.236574649810791,"[6.138449668884277, 4.3762335777282715, 9.27171516418457]","[6.547470016679741, 4.453895769822728, 9.758294048524164]",0.6083769798278809
DiagReachK3,187,W2,RS,raw,shaped,development_DiagReachK3_s187_W2_RS,24,joint_W2,True,True,False,False,"[9.124491691589355, 9.188695907592773, 8.8448486328125]","[[9.124491691589355, 6.425720691680908, 4.858552932739258, 10.193405151367188], [9.188695907592773, 6.297384738922119, 5.274284362792969, 10.458503723144531], [8.8448486328125, 5.6226630210876465, 4.883910655975342, 9.377145767211914]]","[[9.124491691589355, 6.425720691680908, 4.858552932739258, 10.193405151367188], [9.188695907592773, 6.297384738922119, 5.274284362792969, 10.458503723144531], [8.8448486328125, 5.6226630210876465, 4.883910655975342, 9.377145767211914]]",shaped,True,True,False,raw,0.670667026219026,7.317884922027588,6.799192905426025,"[5.481541633605957, 4.542681694030762, 8.731962203979492]","[4.967731819132243, 5.193492141778232, 9.00088998323798]",0.5579729080200195
DiagReachK3,187,W2,SR,shaped,raw,development_DiagReachK3_s187_W2_SR,0,old,True,False,False,False,"[8.609407424926758, 8.268999099731445, 8.338728904724121]","[[8.609407424926758, 5.59188175201416, 4.528926849365234, 9.118343353271484], [8.268999099731445, 5.987222671508789, 3.73024582862854, 8.734199523925781], [8.338728904724121, 6.225194931030273, 4.058939456939697, 9.262022018432617]]","[[8.609407424926758, 5.59188175201416, 4.528926849365234, 9.118343353271484], [8.268999099731445, 5.987222671508789, 3.73024582862854, 8.734199523925781], [8.338728904724121, 6.225194931030273, 4.058939456939697, 9.262022018432617]]",raw,True,True,False,shaped,1.5136644759349092,5.203993797302246,5.203993797302246,"[4.237565517425537, 5.660638809204102, 8.544022560119629]","[4.163686255563276, 5.188198707201688, 7.983846123216421]",0.5837304592132568
DiagReachK3,187,W2,SR,shaped,raw,development_DiagReachK3_s187_W2_SR,1,old,True,False,False,False,"[8.56066608428955, 8.098535537719727, 8.33421802520752]","[[8.56066608428955, 5.670962810516357, 4.413515090942383, 9.084866523742676], [8.098535537719727, 5.146174430847168, 3.807105779647827, 7.969908237457275], [8.33421802520752, 7.005247116088867, 3.722029209136963, 9.745887756347656]]","[[8.56066608428955, 5.670962810516357, 4.413515090942383, 9.084866523742676], [8.098535537719727, 5.146174430847168, 3.807105779647827, 7.969908237457275], [8.291305541992188, 7.005247116088867, 3.722029209136963, 9.745887756347656]]",raw,True,True,False,shaped,0.681508519347898,4.793484687805176,4.793484687805176,"[4.69901180267334, 3.7219345569610596, 7.032728672027588]","[4.0999527313125, 3.1116263441620546, 5.795217941064507]",0.5976157188415527
DiagReachK3,187,W2,SR,shaped,raw,development_DiagReachK3_s187_W2_SR,2,full_PPO,True,True,False,False,"[8.582674026489258, 8.993810653686523, 9.135055541992188]","[[8.582674026489258, 5.73944091796875, 4.31214714050293, 9.05843448638916], [8.993810653686523, 5.631001949310303, 5.0459747314453125, 9.659111022949219], [9.135055541992188, 6.2343950271606445, 5.583023548126221, 10.78347110748291]]","[[8.582674026489258, 5.73944091796875, 4.31214714050293, 9.05843448638916], [8.993810653686523, 5.631001949310303, 5.0459747314453125, 9.659111022949219], [9.135055541992188, 6.2343950271606445, 5.583023548126221, 10.78347110748291]]",raw,True,True,False,shaped,1.7877594594061121,4.8056721687316895,4.8056721687316895,"[5.186636447906494, 4.594826698303223, 8.634710311889648]","[4.965522876656435, 5.111148199147747, 8.927686204907866]",0.6149282455444336
DiagReachK3,187,W2,SR,shaped,raw,development_DiagReachK3_s187_W2_SR,3,joint_W2,True,True,False,False,"[9.156681060791016, 9.371589660644531, 9.502012252807617]","[[9.156681060791016, 6.147426128387451, 5.752144813537598, 10.843489646911621], [9.371589660644531, 6.116939544677734, 6.229365348815918, 11.250816345214844], [9.502012252807617, 6.20713472366333, 6.719458103179932, 11.799013137817383]]","[[9.156681060791016, 6.147426128387451, 5.752144813537598, 10.843489646911621], [9.371589660644531, 6.116939544677734, 6.229365348815918, 11.250816345214844], [9.27888298034668, 6.20713472366333, 6.719458103179932, 11.799013137817383]]",raw,True,True,False,shaped,0.8844896452063317,5.675664901733398,5.675664901733398,"[4.494231224060059, 4.309152126312256, 7.51668643951416]","[4.674451680390796, 4.888340840279211, 8.386678565580013]",0.5245869159698486
DiagReachK3,187,W2,SR,shaped,raw,development_DiagReachK3_s187_W2_SR,4,old,True,False,False,False,"[9.39887809753418, 9.648534774780273, 9.009979248046875]","[[9.39887809753418, 5.961680889129639, 6.192452907562256, 11.081592559814453], [9.648534774780273, 5.58008337020874, 6.925295829772949, 11.383968353271484], [9.009979248046875, 5.7706804275512695, 5.525449752807617, 10.201045989990234]]","[[9.39887809753418, 5.961680889129639, 6.192452907562256, 11.081592559814453], [9.081314086914062, 5.58008337020874, 6.925295829772949, 11.383968353271484], [9.009979248046875, 5.7706804275512695, 5.525449752807617, 10.201045989990234]]",raw,True,True,False,shaped,1.0011640912412871,6.284329414367676,6.284329414367676,"[5.235739231109619, 5.3747878074646, 9.198986053466797]","[5.069411970295058, 5.827521396968106, 9.504098336733742]",0.6825644969940186
DiagReachK3,187,W2,SR,shaped,raw,development_DiagReachK3_s187_W2_SR,5,old,True,False,False,False,"[9.307275772094727, 9.230171203613281, 9.59339714050293]","[[9.307275772094727, 6.047082901000977, 6.202024936676025, 11.144877433776855], [9.230171203613281, 6.677336692810059, 6.006319999694824, 11.606704711914062], [9.59339714050293, 6.190030097961426, 7.249829292297363, 12.260350227355957]]","[[9.307275772094727, 6.047082901000977, 6.202024936676025, 11.144877433776855], [9.230171203613281, 6.677336692810059, 6.006319999694824, 11.606704711914062], [7.827278137207031, 6.190030097961426, 7.249829292297363, 12.260350227355957]]",raw,True,True,False,shaped,0.7795725064184188,5.937585353851318,5.937585353851318,"[4.749249458312988, 4.727224349975586, 8.120855331420898]","[5.059701007709115, 5.00810383715007, 8.822394923178035]",0.640770435333252
DiagReachK3,187,W2,SR,shaped,raw,development_DiagReachK3_s187_W2_SR,6,old,True,False,False,False,"[9.37526798248291, 9.204792022705078, 8.25004768371582]","[[9.37526798248291, 6.102606773376465, 6.248762607574463, 11.265188217163086], [9.204792022705078, 5.16435432434082, 5.747583866119385, 9.892599105834961], [8.25004768371582, 5.4535722732543945, 3.6310267448425293, 8.084599494934082]]","[[9.37526798248291, 6.102606773376465, 6.248762607574463, 11.265188217163086], [9.204792022705078, 5.16435432434082, 5.747583866119385, 9.892599105834961], [8.25004768371582, 5.4535722732543945, 3.6310267448425293, 8.084599494934082]]",raw,True,True,False,shaped,4.275938983888413,3.7352051734924316,3.7352051734924316,"[4.5561981201171875, 5.206692695617676, 8.563115119934082]","[3.4908339362981935, 4.379864135879044, 6.659220541355047]",0.9058272838592529
DiagReachK3,187,W2,SR,shaped,raw,development_DiagReachK3_s187_W2_SR,7,old,True,False,False,False,"[9.417830467224121, 9.174053192138672, 9.157150268554688]","[[9.417830467224121, 6.020092964172363, 6.330786228179932, 11.247737884521484], [9.174053192138672, 5.088567733764648, 5.651394844055176, 9.641846656799316], [9.157150268554688, 6.977946758270264, 5.4299235343933105, 11.329608917236328]]","[[9.417830467224121, 6.020092964172363, 6.330786228179932, 11.247737884521484], [9.174053192138672, 5.088567733764648, 5.651394844055176, 9.641846656799316], [9.129697799682617, 6.977946758270264, 5.4299235343933105, 11.329608917236328]]",raw,True,True,False,shaped,0.6070575965216044,6.569169521331787,6.569169521331787,"[4.384220123291016, 5.21673059463501, 8.317848205566406]","[4.0024067345104095, 5.012802706407386, 7.68117738460776]",0.7126302719116211
DiagReachK3,187,W2,SR,shaped,raw,development_DiagReachK3_s187_W2_SR,8,old,True,False,False,False,"[9.33090877532959, 9.000399589538574, 7.849493980407715]","[[9.33090877532959, 6.010822772979736, 6.098996639251709, 11.04307746887207], [9.000399589538574, 5.688264846801758, 5.089992046356201, 9.778257369995117], [7.849493980407715, 3.3506648540496826, 4.958405494689941, 7.212038040161133]]","[[9.33090877532959, 6.010822772979736, 6.098996639251709, 11.04307746887207], [9.000399589538574, 5.688264846801758, 5.089992046356201, 9.778257369995117], [7.849493980407715, 3.3506648540496826, 4.958405494689941, 7.212038040161133]]",raw,True,True,False,shaped,1.8237201664144826,5.003666877746582,5.003666877746582,"[5.436530113220215, 5.785391807556152, 9.982467651367188]","[5.123789220515754, 5.174177868770098, 9.106184291886192]",0.9662423133850098
DiagReachK3,187,W2,SR,shaped,raw,development_DiagReachK3_s187_W2_SR,9,joint_W2,True,True,False,False,"[9.363856315612793, 9.437020301818848, 9.346407890319824]","[[9.363856315612793, 6.0898661613464355, 6.255717754364014, 11.250956535339355], [9.437020301818848, 5.684804439544678, 6.386277198791504, 11.028820037841797], [9.346407890319824, 6.7951555252075195, 6.111899375915527, 11.784771919250488]]","[[9.363856315612793, 6.0898661613464355, 6.255717754364014, 11.250956535339355], [9.437020301818848, 5.684804439544678, 6.386277198791504, 11.028820037841797], [9.340169906616211, 6.7951555252075195, 6.111899375915527, 11.784771919250488]]",raw,True,True,False,shaped,0.6558186924393004,6.101910591125488,6.101910591125488,"[4.575285911560059, 4.1979851722717285, 7.614171504974365]","[4.453314438963638, 3.9105935695392278, 7.238257338741914]",0.5775566101074219
DiagReachK3,187,W2,SR,shaped,raw,development_DiagReachK3_s187_W2_SR,10,old,False,False,False,False,"[9.42434310913086, 9.138798713684082, 8.577608108520508]","[[9.42434310913086, 5.568268775939941, 6.384771347045898, 10.912342071533203], [9.138798713684082, 5.385924816131592, 5.835961818695068, 10.140716552734375], [8.577608108520508, 4.663392543792725, 4.849200248718262, 8.50683879852295]]","[[9.42434310913086, 5.568268775939941, 6.384771347045898, 10.912342071533203], [9.138798713684082, 5.385924816131592, 5.835961818695068, 10.140716552734375], [8.577608108520508, 4.663392543792725, 4.849200248718262, 8.50683879852295]]",raw,True,True,False,shaped,2.5797960207948014,5.49105978012085,5.49105978012085,"[5.341236114501953, 5.3347859382629395, 9.475581169128418]","[4.474936623149379, 5.044964152078611, 8.29415876848858]",0.6150269508361816
DiagReachK3,187,W2,SR,shaped,raw,development_DiagReachK3_s187_W2_SR,11,old,True,False,False,False,"[9.38000202178955, 9.25483512878418, 9.099943161010742]","[[9.38000202178955, 5.602167129516602, 6.4026079177856445, 10.959599494934082], [9.25483512878418, 6.116452693939209, 6.072760105133057, 11.17385482788086], [9.099943161010742, 7.698355674743652, 5.781798362731934, 12.435977935791016]]","[[9.38000202178955, 5.602167129516602, 6.4026079177856445, 10.959599494934082], [9.25483512878418, 6.116452693939209, 6.072760105133057, 11.17385482788086], [8.518449783325195, 7.698355674743652, 5.781798362731934, 12.435977935791016]]",raw,True,True,False,shaped,0.8597029120304335,6.528626918792725,6.528626918792725,"[3.9058139324188232, 5.389507293701172, 7.9718337059021]","[4.242353731615178, 5.363452689939847, 8.404472765165673]",0.6032156944274902
DiagReachK3,187,W2,SR,shaped,raw,development_DiagReachK3_s187_W2_SR,12,old,True,False,False,False,"[9.425292015075684, 9.033793449401855, 8.412087440490723]","[[9.425292015075684, 5.811258316040039, 6.341344833374023, 11.124443054199219], [9.033793449401855, 5.387491226196289, 5.287693023681641, 9.677549362182617], [8.412087440490723, 4.177316188812256, 4.988659381866455, 8.190177917480469]]","[[9.425292015075684, 5.811258316040039, 6.341344833374023, 11.124443054199219], [9.033793449401855, 5.387491226196289, 5.287693023681641, 9.677549362182617], [8.412087440490723, 4.177316188812256, 4.988659381866455, 8.190177917480469]]",raw,True,True,False,shaped,2.448486806995335,5.253517150878906,5.253517150878906,"[5.202849388122559, 4.745118141174316, 8.799005508422852]","[4.369470527689322, 4.0639845071816385, 7.31072333898371]",0.6296172142028809
DiagReachK3,187,W2,SR,shaped,raw,development_DiagReachK3_s187_W2_SR,13,old,False,False,False,False,"[9.428654670715332, 9.163995742797852, 8.755571365356445]","[[9.428654670715332, 5.612405776977539, 6.285279273986816, 10.861160278320312], [9.163995742797852, 4.844839096069336, 6.599139213562012, 10.4049072265625], [8.755571365356445, 4.517186164855957, 5.4881134033203125, 8.993963241577148]]","[[9.428654670715332, 5.612405776977539, 6.285279273986816, 10.861160278320312], [9.087735176086426, 4.844839096069336, 6.599139213562012, 10.4049072265625], [8.755571365356445, 4.517186164855957, 5.4881134033203125, 8.993963241577148]]",raw,True,True,False,shaped,1.2859579461872996,5.640867710113525,5.640867710113525,"[5.464484214782715, 5.151734352111816, 9.430078506469727]","[3.843246252380833, 5.563541065608165, 8.186427470471594]",0.6124286651611328
DiagReachK3,187,W2,SR,shaped,raw,development_DiagReachK3_s187_W2_SR,14,joint_W2,False,False,False,False,"[9.412813186645508, 9.233524322509766, 9.358466148376465]","[[9.412813186645508, 5.727380752563477, 6.381752967834473, 11.06717300415039], [9.233524322509766, 5.656212329864502, 5.651784420013428, 10.281822204589844], [9.358466148376465, 4.991222381591797, 7.044329643249512, 10.85476303100586]]","[[9.41207504272461, 5.727380752563477, 6.381752967834473, 11.06717300415039], [9.233524322509766, 5.656212329864502, 5.651784420013428, 10.281822204589844], [8.269365310668945, 4.991222381591797, 7.044329643249512, 10.85476303100586]]",raw,True,True,False,shaped,1.401695542632017,5.976984977722168,5.976984977722168,"[5.255789756774902, 4.190208435058594, 8.215959548950195]","[5.133257991600668, 3.8036488992423325, 7.728785782368084]",0.5884675979614258
DiagReachK3,187,W2,SR,shaped,raw,development_DiagReachK3_s187_W2_SR,15,old,False,False,False,False,"[9.4401216506958, 9.576932907104492, 9.552156448364258]","[[9.4401216506958, 5.68596076965332, 6.389338493347168, 11.044999122619629], [9.576932907104492, 6.026474952697754, 6.742722988128662, 11.707635879516602], [9.552156448364258, 5.3548126220703125, 7.907008171081543, 12.145394325256348]]","[[9.430347442626953, 5.68596076965332, 6.389338493347168, 11.044999122619629], [9.308281898498535, 6.026474952697754, 6.742722988128662, 11.707635879516602], [6.656091690063477, 5.3548126220703125, 7.907008171081543, 12.145394325256348]]",raw,True,True,False,shaped,0.4100012934958498,6.724923610687256,6.724923610687256,"[4.975345134735107, 3.911215305328369, 7.717173099517822]","[4.642408884657774, 4.3821507017582695, 7.868742362667835]",0.578718900680542
DiagReachK3,187,W2,SR,shaped,raw,development_DiagReachK3_s187_W2_SR,16,old,True,False,False,False,"[9.388750076293945, 9.093219757080078, 8.504966735839844]","[[9.388750076293945, 5.699615478515625, 6.258386611938477, 10.927803039550781], [9.093219757080078, 5.622082710266113, 5.499456882476807, 10.116744041442871], [8.504966735839844, 4.877806663513184, 4.487588405609131, 8.367801666259766]]","[[9.388750076293945, 5.699615478515625, 6.258386611938477, 10.927803039550781], [9.093219757080078, 5.622082710266113, 5.499456882476807, 10.116744041442871], [8.504966735839844, 4.877806663513184, 4.487588405609131, 8.367801666259766]]",raw,True,True,False,shaped,2.0954964213611027,5.400441646575928,5.400441646575928,"[4.764466285705566, 5.477120399475098, 9.104573249816895]","[3.9772340211736372, 3.066847508203183, 5.808294318303545]",0.586688756942749
DiagReachK3,187,W2,SR,shaped,raw,development_DiagReachK3_s187_W2_SR,17,old,True,False,False,False,"[9.431729316711426, 9.13122272491455, 8.214217185974121]","[[9.431729316711426, 5.640443801879883, 6.361367225646973, 10.960216522216797], [9.13122272491455, 5.357243537902832, 5.488951683044434, 9.831620216369629], [8.214217185974121, 4.409585952758789, 4.372659683227539, 7.784750938415527]]","[[9.431729316711426, 5.640443801879883, 6.361367225646973, 10.960216522216797], [9.13122272491455, 5.357243537902832, 5.488951683044434, 9.831620216369629], [8.214217185974121, 4.409585952758789, 4.372659683227539, 7.784750938415527]]",raw,True,True,False,shaped,4.333440077936833,4.2878522872924805,4.2878522872924805,"[5.5422210693359375, 4.766558647155762, 8.9729642868042]","[4.984761543759977, 3.9450098600244745, 7.602627787854237]",0.5766139030456543
DiagReachK3,187,W2,SR,shaped,raw,development_DiagReachK3_s187_W2_SR,18,old,True,False,False,False,"[9.385344505310059, 9.11001968383789, 8.885339736938477]","[[9.385344505310059, 5.812008857727051, 6.318048477172852, 11.076457023620605], [9.11001968383789, 6.662109375, 5.741299152374268, 11.36651611328125], [8.885339736938477, 6.231271266937256, 4.942446231842041, 10.167962074279785]]","[[9.385344505310059, 5.812008857727051, 6.318048477172852, 11.076457023620605], [9.105386734008789, 6.662109375, 5.741299152374268, 11.36651611328125], [8.885339736938477, 6.231271266937256, 4.942446231842041, 10.167962074279785]]",raw,True,True,False,shaped,1.3088603925469549,6.257691860198975,6.257691860198975,"[5.153809547424316, 5.268319606781006, 9.120805740356445]","[5.661560617731152, 4.657191151479439, 9.089566865315627]",0.5289232730865479
DiagReachK3,187,W2,SR,shaped,raw,development_DiagReachK3_s187_W2_SR,19,old,False,False,False,False,"[9.36080265045166, 9.448857307434082, 8.877236366271973]","[[9.36080265045166, 5.836860656738281, 6.406360626220703, 11.191719055175781], [9.448857307434082, 6.12515115737915, 6.910885810852051, 12.013413429260254], [8.877236366271973, 6.990555763244629, 4.862254619598389, 10.845708847045898]]","[[9.357033729553223, 5.836860656738281, 6.406360626220703, 11.191719055175781], [9.031135559082031, 6.12515115737915, 6.910885810852051, 12.013413429260254], [8.830245971679688, 6.990555763244629, 4.862254619598389, 10.845708847045898]]",raw,True,True,False,shaped,0.8222224910659571,5.931389331817627,5.931389331817627,"[4.5627264976501465, 4.607047080993652, 7.940262794494629]","[5.110147597793097, 4.489104528074659, 8.391895999070304]",0.5358901023864746
DiagReachK3,187,W2,SR,shaped,raw,development_DiagReachK3_s187_W2_SR,20,full_PPO,False,False,False,False,"[9.428736686706543, 9.15803337097168, 8.004155158996582]","[[9.428736686706543, 5.60859489440918, 6.411020755767822, 10.974787712097168], [9.15803337097168, 4.835461139678955, 6.449261665344238, 10.223316192626953], [8.004155158996582, 3.326164960861206, 5.538393974304199, 7.838212013244629]]","[[9.409664154052734, 5.60859489440918, 6.411020755767822, 10.974787712097168], [9.126482009887695, 4.835461139678955, 6.449261665344238, 10.223316192626953], [8.004155158996582, 3.326164960861206, 5.538393974304199, 7.838212013244629]]",raw,True,True,False,shaped,2.841631718015276,4.670914649963379,4.670914649963379,"[4.488733291625977, 4.888044834136963, 8.284014701843262]","[3.8569798295234574, 4.6540675220309256, 7.402585544643774]",0.5841479301452637
DiagReachK3,187,W2,SR,shaped,raw,development_DiagReachK3_s187_W2_SR,21,joint_W2,True,True,False,False,"[9.407048225402832, 9.298768043518066, 9.147859573364258]","[[9.407048225402832, 5.796450614929199, 6.461562156677246, 11.197710037231445], [9.298768043518066, 5.461554050445557, 6.0323991775512695, 10.464691162109375], [9.147859573364258, 5.5717453956604, 5.648625373840332, 10.21245002746582]]","[[9.382453918457031, 5.796450614929199, 6.461562156677246, 11.197710037231445], [9.298768043518066, 5.461554050445557, 6.0323991775512695, 10.464691162109375], [9.147859573364258, 5.5717453956604, 5.648625373840332, 10.21245002746582]]",raw,True,True,False,shaped,2.8193737790413973,5.599450588226318,5.599450588226318,"[6.049774169921875, 4.598538875579834, 9.510530471801758]","[5.478644423666955, 4.467761956222133, 8.814425783328648]",0.7409095764160156
DiagReachK3,187,W2,SR,shaped,raw,development_DiagReachK3_s187_W2_SR,22,old,True,False,False,False,"[9.270299911499023, 8.999170303344727, 7.973536014556885]","[[9.270299911499023, 5.450189113616943, 5.978410720825195, 10.410799026489258], [8.999170303344727, 4.800915718078613, 6.100529670715332, 9.868739128112793], [7.973536014556885, 3.2154455184936523, 5.298007488250732, 7.463173866271973]]","[[9.270299911499023, 5.450189113616943, 5.978410720825195, 10.410799026489258], [8.999170303344727, 4.800915718078613, 6.100529670715332, 9.868739128112793], [7.973536014556885, 3.2154455184936523, 5.298007488250732, 7.463173866271973]]",raw,True,True,False,shaped,2.274229941548497,5.365029811859131,5.365029811859131,"[4.94747257232666, 4.547745704650879, 8.315960884094238]","[3.8544382517782814, 4.158346481931793, 6.905631980912355]",0.582831621170044
DiagReachK3,187,W2,SR,shaped,raw,development_DiagReachK3_s187_W2_SR,23,old,True,False,False,False,"[9.33897590637207, 8.75695514678955, 8.091318130493164]","[[9.33897590637207, 5.402961730957031, 5.910552024841309, 10.301578521728516], [8.75695514678955, 5.012045860290527, 5.115444183349609, 9.09068775177002], [8.091318130493164, 3.515751838684082, 4.804383277893066, 7.263162612915039]]","[[9.33897590637207, 5.402961730957031, 5.910552024841309, 10.301578521728516], [8.75695514678955, 5.012045860290527, 5.115444183349609, 9.09068775177002], [8.091318130493164, 3.515751838684082, 4.804383277893066, 7.263162612915039]]",raw,True,True,False,shaped,1.6766622933559852,5.457291603088379,5.457291603088379,"[5.138411521911621, 5.2063398361206055, 9.17289924621582]","[4.39115406308048, 4.627324152500847, 7.848210033238789]",0.5931687355041504
DiagReachK3,187,W2,SR,shaped,raw,development_DiagReachK3_s187_W2_SR,24,old,True,False,False,False,"[9.283658027648926, 8.97678279876709, 8.346404075622559]","[[9.283658027648926, 5.4371232986450195, 5.928960800170898, 10.3503999710083], [8.97678279876709, 4.787428855895996, 5.315507888793945, 9.078519821166992], [8.346404075622559, 3.447869062423706, 6.274860382080078, 8.63781452178955]]","[[9.283658027648926, 5.4371232986450195, 5.928960800170898, 10.3503999710083], [8.97678279876709, 4.787428855895996, 5.315507888793945, 9.078519821166992], [8.346404075622559, 3.447869062423706, 6.274860382080078, 8.63781452178955]]",raw,True,True,False,shaped,1.5797555400578407,6.439448356628418,6.439448356628418,"[5.857246398925781, 4.995201110839844, 9.733396530151367]","[4.983412987136876, 4.89206627604468, 8.76579612393105]",0.6635594367980957
DiagReachK3,187,W2,SS,shaped,shaped,development_DiagReachK3_s187_W2_SS,0,old,True,False,False,False,"[8.609407424926758, 8.268999099731445, 8.338728904724121]","[[8.609407424926758, 5.59188175201416, 4.528926849365234, 9.118343353271484], [8.268999099731445, 5.987222671508789, 3.73024582862854, 8.734199523925781], [8.338728904724121, 6.225194931030273, 4.058939456939697, 9.262022018432617]]","[[8.609407424926758, 5.59188175201416, 4.528926849365234, 9.118343353271484], [8.268999099731445, 5.987222671508789, 3.73024582862854, 8.734199523925781], [8.338728904724121, 6.225194931030273, 4.058939456939697, 9.262022018432617]]",shaped,True,True,False,shaped,1.5136644759349092,5.203993797302246,5.203993797302246,"[4.237565517425537, 5.660638809204102, 8.544022560119629]","[4.163686255563276, 5.188198707201688, 7.983846123216421]",0.6430346965789795
DiagReachK3,187,W2,SS,shaped,shaped,development_DiagReachK3_s187_W2_SS,1,old,True,False,False,False,"[8.56066608428955, 8.098535537719727, 8.291305541992188]","[[8.56066608428955, 5.670962810516357, 4.413515090942383, 9.084866523742676], [8.098535537719727, 5.146174430847168, 3.807105779647827, 7.969908237457275], [8.33421802520752, 7.005247116088867, 3.722029209136963, 9.745887756347656]]","[[8.56066608428955, 5.670962810516357, 4.413515090942383, 9.084866523742676], [8.098535537719727, 5.146174430847168, 3.807105779647827, 7.969908237457275], [8.291305541992188, 7.005247116088867, 3.722029209136963, 9.745887756347656]]",shaped,True,True,False,shaped,0.681508519347898,4.793484687805176,4.793484687805176,"[4.69901180267334, 3.7219345569610596, 7.032728672027588]","[4.0999527313125, 3.1116263441620546, 5.795217941064507]",0.5801918506622314
DiagReachK3,187,W2,SS,shaped,shaped,development_DiagReachK3_s187_W2_SS,2,full_PPO,True,True,False,False,"[8.582674026489258, 8.993810653686523, 9.135055541992188]","[[8.582674026489258, 5.73944091796875, 4.31214714050293, 9.05843448638916], [8.993810653686523, 5.631001949310303, 5.0459747314453125, 9.659111022949219], [9.135055541992188, 6.2343950271606445, 5.583023548126221, 10.78347110748291]]","[[8.582674026489258, 5.73944091796875, 4.31214714050293, 9.05843448638916], [8.993810653686523, 5.631001949310303, 5.0459747314453125, 9.659111022949219], [9.135055541992188, 6.2343950271606445, 5.583023548126221, 10.78347110748291]]",shaped,True,True,False,shaped,1.7877594594061121,4.8056721687316895,4.8056721687316895,"[5.186636447906494, 4.594826698303223, 8.634710311889648]","[4.965522876656435, 5.111148199147747, 8.927686204907866]",0.702153205871582
DiagReachK3,187,W2,SS,shaped,shaped,development_DiagReachK3_s187_W2_SS,3,joint_W2,True,True,False,False,"[9.156681060791016, 9.371589660644531, 9.27888298034668]","[[9.156681060791016, 6.147426128387451, 5.752144813537598, 10.843489646911621], [9.371589660644531, 6.116939544677734, 6.229365348815918, 11.250816345214844], [9.502012252807617, 6.20713472366333, 6.719458103179932, 11.799013137817383]]","[[9.156681060791016, 6.147426128387451, 5.752144813537598, 10.843489646911621], [9.371589660644531, 6.116939544677734, 6.229365348815918, 11.250816345214844], [9.27888298034668, 6.20713472366333, 6.719458103179932, 11.799013137817383]]",shaped,True,True,False,shaped,0.8844896452063317,5.675664901733398,5.675664901733398,"[4.494231224060059, 4.309152126312256, 7.51668643951416]","[4.674451680390796, 4.888340840279211, 8.386678565580013]",0.5515470504760742
DiagReachK3,187,W2,SS,shaped,shaped,development_DiagReachK3_s187_W2_SS,4,old,True,False,False,False,"[9.39887809753418, 9.081314086914062, 9.009979248046875]","[[9.39887809753418, 5.961680889129639, 6.192452907562256, 11.081592559814453], [9.648534774780273, 5.58008337020874, 6.925295829772949, 11.383968353271484], [9.009979248046875, 5.7706804275512695, 5.525449752807617, 10.201045989990234]]","[[9.39887809753418, 5.961680889129639, 6.192452907562256, 11.081592559814453], [9.081314086914062, 5.58008337020874, 6.925295829772949, 11.383968353271484], [9.009979248046875, 5.7706804275512695, 5.525449752807617, 10.201045989990234]]",shaped,True,True,False,shaped,1.0011640912412871,6.284329414367676,6.284329414367676,"[5.235739231109619, 5.3747878074646, 9.198986053466797]","[5.069411970295058, 5.827521396968106, 9.504098336733742]",0.5353710651397705
DiagReachK3,187,W2,SS,shaped,shaped,development_DiagReachK3_s187_W2_SS,5,old,True,False,False,False,"[9.307275772094727, 9.230171203613281, 7.827278137207031]","[[9.307275772094727, 6.047082901000977, 6.202024936676025, 11.144877433776855], [9.230171203613281, 6.677336692810059, 6.006319999694824, 11.606704711914062], [9.59339714050293, 6.190030097961426, 7.249829292297363, 12.260350227355957]]","[[9.307275772094727, 6.047082901000977, 6.202024936676025, 11.144877433776855], [9.230171203613281, 6.677336692810059, 6.006319999694824, 11.606704711914062], [7.827278137207031, 6.190030097961426, 7.249829292297363, 12.260350227355957]]",shaped,True,True,False,shaped,0.7795725064184188,5.937585353851318,5.937585353851318,"[4.749249458312988, 4.727224349975586, 8.120855331420898]","[5.059701007709115, 5.00810383715007, 8.822394923178035]",0.5887718200683594
DiagReachK3,187,W2,SS,shaped,shaped,development_DiagReachK3_s187_W2_SS,6,old,True,False,False,False,"[9.37526798248291, 9.204792022705078, 8.25004768371582]","[[9.37526798248291, 6.102606773376465, 6.248762607574463, 11.265188217163086], [9.204792022705078, 5.16435432434082, 5.747583866119385, 9.892599105834961], [8.25004768371582, 5.4535722732543945, 3.6310267448425293, 8.084599494934082]]","[[9.37526798248291, 6.102606773376465, 6.248762607574463, 11.265188217163086], [9.204792022705078, 5.16435432434082, 5.747583866119385, 9.892599105834961], [8.25004768371582, 5.4535722732543945, 3.6310267448425293, 8.084599494934082]]",shaped,True,True,False,shaped,4.275938983888413,3.7352051734924316,3.7352051734924316,"[4.5561981201171875, 5.206692695617676, 8.563115119934082]","[3.4908339362981935, 4.379864135879044, 6.659220541355047]",0.6311159133911133
DiagReachK3,187,W2,SS,shaped,shaped,development_DiagReachK3_s187_W2_SS,7,old,True,False,False,False,"[9.417830467224121, 9.174053192138672, 9.129697799682617]","[[9.417830467224121, 6.020092964172363, 6.330786228179932, 11.247737884521484], [9.174053192138672, 5.088567733764648, 5.651394844055176, 9.641846656799316], [9.157150268554688, 6.977946758270264, 5.4299235343933105, 11.329608917236328]]","[[9.417830467224121, 6.020092964172363, 6.330786228179932, 11.247737884521484], [9.174053192138672, 5.088567733764648, 5.651394844055176, 9.641846656799316], [9.129697799682617, 6.977946758270264, 5.4299235343933105, 11.329608917236328]]",shaped,True,True,False,shaped,0.6070575965216044,6.569169521331787,6.569169521331787,"[4.384220123291016, 5.21673059463501, 8.317848205566406]","[4.0024067345104095, 5.012802706407386, 7.68117738460776]",0.5785582065582275
DiagReachK3,187,W2,SS,shaped,shaped,development_DiagReachK3_s187_W2_SS,8,old,True,False,False,False,"[9.33090877532959, 9.000399589538574, 7.849493980407715]","[[9.33090877532959, 6.010822772979736, 6.098996639251709, 11.04307746887207], [9.000399589538574, 5.688264846801758, 5.089992046356201, 9.778257369995117], [7.849493980407715, 3.3506648540496826, 4.958405494689941, 7.212038040161133]]","[[9.33090877532959, 6.010822772979736, 6.098996639251709, 11.04307746887207], [9.000399589538574, 5.688264846801758, 5.089992046356201, 9.778257369995117], [7.849493980407715, 3.3506648540496826, 4.958405494689941, 7.212038040161133]]",shaped,True,True,False,shaped,1.8237201664144826,5.003666877746582,5.003666877746582,"[5.436530113220215, 5.785391807556152, 9.982467651367188]","[5.123789220515754, 5.174177868770098, 9.106184291886192]",0.5753500461578369
DiagReachK3,187,W2,SS,shaped,shaped,development_DiagReachK3_s187_W2_SS,9,joint_W2,True,True,False,False,"[9.363856315612793, 9.437020301818848, 9.340169906616211]","[[9.363856315612793, 6.0898661613464355, 6.255717754364014, 11.250956535339355], [9.437020301818848, 5.684804439544678, 6.386277198791504, 11.028820037841797], [9.346407890319824, 6.7951555252075195, 6.111899375915527, 11.784771919250488]]","[[9.363856315612793, 6.0898661613464355, 6.255717754364014, 11.250956535339355], [9.437020301818848, 5.684804439544678, 6.386277198791504, 11.028820037841797], [9.340169906616211, 6.7951555252075195, 6.111899375915527, 11.784771919250488]]",shaped,True,True,False,shaped,0.6558186924393004,6.101910591125488,6.101910591125488,"[4.575285911560059, 4.1979851722717285, 7.614171504974365]","[4.453314438963638, 3.9105935695392278, 7.238257338741914]",0.5950634479522705
DiagReachK3,187,W2,SS,shaped,shaped,development_DiagReachK3_s187_W2_SS,10,old,False,False,False,False,"[9.42434310913086, 9.138798713684082, 8.577608108520508]","[[9.42434310913086, 5.568268775939941, 6.384771347045898, 10.912342071533203], [9.138798713684082, 5.385924816131592, 5.835961818695068, 10.140716552734375], [8.577608108520508, 4.663392543792725, 4.849200248718262, 8.50683879852295]]","[[9.42434310913086, 5.568268775939941, 6.384771347045898, 10.912342071533203], [9.138798713684082, 5.385924816131592, 5.835961818695068, 10.140716552734375], [8.577608108520508, 4.663392543792725, 4.849200248718262, 8.50683879852295]]",shaped,True,True,False,shaped,2.5797960207948014,5.49105978012085,5.49105978012085,"[5.341236114501953, 5.3347859382629395, 9.475581169128418]","[4.474936623149379, 5.044964152078611, 8.29415876848858]",0.5701110363006592
DiagReachK3,187,W2,SS,shaped,shaped,development_DiagReachK3_s187_W2_SS,11,old,True,False,False,False,"[9.38000202178955, 9.25483512878418, 8.518449783325195]","[[9.38000202178955, 5.602167129516602, 6.4026079177856445, 10.959599494934082], [9.25483512878418, 6.116452693939209, 6.072760105133057, 11.17385482788086], [9.099943161010742, 7.698355674743652, 5.781798362731934, 12.435977935791016]]","[[9.38000202178955, 5.602167129516602, 6.4026079177856445, 10.959599494934082], [9.25483512878418, 6.116452693939209, 6.072760105133057, 11.17385482788086], [8.518449783325195, 7.698355674743652, 5.781798362731934, 12.435977935791016]]",shaped,True,True,False,shaped,0.8597029120304335,6.528626918792725,6.528626918792725,"[3.9058139324188232, 5.389507293701172, 7.9718337059021]","[4.242353731615178, 5.363452689939847, 8.404472765165673]",0.5475687980651855
DiagReachK3,187,W2,SS,shaped,shaped,development_DiagReachK3_s187_W2_SS,12,old,True,False,False,False,"[9.425292015075684, 9.033793449401855, 8.412087440490723]","[[9.425292015075684, 5.811258316040039, 6.341344833374023, 11.124443054199219], [9.033793449401855, 5.387491226196289, 5.287693023681641, 9.677549362182617], [8.412087440490723, 4.177316188812256, 4.988659381866455, 8.190177917480469]]","[[9.425292015075684, 5.811258316040039, 6.341344833374023, 11.124443054199219], [9.033793449401855, 5.387491226196289, 5.287693023681641, 9.677549362182617], [8.412087440490723, 4.177316188812256, 4.988659381866455, 8.190177917480469]]",shaped,True,True,False,shaped,2.448486806995335,5.253517150878906,5.253517150878906,"[5.202849388122559, 4.745118141174316, 8.799005508422852]","[4.369470527689322, 4.0639845071816385, 7.31072333898371]",0.5797717571258545
DiagReachK3,187,W2,SS,shaped,shaped,development_DiagReachK3_s187_W2_SS,13,old,False,False,False,False,"[9.428654670715332, 9.087735176086426, 8.755571365356445]","[[9.428654670715332, 5.612405776977539, 6.285279273986816, 10.861160278320312], [9.163995742797852, 4.844839096069336, 6.599139213562012, 10.4049072265625], [8.755571365356445, 4.517186164855957, 5.4881134033203125, 8.993963241577148]]","[[9.428654670715332, 5.612405776977539, 6.285279273986816, 10.861160278320312], [9.087735176086426, 4.844839096069336, 6.599139213562012, 10.4049072265625], [8.755571365356445, 4.517186164855957, 5.4881134033203125, 8.993963241577148]]",shaped,True,True,False,shaped,1.2859579461872996,5.640867710113525,5.640867710113525,"[5.464484214782715, 5.151734352111816, 9.430078506469727]","[3.843246252380833, 5.563541065608165, 8.186427470471594]",0.6496908664703369
DiagReachK3,187,W2,SS,shaped,shaped,development_DiagReachK3_s187_W2_SS,14,joint_W2,False,False,False,False,"[9.41207504272461, 9.233524322509766, 8.269365310668945]","[[9.412813186645508, 5.727380752563477, 6.381752967834473, 11.06717300415039], [9.233524322509766, 5.656212329864502, 5.651784420013428, 10.281822204589844], [9.358466148376465, 4.991222381591797, 7.044329643249512, 10.85476303100586]]","[[9.41207504272461, 5.727380752563477, 6.381752967834473, 11.06717300415039], [9.233524322509766, 5.656212329864502, 5.651784420013428, 10.281822204589844], [8.269365310668945, 4.991222381591797, 7.044329643249512, 10.85476303100586]]",shaped,True,True,False,shaped,1.401695542632017,5.976984977722168,5.976984977722168,"[5.255789756774902, 4.190208435058594, 8.215959548950195]","[5.133257991600668, 3.8036488992423325, 7.728785782368084]",0.6724145412445068
DiagReachK3,187,W2,SS,shaped,shaped,development_DiagReachK3_s187_W2_SS,15,old,False,False,False,False,"[9.430347442626953, 9.308281898498535, 6.656091690063477]","[[9.4401216506958, 5.68596076965332, 6.389338493347168, 11.044999122619629], [9.576932907104492, 6.026474952697754, 6.742722988128662, 11.707635879516602], [9.552156448364258, 5.3548126220703125, 7.907008171081543, 12.145394325256348]]","[[9.430347442626953, 5.68596076965332, 6.389338493347168, 11.044999122619629], [9.308281898498535, 6.026474952697754, 6.742722988128662, 11.707635879516602], [6.656091690063477, 5.3548126220703125, 7.907008171081543, 12.145394325256348]]",shaped,True,True,False,shaped,0.4100012934958498,6.724923610687256,6.724923610687256,"[4.975345134735107, 3.911215305328369, 7.717173099517822]","[4.642408884657774, 4.3821507017582695, 7.868742362667835]",0.68147873878479
DiagReachK3,187,W2,SS,shaped,shaped,development_DiagReachK3_s187_W2_SS,16,old,True,False,False,False,"[9.388750076293945, 9.093219757080078, 8.504966735839844]","[[9.388750076293945, 5.699615478515625, 6.258386611938477, 10.927803039550781], [9.093219757080078, 5.622082710266113, 5.499456882476807, 10.116744041442871], [8.504966735839844, 4.877806663513184, 4.487588405609131, 8.367801666259766]]","[[9.388750076293945, 5.699615478515625, 6.258386611938477, 10.927803039550781], [9.093219757080078, 5.622082710266113, 5.499456882476807, 10.116744041442871], [8.504966735839844, 4.877806663513184, 4.487588405609131, 8.367801666259766]]",shaped,True,True,False,shaped,2.0954964213611027,5.400441646575928,5.400441646575928,"[4.764466285705566, 5.477120399475098, 9.104573249816895]","[3.9772340211736372, 3.066847508203183, 5.808294318303545]",0.5805981159210205
DiagReachK3,187,W2,SS,shaped,shaped,development_DiagReachK3_s187_W2_SS,17,old,True,False,False,False,"[9.431729316711426, 9.13122272491455, 8.214217185974121]","[[9.431729316711426, 5.640443801879883, 6.361367225646973, 10.960216522216797], [9.13122272491455, 5.357243537902832, 5.488951683044434, 9.831620216369629], [8.214217185974121, 4.409585952758789, 4.372659683227539, 7.784750938415527]]","[[9.431729316711426, 5.640443801879883, 6.361367225646973, 10.960216522216797], [9.13122272491455, 5.357243537902832, 5.488951683044434, 9.831620216369629], [8.214217185974121, 4.409585952758789, 4.372659683227539, 7.784750938415527]]",shaped,True,True,False,shaped,4.333440077936833,4.2878522872924805,4.2878522872924805,"[5.5422210693359375, 4.766558647155762, 8.9729642868042]","[4.984761543759977, 3.9450098600244745, 7.602627787854237]",0.5735454559326172
DiagReachK3,187,W2,SS,shaped,shaped,development_DiagReachK3_s187_W2_SS,18,old,True,False,False,False,"[9.385344505310059, 9.105386734008789, 8.885339736938477]","[[9.385344505310059, 5.812008857727051, 6.318048477172852, 11.076457023620605], [9.11001968383789, 6.662109375, 5.741299152374268, 11.36651611328125], [8.885339736938477, 6.231271266937256, 4.942446231842041, 10.167962074279785]]","[[9.385344505310059, 5.812008857727051, 6.318048477172852, 11.076457023620605], [9.105386734008789, 6.662109375, 5.741299152374268, 11.36651611328125], [8.885339736938477, 6.231271266937256, 4.942446231842041, 10.167962074279785]]",shaped,True,True,False,shaped,1.3088603925469549,6.257691860198975,6.257691860198975,"[5.153809547424316, 5.268319606781006, 9.120805740356445]","[5.661560617731152, 4.657191151479439, 9.089566865315627]",0.5722899436950684
DiagReachK3,187,W2,SS,shaped,shaped,development_DiagReachK3_s187_W2_SS,19,old,False,False,False,False,"[9.357033729553223, 9.031135559082031, 8.830245971679688]","[[9.36080265045166, 5.836860656738281, 6.406360626220703, 11.191719055175781], [9.448857307434082, 6.12515115737915, 6.910885810852051, 12.013413429260254], [8.877236366271973, 6.990555763244629, 4.862254619598389, 10.845708847045898]]","[[9.357033729553223, 5.836860656738281, 6.406360626220703, 11.191719055175781], [9.031135559082031, 6.12515115737915, 6.910885810852051, 12.013413429260254], [8.830245971679688, 6.990555763244629, 4.862254619598389, 10.845708847045898]]",shaped,True,True,False,shaped,0.8222224910659571,5.931389331817627,5.931389331817627,"[4.5627264976501465, 4.607047080993652, 7.940262794494629]","[5.110147597793097, 4.489104528074659, 8.391895999070304]",0.5699882507324219
DiagReachK3,187,W2,SS,shaped,shaped,development_DiagReachK3_s187_W2_SS,20,full_PPO,False,False,False,False,"[9.409664154052734, 9.126482009887695, 8.004155158996582]","[[9.428736686706543, 5.60859489440918, 6.411020755767822, 10.974787712097168], [9.15803337097168, 4.835461139678955, 6.449261665344238, 10.223316192626953], [8.004155158996582, 3.326164960861206, 5.538393974304199, 7.838212013244629]]","[[9.409664154052734, 5.60859489440918, 6.411020755767822, 10.974787712097168], [9.126482009887695, 4.835461139678955, 6.449261665344238, 10.223316192626953], [8.004155158996582, 3.326164960861206, 5.538393974304199, 7.838212013244629]]",shaped,True,True,False,shaped,2.841631718015276,4.670914649963379,4.670914649963379,"[4.488733291625977, 4.888044834136963, 8.284014701843262]","[3.8569798295234574, 4.6540675220309256, 7.402585544643774]",0.5663814544677734
DiagReachK3,187,W2,SS,shaped,shaped,development_DiagReachK3_s187_W2_SS,21,joint_W2,True,True,False,False,"[9.382453918457031, 9.298768043518066, 9.147859573364258]","[[9.407048225402832, 5.796450614929199, 6.461562156677246, 11.197710037231445], [9.298768043518066, 5.461554050445557, 6.0323991775512695, 10.464691162109375], [9.147859573364258, 5.5717453956604, 5.648625373840332, 10.21245002746582]]","[[9.382453918457031, 5.796450614929199, 6.461562156677246, 11.197710037231445], [9.298768043518066, 5.461554050445557, 6.0323991775512695, 10.464691162109375], [9.147859573364258, 5.5717453956604, 5.648625373840332, 10.21245002746582]]",shaped,True,True,False,shaped,2.8193737790413973,5.599450588226318,5.599450588226318,"[6.049774169921875, 4.598538875579834, 9.510530471801758]","[5.478644423666955, 4.467761956222133, 8.814425783328648]",0.7357141971588135
DiagReachK3,187,W2,SS,shaped,shaped,development_DiagReachK3_s187_W2_SS,22,old,True,False,False,False,"[9.270299911499023, 8.999170303344727, 7.973536014556885]","[[9.270299911499023, 5.450189113616943, 5.978410720825195, 10.410799026489258], [8.999170303344727, 4.800915718078613, 6.100529670715332, 9.868739128112793], [7.973536014556885, 3.2154455184936523, 5.298007488250732, 7.463173866271973]]","[[9.270299911499023, 5.450189113616943, 5.978410720825195, 10.410799026489258], [8.999170303344727, 4.800915718078613, 6.100529670715332, 9.868739128112793], [7.973536014556885, 3.2154455184936523, 5.298007488250732, 7.463173866271973]]",shaped,True,True,False,shaped,2.274229941548497,5.365029811859131,5.365029811859131,"[4.94747257232666, 4.547745704650879, 8.315960884094238]","[3.8544382517782814, 4.158346481931793, 6.905631980912355]",0.5472729206085205
DiagReachK3,187,W2,SS,shaped,shaped,development_DiagReachK3_s187_W2_SS,23,old,True,False,False,False,"[9.33897590637207, 8.75695514678955, 8.091318130493164]","[[9.33897590637207, 5.402961730957031, 5.910552024841309, 10.301578521728516], [8.75695514678955, 5.012045860290527, 5.115444183349609, 9.09068775177002], [8.091318130493164, 3.515751838684082, 4.804383277893066, 7.263162612915039]]","[[9.33897590637207, 5.402961730957031, 5.910552024841309, 10.301578521728516], [8.75695514678955, 5.012045860290527, 5.115444183349609, 9.09068775177002], [8.091318130493164, 3.515751838684082, 4.804383277893066, 7.263162612915039]]",shaped,True,True,False,shaped,1.6766622933559852,5.457291603088379,5.457291603088379,"[5.138411521911621, 5.2063398361206055, 9.17289924621582]","[4.39115406308048, 4.627324152500847, 7.848210033238789]",0.5696613788604736
DiagReachK3,187,W2,SS,shaped,shaped,development_DiagReachK3_s187_W2_SS,24,old,True,False,False,False,"[9.283658027648926, 8.97678279876709, 8.346404075622559]","[[9.283658027648926, 5.4371232986450195, 5.928960800170898, 10.3503999710083], [8.97678279876709, 4.787428855895996, 5.315507888793945, 9.078519821166992], [8.346404075622559, 3.447869062423706, 6.274860382080078, 8.63781452178955]]","[[9.283658027648926, 5.4371232986450195, 5.928960800170898, 10.3503999710083], [8.97678279876709, 4.787428855895996, 5.315507888793945, 9.078519821166992], [8.346404075622559, 3.447869062423706, 6.274860382080078, 8.63781452178955]]",shaped,True,True,False,shaped,1.5797555400578407,6.439448356628418,6.439448356628418,"[5.857246398925781, 4.995201110839844, 9.733396530151367]","[4.983412987136876, 4.89206627604468, 8.76579612393105]",0.6587924957275391
