env,seed,metric,combo,inner_reward,outer_reward,job,cycle,steps,phase,episodes,raw_reward,shaped_reward,penalty,joint,any_event,cost_mean,event,excess
DiagReachK2,180,KL,RR,raw,raw,development_DiagReachK2_s180_KL_RR,0,480,exploration,20,3.2241866626008417,3.0743336416943934,0.14985302090644836,0.1,0.05,"[1.5594119757413865, 1.6262317836284637]","[0.05, 0.05]","[0.0009512583414713505, 0.015306381384531654]"
DiagReachK2,180,KL,RR,raw,raw,development_DiagReachK2_s180_KL_RR,0,480,selection,12,3.7379686241426193,3.7379686241426193,0.0,0.0,0.0,"[0.34968603650728863, 1.0887811457117398]","[0.0, 0.0]","[0.0, 0.0]"
DiagReachK2,180,KL,RR,raw,raw,development_DiagReachK2_s180_KL_RR,0,480,acceptance,8,4.2181462437147275,4.2181462437147275,0.0,0.0,0.0,"[0.6755631566047668, 1.260714951902628]","[0.0, 0.0]","[0.0, 0.0]"
DiagReachK2,180,KL,RR,raw,raw,development_DiagReachK2_s180_KL_RR,1,960,exploration,20,4.680874697079998,4.047889611831051,0.6329850852489471,0.15,0.1,"[2.2841935262084005, 2.948697417974472]","[0.05, 0.1]","[0.003461587429046631, 0.044056046009063723]"
DiagReachK2,180,KL,RR,raw,raw,development_DiagReachK2_s180_KL_RR,1,960,selection,12,6.7307353180677945,6.7307353180677945,0.0,0.3333333333333333,0.0,"[2.4524287482102713, 2.8102837602297464]","[0.0, 0.0]","[0.0, 0.0]"
DiagReachK2,180,KL,RR,raw,raw,development_DiagReachK2_s180_KL_RR,1,960,acceptance,8,6.842277829254454,6.842277829254454,0.0,0.5,0.0,"[2.9393168687820435, 2.5165653973817825]","[0.0, 0.0]","[0.0, 0.0]"
DiagReachK2,180,KL,RR,raw,raw,development_DiagReachK2_s180_KL_RR,2,1440,exploration,20,6.959208891924353,5.112235353525611,1.8469735383987427,0.1,0.45,"[4.297142696380615, 4.123238010704517]","[0.3, 0.2]","[0.053297034899393726, 0.07144033511479696]"
DiagReachK2,180,KL,RR,raw,raw,development_DiagReachK2_s180_KL_RR,2,1440,selection,12,7.954872886475641,7.940980434553542,0.013892451922098795,0.6666666666666666,0.25,"[5.278872052828471, 2.9413349827130637]","[0.25, 0.0]","[0.0027784903844197593, 0.0]"
DiagReachK2,180,KL,RR,raw,raw,development_DiagReachK2_s180_KL_RR,2,1440,acceptance,8,8.170329955629132,8.170329955629132,0.0,1.0,0.0,"[4.8136308789253235, 3.57059583067894]","[0.0, 0.0]","[0.0, 0.0]"
DiagReachK2,180,KL,RR,raw,raw,development_DiagReachK2_s180_KL_RR,3,1920,exploration,20,6.774983607020696,4.708712138023693,2.0662714689970016,0.15,0.35,"[4.751658153533936, 3.6332357689738273]","[0.25, 0.15]","[0.05866527954737345, 0.053729462623596194]"
DiagReachK2,180,KL,RR,raw,raw,development_DiagReachK2_s180_KL_RR,3,1920,selection,12,8.437863741690913,8.377168182904521,0.06069555878639221,0.75,0.25,"[5.45139741897583, 3.792127768198649]","[0.25, 0.0]","[0.012139115068647602, 0.0]"
DiagReachK2,180,KL,RR,raw,raw,development_DiagReachK2_s180_KL_RR,3,1920,acceptance,8,8.408744736830704,8.408744736830704,0.0,1.0,0.0,"[5.427733421325684, 3.783596098423004]","[0.0, 0.0]","[0.0, 0.0]"
DiagReachK2,180,KL,RR,raw,raw,development_DiagReachK2_s180_KL_RR,4,2400,exploration,20,7.191199003265355,6.235495372221921,0.9557036310434341,0.15,0.4,"[4.814907610416412, 3.9323454305529593]","[0.3, 0.15]","[0.049560141563415525, 0.012807480494181322]"
DiagReachK2,180,KL,RR,raw,raw,development_DiagReachK2_s180_KL_RR,4,2400,selection,12,8.667009089516554,8.628698154416634,0.03831093509991964,0.75,0.25,"[5.408852299054463, 4.456827799479167]","[0.25, 0.0]","[0.007662183708614767, 0.0]"
DiagReachK2,180,KL,RR,raw,raw,development_DiagReachK2_s180_KL_RR,4,2400,acceptance,8,8.699523336754647,8.699523336754647,0.0,1.0,0.0,"[5.098376989364624, 4.647733688354492]","[0.0, 0.0]","[0.0, 0.0]"
DiagReachK2,180,KL,RR,raw,raw,development_DiagReachK2_s180_KL_RR,5,2880,exploration,20,7.736767467960016,6.236229454084532,1.5005380138754845,0.25,0.5,"[4.899539226293564, 5.459930515289306]","[0.2, 0.35]","[0.020611353715260815, 0.07884796460469565]"
DiagReachK2,180,KL,RR,raw,raw,development_DiagReachK2_s180_KL_RR,5,2880,selection,12,8.878718379564816,8.878718379564816,0.0,1.0,0.0,"[5.222513755162557, 4.989361147085826]","[0.0, 0.0]","[0.0, 0.0]"
DiagReachK2,180,KL,RR,raw,raw,development_DiagReachK2_s180_KL_RR,5,2880,acceptance,8,9.022593006890382,9.022593006890382,0.0,1.0,0.0,"[5.186290860176086, 5.445496082305908]","[0.0, 0.0]","[0.0, 0.0]"
DiagReachK2,180,KL,RR,raw,raw,development_DiagReachK2_s180_KL_RR,6,3360,exploration,20,7.470458827711991,6.035062998332432,1.4353958293795586,0.25,0.55,"[4.45428287088871, 5.434600853919983]","[0.3, 0.4]","[0.040687942504882814, 0.06671202977498372]"
DiagReachK2,180,KL,RR,raw,raw,development_DiagReachK2_s180_KL_RR,6,3360,selection,12,8.95198421612149,8.95198421612149,0.0,1.0,0.0,"[5.666682044665019, 4.934469660123189]","[0.0, 0.0]","[0.0, 0.0]"
DiagReachK2,180,KL,RR,raw,raw,development_DiagReachK2_s180_KL_RR,6,3360,acceptance,8,9.199251316770095,9.199251316770095,0.0,1.0,0.0,"[5.548001766204834, 5.498401463031769]","[0.0, 0.0]","[0.0, 0.0]"
DiagReachK2,180,KL,RR,raw,raw,development_DiagReachK2_s180_KL_RR,7,3840,exploration,20,7.166507916532282,5.163478644572024,2.0030292719602585,0.15,0.45,"[4.67913926243782, 4.589844197034836]","[0.25, 0.25]","[0.058073039849599196, 0.06639204025268555]"
DiagReachK2,180,KL,RR,raw,raw,development_DiagReachK2_s180_KL_RR,7,3840,selection,12,9.164809058102156,8.865147526057745,0.2996615320444107,0.6666666666666666,0.3333333333333333,"[6.117089072863261, 5.0731310447057085]","[0.3333333333333333, 0.3333333333333333]","[0.03598229752646551, 0.008727762434217653]"
DiagReachK2,180,KL,RR,raw,raw,development_DiagReachK2_s180_KL_RR,7,3840,acceptance,8,9.290430692568771,9.290430692568771,0.0,1.0,0.0,"[5.727046966552734, 5.5148903131484985]","[0.0, 0.0]","[0.0, 0.0]"
DiagReachK2,180,KL,RR,raw,raw,development_DiagReachK2_s180_KL_RR,8,4320,exploration,20,7.534103471094275,6.224155473762657,1.3099479973316193,0.3,0.45,"[4.90655837059021, 4.592716455459595]","[0.3, 0.3]","[0.05403567155202229, 0.046191294987996415]"
DiagReachK2,180,KL,RR,raw,raw,development_DiagReachK2_s180_KL_RR,8,4320,selection,12,9.08882771512314,8.889983391567512,0.19884432355562845,0.6666666666666666,0.3333333333333333,"[5.790786266326904, 4.9860948125521345]","[0.3333333333333333, 0.0]","[0.029687152968512653, 0.0]"
DiagReachK2,180,KL,RR,raw,raw,development_DiagReachK2_s180_KL_RR,8,4320,acceptance,8,9.35121294169221,9.35121294169221,0.0,1.0,0.0,"[5.786824703216553, 5.630091547966003]","[0.0, 0.0]","[0.0, 0.0]"
DiagReachK2,180,KL,RR,raw,raw,development_DiagReachK2_s180_KL_RR,9,4800,exploration,20,7.943235469945066,6.20799229849159,1.735243171453476,0.05,0.85,"[5.667994201183319, 5.262407523393631]","[0.45, 0.4]","[0.06038707097371419, 0.07518748044967652]"
DiagReachK2,180,KL,RR,raw,raw,development_DiagReachK2_s180_KL_RR,9,4800,selection,12,9.006189532449936,8.802461179466142,0.20372835298379263,0.5833333333333334,0.4166666666666667,"[5.775909582773845, 5.058541337649028]","[0.4166666666666667, 0.0]","[0.030905531512366396, 0.0]"
DiagReachK2,180,KL,RR,raw,raw,development_DiagReachK2_s180_KL_RR,9,4800,acceptance,8,8.829701223813753,8.829701223813753,0.0,1.0,0.0,"[5.284607350826263, 4.716274946928024]","[0.0, 0.0]","[0.0, 0.0]"
DiagReachK2,180,KL,RR,raw,raw,development_DiagReachK2_s180_KL_RR,10,5280,exploration,20,7.6652571827685465,4.942870181850158,2.7223870009183884,0.2,0.65,"[5.6059690654277805, 4.622321426868439]","[0.45, 0.3]","[0.09803857803344726, 0.06992012659708659]"
DiagReachK2,180,KL,RR,raw,raw,development_DiagReachK2_s180_KL_RR,10,5280,selection,12,9.093665990935309,8.607544912603043,0.4861210783322652,0.6666666666666666,0.3333333333333333,"[5.258262117703755, 5.609720508257548]","[0.0, 0.3333333333333333]","[0.0, 0.040818823708428285]"
DiagReachK2,180,KL,RR,raw,raw,development_DiagReachK2_s180_KL_RR,10,5280,acceptance,8,9.324974929602469,9.324974929602469,0.0,1.0,0.0,"[5.788495779037476, 5.558069229125977]","[0.0, 0.0]","[0.0, 0.0]"
DiagReachK2,180,KL,RR,raw,raw,development_DiagReachK2_s180_KL_RR,11,5760,exploration,20,7.253361952005069,5.542137440739316,1.7112245112657547,0.3,0.45,"[5.1072348892688755, 4.149816161394119]","[0.3, 0.2]","[0.09766862789789835, 0.03426058689753214]"
DiagReachK2,180,KL,RR,raw,raw,development_DiagReachK2_s180_KL_RR,11,5760,selection,12,9.24123150678012,9.216266647691858,0.02496485908826192,0.8333333333333334,0.16666666666666666,"[5.466029167175293, 5.6377854347229]","[0.16666666666666666, 0.0]","[0.0049929751290215445, 0.0]"
DiagReachK2,180,KL,RR,raw,raw,development_DiagReachK2_s180_KL_RR,11,5760,acceptance,8,9.300699973123846,9.300699973123846,0.0,1.0,0.0,"[5.759680986404419, 5.481090784072876]","[0.0, 0.0]","[0.0, 0.0]"
DiagReachK2,180,KL,RR,raw,raw,development_DiagReachK2_s180_KL_RR,12,6240,exploration,20,7.0768462044931955,6.497318811509759,0.5795273929834366,0.3,0.55,"[4.671038639545441, 3.9820395037531853]","[0.35, 0.25]","[0.03566497564315796, 0.027540290355682374]"
DiagReachK2,180,KL,RR,raw,raw,development_DiagReachK2_s180_KL_RR,12,6240,selection,12,9.556959947390714,8.659842839284101,0.8971171081066132,0.25,0.75,"[6.515898108482361, 5.930723865826924]","[0.75, 0.5833333333333334]","[0.09387148751152885, 0.013986872302161316]"
DiagReachK2,180,KL,RR,raw,raw,development_DiagReachK2_s180_KL_RR,12,6240,acceptance,8,9.321160732221323,9.301628290128427,0.019532442092895508,0.5,0.5,"[5.907289743423462, 5.599721193313599]","[0.5, 0.0]","[0.003906508286794064, 0.0]"
DiagReachK2,180,KL,RR,raw,raw,development_DiagReachK2_s180_KL_RR,13,6720,exploration,20,7.715363638440321,5.634968491235922,2.080395147204399,0.1,0.65,"[5.228935241699219, 5.40687580704689]","[0.3, 0.5]","[0.08012445370356241, 0.05836809873580932]"
DiagReachK2,180,KL,RR,raw,raw,development_DiagReachK2_s180_KL_RR,13,6720,selection,12,9.232594050042584,9.086144345077628,0.14644970496495566,0.6666666666666666,0.3333333333333333,"[5.757553815841675, 5.321872552235921]","[0.3333333333333333, 0.0]","[0.023503197564019102, 0.0]"
DiagReachK2,180,KL,RR,raw,raw,development_DiagReachK2_s180_KL_RR,13,6720,acceptance,8,9.309456075445633,9.309456075445633,0.0,1.0,0.0,"[5.7822569608688354, 5.496910333633423]","[0.0, 0.0]","[0.0, 0.0]"
DiagReachK2,180,KL,RR,raw,raw,development_DiagReachK2_s180_KL_RR,14,7200,exploration,20,7.285498554002842,6.0435150807019085,1.2419834733009338,0.15,0.55,"[5.6737482905387875, 3.846934449672699]","[0.5, 0.05]","[0.10644607146581012, 0.0008364041646321651]"
DiagReachK2,180,KL,RR,raw,raw,development_DiagReachK2_s180_KL_RR,14,7200,selection,12,9.103995141000025,9.026947643965952,0.07704749703407288,0.6666666666666666,0.3333333333333333,"[5.438043117523193, 5.480436563491821]","[0.3333333333333333, 0.0]","[0.015409496095445415, 0.0]"
DiagReachK2,180,KL,RR,raw,raw,development_DiagReachK2_s180_KL_RR,14,7200,acceptance,8,9.273048516715063,9.273048516715063,0.0,1.0,0.0,"[5.8598473072052, 5.486906290054321]","[0.0, 0.0]","[0.0, 0.0]"
DiagReachK2,180,KL,RR,raw,raw,development_DiagReachK2_s180_KL_RR,15,7680,exploration,20,7.93938849806087,4.928158848874736,3.0112296491861343,0.25,0.6,"[5.676227998733521, 5.650316083431244]","[0.45, 0.3]","[0.11858735084533692, 0.0873207688331604]"
DiagReachK2,180,KL,RR,raw,raw,development_DiagReachK2_s180_KL_RR,15,7680,selection,12,8.83061557169943,8.828482669156681,0.0021329025427500405,0.9166666666666666,0.08333333333333333,"[4.993106285730998, 5.106425921122233]","[0.08333333333333333, 0.0]","[0.0004265838199191685, 0.0]"
DiagReachK2,180,KL,RR,raw,raw,development_DiagReachK2_s180_KL_RR,15,7680,acceptance,8,9.15380252498926,9.15380252498926,0.0,1.0,0.0,"[5.502882719039917, 5.472824335098267]","[0.0, 0.0]","[0.0, 0.0]"
DiagReachK2,180,KL,RR,raw,raw,development_DiagReachK2_s180_KL_RR,16,8160,exploration,20,7.737911960888269,6.619440725851419,1.11847123503685,0.35,0.4,"[5.45628000497818, 4.65866985321045]","[0.3, 0.1]","[0.08004685242970785, 0.011825390656789147]"
DiagReachK2,180,KL,RR,raw,raw,development_DiagReachK2_s180_KL_RR,16,8160,selection,12,9.328925991918732,9.16933018452534,0.15959580739339194,0.6666666666666666,0.3333333333333333,"[5.652636448542277, 5.731495022773743]","[0.3333333333333333, 0.3333333333333333]","[0.01632170544730292, 0.011898855368296305]"
DiagReachK2,180,KL,RR,raw,raw,development_DiagReachK2_s180_KL_RR,16,8160,acceptance,8,9.329764805623562,9.32594727713731,0.003817528486251831,0.75,0.25,"[5.722764253616333, 5.600719451904297]","[0.25, 0.0]","[0.0007634957631428851, 0.0]"
DiagReachK2,180,KL,RR,raw,raw,development_DiagReachK2_s180_KL_RR,17,8640,exploration,20,7.445146221746045,6.286152023900586,1.158994197845459,0.25,0.4,"[4.639193773269653, 4.570589429140091]","[0.25, 0.2]","[0.039010580380757644, 0.046774752934773754]"
DiagReachK2,180,KL,RR,raw,raw,development_DiagReachK2_s180_KL_RR,17,8640,selection,12,9.200830937290448,9.085891724491375,0.11493921279907227,0.6666666666666666,0.3333333333333333,"[5.845063050587972, 5.324322938919067]","[0.3333333333333333, 0.0]","[0.021717078155941445, 0.0]"
DiagReachK2,180,KL,RR,raw,raw,development_DiagReachK2_s180_KL_RR,17,8640,acceptance,8,9.336515792951104,9.336515792951104,0.0,1.0,0.0,"[5.877324461936951, 5.544766664505005]","[0.0, 0.0]","[0.0, 0.0]"
DiagReachK2,180,KL,RR,raw,raw,development_DiagReachK2_s180_KL_RR,18,9120,exploration,20,7.31539259542711,5.621632230179383,1.6937603652477264,0.25,0.45,"[4.368171381950378, 4.920724973082542]","[0.15, 0.3]","[0.040567243099212655, 0.06915588776270548]"
DiagReachK2,180,KL,RR,raw,raw,development_DiagReachK2_s180_KL_RR,18,9120,selection,12,9.280189852282637,9.242118552689984,0.03807129959265391,0.6666666666666666,0.3333333333333333,"[5.88785986105601, 5.573078910509746]","[0.3333333333333333, 0.16666666666666666]","[0.00551233026716443, 0.002049856715732138]"
DiagReachK2,180,KL,RR,raw,raw,development_DiagReachK2_s180_KL_RR,18,9120,acceptance,8,9.341876837718882,9.341876837718882,0.0,1.0,0.0,"[5.881340265274048, 5.561450481414795]","[0.0, 0.0]","[0.0, 0.0]"
DiagReachK2,180,KL,RR,raw,raw,development_DiagReachK2_s180_KL_RR,19,9600,exploration,20,7.830265543460847,4.6059327936172485,3.2243327498435974,0.25,0.5,"[5.531826472282409, 5.27112489938736]","[0.35, 0.3]","[0.12612037658691405, 0.06914151509602864]"
DiagReachK2,180,KL,RR,raw,raw,development_DiagReachK2_s180_KL_RR,19,9600,selection,12,9.186077907829409,9.086362068999732,0.09971583882967631,0.6666666666666666,0.3333333333333333,"[5.64220404624939, 5.362500627835591]","[0.3333333333333333, 0.0]","[0.019870963361528177, 0.0]"
DiagReachK2,180,KL,RR,raw,raw,development_DiagReachK2_s180_KL_RR,19,9600,acceptance,8,9.314834294604951,9.314834294604951,0.0,1.0,0.0,"[5.686069965362549, 5.596763491630554]","[0.0, 0.0]","[0.0, 0.0]"
DiagReachK2,180,KL,RR,raw,raw,development_DiagReachK2_s180_KL_RR,20,10080,exploration,20,7.425636320998892,6.0691565868165345,1.3564797341823578,0.3,0.4,"[4.6804193437099455, 4.576984852552414]","[0.25, 0.15]","[0.023686492443084718, 0.06378623644510904]"
DiagReachK2,180,KL,RR,raw,raw,development_DiagReachK2_s180_KL_RR,20,10080,selection,12,9.090452283446819,8.789670879468153,0.30078140397866565,0.5833333333333334,0.4166666666666667,"[6.160857558250427, 5.033623298009236]","[0.4166666666666667, 0.0]","[0.040833983156416155, 0.0]"
DiagReachK2,180,KL,RR,raw,raw,development_DiagReachK2_s180_KL_RR,20,10080,acceptance,8,8.879695236298721,8.879695236298721,0.0,1.0,0.0,"[5.667487978935242, 4.595615774393082]","[0.0, 0.0]","[0.0, 0.0]"
DiagReachK2,180,KL,RR,raw,raw,development_DiagReachK2_s180_KL_RR,21,10560,exploration,20,7.642585138747236,5.419105435678502,2.223479703068733,0.1,0.6,"[5.232804781198501, 5.101578724384308]","[0.35, 0.35]","[0.07007413705190023, 0.07535489002863566]"
DiagReachK2,180,KL,RR,raw,raw,development_DiagReachK2_s180_KL_RR,21,10560,selection,12,8.997164305660894,8.775219158941278,0.22194514671961466,0.6666666666666666,0.3333333333333333,"[5.509305755297343, 5.16005402803421]","[0.3333333333333333, 0.3333333333333333]","[0.025845163398318827, 0.009212374687194843]"
DiagReachK2,180,KL,RR,raw,raw,development_DiagReachK2_s180_KL_RR,21,10560,acceptance,8,9.317587782841292,9.317587782841292,0.0,1.0,0.0,"[5.7923277616500854, 5.577666878700256]","[0.0, 0.0]","[0.0, 0.0]"
DiagReachK2,180,KL,RR,raw,raw,development_DiagReachK2_s180_KL_RR,22,11040,exploration,20,7.802981633825693,5.1039218792156325,2.6990597546100616,0.2,0.55,"[5.608576679229737, 4.8196519136428835]","[0.45, 0.2]","[0.11870798667271934, 0.04532830317815145]"
DiagReachK2,180,KL,RR,raw,raw,development_DiagReachK2_s180_KL_RR,22,11040,selection,12,9.01756859738004,8.807628049635605,0.20994054774443308,0.5833333333333334,0.4166666666666667,"[5.278349717458089, 5.430379629135132]","[0.25, 0.3333333333333333]","[0.005060878064897319, 0.02297396792305841]"
DiagReachK2,180,KL,RR,raw,raw,development_DiagReachK2_s180_KL_RR,22,11040,acceptance,8,8.726047128129814,8.726047128129814,0.0,1.0,0.0,"[4.826066732406616, 5.096851944923401]","[0.0, 0.0]","[0.0, 0.0]"
DiagReachK2,180,KL,RR,raw,raw,development_DiagReachK2_s180_KL_RR,23,11520,exploration,20,7.788397553536923,6.299782785747083,1.4886147677898407,0.3,0.5,"[5.460052114725113, 4.598835563659668]","[0.35, 0.2]","[0.07895912329355877, 0.03050828377405802]"
DiagReachK2,180,KL,RR,raw,raw,development_DiagReachK2_s180_KL_RR,23,11520,selection,12,9.164352835790487,8.99272697327154,0.17162586251894632,0.6666666666666666,0.3333333333333333,"[5.593166947364807, 5.329408685366313]","[0.0, 0.3333333333333333]","[0.0, 0.02046246661080255]"
DiagReachK2,180,KL,RR,raw,raw,development_DiagReachK2_s180_KL_RR,23,11520,acceptance,8,9.343646723404525,9.343646723404525,0.0,1.0,0.0,"[5.811891794204712, 5.657406568527222]","[0.0, 0.0]","[0.0, 0.0]"
DiagReachK2,180,KL,RR,raw,raw,development_DiagReachK2_s180_KL_RR,24,12000,exploration,20,7.421159378617612,5.824585623472539,1.596573755145073,0.25,0.5,"[5.123624527454377, 4.356768065690995]","[0.35, 0.25]","[0.09600252310434977, 0.025159025192260744]"
DiagReachK2,180,KL,RR,raw,raw,development_DiagReachK2_s180_KL_RR,24,12000,selection,12,9.396273093380538,9.123242494422204,0.2730305989583333,0.3333333333333333,0.6666666666666666,"[5.691109776496887, 5.941244006156921]","[0.3333333333333333, 0.3333333333333333]","[0.01445266273286607, 0.02218925952911377]"
DiagReachK2,180,KL,RR,raw,raw,development_DiagReachK2_s180_KL_RR,24,12000,acceptance,8,9.278192450024653,9.278192450024653,0.0,1.0,0.0,"[5.665889859199524, 5.5163047313690186]","[0.0, 0.0]","[0.0, 0.0]"
DiagReachK2,180,KL,RS,raw,shaped,development_DiagReachK2_s180_KL_RS,0,480,exploration,20,3.2241866626008417,3.0743336416943934,0.14985302090644836,0.1,0.05,"[1.5594119757413865, 1.6262317836284637]","[0.05, 0.05]","[0.0009512583414713505, 0.015306381384531654]"
DiagReachK2,180,KL,RS,raw,shaped,development_DiagReachK2_s180_KL_RS,0,480,selection,12,3.7379686241426193,3.7379686241426193,0.0,0.0,0.0,"[0.34968603650728863, 1.0887811457117398]","[0.0, 0.0]","[0.0, 0.0]"
DiagReachK2,180,KL,RS,raw,shaped,development_DiagReachK2_s180_KL_RS,0,480,acceptance,8,4.2181462437147275,4.2181462437147275,0.0,0.0,0.0,"[0.6755631566047668, 1.260714951902628]","[0.0, 0.0]","[0.0, 0.0]"
DiagReachK2,180,KL,RS,raw,shaped,development_DiagReachK2_s180_KL_RS,1,960,exploration,20,4.680874697079998,4.047889611831051,0.6329850852489471,0.15,0.1,"[2.2841935262084005, 2.948697417974472]","[0.05, 0.1]","[0.003461587429046631, 0.044056046009063723]"
DiagReachK2,180,KL,RS,raw,shaped,development_DiagReachK2_s180_KL_RS,1,960,selection,12,6.7307353180677945,6.7307353180677945,0.0,0.3333333333333333,0.0,"[2.4524287482102713, 2.8102837602297464]","[0.0, 0.0]","[0.0, 0.0]"
DiagReachK2,180,KL,RS,raw,shaped,development_DiagReachK2_s180_KL_RS,1,960,acceptance,8,6.842277829254454,6.842277829254454,0.0,0.5,0.0,"[2.9393168687820435, 2.5165653973817825]","[0.0, 0.0]","[0.0, 0.0]"
DiagReachK2,180,KL,RS,raw,shaped,development_DiagReachK2_s180_KL_RS,2,1440,exploration,20,6.959208891924353,5.112235353525611,1.8469735383987427,0.1,0.45,"[4.297142696380615, 4.123238010704517]","[0.3, 0.2]","[0.053297034899393726, 0.07144033511479696]"
DiagReachK2,180,KL,RS,raw,shaped,development_DiagReachK2_s180_KL_RS,2,1440,selection,12,7.954872886475641,7.940980434553542,0.013892451922098795,0.6666666666666666,0.25,"[5.278872052828471, 2.9413349827130637]","[0.25, 0.0]","[0.0027784903844197593, 0.0]"
DiagReachK2,180,KL,RS,raw,shaped,development_DiagReachK2_s180_KL_RS,2,1440,acceptance,8,8.170329955629132,8.170329955629132,0.0,1.0,0.0,"[4.8136308789253235, 3.57059583067894]","[0.0, 0.0]","[0.0, 0.0]"
DiagReachK2,180,KL,RS,raw,shaped,development_DiagReachK2_s180_KL_RS,3,1920,exploration,20,6.774983607020696,4.708712138023693,2.0662714689970016,0.15,0.35,"[4.751658153533936, 3.6332357689738273]","[0.25, 0.15]","[0.05866527954737345, 0.053729462623596194]"
DiagReachK2,180,KL,RS,raw,shaped,development_DiagReachK2_s180_KL_RS,3,1920,selection,12,8.437863741690913,8.377168182904521,0.06069555878639221,0.75,0.25,"[5.45139741897583, 3.792127768198649]","[0.25, 0.0]","[0.012139115068647602, 0.0]"
DiagReachK2,180,KL,RS,raw,shaped,development_DiagReachK2_s180_KL_RS,3,1920,acceptance,8,8.408744736830704,8.408744736830704,0.0,1.0,0.0,"[5.427733421325684, 3.783596098423004]","[0.0, 0.0]","[0.0, 0.0]"
DiagReachK2,180,KL,RS,raw,shaped,development_DiagReachK2_s180_KL_RS,4,2400,exploration,20,7.191199003265355,6.235495372221921,0.9557036310434341,0.15,0.4,"[4.814907610416412, 3.9323454305529593]","[0.3, 0.15]","[0.049560141563415525, 0.012807480494181322]"
DiagReachK2,180,KL,RS,raw,shaped,development_DiagReachK2_s180_KL_RS,4,2400,selection,12,8.667009089516554,8.628698154416634,0.03831093509991964,0.75,0.25,"[5.408852299054463, 4.456827799479167]","[0.25, 0.0]","[0.007662183708614767, 0.0]"
DiagReachK2,180,KL,RS,raw,shaped,development_DiagReachK2_s180_KL_RS,4,2400,acceptance,8,8.699523336754647,8.699523336754647,0.0,1.0,0.0,"[5.098376989364624, 4.647733688354492]","[0.0, 0.0]","[0.0, 0.0]"
DiagReachK2,180,KL,RS,raw,shaped,development_DiagReachK2_s180_KL_RS,5,2880,exploration,20,7.736767467960016,6.236229454084532,1.5005380138754845,0.25,0.5,"[4.899539226293564, 5.459930515289306]","[0.2, 0.35]","[0.020611353715260815, 0.07884796460469565]"
DiagReachK2,180,KL,RS,raw,shaped,development_DiagReachK2_s180_KL_RS,5,2880,selection,12,8.878718379564816,8.878718379564816,0.0,1.0,0.0,"[5.222513755162557, 4.989361147085826]","[0.0, 0.0]","[0.0, 0.0]"
DiagReachK2,180,KL,RS,raw,shaped,development_DiagReachK2_s180_KL_RS,5,2880,acceptance,8,9.022593006890382,9.022593006890382,0.0,1.0,0.0,"[5.186290860176086, 5.445496082305908]","[0.0, 0.0]","[0.0, 0.0]"
DiagReachK2,180,KL,RS,raw,shaped,development_DiagReachK2_s180_KL_RS,6,3360,exploration,20,7.470458827711991,6.035062998332432,1.4353958293795586,0.25,0.55,"[4.45428287088871, 5.434600853919983]","[0.3, 0.4]","[0.040687942504882814, 0.06671202977498372]"
DiagReachK2,180,KL,RS,raw,shaped,development_DiagReachK2_s180_KL_RS,6,3360,selection,12,8.95198421612149,8.95198421612149,0.0,1.0,0.0,"[5.666682044665019, 4.934469660123189]","[0.0, 0.0]","[0.0, 0.0]"
DiagReachK2,180,KL,RS,raw,shaped,development_DiagReachK2_s180_KL_RS,6,3360,acceptance,8,9.199251316770095,9.199251316770095,0.0,1.0,0.0,"[5.548001766204834, 5.498401463031769]","[0.0, 0.0]","[0.0, 0.0]"
DiagReachK2,180,KL,RS,raw,shaped,development_DiagReachK2_s180_KL_RS,7,3840,exploration,20,7.166507916532282,5.163478644572024,2.0030292719602585,0.15,0.45,"[4.67913926243782, 4.589844197034836]","[0.25, 0.25]","[0.058073039849599196, 0.06639204025268555]"
DiagReachK2,180,KL,RS,raw,shaped,development_DiagReachK2_s180_KL_RS,7,3840,selection,12,9.164809058102156,8.865147526057745,0.2996615320444107,0.6666666666666666,0.3333333333333333,"[6.117089072863261, 5.0731310447057085]","[0.3333333333333333, 0.3333333333333333]","[0.03598229752646551, 0.008727762434217653]"
DiagReachK2,180,KL,RS,raw,shaped,development_DiagReachK2_s180_KL_RS,7,3840,acceptance,8,9.290430692568771,9.290430692568771,0.0,1.0,0.0,"[5.727046966552734, 5.5148903131484985]","[0.0, 0.0]","[0.0, 0.0]"
DiagReachK2,180,KL,RS,raw,shaped,development_DiagReachK2_s180_KL_RS,8,4320,exploration,20,7.534103471094275,6.224155473762657,1.3099479973316193,0.3,0.45,"[4.90655837059021, 4.592716455459595]","[0.3, 0.3]","[0.05403567155202229, 0.046191294987996415]"
DiagReachK2,180,KL,RS,raw,shaped,development_DiagReachK2_s180_KL_RS,8,4320,selection,12,9.08882771512314,8.889983391567512,0.19884432355562845,0.6666666666666666,0.3333333333333333,"[5.790786266326904, 4.9860948125521345]","[0.3333333333333333, 0.0]","[0.029687152968512653, 0.0]"
DiagReachK2,180,KL,RS,raw,shaped,development_DiagReachK2_s180_KL_RS,8,4320,acceptance,8,9.35121294169221,9.35121294169221,0.0,1.0,0.0,"[5.786824703216553, 5.630091547966003]","[0.0, 0.0]","[0.0, 0.0]"
DiagReachK2,180,KL,RS,raw,shaped,development_DiagReachK2_s180_KL_RS,9,4800,exploration,20,7.943235469945066,6.20799229849159,1.735243171453476,0.05,0.85,"[5.667994201183319, 5.262407523393631]","[0.45, 0.4]","[0.06038707097371419, 0.07518748044967652]"
DiagReachK2,180,KL,RS,raw,shaped,development_DiagReachK2_s180_KL_RS,9,4800,selection,12,9.006189532449936,8.802461179466142,0.20372835298379263,0.5833333333333334,0.4166666666666667,"[5.775909582773845, 5.058541337649028]","[0.4166666666666667, 0.0]","[0.030905531512366396, 0.0]"
DiagReachK2,180,KL,RS,raw,shaped,development_DiagReachK2_s180_KL_RS,9,4800,acceptance,8,8.829701223813753,8.829701223813753,0.0,1.0,0.0,"[5.284607350826263, 4.716274946928024]","[0.0, 0.0]","[0.0, 0.0]"
DiagReachK2,180,KL,RS,raw,shaped,development_DiagReachK2_s180_KL_RS,10,5280,exploration,20,7.6652571827685465,4.942870181850158,2.7223870009183884,0.2,0.65,"[5.6059690654277805, 4.622321426868439]","[0.45, 0.3]","[0.09803857803344726, 0.06992012659708659]"
DiagReachK2,180,KL,RS,raw,shaped,development_DiagReachK2_s180_KL_RS,10,5280,selection,12,9.093665990935309,8.607544912603043,0.4861210783322652,0.6666666666666666,0.3333333333333333,"[5.258262117703755, 5.609720508257548]","[0.0, 0.3333333333333333]","[0.0, 0.040818823708428285]"
DiagReachK2,180,KL,RS,raw,shaped,development_DiagReachK2_s180_KL_RS,10,5280,acceptance,8,9.324974929602469,9.324974929602469,0.0,1.0,0.0,"[5.788495779037476, 5.558069229125977]","[0.0, 0.0]","[0.0, 0.0]"
DiagReachK2,180,KL,RS,raw,shaped,development_DiagReachK2_s180_KL_RS,11,5760,exploration,20,7.253361952005069,5.542137440739316,1.7112245112657547,0.3,0.45,"[5.1072348892688755, 4.149816161394119]","[0.3, 0.2]","[0.09766862789789835, 0.03426058689753214]"
DiagReachK2,180,KL,RS,raw,shaped,development_DiagReachK2_s180_KL_RS,11,5760,selection,12,9.24123150678012,9.216266647691858,0.02496485908826192,0.8333333333333334,0.16666666666666666,"[5.466029167175293, 5.6377854347229]","[0.16666666666666666, 0.0]","[0.0049929751290215445, 0.0]"
DiagReachK2,180,KL,RS,raw,shaped,development_DiagReachK2_s180_KL_RS,11,5760,acceptance,8,9.300699973123846,9.300699973123846,0.0,1.0,0.0,"[5.759680986404419, 5.481090784072876]","[0.0, 0.0]","[0.0, 0.0]"
DiagReachK2,180,KL,RS,raw,shaped,development_DiagReachK2_s180_KL_RS,12,6240,exploration,20,7.0768462044931955,6.497318811509759,0.5795273929834366,0.3,0.55,"[4.671038639545441, 3.9820395037531853]","[0.35, 0.25]","[0.03566497564315796, 0.027540290355682374]"
DiagReachK2,180,KL,RS,raw,shaped,development_DiagReachK2_s180_KL_RS,12,6240,selection,12,9.556959947390714,8.659842839284101,0.8971171081066132,0.25,0.75,"[6.515898108482361, 5.930723865826924]","[0.75, 0.5833333333333334]","[0.09387148751152885, 0.013986872302161316]"
DiagReachK2,180,KL,RS,raw,shaped,development_DiagReachK2_s180_KL_RS,12,6240,acceptance,8,9.321160732221323,9.301628290128427,0.019532442092895508,0.5,0.5,"[5.907289743423462, 5.599721193313599]","[0.5, 0.0]","[0.003906508286794064, 0.0]"
DiagReachK2,180,KL,RS,raw,shaped,development_DiagReachK2_s180_KL_RS,13,6720,exploration,20,7.715363638440321,5.634968491235922,2.080395147204399,0.1,0.65,"[5.228935241699219, 5.40687580704689]","[0.3, 0.5]","[0.08012445370356241, 0.05836809873580932]"
DiagReachK2,180,KL,RS,raw,shaped,development_DiagReachK2_s180_KL_RS,13,6720,selection,12,9.232594050042584,9.086144345077628,0.14644970496495566,0.6666666666666666,0.3333333333333333,"[5.757553815841675, 5.321872552235921]","[0.3333333333333333, 0.0]","[0.023503197564019102, 0.0]"
DiagReachK2,180,KL,RS,raw,shaped,development_DiagReachK2_s180_KL_RS,13,6720,acceptance,8,9.309456075445633,9.309456075445633,0.0,1.0,0.0,"[5.7822569608688354, 5.496910333633423]","[0.0, 0.0]","[0.0, 0.0]"
DiagReachK2,180,KL,RS,raw,shaped,development_DiagReachK2_s180_KL_RS,14,7200,exploration,20,7.285498554002842,6.0435150807019085,1.2419834733009338,0.15,0.55,"[5.6737482905387875, 3.846934449672699]","[0.5, 0.05]","[0.10644607146581012, 0.0008364041646321651]"
DiagReachK2,180,KL,RS,raw,shaped,development_DiagReachK2_s180_KL_RS,14,7200,selection,12,9.103995141000025,9.026947643965952,0.07704749703407288,0.6666666666666666,0.3333333333333333,"[5.438043117523193, 5.480436563491821]","[0.3333333333333333, 0.0]","[0.015409496095445415, 0.0]"
DiagReachK2,180,KL,RS,raw,shaped,development_DiagReachK2_s180_KL_RS,14,7200,acceptance,8,9.273048516715063,9.273048516715063,0.0,1.0,0.0,"[5.8598473072052, 5.486906290054321]","[0.0, 0.0]","[0.0, 0.0]"
DiagReachK2,180,KL,RS,raw,shaped,development_DiagReachK2_s180_KL_RS,15,7680,exploration,20,7.93938849806087,4.928158848874736,3.0112296491861343,0.25,0.6,"[5.676227998733521, 5.650316083431244]","[0.45, 0.3]","[0.11858735084533692, 0.0873207688331604]"
DiagReachK2,180,KL,RS,raw,shaped,development_DiagReachK2_s180_KL_RS,15,7680,selection,12,8.83061557169943,8.828482669156681,0.0021329025427500405,0.9166666666666666,0.08333333333333333,"[4.993106285730998, 5.106425921122233]","[0.08333333333333333, 0.0]","[0.0004265838199191685, 0.0]"
DiagReachK2,180,KL,RS,raw,shaped,development_DiagReachK2_s180_KL_RS,15,7680,acceptance,8,9.15380252498926,9.15380252498926,0.0,1.0,0.0,"[5.502882719039917, 5.472824335098267]","[0.0, 0.0]","[0.0, 0.0]"
DiagReachK2,180,KL,RS,raw,shaped,development_DiagReachK2_s180_KL_RS,16,8160,exploration,20,7.737911960888269,6.619440725851419,1.11847123503685,0.35,0.4,"[5.45628000497818, 4.65866985321045]","[0.3, 0.1]","[0.08004685242970785, 0.011825390656789147]"
DiagReachK2,180,KL,RS,raw,shaped,development_DiagReachK2_s180_KL_RS,16,8160,selection,12,9.328925991918732,9.16933018452534,0.15959580739339194,0.6666666666666666,0.3333333333333333,"[5.652636448542277, 5.731495022773743]","[0.3333333333333333, 0.3333333333333333]","[0.01632170544730292, 0.011898855368296305]"
DiagReachK2,180,KL,RS,raw,shaped,development_DiagReachK2_s180_KL_RS,16,8160,acceptance,8,9.329764805623562,9.32594727713731,0.003817528486251831,0.75,0.25,"[5.722764253616333, 5.600719451904297]","[0.25, 0.0]","[0.0007634957631428851, 0.0]"
DiagReachK2,180,KL,RS,raw,shaped,development_DiagReachK2_s180_KL_RS,17,8640,exploration,20,7.445146221746045,6.286152023900586,1.158994197845459,0.25,0.4,"[4.639193773269653, 4.570589429140091]","[0.25, 0.2]","[0.039010580380757644, 0.046774752934773754]"
DiagReachK2,180,KL,RS,raw,shaped,development_DiagReachK2_s180_KL_RS,17,8640,selection,12,9.200830937290448,9.085891724491375,0.11493921279907227,0.6666666666666666,0.3333333333333333,"[5.845063050587972, 5.324322938919067]","[0.3333333333333333, 0.0]","[0.021717078155941445, 0.0]"
DiagReachK2,180,KL,RS,raw,shaped,development_DiagReachK2_s180_KL_RS,17,8640,acceptance,8,9.336515792951104,9.336515792951104,0.0,1.0,0.0,"[5.877324461936951, 5.544766664505005]","[0.0, 0.0]","[0.0, 0.0]"
DiagReachK2,180,KL,RS,raw,shaped,development_DiagReachK2_s180_KL_RS,18,9120,exploration,20,7.31539259542711,5.621632230179383,1.6937603652477264,0.25,0.45,"[4.368171381950378, 4.920724973082542]","[0.15, 0.3]","[0.040567243099212655, 0.06915588776270548]"
DiagReachK2,180,KL,RS,raw,shaped,development_DiagReachK2_s180_KL_RS,18,9120,selection,12,9.280189852282637,9.242118552689984,0.03807129959265391,0.6666666666666666,0.3333333333333333,"[5.88785986105601, 5.573078910509746]","[0.3333333333333333, 0.16666666666666666]","[0.00551233026716443, 0.002049856715732138]"
DiagReachK2,180,KL,RS,raw,shaped,development_DiagReachK2_s180_KL_RS,18,9120,acceptance,8,9.341876837718882,9.341876837718882,0.0,1.0,0.0,"[5.881340265274048, 5.561450481414795]","[0.0, 0.0]","[0.0, 0.0]"
DiagReachK2,180,KL,RS,raw,shaped,development_DiagReachK2_s180_KL_RS,19,9600,exploration,20,7.830265543460847,4.6059327936172485,3.2243327498435974,0.25,0.5,"[5.531826472282409, 5.27112489938736]","[0.35, 0.3]","[0.12612037658691405, 0.06914151509602864]"
DiagReachK2,180,KL,RS,raw,shaped,development_DiagReachK2_s180_KL_RS,19,9600,selection,12,9.186077907829409,9.086362068999732,0.09971583882967631,0.6666666666666666,0.3333333333333333,"[5.64220404624939, 5.362500627835591]","[0.3333333333333333, 0.0]","[0.019870963361528177, 0.0]"
DiagReachK2,180,KL,RS,raw,shaped,development_DiagReachK2_s180_KL_RS,19,9600,acceptance,8,9.314834294604951,9.314834294604951,0.0,1.0,0.0,"[5.686069965362549, 5.596763491630554]","[0.0, 0.0]","[0.0, 0.0]"
DiagReachK2,180,KL,RS,raw,shaped,development_DiagReachK2_s180_KL_RS,20,10080,exploration,20,7.425636320998892,6.0691565868165345,1.3564797341823578,0.3,0.4,"[4.6804193437099455, 4.576984852552414]","[0.25, 0.15]","[0.023686492443084718, 0.06378623644510904]"
DiagReachK2,180,KL,RS,raw,shaped,development_DiagReachK2_s180_KL_RS,20,10080,selection,12,9.090452283446819,8.789670879468153,0.30078140397866565,0.5833333333333334,0.4166666666666667,"[6.160857558250427, 5.033623298009236]","[0.4166666666666667, 0.0]","[0.040833983156416155, 0.0]"
DiagReachK2,180,KL,RS,raw,shaped,development_DiagReachK2_s180_KL_RS,20,10080,acceptance,8,8.879695236298721,8.879695236298721,0.0,1.0,0.0,"[5.667487978935242, 4.595615774393082]","[0.0, 0.0]","[0.0, 0.0]"
DiagReachK2,180,KL,RS,raw,shaped,development_DiagReachK2_s180_KL_RS,21,10560,exploration,20,7.642585138747236,5.419105435678502,2.223479703068733,0.1,0.6,"[5.232804781198501, 5.101578724384308]","[0.35, 0.35]","[0.07007413705190023, 0.07535489002863566]"
DiagReachK2,180,KL,RS,raw,shaped,development_DiagReachK2_s180_KL_RS,21,10560,selection,12,8.997164305660894,8.775219158941278,0.22194514671961466,0.6666666666666666,0.3333333333333333,"[5.509305755297343, 5.16005402803421]","[0.3333333333333333, 0.3333333333333333]","[0.025845163398318827, 0.009212374687194843]"
DiagReachK2,180,KL,RS,raw,shaped,development_DiagReachK2_s180_KL_RS,21,10560,acceptance,8,9.317587782841292,9.317587782841292,0.0,1.0,0.0,"[5.7923277616500854, 5.577666878700256]","[0.0, 0.0]","[0.0, 0.0]"
DiagReachK2,180,KL,RS,raw,shaped,development_DiagReachK2_s180_KL_RS,22,11040,exploration,20,7.802981633825693,5.1039218792156325,2.6990597546100616,0.2,0.55,"[5.608576679229737, 4.8196519136428835]","[0.45, 0.2]","[0.11870798667271934, 0.04532830317815145]"
DiagReachK2,180,KL,RS,raw,shaped,development_DiagReachK2_s180_KL_RS,22,11040,selection,12,9.01756859738004,8.807628049635605,0.20994054774443308,0.5833333333333334,0.4166666666666667,"[5.278349717458089, 5.430379629135132]","[0.25, 0.3333333333333333]","[0.005060878064897319, 0.02297396792305841]"
DiagReachK2,180,KL,RS,raw,shaped,development_DiagReachK2_s180_KL_RS,22,11040,acceptance,8,8.726047128129814,8.726047128129814,0.0,1.0,0.0,"[4.826066732406616, 5.096851944923401]","[0.0, 0.0]","[0.0, 0.0]"
DiagReachK2,180,KL,RS,raw,shaped,development_DiagReachK2_s180_KL_RS,23,11520,exploration,20,7.788397553536923,6.299782785747083,1.4886147677898407,0.3,0.5,"[5.460052114725113, 4.598835563659668]","[0.35, 0.2]","[0.07895912329355877, 0.03050828377405802]"
DiagReachK2,180,KL,RS,raw,shaped,development_DiagReachK2_s180_KL_RS,23,11520,selection,12,9.164352835790487,8.99272697327154,0.17162586251894632,0.6666666666666666,0.3333333333333333,"[5.593166947364807, 5.329408685366313]","[0.0, 0.3333333333333333]","[0.0, 0.02046246661080255]"
DiagReachK2,180,KL,RS,raw,shaped,development_DiagReachK2_s180_KL_RS,23,11520,acceptance,8,9.343646723404525,9.343646723404525,0.0,1.0,0.0,"[5.811891794204712, 5.657406568527222]","[0.0, 0.0]","[0.0, 0.0]"
DiagReachK2,180,KL,RS,raw,shaped,development_DiagReachK2_s180_KL_RS,24,12000,exploration,20,7.421159378617612,5.824585623472539,1.596573755145073,0.25,0.5,"[5.123624527454377, 4.356768065690995]","[0.35, 0.25]","[0.09600252310434977, 0.025159025192260744]"
DiagReachK2,180,KL,RS,raw,shaped,development_DiagReachK2_s180_KL_RS,24,12000,selection,12,9.396273093380538,9.123242494422204,0.2730305989583333,0.3333333333333333,0.6666666666666666,"[5.691109776496887, 5.941244006156921]","[0.3333333333333333, 0.3333333333333333]","[0.01445266273286607, 0.02218925952911377]"
DiagReachK2,180,KL,RS,raw,shaped,development_DiagReachK2_s180_KL_RS,24,12000,acceptance,8,9.278192450024653,9.278192450024653,0.0,1.0,0.0,"[5.665889859199524, 5.5163047313690186]","[0.0, 0.0]","[0.0, 0.0]"
DiagReachK2,180,KL,SR,shaped,raw,development_DiagReachK2_s180_KL_SR,0,480,exploration,20,3.2241866626008417,3.0743336416943934,0.14985302090644836,0.1,0.05,"[1.5594119757413865, 1.6262317836284637]","[0.05, 0.05]","[0.0009512583414713505, 0.015306381384531654]"
DiagReachK2,180,KL,SR,shaped,raw,development_DiagReachK2_s180_KL_SR,0,480,selection,12,3.712231025076471,3.712231025076471,0.0,0.0,0.0,"[0.35190225144227344, 0.9518792008360227]","[0.0, 0.0]","[0.0, 0.0]"
DiagReachK2,180,KL,SR,shaped,raw,development_DiagReachK2_s180_KL_SR,0,480,acceptance,8,4.2181462437147275,4.2181462437147275,0.0,0.0,0.0,"[0.6755631566047668, 1.260714951902628]","[0.0, 0.0]","[0.0, 0.0]"
DiagReachK2,180,KL,SR,shaped,raw,development_DiagReachK2_s180_KL_SR,1,960,exploration,20,4.680874697079998,4.047889611831051,0.6329850852489471,0.15,0.1,"[2.2841935262084005, 2.948697417974472]","[0.05, 0.1]","[0.003461587429046631, 0.044056046009063723]"
DiagReachK2,180,KL,SR,shaped,raw,development_DiagReachK2_s180_KL_SR,1,960,selection,12,6.657159191926865,6.657159191926865,0.0,0.3333333333333333,0.0,"[2.58206969499588, 2.425686796506246]","[0.0, 0.0]","[0.0, 0.0]"
DiagReachK2,180,KL,SR,shaped,raw,development_DiagReachK2_s180_KL_SR,1,960,acceptance,8,6.842277829254454,6.842277829254454,0.0,0.5,0.0,"[2.9393168687820435, 2.5165653973817825]","[0.0, 0.0]","[0.0, 0.0]"
DiagReachK2,180,KL,SR,shaped,raw,development_DiagReachK2_s180_KL_SR,2,1440,exploration,20,6.959208891924353,5.112235353525611,1.8469735383987427,0.1,0.45,"[4.297142696380615, 4.123238010704517]","[0.3, 0.2]","[0.053297034899393726, 0.07144033511479696]"
DiagReachK2,180,KL,SR,shaped,raw,development_DiagReachK2_s180_KL_SR,2,1440,selection,12,7.733007110757414,7.7191146588353154,0.013892451922098795,0.6666666666666666,0.25,"[4.864257534344991, 2.5583153565724692]","[0.25, 0.0]","[0.0027784903844197593, 0.0]"
DiagReachK2,180,KL,SR,shaped,raw,development_DiagReachK2_s180_KL_SR,2,1440,acceptance,8,7.9355965253227625,7.9355965253227625,0.0,1.0,0.0,"[4.3625946044921875, 3.1898499727249146]","[0.0, 0.0]","[0.0, 0.0]"
DiagReachK2,180,KL,SR,shaped,raw,development_DiagReachK2_s180_KL_SR,3,1920,exploration,20,6.32167880287394,4.640158579256386,1.6815202236175537,0.2,0.25,"[4.228767913579941, 3.149506203830242]","[0.15, 0.15]","[0.04070361852645874, 0.04953749974568685]"
DiagReachK2,180,KL,SR,shaped,raw,development_DiagReachK2_s180_KL_SR,3,1920,selection,12,7.543514863479202,7.543514863479202,0.0,1.0,0.0,"[3.9881624380747476, 2.4745897352695465]","[0.0, 0.0]","[0.0, 0.0]"
DiagReachK2,180,KL,SR,shaped,raw,development_DiagReachK2_s180_KL_SR,3,1920,acceptance,8,7.96072762903641,7.96072762903641,0.0,1.0,0.0,"[4.521643280982971, 3.030844748020172]","[0.0, 0.0]","[0.0, 0.0]"
DiagReachK2,180,KL,SR,shaped,raw,development_DiagReachK2_s180_KL_SR,4,2400,exploration,20,6.7040656147780835,6.1100846765819,0.5939809381961823,0.3,0.15,"[4.229766416549682, 3.3824381813406945]","[0.1, 0.05]","[0.028542649745941163, 0.005905413627624511]"
DiagReachK2,180,KL,SR,shaped,raw,development_DiagReachK2_s180_KL_SR,4,2400,selection,12,8.544568891345019,8.544568891345019,0.0,1.0,0.0,"[4.745924512545268, 4.156057119369507]","[0.0, 0.0]","[0.0, 0.0]"
DiagReachK2,180,KL,SR,shaped,raw,development_DiagReachK2_s180_KL_SR,4,2400,acceptance,8,8.586582549166632,8.586582549166632,0.0,1.0,0.0,"[4.797895729541779, 4.2099809646606445]","[0.0, 0.0]","[0.0, 0.0]"
DiagReachK2,180,KL,SR,shaped,raw,development_DiagReachK2_s180_KL_SR,5,2880,exploration,20,6.886221916144715,5.269641996091233,1.616579920053482,0.1,0.45,"[4.1067797735333444, 4.59588435292244]","[0.2, 0.35]","[0.04494479497273762, 0.08832470973332723]"
DiagReachK2,180,KL,SR,shaped,raw,development_DiagReachK2_s180_KL_SR,5,2880,selection,12,8.886705059647404,8.886705059647404,0.0,1.0,0.0,"[4.930739641189575, 4.761382699012756]","[0.0, 0.0]","[0.0, 0.0]"
DiagReachK2,180,KL,SR,shaped,raw,development_DiagReachK2_s180_KL_SR,5,2880,acceptance,8,9.211465686955489,9.211465686955489,0.0,1.0,0.0,"[5.31980562210083, 5.275716304779053]","[0.0, 0.0]","[0.0, 0.0]"
DiagReachK2,180,KL,SR,shaped,raw,development_DiagReachK2_s180_KL_SR,6,3360,exploration,20,7.7040367673826395,5.185117537875194,2.5189192295074463,0.35,0.45,"[5.597563338279724, 5.006245052814483]","[0.35, 0.25]","[0.107689102490743, 0.07633206049601236]"
DiagReachK2,180,KL,SR,shaped,raw,development_DiagReachK2_s180_KL_SR,6,3360,selection,12,8.509099734177774,8.509099734177774,0.0,1.0,0.0,"[4.3135431210199995, 4.564297040303548]","[0.0, 0.0]","[0.0, 0.0]"
DiagReachK2,180,KL,SR,shaped,raw,development_DiagReachK2_s180_KL_SR,6,3360,acceptance,8,9.19351318187546,9.19351318187546,0.0,1.0,0.0,"[5.245325922966003, 5.2226808071136475]","[0.0, 0.0]","[0.0, 0.0]"
DiagReachK2,180,KL,SR,shaped,raw,development_DiagReachK2_s180_KL_SR,7,3840,exploration,20,6.8042362464824695,5.879448993341066,0.9247872531414032,0.15,0.55,"[3.940136781334877, 4.4721414059400555]","[0.2, 0.35]","[0.03372788826624552, 0.05952973365783691]"
DiagReachK2,180,KL,SR,shaped,raw,development_DiagReachK2_s180_KL_SR,7,3840,selection,12,9.198298641340807,9.132612584329522,0.06568605701128642,0.75,0.25,"[5.747784455617269, 5.236609578132629]","[0.25, 0.0]","[0.013137208090888123, 0.0]"
DiagReachK2,180,KL,SR,shaped,raw,development_DiagReachK2_s180_KL_SR,7,3840,acceptance,8,9.174262465047649,9.174262465047649,0.0,1.0,0.0,"[5.394473195075989, 5.287642061710358]","[0.0, 0.0]","[0.0, 0.0]"
DiagReachK2,180,KL,SR,shaped,raw,development_DiagReachK2_s180_KL_SR,8,4320,exploration,20,7.319541385108605,6.279602920347825,1.0399384647607803,0.3,0.4,"[4.708289706707001, 4.234912544488907]","[0.3, 0.25]","[0.058263917764027916, 0.03474780321121216]"
DiagReachK2,180,KL,SR,shaped,raw,development_DiagReachK2_s180_KL_SR,8,4320,selection,12,9.004505012397324,9.004505012397324,0.0,1.0,0.0,"[5.02121098836263, 5.192516326904297]","[0.0, 0.0]","[0.0, 0.0]"
DiagReachK2,180,KL,SR,shaped,raw,development_DiagReachK2_s180_KL_SR,8,4320,acceptance,8,9.219172730552962,9.219172730552962,0.0,1.0,0.0,"[5.709066271781921, 5.520692229270935]","[0.0, 0.0]","[0.0, 0.0]"
DiagReachK2,180,KL,SR,shaped,raw,development_DiagReachK2_s180_KL_SR,9,4800,exploration,20,7.91370138888946,6.527679923826364,1.386021465063095,0.1,0.75,"[5.575467538833618, 5.126607549190521]","[0.5, 0.35]","[0.05320282379786173, 0.07229012648264568]"
DiagReachK2,180,KL,SR,shaped,raw,development_DiagReachK2_s180_KL_SR,9,4800,selection,12,9.091220698441612,9.082212549135633,0.00900814930597941,0.9166666666666666,0.08333333333333333,"[5.719199975331624, 4.978878498077393]","[0.08333333333333333, 0.0]","[0.001801629861195882, 0.0]"
DiagReachK2,180,KL,SR,shaped,raw,development_DiagReachK2_s180_KL_SR,9,4800,acceptance,8,9.223024893854745,9.223024893854745,0.0,1.0,0.0,"[5.616738319396973, 5.36727511882782]","[0.0, 0.0]","[0.0, 0.0]"
DiagReachK2,180,KL,SR,shaped,raw,development_DiagReachK2_s180_KL_SR,10,5280,exploration,20,7.510713238307072,5.002663139291836,2.508050099015236,0.2,0.6,"[5.5270509898662565, 4.417553186416626]","[0.45, 0.25]","[0.10539606412251792, 0.06410577694574993]"
DiagReachK2,180,KL,SR,shaped,raw,development_DiagReachK2_s180_KL_SR,10,5280,selection,12,8.941918190548312,8.940303550391883,0.0016146401564280193,0.9166666666666666,0.08333333333333333,"[5.221354047457377, 4.946799437204997]","[0.08333333333333333, 0.0]","[0.0003229247199164435, 0.0]"
DiagReachK2,180,KL,SR,shaped,raw,development_DiagReachK2_s180_KL_SR,10,5280,acceptance,8,9.204385498329065,9.204385498329065,0.0,1.0,0.0,"[5.693593382835388, 5.4067723751068115]","[0.0, 0.0]","[0.0, 0.0]"
DiagReachK2,180,KL,SR,shaped,raw,development_DiagReachK2_s180_KL_SR,11,5760,exploration,20,7.008108825227245,5.302848727246747,1.7052600979804993,0.3,0.4,"[4.945609748363495, 3.937485784292221]","[0.25, 0.2]","[0.0988173206647237, 0.03549318313598633]"
DiagReachK2,180,KL,SR,shaped,raw,development_DiagReachK2_s180_KL_SR,11,5760,selection,12,9.046379478861732,9.024629644642118,0.021749834219614666,0.75,0.25,"[5.162940104802449, 5.521726886431376]","[0.0, 0.25]","[0.0, 0.004349966843922933]"
DiagReachK2,180,KL,SR,shaped,raw,development_DiagReachK2_s180_KL_SR,11,5760,acceptance,8,9.17703029983677,9.17703029983677,0.0,1.0,0.0,"[5.651390790939331, 5.34714150428772]","[0.0, 0.0]","[0.0, 0.0]"
DiagReachK2,180,KL,SR,shaped,raw,development_DiagReachK2_s180_KL_SR,12,6240,exploration,20,6.941194086723263,6.327777340464527,0.6134167462587357,0.25,0.4,"[4.250390076637268, 4.359755830466748]","[0.15, 0.35]","[0.015997191270192467, 0.04211407502492269]"
DiagReachK2,180,KL,SR,shaped,raw,development_DiagReachK2_s180_KL_SR,12,6240,selection,12,9.351023768412416,8.900873248802965,0.4501505196094513,0.3333333333333333,0.6666666666666666,"[6.236278851826985, 5.713274081548055]","[0.5833333333333334, 0.25]","[0.05583385626475018, 0.003911985291375042]"
DiagReachK2,180,KL,SR,shaped,raw,development_DiagReachK2_s180_KL_SR,12,6240,acceptance,8,9.212845910876057,9.211776454537175,0.0010694563388824463,0.75,0.25,"[5.840108871459961, 5.5016783475875854]","[0.25, 0.0]","[0.00021390120188397033, 0.0]"
DiagReachK2,180,KL,SR,shaped,raw,development_DiagReachK2_s180_KL_SR,13,6720,exploration,20,7.4345192083928655,5.6617305049512465,1.7727887034416199,0.3,0.35,"[4.565127325057984, 5.141995918750763]","[0.2, 0.3]","[0.03287452459335326, 0.09425435066223144]"
DiagReachK2,180,KL,SR,shaped,raw,development_DiagReachK2_s180_KL_SR,13,6720,selection,12,8.986728469546263,8.986728469546263,0.0,1.0,0.0,"[5.49436601003011, 4.570533752441406]","[0.0, 0.0]","[0.0, 0.0]"
DiagReachK2,180,KL,SR,shaped,raw,development_DiagReachK2_s180_KL_SR,13,6720,acceptance,8,9.217359113204292,9.217359113204292,0.0,1.0,0.0,"[5.6828460693359375, 5.352965831756592]","[0.0, 0.0]","[0.0, 0.0]"
DiagReachK2,180,KL,SR,shaped,raw,development_DiagReachK2_s180_KL_SR,14,7200,exploration,20,7.181970721231846,5.7009838727582975,1.480986848473549,0.25,0.45,"[4.467003226280212, 4.461730349063873]","[0.25, 0.25]","[0.04237639109293619, 0.05558296839396158]"
DiagReachK2,180,KL,SR,shaped,raw,development_DiagReachK2_s180_KL_SR,14,7200,selection,12,9.120188779589563,9.120188779589563,0.0,1.0,0.0,"[5.56186564763387, 5.081250548362732]","[0.0, 0.0]","[0.0, 0.0]"
DiagReachK2,180,KL,SR,shaped,raw,development_DiagReachK2_s180_KL_SR,14,7200,acceptance,8,9.213776330440304,9.213776330440304,0.0,1.0,0.0,"[5.767738103866577, 5.356144428253174]","[0.0, 0.0]","[0.0, 0.0]"
DiagReachK2,180,KL,SR,shaped,raw,development_DiagReachK2_s180_KL_SR,15,7680,exploration,20,7.250402977186603,6.607638334351941,0.6427646428346634,0.25,0.4,"[4.68024731874466, 4.8878983616828915]","[0.25, 0.2]","[0.033257802327473954, 0.028801723321278894]"
DiagReachK2,180,KL,SR,shaped,raw,development_DiagReachK2_s180_KL_SR,15,7680,selection,12,9.207304099954975,9.038682684061738,0.1686214158932368,0.5833333333333334,0.4166666666666667,"[6.0225828886032104, 5.166858871777852]","[0.4166666666666667, 0.0]","[0.030426078372531473, 0.0]"
DiagReachK2,180,KL,SR,shaped,raw,development_DiagReachK2_s180_KL_SR,15,7680,acceptance,8,9.189415097259916,9.189415097259916,0.0,1.0,0.0,"[5.785709261894226, 5.415223836898804]","[0.0, 0.0]","[0.0, 0.0]"
DiagReachK2,180,KL,SR,shaped,raw,development_DiagReachK2_s180_KL_SR,16,8160,exploration,20,7.823558117171052,5.167036983092549,2.6565211340785027,0.15,0.6,"[6.1092032313346865, 4.955704939365387]","[0.55, 0.35]","[0.13496955633163452, 0.0697659691174825]"
DiagReachK2,180,KL,SR,shaped,raw,development_DiagReachK2_s180_KL_SR,16,8160,selection,12,8.97227245872006,8.97227245872006,0.0,1.0,0.0,"[5.452315449714661, 5.058630148569743]","[0.0, 0.0]","[0.0, 0.0]"
DiagReachK2,180,KL,SR,shaped,raw,development_DiagReachK2_s180_KL_SR,16,8160,acceptance,8,9.21177297483664,9.21177297483664,0.0,1.0,0.0,"[5.63028872013092, 5.457939505577087]","[0.0, 0.0]","[0.0, 0.0]"
DiagReachK2,180,KL,SR,shaped,raw,development_DiagReachK2_s180_KL_SR,17,8640,exploration,20,7.832636386482628,3.3479137274908135,4.484722658991814,0.2,0.6,"[5.945372861623764, 5.032425820827484]","[0.45, 0.3]","[0.19517347415288286, 0.11063594023386636]"
DiagReachK2,180,KL,SR,shaped,raw,development_DiagReachK2_s180_KL_SR,17,8640,selection,12,8.621635191012077,8.621635191012077,0.0,1.0,0.0,"[4.634709556897481, 4.646504143873851]","[0.0, 0.0]","[0.0, 0.0]"
DiagReachK2,180,KL,SR,shaped,raw,development_DiagReachK2_s180_KL_SR,17,8640,acceptance,8,9.206036135042087,9.206036135042087,0.0,1.0,0.0,"[5.795624494552612, 5.4256579875946045]","[0.0, 0.0]","[0.0, 0.0]"
DiagReachK2,180,KL,SR,shaped,raw,development_DiagReachK2_s180_KL_SR,18,9120,exploration,20,7.829692165966263,5.495395343418349,2.3342968225479126,0.4,0.35,"[5.483637273311615, 5.193979585170746]","[0.3, 0.2]","[0.10414109627405801, 0.044786624113718664]"
DiagReachK2,180,KL,SR,shaped,raw,development_DiagReachK2_s180_KL_SR,18,9120,selection,12,9.043034135457129,9.043034135457129,0.0,1.0,0.0,"[5.406819740931193, 5.056612849235535]","[0.0, 0.0]","[0.0, 0.0]"
DiagReachK2,180,KL,SR,shaped,raw,development_DiagReachK2_s180_KL_SR,18,9120,acceptance,8,9.181661559408532,9.181661559408532,0.0,1.0,0.0,"[5.801366806030273, 5.453560471534729]","[0.0, 0.0]","[0.0, 0.0]"
DiagReachK2,180,KL,SR,shaped,raw,development_DiagReachK2_s180_KL_SR,19,9600,exploration,20,7.299184078098042,5.784389415503247,1.5147946625947952,0.3,0.4,"[4.42760369181633, 5.08761875629425]","[0.1, 0.35]","[0.05960498650868734, 0.052696406841278055]"
DiagReachK2,180,KL,SR,shaped,raw,development_DiagReachK2_s180_KL_SR,19,9600,selection,12,8.9258256709824,8.9258256709824,0.0,1.0,0.0,"[4.94651198387146, 5.242698351542155]","[0.0, 0.0]","[0.0, 0.0]"
DiagReachK2,180,KL,SR,shaped,raw,development_DiagReachK2_s180_KL_SR,19,9600,acceptance,8,9.204095111624337,9.204095111624337,0.0,1.0,0.0,"[5.5905442237854, 5.475705981254578]","[0.0, 0.0]","[0.0, 0.0]"
DiagReachK2,180,KL,SR,shaped,raw,development_DiagReachK2_s180_KL_SR,20,10080,exploration,20,7.352851740110199,5.632596767533104,1.720254972577095,0.15,0.6,"[4.99418950676918, 4.5940774321556095]","[0.4, 0.3]","[0.10328873395919799, 0.034746408462524414]"
DiagReachK2,180,KL,SR,shaped,raw,development_DiagReachK2_s180_KL_SR,20,10080,selection,12,8.936531852891981,8.936531852891981,0.0,1.0,0.0,"[5.154151837031047, 5.466034372647603]","[0.0, 0.0]","[0.0, 0.0]"
DiagReachK2,180,KL,SR,shaped,raw,development_DiagReachK2_s180_KL_SR,20,10080,acceptance,8,9.224124807864428,9.224124807864428,0.0,1.0,0.0,"[5.653554677963257, 5.41880464553833]","[0.0, 0.0]","[0.0, 0.0]"
DiagReachK2,180,KL,SR,shaped,raw,development_DiagReachK2_s180_KL_SR,21,10560,exploration,20,7.400141956016159,5.551814811035729,1.8483271449804306,0.15,0.45,"[4.985427331924439, 4.989105004072189]","[0.35, 0.3]","[0.04559441010157267, 0.10365487734476724]"
DiagReachK2,180,KL,SR,shaped,raw,development_DiagReachK2_s180_KL_SR,21,10560,selection,12,8.822775414139807,8.822775414139807,0.0,1.0,0.0,"[4.960505525271098, 4.806150575478871]","[0.0, 0.0]","[0.0, 0.0]"
DiagReachK2,180,KL,SR,shaped,raw,development_DiagReachK2_s180_KL_SR,21,10560,acceptance,8,9.25993234096095,9.25993234096095,0.0,1.0,0.0,"[5.442541182041168, 5.554676532745361]","[0.0, 0.0]","[0.0, 0.0]"
DiagReachK2,180,KL,SR,shaped,raw,development_DiagReachK2_s180_KL_SR,22,11040,exploration,20,7.645553288019146,5.610773448801483,2.034779839217663,0.3,0.6,"[4.844662845134735, 5.353098356723786]","[0.3, 0.45]","[0.08173756996790568, 0.06791579325993857]"
DiagReachK2,180,KL,SR,shaped,raw,development_DiagReachK2_s180_KL_SR,22,11040,selection,12,8.740713977493094,8.740713977493094,0.0,1.0,0.0,"[4.318698883056641, 5.408831834793091]","[0.0, 0.0]","[0.0, 0.0]"
DiagReachK2,180,KL,SR,shaped,raw,development_DiagReachK2_s180_KL_SR,22,11040,acceptance,8,9.25000111879781,9.25000111879781,0.0,1.0,0.0,"[5.162585139274597, 5.724459886550903]","[0.0, 0.0]","[0.0, 0.0]"
DiagReachK2,180,KL,SR,shaped,raw,development_DiagReachK2_s180_KL_SR,23,11520,exploration,20,7.031187315307906,5.840948317967704,1.1902389973402023,0.1,0.4,"[4.7886690378189085, 4.573681443929672]","[0.25, 0.2]","[0.04269277254740396, 0.0433633327484131]"
DiagReachK2,180,KL,SR,shaped,raw,development_DiagReachK2_s180_KL_SR,23,11520,selection,12,9.212005742794524,9.212005742794524,0.0,1.0,0.0,"[5.25799032052358, 5.546789328257243]","[0.0, 0.0]","[0.0, 0.0]"
DiagReachK2,180,KL,SR,shaped,raw,development_DiagReachK2_s180_KL_SR,23,11520,acceptance,8,9.30677004918689,9.30677004918689,0.0,1.0,0.0,"[5.388847649097443, 5.784586131572723]","[0.0, 0.0]","[0.0, 0.0]"
DiagReachK2,180,KL,SR,shaped,raw,development_DiagReachK2_s180_KL_SR,24,12000,exploration,20,7.622793853138572,6.050549119566567,1.5722447335720062,0.1,0.65,"[4.791188669204712, 5.404141438007355]","[0.4, 0.4]","[0.06051911115646362, 0.06860161225001017]"
DiagReachK2,180,KL,SR,shaped,raw,development_DiagReachK2_s180_KL_SR,24,12000,selection,12,9.153949258488137,9.153949258488137,0.0,1.0,0.0,"[5.226058125495911, 5.264674027760823]","[0.0, 0.0]","[0.0, 0.0]"
DiagReachK2,180,KL,SR,shaped,raw,development_DiagReachK2_s180_KL_SR,24,12000,acceptance,8,9.244561325432732,9.244561325432732,0.0,1.0,0.0,"[5.0195664167404175, 5.601805686950684]","[0.0, 0.0]","[0.0, 0.0]"
DiagReachK2,180,KL,SS,shaped,shaped,development_DiagReachK2_s180_KL_SS,0,480,exploration,20,3.2241866626008417,3.0743336416943934,0.14985302090644836,0.1,0.05,"[1.5594119757413865, 1.6262317836284637]","[0.05, 0.05]","[0.0009512583414713505, 0.015306381384531654]"
DiagReachK2,180,KL,SS,shaped,shaped,development_DiagReachK2_s180_KL_SS,0,480,selection,12,3.712231025076471,3.712231025076471,0.0,0.0,0.0,"[0.35190225144227344, 0.9518792008360227]","[0.0, 0.0]","[0.0, 0.0]"
DiagReachK2,180,KL,SS,shaped,shaped,development_DiagReachK2_s180_KL_SS,0,480,acceptance,8,4.2181462437147275,4.2181462437147275,0.0,0.0,0.0,"[0.6755631566047668, 1.260714951902628]","[0.0, 0.0]","[0.0, 0.0]"
DiagReachK2,180,KL,SS,shaped,shaped,development_DiagReachK2_s180_KL_SS,1,960,exploration,20,4.680874697079998,4.047889611831051,0.6329850852489471,0.15,0.1,"[2.2841935262084005, 2.948697417974472]","[0.05, 0.1]","[0.003461587429046631, 0.044056046009063723]"
DiagReachK2,180,KL,SS,shaped,shaped,development_DiagReachK2_s180_KL_SS,1,960,selection,12,6.657159191926865,6.657159191926865,0.0,0.3333333333333333,0.0,"[2.58206969499588, 2.425686796506246]","[0.0, 0.0]","[0.0, 0.0]"
DiagReachK2,180,KL,SS,shaped,shaped,development_DiagReachK2_s180_KL_SS,1,960,acceptance,8,6.842277829254454,6.842277829254454,0.0,0.5,0.0,"[2.9393168687820435, 2.5165653973817825]","[0.0, 0.0]","[0.0, 0.0]"
DiagReachK2,180,KL,SS,shaped,shaped,development_DiagReachK2_s180_KL_SS,2,1440,exploration,20,6.959208891924353,5.112235353525611,1.8469735383987427,0.1,0.45,"[4.297142696380615, 4.123238010704517]","[0.3, 0.2]","[0.053297034899393726, 0.07144033511479696]"
DiagReachK2,180,KL,SS,shaped,shaped,development_DiagReachK2_s180_KL_SS,2,1440,selection,12,7.733007110757414,7.7191146588353154,0.013892451922098795,0.6666666666666666,0.25,"[4.864257534344991, 2.5583153565724692]","[0.25, 0.0]","[0.0027784903844197593, 0.0]"
DiagReachK2,180,KL,SS,shaped,shaped,development_DiagReachK2_s180_KL_SS,2,1440,acceptance,8,7.9355965253227625,7.9355965253227625,0.0,1.0,0.0,"[4.3625946044921875, 3.1898499727249146]","[0.0, 0.0]","[0.0, 0.0]"
DiagReachK2,180,KL,SS,shaped,shaped,development_DiagReachK2_s180_KL_SS,3,1920,exploration,20,6.32167880287394,4.640158579256386,1.6815202236175537,0.2,0.25,"[4.228767913579941, 3.149506203830242]","[0.15, 0.15]","[0.04070361852645874, 0.04953749974568685]"
DiagReachK2,180,KL,SS,shaped,shaped,development_DiagReachK2_s180_KL_SS,3,1920,selection,12,7.543514863479202,7.543514863479202,0.0,1.0,0.0,"[3.9881624380747476, 2.4745897352695465]","[0.0, 0.0]","[0.0, 0.0]"
DiagReachK2,180,KL,SS,shaped,shaped,development_DiagReachK2_s180_KL_SS,3,1920,acceptance,8,7.96072762903641,7.96072762903641,0.0,1.0,0.0,"[4.521643280982971, 3.030844748020172]","[0.0, 0.0]","[0.0, 0.0]"
DiagReachK2,180,KL,SS,shaped,shaped,development_DiagReachK2_s180_KL_SS,4,2400,exploration,20,6.7040656147780835,6.1100846765819,0.5939809381961823,0.3,0.15,"[4.229766416549682, 3.3824381813406945]","[0.1, 0.05]","[0.028542649745941163, 0.005905413627624511]"
DiagReachK2,180,KL,SS,shaped,shaped,development_DiagReachK2_s180_KL_SS,4,2400,selection,12,8.544568891345019,8.544568891345019,0.0,1.0,0.0,"[4.745924512545268, 4.156057119369507]","[0.0, 0.0]","[0.0, 0.0]"
DiagReachK2,180,KL,SS,shaped,shaped,development_DiagReachK2_s180_KL_SS,4,2400,acceptance,8,8.586582549166632,8.586582549166632,0.0,1.0,0.0,"[4.797895729541779, 4.2099809646606445]","[0.0, 0.0]","[0.0, 0.0]"
DiagReachK2,180,KL,SS,shaped,shaped,development_DiagReachK2_s180_KL_SS,5,2880,exploration,20,6.886221916144715,5.269641996091233,1.616579920053482,0.1,0.45,"[4.1067797735333444, 4.59588435292244]","[0.2, 0.35]","[0.04494479497273762, 0.08832470973332723]"
DiagReachK2,180,KL,SS,shaped,shaped,development_DiagReachK2_s180_KL_SS,5,2880,selection,12,8.886705059647404,8.886705059647404,0.0,1.0,0.0,"[4.930739641189575, 4.761382699012756]","[0.0, 0.0]","[0.0, 0.0]"
DiagReachK2,180,KL,SS,shaped,shaped,development_DiagReachK2_s180_KL_SS,5,2880,acceptance,8,9.211465686955489,9.211465686955489,0.0,1.0,0.0,"[5.31980562210083, 5.275716304779053]","[0.0, 0.0]","[0.0, 0.0]"
DiagReachK2,180,KL,SS,shaped,shaped,development_DiagReachK2_s180_KL_SS,6,3360,exploration,20,7.7040367673826395,5.185117537875194,2.5189192295074463,0.35,0.45,"[5.597563338279724, 5.006245052814483]","[0.35, 0.25]","[0.107689102490743, 0.07633206049601236]"
DiagReachK2,180,KL,SS,shaped,shaped,development_DiagReachK2_s180_KL_SS,6,3360,selection,12,8.509099734177774,8.509099734177774,0.0,1.0,0.0,"[4.3135431210199995, 4.564297040303548]","[0.0, 0.0]","[0.0, 0.0]"
DiagReachK2,180,KL,SS,shaped,shaped,development_DiagReachK2_s180_KL_SS,6,3360,acceptance,8,9.19351318187546,9.19351318187546,0.0,1.0,0.0,"[5.245325922966003, 5.2226808071136475]","[0.0, 0.0]","[0.0, 0.0]"
DiagReachK2,180,KL,SS,shaped,shaped,development_DiagReachK2_s180_KL_SS,7,3840,exploration,20,6.8042362464824695,5.879448993341066,0.9247872531414032,0.15,0.55,"[3.940136781334877, 4.4721414059400555]","[0.2, 0.35]","[0.03372788826624552, 0.05952973365783691]"
DiagReachK2,180,KL,SS,shaped,shaped,development_DiagReachK2_s180_KL_SS,7,3840,selection,12,9.198298641340807,9.132612584329522,0.06568605701128642,0.75,0.25,"[5.747784455617269, 5.236609578132629]","[0.25, 0.0]","[0.013137208090888123, 0.0]"
DiagReachK2,180,KL,SS,shaped,shaped,development_DiagReachK2_s180_KL_SS,7,3840,acceptance,8,9.174262465047649,9.174262465047649,0.0,1.0,0.0,"[5.394473195075989, 5.287642061710358]","[0.0, 0.0]","[0.0, 0.0]"
DiagReachK2,180,KL,SS,shaped,shaped,development_DiagReachK2_s180_KL_SS,8,4320,exploration,20,7.319541385108605,6.279602920347825,1.0399384647607803,0.3,0.4,"[4.708289706707001, 4.234912544488907]","[0.3, 0.25]","[0.058263917764027916, 0.03474780321121216]"
DiagReachK2,180,KL,SS,shaped,shaped,development_DiagReachK2_s180_KL_SS,8,4320,selection,12,9.004505012397324,9.004505012397324,0.0,1.0,0.0,"[5.02121098836263, 5.192516326904297]","[0.0, 0.0]","[0.0, 0.0]"
DiagReachK2,180,KL,SS,shaped,shaped,development_DiagReachK2_s180_KL_SS,8,4320,acceptance,8,9.219172730552962,9.219172730552962,0.0,1.0,0.0,"[5.709066271781921, 5.520692229270935]","[0.0, 0.0]","[0.0, 0.0]"
DiagReachK2,180,KL,SS,shaped,shaped,development_DiagReachK2_s180_KL_SS,9,4800,exploration,20,7.91370138888946,6.527679923826364,1.386021465063095,0.1,0.75,"[5.575467538833618, 5.126607549190521]","[0.5, 0.35]","[0.05320282379786173, 0.07229012648264568]"
DiagReachK2,180,KL,SS,shaped,shaped,development_DiagReachK2_s180_KL_SS,9,4800,selection,12,9.091220698441612,9.082212549135633,0.00900814930597941,0.9166666666666666,0.08333333333333333,"[5.719199975331624, 4.978878498077393]","[0.08333333333333333, 0.0]","[0.001801629861195882, 0.0]"
DiagReachK2,180,KL,SS,shaped,shaped,development_DiagReachK2_s180_KL_SS,9,4800,acceptance,8,9.223024893854745,9.223024893854745,0.0,1.0,0.0,"[5.616738319396973, 5.36727511882782]","[0.0, 0.0]","[0.0, 0.0]"
DiagReachK2,180,KL,SS,shaped,shaped,development_DiagReachK2_s180_KL_SS,10,5280,exploration,20,7.510713238307072,5.002663139291836,2.508050099015236,0.2,0.6,"[5.5270509898662565, 4.417553186416626]","[0.45, 0.25]","[0.10539606412251792, 0.06410577694574993]"
DiagReachK2,180,KL,SS,shaped,shaped,development_DiagReachK2_s180_KL_SS,10,5280,selection,12,8.941918190548312,8.940303550391883,0.0016146401564280193,0.9166666666666666,0.08333333333333333,"[5.221354047457377, 4.946799437204997]","[0.08333333333333333, 0.0]","[0.0003229247199164435, 0.0]"
DiagReachK2,180,KL,SS,shaped,shaped,development_DiagReachK2_s180_KL_SS,10,5280,acceptance,8,9.204385498329065,9.204385498329065,0.0,1.0,0.0,"[5.693593382835388, 5.4067723751068115]","[0.0, 0.0]","[0.0, 0.0]"
DiagReachK2,180,KL,SS,shaped,shaped,development_DiagReachK2_s180_KL_SS,11,5760,exploration,20,7.008108825227245,5.302848727246747,1.7052600979804993,0.3,0.4,"[4.945609748363495, 3.937485784292221]","[0.25, 0.2]","[0.0988173206647237, 0.03549318313598633]"
DiagReachK2,180,KL,SS,shaped,shaped,development_DiagReachK2_s180_KL_SS,11,5760,selection,12,9.046379478861732,9.024629644642118,0.021749834219614666,0.75,0.25,"[5.162940104802449, 5.521726886431376]","[0.0, 0.25]","[0.0, 0.004349966843922933]"
DiagReachK2,180,KL,SS,shaped,shaped,development_DiagReachK2_s180_KL_SS,11,5760,acceptance,8,9.17703029983677,9.17703029983677,0.0,1.0,0.0,"[5.651390790939331, 5.34714150428772]","[0.0, 0.0]","[0.0, 0.0]"
DiagReachK2,180,KL,SS,shaped,shaped,development_DiagReachK2_s180_KL_SS,12,6240,exploration,20,6.941194086723263,6.327777340464527,0.6134167462587357,0.25,0.4,"[4.250390076637268, 4.359755830466748]","[0.15, 0.35]","[0.015997191270192467, 0.04211407502492269]"
DiagReachK2,180,KL,SS,shaped,shaped,development_DiagReachK2_s180_KL_SS,12,6240,selection,12,9.351023768412416,8.900873248802965,0.4501505196094513,0.3333333333333333,0.6666666666666666,"[6.236278851826985, 5.713274081548055]","[0.5833333333333334, 0.25]","[0.05583385626475018, 0.003911985291375042]"
DiagReachK2,180,KL,SS,shaped,shaped,development_DiagReachK2_s180_KL_SS,12,6240,acceptance,8,9.212845910876057,9.211776454537175,0.0010694563388824463,0.75,0.25,"[5.840108871459961, 5.5016783475875854]","[0.25, 0.0]","[0.00021390120188397033, 0.0]"
DiagReachK2,180,KL,SS,shaped,shaped,development_DiagReachK2_s180_KL_SS,13,6720,exploration,20,7.4345192083928655,5.6617305049512465,1.7727887034416199,0.3,0.35,"[4.565127325057984, 5.141995918750763]","[0.2, 0.3]","[0.03287452459335326, 0.09425435066223144]"
DiagReachK2,180,KL,SS,shaped,shaped,development_DiagReachK2_s180_KL_SS,13,6720,selection,12,8.986728469546263,8.986728469546263,0.0,1.0,0.0,"[5.49436601003011, 4.570533752441406]","[0.0, 0.0]","[0.0, 0.0]"
DiagReachK2,180,KL,SS,shaped,shaped,development_DiagReachK2_s180_KL_SS,13,6720,acceptance,8,9.217359113204292,9.217359113204292,0.0,1.0,0.0,"[5.6828460693359375, 5.352965831756592]","[0.0, 0.0]","[0.0, 0.0]"
DiagReachK2,180,KL,SS,shaped,shaped,development_DiagReachK2_s180_KL_SS,14,7200,exploration,20,7.181970721231846,5.7009838727582975,1.480986848473549,0.25,0.45,"[4.467003226280212, 4.461730349063873]","[0.25, 0.25]","[0.04237639109293619, 0.05558296839396158]"
DiagReachK2,180,KL,SS,shaped,shaped,development_DiagReachK2_s180_KL_SS,14,7200,selection,12,9.120188779589563,9.120188779589563,0.0,1.0,0.0,"[5.56186564763387, 5.081250548362732]","[0.0, 0.0]","[0.0, 0.0]"
DiagReachK2,180,KL,SS,shaped,shaped,development_DiagReachK2_s180_KL_SS,14,7200,acceptance,8,9.213776330440304,9.213776330440304,0.0,1.0,0.0,"[5.767738103866577, 5.356144428253174]","[0.0, 0.0]","[0.0, 0.0]"
DiagReachK2,180,KL,SS,shaped,shaped,development_DiagReachK2_s180_KL_SS,15,7680,exploration,20,7.250402977186603,6.607638334351941,0.6427646428346634,0.25,0.4,"[4.68024731874466, 4.8878983616828915]","[0.25, 0.2]","[0.033257802327473954, 0.028801723321278894]"
DiagReachK2,180,KL,SS,shaped,shaped,development_DiagReachK2_s180_KL_SS,15,7680,selection,12,9.207304099954975,9.038682684061738,0.1686214158932368,0.5833333333333334,0.4166666666666667,"[6.0225828886032104, 5.166858871777852]","[0.4166666666666667, 0.0]","[0.030426078372531473, 0.0]"
DiagReachK2,180,KL,SS,shaped,shaped,development_DiagReachK2_s180_KL_SS,15,7680,acceptance,8,9.189415097259916,9.189415097259916,0.0,1.0,0.0,"[5.785709261894226, 5.415223836898804]","[0.0, 0.0]","[0.0, 0.0]"
DiagReachK2,180,KL,SS,shaped,shaped,development_DiagReachK2_s180_KL_SS,16,8160,exploration,20,7.823558117171052,5.167036983092549,2.6565211340785027,0.15,0.6,"[6.1092032313346865, 4.955704939365387]","[0.55, 0.35]","[0.13496955633163452, 0.0697659691174825]"
DiagReachK2,180,KL,SS,shaped,shaped,development_DiagReachK2_s180_KL_SS,16,8160,selection,12,8.97227245872006,8.97227245872006,0.0,1.0,0.0,"[5.452315449714661, 5.058630148569743]","[0.0, 0.0]","[0.0, 0.0]"
DiagReachK2,180,KL,SS,shaped,shaped,development_DiagReachK2_s180_KL_SS,16,8160,acceptance,8,9.21177297483664,9.21177297483664,0.0,1.0,0.0,"[5.63028872013092, 5.457939505577087]","[0.0, 0.0]","[0.0, 0.0]"
DiagReachK2,180,KL,SS,shaped,shaped,development_DiagReachK2_s180_KL_SS,17,8640,exploration,20,7.832636386482628,3.3479137274908135,4.484722658991814,0.2,0.6,"[5.945372861623764, 5.032425820827484]","[0.45, 0.3]","[0.19517347415288286, 0.11063594023386636]"
DiagReachK2,180,KL,SS,shaped,shaped,development_DiagReachK2_s180_KL_SS,17,8640,selection,12,8.621635191012077,8.621635191012077,0.0,1.0,0.0,"[4.634709556897481, 4.646504143873851]","[0.0, 0.0]","[0.0, 0.0]"
DiagReachK2,180,KL,SS,shaped,shaped,development_DiagReachK2_s180_KL_SS,17,8640,acceptance,8,9.206036135042087,9.206036135042087,0.0,1.0,0.0,"[5.795624494552612, 5.4256579875946045]","[0.0, 0.0]","[0.0, 0.0]"
DiagReachK2,180,KL,SS,shaped,shaped,development_DiagReachK2_s180_KL_SS,18,9120,exploration,20,7.829692165966263,5.495395343418349,2.3342968225479126,0.4,0.35,"[5.483637273311615, 5.193979585170746]","[0.3, 0.2]","[0.10414109627405801, 0.044786624113718664]"
DiagReachK2,180,KL,SS,shaped,shaped,development_DiagReachK2_s180_KL_SS,18,9120,selection,12,9.043034135457129,9.043034135457129,0.0,1.0,0.0,"[5.406819740931193, 5.056612849235535]","[0.0, 0.0]","[0.0, 0.0]"
DiagReachK2,180,KL,SS,shaped,shaped,development_DiagReachK2_s180_KL_SS,18,9120,acceptance,8,9.181661559408532,9.181661559408532,0.0,1.0,0.0,"[5.801366806030273, 5.453560471534729]","[0.0, 0.0]","[0.0, 0.0]"
DiagReachK2,180,KL,SS,shaped,shaped,development_DiagReachK2_s180_KL_SS,19,9600,exploration,20,7.299184078098042,5.784389415503247,1.5147946625947952,0.3,0.4,"[4.42760369181633, 5.08761875629425]","[0.1, 0.35]","[0.05960498650868734, 0.052696406841278055]"
DiagReachK2,180,KL,SS,shaped,shaped,development_DiagReachK2_s180_KL_SS,19,9600,selection,12,8.9258256709824,8.9258256709824,0.0,1.0,0.0,"[4.94651198387146, 5.242698351542155]","[0.0, 0.0]","[0.0, 0.0]"
DiagReachK2,180,KL,SS,shaped,shaped,development_DiagReachK2_s180_KL_SS,19,9600,acceptance,8,9.204095111624337,9.204095111624337,0.0,1.0,0.0,"[5.5905442237854, 5.475705981254578]","[0.0, 0.0]","[0.0, 0.0]"
DiagReachK2,180,KL,SS,shaped,shaped,development_DiagReachK2_s180_KL_SS,20,10080,exploration,20,7.352851740110199,5.632596767533104,1.720254972577095,0.15,0.6,"[4.99418950676918, 4.5940774321556095]","[0.4, 0.3]","[0.10328873395919799, 0.034746408462524414]"
DiagReachK2,180,KL,SS,shaped,shaped,development_DiagReachK2_s180_KL_SS,20,10080,selection,12,8.936531852891981,8.936531852891981,0.0,1.0,0.0,"[5.154151837031047, 5.466034372647603]","[0.0, 0.0]","[0.0, 0.0]"
DiagReachK2,180,KL,SS,shaped,shaped,development_DiagReachK2_s180_KL_SS,20,10080,acceptance,8,9.224124807864428,9.224124807864428,0.0,1.0,0.0,"[5.653554677963257, 5.41880464553833]","[0.0, 0.0]","[0.0, 0.0]"
DiagReachK2,180,KL,SS,shaped,shaped,development_DiagReachK2_s180_KL_SS,21,10560,exploration,20,7.400141956016159,5.551814811035729,1.8483271449804306,0.15,0.45,"[4.985427331924439, 4.989105004072189]","[0.35, 0.3]","[0.04559441010157267, 0.10365487734476724]"
DiagReachK2,180,KL,SS,shaped,shaped,development_DiagReachK2_s180_KL_SS,21,10560,selection,12,8.822775414139807,8.822775414139807,0.0,1.0,0.0,"[4.960505525271098, 4.806150575478871]","[0.0, 0.0]","[0.0, 0.0]"
DiagReachK2,180,KL,SS,shaped,shaped,development_DiagReachK2_s180_KL_SS,21,10560,acceptance,8,9.25993234096095,9.25993234096095,0.0,1.0,0.0,"[5.442541182041168, 5.554676532745361]","[0.0, 0.0]","[0.0, 0.0]"
DiagReachK2,180,KL,SS,shaped,shaped,development_DiagReachK2_s180_KL_SS,22,11040,exploration,20,7.645553288019146,5.610773448801483,2.034779839217663,0.3,0.6,"[4.844662845134735, 5.353098356723786]","[0.3, 0.45]","[0.08173756996790568, 0.06791579325993857]"
DiagReachK2,180,KL,SS,shaped,shaped,development_DiagReachK2_s180_KL_SS,22,11040,selection,12,8.740713977493094,8.740713977493094,0.0,1.0,0.0,"[4.318698883056641, 5.408831834793091]","[0.0, 0.0]","[0.0, 0.0]"
DiagReachK2,180,KL,SS,shaped,shaped,development_DiagReachK2_s180_KL_SS,22,11040,acceptance,8,9.25000111879781,9.25000111879781,0.0,1.0,0.0,"[5.162585139274597, 5.724459886550903]","[0.0, 0.0]","[0.0, 0.0]"
DiagReachK2,180,KL,SS,shaped,shaped,development_DiagReachK2_s180_KL_SS,23,11520,exploration,20,7.031187315307906,5.840948317967704,1.1902389973402023,0.1,0.4,"[4.7886690378189085, 4.573681443929672]","[0.25, 0.2]","[0.04269277254740396, 0.0433633327484131]"
DiagReachK2,180,KL,SS,shaped,shaped,development_DiagReachK2_s180_KL_SS,23,11520,selection,12,9.212005742794524,9.212005742794524,0.0,1.0,0.0,"[5.25799032052358, 5.546789328257243]","[0.0, 0.0]","[0.0, 0.0]"
DiagReachK2,180,KL,SS,shaped,shaped,development_DiagReachK2_s180_KL_SS,23,11520,acceptance,8,9.30677004918689,9.30677004918689,0.0,1.0,0.0,"[5.388847649097443, 5.784586131572723]","[0.0, 0.0]","[0.0, 0.0]"
DiagReachK2,180,KL,SS,shaped,shaped,development_DiagReachK2_s180_KL_SS,24,12000,exploration,20,7.622793853138572,6.050549119566567,1.5722447335720062,0.1,0.65,"[4.791188669204712, 5.404141438007355]","[0.4, 0.4]","[0.06051911115646362, 0.06860161225001017]"
DiagReachK2,180,KL,SS,shaped,shaped,development_DiagReachK2_s180_KL_SS,24,12000,selection,12,9.153949258488137,9.153949258488137,0.0,1.0,0.0,"[5.226058125495911, 5.264674027760823]","[0.0, 0.0]","[0.0, 0.0]"
DiagReachK2,180,KL,SS,shaped,shaped,development_DiagReachK2_s180_KL_SS,24,12000,acceptance,8,9.244561325432732,9.244561325432732,0.0,1.0,0.0,"[5.0195664167404175, 5.601805686950684]","[0.0, 0.0]","[0.0, 0.0]"
DiagReachK2,180,W2,RR,raw,raw,development_DiagReachK2_s180_W2_RR,0,480,exploration,20,3.2241866626008417,3.0743336416943934,0.14985302090644836,0.1,0.05,"[1.5594119757413865, 1.6262317836284637]","[0.05, 0.05]","[0.0009512583414713505, 0.015306381384531654]"
DiagReachK2,180,W2,RR,raw,raw,development_DiagReachK2_s180_W2_RR,0,480,selection,12,3.709385648369789,3.709385648369789,0.0,0.0,0.0,"[0.34968603650728863, 1.0309785927335422]","[0.0, 0.0]","[0.0, 0.0]"
DiagReachK2,180,W2,RR,raw,raw,development_DiagReachK2_s180_W2_RR,0,480,acceptance,8,4.2181462437147275,4.2181462437147275,0.0,0.0,0.0,"[0.6755631566047668, 1.260714951902628]","[0.0, 0.0]","[0.0, 0.0]"
DiagReachK2,180,W2,RR,raw,raw,development_DiagReachK2_s180_W2_RR,1,960,exploration,20,4.680874697079998,4.047889611831051,0.6329850852489471,0.15,0.1,"[2.2841935262084005, 2.948697417974472]","[0.05, 0.1]","[0.003461587429046631, 0.044056046009063723]"
DiagReachK2,180,W2,RR,raw,raw,development_DiagReachK2_s180_W2_RR,1,960,selection,12,6.706578293074077,6.706578293074077,0.0,0.3333333333333333,0.0,"[2.474632422129313, 2.714706242084503]","[0.0, 0.0]","[0.0, 0.0]"
DiagReachK2,180,W2,RR,raw,raw,development_DiagReachK2_s180_W2_RR,1,960,acceptance,8,6.842277829254454,6.842277829254454,0.0,0.5,0.0,"[2.9393168687820435, 2.5165653973817825]","[0.0, 0.0]","[0.0, 0.0]"
DiagReachK2,180,W2,RR,raw,raw,development_DiagReachK2_s180_W2_RR,2,1440,exploration,20,6.959208891924353,5.112235353525611,1.8469735383987427,0.1,0.45,"[4.297142696380615, 4.123238010704517]","[0.3, 0.2]","[0.053297034899393726, 0.07144033511479696]"
DiagReachK2,180,W2,RR,raw,raw,development_DiagReachK2_s180_W2_RR,2,1440,selection,12,7.958512316376436,7.944619864454338,0.013892451922098795,0.6666666666666666,0.25,"[5.277065912882487, 2.9530157248179116]","[0.25, 0.0]","[0.0027784903844197593, 0.0]"
DiagReachK2,180,W2,RR,raw,raw,development_DiagReachK2_s180_W2_RR,2,1440,acceptance,8,8.176704609383886,8.176704609383886,0.0,1.0,0.0,"[4.811658561229706, 3.589481621980667]","[0.0, 0.0]","[0.0, 0.0]"
DiagReachK2,180,W2,RR,raw,raw,development_DiagReachK2_s180_W2_RR,3,1920,exploration,20,6.774738727989607,4.685642941775733,2.089095786213875,0.15,0.35,"[4.745936167240143, 3.643776482343674]","[0.25, 0.15]","[0.0584893544514974, 0.05508652925491333]"
DiagReachK2,180,W2,RR,raw,raw,development_DiagReachK2_s180_W2_RR,3,1920,selection,12,8.430566610875152,8.368460210146926,0.06210640072822571,0.75,0.25,"[5.458105087280273, 3.786484122276306]","[0.25, 0.0]","[0.012421283457014301, 0.0]"
DiagReachK2,180,W2,RR,raw,raw,development_DiagReachK2_s180_W2_RR,3,1920,acceptance,8,8.41941184469033,8.41941184469033,0.0,1.0,0.0,"[5.4223092794418335, 3.8173808455467224]","[0.0, 0.0]","[0.0, 0.0]"
DiagReachK2,180,W2,RR,raw,raw,development_DiagReachK2_s180_W2_RR,4,2400,exploration,20,7.193785820057383,6.209305006911745,0.9844808131456375,0.15,0.4,"[4.8078128635883335, 3.9527947455644608]","[0.3, 0.15]","[0.04962172110875448, 0.013969628016153979]"
DiagReachK2,180,W2,RR,raw,raw,development_DiagReachK2_s180_W2_RR,4,2400,selection,12,8.64001493533724,8.57308865467979,0.06692628065745036,0.75,0.25,"[5.434810280799866, 4.441069602966309]","[0.25, 0.0]","[0.013385262754228392, 0.0]"
DiagReachK2,180,W2,RR,raw,raw,development_DiagReachK2_s180_W2_RR,4,2400,acceptance,8,8.68035186075722,8.68035186075722,0.0,1.0,0.0,"[5.066966652870178, 4.647545903921127]","[0.0, 0.0]","[0.0, 0.0]"
DiagReachK2,180,W2,RR,raw,raw,development_DiagReachK2_s180_W2_RR,5,2880,exploration,20,7.711128835445268,6.235257108574733,1.4758717268705368,0.25,0.5,"[4.865182739496231, 5.429282563924789]","[0.2, 0.35]","[0.020185883839925124, 0.07754600048065186]"
DiagReachK2,180,W2,RR,raw,raw,development_DiagReachK2_s180_W2_RR,5,2880,selection,12,8.84188867000048,8.84188867000048,0.0,1.0,0.0,"[5.12664000193278, 5.00054117043813]","[0.0, 0.0]","[0.0, 0.0]"
DiagReachK2,180,W2,RR,raw,raw,development_DiagReachK2_s180_W2_RR,5,2880,acceptance,8,9.008770218284917,9.008770218284917,0.0,1.0,0.0,"[5.100312829017639, 5.500447988510132]","[0.0, 0.0]","[0.0, 0.0]"
DiagReachK2,180,W2,RR,raw,raw,development_DiagReachK2_s180_W2_RR,6,3360,exploration,20,7.4625037157532645,6.020386419593997,1.4421172961592674,0.25,0.55,"[4.374697303771972, 5.501251482963562]","[0.3, 0.4]","[0.035191623369852695, 0.07112060785293581]"
DiagReachK2,180,W2,RR,raw,raw,development_DiagReachK2_s180_W2_RR,6,3360,selection,12,8.985952226421796,8.985952226421796,0.0,1.0,0.0,"[5.589163978894551, 5.064188738663991]","[0.0, 0.0]","[0.0, 0.0]"
DiagReachK2,180,W2,RR,raw,raw,development_DiagReachK2_s180_W2_RR,6,3360,acceptance,8,9.237037790499745,9.237037790499745,0.0,1.0,0.0,"[5.458894670009613, 5.658350944519043]","[0.0, 0.0]","[0.0, 0.0]"
DiagReachK2,180,W2,RR,raw,raw,development_DiagReachK2_s180_W2_RR,7,3840,exploration,20,7.194816367885215,5.115269290467841,2.0795470774173737,0.15,0.4,"[4.665863674879074, 4.687808501720428]","[0.2, 0.25]","[0.058938662211100244, 0.07053892612457276]"
DiagReachK2,180,W2,RR,raw,raw,development_DiagReachK2_s180_W2_RR,7,3840,selection,12,9.189827765636922,8.90688344897159,0.28294431666533154,0.6666666666666666,0.3333333333333333,"[6.037716110547383, 5.205432653427124]","[0.3333333333333333, 0.3333333333333333]","[0.030353420310550255, 0.012470510270860472]"
DiagReachK2,180,W2,RR,raw,raw,development_DiagReachK2_s180_W2_RR,7,3840,acceptance,8,9.352382019330982,9.352382019330982,0.0,1.0,0.0,"[5.664418697357178, 5.690665125846863]","[0.0, 0.0]","[0.0, 0.0]"
DiagReachK2,180,W2,RR,raw,raw,development_DiagReachK2_s180_W2_RR,8,4320,exploration,20,7.565076576328137,6.175837160801748,1.38923941552639,0.25,0.5,"[4.878581631183624, 4.703843557834626]","[0.3, 0.35]","[0.05404160817464193, 0.05268239180246988]"
DiagReachK2,180,W2,RR,raw,raw,development_DiagReachK2_s180_W2_RR,8,4320,selection,12,9.164970499209934,9.045711315604423,0.11925918360551198,0.6666666666666666,0.3333333333333333,"[5.813118418057759, 5.120376507441203]","[0.3333333333333333, 0.0]","[0.02017568879657322, 0.0]"
DiagReachK2,180,W2,RR,raw,raw,development_DiagReachK2_s180_W2_RR,8,4320,acceptance,8,9.412424120493235,9.412424120493235,0.0,1.0,0.0,"[5.7231316566467285, 5.807204484939575]","[0.0, 0.0]","[0.0, 0.0]"
DiagReachK2,180,W2,RR,raw,raw,development_DiagReachK2_s180_W2_RR,9,4800,exploration,20,7.967171109376359,6.106083355007577,1.861087754368782,0.05,0.85,"[5.637534296512603, 5.37246413230896]","[0.45, 0.45]","[0.06076422135035196, 0.08305053313573203]"
DiagReachK2,180,W2,RR,raw,raw,development_DiagReachK2_s180_W2_RR,9,4800,selection,12,9.03022693468641,8.902536698912689,0.12769023577372232,0.6666666666666666,0.3333333333333333,"[5.66870395342509, 5.189109623432159]","[0.3333333333333333, 0.0]","[0.022600140836503763, 0.0]"
DiagReachK2,180,W2,RR,raw,raw,development_DiagReachK2_s180_W2_RR,9,4800,acceptance,8,9.39688782369485,9.39688782369485,0.0,1.0,0.0,"[5.656007885932922, 5.711073279380798]","[0.0, 0.0]","[0.0, 0.0]"
DiagReachK2,180,W2,RR,raw,raw,development_DiagReachK2_s180_W2_RR,10,5280,exploration,20,7.701583553892414,4.831557583850662,2.870025970041752,0.2,0.65,"[5.597338020801544, 4.732541704177857]","[0.45, 0.3]","[0.10125548442204794, 0.0758989969889323]"
DiagReachK2,180,W2,RR,raw,raw,development_DiagReachK2_s180_W2_RR,10,5280,selection,12,9.174731979526527,8.703173830864278,0.47155814866224927,0.6666666666666666,0.3333333333333333,"[5.292829950650533, 5.702984015146892]","[0.0, 0.3333333333333333]","[0.0, 0.03996634483337402]"
DiagReachK2,180,W2,RR,raw,raw,development_DiagReachK2_s180_W2_RR,10,5280,acceptance,8,9.384477805986535,9.384477805986535,0.0,1.0,0.0,"[5.726553559303284, 5.733682870864868]","[0.0, 0.0]","[0.0, 0.0]"
DiagReachK2,180,W2,RR,raw,raw,development_DiagReachK2_s180_W2_RR,11,5760,exploration,20,7.282964997251985,5.494642906149384,1.7883220911026,0.3,0.45,"[5.110512244701385, 4.255266159772873]","[0.3, 0.2]","[0.10020955801010131, 0.037889973322550466]"
DiagReachK2,180,W2,RR,raw,raw,development_DiagReachK2_s180_W2_RR,11,5760,selection,12,9.277010880180333,9.249650063383713,0.027360816796620686,0.8333333333333334,0.16666666666666666,"[5.3807423909505205, 5.794451753298442]","[0.16666666666666666, 0.08333333333333333]","[0.004736728138393838, 0.0007354418436686198]"
DiagReachK2,180,W2,RR,raw,raw,development_DiagReachK2_s180_W2_RR,11,5760,acceptance,8,9.362065489613451,9.362065489613451,0.0,1.0,0.0,"[5.699042797088623, 5.654466390609741]","[0.0, 0.0]","[0.0, 0.0]"
DiagReachK2,180,W2,RR,raw,raw,development_DiagReachK2_s180_W2_RR,12,6240,exploration,20,7.438282148726285,4.454460741765797,2.9838214069604874,0.1,0.55,"[5.97182046175003, 4.28956767320633]","[0.45, 0.15]","[0.17005310853322347, 0.01229454676310221]"
DiagReachK2,180,W2,RR,raw,raw,development_DiagReachK2_s180_W2_RR,12,6240,selection,12,9.254761624955911,9.124971567217289,0.12979005773862204,0.5833333333333334,0.4166666666666667,"[5.413381616274516, 5.947887102762858]","[0.3333333333333333, 0.3333333333333333]","[0.005781133969624837, 0.01509280337227716]"
DiagReachK2,180,W2,RR,raw,raw,development_DiagReachK2_s180_W2_RR,12,6240,acceptance,8,9.05771185150112,9.056828808688772,0.0008830428123474121,0.875,0.125,"[5.1142624616622925, 5.812467575073242]","[0.125, 0.0]","[0.00017660856246948242, 0.0]"
DiagReachK2,180,W2,RR,raw,raw,development_DiagReachK2_s180_W2_RR,13,6720,exploration,20,7.111387405311689,5.556429404532537,1.554958000779152,0.25,0.5,"[4.012096656858921, 5.2656557083129885]","[0.15, 0.4]","[0.01487797896067301, 0.09164485931396484]"
DiagReachK2,180,W2,RR,raw,raw,development_DiagReachK2_s180_W2_RR,13,6720,selection,12,9.036921302545904,9.02687091635549,0.010050386190414429,0.8333333333333334,0.16666666666666666,"[4.893692453702291, 5.620462814966838]","[0.0, 0.16666666666666666]","[0.0, 0.002010080549452046]"
DiagReachK2,180,W2,RR,raw,raw,development_DiagReachK2_s180_W2_RR,13,6720,acceptance,8,8.928856021488013,8.928856021488013,0.0,1.0,0.0,"[4.8663448095321655, 5.433049499988556]","[0.0, 0.0]","[0.0, 0.0]"
DiagReachK2,180,W2,RR,raw,raw,development_DiagReachK2_s180_W2_RR,14,7200,exploration,20,7.420229050148627,5.516788336266182,1.9034407138824463,0.15,0.4,"[4.565280002355576, 5.528870156407356]","[0.15, 0.4]","[0.021173528830210363, 0.10238407452901206]"
DiagReachK2,180,W2,RR,raw,raw,development_DiagReachK2_s180_W2_RR,14,7200,selection,12,8.86882686682026,8.796678821916187,0.07214804490407307,0.5,0.5,"[5.875534733136495, 4.423326273759206]","[0.5, 0.0]","[0.014429615603552937, 0.0]"
DiagReachK2,180,W2,RR,raw,raw,development_DiagReachK2_s180_W2_RR,14,7200,acceptance,8,9.124651905478093,9.124651905478093,0.0,1.0,0.0,"[5.550840377807617, 5.126537203788757]","[0.0, 0.0]","[0.0, 0.0]"
DiagReachK2,180,W2,RR,raw,raw,development_DiagReachK2_s180_W2_RR,15,7680,exploration,20,7.03178837332991,5.9371235984948,1.0946647748351097,0.2,0.4,"[4.879927694797516, 4.063886499404907]","[0.3, 0.1]","[0.06320476929346722, 0.008362829685211182]"
DiagReachK2,180,W2,RR,raw,raw,development_DiagReachK2_s180_W2_RR,15,7680,selection,12,9.02511487696999,8.883777065023121,0.1413378119468689,0.6666666666666666,0.3333333333333333,"[5.584796786308289, 4.836348712444305]","[0.3333333333333333, 0.0]","[0.024419208367665608, 0.0]"
DiagReachK2,180,W2,RR,raw,raw,development_DiagReachK2_s180_W2_RR,15,7680,acceptance,8,9.21792653608427,9.21792653608427,0.0,1.0,0.0,"[5.5631150007247925, 5.1949474811553955]","[0.0, 0.0]","[0.0, 0.0]"
DiagReachK2,180,W2,RR,raw,raw,development_DiagReachK2_s180_W2_RR,16,8160,exploration,20,7.24627307308954,6.430417942536296,0.8158551305532455,0.2,0.6,"[5.010398936271668, 4.044011703133583]","[0.3, 0.3]","[0.04700335661570232, 0.039773134390513096]"
DiagReachK2,180,W2,RR,raw,raw,development_DiagReachK2_s180_W2_RR,16,8160,selection,12,9.285394033119276,9.120603879615858,0.16479015350341797,0.4166666666666667,0.5833333333333334,"[5.985732595125834, 5.295834302902222]","[0.5833333333333334, 0.0]","[0.030201852321624756, 0.0]"
DiagReachK2,180,W2,RR,raw,raw,development_DiagReachK2_s180_W2_RR,16,8160,acceptance,8,9.174796671961667,9.174796671961667,0.0,1.0,0.0,"[5.415056109428406, 5.2322423458099365]","[0.0, 0.0]","[0.0, 0.0]"
DiagReachK2,180,W2,RR,raw,raw,development_DiagReachK2_s180_W2_RR,17,8640,exploration,20,7.2379077754926415,5.7536565296363555,1.484251245856285,0.3,0.35,"[4.809985792636871, 4.532004618644715]","[0.25, 0.2]","[0.051822284857432045, 0.06201210816701254]"
DiagReachK2,180,W2,RR,raw,raw,development_DiagReachK2_s180_W2_RR,17,8640,selection,12,9.06038511286024,9.06038511286024,0.0,1.0,0.0,"[5.528216361999512, 4.924400250116984]","[0.0, 0.0]","[0.0, 0.0]"
DiagReachK2,180,W2,RR,raw,raw,development_DiagReachK2_s180_W2_RR,17,8640,acceptance,8,9.331176163801864,9.318889932880118,0.0122862309217453,0.625,0.375,"[5.784713506698608, 5.398219883441925]","[0.375, 0.0]","[0.0024572412172953195, 0.0]"
DiagReachK2,180,W2,RR,raw,raw,development_DiagReachK2_s180_W2_RR,18,9120,exploration,20,6.965140667767264,6.157608700008131,0.8075319677591324,0.2,0.4,"[4.5123043090105055, 4.858432686328888]","[0.2, 0.3]","[0.05132514238357544, 0.029607554276784263]"
DiagReachK2,180,W2,RR,raw,raw,development_DiagReachK2_s180_W2_RR,18,9120,selection,12,9.30498996845854,9.15921687555286,0.14577309290568033,0.3333333333333333,0.6666666666666666,"[5.976114511489868, 5.3547152280807495]","[0.6666666666666666, 0.0]","[0.02915462520387439, 0.0]"
DiagReachK2,180,W2,RR,raw,raw,development_DiagReachK2_s180_W2_RR,18,9120,acceptance,8,9.199362808454318,9.199362808454318,0.0,1.0,0.0,"[5.572311282157898, 5.200557708740234]","[0.0, 0.0]","[0.0, 0.0]"
DiagReachK2,180,W2,RR,raw,raw,development_DiagReachK2_s180_W2_RR,19,9600,exploration,20,7.509399764225819,5.569948591277935,1.9394511729478836,0.15,0.6,"[5.671386632323265, 4.065797889232636]","[0.55, 0.1]","[0.10913334290186563, 0.00783400138219197]"
DiagReachK2,180,W2,RR,raw,raw,development_DiagReachK2_s180_W2_RR,19,9600,selection,12,8.730216069863339,8.730216069863339,0.0,1.0,0.0,"[4.908058762550354, 4.772376875082652]","[0.0, 0.0]","[0.0, 0.0]"
DiagReachK2,180,W2,RR,raw,raw,development_DiagReachK2_s180_W2_RR,19,9600,acceptance,8,9.16676256404244,9.16676256404244,0.0,1.0,0.0,"[5.356002330780029, 5.37352180480957]","[0.0, 0.0]","[0.0, 0.0]"
DiagReachK2,180,W2,RR,raw,raw,development_DiagReachK2_s180_W2_RR,20,10080,exploration,20,7.507444718046173,6.5915079052877275,0.9159368127584457,0.25,0.5,"[5.2330193519592285, 4.4325554966926575]","[0.4, 0.2]","[0.06583512226740518, 0.024219584465026856]"
DiagReachK2,180,W2,RR,raw,raw,development_DiagReachK2_s180_W2_RR,20,10080,selection,12,9.072786389195,9.043932078682458,0.028854310512542725,0.6666666666666666,0.3333333333333333,"[5.3098017772038775, 5.806232849756877]","[0.3333333333333333, 0.0]","[0.0057708554797702245, 0.0]"
DiagReachK2,180,W2,RR,raw,raw,development_DiagReachK2_s180_W2_RR,20,10080,acceptance,8,9.237784171546082,9.237784171546082,0.0,1.0,0.0,"[5.402881741523743, 5.5069392919540405]","[0.0, 0.0]","[0.0, 0.0]"
DiagReachK2,180,W2,RR,raw,raw,development_DiagReachK2_s180_W2_RR,21,10560,exploration,20,7.827321435506457,6.3524273440195245,1.4748940914869308,0.35,0.55,"[5.558814465999603, 4.766515636444092]","[0.4, 0.25]","[0.06359337170918783, 0.03264866272608439]"
DiagReachK2,180,W2,RR,raw,raw,development_DiagReachK2_s180_W2_RR,21,10560,selection,12,8.972623541212307,8.929643401758101,0.04298013945420583,0.75,0.25,"[4.9717088143030805, 5.319834550221761]","[0.0, 0.25]","[0.0, 0.007869594626956522]"
DiagReachK2,180,W2,RR,raw,raw,development_DiagReachK2_s180_W2_RR,21,10560,acceptance,8,9.223300207236026,9.223300207236026,0.0,1.0,0.0,"[5.436397910118103, 5.5096518993377686]","[0.0, 0.0]","[0.0, 0.0]"
DiagReachK2,180,W2,RR,raw,raw,development_DiagReachK2_s180_W2_RR,22,11040,exploration,20,7.206415865405579,4.957691002472421,2.248724862933159,0.2,0.5,"[3.9901118859648705, 5.569577950239181]","[0.1, 0.45]","[0.020098014672597253, 0.1127239147822062]"
DiagReachK2,180,W2,RR,raw,raw,development_DiagReachK2_s180_W2_RR,22,11040,selection,12,9.120962655952946,9.089899248293415,0.03106340765953064,0.75,0.25,"[5.8231163422266645, 4.951310892899831]","[0.25, 0.0]","[0.006212684843275289, 0.0]"
DiagReachK2,180,W2,RR,raw,raw,development_DiagReachK2_s180_W2_RR,22,11040,acceptance,8,9.25871472356921,9.25871472356921,0.0,1.0,0.0,"[5.599438905715942, 5.594895720481873]","[0.0, 0.0]","[0.0, 0.0]"
DiagReachK2,180,W2,RR,raw,raw,development_DiagReachK2_s180_W2_RR,23,11520,exploration,20,7.399782280151266,5.993409285966772,1.406372994184494,0.25,0.55,"[5.882874894142151, 3.9477330148220062]","[0.5, 0.1]","[0.12252574761708575, 0.004606930414835619]"
DiagReachK2,180,W2,RR,raw,raw,development_DiagReachK2_s180_W2_RR,23,11520,selection,12,8.968006582234862,8.94625262536065,0.021753956874211628,0.8333333333333334,0.16666666666666666,"[5.202812274297078, 5.388820846875508]","[0.16666666666666666, 0.0]","[0.0043507880634731655, 0.0]"
DiagReachK2,180,W2,RR,raw,raw,development_DiagReachK2_s180_W2_RR,23,11520,acceptance,8,9.2791655196168,9.2791655196168,0.0,1.0,0.0,"[5.737748742103577, 5.620102882385254]","[0.0, 0.0]","[0.0, 0.0]"
DiagReachK2,180,W2,RR,raw,raw,development_DiagReachK2_s180_W2_RR,24,12000,exploration,20,7.654475895793584,5.9188275915695705,1.7356483042240143,0.3,0.55,"[5.0750485301017765, 4.913870257139206]","[0.25, 0.4]","[0.045731079578399655, 0.05966982046763103]"
DiagReachK2,180,W2,RR,raw,raw,development_DiagReachK2_s180_W2_RR,24,12000,selection,12,9.156063377658333,9.094146122336195,0.061917255322138466,0.6666666666666666,0.3333333333333333,"[5.5933332443237305, 5.326859672864278]","[0.3333333333333333, 0.25]","[0.009683887163797996, 0.002699553966522217]"
DiagReachK2,180,W2,RR,raw,raw,development_DiagReachK2_s180_W2_RR,24,12000,acceptance,8,9.239723975130255,9.239723975130255,0.0,1.0,0.0,"[5.624004125595093, 5.490831613540649]","[0.0, 0.0]","[0.0, 0.0]"
DiagReachK2,180,W2,RS,raw,shaped,development_DiagReachK2_s180_W2_RS,0,480,exploration,20,3.2241866626008417,3.0743336416943934,0.14985302090644836,0.1,0.05,"[1.5594119757413865, 1.6262317836284637]","[0.05, 0.05]","[0.0009512583414713505, 0.015306381384531654]"
DiagReachK2,180,W2,RS,raw,shaped,development_DiagReachK2_s180_W2_RS,0,480,selection,12,3.709385648369789,3.709385648369789,0.0,0.0,0.0,"[0.34968603650728863, 1.0309785927335422]","[0.0, 0.0]","[0.0, 0.0]"
DiagReachK2,180,W2,RS,raw,shaped,development_DiagReachK2_s180_W2_RS,0,480,acceptance,8,4.2181462437147275,4.2181462437147275,0.0,0.0,0.0,"[0.6755631566047668, 1.260714951902628]","[0.0, 0.0]","[0.0, 0.0]"
DiagReachK2,180,W2,RS,raw,shaped,development_DiagReachK2_s180_W2_RS,1,960,exploration,20,4.680874697079998,4.047889611831051,0.6329850852489471,0.15,0.1,"[2.2841935262084005, 2.948697417974472]","[0.05, 0.1]","[0.003461587429046631, 0.044056046009063723]"
DiagReachK2,180,W2,RS,raw,shaped,development_DiagReachK2_s180_W2_RS,1,960,selection,12,6.706578293074077,6.706578293074077,0.0,0.3333333333333333,0.0,"[2.474632422129313, 2.714706242084503]","[0.0, 0.0]","[0.0, 0.0]"
DiagReachK2,180,W2,RS,raw,shaped,development_DiagReachK2_s180_W2_RS,1,960,acceptance,8,6.842277829254454,6.842277829254454,0.0,0.5,0.0,"[2.9393168687820435, 2.5165653973817825]","[0.0, 0.0]","[0.0, 0.0]"
DiagReachK2,180,W2,RS,raw,shaped,development_DiagReachK2_s180_W2_RS,2,1440,exploration,20,6.959208891924353,5.112235353525611,1.8469735383987427,0.1,0.45,"[4.297142696380615, 4.123238010704517]","[0.3, 0.2]","[0.053297034899393726, 0.07144033511479696]"
DiagReachK2,180,W2,RS,raw,shaped,development_DiagReachK2_s180_W2_RS,2,1440,selection,12,7.958512316376436,7.944619864454338,0.013892451922098795,0.6666666666666666,0.25,"[5.277065912882487, 2.9530157248179116]","[0.25, 0.0]","[0.0027784903844197593, 0.0]"
DiagReachK2,180,W2,RS,raw,shaped,development_DiagReachK2_s180_W2_RS,2,1440,acceptance,8,8.176704609383886,8.176704609383886,0.0,1.0,0.0,"[4.811658561229706, 3.589481621980667]","[0.0, 0.0]","[0.0, 0.0]"
DiagReachK2,180,W2,RS,raw,shaped,development_DiagReachK2_s180_W2_RS,3,1920,exploration,20,6.774738727989607,4.685642941775733,2.089095786213875,0.15,0.35,"[4.745936167240143, 3.643776482343674]","[0.25, 0.15]","[0.0584893544514974, 0.05508652925491333]"
DiagReachK2,180,W2,RS,raw,shaped,development_DiagReachK2_s180_W2_RS,3,1920,selection,12,8.430566610875152,8.368460210146926,0.06210640072822571,0.75,0.25,"[5.458105087280273, 3.786484122276306]","[0.25, 0.0]","[0.012421283457014301, 0.0]"
DiagReachK2,180,W2,RS,raw,shaped,development_DiagReachK2_s180_W2_RS,3,1920,acceptance,8,8.41941184469033,8.41941184469033,0.0,1.0,0.0,"[5.4223092794418335, 3.8173808455467224]","[0.0, 0.0]","[0.0, 0.0]"
DiagReachK2,180,W2,RS,raw,shaped,development_DiagReachK2_s180_W2_RS,4,2400,exploration,20,7.193785820057383,6.209305006911745,0.9844808131456375,0.15,0.4,"[4.8078128635883335, 3.9527947455644608]","[0.3, 0.15]","[0.04962172110875448, 0.013969628016153979]"
DiagReachK2,180,W2,RS,raw,shaped,development_DiagReachK2_s180_W2_RS,4,2400,selection,12,8.64001493533724,8.57308865467979,0.06692628065745036,0.75,0.25,"[5.434810280799866, 4.441069602966309]","[0.25, 0.0]","[0.013385262754228392, 0.0]"
DiagReachK2,180,W2,RS,raw,shaped,development_DiagReachK2_s180_W2_RS,4,2400,acceptance,8,8.68035186075722,8.68035186075722,0.0,1.0,0.0,"[5.066966652870178, 4.647545903921127]","[0.0, 0.0]","[0.0, 0.0]"
DiagReachK2,180,W2,RS,raw,shaped,development_DiagReachK2_s180_W2_RS,5,2880,exploration,20,7.711128835445268,6.235257108574733,1.4758717268705368,0.25,0.5,"[4.865182739496231, 5.429282563924789]","[0.2, 0.35]","[0.020185883839925124, 0.07754600048065186]"
DiagReachK2,180,W2,RS,raw,shaped,development_DiagReachK2_s180_W2_RS,5,2880,selection,12,8.84188867000048,8.84188867000048,0.0,1.0,0.0,"[5.12664000193278, 5.00054117043813]","[0.0, 0.0]","[0.0, 0.0]"
DiagReachK2,180,W2,RS,raw,shaped,development_DiagReachK2_s180_W2_RS,5,2880,acceptance,8,9.008770218284917,9.008770218284917,0.0,1.0,0.0,"[5.100312829017639, 5.500447988510132]","[0.0, 0.0]","[0.0, 0.0]"
DiagReachK2,180,W2,RS,raw,shaped,development_DiagReachK2_s180_W2_RS,6,3360,exploration,20,7.4625037157532645,6.020386419593997,1.4421172961592674,0.25,0.55,"[4.374697303771972, 5.501251482963562]","[0.3, 0.4]","[0.035191623369852695, 0.07112060785293581]"
DiagReachK2,180,W2,RS,raw,shaped,development_DiagReachK2_s180_W2_RS,6,3360,selection,12,8.985952226421796,8.985952226421796,0.0,1.0,0.0,"[5.589163978894551, 5.064188738663991]","[0.0, 0.0]","[0.0, 0.0]"
DiagReachK2,180,W2,RS,raw,shaped,development_DiagReachK2_s180_W2_RS,6,3360,acceptance,8,9.237037790499745,9.237037790499745,0.0,1.0,0.0,"[5.458894670009613, 5.658350944519043]","[0.0, 0.0]","[0.0, 0.0]"
DiagReachK2,180,W2,RS,raw,shaped,development_DiagReachK2_s180_W2_RS,7,3840,exploration,20,7.194816367885215,5.115269290467841,2.0795470774173737,0.15,0.4,"[4.665863674879074, 4.687808501720428]","[0.2, 0.25]","[0.058938662211100244, 0.07053892612457276]"
DiagReachK2,180,W2,RS,raw,shaped,development_DiagReachK2_s180_W2_RS,7,3840,selection,12,9.189827765636922,8.90688344897159,0.28294431666533154,0.6666666666666666,0.3333333333333333,"[6.037716110547383, 5.205432653427124]","[0.3333333333333333, 0.3333333333333333]","[0.030353420310550255, 0.012470510270860472]"
DiagReachK2,180,W2,RS,raw,shaped,development_DiagReachK2_s180_W2_RS,7,3840,acceptance,8,9.352382019330982,9.352382019330982,0.0,1.0,0.0,"[5.664418697357178, 5.690665125846863]","[0.0, 0.0]","[0.0, 0.0]"
DiagReachK2,180,W2,RS,raw,shaped,development_DiagReachK2_s180_W2_RS,8,4320,exploration,20,7.565076576328137,6.175837160801748,1.38923941552639,0.25,0.5,"[4.878581631183624, 4.703843557834626]","[0.3, 0.35]","[0.05404160817464193, 0.05268239180246988]"
DiagReachK2,180,W2,RS,raw,shaped,development_DiagReachK2_s180_W2_RS,8,4320,selection,12,9.164970499209934,9.045711315604423,0.11925918360551198,0.6666666666666666,0.3333333333333333,"[5.813118418057759, 5.120376507441203]","[0.3333333333333333, 0.0]","[0.02017568879657322, 0.0]"
DiagReachK2,180,W2,RS,raw,shaped,development_DiagReachK2_s180_W2_RS,8,4320,acceptance,8,9.412424120493235,9.412424120493235,0.0,1.0,0.0,"[5.7231316566467285, 5.807204484939575]","[0.0, 0.0]","[0.0, 0.0]"
DiagReachK2,180,W2,RS,raw,shaped,development_DiagReachK2_s180_W2_RS,9,4800,exploration,20,7.967171109376359,6.106083355007577,1.861087754368782,0.05,0.85,"[5.637534296512603, 5.37246413230896]","[0.45, 0.45]","[0.06076422135035196, 0.08305053313573203]"
DiagReachK2,180,W2,RS,raw,shaped,development_DiagReachK2_s180_W2_RS,9,4800,selection,12,9.03022693468641,8.902536698912689,0.12769023577372232,0.6666666666666666,0.3333333333333333,"[5.66870395342509, 5.189109623432159]","[0.3333333333333333, 0.0]","[0.022600140836503763, 0.0]"
DiagReachK2,180,W2,RS,raw,shaped,development_DiagReachK2_s180_W2_RS,9,4800,acceptance,8,9.39688782369485,9.39688782369485,0.0,1.0,0.0,"[5.656007885932922, 5.711073279380798]","[0.0, 0.0]","[0.0, 0.0]"
DiagReachK2,180,W2,RS,raw,shaped,development_DiagReachK2_s180_W2_RS,10,5280,exploration,20,7.701583553892414,4.831557583850662,2.870025970041752,0.2,0.65,"[5.597338020801544, 4.732541704177857]","[0.45, 0.3]","[0.10125548442204794, 0.0758989969889323]"
DiagReachK2,180,W2,RS,raw,shaped,development_DiagReachK2_s180_W2_RS,10,5280,selection,12,9.174731979526527,8.703173830864278,0.47155814866224927,0.6666666666666666,0.3333333333333333,"[5.292829950650533, 5.702984015146892]","[0.0, 0.3333333333333333]","[0.0, 0.03996634483337402]"
DiagReachK2,180,W2,RS,raw,shaped,development_DiagReachK2_s180_W2_RS,10,5280,acceptance,8,9.384477805986535,9.384477805986535,0.0,1.0,0.0,"[5.726553559303284, 5.733682870864868]","[0.0, 0.0]","[0.0, 0.0]"
DiagReachK2,180,W2,RS,raw,shaped,development_DiagReachK2_s180_W2_RS,11,5760,exploration,20,7.282964997251985,5.494642906149384,1.7883220911026,0.3,0.45,"[5.110512244701385, 4.255266159772873]","[0.3, 0.2]","[0.10020955801010131, 0.037889973322550466]"
DiagReachK2,180,W2,RS,raw,shaped,development_DiagReachK2_s180_W2_RS,11,5760,selection,12,9.277010880180333,9.249650063383713,0.027360816796620686,0.8333333333333334,0.16666666666666666,"[5.3807423909505205, 5.794451753298442]","[0.16666666666666666, 0.08333333333333333]","[0.004736728138393838, 0.0007354418436686198]"
DiagReachK2,180,W2,RS,raw,shaped,development_DiagReachK2_s180_W2_RS,11,5760,acceptance,8,9.362065489613451,9.362065489613451,0.0,1.0,0.0,"[5.699042797088623, 5.654466390609741]","[0.0, 0.0]","[0.0, 0.0]"
DiagReachK2,180,W2,RS,raw,shaped,development_DiagReachK2_s180_W2_RS,12,6240,exploration,20,7.438282148726285,4.454460741765797,2.9838214069604874,0.1,0.55,"[5.97182046175003, 4.28956767320633]","[0.45, 0.15]","[0.17005310853322347, 0.01229454676310221]"
DiagReachK2,180,W2,RS,raw,shaped,development_DiagReachK2_s180_W2_RS,12,6240,selection,12,9.254761624955911,9.124971567217289,0.12979005773862204,0.5833333333333334,0.4166666666666667,"[5.413381616274516, 5.947887102762858]","[0.3333333333333333, 0.3333333333333333]","[0.005781133969624837, 0.01509280337227716]"
DiagReachK2,180,W2,RS,raw,shaped,development_DiagReachK2_s180_W2_RS,12,6240,acceptance,8,9.05771185150112,9.056828808688772,0.0008830428123474121,0.875,0.125,"[5.1142624616622925, 5.812467575073242]","[0.125, 0.0]","[0.00017660856246948242, 0.0]"
DiagReachK2,180,W2,RS,raw,shaped,development_DiagReachK2_s180_W2_RS,13,6720,exploration,20,7.111387405311689,5.556429404532537,1.554958000779152,0.25,0.5,"[4.012096656858921, 5.2656557083129885]","[0.15, 0.4]","[0.01487797896067301, 0.09164485931396484]"
DiagReachK2,180,W2,RS,raw,shaped,development_DiagReachK2_s180_W2_RS,13,6720,selection,12,9.036921302545904,9.02687091635549,0.010050386190414429,0.8333333333333334,0.16666666666666666,"[4.893692453702291, 5.620462814966838]","[0.0, 0.16666666666666666]","[0.0, 0.002010080549452046]"
DiagReachK2,180,W2,RS,raw,shaped,development_DiagReachK2_s180_W2_RS,13,6720,acceptance,8,8.928856021488013,8.928856021488013,0.0,1.0,0.0,"[4.8663448095321655, 5.433049499988556]","[0.0, 0.0]","[0.0, 0.0]"
DiagReachK2,180,W2,RS,raw,shaped,development_DiagReachK2_s180_W2_RS,14,7200,exploration,20,7.420229050148627,5.516788336266182,1.9034407138824463,0.15,0.4,"[4.565280002355576, 5.528870156407356]","[0.15, 0.4]","[0.021173528830210363, 0.10238407452901206]"
DiagReachK2,180,W2,RS,raw,shaped,development_DiagReachK2_s180_W2_RS,14,7200,selection,12,8.86882686682026,8.796678821916187,0.07214804490407307,0.5,0.5,"[5.875534733136495, 4.423326273759206]","[0.5, 0.0]","[0.014429615603552937, 0.0]"
DiagReachK2,180,W2,RS,raw,shaped,development_DiagReachK2_s180_W2_RS,14,7200,acceptance,8,9.124651905478093,9.124651905478093,0.0,1.0,0.0,"[5.550840377807617, 5.126537203788757]","[0.0, 0.0]","[0.0, 0.0]"
DiagReachK2,180,W2,RS,raw,shaped,development_DiagReachK2_s180_W2_RS,15,7680,exploration,20,7.03178837332991,5.9371235984948,1.0946647748351097,0.2,0.4,"[4.879927694797516, 4.063886499404907]","[0.3, 0.1]","[0.06320476929346722, 0.008362829685211182]"
DiagReachK2,180,W2,RS,raw,shaped,development_DiagReachK2_s180_W2_RS,15,7680,selection,12,9.02511487696999,8.883777065023121,0.1413378119468689,0.6666666666666666,0.3333333333333333,"[5.584796786308289, 4.836348712444305]","[0.3333333333333333, 0.0]","[0.024419208367665608, 0.0]"
DiagReachK2,180,W2,RS,raw,shaped,development_DiagReachK2_s180_W2_RS,15,7680,acceptance,8,9.21792653608427,9.21792653608427,0.0,1.0,0.0,"[5.5631150007247925, 5.1949474811553955]","[0.0, 0.0]","[0.0, 0.0]"
DiagReachK2,180,W2,RS,raw,shaped,development_DiagReachK2_s180_W2_RS,16,8160,exploration,20,7.24627307308954,6.430417942536296,0.8158551305532455,0.2,0.6,"[5.010398936271668, 4.044011703133583]","[0.3, 0.3]","[0.04700335661570232, 0.039773134390513096]"
DiagReachK2,180,W2,RS,raw,shaped,development_DiagReachK2_s180_W2_RS,16,8160,selection,12,9.285394033119276,9.120603879615858,0.16479015350341797,0.4166666666666667,0.5833333333333334,"[5.985732595125834, 5.295834302902222]","[0.5833333333333334, 0.0]","[0.030201852321624756, 0.0]"
DiagReachK2,180,W2,RS,raw,shaped,development_DiagReachK2_s180_W2_RS,16,8160,acceptance,8,9.174796671961667,9.174796671961667,0.0,1.0,0.0,"[5.415056109428406, 5.2322423458099365]","[0.0, 0.0]","[0.0, 0.0]"
DiagReachK2,180,W2,RS,raw,shaped,development_DiagReachK2_s180_W2_RS,17,8640,exploration,20,7.2379077754926415,5.7536565296363555,1.484251245856285,0.3,0.35,"[4.809985792636871, 4.532004618644715]","[0.25, 0.2]","[0.051822284857432045, 0.06201210816701254]"
DiagReachK2,180,W2,RS,raw,shaped,development_DiagReachK2_s180_W2_RS,17,8640,selection,12,9.06038511286024,9.06038511286024,0.0,1.0,0.0,"[5.528216361999512, 4.924400250116984]","[0.0, 0.0]","[0.0, 0.0]"
DiagReachK2,180,W2,RS,raw,shaped,development_DiagReachK2_s180_W2_RS,17,8640,acceptance,8,9.331176163801864,9.318889932880118,0.0122862309217453,0.625,0.375,"[5.784713506698608, 5.398219883441925]","[0.375, 0.0]","[0.0024572412172953195, 0.0]"
DiagReachK2,180,W2,RS,raw,shaped,development_DiagReachK2_s180_W2_RS,18,9120,exploration,20,6.965140667767264,6.157608700008131,0.8075319677591324,0.2,0.4,"[4.5123043090105055, 4.858432686328888]","[0.2, 0.3]","[0.05132514238357544, 0.029607554276784263]"
DiagReachK2,180,W2,RS,raw,shaped,development_DiagReachK2_s180_W2_RS,18,9120,selection,12,9.30498996845854,9.15921687555286,0.14577309290568033,0.3333333333333333,0.6666666666666666,"[5.976114511489868, 5.3547152280807495]","[0.6666666666666666, 0.0]","[0.02915462520387439, 0.0]"
DiagReachK2,180,W2,RS,raw,shaped,development_DiagReachK2_s180_W2_RS,18,9120,acceptance,8,9.199362808454318,9.199362808454318,0.0,1.0,0.0,"[5.572311282157898, 5.200557708740234]","[0.0, 0.0]","[0.0, 0.0]"
DiagReachK2,180,W2,RS,raw,shaped,development_DiagReachK2_s180_W2_RS,19,9600,exploration,20,7.509399764225819,5.569948591277935,1.9394511729478836,0.15,0.6,"[5.671386632323265, 4.065797889232636]","[0.55, 0.1]","[0.10913334290186563, 0.00783400138219197]"
DiagReachK2,180,W2,RS,raw,shaped,development_DiagReachK2_s180_W2_RS,19,9600,selection,12,8.730216069863339,8.730216069863339,0.0,1.0,0.0,"[4.908058762550354, 4.772376875082652]","[0.0, 0.0]","[0.0, 0.0]"
DiagReachK2,180,W2,RS,raw,shaped,development_DiagReachK2_s180_W2_RS,19,9600,acceptance,8,9.16676256404244,9.16676256404244,0.0,1.0,0.0,"[5.356002330780029, 5.37352180480957]","[0.0, 0.0]","[0.0, 0.0]"
DiagReachK2,180,W2,RS,raw,shaped,development_DiagReachK2_s180_W2_RS,20,10080,exploration,20,7.507444718046173,6.5915079052877275,0.9159368127584457,0.25,0.5,"[5.2330193519592285, 4.4325554966926575]","[0.4, 0.2]","[0.06583512226740518, 0.024219584465026856]"
DiagReachK2,180,W2,RS,raw,shaped,development_DiagReachK2_s180_W2_RS,20,10080,selection,12,9.072786389195,9.043932078682458,0.028854310512542725,0.6666666666666666,0.3333333333333333,"[5.3098017772038775, 5.806232849756877]","[0.3333333333333333, 0.0]","[0.0057708554797702245, 0.0]"
DiagReachK2,180,W2,RS,raw,shaped,development_DiagReachK2_s180_W2_RS,20,10080,acceptance,8,9.237784171546082,9.237784171546082,0.0,1.0,0.0,"[5.402881741523743, 5.5069392919540405]","[0.0, 0.0]","[0.0, 0.0]"
DiagReachK2,180,W2,RS,raw,shaped,development_DiagReachK2_s180_W2_RS,21,10560,exploration,20,7.827321435506457,6.3524273440195245,1.4748940914869308,0.35,0.55,"[5.558814465999603, 4.766515636444092]","[0.4, 0.25]","[0.06359337170918783, 0.03264866272608439]"
DiagReachK2,180,W2,RS,raw,shaped,development_DiagReachK2_s180_W2_RS,21,10560,selection,12,8.972623541212307,8.929643401758101,0.04298013945420583,0.75,0.25,"[4.9717088143030805, 5.319834550221761]","[0.0, 0.25]","[0.0, 0.007869594626956522]"
DiagReachK2,180,W2,RS,raw,shaped,development_DiagReachK2_s180_W2_RS,21,10560,acceptance,8,9.223300207236026,9.223300207236026,0.0,1.0,0.0,"[5.436397910118103, 5.5096518993377686]","[0.0, 0.0]","[0.0, 0.0]"
DiagReachK2,180,W2,RS,raw,shaped,development_DiagReachK2_s180_W2_RS,22,11040,exploration,20,7.206415865405579,4.957691002472421,2.248724862933159,0.2,0.5,"[3.9901118859648705, 5.569577950239181]","[0.1, 0.45]","[0.020098014672597253, 0.1127239147822062]"
DiagReachK2,180,W2,RS,raw,shaped,development_DiagReachK2_s180_W2_RS,22,11040,selection,12,9.120962655952946,9.089899248293415,0.03106340765953064,0.75,0.25,"[5.8231163422266645, 4.951310892899831]","[0.25, 0.0]","[0.006212684843275289, 0.0]"
DiagReachK2,180,W2,RS,raw,shaped,development_DiagReachK2_s180_W2_RS,22,11040,acceptance,8,9.25871472356921,9.25871472356921,0.0,1.0,0.0,"[5.599438905715942, 5.594895720481873]","[0.0, 0.0]","[0.0, 0.0]"
DiagReachK2,180,W2,RS,raw,shaped,development_DiagReachK2_s180_W2_RS,23,11520,exploration,20,7.399782280151266,5.993409285966772,1.406372994184494,0.25,0.55,"[5.882874894142151, 3.9477330148220062]","[0.5, 0.1]","[0.12252574761708575, 0.004606930414835619]"
DiagReachK2,180,W2,RS,raw,shaped,development_DiagReachK2_s180_W2_RS,23,11520,selection,12,8.968006582234862,8.94625262536065,0.021753956874211628,0.8333333333333334,0.16666666666666666,"[5.202812274297078, 5.388820846875508]","[0.16666666666666666, 0.0]","[0.0043507880634731655, 0.0]"
DiagReachK2,180,W2,RS,raw,shaped,development_DiagReachK2_s180_W2_RS,23,11520,acceptance,8,9.2791655196168,9.2791655196168,0.0,1.0,0.0,"[5.737748742103577, 5.620102882385254]","[0.0, 0.0]","[0.0, 0.0]"
DiagReachK2,180,W2,RS,raw,shaped,development_DiagReachK2_s180_W2_RS,24,12000,exploration,20,7.654475895793584,5.9188275915695705,1.7356483042240143,0.3,0.55,"[5.0750485301017765, 4.913870257139206]","[0.25, 0.4]","[0.045731079578399655, 0.05966982046763103]"
DiagReachK2,180,W2,RS,raw,shaped,development_DiagReachK2_s180_W2_RS,24,12000,selection,12,9.156063377658333,9.094146122336195,0.061917255322138466,0.6666666666666666,0.3333333333333333,"[5.5933332443237305, 5.326859672864278]","[0.3333333333333333, 0.25]","[0.009683887163797996, 0.002699553966522217]"
DiagReachK2,180,W2,RS,raw,shaped,development_DiagReachK2_s180_W2_RS,24,12000,acceptance,8,9.239723975130255,9.239723975130255,0.0,1.0,0.0,"[5.624004125595093, 5.490831613540649]","[0.0, 0.0]","[0.0, 0.0]"
DiagReachK2,180,W2,SR,shaped,raw,development_DiagReachK2_s180_W2_SR,0,480,exploration,20,3.2241866626008417,3.0743336416943934,0.14985302090644836,0.1,0.05,"[1.5594119757413865, 1.6262317836284637]","[0.05, 0.05]","[0.0009512583414713505, 0.015306381384531654]"
DiagReachK2,180,W2,SR,shaped,raw,development_DiagReachK2_s180_W2_SR,0,480,selection,12,3.7150817727204415,3.7150817727204415,0.0,0.0,0.0,"[0.3512672210733096, 0.9581190869212151]","[0.0, 0.0]","[0.0, 0.0]"
DiagReachK2,180,W2,SR,shaped,raw,development_DiagReachK2_s180_W2_SR,0,480,acceptance,8,4.2181462437147275,4.2181462437147275,0.0,0.0,0.0,"[0.6755631566047668, 1.260714951902628]","[0.0, 0.0]","[0.0, 0.0]"
DiagReachK2,180,W2,SR,shaped,raw,development_DiagReachK2_s180_W2_SR,1,960,exploration,20,4.680874697079998,4.047889611831051,0.6329850852489471,0.15,0.1,"[2.2841935262084005, 2.948697417974472]","[0.05, 0.1]","[0.003461587429046631, 0.044056046009063723]"
DiagReachK2,180,W2,SR,shaped,raw,development_DiagReachK2_s180_W2_SR,1,960,selection,12,6.668623033369658,6.668623033369658,0.0,0.3333333333333333,0.0,"[2.573166767756144, 2.4651344219843545]","[0.0, 0.0]","[0.0, 0.0]"
DiagReachK2,180,W2,SR,shaped,raw,development_DiagReachK2_s180_W2_SR,1,960,acceptance,8,6.842277829254454,6.842277829254454,0.0,0.5,0.0,"[2.9393168687820435, 2.5165653973817825]","[0.0, 0.0]","[0.0, 0.0]"
DiagReachK2,180,W2,SR,shaped,raw,development_DiagReachK2_s180_W2_SR,2,1440,exploration,20,6.959208891924353,5.112235353525611,1.8469735383987427,0.1,0.45,"[4.297142696380615, 4.123238010704517]","[0.3, 0.2]","[0.053297034899393726, 0.07144033511479696]"
DiagReachK2,180,W2,SR,shaped,raw,development_DiagReachK2_s180_W2_SR,2,1440,selection,12,7.740325254565808,7.72643280264371,0.013892451922098795,0.6666666666666666,0.25,"[4.8592822551727295, 2.5851438641548157]","[0.25, 0.0]","[0.0027784903844197593, 0.0]"
DiagReachK2,180,W2,SR,shaped,raw,development_DiagReachK2_s180_W2_SR,2,1440,acceptance,8,7.9355965253227625,7.9355965253227625,0.0,1.0,0.0,"[4.3625946044921875, 3.1898499727249146]","[0.0, 0.0]","[0.0, 0.0]"
DiagReachK2,180,W2,SR,shaped,raw,development_DiagReachK2_s180_W2_SR,3,1920,exploration,20,6.32167880287394,4.640158579256386,1.6815202236175537,0.2,0.25,"[4.228767913579941, 3.149506203830242]","[0.15, 0.15]","[0.04070361852645874, 0.04953749974568685]"
DiagReachK2,180,W2,SR,shaped,raw,development_DiagReachK2_s180_W2_SR,3,1920,selection,12,7.579137989896389,7.579137989896389,0.0,1.0,0.0,"[4.029344797134399, 2.5238602459430695]","[0.0, 0.0]","[0.0, 0.0]"
DiagReachK2,180,W2,SR,shaped,raw,development_DiagReachK2_s180_W2_SR,3,1920,acceptance,8,7.96072762903641,7.96072762903641,0.0,1.0,0.0,"[4.521643280982971, 3.030844748020172]","[0.0, 0.0]","[0.0, 0.0]"
DiagReachK2,180,W2,SR,shaped,raw,development_DiagReachK2_s180_W2_SR,4,2400,exploration,20,6.7040656147780835,6.1100846765819,0.5939809381961823,0.3,0.15,"[4.229766416549682, 3.3824381813406945]","[0.1, 0.05]","[0.028542649745941163, 0.005905413627624511]"
DiagReachK2,180,W2,SR,shaped,raw,development_DiagReachK2_s180_W2_SR,4,2400,selection,12,8.439160735498687,8.439160735498687,0.0,1.0,0.0,"[4.695773164431254, 4.00819472471873]","[0.0, 0.0]","[0.0, 0.0]"
DiagReachK2,180,W2,SR,shaped,raw,development_DiagReachK2_s180_W2_SR,4,2400,acceptance,8,8.586582549166632,8.586582549166632,0.0,1.0,0.0,"[4.797895729541779, 4.2099809646606445]","[0.0, 0.0]","[0.0, 0.0]"
DiagReachK2,180,W2,SR,shaped,raw,development_DiagReachK2_s180_W2_SR,5,2880,exploration,20,6.886221916144715,5.269641996091233,1.616579920053482,0.1,0.45,"[4.1067797735333444, 4.59588435292244]","[0.2, 0.35]","[0.04494479497273762, 0.08832470973332723]"
DiagReachK2,180,W2,SR,shaped,raw,development_DiagReachK2_s180_W2_SR,5,2880,selection,12,8.91572095149119,8.91572095149119,0.0,1.0,0.0,"[4.92743996779124, 4.828139781951904]","[0.0, 0.0]","[0.0, 0.0]"
DiagReachK2,180,W2,SR,shaped,raw,development_DiagReachK2_s180_W2_SR,5,2880,acceptance,8,9.211465686955489,9.211465686955489,0.0,1.0,0.0,"[5.31980562210083, 5.275716304779053]","[0.0, 0.0]","[0.0, 0.0]"
DiagReachK2,180,W2,SR,shaped,raw,development_DiagReachK2_s180_W2_SR,6,3360,exploration,20,7.7040367673826395,5.185117537875194,2.5189192295074463,0.35,0.45,"[5.597563338279724, 5.006245052814483]","[0.35, 0.25]","[0.107689102490743, 0.07633206049601236]"
DiagReachK2,180,W2,SR,shaped,raw,development_DiagReachK2_s180_W2_SR,6,3360,selection,12,8.51658577194418,8.51658577194418,0.0,1.0,0.0,"[4.321844100952148, 4.571847160657247]","[0.0, 0.0]","[0.0, 0.0]"
DiagReachK2,180,W2,SR,shaped,raw,development_DiagReachK2_s180_W2_SR,6,3360,acceptance,8,9.19351318187546,9.19351318187546,0.0,1.0,0.0,"[5.245325922966003, 5.2226808071136475]","[0.0, 0.0]","[0.0, 0.0]"
DiagReachK2,180,W2,SR,shaped,raw,development_DiagReachK2_s180_W2_SR,7,3840,exploration,20,6.8042362464824695,5.879448993341066,0.9247872531414032,0.15,0.55,"[3.940136781334877, 4.4721414059400555]","[0.2, 0.35]","[0.03372788826624552, 0.05952973365783691]"
DiagReachK2,180,W2,SR,shaped,raw,development_DiagReachK2_s180_W2_SR,7,3840,selection,12,9.195666469881933,9.129980412870646,0.06568605701128642,0.75,0.25,"[5.7478253444035845, 5.246784090995789]","[0.25, 0.0]","[0.013137208090888123, 0.0]"
DiagReachK2,180,W2,SR,shaped,raw,development_DiagReachK2_s180_W2_SR,7,3840,acceptance,8,9.169325761590152,9.169325761590152,0.0,1.0,0.0,"[5.394692838191986, 5.302703082561493]","[0.0, 0.0]","[0.0, 0.0]"
DiagReachK2,180,W2,SR,shaped,raw,development_DiagReachK2_s180_W2_SR,8,4320,exploration,20,7.060414672354236,6.117384672621266,0.9430299997329712,0.25,0.35,"[4.294308057427406, 4.091493976116181]","[0.25, 0.25]","[0.05196888446807861, 0.031655665238698324]"
DiagReachK2,180,W2,SR,shaped,raw,development_DiagReachK2_s180_W2_SR,8,4320,selection,12,8.95724101639741,8.95724101639741,0.0,1.0,0.0,"[5.124582290649414, 4.905906915664673]","[0.0, 0.0]","[0.0, 0.0]"
DiagReachK2,180,W2,SR,shaped,raw,development_DiagReachK2_s180_W2_SR,8,4320,acceptance,8,9.181837439537048,9.181837439537048,0.0,1.0,0.0,"[5.245243549346924, 5.332029104232788]","[0.0, 0.0]","[0.0, 0.0]"
DiagReachK2,180,W2,SR,shaped,raw,development_DiagReachK2_s180_W2_SR,9,4800,exploration,20,7.675669018763765,6.413250301617845,1.2624187171459198,0.15,0.7,"[5.262460035085678, 4.968461406230927]","[0.4, 0.35]","[0.042467653751373305, 0.06505251328150431]"
DiagReachK2,180,W2,SR,shaped,raw,development_DiagReachK2_s180_W2_SR,9,4800,selection,12,9.03763897290531,9.03763897290531,0.0,1.0,0.0,"[5.2379874388376875, 4.997459173202515]","[0.0, 0.0]","[0.0, 0.0]"
DiagReachK2,180,W2,SR,shaped,raw,development_DiagReachK2_s180_W2_SR,9,4800,acceptance,8,9.18195742663229,9.18195742663229,0.0,1.0,0.0,"[5.146735310554504, 5.197536468505859]","[0.0, 0.0]","[0.0, 0.0]"
DiagReachK2,180,W2,SR,shaped,raw,development_DiagReachK2_s180_W2_SR,10,5280,exploration,20,7.010283655359527,5.53792176289775,1.4723618924617767,0.3,0.35,"[4.820414799451828, 3.8690391302108766]","[0.3, 0.15]","[0.09619808594385783, 0.03136169910430908]"
DiagReachK2,180,W2,SR,shaped,raw,development_DiagReachK2_s180_W2_SR,10,5280,selection,12,9.037665784471512,9.037665784471512,0.0,1.0,0.0,"[4.745500206947327, 5.527166287104289]","[0.0, 0.0]","[0.0, 0.0]"
DiagReachK2,180,W2,SR,shaped,raw,development_DiagReachK2_s180_W2_SR,10,5280,acceptance,8,9.15800752369687,9.15800752369687,0.0,1.0,0.0,"[5.238672494888306, 5.231102347373962]","[0.0, 0.0]","[0.0, 0.0]"
DiagReachK2,180,W2,SR,shaped,raw,development_DiagReachK2_s180_W2_SR,11,5760,exploration,20,6.8042641516332525,5.1312872107629675,1.672976940870285,0.25,0.3,"[4.699188828468323, 3.968803745508194]","[0.2, 0.15]","[0.07593123515446981, 0.03525987863540649]"
DiagReachK2,180,W2,SR,shaped,raw,development_DiagReachK2_s180_W2_SR,11,5760,selection,12,8.848595715612465,8.848595715612465,0.0,1.0,0.0,"[4.456795175870259, 5.220038533210754]","[0.0, 0.0]","[0.0, 0.0]"
DiagReachK2,180,W2,SR,shaped,raw,development_DiagReachK2_s180_W2_SR,11,5760,acceptance,8,9.154647481441497,9.154647481441497,0.0,1.0,0.0,"[5.195826411247253, 5.156432151794434]","[0.0, 0.0]","[0.0, 0.0]"
DiagReachK2,180,W2,SR,shaped,raw,development_DiagReachK2_s180_W2_SR,12,6240,exploration,20,7.432401330736466,6.056295590070077,1.3761057406663895,0.3,0.6,"[4.516615226864815, 5.044758880138398]","[0.35, 0.45]","[0.03308485746383666, 0.08055839935938518]"
DiagReachK2,180,W2,SR,shaped,raw,development_DiagReachK2_s180_W2_SR,12,6240,selection,12,8.98277051622281,8.904656692093706,0.07811382412910461,0.6666666666666666,0.3333333333333333,"[5.8133342663447065, 4.6957153876622515]","[0.3333333333333333, 0.0]","[0.015301386515299498, 0.0]"
DiagReachK2,180,W2,SR,shaped,raw,development_DiagReachK2_s180_W2_SR,12,6240,acceptance,8,9.18503938957583,9.18503938957583,0.0,1.0,0.0,"[5.417885065078735, 5.308411717414856]","[0.0, 0.0]","[0.0, 0.0]"
DiagReachK2,180,W2,SR,shaped,raw,development_DiagReachK2_s180_W2_SR,13,6720,exploration,20,7.550333315362222,4.8140449913637715,2.7362883239984512,0.25,0.5,"[5.094964158535004, 4.9904358923435215]","[0.25, 0.4]","[0.08335146506627401, 0.09838053782780966]"
DiagReachK2,180,W2,SR,shaped,raw,development_DiagReachK2_s180_W2_SR,13,6720,selection,12,8.882929270494303,8.882929270494303,0.0,1.0,0.0,"[5.007265210151672, 4.561216016610463]","[0.0, 0.0]","[0.0, 0.0]"
DiagReachK2,180,W2,SR,shaped,raw,development_DiagReachK2_s180_W2_SR,13,6720,acceptance,8,9.172159734391608,9.172159734391608,0.0,1.0,0.0,"[5.228129625320435, 5.165493965148926]","[0.0, 0.0]","[0.0, 0.0]"
DiagReachK2,180,W2,SR,shaped,raw,development_DiagReachK2_s180_W2_SR,14,7200,exploration,20,7.43872661384521,5.134854609693866,2.3038720041513443,0.1,0.5,"[5.180353289842605, 5.244481575489044]","[0.3, 0.3]","[0.10914075374603271, 0.0659004052480062]"
DiagReachK2,180,W2,SR,shaped,raw,development_DiagReachK2_s180_W2_SR,14,7200,selection,12,8.890793177216256,8.890793177216256,0.0,1.0,0.0,"[4.56200776497523, 5.470449805259705]","[0.0, 0.0]","[0.0, 0.0]"
DiagReachK2,180,W2,SR,shaped,raw,development_DiagReachK2_s180_W2_SR,14,7200,acceptance,8,9.154660335241351,9.154660335241351,0.0,1.0,0.0,"[5.325533747673035, 5.167268514633179]","[0.0, 0.0]","[0.0, 0.0]"
DiagReachK2,180,W2,SR,shaped,raw,development_DiagReachK2_s180_W2_SR,15,7680,exploration,20,7.195625518066808,6.222618002993986,0.9730075150728226,0.3,0.45,"[4.705514878034592, 4.106750465929508]","[0.25, 0.2]","[0.03882512648900349, 0.04319303035736084]"
DiagReachK2,180,W2,SR,shaped,raw,development_DiagReachK2_s180_W2_SR,15,7680,selection,12,9.133030931965914,9.133030931965914,0.0,1.0,0.0,"[5.112785339355469, 5.395514527956645]","[0.0, 0.0]","[0.0, 0.0]"
DiagReachK2,180,W2,SR,shaped,raw,development_DiagReachK2_s180_W2_SR,15,7680,acceptance,8,9.164345819270238,9.164345819270238,0.0,1.0,0.0,"[5.344215989112854, 5.229980111122131]","[0.0, 0.0]","[0.0, 0.0]"
DiagReachK2,180,W2,SR,shaped,raw,development_DiagReachK2_s180_W2_SR,16,8160,exploration,20,6.952018539762358,5.900412510490279,1.0516060292720795,0.15,0.35,"[4.375267349183559, 4.836988306045532]","[0.15, 0.25]","[0.03880561590194702, 0.05775552193323772]"
DiagReachK2,180,W2,SR,shaped,raw,development_DiagReachK2_s180_W2_SR,16,8160,selection,12,9.295330581144663,9.217862474000624,0.07746810714403789,0.5833333333333334,0.4166666666666667,"[5.782377322514852, 5.5870137214660645]","[0.4166666666666667, 0.0]","[0.015493618117438416, 0.0]"
DiagReachK2,180,W2,SR,shaped,raw,development_DiagReachK2_s180_W2_SR,16,8160,acceptance,8,9.173164248303511,9.173164248303511,0.0,1.0,0.0,"[5.166586756706238, 5.282052993774414]","[0.0, 0.0]","[0.0, 0.0]"
DiagReachK2,180,W2,SR,shaped,raw,development_DiagReachK2_s180_W2_SR,17,8640,exploration,20,6.799122829516419,5.85316890903283,0.9459539204835892,0.05,0.4,"[4.349900907278061, 4.830728831887245]","[0.25, 0.2]","[0.06243776480356852, 0.031224425633748377]"
DiagReachK2,180,W2,SR,shaped,raw,development_DiagReachK2_s180_W2_SR,17,8640,selection,12,9.295867909062267,9.289695003696641,0.0061729053656260175,0.8333333333333334,0.16666666666666666,"[5.3774311145146685, 5.521722833315532]","[0.0, 0.16666666666666666]","[0.0, 0.0012345843844943638]"
DiagReachK2,180,W2,SR,shaped,raw,development_DiagReachK2_s180_W2_SR,17,8640,acceptance,8,9.181976091803516,9.181976091803516,0.0,1.0,0.0,"[5.556948781013489, 5.283971965312958]","[0.0, 0.0]","[0.0, 0.0]"
DiagReachK2,180,W2,SR,shaped,raw,development_DiagReachK2_s180_W2_SR,18,9120,exploration,20,7.724921745695172,4.733259869255124,2.991661876440048,0.3,0.55,"[5.820227599143982, 4.372824263572693]","[0.5, 0.15]","[0.16140163739522295, 0.017795924345652258]"
DiagReachK2,180,W2,SR,shaped,raw,development_DiagReachK2_s180_W2_SR,18,9120,selection,12,8.82215909437485,8.82215909437485,0.0,1.0,0.0,"[4.7632720073064165, 5.1365662813186646]","[0.0, 0.0]","[0.0, 0.0]"
DiagReachK2,180,W2,SR,shaped,raw,development_DiagReachK2_s180_W2_SR,18,9120,acceptance,8,9.186903503281064,9.186903503281064,0.0,1.0,0.0,"[5.755006790161133, 5.3509403467178345]","[0.0, 0.0]","[0.0, 0.0]"
DiagReachK2,180,W2,SR,shaped,raw,development_DiagReachK2_s180_W2_SR,19,9600,exploration,20,7.404511073631002,5.817426869672491,1.5870842039585114,0.15,0.6,"[5.120578652620315, 4.714778476953507]","[0.4, 0.25]","[0.09755346775054932, 0.038531529903411875]"
DiagReachK2,180,W2,SR,shaped,raw,development_DiagReachK2_s180_W2_SR,19,9600,selection,12,9.090914229278374,9.057409266357231,0.03350496292114258,0.75,0.25,"[5.251229604085286, 5.43294616540273]","[0.0, 0.25]","[0.0, 0.005887799792819559]"
DiagReachK2,180,W2,SR,shaped,raw,development_DiagReachK2_s180_W2_SR,19,9600,acceptance,8,9.232082727900707,9.232082727900707,0.0,1.0,0.0,"[5.5432868003845215, 5.406337738037109]","[0.0, 0.0]","[0.0, 0.0]"
DiagReachK2,180,W2,SR,shaped,raw,development_DiagReachK2_s180_W2_SR,20,10080,exploration,20,7.62718938776059,5.637712274871301,1.9894771128892899,0.3,0.5,"[5.5933147192001345, 4.860024297237397]","[0.3, 0.2]","[0.09444787502288818, 0.04206931988398234]"
DiagReachK2,180,W2,SR,shaped,raw,development_DiagReachK2_s180_W2_SR,20,10080,selection,12,8.918944665324668,8.918944665324668,0.0,1.0,0.0,"[5.2253745794296265, 5.149750868479411]","[0.0, 0.0]","[0.0, 0.0]"
DiagReachK2,180,W2,SR,shaped,raw,development_DiagReachK2_s180_W2_SR,20,10080,acceptance,8,9.278340108372504,9.278340108372504,0.0,1.0,0.0,"[5.475574433803558, 5.33283406496048]","[0.0, 0.0]","[0.0, 0.0]"
DiagReachK2,180,W2,SR,shaped,raw,development_DiagReachK2_s180_W2_SR,21,10560,exploration,20,6.966609231613111,5.161881096146535,1.8047281354665756,0.1,0.6,"[3.9133203864097594, 5.466013866662979]","[0.2, 0.45]","[0.015972165266672778, 0.10392572085062661]"
DiagReachK2,180,W2,SR,shaped,raw,development_DiagReachK2_s180_W2_SR,21,10560,selection,12,8.855462663671156,8.855462663671156,0.0,1.0,0.0,"[5.427753408749898, 4.341367304325104]","[0.0, 0.0]","[0.0, 0.0]"
DiagReachK2,180,W2,SR,shaped,raw,development_DiagReachK2_s180_W2_SR,21,10560,acceptance,8,9.263416503975167,9.263416503975167,0.0,1.0,0.0,"[5.38885498046875, 5.318493485450745]","[0.0, 0.0]","[0.0, 0.0]"
DiagReachK2,180,W2,SR,shaped,raw,development_DiagReachK2_s180_W2_SR,22,11040,exploration,20,7.19618567994694,5.64624022117714,1.5499454587697983,0.25,0.5,"[4.970774310827255, 4.7863244116306305]","[0.35, 0.25]","[0.09541933536529543, 0.023956724007924413]"
DiagReachK2,180,W2,SR,shaped,raw,development_DiagReachK2_s180_W2_SR,22,11040,selection,12,8.87619592996489,8.87619592996489,0.0,1.0,0.0,"[4.818152904510498, 5.032752275466919]","[0.0, 0.0]","[0.0, 0.0]"
DiagReachK2,180,W2,SR,shaped,raw,development_DiagReachK2_s180_W2_SR,22,11040,acceptance,8,9.257876381021925,9.257876381021925,0.0,1.0,0.0,"[5.388731360435486, 5.3842891454696655]","[0.0, 0.0]","[0.0, 0.0]"
DiagReachK2,180,W2,SR,shaped,raw,development_DiagReachK2_s180_W2_SR,23,11520,exploration,20,7.273411149960012,6.381996552329511,0.8914145976305008,0.25,0.45,"[5.049612534046173, 4.681926727294922]","[0.4, 0.05]","[0.07268679539362588, 0.021115080515543616]"
DiagReachK2,180,W2,SR,shaped,raw,development_DiagReachK2_s180_W2_SR,23,11520,selection,12,9.227360014744528,9.203973685332068,0.023386329412460327,0.8333333333333334,0.16666666666666666,"[5.6187989711761475, 5.009973764419556]","[0.16666666666666666, 0.0]","[0.004677269193861226, 0.0]"
DiagReachK2,180,W2,SR,shaped,raw,development_DiagReachK2_s180_W2_SR,23,11520,acceptance,8,9.3053348618967,9.3053348618967,0.0,1.0,0.0,"[5.512834966182709, 5.373711168766022]","[0.0, 0.0]","[0.0, 0.0]"
DiagReachK2,180,W2,SR,shaped,raw,development_DiagReachK2_s180_W2_SR,24,12000,exploration,20,7.545677048035432,6.624751788445283,0.9209252595901489,0.3,0.45,"[4.604805618524551, 5.504973471164703]","[0.15, 0.4]","[0.02395120064417521, 0.0720783273379008]"
DiagReachK2,180,W2,SR,shaped,raw,development_DiagReachK2_s180_W2_SR,24,12000,selection,12,8.869824102132892,8.869824102132892,0.0,1.0,0.0,"[5.486069321632385, 4.649226387341817]","[0.0, 0.0]","[0.0, 0.0]"
DiagReachK2,180,W2,SR,shaped,raw,development_DiagReachK2_s180_W2_SR,24,12000,acceptance,8,9.244918516383041,9.244918516383041,0.0,1.0,0.0,"[5.465994358062744, 5.2072519063949585]","[0.0, 0.0]","[0.0, 0.0]"
DiagReachK2,180,W2,SS,shaped,shaped,development_DiagReachK2_s180_W2_SS,0,480,exploration,20,3.2241866626008417,3.0743336416943934,0.14985302090644836,0.1,0.05,"[1.5594119757413865, 1.6262317836284637]","[0.05, 0.05]","[0.0009512583414713505, 0.015306381384531654]"
DiagReachK2,180,W2,SS,shaped,shaped,development_DiagReachK2_s180_W2_SS,0,480,selection,12,3.7150817727204415,3.7150817727204415,0.0,0.0,0.0,"[0.3512672210733096, 0.9581190869212151]","[0.0, 0.0]","[0.0, 0.0]"
DiagReachK2,180,W2,SS,shaped,shaped,development_DiagReachK2_s180_W2_SS,0,480,acceptance,8,4.2181462437147275,4.2181462437147275,0.0,0.0,0.0,"[0.6755631566047668, 1.260714951902628]","[0.0, 0.0]","[0.0, 0.0]"
DiagReachK2,180,W2,SS,shaped,shaped,development_DiagReachK2_s180_W2_SS,1,960,exploration,20,4.680874697079998,4.047889611831051,0.6329850852489471,0.15,0.1,"[2.2841935262084005, 2.948697417974472]","[0.05, 0.1]","[0.003461587429046631, 0.044056046009063723]"
DiagReachK2,180,W2,SS,shaped,shaped,development_DiagReachK2_s180_W2_SS,1,960,selection,12,6.668623033369658,6.668623033369658,0.0,0.3333333333333333,0.0,"[2.573166767756144, 2.4651344219843545]","[0.0, 0.0]","[0.0, 0.0]"
DiagReachK2,180,W2,SS,shaped,shaped,development_DiagReachK2_s180_W2_SS,1,960,acceptance,8,6.842277829254454,6.842277829254454,0.0,0.5,0.0,"[2.9393168687820435, 2.5165653973817825]","[0.0, 0.0]","[0.0, 0.0]"
DiagReachK2,180,W2,SS,shaped,shaped,development_DiagReachK2_s180_W2_SS,2,1440,exploration,20,6.959208891924353,5.112235353525611,1.8469735383987427,0.1,0.45,"[4.297142696380615, 4.123238010704517]","[0.3, 0.2]","[0.053297034899393726, 0.07144033511479696]"
DiagReachK2,180,W2,SS,shaped,shaped,development_DiagReachK2_s180_W2_SS,2,1440,selection,12,7.740325254565808,7.72643280264371,0.013892451922098795,0.6666666666666666,0.25,"[4.8592822551727295, 2.5851438641548157]","[0.25, 0.0]","[0.0027784903844197593, 0.0]"
DiagReachK2,180,W2,SS,shaped,shaped,development_DiagReachK2_s180_W2_SS,2,1440,acceptance,8,7.9355965253227625,7.9355965253227625,0.0,1.0,0.0,"[4.3625946044921875, 3.1898499727249146]","[0.0, 0.0]","[0.0, 0.0]"
DiagReachK2,180,W2,SS,shaped,shaped,development_DiagReachK2_s180_W2_SS,3,1920,exploration,20,6.32167880287394,4.640158579256386,1.6815202236175537,0.2,0.25,"[4.228767913579941, 3.149506203830242]","[0.15, 0.15]","[0.04070361852645874, 0.04953749974568685]"
DiagReachK2,180,W2,SS,shaped,shaped,development_DiagReachK2_s180_W2_SS,3,1920,selection,12,7.579137989896389,7.579137989896389,0.0,1.0,0.0,"[4.029344797134399, 2.5238602459430695]","[0.0, 0.0]","[0.0, 0.0]"
DiagReachK2,180,W2,SS,shaped,shaped,development_DiagReachK2_s180_W2_SS,3,1920,acceptance,8,7.96072762903641,7.96072762903641,0.0,1.0,0.0,"[4.521643280982971, 3.030844748020172]","[0.0, 0.0]","[0.0, 0.0]"
DiagReachK2,180,W2,SS,shaped,shaped,development_DiagReachK2_s180_W2_SS,4,2400,exploration,20,6.7040656147780835,6.1100846765819,0.5939809381961823,0.3,0.15,"[4.229766416549682, 3.3824381813406945]","[0.1, 0.05]","[0.028542649745941163, 0.005905413627624511]"
DiagReachK2,180,W2,SS,shaped,shaped,development_DiagReachK2_s180_W2_SS,4,2400,selection,12,8.439160735498687,8.439160735498687,0.0,1.0,0.0,"[4.695773164431254, 4.00819472471873]","[0.0, 0.0]","[0.0, 0.0]"
DiagReachK2,180,W2,SS,shaped,shaped,development_DiagReachK2_s180_W2_SS,4,2400,acceptance,8,8.586582549166632,8.586582549166632,0.0,1.0,0.0,"[4.797895729541779, 4.2099809646606445]","[0.0, 0.0]","[0.0, 0.0]"
DiagReachK2,180,W2,SS,shaped,shaped,development_DiagReachK2_s180_W2_SS,5,2880,exploration,20,6.886221916144715,5.269641996091233,1.616579920053482,0.1,0.45,"[4.1067797735333444, 4.59588435292244]","[0.2, 0.35]","[0.04494479497273762, 0.08832470973332723]"
DiagReachK2,180,W2,SS,shaped,shaped,development_DiagReachK2_s180_W2_SS,5,2880,selection,12,8.91572095149119,8.91572095149119,0.0,1.0,0.0,"[4.92743996779124, 4.828139781951904]","[0.0, 0.0]","[0.0, 0.0]"
DiagReachK2,180,W2,SS,shaped,shaped,development_DiagReachK2_s180_W2_SS,5,2880,acceptance,8,9.211465686955489,9.211465686955489,0.0,1.0,0.0,"[5.31980562210083, 5.275716304779053]","[0.0, 0.0]","[0.0, 0.0]"
DiagReachK2,180,W2,SS,shaped,shaped,development_DiagReachK2_s180_W2_SS,6,3360,exploration,20,7.7040367673826395,5.185117537875194,2.5189192295074463,0.35,0.45,"[5.597563338279724, 5.006245052814483]","[0.35, 0.25]","[0.107689102490743, 0.07633206049601236]"
DiagReachK2,180,W2,SS,shaped,shaped,development_DiagReachK2_s180_W2_SS,6,3360,selection,12,8.51658577194418,8.51658577194418,0.0,1.0,0.0,"[4.321844100952148, 4.571847160657247]","[0.0, 0.0]","[0.0, 0.0]"
DiagReachK2,180,W2,SS,shaped,shaped,development_DiagReachK2_s180_W2_SS,6,3360,acceptance,8,9.19351318187546,9.19351318187546,0.0,1.0,0.0,"[5.245325922966003, 5.2226808071136475]","[0.0, 0.0]","[0.0, 0.0]"
DiagReachK2,180,W2,SS,shaped,shaped,development_DiagReachK2_s180_W2_SS,7,3840,exploration,20,6.8042362464824695,5.879448993341066,0.9247872531414032,0.15,0.55,"[3.940136781334877, 4.4721414059400555]","[0.2, 0.35]","[0.03372788826624552, 0.05952973365783691]"
DiagReachK2,180,W2,SS,shaped,shaped,development_DiagReachK2_s180_W2_SS,7,3840,selection,12,9.195666469881933,9.129980412870646,0.06568605701128642,0.75,0.25,"[5.7478253444035845, 5.246784090995789]","[0.25, 0.0]","[0.013137208090888123, 0.0]"
DiagReachK2,180,W2,SS,shaped,shaped,development_DiagReachK2_s180_W2_SS,7,3840,acceptance,8,9.169325761590152,9.169325761590152,0.0,1.0,0.0,"[5.394692838191986, 5.302703082561493]","[0.0, 0.0]","[0.0, 0.0]"
DiagReachK2,180,W2,SS,shaped,shaped,development_DiagReachK2_s180_W2_SS,8,4320,exploration,20,7.060414672354236,6.117384672621266,0.9430299997329712,0.25,0.35,"[4.294308057427406, 4.091493976116181]","[0.25, 0.25]","[0.05196888446807861, 0.031655665238698324]"
DiagReachK2,180,W2,SS,shaped,shaped,development_DiagReachK2_s180_W2_SS,8,4320,selection,12,8.95724101639741,8.95724101639741,0.0,1.0,0.0,"[5.124582290649414, 4.905906915664673]","[0.0, 0.0]","[0.0, 0.0]"
DiagReachK2,180,W2,SS,shaped,shaped,development_DiagReachK2_s180_W2_SS,8,4320,acceptance,8,9.181837439537048,9.181837439537048,0.0,1.0,0.0,"[5.245243549346924, 5.332029104232788]","[0.0, 0.0]","[0.0, 0.0]"
DiagReachK2,180,W2,SS,shaped,shaped,development_DiagReachK2_s180_W2_SS,9,4800,exploration,20,7.675669018763765,6.413250301617845,1.2624187171459198,0.15,0.7,"[5.262460035085678, 4.968461406230927]","[0.4, 0.35]","[0.042467653751373305, 0.06505251328150431]"
DiagReachK2,180,W2,SS,shaped,shaped,development_DiagReachK2_s180_W2_SS,9,4800,selection,12,9.03763897290531,9.03763897290531,0.0,1.0,0.0,"[5.2379874388376875, 4.997459173202515]","[0.0, 0.0]","[0.0, 0.0]"
DiagReachK2,180,W2,SS,shaped,shaped,development_DiagReachK2_s180_W2_SS,9,4800,acceptance,8,9.18195742663229,9.18195742663229,0.0,1.0,0.0,"[5.146735310554504, 5.197536468505859]","[0.0, 0.0]","[0.0, 0.0]"
DiagReachK2,180,W2,SS,shaped,shaped,development_DiagReachK2_s180_W2_SS,10,5280,exploration,20,7.010283655359527,5.53792176289775,1.4723618924617767,0.3,0.35,"[4.820414799451828, 3.8690391302108766]","[0.3, 0.15]","[0.09619808594385783, 0.03136169910430908]"
DiagReachK2,180,W2,SS,shaped,shaped,development_DiagReachK2_s180_W2_SS,10,5280,selection,12,9.037665784471512,9.037665784471512,0.0,1.0,0.0,"[4.745500206947327, 5.527166287104289]","[0.0, 0.0]","[0.0, 0.0]"
DiagReachK2,180,W2,SS,shaped,shaped,development_DiagReachK2_s180_W2_SS,10,5280,acceptance,8,9.15800752369687,9.15800752369687,0.0,1.0,0.0,"[5.238672494888306, 5.231102347373962]","[0.0, 0.0]","[0.0, 0.0]"
DiagReachK2,180,W2,SS,shaped,shaped,development_DiagReachK2_s180_W2_SS,11,5760,exploration,20,6.8042641516332525,5.1312872107629675,1.672976940870285,0.25,0.3,"[4.699188828468323, 3.968803745508194]","[0.2, 0.15]","[0.07593123515446981, 0.03525987863540649]"
DiagReachK2,180,W2,SS,shaped,shaped,development_DiagReachK2_s180_W2_SS,11,5760,selection,12,8.848595715612465,8.848595715612465,0.0,1.0,0.0,"[4.456795175870259, 5.220038533210754]","[0.0, 0.0]","[0.0, 0.0]"
DiagReachK2,180,W2,SS,shaped,shaped,development_DiagReachK2_s180_W2_SS,11,5760,acceptance,8,9.154647481441497,9.154647481441497,0.0,1.0,0.0,"[5.195826411247253, 5.156432151794434]","[0.0, 0.0]","[0.0, 0.0]"
DiagReachK2,180,W2,SS,shaped,shaped,development_DiagReachK2_s180_W2_SS,12,6240,exploration,20,7.432401330736466,6.056295590070077,1.3761057406663895,0.3,0.6,"[4.516615226864815, 5.044758880138398]","[0.35, 0.45]","[0.03308485746383666, 0.08055839935938518]"
DiagReachK2,180,W2,SS,shaped,shaped,development_DiagReachK2_s180_W2_SS,12,6240,selection,12,8.98277051622281,8.904656692093706,0.07811382412910461,0.6666666666666666,0.3333333333333333,"[5.8133342663447065, 4.6957153876622515]","[0.3333333333333333, 0.0]","[0.015301386515299498, 0.0]"
DiagReachK2,180,W2,SS,shaped,shaped,development_DiagReachK2_s180_W2_SS,12,6240,acceptance,8,9.18503938957583,9.18503938957583,0.0,1.0,0.0,"[5.417885065078735, 5.308411717414856]","[0.0, 0.0]","[0.0, 0.0]"
DiagReachK2,180,W2,SS,shaped,shaped,development_DiagReachK2_s180_W2_SS,13,6720,exploration,20,7.550333315362222,4.8140449913637715,2.7362883239984512,0.25,0.5,"[5.094964158535004, 4.9904358923435215]","[0.25, 0.4]","[0.08335146506627401, 0.09838053782780966]"
DiagReachK2,180,W2,SS,shaped,shaped,development_DiagReachK2_s180_W2_SS,13,6720,selection,12,8.882929270494303,8.882929270494303,0.0,1.0,0.0,"[5.007265210151672, 4.561216016610463]","[0.0, 0.0]","[0.0, 0.0]"
DiagReachK2,180,W2,SS,shaped,shaped,development_DiagReachK2_s180_W2_SS,13,6720,acceptance,8,9.172159734391608,9.172159734391608,0.0,1.0,0.0,"[5.228129625320435, 5.165493965148926]","[0.0, 0.0]","[0.0, 0.0]"
DiagReachK2,180,W2,SS,shaped,shaped,development_DiagReachK2_s180_W2_SS,14,7200,exploration,20,7.43872661384521,5.134854609693866,2.3038720041513443,0.1,0.5,"[5.180353289842605, 5.244481575489044]","[0.3, 0.3]","[0.10914075374603271, 0.0659004052480062]"
DiagReachK2,180,W2,SS,shaped,shaped,development_DiagReachK2_s180_W2_SS,14,7200,selection,12,8.890793177216256,8.890793177216256,0.0,1.0,0.0,"[4.56200776497523, 5.470449805259705]","[0.0, 0.0]","[0.0, 0.0]"
DiagReachK2,180,W2,SS,shaped,shaped,development_DiagReachK2_s180_W2_SS,14,7200,acceptance,8,9.154660335241351,9.154660335241351,0.0,1.0,0.0,"[5.325533747673035, 5.167268514633179]","[0.0, 0.0]","[0.0, 0.0]"
DiagReachK2,180,W2,SS,shaped,shaped,development_DiagReachK2_s180_W2_SS,15,7680,exploration,20,7.195625518066808,6.222618002993986,0.9730075150728226,0.3,0.45,"[4.705514878034592, 4.106750465929508]","[0.25, 0.2]","[0.03882512648900349, 0.04319303035736084]"
DiagReachK2,180,W2,SS,shaped,shaped,development_DiagReachK2_s180_W2_SS,15,7680,selection,12,9.133030931965914,9.133030931965914,0.0,1.0,0.0,"[5.112785339355469, 5.395514527956645]","[0.0, 0.0]","[0.0, 0.0]"
DiagReachK2,180,W2,SS,shaped,shaped,development_DiagReachK2_s180_W2_SS,15,7680,acceptance,8,9.164345819270238,9.164345819270238,0.0,1.0,0.0,"[5.344215989112854, 5.229980111122131]","[0.0, 0.0]","[0.0, 0.0]"
DiagReachK2,180,W2,SS,shaped,shaped,development_DiagReachK2_s180_W2_SS,16,8160,exploration,20,6.952018539762358,5.900412510490279,1.0516060292720795,0.15,0.35,"[4.375267349183559, 4.836988306045532]","[0.15, 0.25]","[0.03880561590194702, 0.05775552193323772]"
DiagReachK2,180,W2,SS,shaped,shaped,development_DiagReachK2_s180_W2_SS,16,8160,selection,12,9.295330581144663,9.217862474000624,0.07746810714403789,0.5833333333333334,0.4166666666666667,"[5.782377322514852, 5.5870137214660645]","[0.4166666666666667, 0.0]","[0.015493618117438416, 0.0]"
DiagReachK2,180,W2,SS,shaped,shaped,development_DiagReachK2_s180_W2_SS,16,8160,acceptance,8,9.173164248303511,9.173164248303511,0.0,1.0,0.0,"[5.166586756706238, 5.282052993774414]","[0.0, 0.0]","[0.0, 0.0]"
DiagReachK2,180,W2,SS,shaped,shaped,development_DiagReachK2_s180_W2_SS,17,8640,exploration,20,6.799122829516419,5.85316890903283,0.9459539204835892,0.05,0.4,"[4.349900907278061, 4.830728831887245]","[0.25, 0.2]","[0.06243776480356852, 0.031224425633748377]"
DiagReachK2,180,W2,SS,shaped,shaped,development_DiagReachK2_s180_W2_SS,17,8640,selection,12,9.295867909062267,9.289695003696641,0.0061729053656260175,0.8333333333333334,0.16666666666666666,"[5.3774311145146685, 5.521722833315532]","[0.0, 0.16666666666666666]","[0.0, 0.0012345843844943638]"
DiagReachK2,180,W2,SS,shaped,shaped,development_DiagReachK2_s180_W2_SS,17,8640,acceptance,8,9.181976091803516,9.181976091803516,0.0,1.0,0.0,"[5.556948781013489, 5.283971965312958]","[0.0, 0.0]","[0.0, 0.0]"
DiagReachK2,180,W2,SS,shaped,shaped,development_DiagReachK2_s180_W2_SS,18,9120,exploration,20,7.724921745695172,4.733259869255124,2.991661876440048,0.3,0.55,"[5.820227599143982, 4.372824263572693]","[0.5, 0.15]","[0.16140163739522295, 0.017795924345652258]"
DiagReachK2,180,W2,SS,shaped,shaped,development_DiagReachK2_s180_W2_SS,18,9120,selection,12,8.82215909437485,8.82215909437485,0.0,1.0,0.0,"[4.7632720073064165, 5.1365662813186646]","[0.0, 0.0]","[0.0, 0.0]"
DiagReachK2,180,W2,SS,shaped,shaped,development_DiagReachK2_s180_W2_SS,18,9120,acceptance,8,9.186903503281064,9.186903503281064,0.0,1.0,0.0,"[5.755006790161133, 5.3509403467178345]","[0.0, 0.0]","[0.0, 0.0]"
DiagReachK2,180,W2,SS,shaped,shaped,development_DiagReachK2_s180_W2_SS,19,9600,exploration,20,7.404511073631002,5.817426869672491,1.5870842039585114,0.15,0.6,"[5.120578652620315, 4.714778476953507]","[0.4, 0.25]","[0.09755346775054932, 0.038531529903411875]"
DiagReachK2,180,W2,SS,shaped,shaped,development_DiagReachK2_s180_W2_SS,19,9600,selection,12,9.090914229278374,9.057409266357231,0.03350496292114258,0.75,0.25,"[5.251229604085286, 5.43294616540273]","[0.0, 0.25]","[0.0, 0.005887799792819559]"
DiagReachK2,180,W2,SS,shaped,shaped,development_DiagReachK2_s180_W2_SS,19,9600,acceptance,8,9.232082727900707,9.232082727900707,0.0,1.0,0.0,"[5.5432868003845215, 5.406337738037109]","[0.0, 0.0]","[0.0, 0.0]"
DiagReachK2,180,W2,SS,shaped,shaped,development_DiagReachK2_s180_W2_SS,20,10080,exploration,20,7.62718938776059,5.637712274871301,1.9894771128892899,0.3,0.5,"[5.5933147192001345, 4.860024297237397]","[0.3, 0.2]","[0.09444787502288818, 0.04206931988398234]"
DiagReachK2,180,W2,SS,shaped,shaped,development_DiagReachK2_s180_W2_SS,20,10080,selection,12,8.918944665324668,8.918944665324668,0.0,1.0,0.0,"[5.2253745794296265, 5.149750868479411]","[0.0, 0.0]","[0.0, 0.0]"
DiagReachK2,180,W2,SS,shaped,shaped,development_DiagReachK2_s180_W2_SS,20,10080,acceptance,8,9.278340108372504,9.278340108372504,0.0,1.0,0.0,"[5.475574433803558, 5.33283406496048]","[0.0, 0.0]","[0.0, 0.0]"
DiagReachK2,180,W2,SS,shaped,shaped,development_DiagReachK2_s180_W2_SS,21,10560,exploration,20,6.966609231613111,5.161881096146535,1.8047281354665756,0.1,0.6,"[3.9133203864097594, 5.466013866662979]","[0.2, 0.45]","[0.015972165266672778, 0.10392572085062661]"
DiagReachK2,180,W2,SS,shaped,shaped,development_DiagReachK2_s180_W2_SS,21,10560,selection,12,8.855462663671156,8.855462663671156,0.0,1.0,0.0,"[5.427753408749898, 4.341367304325104]","[0.0, 0.0]","[0.0, 0.0]"
DiagReachK2,180,W2,SS,shaped,shaped,development_DiagReachK2_s180_W2_SS,21,10560,acceptance,8,9.263416503975167,9.263416503975167,0.0,1.0,0.0,"[5.38885498046875, 5.318493485450745]","[0.0, 0.0]","[0.0, 0.0]"
DiagReachK2,180,W2,SS,shaped,shaped,development_DiagReachK2_s180_W2_SS,22,11040,exploration,20,7.19618567994694,5.64624022117714,1.5499454587697983,0.25,0.5,"[4.970774310827255, 4.7863244116306305]","[0.35, 0.25]","[0.09541933536529543, 0.023956724007924413]"
DiagReachK2,180,W2,SS,shaped,shaped,development_DiagReachK2_s180_W2_SS,22,11040,selection,12,8.87619592996489,8.87619592996489,0.0,1.0,0.0,"[4.818152904510498, 5.032752275466919]","[0.0, 0.0]","[0.0, 0.0]"
DiagReachK2,180,W2,SS,shaped,shaped,development_DiagReachK2_s180_W2_SS,22,11040,acceptance,8,9.257876381021925,9.257876381021925,0.0,1.0,0.0,"[5.388731360435486, 5.3842891454696655]","[0.0, 0.0]","[0.0, 0.0]"
DiagReachK2,180,W2,SS,shaped,shaped,development_DiagReachK2_s180_W2_SS,23,11520,exploration,20,7.273411149960012,6.381996552329511,0.8914145976305008,0.25,0.45,"[5.049612534046173, 4.681926727294922]","[0.4, 0.05]","[0.07268679539362588, 0.021115080515543616]"
DiagReachK2,180,W2,SS,shaped,shaped,development_DiagReachK2_s180_W2_SS,23,11520,selection,12,9.227360014744528,9.203973685332068,0.023386329412460327,0.8333333333333334,0.16666666666666666,"[5.6187989711761475, 5.009973764419556]","[0.16666666666666666, 0.0]","[0.004677269193861226, 0.0]"
DiagReachK2,180,W2,SS,shaped,shaped,development_DiagReachK2_s180_W2_SS,23,11520,acceptance,8,9.3053348618967,9.3053348618967,0.0,1.0,0.0,"[5.512834966182709, 5.373711168766022]","[0.0, 0.0]","[0.0, 0.0]"
DiagReachK2,180,W2,SS,shaped,shaped,development_DiagReachK2_s180_W2_SS,24,12000,exploration,20,7.545677048035432,6.624751788445283,0.9209252595901489,0.3,0.45,"[4.604805618524551, 5.504973471164703]","[0.15, 0.4]","[0.02395120064417521, 0.0720783273379008]"
DiagReachK2,180,W2,SS,shaped,shaped,development_DiagReachK2_s180_W2_SS,24,12000,selection,12,8.869824102132892,8.869824102132892,0.0,1.0,0.0,"[5.486069321632385, 4.649226387341817]","[0.0, 0.0]","[0.0, 0.0]"
DiagReachK2,180,W2,SS,shaped,shaped,development_DiagReachK2_s180_W2_SS,24,12000,acceptance,8,9.244918516383041,9.244918516383041,0.0,1.0,0.0,"[5.465994358062744, 5.2072519063949585]","[0.0, 0.0]","[0.0, 0.0]"
DiagReachK2,186,KL,RR,raw,raw,development_DiagReachK2_s186_KL_RR,0,480,exploration,20,5.246067511015572,3.8507704456383367,1.3952970653772354,0.05,0.25,"[3.922432190179825, 1.9191131234169005]","[0.15, 0.1]","[0.055571293830871574, 0.029069276650746666]"
DiagReachK2,186,KL,RR,raw,raw,development_DiagReachK2_s186_KL_RR,0,480,selection,12,5.295311146695167,4.95566098264729,0.339650164047877,0.0,0.3333333333333333,"[5.698666930198669, 0.016872326532999676]","[0.3333333333333333, 0.0]","[0.04612560404671562, 0.0]"
DiagReachK2,186,KL,RR,raw,raw,development_DiagReachK2_s186_KL_RR,0,480,acceptance,8,5.4648803783115,5.4648803783115,0.0,0.0,0.0,"[5.115030884742737, 0.02615315094590187]","[0.0, 0.0]","[0.0, 0.0]"
DiagReachK2,186,KL,RR,raw,raw,development_DiagReachK2_s186_KL_RR,1,960,exploration,20,5.082631135461852,3.0053387378435588,2.0772923976182938,0.05,0.45,"[4.657568879425526, 1.308035172522068]","[0.4, 0.05]","[0.1340771714846293, 0.00993922551472982]"
DiagReachK2,186,KL,RR,raw,raw,development_DiagReachK2_s186_KL_RR,1,960,selection,12,6.51723794423354,6.178307779459281,0.3389301647742589,0.0,0.3333333333333333,"[5.9599679708480835, 0.34648710240920383]","[0.3333333333333333, 0.0]","[0.04618191719055176, 0.0]"
DiagReachK2,186,KL,RR,raw,raw,development_DiagReachK2_s186_KL_RR,1,960,acceptance,8,6.270746576460079,6.270746576460079,0.0,0.0,0.0,"[5.207779884338379, 0.356880784034729]","[0.0, 0.0]","[0.0, 0.0]"
DiagReachK2,186,KL,RR,raw,raw,development_DiagReachK2_s186_KL_RR,2,1440,exploration,20,4.7991244510759135,3.6621014044631734,1.1370230466127396,0.05,0.35,"[4.222380346059799, 1.5955973893404007]","[0.35, 0.0]","[0.091140083471934, 0.0]"
DiagReachK2,186,KL,RR,raw,raw,development_DiagReachK2_s186_KL_RR,2,1440,selection,12,7.381384080260371,6.355415613064543,1.0259684671958287,0.0,0.6666666666666666,"[6.671776016553243, 1.3461834539969761]","[0.6666666666666666, 0.0]","[0.12617850965923733, 0.0]"
DiagReachK2,186,KL,RR,raw,raw,development_DiagReachK2_s186_KL_RR,2,1440,acceptance,8,6.707408622838557,6.707408622838557,0.0,0.0,0.0,"[5.448018193244934, 0.6063825935125351]","[0.0, 0.0]","[0.0, 0.0]"
DiagReachK2,186,KL,RR,raw,raw,development_DiagReachK2_s186_KL_RR,3,1920,exploration,20,5.6804346680175515,3.7966408818494535,1.8837937861680984,0.2,0.4,"[4.736431926488876, 2.048555317521095]","[0.35, 0.05]","[0.13727797667185465, 0.012166714668273926]"
DiagReachK2,186,KL,RR,raw,raw,development_DiagReachK2_s186_KL_RR,3,1920,selection,12,6.788221679578419,6.628579951773282,0.15964172780513763,0.0,0.3333333333333333,"[5.047425349553426, 1.0503632053732872]","[0.3333333333333333, 0.0]","[0.02741745445463391, 0.0]"
DiagReachK2,186,KL,RR,raw,raw,development_DiagReachK2_s186_KL_RR,3,1920,acceptance,8,6.642469114344567,6.642469114344567,0.0,0.0,0.0,"[5.5664249658584595, 0.5377577245235443]","[0.0, 0.0]","[0.0, 0.0]"
DiagReachK2,186,KL,RR,raw,raw,development_DiagReachK2_s186_KL_RR,4,2400,exploration,20,5.6951053719408815,3.21520201670006,2.479903355240822,0.05,0.45,"[5.16055561453104, 2.3796789571642876]","[0.4, 0.05]","[0.1455629309018453, 0.00018437703450521203]"
DiagReachK2,186,KL,RR,raw,raw,development_DiagReachK2_s186_KL_RR,4,2400,selection,12,7.196519105587504,7.170850911690892,0.02566819389661153,0.3333333333333333,0.25,"[5.324934720993042, 1.3281063735485077]","[0.25, 0.0]","[0.005133642090691466, 0.0]"
DiagReachK2,186,KL,RR,raw,raw,development_DiagReachK2_s186_KL_RR,4,2400,acceptance,8,7.1173359417342,7.1173359417342,0.0,0.5,0.0,"[5.121141970157623, 1.4682588279247284]","[0.0, 0.0]","[0.0, 0.0]"
DiagReachK2,186,KL,RR,raw,raw,development_DiagReachK2_s186_KL_RR,5,2880,exploration,20,5.725857113916282,4.842058693487052,0.8837984204292297,0.05,0.3,"[4.354617643356323, 2.109567004442215]","[0.25, 0.05]","[0.06473471721013388, 0.0145483652750651]"
DiagReachK2,186,KL,RR,raw,raw,development_DiagReachK2_s186_KL_RR,5,2880,selection,12,7.925403449339986,7.918150855504791,0.007252593835194905,0.8333333333333334,0.08333333333333333,"[5.22108272711436, 2.7955475052197776]","[0.08333333333333333, 0.0]","[0.0014505187670389812, 0.0]"
DiagReachK2,186,KL,RR,raw,raw,development_DiagReachK2_s186_KL_RR,5,2880,acceptance,8,7.881633625952236,7.881633625952236,0.0,1.0,0.0,"[4.985871374607086, 2.9025140702724457]","[0.0, 0.0]","[0.0, 0.0]"
DiagReachK2,186,KL,RR,raw,raw,development_DiagReachK2_s186_KL_RR,6,3360,exploration,20,6.751854894617573,6.32035663531162,0.431498259305954,0.3,0.3,"[4.38696414232254, 3.3169759273529054]","[0.25, 0.1]","[0.03417311509450277, 0.007046810785929369]"
DiagReachK2,186,KL,RR,raw,raw,development_DiagReachK2_s186_KL_RR,6,3360,selection,12,8.843999190821583,8.73395130901966,0.11004788180192311,0.4166666666666667,0.5833333333333334,"[5.918671766916911, 4.120752155780792]","[0.5833333333333334, 0.0]","[0.021738906701405842, 0.0]"
DiagReachK2,186,KL,RR,raw,raw,development_DiagReachK2_s186_KL_RR,6,3360,acceptance,8,8.28190608206205,8.28190608206205,0.0,1.0,0.0,"[5.427221417427063, 3.42268168926239]","[0.0, 0.0]","[0.0, 0.0]"
DiagReachK2,186,KL,RR,raw,raw,development_DiagReachK2_s186_KL_RR,7,3840,exploration,20,6.331198245643173,4.62695673143724,1.7042415142059326,0.3,0.25,"[4.690105092525482, 3.2745591402053833]","[0.25, 0.05]","[0.10033123095830283, 0.005178491274515784]"
DiagReachK2,186,KL,RR,raw,raw,development_DiagReachK2_s186_KL_RR,7,3840,selection,12,8.447648389267275,8.361947191881487,0.08570119738578796,0.6666666666666666,0.3333333333333333,"[5.3643825848897295, 3.8452253937721252]","[0.3333333333333333, 0.0]","[0.01714022954305011, 0.0]"
DiagReachK2,186,KL,RR,raw,raw,development_DiagReachK2_s186_KL_RR,7,3840,acceptance,8,8.281199260678841,8.281199260678841,0.0,1.0,0.0,"[5.357946872711182, 3.4225922226905823]","[0.0, 0.0]","[0.0, 0.0]"
DiagReachK2,186,KL,RR,raw,raw,development_DiagReachK2_s186_KL_RR,8,4320,exploration,20,6.638128097718581,5.359608273571357,1.2785198241472244,0.2,0.35,"[4.541352534294129, 3.6340344831347466]","[0.2, 0.15]","[0.05703411897023518, 0.01691758632659912]"
DiagReachK2,186,KL,RR,raw,raw,development_DiagReachK2_s186_KL_RR,8,4320,selection,12,8.444193863128021,8.128700542702669,0.31549332042535144,0.6666666666666666,0.3333333333333333,"[5.463703115781148, 3.9066538413365683]","[0.3333333333333333, 0.0]","[0.04139584302902222, 0.0]"
DiagReachK2,186,KL,RR,raw,raw,development_DiagReachK2_s186_KL_RR,8,4320,acceptance,8,8.267274665794869,8.267274665794869,0.0,1.0,0.0,"[4.772948205471039, 3.96934911608696]","[0.0, 0.0]","[0.0, 0.0]"
DiagReachK2,186,KL,RR,raw,raw,development_DiagReachK2_s186_KL_RR,9,4800,exploration,20,6.806586330728022,6.5021946783823665,0.30439165234565735,0.4,0.25,"[3.8572842299938204, 4.242144286632538]","[0.1, 0.2]","[0.022444319725036622, 0.01591806411743164]"
DiagReachK2,186,KL,RR,raw,raw,development_DiagReachK2_s186_KL_RR,9,4800,selection,12,8.638075311133342,8.4547504724553,0.18332483867804208,0.6666666666666666,0.3333333333333333,"[4.486937701702118, 5.310877005259196]","[0.0, 0.3333333333333333]","[0.0, 0.02503820922639634]"
DiagReachK2,186,KL,RR,raw,raw,development_DiagReachK2_s186_KL_RR,9,4800,acceptance,8,8.437021758537709,8.437021758537709,0.0,1.0,0.0,"[4.598307490348816, 4.883082151412964]","[0.0, 0.0]","[0.0, 0.0]"
DiagReachK2,186,KL,RR,raw,raw,development_DiagReachK2_s186_KL_RR,10,5280,exploration,20,6.476389887339901,6.275444331176113,0.20094555616378784,0.3,0.05,"[3.744510090351105, 3.2692508071660997]","[0.05, 0.0]","[0.010531079769134522, 0.0]"
DiagReachK2,186,KL,RR,raw,raw,development_DiagReachK2_s186_KL_RR,10,5280,selection,12,8.940379975915686,8.934993802190558,0.005386173725128174,0.8333333333333334,0.16666666666666666,"[5.439129948616028, 5.291656732559204]","[0.0, 0.16666666666666666]","[0.0, 0.0010772413677639554]"
DiagReachK2,186,KL,RR,raw,raw,development_DiagReachK2_s186_KL_RR,10,5280,acceptance,8,8.734750402541442,8.734750402541442,0.0,1.0,0.0,"[5.277659237384796, 5.053648114204407]","[0.0, 0.0]","[0.0, 0.0]"
DiagReachK2,186,KL,RR,raw,raw,development_DiagReachK2_s186_KL_RR,11,5760,exploration,20,7.614632875923999,5.8205295217083775,1.794103354215622,0.3,0.55,"[5.3141072511672975, 4.485707539319992]","[0.35, 0.2]","[0.0648154576619466, 0.04169202645619711]"
DiagReachK2,186,KL,RR,raw,raw,development_DiagReachK2_s186_KL_RR,11,5760,selection,12,8.888752027374782,8.888521357399501,0.00023066997528076172,0.9166666666666666,0.08333333333333333,"[5.4809086720148725, 5.347790280977885]","[0.0, 0.08333333333333333]","[0.0, 4.6133995056152344e-05]"
DiagReachK2,186,KL,RR,raw,raw,development_DiagReachK2_s186_KL_RR,11,5760,acceptance,8,8.899993450945477,8.899993450945477,0.0,1.0,0.0,"[5.6822075843811035, 5.238643288612366]","[0.0, 0.0]","[0.0, 0.0]"
DiagReachK2,186,KL,RR,raw,raw,development_DiagReachK2_s186_KL_RR,12,6240,exploration,20,7.4193846081191435,5.087261492460383,2.33212311565876,0.2,0.55,"[5.833089029788971, 3.7780309498310087]","[0.4, 0.2]","[0.13592728376388546, 0.024947587649027502]"
DiagReachK2,186,KL,RR,raw,raw,development_DiagReachK2_s186_KL_RR,12,6240,selection,12,9.017940601309236,8.811555172602432,0.2063854287068049,0.3333333333333333,0.6666666666666666,"[5.317021012306213, 5.878440936406453]","[0.0, 0.6666666666666666]","[0.0, 0.021457672119140642]"
DiagReachK2,186,KL,RR,raw,raw,development_DiagReachK2_s186_KL_RR,12,6240,acceptance,8,8.911785267437518,8.911785267437518,0.0,1.0,0.0,"[5.7301799058914185, 5.252324342727661]","[0.0, 0.0]","[0.0, 0.0]"
DiagReachK2,186,KL,RR,raw,raw,development_DiagReachK2_s186_KL_RR,13,6720,exploration,20,7.323542998051272,5.655136049604043,1.6684069484472275,0.15,0.4,"[5.244351696968079, 4.355351220071316]","[0.3, 0.15]","[0.06843313773473104, 0.03836219310760498]"
DiagReachK2,186,KL,RR,raw,raw,development_DiagReachK2_s186_KL_RR,13,6720,selection,12,8.869711745376843,8.82192841529395,0.04778333008289337,0.6666666666666666,0.3333333333333333,"[5.178416927655538, 5.561053514480591]","[0.08333333333333333, 0.3333333333333333]","[0.0003927085134718215, 0.006602936320834696]"
DiagReachK2,186,KL,RR,raw,raw,development_DiagReachK2_s186_KL_RR,13,6720,acceptance,8,8.875340053949913,8.875340053949913,0.0,1.0,0.0,"[5.585145115852356, 5.1932213306427]","[0.0, 0.0]","[0.0, 0.0]"
DiagReachK2,186,KL,RR,raw,raw,development_DiagReachK2_s186_KL_RR,14,7200,exploration,20,6.9531198234972535,5.672940002542454,1.2801798209547997,0.2,0.25,"[4.766358871757984, 3.8274792671203612]","[0.2, 0.1]","[0.037763591607411696, 0.018752996126810705]"
DiagReachK2,186,KL,RR,raw,raw,development_DiagReachK2_s186_KL_RR,14,7200,selection,12,8.85917578928129,8.7421943723406,0.11698141694068909,0.6666666666666666,0.3333333333333333,"[5.539066791534424, 5.27838949362437]","[0.3333333333333333, 0.0]","[0.02003512779871623, 0.0]"
DiagReachK2,186,KL,RR,raw,raw,development_DiagReachK2_s186_KL_RR,14,7200,acceptance,8,8.956426052143797,8.956426052143797,0.0,1.0,0.0,"[5.74195659160614, 5.257346987724304]","[0.0, 0.0]","[0.0, 0.0]"
DiagReachK2,186,KL,RR,raw,raw,development_DiagReachK2_s186_KL_RR,15,7680,exploration,20,7.605458750803374,5.76552572049608,1.839933030307293,0.3,0.5,"[4.601157599687577, 5.1851195871829985]","[0.2, 0.4]","[0.027534174919128417, 0.08334302902221678]"
DiagReachK2,186,KL,RR,raw,raw,development_DiagReachK2_s186_KL_RR,15,7680,selection,12,8.681188072461856,8.681188072461856,0.0,1.0,0.0,"[5.409191807111104, 4.823856612046559]","[0.0, 0.0]","[0.0, 0.0]"
DiagReachK2,186,KL,RR,raw,raw,development_DiagReachK2_s186_KL_RR,15,7680,acceptance,8,8.942114985880472,8.942114985880472,0.0,1.0,0.0,"[5.7148826122283936, 5.220411479473114]","[0.0, 0.0]","[0.0, 0.0]"
DiagReachK2,186,KL,RR,raw,raw,development_DiagReachK2_s186_KL_RR,16,8160,exploration,20,7.404766642159666,5.941417553133214,1.463349089026451,0.15,0.4,"[5.100725913047791, 4.603818140923977]","[0.3, 0.2]","[0.05297037760416666, 0.03448495467503866]"
DiagReachK2,186,KL,RR,raw,raw,development_DiagReachK2_s186_KL_RR,16,8160,selection,12,8.706120836913032,8.493595533747914,0.2125253031651179,0.6666666666666666,0.3333333333333333,"[5.6009442408879595, 5.047297239303589]","[0.3333333333333333, 0.0]","[0.0313640104399787, 0.0]"
DiagReachK2,186,KL,RR,raw,raw,development_DiagReachK2_s186_KL_RR,16,8160,acceptance,8,8.997007473089617,8.997007473089617,0.0,1.0,0.0,"[5.650627493858337, 5.263641834259033]","[0.0, 0.0]","[0.0, 0.0]"
DiagReachK2,186,KL,RR,raw,raw,development_DiagReachK2_s186_KL_RR,17,8640,exploration,20,7.352884314154508,3.447145379279972,3.9057389348745346,0.25,0.6,"[5.477117174863816, 4.624902507662773]","[0.5, 0.25]","[0.140343181292216, 0.06939638058344524]"
DiagReachK2,186,KL,RR,raw,raw,development_DiagReachK2_s186_KL_RR,17,8640,selection,12,8.90039697882449,8.664993202655667,0.23540377616882324,0.6666666666666666,0.3333333333333333,"[5.515581687291463, 5.336205760637919]","[0.3333333333333333, 0.3333333333333333]","[0.01194023423724703, 0.015971985128190775]"
DiagReachK2,186,KL,RR,raw,raw,development_DiagReachK2_s186_KL_RR,17,8640,acceptance,8,8.964136869867797,8.964136869867797,0.0,1.0,0.0,"[5.8483206033706665, 5.239548087120056]","[0.0, 0.0]","[0.0, 0.0]"
DiagReachK2,186,KL,RR,raw,raw,development_DiagReachK2_s186_KL_RR,18,9120,exploration,20,7.762643785590773,6.245062993282917,1.5175807923078537,0.45,0.4,"[5.023552346229553, 5.1112751245498655]","[0.25, 0.2]","[0.055861687660217284, 0.05780548254648844]"
DiagReachK2,186,KL,RR,raw,raw,development_DiagReachK2_s186_KL_RR,18,9120,selection,12,8.779377665871289,8.591968344404206,0.1874093214670817,0.6666666666666666,0.3333333333333333,"[5.5260127782821655, 5.1179176568984985]","[0.3333333333333333, 0.08333333333333333]","[0.02681162622239856, 0.0007229712274339403]"
DiagReachK2,186,KL,RR,raw,raw,development_DiagReachK2_s186_KL_RR,18,9120,acceptance,8,8.943029114414822,8.943029114414822,0.0,1.0,0.0,"[5.695419192314148, 5.211807131767273]","[0.0, 0.0]","[0.0, 0.0]"
DiagReachK2,186,KL,RR,raw,raw,development_DiagReachK2_s186_KL_RR,19,9600,exploration,20,7.507660469794645,5.276357090855017,2.2313033789396286,0.15,0.65,"[5.368497371673584, 4.619925618171692]","[0.4, 0.25]","[0.06319990158081056, 0.07128291130065917]"
DiagReachK2,186,KL,RR,raw,raw,development_DiagReachK2_s186_KL_RR,19,9600,selection,12,8.677252711153292,8.677252711153292,0.0,1.0,0.0,"[5.299663742383321, 4.820253213246663]","[0.0, 0.0]","[0.0, 0.0]"
DiagReachK2,186,KL,RR,raw,raw,development_DiagReachK2_s186_KL_RR,19,9600,acceptance,8,9.036667485249927,9.03520642639487,0.0014610588550567627,0.875,0.125,"[5.700306713581085, 5.566841959953308]","[0.0, 0.125]","[0.0, 0.00029221177101135254]"
DiagReachK2,186,KL,RR,raw,raw,development_DiagReachK2_s186_KL_RR,20,10080,exploration,20,7.207233788724989,5.486373575683684,1.7208602130413055,0.1,0.65,"[5.039032828807831, 4.503068841993809]","[0.55, 0.25]","[0.07479198376337687, 0.03521078030268351]"
DiagReachK2,186,KL,RR,raw,raw,development_DiagReachK2_s186_KL_RR,20,10080,selection,12,9.031300140393432,8.993980579547738,0.037319560845692955,0.6666666666666666,0.3333333333333333,"[5.872937122980754, 5.383743445078532]","[0.3333333333333333, 0.0]","[0.007463912169138591, 0.0]"
DiagReachK2,186,KL,RR,raw,raw,development_DiagReachK2_s186_KL_RR,20,10080,acceptance,8,9.018125180907372,9.018125180907372,0.0,1.0,0.0,"[5.692793369293213, 5.303609907627106]","[0.0, 0.0]","[0.0, 0.0]"
DiagReachK2,186,KL,RR,raw,raw,development_DiagReachK2_s186_KL_RR,21,10560,exploration,20,7.7591185848449795,6.1107248123025055,1.6483937725424767,0.2,0.65,"[5.10392119884491, 5.220420777797699]","[0.35, 0.35]","[0.04885983467102052, 0.06570600668589274]"
DiagReachK2,186,KL,RR,raw,raw,development_DiagReachK2_s186_KL_RR,21,10560,selection,12,8.998089778749273,8.88740733099791,0.11068244775136311,0.6666666666666666,0.3333333333333333,"[5.739145835240682, 5.394108692804973]","[0.3333333333333333, 0.0]","[0.021119534969329834, 0.0]"
DiagReachK2,186,KL,RR,raw,raw,development_DiagReachK2_s186_KL_RR,21,10560,acceptance,8,9.103931608679705,9.103931608679705,0.0,1.0,0.0,"[5.695208549499512, 5.535920262336731]","[0.0, 0.0]","[0.0, 0.0]"
DiagReachK2,186,KL,RR,raw,raw,development_DiagReachK2_s186_KL_RR,22,11040,exploration,20,7.6288339446182345,5.692238325893413,1.936595618724823,0.2,0.6,"[4.739923113584519, 5.042005801200867]","[0.3, 0.3]","[0.03366299470265706, 0.0797506093978882]"
DiagReachK2,186,KL,RR,raw,raw,development_DiagReachK2_s186_KL_RR,22,11040,selection,12,9.014624571412181,8.724820679038142,0.2898038923740387,0.3333333333333333,0.6666666666666666,"[6.187746485074361, 5.166876435279846]","[0.6666666666666666, 0.0]","[0.04411505990558199, 0.0]"
DiagReachK2,186,KL,RR,raw,raw,development_DiagReachK2_s186_KL_RR,22,11040,acceptance,8,9.094304154964629,9.093804071994963,0.0005000829696655273,0.75,0.25,"[5.832546710968018, 5.588460683822632]","[0.25, 0.0]","[0.00010001659393310547, 0.0]"
DiagReachK2,186,KL,RR,raw,raw,development_DiagReachK2_s186_KL_RR,23,11520,exploration,20,7.108404025243362,5.071234471903881,2.0371695533394814,0.05,0.65,"[5.289191323518753, 4.485786870121956]","[0.35, 0.5]","[0.07431542476018271, 0.05563316345214843]"
DiagReachK2,186,KL,RR,raw,raw,development_DiagReachK2_s186_KL_RR,23,11520,selection,12,9.172083560133371,9.126015304033354,0.04606825610001882,0.5,0.5,"[5.603120684623718, 5.8375968138376875]","[0.08333333333333333, 0.4166666666666667]","[0.0005440645747714634, 0.005373332235548219]"
DiagReachK2,186,KL,RR,raw,raw,development_DiagReachK2_s186_KL_RR,23,11520,acceptance,8,9.119859271665337,9.119859271665337,0.0,1.0,0.0,"[5.878918886184692, 5.546761393547058]","[0.0, 0.0]","[0.0, 0.0]"
DiagReachK2,186,KL,RR,raw,raw,development_DiagReachK2_s186_KL_RR,24,12000,exploration,20,7.993345096292904,6.292851298633031,1.700493797659874,0.25,0.55,"[5.405798530578613, 5.458497333526611]","[0.3, 0.35]","[0.04438666502634684, 0.08387484153111775]"
DiagReachK2,186,KL,RR,raw,raw,development_DiagReachK2_s186_KL_RR,24,12000,selection,12,9.109039949759609,8.886777284130222,0.2222626656293869,0.6666666666666666,0.3333333333333333,"[6.1107378005981445, 5.353068272272746]","[0.3333333333333333, 0.0]","[0.033642093340555825, 0.0]"
DiagReachK2,186,KL,RR,raw,raw,development_DiagReachK2_s186_KL_RR,24,12000,acceptance,8,9.098539979243652,9.08691930868663,0.011620670557022095,0.75,0.25,"[5.9518702030181885, 5.561410188674927]","[0.25, 0.0]","[0.002324124177296938, 0.0]"
DiagReachK2,186,KL,RS,raw,shaped,development_DiagReachK2_s186_KL_RS,0,480,exploration,20,5.246067511015572,3.8507704456383367,1.3952970653772354,0.05,0.25,"[3.922432190179825, 1.9191131234169005]","[0.15, 0.1]","[0.055571293830871574, 0.029069276650746666]"
DiagReachK2,186,KL,RS,raw,shaped,development_DiagReachK2_s186_KL_RS,0,480,selection,12,5.295311146695167,4.95566098264729,0.339650164047877,0.0,0.3333333333333333,"[5.698666930198669, 0.016872326532999676]","[0.3333333333333333, 0.0]","[0.04612560404671562, 0.0]"
DiagReachK2,186,KL,RS,raw,shaped,development_DiagReachK2_s186_KL_RS,0,480,acceptance,8,5.4648803783115,5.4648803783115,0.0,0.0,0.0,"[5.115030884742737, 0.02615315094590187]","[0.0, 0.0]","[0.0, 0.0]"
DiagReachK2,186,KL,RS,raw,shaped,development_DiagReachK2_s186_KL_RS,1,960,exploration,20,5.082631135461852,3.0053387378435588,2.0772923976182938,0.05,0.45,"[4.657568879425526, 1.308035172522068]","[0.4, 0.05]","[0.1340771714846293, 0.00993922551472982]"
DiagReachK2,186,KL,RS,raw,shaped,development_DiagReachK2_s186_KL_RS,1,960,selection,12,6.51723794423354,6.178307779459281,0.3389301647742589,0.0,0.3333333333333333,"[5.9599679708480835, 0.34648710240920383]","[0.3333333333333333, 0.0]","[0.04618191719055176, 0.0]"
DiagReachK2,186,KL,RS,raw,shaped,development_DiagReachK2_s186_KL_RS,1,960,acceptance,8,6.270746576460079,6.270746576460079,0.0,0.0,0.0,"[5.207779884338379, 0.356880784034729]","[0.0, 0.0]","[0.0, 0.0]"
DiagReachK2,186,KL,RS,raw,shaped,development_DiagReachK2_s186_KL_RS,2,1440,exploration,20,4.7991244510759135,3.6621014044631734,1.1370230466127396,0.05,0.35,"[4.222380346059799, 1.5955973893404007]","[0.35, 0.0]","[0.091140083471934, 0.0]"
DiagReachK2,186,KL,RS,raw,shaped,development_DiagReachK2_s186_KL_RS,2,1440,selection,12,7.381384080260371,6.355415613064543,1.0259684671958287,0.0,0.6666666666666666,"[6.671776016553243, 1.3461834539969761]","[0.6666666666666666, 0.0]","[0.12617850965923733, 0.0]"
DiagReachK2,186,KL,RS,raw,shaped,development_DiagReachK2_s186_KL_RS,2,1440,acceptance,8,6.707408622838557,6.707408622838557,0.0,0.0,0.0,"[5.448018193244934, 0.6063825935125351]","[0.0, 0.0]","[0.0, 0.0]"
DiagReachK2,186,KL,RS,raw,shaped,development_DiagReachK2_s186_KL_RS,3,1920,exploration,20,5.6804346680175515,3.7966408818494535,1.8837937861680984,0.2,0.4,"[4.736431926488876, 2.048555317521095]","[0.35, 0.05]","[0.13727797667185465, 0.012166714668273926]"
DiagReachK2,186,KL,RS,raw,shaped,development_DiagReachK2_s186_KL_RS,3,1920,selection,12,6.788221679578419,6.628579951773282,0.15964172780513763,0.0,0.3333333333333333,"[5.047425349553426, 1.0503632053732872]","[0.3333333333333333, 0.0]","[0.02741745445463391, 0.0]"
DiagReachK2,186,KL,RS,raw,shaped,development_DiagReachK2_s186_KL_RS,3,1920,acceptance,8,6.642469114344567,6.642469114344567,0.0,0.0,0.0,"[5.5664249658584595, 0.5377577245235443]","[0.0, 0.0]","[0.0, 0.0]"
DiagReachK2,186,KL,RS,raw,shaped,development_DiagReachK2_s186_KL_RS,4,2400,exploration,20,5.6951053719408815,3.21520201670006,2.479903355240822,0.05,0.45,"[5.16055561453104, 2.3796789571642876]","[0.4, 0.05]","[0.1455629309018453, 0.00018437703450521203]"
DiagReachK2,186,KL,RS,raw,shaped,development_DiagReachK2_s186_KL_RS,4,2400,selection,12,7.196519105587504,7.170850911690892,0.02566819389661153,0.3333333333333333,0.25,"[5.324934720993042, 1.3281063735485077]","[0.25, 0.0]","[0.005133642090691466, 0.0]"
DiagReachK2,186,KL,RS,raw,shaped,development_DiagReachK2_s186_KL_RS,4,2400,acceptance,8,7.1173359417342,7.1173359417342,0.0,0.5,0.0,"[5.121141970157623, 1.4682588279247284]","[0.0, 0.0]","[0.0, 0.0]"
DiagReachK2,186,KL,RS,raw,shaped,development_DiagReachK2_s186_KL_RS,5,2880,exploration,20,5.725857113916282,4.842058693487052,0.8837984204292297,0.05,0.3,"[4.354617643356323, 2.109567004442215]","[0.25, 0.05]","[0.06473471721013388, 0.0145483652750651]"
DiagReachK2,186,KL,RS,raw,shaped,development_DiagReachK2_s186_KL_RS,5,2880,selection,12,7.925403449339986,7.918150855504791,0.007252593835194905,0.8333333333333334,0.08333333333333333,"[5.22108272711436, 2.7955475052197776]","[0.08333333333333333, 0.0]","[0.0014505187670389812, 0.0]"
DiagReachK2,186,KL,RS,raw,shaped,development_DiagReachK2_s186_KL_RS,5,2880,acceptance,8,7.881633625952236,7.881633625952236,0.0,1.0,0.0,"[4.985871374607086, 2.9025140702724457]","[0.0, 0.0]","[0.0, 0.0]"
DiagReachK2,186,KL,RS,raw,shaped,development_DiagReachK2_s186_KL_RS,6,3360,exploration,20,6.751854894617573,6.32035663531162,0.431498259305954,0.3,0.3,"[4.38696414232254, 3.3169759273529054]","[0.25, 0.1]","[0.03417311509450277, 0.007046810785929369]"
DiagReachK2,186,KL,RS,raw,shaped,development_DiagReachK2_s186_KL_RS,6,3360,selection,12,8.843999190821583,8.73395130901966,0.11004788180192311,0.4166666666666667,0.5833333333333334,"[5.918671766916911, 4.120752155780792]","[0.5833333333333334, 0.0]","[0.021738906701405842, 0.0]"
DiagReachK2,186,KL,RS,raw,shaped,development_DiagReachK2_s186_KL_RS,6,3360,acceptance,8,8.28190608206205,8.28190608206205,0.0,1.0,0.0,"[5.427221417427063, 3.42268168926239]","[0.0, 0.0]","[0.0, 0.0]"
DiagReachK2,186,KL,RS,raw,shaped,development_DiagReachK2_s186_KL_RS,7,3840,exploration,20,6.331198245643173,4.62695673143724,1.7042415142059326,0.3,0.25,"[4.690105092525482, 3.2745591402053833]","[0.25, 0.05]","[0.10033123095830283, 0.005178491274515784]"
DiagReachK2,186,KL,RS,raw,shaped,development_DiagReachK2_s186_KL_RS,7,3840,selection,12,8.447648389267275,8.361947191881487,0.08570119738578796,0.6666666666666666,0.3333333333333333,"[5.3643825848897295, 3.8452253937721252]","[0.3333333333333333, 0.0]","[0.01714022954305011, 0.0]"
DiagReachK2,186,KL,RS,raw,shaped,development_DiagReachK2_s186_KL_RS,7,3840,acceptance,8,8.281199260678841,8.281199260678841,0.0,1.0,0.0,"[5.357946872711182, 3.4225922226905823]","[0.0, 0.0]","[0.0, 0.0]"
DiagReachK2,186,KL,RS,raw,shaped,development_DiagReachK2_s186_KL_RS,8,4320,exploration,20,6.638128097718581,5.359608273571357,1.2785198241472244,0.2,0.35,"[4.541352534294129, 3.6340344831347466]","[0.2, 0.15]","[0.05703411897023518, 0.01691758632659912]"
DiagReachK2,186,KL,RS,raw,shaped,development_DiagReachK2_s186_KL_RS,8,4320,selection,12,8.444193863128021,8.128700542702669,0.31549332042535144,0.6666666666666666,0.3333333333333333,"[5.463703115781148, 3.9066538413365683]","[0.3333333333333333, 0.0]","[0.04139584302902222, 0.0]"
DiagReachK2,186,KL,RS,raw,shaped,development_DiagReachK2_s186_KL_RS,8,4320,acceptance,8,8.267274665794869,8.267274665794869,0.0,1.0,0.0,"[4.772948205471039, 3.96934911608696]","[0.0, 0.0]","[0.0, 0.0]"
DiagReachK2,186,KL,RS,raw,shaped,development_DiagReachK2_s186_KL_RS,9,4800,exploration,20,6.806586330728022,6.5021946783823665,0.30439165234565735,0.4,0.25,"[3.8572842299938204, 4.242144286632538]","[0.1, 0.2]","[0.022444319725036622, 0.01591806411743164]"
DiagReachK2,186,KL,RS,raw,shaped,development_DiagReachK2_s186_KL_RS,9,4800,selection,12,8.638075311133342,8.4547504724553,0.18332483867804208,0.6666666666666666,0.3333333333333333,"[4.486937701702118, 5.310877005259196]","[0.0, 0.3333333333333333]","[0.0, 0.02503820922639634]"
DiagReachK2,186,KL,RS,raw,shaped,development_DiagReachK2_s186_KL_RS,9,4800,acceptance,8,8.437021758537709,8.437021758537709,0.0,1.0,0.0,"[4.598307490348816, 4.883082151412964]","[0.0, 0.0]","[0.0, 0.0]"
DiagReachK2,186,KL,RS,raw,shaped,development_DiagReachK2_s186_KL_RS,10,5280,exploration,20,6.476389887339901,6.275444331176113,0.20094555616378784,0.3,0.05,"[3.744510090351105, 3.2692508071660997]","[0.05, 0.0]","[0.010531079769134522, 0.0]"
DiagReachK2,186,KL,RS,raw,shaped,development_DiagReachK2_s186_KL_RS,10,5280,selection,12,8.940379975915686,8.934993802190558,0.005386173725128174,0.8333333333333334,0.16666666666666666,"[5.439129948616028, 5.291656732559204]","[0.0, 0.16666666666666666]","[0.0, 0.0010772413677639554]"
DiagReachK2,186,KL,RS,raw,shaped,development_DiagReachK2_s186_KL_RS,10,5280,acceptance,8,8.734750402541442,8.734750402541442,0.0,1.0,0.0,"[5.277659237384796, 5.053648114204407]","[0.0, 0.0]","[0.0, 0.0]"
DiagReachK2,186,KL,RS,raw,shaped,development_DiagReachK2_s186_KL_RS,11,5760,exploration,20,7.614632875923999,5.8205295217083775,1.794103354215622,0.3,0.55,"[5.3141072511672975, 4.485707539319992]","[0.35, 0.2]","[0.0648154576619466, 0.04169202645619711]"
DiagReachK2,186,KL,RS,raw,shaped,development_DiagReachK2_s186_KL_RS,11,5760,selection,12,8.888752027374782,8.888521357399501,0.00023066997528076172,0.9166666666666666,0.08333333333333333,"[5.4809086720148725, 5.347790280977885]","[0.0, 0.08333333333333333]","[0.0, 4.6133995056152344e-05]"
DiagReachK2,186,KL,RS,raw,shaped,development_DiagReachK2_s186_KL_RS,11,5760,acceptance,8,8.899993450945477,8.899993450945477,0.0,1.0,0.0,"[5.6822075843811035, 5.238643288612366]","[0.0, 0.0]","[0.0, 0.0]"
DiagReachK2,186,KL,RS,raw,shaped,development_DiagReachK2_s186_KL_RS,12,6240,exploration,20,7.4193846081191435,5.087261492460383,2.33212311565876,0.2,0.55,"[5.833089029788971, 3.7780309498310087]","[0.4, 0.2]","[0.13592728376388546, 0.024947587649027502]"
DiagReachK2,186,KL,RS,raw,shaped,development_DiagReachK2_s186_KL_RS,12,6240,selection,12,9.017940601309236,8.811555172602432,0.2063854287068049,0.3333333333333333,0.6666666666666666,"[5.317021012306213, 5.878440936406453]","[0.0, 0.6666666666666666]","[0.0, 0.021457672119140642]"
DiagReachK2,186,KL,RS,raw,shaped,development_DiagReachK2_s186_KL_RS,12,6240,acceptance,8,8.911785267437518,8.911785267437518,0.0,1.0,0.0,"[5.7301799058914185, 5.252324342727661]","[0.0, 0.0]","[0.0, 0.0]"
DiagReachK2,186,KL,RS,raw,shaped,development_DiagReachK2_s186_KL_RS,13,6720,exploration,20,7.323542998051272,5.655136049604043,1.6684069484472275,0.15,0.4,"[5.244351696968079, 4.355351220071316]","[0.3, 0.15]","[0.06843313773473104, 0.03836219310760498]"
DiagReachK2,186,KL,RS,raw,shaped,development_DiagReachK2_s186_KL_RS,13,6720,selection,12,8.869711745376843,8.82192841529395,0.04778333008289337,0.6666666666666666,0.3333333333333333,"[5.178416927655538, 5.561053514480591]","[0.08333333333333333, 0.3333333333333333]","[0.0003927085134718215, 0.006602936320834696]"
DiagReachK2,186,KL,RS,raw,shaped,development_DiagReachK2_s186_KL_RS,13,6720,acceptance,8,8.875340053949913,8.875340053949913,0.0,1.0,0.0,"[5.585145115852356, 5.1932213306427]","[0.0, 0.0]","[0.0, 0.0]"
DiagReachK2,186,KL,RS,raw,shaped,development_DiagReachK2_s186_KL_RS,14,7200,exploration,20,6.9531198234972535,5.672940002542454,1.2801798209547997,0.2,0.25,"[4.766358871757984, 3.8274792671203612]","[0.2, 0.1]","[0.037763591607411696, 0.018752996126810705]"
DiagReachK2,186,KL,RS,raw,shaped,development_DiagReachK2_s186_KL_RS,14,7200,selection,12,8.85917578928129,8.7421943723406,0.11698141694068909,0.6666666666666666,0.3333333333333333,"[5.539066791534424, 5.27838949362437]","[0.3333333333333333, 0.0]","[0.02003512779871623, 0.0]"
DiagReachK2,186,KL,RS,raw,shaped,development_DiagReachK2_s186_KL_RS,14,7200,acceptance,8,8.956426052143797,8.956426052143797,0.0,1.0,0.0,"[5.74195659160614, 5.257346987724304]","[0.0, 0.0]","[0.0, 0.0]"
DiagReachK2,186,KL,RS,raw,shaped,development_DiagReachK2_s186_KL_RS,15,7680,exploration,20,7.605458750803374,5.76552572049608,1.839933030307293,0.3,0.5,"[4.601157599687577, 5.1851195871829985]","[0.2, 0.4]","[0.027534174919128417, 0.08334302902221678]"
DiagReachK2,186,KL,RS,raw,shaped,development_DiagReachK2_s186_KL_RS,15,7680,selection,12,8.681188072461856,8.681188072461856,0.0,1.0,0.0,"[5.409191807111104, 4.823856612046559]","[0.0, 0.0]","[0.0, 0.0]"
DiagReachK2,186,KL,RS,raw,shaped,development_DiagReachK2_s186_KL_RS,15,7680,acceptance,8,8.942114985880472,8.942114985880472,0.0,1.0,0.0,"[5.7148826122283936, 5.220411479473114]","[0.0, 0.0]","[0.0, 0.0]"
DiagReachK2,186,KL,RS,raw,shaped,development_DiagReachK2_s186_KL_RS,16,8160,exploration,20,7.404766642159666,5.941417553133214,1.463349089026451,0.15,0.4,"[5.100725913047791, 4.603818140923977]","[0.3, 0.2]","[0.05297037760416666, 0.03448495467503866]"
DiagReachK2,186,KL,RS,raw,shaped,development_DiagReachK2_s186_KL_RS,16,8160,selection,12,8.706120836913032,8.493595533747914,0.2125253031651179,0.6666666666666666,0.3333333333333333,"[5.6009442408879595, 5.047297239303589]","[0.3333333333333333, 0.0]","[0.0313640104399787, 0.0]"
DiagReachK2,186,KL,RS,raw,shaped,development_DiagReachK2_s186_KL_RS,16,8160,acceptance,8,8.997007473089617,8.997007473089617,0.0,1.0,0.0,"[5.650627493858337, 5.263641834259033]","[0.0, 0.0]","[0.0, 0.0]"
DiagReachK2,186,KL,RS,raw,shaped,development_DiagReachK2_s186_KL_RS,17,8640,exploration,20,7.352884314154508,3.447145379279972,3.9057389348745346,0.25,0.6,"[5.477117174863816, 4.624902507662773]","[0.5, 0.25]","[0.140343181292216, 0.06939638058344524]"
DiagReachK2,186,KL,RS,raw,shaped,development_DiagReachK2_s186_KL_RS,17,8640,selection,12,8.90039697882449,8.664993202655667,0.23540377616882324,0.6666666666666666,0.3333333333333333,"[5.515581687291463, 5.336205760637919]","[0.3333333333333333, 0.3333333333333333]","[0.01194023423724703, 0.015971985128190775]"
DiagReachK2,186,KL,RS,raw,shaped,development_DiagReachK2_s186_KL_RS,17,8640,acceptance,8,8.964136869867797,8.964136869867797,0.0,1.0,0.0,"[5.8483206033706665, 5.239548087120056]","[0.0, 0.0]","[0.0, 0.0]"
DiagReachK2,186,KL,RS,raw,shaped,development_DiagReachK2_s186_KL_RS,18,9120,exploration,20,7.762643785590773,6.245062993282917,1.5175807923078537,0.45,0.4,"[5.023552346229553, 5.1112751245498655]","[0.25, 0.2]","[0.055861687660217284, 0.05780548254648844]"
DiagReachK2,186,KL,RS,raw,shaped,development_DiagReachK2_s186_KL_RS,18,9120,selection,12,8.779377665871289,8.591968344404206,0.1874093214670817,0.6666666666666666,0.3333333333333333,"[5.5260127782821655, 5.1179176568984985]","[0.3333333333333333, 0.08333333333333333]","[0.02681162622239856, 0.0007229712274339403]"
DiagReachK2,186,KL,RS,raw,shaped,development_DiagReachK2_s186_KL_RS,18,9120,acceptance,8,8.943029114414822,8.943029114414822,0.0,1.0,0.0,"[5.695419192314148, 5.211807131767273]","[0.0, 0.0]","[0.0, 0.0]"
DiagReachK2,186,KL,RS,raw,shaped,development_DiagReachK2_s186_KL_RS,19,9600,exploration,20,7.507660469794645,5.276357090855017,2.2313033789396286,0.15,0.65,"[5.368497371673584, 4.619925618171692]","[0.4, 0.25]","[0.06319990158081056, 0.07128291130065917]"
DiagReachK2,186,KL,RS,raw,shaped,development_DiagReachK2_s186_KL_RS,19,9600,selection,12,8.677252711153292,8.677252711153292,0.0,1.0,0.0,"[5.299663742383321, 4.820253213246663]","[0.0, 0.0]","[0.0, 0.0]"
DiagReachK2,186,KL,RS,raw,shaped,development_DiagReachK2_s186_KL_RS,19,9600,acceptance,8,9.036667485249927,9.03520642639487,0.0014610588550567627,0.875,0.125,"[5.700306713581085, 5.566841959953308]","[0.0, 0.125]","[0.0, 0.00029221177101135254]"
DiagReachK2,186,KL,RS,raw,shaped,development_DiagReachK2_s186_KL_RS,20,10080,exploration,20,7.207233788724989,5.486373575683684,1.7208602130413055,0.1,0.65,"[5.039032828807831, 4.503068841993809]","[0.55, 0.25]","[0.07479198376337687, 0.03521078030268351]"
DiagReachK2,186,KL,RS,raw,shaped,development_DiagReachK2_s186_KL_RS,20,10080,selection,12,9.031300140393432,8.993980579547738,0.037319560845692955,0.6666666666666666,0.3333333333333333,"[5.872937122980754, 5.383743445078532]","[0.3333333333333333, 0.0]","[0.007463912169138591, 0.0]"
DiagReachK2,186,KL,RS,raw,shaped,development_DiagReachK2_s186_KL_RS,20,10080,acceptance,8,9.018125180907372,9.018125180907372,0.0,1.0,0.0,"[5.692793369293213, 5.303609907627106]","[0.0, 0.0]","[0.0, 0.0]"
DiagReachK2,186,KL,RS,raw,shaped,development_DiagReachK2_s186_KL_RS,21,10560,exploration,20,7.7591185848449795,6.1107248123025055,1.6483937725424767,0.2,0.65,"[5.10392119884491, 5.220420777797699]","[0.35, 0.35]","[0.04885983467102052, 0.06570600668589274]"
DiagReachK2,186,KL,RS,raw,shaped,development_DiagReachK2_s186_KL_RS,21,10560,selection,12,8.998089778749273,8.88740733099791,0.11068244775136311,0.6666666666666666,0.3333333333333333,"[5.739145835240682, 5.394108692804973]","[0.3333333333333333, 0.0]","[0.021119534969329834, 0.0]"
DiagReachK2,186,KL,RS,raw,shaped,development_DiagReachK2_s186_KL_RS,21,10560,acceptance,8,9.103931608679705,9.103931608679705,0.0,1.0,0.0,"[5.695208549499512, 5.535920262336731]","[0.0, 0.0]","[0.0, 0.0]"
DiagReachK2,186,KL,RS,raw,shaped,development_DiagReachK2_s186_KL_RS,22,11040,exploration,20,7.6288339446182345,5.692238325893413,1.936595618724823,0.2,0.6,"[4.739923113584519, 5.042005801200867]","[0.3, 0.3]","[0.03366299470265706, 0.0797506093978882]"
DiagReachK2,186,KL,RS,raw,shaped,development_DiagReachK2_s186_KL_RS,22,11040,selection,12,9.014624571412181,8.724820679038142,0.2898038923740387,0.3333333333333333,0.6666666666666666,"[6.187746485074361, 5.166876435279846]","[0.6666666666666666, 0.0]","[0.04411505990558199, 0.0]"
DiagReachK2,186,KL,RS,raw,shaped,development_DiagReachK2_s186_KL_RS,22,11040,acceptance,8,9.094304154964629,9.093804071994963,0.0005000829696655273,0.75,0.25,"[5.832546710968018, 5.588460683822632]","[0.25, 0.0]","[0.00010001659393310547, 0.0]"
DiagReachK2,186,KL,RS,raw,shaped,development_DiagReachK2_s186_KL_RS,23,11520,exploration,20,7.108404025243362,5.071234471903881,2.0371695533394814,0.05,0.65,"[5.289191323518753, 4.485786870121956]","[0.35, 0.5]","[0.07431542476018271, 0.05563316345214843]"
DiagReachK2,186,KL,RS,raw,shaped,development_DiagReachK2_s186_KL_RS,23,11520,selection,12,9.172083560133371,9.126015304033354,0.04606825610001882,0.5,0.5,"[5.603120684623718, 5.8375968138376875]","[0.08333333333333333, 0.4166666666666667]","[0.0005440645747714634, 0.005373332235548219]"
DiagReachK2,186,KL,RS,raw,shaped,development_DiagReachK2_s186_KL_RS,23,11520,acceptance,8,9.119859271665337,9.119859271665337,0.0,1.0,0.0,"[5.878918886184692, 5.546761393547058]","[0.0, 0.0]","[0.0, 0.0]"
DiagReachK2,186,KL,RS,raw,shaped,development_DiagReachK2_s186_KL_RS,24,12000,exploration,20,7.993345096292904,6.292851298633031,1.700493797659874,0.25,0.55,"[5.405798530578613, 5.458497333526611]","[0.3, 0.35]","[0.04438666502634684, 0.08387484153111775]"
DiagReachK2,186,KL,RS,raw,shaped,development_DiagReachK2_s186_KL_RS,24,12000,selection,12,9.109039949759609,8.886777284130222,0.2222626656293869,0.6666666666666666,0.3333333333333333,"[6.1107378005981445, 5.353068272272746]","[0.3333333333333333, 0.0]","[0.033642093340555825, 0.0]"
DiagReachK2,186,KL,RS,raw,shaped,development_DiagReachK2_s186_KL_RS,24,12000,acceptance,8,9.098539979243652,9.08691930868663,0.011620670557022095,0.75,0.25,"[5.9518702030181885, 5.561410188674927]","[0.25, 0.0]","[0.002324124177296938, 0.0]"
DiagReachK2,186,KL,SR,shaped,raw,development_DiagReachK2_s186_KL_SR,0,480,exploration,20,5.246067511015572,3.8507704456383367,1.3952970653772354,0.05,0.25,"[3.922432190179825, 1.9191131234169005]","[0.15, 0.1]","[0.055571293830871574, 0.029069276650746666]"
DiagReachK2,186,KL,SR,shaped,raw,development_DiagReachK2_s186_KL_SR,0,480,selection,12,5.645184739710142,5.645184739710142,0.0,0.0,0.0,"[5.14434031645457, 0.05155772219101588]","[0.0, 0.0]","[0.0, 0.0]"
DiagReachK2,186,KL,SR,shaped,raw,development_DiagReachK2_s186_KL_SR,0,480,acceptance,8,5.524535198090598,5.524535198090598,0.0,0.0,0.0,"[5.109193682670593, 0.05634232610464096]","[0.0, 0.0]","[0.0, 0.0]"
DiagReachK2,186,KL,SR,shaped,raw,development_DiagReachK2_s186_KL_SR,1,960,exploration,20,5.1302168719470504,3.111476277559996,2.0187405943870544,0.05,0.45,"[4.624058912694454, 1.3234789952635766]","[0.4, 0.05]","[0.1311015009880066, 0.010570462544759119]"
DiagReachK2,186,KL,SR,shaped,raw,development_DiagReachK2_s186_KL_SR,1,960,selection,12,6.343478196098779,6.343478196098779,0.0,0.0,0.0,"[4.550826450188954, 0.5339704304933548]","[0.0, 0.0]","[0.0, 0.0]"
DiagReachK2,186,KL,SR,shaped,raw,development_DiagReachK2_s186_KL_SR,1,960,acceptance,8,6.1657694887951955,6.1657694887951955,0.0,0.0,0.0,"[4.337786883115768, 0.480256799608469]","[0.0, 0.0]","[0.0, 0.0]"
DiagReachK2,186,KL,SR,shaped,raw,development_DiagReachK2_s186_KL_SR,2,1440,exploration,20,4.628314833499608,3.913717101670918,0.7145977318286896,0.0,0.25,"[3.7298381596803667, 1.5277572587132453]","[0.25, 0.0]","[0.05713777542114258, 0.0]"
DiagReachK2,186,KL,SR,shaped,raw,development_DiagReachK2_s186_KL_SR,2,1440,selection,12,7.236924995519804,7.100593799887187,0.13633119563261667,0.08333333333333333,0.3333333333333333,"[5.058112005392711, 1.7005553444226582]","[0.3333333333333333, 0.0]","[0.026827527417076964, 0.0]"
DiagReachK2,186,KL,SR,shaped,raw,development_DiagReachK2_s186_KL_SR,2,1440,acceptance,8,6.770373091829242,6.770373091829242,0.0,0.125,0.0,"[4.164196163415909, 1.1601299941539764]","[0.0, 0.0]","[0.0, 0.0]"
DiagReachK2,186,KL,SR,shaped,raw,development_DiagReachK2_s186_KL_SR,3,1920,exploration,20,5.772641491688556,3.9764029947889505,1.7962384968996048,0.15,0.35,"[4.514990884065628, 3.1822855725884436]","[0.3, 0.15]","[0.08804853359858196, 0.05798026720682781]"
DiagReachK2,186,KL,SR,shaped,raw,development_DiagReachK2_s186_KL_SR,3,1920,selection,12,7.103660603833852,7.103660603833852,0.0,0.3333333333333333,0.0,"[4.416487256685893, 1.5795779724915822]","[0.0, 0.0]","[0.0, 0.0]"
DiagReachK2,186,KL,SR,shaped,raw,development_DiagReachK2_s186_KL_SR,3,1920,acceptance,8,7.266131399359438,7.266131399359438,0.0,0.5,0.0,"[4.628812670707703, 1.684287190437317]","[0.0, 0.0]","[0.0, 0.0]"
DiagReachK2,186,KL,SR,shaped,raw,development_DiagReachK2_s186_KL_SR,4,2400,exploration,20,5.954942020978778,5.595429602470248,0.35951241850852966,0.25,0.1,"[4.074004372954368, 2.5751433327794073]","[0.1, 0.0]","[0.03110504945119221, 0.0]"
DiagReachK2,186,KL,SR,shaped,raw,development_DiagReachK2_s186_KL_SR,4,2400,selection,12,8.059715770179173,8.059715770179173,0.0,1.0,0.0,"[4.717581391334534, 2.6454476515452066]","[0.0, 0.0]","[0.0, 0.0]"
DiagReachK2,186,KL,SR,shaped,raw,development_DiagReachK2_s186_KL_SR,4,2400,acceptance,8,8.120033768127177,8.120033768127177,0.0,1.0,0.0,"[4.544040143489838, 3.068456307053566]","[0.0, 0.0]","[0.0, 0.0]"
DiagReachK2,186,KL,SR,shaped,raw,development_DiagReachK2_s186_KL_SR,5,2880,exploration,20,6.80489282206283,5.481359957611422,1.3235328644514084,0.2,0.35,"[5.499563431739807, 3.1250469624996184]","[0.3, 0.05]","[0.09528555075327556, 0.010010643800099694]"
DiagReachK2,186,KL,SR,shaped,raw,development_DiagReachK2_s186_KL_SR,5,2880,selection,12,8.30793147792574,8.30793147792574,0.0,0.9166666666666666,0.0,"[3.807490050792694, 4.361302733421326]","[0.0, 0.0]","[0.0, 0.0]"
DiagReachK2,186,KL,SR,shaped,raw,development_DiagReachK2_s186_KL_SR,5,2880,acceptance,8,8.7334007870988,8.7334007870988,0.0,1.0,0.0,"[4.631939709186554, 4.410217523574829]","[0.0, 0.0]","[0.0, 0.0]"
DiagReachK2,186,KL,SR,shaped,raw,development_DiagReachK2_s186_KL_SR,6,3360,exploration,20,6.641133804556446,6.034990434285719,0.6061433702707291,0.35,0.1,"[3.9679518565535545, 3.6087950587272646]","[0.05, 0.05]","[0.030549208323160805, 0.01677617232004801]"
DiagReachK2,186,KL,SR,shaped,raw,development_DiagReachK2_s186_KL_SR,6,3360,selection,12,8.820560330030274,8.820560330030274,0.0,1.0,0.0,"[4.970419446627299, 4.270618458588918]","[0.0, 0.0]","[0.0, 0.0]"
DiagReachK2,186,KL,SR,shaped,raw,development_DiagReachK2_s186_KL_SR,6,3360,acceptance,8,8.897924188323667,8.897924188323667,0.0,1.0,0.0,"[4.940334916114807, 4.610561966896057]","[0.0, 0.0]","[0.0, 0.0]"
DiagReachK2,186,KL,SR,shaped,raw,development_DiagReachK2_s186_KL_SR,7,3840,exploration,20,7.308118371048477,5.602933091798333,1.705185279250145,0.2,0.45,"[5.201534402370453, 4.463114780187607]","[0.3, 0.25]","[0.06999994119008382, 0.05469268560409546]"
DiagReachK2,186,KL,SR,shaped,raw,development_DiagReachK2_s186_KL_SR,7,3840,selection,12,8.633779570388166,8.633779570388166,0.0,1.0,0.0,"[4.760775129000346, 4.074724892775218]","[0.0, 0.0]","[0.0, 0.0]"
DiagReachK2,186,KL,SR,shaped,raw,development_DiagReachK2_s186_KL_SR,7,3840,acceptance,8,8.993061751659841,8.993061751659841,0.0,1.0,0.0,"[5.021270155906677, 4.605012893676758]","[0.0, 0.0]","[0.0, 0.0]"
DiagReachK2,186,KL,SR,shaped,raw,development_DiagReachK2_s186_KL_SR,8,4320,exploration,20,7.348050899902445,5.818426199356182,1.5296247005462646,0.3,0.5,"[5.610150790214538, 4.224436938762665]","[0.45, 0.2]","[0.09827133019765219, 0.028701766331990574]"
DiagReachK2,186,KL,SR,shaped,raw,development_DiagReachK2_s186_KL_SR,8,4320,selection,12,8.72678986945745,8.72678986945745,0.0,1.0,0.0,"[4.6115854779879255, 4.387421449025472]","[0.0, 0.0]","[0.0, 0.0]"
DiagReachK2,186,KL,SR,shaped,raw,development_DiagReachK2_s186_KL_SR,8,4320,acceptance,8,8.970577831217089,8.970577831217089,0.0,1.0,0.0,"[5.024939179420471, 4.469802260398865]","[0.0, 0.0]","[0.0, 0.0]"
DiagReachK2,186,KL,SR,shaped,raw,development_DiagReachK2_s186_KL_SR,9,4800,exploration,20,7.03961813185655,6.003420134226908,1.0361979976296425,0.3,0.35,"[4.436939078569412, 4.191686815023422]","[0.2, 0.15]","[0.0293401598930359, 0.03674469391504924]"
DiagReachK2,186,KL,SR,shaped,raw,development_DiagReachK2_s186_KL_SR,9,4800,selection,12,8.984510429595442,8.984510429595442,0.0,1.0,0.0,"[5.053412000338237, 4.393729090690613]","[0.0, 0.0]","[0.0, 0.0]"
DiagReachK2,186,KL,SR,shaped,raw,development_DiagReachK2_s186_KL_SR,9,4800,acceptance,8,9.008216842031107,9.008216842031107,0.0,1.0,0.0,"[5.1059858202934265, 4.60880446434021]","[0.0, 0.0]","[0.0, 0.0]"
DiagReachK2,186,KL,SR,shaped,raw,development_DiagReachK2_s186_KL_SR,10,5280,exploration,20,7.173797985545825,6.494677489630412,0.6791204959154129,0.4,0.25,"[4.8703941822052, 4.312770229578018]","[0.15, 0.2]","[0.036302979787190756, 0.03310815890630085]"
DiagReachK2,186,KL,SR,shaped,raw,development_DiagReachK2_s186_KL_SR,10,5280,selection,12,8.787111158581473,8.787111158581473,0.0,1.0,0.0,"[4.68956200281779, 4.498158137003581]","[0.0, 0.0]","[0.0, 0.0]"
DiagReachK2,186,KL,SR,shaped,raw,development_DiagReachK2_s186_KL_SR,10,5280,acceptance,8,9.018493579144707,9.018493579144707,0.0,1.0,0.0,"[5.119534850120544, 4.592602968215942]","[0.0, 0.0]","[0.0, 0.0]"
DiagReachK2,186,KL,SR,shaped,raw,development_DiagReachK2_s186_KL_SR,11,5760,exploration,20,7.584406559631752,5.411552627847122,2.17285393178463,0.35,0.5,"[5.582429754734039, 4.690058720111847]","[0.5, 0.25]","[0.12592592239379882, 0.05484541654586792]"
DiagReachK2,186,KL,SR,shaped,raw,development_DiagReachK2_s186_KL_SR,11,5760,selection,12,8.44374819005437,8.44374819005437,0.0,1.0,0.0,"[4.221406936645508, 4.081515034039815]","[0.0, 0.0]","[0.0, 0.0]"
DiagReachK2,186,KL,SR,shaped,raw,development_DiagReachK2_s186_KL_SR,11,5760,acceptance,8,9.008504871354672,9.008504871354672,0.0,1.0,0.0,"[5.092174649238586, 4.547868013381958]","[0.0, 0.0]","[0.0, 0.0]"
DiagReachK2,186,KL,SR,shaped,raw,development_DiagReachK2_s186_KL_SR,12,6240,exploration,20,7.519813664052927,6.13888045379921,1.3809332102537155,0.35,0.35,"[5.091132467985153, 4.60110729932785]","[0.15, 0.25]","[0.03984418312708536, 0.04867900212605795]"
DiagReachK2,186,KL,SR,shaped,raw,development_DiagReachK2_s186_KL_SR,12,6240,selection,12,8.627926006228394,8.627926006228394,0.0,1.0,0.0,"[4.890721956888835, 3.875261386235555]","[0.0, 0.0]","[0.0, 0.0]"
DiagReachK2,186,KL,SR,shaped,raw,development_DiagReachK2_s186_KL_SR,12,6240,acceptance,8,8.98128070297389,8.98128070297389,0.0,1.0,0.0,"[5.091948866844177, 4.545668840408325]","[0.0, 0.0]","[0.0, 0.0]"
DiagReachK2,186,KL,SR,shaped,raw,development_DiagReachK2_s186_KL_SR,13,6720,exploration,20,6.773169713944663,6.505380826920737,0.2677888870239258,0.3,0.15,"[4.630106568336487, 3.188479506969452]","[0.15, 0.0]","[0.03358271916707356, 0.0]"
DiagReachK2,186,KL,SR,shaped,raw,development_DiagReachK2_s186_KL_SR,13,6720,selection,12,8.863416556627877,8.863416556627877,0.0,1.0,0.0,"[4.6229467789332075, 4.819211324055989]","[0.0, 0.0]","[0.0, 0.0]"
DiagReachK2,186,KL,SR,shaped,raw,development_DiagReachK2_s186_KL_SR,13,6720,acceptance,8,9.020841708421358,9.020841708421358,0.0,1.0,0.0,"[5.030785322189331, 4.4529112577438354]","[0.0, 0.0]","[0.0, 0.0]"
DiagReachK2,186,KL,SR,shaped,raw,development_DiagReachK2_s186_KL_SR,14,7200,exploration,20,7.373504638343585,5.350681692033541,2.0228229463100433,0.35,0.45,"[5.69559416770935, 3.901636952161789]","[0.35, 0.25]","[0.12566912174224854, 0.022331460316975905]"
DiagReachK2,186,KL,SR,shaped,raw,development_DiagReachK2_s186_KL_SR,14,7200,selection,12,8.78209594299454,8.78209594299454,0.0,1.0,0.0,"[4.515164474646251, 4.71730637550354]","[0.0, 0.0]","[0.0, 0.0]"
DiagReachK2,186,KL,SR,shaped,raw,development_DiagReachK2_s186_KL_SR,14,7200,acceptance,8,9.046390937716934,9.046390937716934,0.0,1.0,0.0,"[5.144430994987488, 4.558500051498413]","[0.0, 0.0]","[0.0, 0.0]"
DiagReachK2,186,KL,SR,shaped,raw,development_DiagReachK2_s186_KL_SR,15,7680,exploration,20,7.377044537125622,6.86389087980846,0.5131536573171616,0.2,0.4,"[4.956187510490418, 4.625525188446045]","[0.25, 0.25]","[0.034590303897857666, 0.028677650292714442]"
DiagReachK2,186,KL,SR,shaped,raw,development_DiagReachK2_s186_KL_SR,15,7680,selection,12,9.013641953978125,9.013641953978125,0.0,1.0,0.0,"[5.223735332489014, 4.291792511940002]","[0.0, 0.0]","[0.0, 0.0]"
DiagReachK2,186,KL,SR,shaped,raw,development_DiagReachK2_s186_KL_SR,15,7680,acceptance,8,9.036813205800717,9.036813205800717,0.0,1.0,0.0,"[5.088988304138184, 4.5113747119903564]","[0.0, 0.0]","[0.0, 0.0]"
DiagReachK2,186,KL,SR,shaped,raw,development_DiagReachK2_s186_KL_SR,16,8160,exploration,20,6.9411033663299175,6.68964841695095,0.2514549493789673,0.4,0.2,"[3.8022725164890288, 4.7255148649215695]","[0.05, 0.2]","[0.00025759140650430943, 0.027892680962880466]"
DiagReachK2,186,KL,SR,shaped,raw,development_DiagReachK2_s186_KL_SR,16,8160,selection,12,8.889048597438764,8.88701374453667,0.002034852902094523,0.9166666666666666,0.08333333333333333,"[5.443544904390971, 4.555827260017395]","[0.08333333333333333, 0.0]","[0.000406973891788065, 0.0]"
DiagReachK2,186,KL,SR,shaped,raw,development_DiagReachK2_s186_KL_SR,16,8160,acceptance,8,9.014626307686559,9.014626307686559,0.0,1.0,0.0,"[5.0404239892959595, 4.549457550048828]","[0.0, 0.0]","[0.0, 0.0]"
DiagReachK2,186,KL,SR,shaped,raw,development_DiagReachK2_s186_KL_SR,17,8640,exploration,20,7.070651378221809,6.474289070554077,0.5963623076677322,0.2,0.4,"[5.052350789308548, 3.750870722532272]","[0.4, 0.05]","[0.06742069323857626, 0.0019644061724344852]"
DiagReachK2,186,KL,SR,shaped,raw,development_DiagReachK2_s186_KL_SR,17,8640,selection,12,9.059634414641186,9.059634414641186,0.0,1.0,0.0,"[5.3958596388498945, 5.198324004809062]","[0.0, 0.0]","[0.0, 0.0]"
DiagReachK2,186,KL,SR,shaped,raw,development_DiagReachK2_s186_KL_SR,17,8640,acceptance,8,9.110476733732503,9.110476733732503,0.0,1.0,0.0,"[5.338413894176483, 5.195272624492645]","[0.0, 0.0]","[0.0, 0.0]"
DiagReachK2,186,KL,SR,shaped,raw,development_DiagReachK2_s186_KL_SR,18,9120,exploration,20,7.524165517145666,5.826642109507593,1.697523407638073,0.25,0.45,"[4.8793028593063354, 5.623709571361542]","[0.2, 0.4]","[0.027509613831837976, 0.07699871063232423]"
DiagReachK2,186,KL,SR,shaped,raw,development_DiagReachK2_s186_KL_SR,18,9120,selection,12,8.942765404624067,8.942765404624067,0.0,1.0,0.0,"[5.0915093421936035, 5.0619626839955645]","[0.0, 0.0]","[0.0, 0.0]"
DiagReachK2,186,KL,SR,shaped,raw,development_DiagReachK2_s186_KL_SR,18,9120,acceptance,8,9.138861596945208,9.138861596945208,0.0,1.0,0.0,"[5.366914749145508, 5.786678314208984]","[0.0, 0.0]","[0.0, 0.0]"
DiagReachK2,186,KL,SR,shaped,raw,development_DiagReachK2_s186_KL_SR,19,9600,exploration,20,7.916742068671157,7.272684988521506,0.6440570801496506,0.3,0.6,"[5.083069092035293, 5.295096302032471]","[0.4, 0.3]","[0.026458477973937987, 0.03454698721567791]"
DiagReachK2,186,KL,SR,shaped,raw,development_DiagReachK2_s186_KL_SR,19,9600,selection,12,9.150052709514663,9.150052709514663,0.0,1.0,0.0,"[5.577002167701721, 5.534049113591512]","[0.0, 0.0]","[0.0, 0.0]"
DiagReachK2,186,KL,SR,shaped,raw,development_DiagReachK2_s186_KL_SR,19,9600,acceptance,8,9.128629479504891,9.111730072594948,0.016899406909942627,0.75,0.25,"[5.624429881572723, 5.9324631690979]","[0.0, 0.25]","[0.0, 0.0033798813819885254]"
DiagReachK2,186,KL,SR,shaped,raw,development_DiagReachK2_s186_KL_SR,20,10080,exploration,20,7.450028405301273,6.495764286033809,0.9542641192674637,0.2,0.5,"[4.879915708303452, 4.983096581697464]","[0.25, 0.4]","[0.0225744366645813, 0.06445491711298626]"
DiagReachK2,186,KL,SR,shaped,raw,development_DiagReachK2_s186_KL_SR,20,10080,selection,12,9.167355194747989,9.167355194747989,0.0,1.0,0.0,"[5.353226502736409, 5.630669832229614]","[0.0, 0.0]","[0.0, 0.0]"
DiagReachK2,186,KL,SR,shaped,raw,development_DiagReachK2_s186_KL_SR,20,10080,acceptance,8,9.193912721815288,9.193912721815288,0.0,1.0,0.0,"[5.346627175807953, 5.562667965888977]","[0.0, 0.0]","[0.0, 0.0]"
DiagReachK2,186,KL,SR,shaped,raw,development_DiagReachK2_s186_KL_SR,21,10560,exploration,20,7.641943816549028,6.929254550940241,0.7126892656087875,0.35,0.45,"[5.133579814434052, 4.34009735584259]","[0.35, 0.15]","[0.043755527337392165, 0.023387714227040612]"
DiagReachK2,186,KL,SR,shaped,raw,development_DiagReachK2_s186_KL_SR,21,10560,selection,12,9.057995086022986,9.057995086022986,0.0,1.0,0.0,"[4.895773410797119, 5.248567581176758]","[0.0, 0.0]","[0.0, 0.0]"
DiagReachK2,186,KL,SR,shaped,raw,development_DiagReachK2_s186_KL_SR,21,10560,acceptance,8,9.291617919798592,9.291617919798592,0.0,1.0,0.0,"[5.298518538475037, 5.389415860176086]","[0.0, 0.0]","[0.0, 0.0]"
DiagReachK2,186,KL,SR,shaped,raw,development_DiagReachK2_s186_KL_SR,22,11040,exploration,20,7.373813244799967,7.20150229642808,0.1723109483718872,0.4,0.15,"[4.506066209077835, 4.403286671638488]","[0.15, 0.1]","[0.014214432239532481, 0.005441594123840332]"
DiagReachK2,186,KL,SR,shaped,raw,development_DiagReachK2_s186_KL_SR,22,11040,selection,12,9.280626008752249,9.280226111256342,0.0003998974959055583,0.9166666666666666,0.08333333333333333,"[5.566776315371196, 5.716495354970296]","[0.0, 0.08333333333333333]","[0.0, 7.99761878119513e-05]"
DiagReachK2,186,KL,SR,shaped,raw,development_DiagReachK2_s186_KL_SR,22,11040,acceptance,8,9.301339921157343,9.301339921157343,0.0,1.0,0.0,"[5.38618266582489, 5.4111552238464355]","[0.0, 0.0]","[0.0, 0.0]"
DiagReachK2,186,KL,SR,shaped,raw,development_DiagReachK2_s186_KL_SR,23,11520,exploration,20,7.957692419909873,5.955909361862578,2.0017830580472946,0.4,0.45,"[5.427677905559539, 5.157747796177864]","[0.25, 0.25]","[0.07321715752283732, 0.05912144581476847]"
DiagReachK2,186,KL,SR,shaped,raw,development_DiagReachK2_s186_KL_SR,23,11520,selection,12,9.122519598114984,9.122519598114984,0.0,1.0,0.0,"[5.082489808400472, 5.019495765368144]","[0.0, 0.0]","[0.0, 0.0]"
DiagReachK2,186,KL,SR,shaped,raw,development_DiagReachK2_s186_KL_SR,23,11520,acceptance,8,9.31940559334762,9.31940559334762,0.0,1.0,0.0,"[5.4107444286346436, 5.435204863548279]","[0.0, 0.0]","[0.0, 0.0]"
DiagReachK2,186,KL,SR,shaped,raw,development_DiagReachK2_s186_KL_SR,24,12000,exploration,20,7.757601603404619,6.7715374971786515,0.9860641062259674,0.4,0.45,"[5.187175500392914, 4.9115863800048825]","[0.25, 0.25]","[0.040523978074391676, 0.042909391721089686]"
DiagReachK2,186,KL,SR,shaped,raw,development_DiagReachK2_s186_KL_SR,24,12000,selection,12,9.144857225494828,9.144857225494828,0.0,1.0,0.0,"[5.26077659924825, 4.941259980201721]","[0.0, 0.0]","[0.0, 0.0]"
DiagReachK2,186,KL,SR,shaped,raw,development_DiagReachK2_s186_KL_SR,24,12000,acceptance,8,9.276288518073853,9.276288518073853,0.0,1.0,0.0,"[5.4206507205963135, 5.404326915740967]","[0.0, 0.0]","[0.0, 0.0]"
DiagReachK2,186,KL,SS,shaped,shaped,development_DiagReachK2_s186_KL_SS,0,480,exploration,20,5.246067511015572,3.8507704456383367,1.3952970653772354,0.05,0.25,"[3.922432190179825, 1.9191131234169005]","[0.15, 0.1]","[0.055571293830871574, 0.029069276650746666]"
DiagReachK2,186,KL,SS,shaped,shaped,development_DiagReachK2_s186_KL_SS,0,480,selection,12,5.645184739710142,5.645184739710142,0.0,0.0,0.0,"[5.14434031645457, 0.05155772219101588]","[0.0, 0.0]","[0.0, 0.0]"
DiagReachK2,186,KL,SS,shaped,shaped,development_DiagReachK2_s186_KL_SS,0,480,acceptance,8,5.524535198090598,5.524535198090598,0.0,0.0,0.0,"[5.109193682670593, 0.05634232610464096]","[0.0, 0.0]","[0.0, 0.0]"
DiagReachK2,186,KL,SS,shaped,shaped,development_DiagReachK2_s186_KL_SS,1,960,exploration,20,5.1302168719470504,3.111476277559996,2.0187405943870544,0.05,0.45,"[4.624058912694454, 1.3234789952635766]","[0.4, 0.05]","[0.1311015009880066, 0.010570462544759119]"
DiagReachK2,186,KL,SS,shaped,shaped,development_DiagReachK2_s186_KL_SS,1,960,selection,12,6.343478196098779,6.343478196098779,0.0,0.0,0.0,"[4.550826450188954, 0.5339704304933548]","[0.0, 0.0]","[0.0, 0.0]"
DiagReachK2,186,KL,SS,shaped,shaped,development_DiagReachK2_s186_KL_SS,1,960,acceptance,8,6.1657694887951955,6.1657694887951955,0.0,0.0,0.0,"[4.337786883115768, 0.480256799608469]","[0.0, 0.0]","[0.0, 0.0]"
DiagReachK2,186,KL,SS,shaped,shaped,development_DiagReachK2_s186_KL_SS,2,1440,exploration,20,4.628314833499608,3.913717101670918,0.7145977318286896,0.0,0.25,"[3.7298381596803667, 1.5277572587132453]","[0.25, 0.0]","[0.05713777542114258, 0.0]"
DiagReachK2,186,KL,SS,shaped,shaped,development_DiagReachK2_s186_KL_SS,2,1440,selection,12,7.236924995519804,7.100593799887187,0.13633119563261667,0.08333333333333333,0.3333333333333333,"[5.058112005392711, 1.7005553444226582]","[0.3333333333333333, 0.0]","[0.026827527417076964, 0.0]"
DiagReachK2,186,KL,SS,shaped,shaped,development_DiagReachK2_s186_KL_SS,2,1440,acceptance,8,6.770373091829242,6.770373091829242,0.0,0.125,0.0,"[4.164196163415909, 1.1601299941539764]","[0.0, 0.0]","[0.0, 0.0]"
DiagReachK2,186,KL,SS,shaped,shaped,development_DiagReachK2_s186_KL_SS,3,1920,exploration,20,5.772641491688556,3.9764029947889505,1.7962384968996048,0.15,0.35,"[4.514990884065628, 3.1822855725884436]","[0.3, 0.15]","[0.08804853359858196, 0.05798026720682781]"
DiagReachK2,186,KL,SS,shaped,shaped,development_DiagReachK2_s186_KL_SS,3,1920,selection,12,7.103660603833852,7.103660603833852,0.0,0.3333333333333333,0.0,"[4.416487256685893, 1.5795779724915822]","[0.0, 0.0]","[0.0, 0.0]"
DiagReachK2,186,KL,SS,shaped,shaped,development_DiagReachK2_s186_KL_SS,3,1920,acceptance,8,7.266131399359438,7.266131399359438,0.0,0.5,0.0,"[4.628812670707703, 1.684287190437317]","[0.0, 0.0]","[0.0, 0.0]"
DiagReachK2,186,KL,SS,shaped,shaped,development_DiagReachK2_s186_KL_SS,4,2400,exploration,20,5.954942020978778,5.595429602470248,0.35951241850852966,0.25,0.1,"[4.074004372954368, 2.5751433327794073]","[0.1, 0.0]","[0.03110504945119221, 0.0]"
DiagReachK2,186,KL,SS,shaped,shaped,development_DiagReachK2_s186_KL_SS,4,2400,selection,12,8.059715770179173,8.059715770179173,0.0,1.0,0.0,"[4.717581391334534, 2.6454476515452066]","[0.0, 0.0]","[0.0, 0.0]"
DiagReachK2,186,KL,SS,shaped,shaped,development_DiagReachK2_s186_KL_SS,4,2400,acceptance,8,8.120033768127177,8.120033768127177,0.0,1.0,0.0,"[4.544040143489838, 3.068456307053566]","[0.0, 0.0]","[0.0, 0.0]"
DiagReachK2,186,KL,SS,shaped,shaped,development_DiagReachK2_s186_KL_SS,5,2880,exploration,20,6.80489282206283,5.481359957611422,1.3235328644514084,0.2,0.35,"[5.499563431739807, 3.1250469624996184]","[0.3, 0.05]","[0.09528555075327556, 0.010010643800099694]"
DiagReachK2,186,KL,SS,shaped,shaped,development_DiagReachK2_s186_KL_SS,5,2880,selection,12,8.30793147792574,8.30793147792574,0.0,0.9166666666666666,0.0,"[3.807490050792694, 4.361302733421326]","[0.0, 0.0]","[0.0, 0.0]"
DiagReachK2,186,KL,SS,shaped,shaped,development_DiagReachK2_s186_KL_SS,5,2880,acceptance,8,8.7334007870988,8.7334007870988,0.0,1.0,0.0,"[4.631939709186554, 4.410217523574829]","[0.0, 0.0]","[0.0, 0.0]"
DiagReachK2,186,KL,SS,shaped,shaped,development_DiagReachK2_s186_KL_SS,6,3360,exploration,20,6.641133804556446,6.034990434285719,0.6061433702707291,0.35,0.1,"[3.9679518565535545, 3.6087950587272646]","[0.05, 0.05]","[0.030549208323160805, 0.01677617232004801]"
DiagReachK2,186,KL,SS,shaped,shaped,development_DiagReachK2_s186_KL_SS,6,3360,selection,12,8.820560330030274,8.820560330030274,0.0,1.0,0.0,"[4.970419446627299, 4.270618458588918]","[0.0, 0.0]","[0.0, 0.0]"
DiagReachK2,186,KL,SS,shaped,shaped,development_DiagReachK2_s186_KL_SS,6,3360,acceptance,8,8.897924188323667,8.897924188323667,0.0,1.0,0.0,"[4.940334916114807, 4.610561966896057]","[0.0, 0.0]","[0.0, 0.0]"
DiagReachK2,186,KL,SS,shaped,shaped,development_DiagReachK2_s186_KL_SS,7,3840,exploration,20,7.308118371048477,5.602933091798333,1.705185279250145,0.2,0.45,"[5.201534402370453, 4.463114780187607]","[0.3, 0.25]","[0.06999994119008382, 0.05469268560409546]"
DiagReachK2,186,KL,SS,shaped,shaped,development_DiagReachK2_s186_KL_SS,7,3840,selection,12,8.633779570388166,8.633779570388166,0.0,1.0,0.0,"[4.760775129000346, 4.074724892775218]","[0.0, 0.0]","[0.0, 0.0]"
DiagReachK2,186,KL,SS,shaped,shaped,development_DiagReachK2_s186_KL_SS,7,3840,acceptance,8,8.993061751659841,8.993061751659841,0.0,1.0,0.0,"[5.021270155906677, 4.605012893676758]","[0.0, 0.0]","[0.0, 0.0]"
DiagReachK2,186,KL,SS,shaped,shaped,development_DiagReachK2_s186_KL_SS,8,4320,exploration,20,7.348050899902445,5.818426199356182,1.5296247005462646,0.3,0.5,"[5.610150790214538, 4.224436938762665]","[0.45, 0.2]","[0.09827133019765219, 0.028701766331990574]"
DiagReachK2,186,KL,SS,shaped,shaped,development_DiagReachK2_s186_KL_SS,8,4320,selection,12,8.72678986945745,8.72678986945745,0.0,1.0,0.0,"[4.6115854779879255, 4.387421449025472]","[0.0, 0.0]","[0.0, 0.0]"
DiagReachK2,186,KL,SS,shaped,shaped,development_DiagReachK2_s186_KL_SS,8,4320,acceptance,8,8.970577831217089,8.970577831217089,0.0,1.0,0.0,"[5.024939179420471, 4.469802260398865]","[0.0, 0.0]","[0.0, 0.0]"
DiagReachK2,186,KL,SS,shaped,shaped,development_DiagReachK2_s186_KL_SS,9,4800,exploration,20,7.03961813185655,6.003420134226908,1.0361979976296425,0.3,0.35,"[4.436939078569412, 4.191686815023422]","[0.2, 0.15]","[0.0293401598930359, 0.03674469391504924]"
DiagReachK2,186,KL,SS,shaped,shaped,development_DiagReachK2_s186_KL_SS,9,4800,selection,12,8.984510429595442,8.984510429595442,0.0,1.0,0.0,"[5.053412000338237, 4.393729090690613]","[0.0, 0.0]","[0.0, 0.0]"
DiagReachK2,186,KL,SS,shaped,shaped,development_DiagReachK2_s186_KL_SS,9,4800,acceptance,8,9.008216842031107,9.008216842031107,0.0,1.0,0.0,"[5.1059858202934265, 4.60880446434021]","[0.0, 0.0]","[0.0, 0.0]"
DiagReachK2,186,KL,SS,shaped,shaped,development_DiagReachK2_s186_KL_SS,10,5280,exploration,20,7.173797985545825,6.494677489630412,0.6791204959154129,0.4,0.25,"[4.8703941822052, 4.312770229578018]","[0.15, 0.2]","[0.036302979787190756, 0.03310815890630085]"
DiagReachK2,186,KL,SS,shaped,shaped,development_DiagReachK2_s186_KL_SS,10,5280,selection,12,8.787111158581473,8.787111158581473,0.0,1.0,0.0,"[4.68956200281779, 4.498158137003581]","[0.0, 0.0]","[0.0, 0.0]"
DiagReachK2,186,KL,SS,shaped,shaped,development_DiagReachK2_s186_KL_SS,10,5280,acceptance,8,9.018493579144707,9.018493579144707,0.0,1.0,0.0,"[5.119534850120544, 4.592602968215942]","[0.0, 0.0]","[0.0, 0.0]"
DiagReachK2,186,KL,SS,shaped,shaped,development_DiagReachK2_s186_KL_SS,11,5760,exploration,20,7.584406559631752,5.411552627847122,2.17285393178463,0.35,0.5,"[5.582429754734039, 4.690058720111847]","[0.5, 0.25]","[0.12592592239379882, 0.05484541654586792]"
DiagReachK2,186,KL,SS,shaped,shaped,development_DiagReachK2_s186_KL_SS,11,5760,selection,12,8.44374819005437,8.44374819005437,0.0,1.0,0.0,"[4.221406936645508, 4.081515034039815]","[0.0, 0.0]","[0.0, 0.0]"
DiagReachK2,186,KL,SS,shaped,shaped,development_DiagReachK2_s186_KL_SS,11,5760,acceptance,8,9.008504871354672,9.008504871354672,0.0,1.0,0.0,"[5.092174649238586, 4.547868013381958]","[0.0, 0.0]","[0.0, 0.0]"
DiagReachK2,186,KL,SS,shaped,shaped,development_DiagReachK2_s186_KL_SS,12,6240,exploration,20,7.519813664052927,6.13888045379921,1.3809332102537155,0.35,0.35,"[5.091132467985153, 4.60110729932785]","[0.15, 0.25]","[0.03984418312708536, 0.04867900212605795]"
DiagReachK2,186,KL,SS,shaped,shaped,development_DiagReachK2_s186_KL_SS,12,6240,selection,12,8.627926006228394,8.627926006228394,0.0,1.0,0.0,"[4.890721956888835, 3.875261386235555]","[0.0, 0.0]","[0.0, 0.0]"
DiagReachK2,186,KL,SS,shaped,shaped,development_DiagReachK2_s186_KL_SS,12,6240,acceptance,8,8.98128070297389,8.98128070297389,0.0,1.0,0.0,"[5.091948866844177, 4.545668840408325]","[0.0, 0.0]","[0.0, 0.0]"
DiagReachK2,186,KL,SS,shaped,shaped,development_DiagReachK2_s186_KL_SS,13,6720,exploration,20,6.773169713944663,6.505380826920737,0.2677888870239258,0.3,0.15,"[4.630106568336487, 3.188479506969452]","[0.15, 0.0]","[0.03358271916707356, 0.0]"
DiagReachK2,186,KL,SS,shaped,shaped,development_DiagReachK2_s186_KL_SS,13,6720,selection,12,8.863416556627877,8.863416556627877,0.0,1.0,0.0,"[4.6229467789332075, 4.819211324055989]","[0.0, 0.0]","[0.0, 0.0]"
DiagReachK2,186,KL,SS,shaped,shaped,development_DiagReachK2_s186_KL_SS,13,6720,acceptance,8,9.020841708421358,9.020841708421358,0.0,1.0,0.0,"[5.030785322189331, 4.4529112577438354]","[0.0, 0.0]","[0.0, 0.0]"
DiagReachK2,186,KL,SS,shaped,shaped,development_DiagReachK2_s186_KL_SS,14,7200,exploration,20,7.373504638343585,5.350681692033541,2.0228229463100433,0.35,0.45,"[5.69559416770935, 3.901636952161789]","[0.35, 0.25]","[0.12566912174224854, 0.022331460316975905]"
DiagReachK2,186,KL,SS,shaped,shaped,development_DiagReachK2_s186_KL_SS,14,7200,selection,12,8.78209594299454,8.78209594299454,0.0,1.0,0.0,"[4.515164474646251, 4.71730637550354]","[0.0, 0.0]","[0.0, 0.0]"
DiagReachK2,186,KL,SS,shaped,shaped,development_DiagReachK2_s186_KL_SS,14,7200,acceptance,8,9.046390937716934,9.046390937716934,0.0,1.0,0.0,"[5.144430994987488, 4.558500051498413]","[0.0, 0.0]","[0.0, 0.0]"
DiagReachK2,186,KL,SS,shaped,shaped,development_DiagReachK2_s186_KL_SS,15,7680,exploration,20,7.377044537125622,6.86389087980846,0.5131536573171616,0.2,0.4,"[4.956187510490418, 4.625525188446045]","[0.25, 0.25]","[0.034590303897857666, 0.028677650292714442]"
DiagReachK2,186,KL,SS,shaped,shaped,development_DiagReachK2_s186_KL_SS,15,7680,selection,12,9.013641953978125,9.013641953978125,0.0,1.0,0.0,"[5.223735332489014, 4.291792511940002]","[0.0, 0.0]","[0.0, 0.0]"
DiagReachK2,186,KL,SS,shaped,shaped,development_DiagReachK2_s186_KL_SS,15,7680,acceptance,8,9.036813205800717,9.036813205800717,0.0,1.0,0.0,"[5.088988304138184, 4.5113747119903564]","[0.0, 0.0]","[0.0, 0.0]"
DiagReachK2,186,KL,SS,shaped,shaped,development_DiagReachK2_s186_KL_SS,16,8160,exploration,20,6.9411033663299175,6.68964841695095,0.2514549493789673,0.4,0.2,"[3.8022725164890288, 4.7255148649215695]","[0.05, 0.2]","[0.00025759140650430943, 0.027892680962880466]"
DiagReachK2,186,KL,SS,shaped,shaped,development_DiagReachK2_s186_KL_SS,16,8160,selection,12,8.889048597438764,8.88701374453667,0.002034852902094523,0.9166666666666666,0.08333333333333333,"[5.443544904390971, 4.555827260017395]","[0.08333333333333333, 0.0]","[0.000406973891788065, 0.0]"
DiagReachK2,186,KL,SS,shaped,shaped,development_DiagReachK2_s186_KL_SS,16,8160,acceptance,8,9.014626307686559,9.014626307686559,0.0,1.0,0.0,"[5.0404239892959595, 4.549457550048828]","[0.0, 0.0]","[0.0, 0.0]"
DiagReachK2,186,KL,SS,shaped,shaped,development_DiagReachK2_s186_KL_SS,17,8640,exploration,20,7.070651378221809,6.474289070554077,0.5963623076677322,0.2,0.4,"[5.052350789308548, 3.750870722532272]","[0.4, 0.05]","[0.06742069323857626, 0.0019644061724344852]"
DiagReachK2,186,KL,SS,shaped,shaped,development_DiagReachK2_s186_KL_SS,17,8640,selection,12,9.059634414641186,9.059634414641186,0.0,1.0,0.0,"[5.3958596388498945, 5.198324004809062]","[0.0, 0.0]","[0.0, 0.0]"
DiagReachK2,186,KL,SS,shaped,shaped,development_DiagReachK2_s186_KL_SS,17,8640,acceptance,8,9.110476733732503,9.110476733732503,0.0,1.0,0.0,"[5.338413894176483, 5.195272624492645]","[0.0, 0.0]","[0.0, 0.0]"
DiagReachK2,186,KL,SS,shaped,shaped,development_DiagReachK2_s186_KL_SS,18,9120,exploration,20,7.524165517145666,5.826642109507593,1.697523407638073,0.25,0.45,"[4.8793028593063354, 5.623709571361542]","[0.2, 0.4]","[0.027509613831837976, 0.07699871063232423]"
DiagReachK2,186,KL,SS,shaped,shaped,development_DiagReachK2_s186_KL_SS,18,9120,selection,12,8.942765404624067,8.942765404624067,0.0,1.0,0.0,"[5.0915093421936035, 5.0619626839955645]","[0.0, 0.0]","[0.0, 0.0]"
DiagReachK2,186,KL,SS,shaped,shaped,development_DiagReachK2_s186_KL_SS,18,9120,acceptance,8,9.138861596945208,9.138861596945208,0.0,1.0,0.0,"[5.366914749145508, 5.786678314208984]","[0.0, 0.0]","[0.0, 0.0]"
DiagReachK2,186,KL,SS,shaped,shaped,development_DiagReachK2_s186_KL_SS,19,9600,exploration,20,7.916742068671157,7.272684988521506,0.6440570801496506,0.3,0.6,"[5.083069092035293, 5.295096302032471]","[0.4, 0.3]","[0.026458477973937987, 0.03454698721567791]"
DiagReachK2,186,KL,SS,shaped,shaped,development_DiagReachK2_s186_KL_SS,19,9600,selection,12,9.150052709514663,9.150052709514663,0.0,1.0,0.0,"[5.577002167701721, 5.534049113591512]","[0.0, 0.0]","[0.0, 0.0]"
DiagReachK2,186,KL,SS,shaped,shaped,development_DiagReachK2_s186_KL_SS,19,9600,acceptance,8,9.128629479504891,9.111730072594948,0.016899406909942627,0.75,0.25,"[5.624429881572723, 5.9324631690979]","[0.0, 0.25]","[0.0, 0.0033798813819885254]"
DiagReachK2,186,KL,SS,shaped,shaped,development_DiagReachK2_s186_KL_SS,20,10080,exploration,20,7.450028405301273,6.495764286033809,0.9542641192674637,0.2,0.5,"[4.879915708303452, 4.983096581697464]","[0.25, 0.4]","[0.0225744366645813, 0.06445491711298626]"
DiagReachK2,186,KL,SS,shaped,shaped,development_DiagReachK2_s186_KL_SS,20,10080,selection,12,9.167355194747989,9.167355194747989,0.0,1.0,0.0,"[5.353226502736409, 5.630669832229614]","[0.0, 0.0]","[0.0, 0.0]"
DiagReachK2,186,KL,SS,shaped,shaped,development_DiagReachK2_s186_KL_SS,20,10080,acceptance,8,9.193912721815288,9.193912721815288,0.0,1.0,0.0,"[5.346627175807953, 5.562667965888977]","[0.0, 0.0]","[0.0, 0.0]"
DiagReachK2,186,KL,SS,shaped,shaped,development_DiagReachK2_s186_KL_SS,21,10560,exploration,20,7.641943816549028,6.929254550940241,0.7126892656087875,0.35,0.45,"[5.133579814434052, 4.34009735584259]","[0.35, 0.15]","[0.043755527337392165, 0.023387714227040612]"
DiagReachK2,186,KL,SS,shaped,shaped,development_DiagReachK2_s186_KL_SS,21,10560,selection,12,9.057995086022986,9.057995086022986,0.0,1.0,0.0,"[4.895773410797119, 5.248567581176758]","[0.0, 0.0]","[0.0, 0.0]"
DiagReachK2,186,KL,SS,shaped,shaped,development_DiagReachK2_s186_KL_SS,21,10560,acceptance,8,9.291617919798592,9.291617919798592,0.0,1.0,0.0,"[5.298518538475037, 5.389415860176086]","[0.0, 0.0]","[0.0, 0.0]"
DiagReachK2,186,KL,SS,shaped,shaped,development_DiagReachK2_s186_KL_SS,22,11040,exploration,20,7.373813244799967,7.20150229642808,0.1723109483718872,0.4,0.15,"[4.506066209077835, 4.403286671638488]","[0.15, 0.1]","[0.014214432239532481, 0.005441594123840332]"
DiagReachK2,186,KL,SS,shaped,shaped,development_DiagReachK2_s186_KL_SS,22,11040,selection,12,9.280626008752249,9.280226111256342,0.0003998974959055583,0.9166666666666666,0.08333333333333333,"[5.566776315371196, 5.716495354970296]","[0.0, 0.08333333333333333]","[0.0, 7.99761878119513e-05]"
DiagReachK2,186,KL,SS,shaped,shaped,development_DiagReachK2_s186_KL_SS,22,11040,acceptance,8,9.301339921157343,9.301339921157343,0.0,1.0,0.0,"[5.38618266582489, 5.4111552238464355]","[0.0, 0.0]","[0.0, 0.0]"
DiagReachK2,186,KL,SS,shaped,shaped,development_DiagReachK2_s186_KL_SS,23,11520,exploration,20,7.957692419909873,5.955909361862578,2.0017830580472946,0.4,0.45,"[5.427677905559539, 5.157747796177864]","[0.25, 0.25]","[0.07321715752283732, 0.05912144581476847]"
DiagReachK2,186,KL,SS,shaped,shaped,development_DiagReachK2_s186_KL_SS,23,11520,selection,12,9.122519598114984,9.122519598114984,0.0,1.0,0.0,"[5.082489808400472, 5.019495765368144]","[0.0, 0.0]","[0.0, 0.0]"
DiagReachK2,186,KL,SS,shaped,shaped,development_DiagReachK2_s186_KL_SS,23,11520,acceptance,8,9.31940559334762,9.31940559334762,0.0,1.0,0.0,"[5.4107444286346436, 5.435204863548279]","[0.0, 0.0]","[0.0, 0.0]"
DiagReachK2,186,KL,SS,shaped,shaped,development_DiagReachK2_s186_KL_SS,24,12000,exploration,20,7.757601603404619,6.7715374971786515,0.9860641062259674,0.4,0.45,"[5.187175500392914, 4.9115863800048825]","[0.25, 0.25]","[0.040523978074391676, 0.042909391721089686]"
DiagReachK2,186,KL,SS,shaped,shaped,development_DiagReachK2_s186_KL_SS,24,12000,selection,12,9.144857225494828,9.144857225494828,0.0,1.0,0.0,"[5.26077659924825, 4.941259980201721]","[0.0, 0.0]","[0.0, 0.0]"
DiagReachK2,186,KL,SS,shaped,shaped,development_DiagReachK2_s186_KL_SS,24,12000,acceptance,8,9.276288518073853,9.276288518073853,0.0,1.0,0.0,"[5.4206507205963135, 5.404326915740967]","[0.0, 0.0]","[0.0, 0.0]"
DiagReachK2,186,W2,RR,raw,raw,development_DiagReachK2_s186_W2_RR,0,480,exploration,20,5.246067511015572,3.8507704456383367,1.3952970653772354,0.05,0.25,"[3.922432190179825, 1.9191131234169005]","[0.15, 0.1]","[0.055571293830871574, 0.029069276650746666]"
DiagReachK2,186,W2,RR,raw,raw,development_DiagReachK2_s186_W2_RR,0,480,selection,12,5.3184412842306,4.986720425418268,0.33172085881233215,0.0,0.3333333333333333,"[5.6956692934036255, 0.016872326532999676]","[0.3333333333333333, 0.0]","[0.045625997914208315, 0.0]"
DiagReachK2,186,W2,RR,raw,raw,development_DiagReachK2_s186_W2_RR,0,480,acceptance,8,5.4648803783115,5.4648803783115,0.0,0.0,0.0,"[5.115030884742737, 0.02615315094590187]","[0.0, 0.0]","[0.0, 0.0]"
DiagReachK2,186,W2,RR,raw,raw,development_DiagReachK2_s186_W2_RR,1,960,exploration,20,5.082631135461852,3.0053387378435588,2.0772923976182938,0.05,0.45,"[4.657568879425526, 1.308035172522068]","[0.4, 0.05]","[0.1340771714846293, 0.00993922551472982]"
DiagReachK2,186,W2,RR,raw,raw,development_DiagReachK2_s186_W2_RR,1,960,selection,12,6.524647282607231,6.2099556943246474,0.31469158828258514,0.0,0.3333333333333333,"[5.9473808606465655, 0.35544465730587643]","[0.3333333333333333, 0.0]","[0.04408406549029881, 0.0]"
DiagReachK2,186,W2,RR,raw,raw,development_DiagReachK2_s186_W2_RR,1,960,acceptance,8,6.270746576460079,6.270746576460079,0.0,0.0,0.0,"[5.207779884338379, 0.356880784034729]","[0.0, 0.0]","[0.0, 0.0]"
DiagReachK2,186,W2,RR,raw,raw,development_DiagReachK2_s186_W2_RR,2,1440,exploration,20,4.7991244510759135,3.6621014044631734,1.1370230466127396,0.05,0.35,"[4.222380346059799, 1.5955973893404007]","[0.35, 0.0]","[0.091140083471934, 0.0]"
DiagReachK2,186,W2,RR,raw,raw,development_DiagReachK2_s186_W2_RR,2,1440,selection,12,7.377962902328,6.354723607640093,1.023239294687907,0.0,0.6666666666666666,"[6.669774731000264, 1.3387219210465748]","[0.6666666666666666, 0.0]","[0.12584496206707427, 0.0]"
DiagReachK2,186,W2,RR,raw,raw,development_DiagReachK2_s186_W2_RR,2,1440,acceptance,8,6.707408622838557,6.707408622838557,0.0,0.0,0.0,"[5.448018193244934, 0.6063825935125351]","[0.0, 0.0]","[0.0, 0.0]"
DiagReachK2,186,W2,RR,raw,raw,development_DiagReachK2_s186_W2_RR,3,1920,exploration,20,5.6804346680175515,3.7966408818494535,1.8837937861680984,0.2,0.4,"[4.736431926488876, 2.048555317521095]","[0.35, 0.05]","[0.13727797667185465, 0.012166714668273926]"
DiagReachK2,186,W2,RR,raw,raw,development_DiagReachK2_s186_W2_RR,3,1920,selection,12,6.799299128583517,6.66488327854022,0.13441585004329681,0.0,0.3333333333333333,"[5.026695529619853, 1.0745044872164726]","[0.3333333333333333, 0.0]","[0.023962484465705036, 0.0]"
DiagReachK2,186,W2,RR,raw,raw,development_DiagReachK2_s186_W2_RR,3,1920,acceptance,8,6.642469114344567,6.642469114344567,0.0,0.0,0.0,"[5.5664249658584595, 0.5377577245235443]","[0.0, 0.0]","[0.0, 0.0]"
DiagReachK2,186,W2,RR,raw,raw,development_DiagReachK2_s186_W2_RR,4,2400,exploration,20,5.6951053719408815,3.21520201670006,2.479903355240822,0.05,0.45,"[5.16055561453104, 2.3796789571642876]","[0.4, 0.05]","[0.1455629309018453, 0.00018437703450521203]"
DiagReachK2,186,W2,RR,raw,raw,development_DiagReachK2_s186_W2_RR,4,2400,selection,12,7.166188865935934,7.152313898042969,0.013874967892964682,0.3333333333333333,0.16666666666666666,"[5.30560823281606, 1.280757521589597]","[0.16666666666666666, 0.0]","[0.002774993578592936, 0.0]"
DiagReachK2,186,W2,RR,raw,raw,development_DiagReachK2_s186_W2_RR,4,2400,acceptance,8,7.1173359417342,7.1173359417342,0.0,0.5,0.0,"[5.121141970157623, 1.4682588279247284]","[0.0, 0.0]","[0.0, 0.0]"
DiagReachK2,186,W2,RR,raw,raw,development_DiagReachK2_s186_W2_RR,5,2880,exploration,20,5.725857113916282,4.842058693487052,0.8837984204292297,0.05,0.3,"[4.354617643356323, 2.109567004442215]","[0.25, 0.05]","[0.06473471721013388, 0.0145483652750651]"
DiagReachK2,186,W2,RR,raw,raw,development_DiagReachK2_s186_W2_RR,5,2880,selection,12,7.918317951782956,7.896312661989941,0.022005289793014526,0.6666666666666666,0.25,"[5.270864009857178, 2.7540218830108643]","[0.25, 0.0]","[0.004401054647233745, 0.0]"
DiagReachK2,186,W2,RR,raw,raw,development_DiagReachK2_s186_W2_RR,5,2880,acceptance,8,7.881633625952236,7.881633625952236,0.0,1.0,0.0,"[4.985871374607086, 2.9025140702724457]","[0.0, 0.0]","[0.0, 0.0]"
DiagReachK2,186,W2,RR,raw,raw,development_DiagReachK2_s186_W2_RR,6,3360,exploration,20,6.751854894617573,6.32035663531162,0.431498259305954,0.3,0.3,"[4.38696414232254, 3.3169759273529054]","[0.25, 0.1]","[0.03417311509450277, 0.007046810785929369]"
DiagReachK2,186,W2,RR,raw,raw,development_DiagReachK2_s186_W2_RR,6,3360,selection,12,8.85839641483908,8.756077914360016,0.1023185004790624,0.4166666666666667,0.5833333333333334,"[5.906896670659383, 4.153053005536397]","[0.5833333333333334, 0.0]","[0.02019304037094118, 0.0]"
DiagReachK2,186,W2,RR,raw,raw,development_DiagReachK2_s186_W2_RR,6,3360,acceptance,8,8.28190608206205,8.28190608206205,0.0,1.0,0.0,"[5.427221417427063, 3.42268168926239]","[0.0, 0.0]","[0.0, 0.0]"
DiagReachK2,186,W2,RR,raw,raw,development_DiagReachK2_s186_W2_RR,7,3840,exploration,20,6.331198245643173,4.62695673143724,1.7042415142059326,0.3,0.25,"[4.690105092525482, 3.2745591402053833]","[0.25, 0.05]","[0.10033123095830283, 0.005178491274515784]"
DiagReachK2,186,W2,RR,raw,raw,development_DiagReachK2_s186_W2_RR,7,3840,selection,12,8.452270046732549,8.342239624124492,0.11003042260805766,0.6666666666666666,0.3333333333333333,"[5.392506877581279, 3.8413363099098206]","[0.3333333333333333, 0.0]","[0.021827611658308228, 0.0]"
DiagReachK2,186,W2,RR,raw,raw,development_DiagReachK2_s186_W2_RR,7,3840,acceptance,8,8.281199260678841,8.281199260678841,0.0,1.0,0.0,"[5.357946872711182, 3.4225922226905823]","[0.0, 0.0]","[0.0, 0.0]"
DiagReachK2,186,W2,RR,raw,raw,development_DiagReachK2_s186_W2_RR,8,4320,exploration,20,6.638128097718581,5.359608273571357,1.2785198241472244,0.2,0.35,"[4.541352534294129, 3.6340344831347466]","[0.2, 0.15]","[0.05703411897023518, 0.01691758632659912]"
DiagReachK2,186,W2,RR,raw,raw,development_DiagReachK2_s186_W2_RR,8,4320,selection,12,8.432239488761114,8.071605484684794,0.3606340040763219,0.6666666666666666,0.3333333333333333,"[5.489352663358052, 3.863188644250234]","[0.3333333333333333, 0.0]","[0.045670767625172935, 0.0]"
DiagReachK2,186,W2,RR,raw,raw,development_DiagReachK2_s186_W2_RR,8,4320,acceptance,8,8.267274665794869,8.267274665794869,0.0,1.0,0.0,"[4.772948205471039, 3.96934911608696]","[0.0, 0.0]","[0.0, 0.0]"
DiagReachK2,186,W2,RR,raw,raw,development_DiagReachK2_s186_W2_RR,9,4800,exploration,20,6.806586330728022,6.5021946783823665,0.30439165234565735,0.4,0.25,"[3.8572842299938204, 4.242144286632538]","[0.1, 0.2]","[0.022444319725036622, 0.01591806411743164]"
DiagReachK2,186,W2,RR,raw,raw,development_DiagReachK2_s186_W2_RR,9,4800,selection,12,8.641546646708562,8.45822180803052,0.18332483867804208,0.6666666666666666,0.3333333333333333,"[4.555205762386322, 5.279798865318298]","[0.0, 0.3333333333333333]","[0.0, 0.02503820922639634]"
DiagReachK2,186,W2,RR,raw,raw,development_DiagReachK2_s186_W2_RR,9,4800,acceptance,8,8.433666231663391,8.433666231663391,0.0,1.0,0.0,"[4.697452902793884, 4.828571677207947]","[0.0, 0.0]","[0.0, 0.0]"
DiagReachK2,186,W2,RR,raw,raw,development_DiagReachK2_s186_W2_RR,10,5280,exploration,20,6.550824872908416,6.333479352054419,0.21734552085399628,0.3,0.1,"[3.876732015609741, 3.2725024461746215]","[0.1, 0.0]","[0.011726860205332434, 0.0]"
DiagReachK2,186,W2,RR,raw,raw,development_DiagReachK2_s186_W2_RR,10,5280,selection,12,8.897940874242947,8.826659580214981,0.07128129402796428,0.4166666666666667,0.5833333333333334,"[5.7393027146657305, 5.102336525917053]","[0.5833333333333334, 0.08333333333333333]","[0.014047894212934694, 0.00013297796249389648]"
DiagReachK2,186,W2,RR,raw,raw,development_DiagReachK2_s186_W2_RR,10,5280,acceptance,8,8.533396694151453,8.533396694151453,0.0,1.0,0.0,"[5.012506008148193, 4.731303930282593]","[0.0, 0.0]","[0.0, 0.0]"
DiagReachK2,186,W2,RR,raw,raw,development_DiagReachK2_s186_W2_RR,11,5760,exploration,20,7.3536589808179995,5.9965520418598315,1.357106938958168,0.45,0.4,"[4.83255889415741, 4.143419671058655]","[0.2, 0.2]","[0.043442912896474194, 0.03730165163675943]"
DiagReachK2,186,W2,RR,raw,raw,development_DiagReachK2_s186_W2_RR,11,5760,selection,12,8.47008962591911,8.47008962591911,0.0,1.0,0.0,"[4.870644847551982, 4.697802384694417]","[0.0, 0.0]","[0.0, 0.0]"
DiagReachK2,186,W2,RR,raw,raw,development_DiagReachK2_s186_W2_RR,11,5760,acceptance,8,8.660541472156183,8.660541472156183,0.0,1.0,0.0,"[5.225290358066559, 4.85410737991333]","[0.0, 0.0]","[0.0, 0.0]"
DiagReachK2,186,W2,RR,raw,raw,development_DiagReachK2_s186_W2_RR,12,6240,exploration,20,7.295105552534805,5.559151610593544,1.7359539419412613,0.25,0.45,"[5.425574094057083, 3.626662391424179]","[0.35, 0.15]","[0.10232076644897461, 0.02842409610748291]"
DiagReachK2,186,W2,RR,raw,raw,development_DiagReachK2_s186_W2_RR,12,6240,selection,12,9.110005739466095,8.900833992298189,0.20917174716790518,0.6666666666666666,0.3333333333333333,"[5.411800225575765, 5.7023444175720215]","[0.0, 0.3333333333333333]","[0.0, 0.019297632906171997]"
DiagReachK2,186,W2,RR,raw,raw,development_DiagReachK2_s186_W2_RR,12,6240,acceptance,8,8.928915194066214,8.928915194066214,0.0,1.0,0.0,"[5.35802161693573, 5.369360029697418]","[0.0, 0.0]","[0.0, 0.0]"
DiagReachK2,186,W2,RR,raw,raw,development_DiagReachK2_s186_W2_RR,13,6720,exploration,20,7.519471472217701,6.119494354440831,1.3999771177768707,0.25,0.45,"[4.8107494711875916, 4.751523661613464]","[0.25, 0.25]","[0.03573604027430216, 0.053881267706553146]"
DiagReachK2,186,W2,RR,raw,raw,development_DiagReachK2_s186_W2_RR,13,6720,selection,12,9.126378831715556,9.040140670986148,0.08623816072940826,0.6666666666666666,0.3333333333333333,"[5.488246202468872, 5.623535513877869]","[0.16666666666666666, 0.3333333333333333]","[0.003999233245849609, 0.0096323291460673]"
DiagReachK2,186,W2,RR,raw,raw,development_DiagReachK2_s186_W2_RR,13,6720,acceptance,8,9.00371023260086,9.00371023260086,0.0,1.0,0.0,"[5.067316174507141, 5.697192668914795]","[0.0, 0.0]","[0.0, 0.0]"
DiagReachK2,186,W2,RR,raw,raw,development_DiagReachK2_s186_W2_RR,14,7200,exploration,20,7.016878773123025,5.840748984962702,1.176129788160324,0.3,0.15,"[4.226862469315529, 4.238173109292984]","[0.05, 0.1]","[0.02880950768788656, 0.029795285065968836]"
DiagReachK2,186,W2,RR,raw,raw,development_DiagReachK2_s186_W2_RR,14,7200,selection,12,8.91782977916167,8.916650848958549,0.0011789302031199138,0.9166666666666666,0.08333333333333333,"[4.882442077000936, 5.594278852144877]","[0.0, 0.08333333333333333]","[0.0, 0.00023578272925482238]"
DiagReachK2,186,W2,RR,raw,raw,development_DiagReachK2_s186_W2_RR,14,7200,acceptance,8,9.105173601188291,9.105173601188291,0.0,1.0,0.0,"[5.229724049568176, 5.768571734428406]","[0.0, 0.0]","[0.0, 0.0]"
DiagReachK2,186,W2,RR,raw,raw,development_DiagReachK2_s186_W2_RR,15,7680,exploration,20,7.699268449794035,5.577981387029867,2.121287062764168,0.3,0.55,"[4.2577030777931215, 5.612260639667511]","[0.25, 0.45]","[0.01631375948588053, 0.11407886346181233]"
DiagReachK2,186,W2,RR,raw,raw,development_DiagReachK2_s186_W2_RR,15,7680,selection,12,8.87470423945439,8.850316651350779,0.024387588103612263,0.75,0.25,"[5.23873774210612, 5.2498617966969805]","[0.25, 0.0]","[0.0048775143093532924, 0.0]"
DiagReachK2,186,W2,RR,raw,raw,development_DiagReachK2_s186_W2_RR,15,7680,acceptance,8,9.045684986058038,9.045684986058038,0.0,1.0,0.0,"[5.1617271900177, 5.72423791885376]","[0.0, 0.0]","[0.0, 0.0]"
DiagReachK2,186,W2,RR,raw,raw,development_DiagReachK2_s186_W2_RR,16,8160,exploration,20,7.670004137095529,6.923536293443758,0.7464678436517715,0.3,0.3,"[4.512224578857422, 5.340054678916931]","[0.1, 0.2]","[0.010223539670308424, 0.03470227718353271]"
DiagReachK2,186,W2,RR,raw,raw,development_DiagReachK2_s186_W2_RR,16,8160,selection,12,9.1398293742066,8.67334484741344,0.46648452679316205,0.6666666666666666,0.3333333333333333,"[5.749499162038167, 5.581965247790019]","[0.3333333333333333, 0.3333333333333333]","[0.023697853088378906, 0.03221248255835638]"
DiagReachK2,186,W2,RR,raw,raw,development_DiagReachK2_s186_W2_RR,16,8160,acceptance,8,9.072163360298145,9.072163360298145,0.0,1.0,0.0,"[5.077542781829834, 5.782981634140015]","[0.0, 0.0]","[0.0, 0.0]"
DiagReachK2,186,W2,RR,raw,raw,development_DiagReachK2_s186_W2_RR,17,8640,exploration,20,7.304147838350036,6.233209087248541,1.0709387511014938,0.1,0.5,"[4.243582552671432, 4.944458204507828]","[0.25, 0.4]","[0.02380717992782594, 0.0544952392578125]"
DiagReachK2,186,W2,RR,raw,raw,development_DiagReachK2_s186_W2_RR,17,8640,selection,12,9.198601621139096,9.176594468700932,0.022007152438163757,0.75,0.25,"[5.522201498349507, 5.736077348391215]","[0.0, 0.25]","[0.0, 0.00312960147857666]"
DiagReachK2,186,W2,RR,raw,raw,development_DiagReachK2_s186_W2_RR,17,8640,acceptance,8,9.11773111380935,9.11773111380935,0.0,1.0,0.0,"[5.551482796669006, 5.610231518745422]","[0.0, 0.0]","[0.0, 0.0]"
DiagReachK2,186,W2,RR,raw,raw,development_DiagReachK2_s186_W2_RR,18,9120,exploration,20,7.561150504116957,6.803036389713233,0.7581141144037247,0.35,0.3,"[5.05987673997879, 4.35430611371994]","[0.25, 0.15]","[0.0297454833984375, 0.03500257333119711]"
DiagReachK2,186,W2,RR,raw,raw,development_DiagReachK2_s186_W2_RR,18,9120,selection,12,9.117017578504964,9.117017578504964,0.0,1.0,0.0,"[5.62494711081187, 5.494731664657593]","[0.0, 0.0]","[0.0, 0.0]"
DiagReachK2,186,W2,RR,raw,raw,development_DiagReachK2_s186_W2_RR,18,9120,acceptance,8,9.236726055572944,9.236726055572944,0.0,1.0,0.0,"[5.757638514041901, 5.573821663856506]","[0.0, 0.0]","[0.0, 0.0]"
DiagReachK2,186,W2,RR,raw,raw,development_DiagReachK2_s186_W2_RR,19,9600,exploration,20,7.83974881828297,5.857296030824072,1.9824527874588966,0.15,0.6,"[5.467944693565369, 4.9845979571342465]","[0.35, 0.35]","[0.03286953369776409, 0.08423354625701905]"
DiagReachK2,186,W2,RR,raw,raw,development_DiagReachK2_s186_W2_RR,19,9600,selection,12,9.082859183733914,8.988679473981513,0.09417970975240071,0.6666666666666666,0.3333333333333333,"[5.729498386383057, 5.082109371821086]","[0.3333333333333333, 0.0]","[0.018165588378906267, 0.0]"
DiagReachK2,186,W2,RR,raw,raw,development_DiagReachK2_s186_W2_RR,19,9600,acceptance,8,9.322604447678895,9.320357650594087,0.0022467970848083496,0.75,0.25,"[5.9252132177352905, 5.698732018470764]","[0.25, 0.0]","[0.0004493594169616699, 0.0]"
DiagReachK2,186,W2,RR,raw,raw,development_DiagReachK2_s186_W2_RR,20,10080,exploration,20,7.668269721174147,6.325190854573156,1.3430788666009903,0.1,0.6,"[5.164241242408752, 4.8782934486866]","[0.45, 0.35]","[0.05157124598821002, 0.04686817328135173]"
DiagReachK2,186,W2,RR,raw,raw,development_DiagReachK2_s186_W2_RR,20,10080,selection,12,9.443291219693007,9.042169295372151,0.40112192432085675,0.6666666666666666,0.3333333333333333,"[6.003860553105672, 5.915126403172811]","[0.3333333333333333, 0.3333333333333333]","[0.020099156432681602, 0.03026816580030652]"
DiagReachK2,186,W2,RR,raw,raw,development_DiagReachK2_s186_W2_RR,20,10080,acceptance,8,9.326546488607711,9.326546488607711,0.0,1.0,0.0,"[5.7980077266693115, 5.642396688461304]","[0.0, 0.0]","[0.0, 0.0]"
DiagReachK2,186,W2,RR,raw,raw,development_DiagReachK2_s186_W2_RR,21,10560,exploration,20,7.985526056464295,6.757112385209183,1.2284136712551117,0.25,0.55,"[5.622480320930481, 4.851227980852127]","[0.4, 0.25]","[0.059452223777771, 0.04001150528589884]"
DiagReachK2,186,W2,RR,raw,raw,development_DiagReachK2_s186_W2_RR,21,10560,selection,12,9.236010763899928,9.115604911105281,0.12040585279464722,0.6666666666666666,0.3333333333333333,"[5.809427499771118, 5.484618345896403]","[0.3333333333333333, 0.0]","[0.02247078551186456, 0.0]"
DiagReachK2,186,W2,RR,raw,raw,development_DiagReachK2_s186_W2_RR,21,10560,acceptance,8,9.355457034835126,9.355457034835126,0.0,1.0,0.0,"[5.784357309341431, 5.737314581871033]","[0.0, 0.0]","[0.0, 0.0]"
DiagReachK2,186,W2,RR,raw,raw,development_DiagReachK2_s186_W2_RR,22,11040,exploration,20,8.062391426947435,6.114185896303971,1.9482055306434631,0.2,0.7,"[5.538065719604492, 5.7292124152183534]","[0.45, 0.4]","[0.08000072240829467, 0.06480075120925903]"
DiagReachK2,186,W2,RR,raw,raw,development_DiagReachK2_s186_W2_RR,22,11040,selection,12,9.226225253292613,9.215380982904328,0.010844270388285318,0.8333333333333334,0.16666666666666666,"[5.775670289993286, 5.465607325236003]","[0.16666666666666666, 0.0]","[0.002168847454918743, 0.0]"
DiagReachK2,186,W2,RR,raw,raw,development_DiagReachK2_s186_W2_RR,22,11040,acceptance,8,9.347610309465246,9.33982095096858,0.007789358496665955,0.75,0.25,"[5.82217013835907, 5.722533643245697]","[0.25, 0.0]","[0.0015578667322794504, 0.0]"
DiagReachK2,186,W2,RR,raw,raw,development_DiagReachK2_s186_W2_RR,23,11520,exploration,20,7.735818791780619,6.499935660157353,1.2358831316232681,0.45,0.5,"[5.417898082733155, 4.106772297620774]","[0.45, 0.1]","[0.05198699633280435, 0.031473398208618164]"
DiagReachK2,186,W2,RR,raw,raw,development_DiagReachK2_s186_W2_RR,23,11520,selection,12,9.267390111911194,9.214417477277811,0.052972634633382164,0.6666666666666666,0.3333333333333333,"[5.6705860296885175, 5.323103109995524]","[0.25, 0.25]","[0.005329191684722882, 0.004988816049363891]"
DiagReachK2,186,W2,RR,raw,raw,development_DiagReachK2_s186_W2_RR,23,11520,acceptance,8,9.316906549379016,9.316906549379016,0.0,1.0,0.0,"[5.762512922286987, 5.60582435131073]","[0.0, 0.0]","[0.0, 0.0]"
DiagReachK2,186,W2,RR,raw,raw,development_DiagReachK2_s186_W2_RR,24,12000,exploration,20,7.912802881703246,6.64921890865313,1.2635839730501175,0.35,0.5,"[5.115166115760803, 5.286589807271957]","[0.3, 0.35]","[0.029573329289754237, 0.07291152079900107]"
DiagReachK2,186,W2,RR,raw,raw,development_DiagReachK2_s186_W2_RR,24,12000,selection,12,9.171552235828226,9.079074710554268,0.09247752527395885,0.6666666666666666,0.3333333333333333,"[5.618353207906087, 5.312941551208496]","[0.0, 0.3333333333333333]","[0.0, 0.012885954644944944]"
DiagReachK2,186,W2,RR,raw,raw,development_DiagReachK2_s186_W2_RR,24,12000,acceptance,8,9.329113569250875,9.329113569250875,0.0,1.0,0.0,"[5.815764546394348, 5.607933759689331]","[0.0, 0.0]","[0.0, 0.0]"
DiagReachK2,186,W2,RS,raw,shaped,development_DiagReachK2_s186_W2_RS,0,480,exploration,20,5.246067511015572,3.8507704456383367,1.3952970653772354,0.05,0.25,"[3.922432190179825, 1.9191131234169005]","[0.15, 0.1]","[0.055571293830871574, 0.029069276650746666]"
DiagReachK2,186,W2,RS,raw,shaped,development_DiagReachK2_s186_W2_RS,0,480,selection,12,5.3184412842306,4.986720425418268,0.33172085881233215,0.0,0.3333333333333333,"[5.6956692934036255, 0.016872326532999676]","[0.3333333333333333, 0.0]","[0.045625997914208315, 0.0]"
DiagReachK2,186,W2,RS,raw,shaped,development_DiagReachK2_s186_W2_RS,0,480,acceptance,8,5.4648803783115,5.4648803783115,0.0,0.0,0.0,"[5.115030884742737, 0.02615315094590187]","[0.0, 0.0]","[0.0, 0.0]"
DiagReachK2,186,W2,RS,raw,shaped,development_DiagReachK2_s186_W2_RS,1,960,exploration,20,5.082631135461852,3.0053387378435588,2.0772923976182938,0.05,0.45,"[4.657568879425526, 1.308035172522068]","[0.4, 0.05]","[0.1340771714846293, 0.00993922551472982]"
DiagReachK2,186,W2,RS,raw,shaped,development_DiagReachK2_s186_W2_RS,1,960,selection,12,6.524647282607231,6.2099556943246474,0.31469158828258514,0.0,0.3333333333333333,"[5.9473808606465655, 0.35544465730587643]","[0.3333333333333333, 0.0]","[0.04408406549029881, 0.0]"
DiagReachK2,186,W2,RS,raw,shaped,development_DiagReachK2_s186_W2_RS,1,960,acceptance,8,6.270746576460079,6.270746576460079,0.0,0.0,0.0,"[5.207779884338379, 0.356880784034729]","[0.0, 0.0]","[0.0, 0.0]"
DiagReachK2,186,W2,RS,raw,shaped,development_DiagReachK2_s186_W2_RS,2,1440,exploration,20,4.7991244510759135,3.6621014044631734,1.1370230466127396,0.05,0.35,"[4.222380346059799, 1.5955973893404007]","[0.35, 0.0]","[0.091140083471934, 0.0]"
DiagReachK2,186,W2,RS,raw,shaped,development_DiagReachK2_s186_W2_RS,2,1440,selection,12,7.377962902328,6.354723607640093,1.023239294687907,0.0,0.6666666666666666,"[6.669774731000264, 1.3387219210465748]","[0.6666666666666666, 0.0]","[0.12584496206707427, 0.0]"
DiagReachK2,186,W2,RS,raw,shaped,development_DiagReachK2_s186_W2_RS,2,1440,acceptance,8,6.707408622838557,6.707408622838557,0.0,0.0,0.0,"[5.448018193244934, 0.6063825935125351]","[0.0, 0.0]","[0.0, 0.0]"
DiagReachK2,186,W2,RS,raw,shaped,development_DiagReachK2_s186_W2_RS,3,1920,exploration,20,5.6804346680175515,3.7966408818494535,1.8837937861680984,0.2,0.4,"[4.736431926488876, 2.048555317521095]","[0.35, 0.05]","[0.13727797667185465, 0.012166714668273926]"
DiagReachK2,186,W2,RS,raw,shaped,development_DiagReachK2_s186_W2_RS,3,1920,selection,12,6.799299128583517,6.66488327854022,0.13441585004329681,0.0,0.3333333333333333,"[5.026695529619853, 1.0745044872164726]","[0.3333333333333333, 0.0]","[0.023962484465705036, 0.0]"
DiagReachK2,186,W2,RS,raw,shaped,development_DiagReachK2_s186_W2_RS,3,1920,acceptance,8,6.642469114344567,6.642469114344567,0.0,0.0,0.0,"[5.5664249658584595, 0.5377577245235443]","[0.0, 0.0]","[0.0, 0.0]"
DiagReachK2,186,W2,RS,raw,shaped,development_DiagReachK2_s186_W2_RS,4,2400,exploration,20,5.6951053719408815,3.21520201670006,2.479903355240822,0.05,0.45,"[5.16055561453104, 2.3796789571642876]","[0.4, 0.05]","[0.1455629309018453, 0.00018437703450521203]"
DiagReachK2,186,W2,RS,raw,shaped,development_DiagReachK2_s186_W2_RS,4,2400,selection,12,7.166188865935934,7.152313898042969,0.013874967892964682,0.3333333333333333,0.16666666666666666,"[5.30560823281606, 1.280757521589597]","[0.16666666666666666, 0.0]","[0.002774993578592936, 0.0]"
DiagReachK2,186,W2,RS,raw,shaped,development_DiagReachK2_s186_W2_RS,4,2400,acceptance,8,7.1173359417342,7.1173359417342,0.0,0.5,0.0,"[5.121141970157623, 1.4682588279247284]","[0.0, 0.0]","[0.0, 0.0]"
DiagReachK2,186,W2,RS,raw,shaped,development_DiagReachK2_s186_W2_RS,5,2880,exploration,20,5.725857113916282,4.842058693487052,0.8837984204292297,0.05,0.3,"[4.354617643356323, 2.109567004442215]","[0.25, 0.05]","[0.06473471721013388, 0.0145483652750651]"
DiagReachK2,186,W2,RS,raw,shaped,development_DiagReachK2_s186_W2_RS,5,2880,selection,12,7.918317951782956,7.896312661989941,0.022005289793014526,0.6666666666666666,0.25,"[5.270864009857178, 2.7540218830108643]","[0.25, 0.0]","[0.004401054647233745, 0.0]"
DiagReachK2,186,W2,RS,raw,shaped,development_DiagReachK2_s186_W2_RS,5,2880,acceptance,8,7.881633625952236,7.881633625952236,0.0,1.0,0.0,"[4.985871374607086, 2.9025140702724457]","[0.0, 0.0]","[0.0, 0.0]"
DiagReachK2,186,W2,RS,raw,shaped,development_DiagReachK2_s186_W2_RS,6,3360,exploration,20,6.751854894617573,6.32035663531162,0.431498259305954,0.3,0.3,"[4.38696414232254, 3.3169759273529054]","[0.25, 0.1]","[0.03417311509450277, 0.007046810785929369]"
DiagReachK2,186,W2,RS,raw,shaped,development_DiagReachK2_s186_W2_RS,6,3360,selection,12,8.85839641483908,8.756077914360016,0.1023185004790624,0.4166666666666667,0.5833333333333334,"[5.906896670659383, 4.153053005536397]","[0.5833333333333334, 0.0]","[0.02019304037094118, 0.0]"
DiagReachK2,186,W2,RS,raw,shaped,development_DiagReachK2_s186_W2_RS,6,3360,acceptance,8,8.28190608206205,8.28190608206205,0.0,1.0,0.0,"[5.427221417427063, 3.42268168926239]","[0.0, 0.0]","[0.0, 0.0]"
DiagReachK2,186,W2,RS,raw,shaped,development_DiagReachK2_s186_W2_RS,7,3840,exploration,20,6.331198245643173,4.62695673143724,1.7042415142059326,0.3,0.25,"[4.690105092525482, 3.2745591402053833]","[0.25, 0.05]","[0.10033123095830283, 0.005178491274515784]"
DiagReachK2,186,W2,RS,raw,shaped,development_DiagReachK2_s186_W2_RS,7,3840,selection,12,8.452270046732549,8.342239624124492,0.11003042260805766,0.6666666666666666,0.3333333333333333,"[5.392506877581279, 3.8413363099098206]","[0.3333333333333333, 0.0]","[0.021827611658308228, 0.0]"
DiagReachK2,186,W2,RS,raw,shaped,development_DiagReachK2_s186_W2_RS,7,3840,acceptance,8,8.281199260678841,8.281199260678841,0.0,1.0,0.0,"[5.357946872711182, 3.4225922226905823]","[0.0, 0.0]","[0.0, 0.0]"
DiagReachK2,186,W2,RS,raw,shaped,development_DiagReachK2_s186_W2_RS,8,4320,exploration,20,6.638128097718581,5.359608273571357,1.2785198241472244,0.2,0.35,"[4.541352534294129, 3.6340344831347466]","[0.2, 0.15]","[0.05703411897023518, 0.01691758632659912]"
DiagReachK2,186,W2,RS,raw,shaped,development_DiagReachK2_s186_W2_RS,8,4320,selection,12,8.432239488761114,8.071605484684794,0.3606340040763219,0.6666666666666666,0.3333333333333333,"[5.489352663358052, 3.863188644250234]","[0.3333333333333333, 0.0]","[0.045670767625172935, 0.0]"
DiagReachK2,186,W2,RS,raw,shaped,development_DiagReachK2_s186_W2_RS,8,4320,acceptance,8,8.267274665794869,8.267274665794869,0.0,1.0,0.0,"[4.772948205471039, 3.96934911608696]","[0.0, 0.0]","[0.0, 0.0]"
DiagReachK2,186,W2,RS,raw,shaped,development_DiagReachK2_s186_W2_RS,9,4800,exploration,20,6.806586330728022,6.5021946783823665,0.30439165234565735,0.4,0.25,"[3.8572842299938204, 4.242144286632538]","[0.1, 0.2]","[0.022444319725036622, 0.01591806411743164]"
DiagReachK2,186,W2,RS,raw,shaped,development_DiagReachK2_s186_W2_RS,9,4800,selection,12,8.641546646708562,8.45822180803052,0.18332483867804208,0.6666666666666666,0.3333333333333333,"[4.555205762386322, 5.279798865318298]","[0.0, 0.3333333333333333]","[0.0, 0.02503820922639634]"
DiagReachK2,186,W2,RS,raw,shaped,development_DiagReachK2_s186_W2_RS,9,4800,acceptance,8,8.433666231663391,8.433666231663391,0.0,1.0,0.0,"[4.697452902793884, 4.828571677207947]","[0.0, 0.0]","[0.0, 0.0]"
DiagReachK2,186,W2,RS,raw,shaped,development_DiagReachK2_s186_W2_RS,10,5280,exploration,20,6.550824872908416,6.333479352054419,0.21734552085399628,0.3,0.1,"[3.876732015609741, 3.2725024461746215]","[0.1, 0.0]","[0.011726860205332434, 0.0]"
DiagReachK2,186,W2,RS,raw,shaped,development_DiagReachK2_s186_W2_RS,10,5280,selection,12,8.897940874242947,8.826659580214981,0.07128129402796428,0.4166666666666667,0.5833333333333334,"[5.7393027146657305, 5.102336525917053]","[0.5833333333333334, 0.08333333333333333]","[0.014047894212934694, 0.00013297796249389648]"
DiagReachK2,186,W2,RS,raw,shaped,development_DiagReachK2_s186_W2_RS,10,5280,acceptance,8,8.533396694151453,8.533396694151453,0.0,1.0,0.0,"[5.012506008148193, 4.731303930282593]","[0.0, 0.0]","[0.0, 0.0]"
DiagReachK2,186,W2,RS,raw,shaped,development_DiagReachK2_s186_W2_RS,11,5760,exploration,20,7.3536589808179995,5.9965520418598315,1.357106938958168,0.45,0.4,"[4.83255889415741, 4.143419671058655]","[0.2, 0.2]","[0.043442912896474194, 0.03730165163675943]"
DiagReachK2,186,W2,RS,raw,shaped,development_DiagReachK2_s186_W2_RS,11,5760,selection,12,8.47008962591911,8.47008962591911,0.0,1.0,0.0,"[4.870644847551982, 4.697802384694417]","[0.0, 0.0]","[0.0, 0.0]"
DiagReachK2,186,W2,RS,raw,shaped,development_DiagReachK2_s186_W2_RS,11,5760,acceptance,8,8.660541472156183,8.660541472156183,0.0,1.0,0.0,"[5.225290358066559, 4.85410737991333]","[0.0, 0.0]","[0.0, 0.0]"
DiagReachK2,186,W2,RS,raw,shaped,development_DiagReachK2_s186_W2_RS,12,6240,exploration,20,7.295105552534805,5.559151610593544,1.7359539419412613,0.25,0.45,"[5.425574094057083, 3.626662391424179]","[0.35, 0.15]","[0.10232076644897461, 0.02842409610748291]"
DiagReachK2,186,W2,RS,raw,shaped,development_DiagReachK2_s186_W2_RS,12,6240,selection,12,9.110005739466095,8.900833992298189,0.20917174716790518,0.6666666666666666,0.3333333333333333,"[5.411800225575765, 5.7023444175720215]","[0.0, 0.3333333333333333]","[0.0, 0.019297632906171997]"
DiagReachK2,186,W2,RS,raw,shaped,development_DiagReachK2_s186_W2_RS,12,6240,acceptance,8,8.928915194066214,8.928915194066214,0.0,1.0,0.0,"[5.35802161693573, 5.369360029697418]","[0.0, 0.0]","[0.0, 0.0]"
DiagReachK2,186,W2,RS,raw,shaped,development_DiagReachK2_s186_W2_RS,13,6720,exploration,20,7.519471472217701,6.119494354440831,1.3999771177768707,0.25,0.45,"[4.8107494711875916, 4.751523661613464]","[0.25, 0.25]","[0.03573604027430216, 0.053881267706553146]"
DiagReachK2,186,W2,RS,raw,shaped,development_DiagReachK2_s186_W2_RS,13,6720,selection,12,9.126378831715556,9.040140670986148,0.08623816072940826,0.6666666666666666,0.3333333333333333,"[5.488246202468872, 5.623535513877869]","[0.16666666666666666, 0.3333333333333333]","[0.003999233245849609, 0.0096323291460673]"
DiagReachK2,186,W2,RS,raw,shaped,development_DiagReachK2_s186_W2_RS,13,6720,acceptance,8,9.00371023260086,9.00371023260086,0.0,1.0,0.0,"[5.067316174507141, 5.697192668914795]","[0.0, 0.0]","[0.0, 0.0]"
DiagReachK2,186,W2,RS,raw,shaped,development_DiagReachK2_s186_W2_RS,14,7200,exploration,20,7.016878773123025,5.840748984962702,1.176129788160324,0.3,0.15,"[4.226862469315529, 4.238173109292984]","[0.05, 0.1]","[0.02880950768788656, 0.029795285065968836]"
DiagReachK2,186,W2,RS,raw,shaped,development_DiagReachK2_s186_W2_RS,14,7200,selection,12,8.91782977916167,8.916650848958549,0.0011789302031199138,0.9166666666666666,0.08333333333333333,"[4.882442077000936, 5.594278852144877]","[0.0, 0.08333333333333333]","[0.0, 0.00023578272925482238]"
DiagReachK2,186,W2,RS,raw,shaped,development_DiagReachK2_s186_W2_RS,14,7200,acceptance,8,9.105173601188291,9.105173601188291,0.0,1.0,0.0,"[5.229724049568176, 5.768571734428406]","[0.0, 0.0]","[0.0, 0.0]"
DiagReachK2,186,W2,RS,raw,shaped,development_DiagReachK2_s186_W2_RS,15,7680,exploration,20,7.699268449794035,5.577981387029867,2.121287062764168,0.3,0.55,"[4.2577030777931215, 5.612260639667511]","[0.25, 0.45]","[0.01631375948588053, 0.11407886346181233]"
DiagReachK2,186,W2,RS,raw,shaped,development_DiagReachK2_s186_W2_RS,15,7680,selection,12,8.87470423945439,8.850316651350779,0.024387588103612263,0.75,0.25,"[5.23873774210612, 5.2498617966969805]","[0.25, 0.0]","[0.0048775143093532924, 0.0]"
DiagReachK2,186,W2,RS,raw,shaped,development_DiagReachK2_s186_W2_RS,15,7680,acceptance,8,9.045684986058038,9.045684986058038,0.0,1.0,0.0,"[5.1617271900177, 5.72423791885376]","[0.0, 0.0]","[0.0, 0.0]"
DiagReachK2,186,W2,RS,raw,shaped,development_DiagReachK2_s186_W2_RS,16,8160,exploration,20,7.670004137095529,6.923536293443758,0.7464678436517715,0.3,0.3,"[4.512224578857422, 5.340054678916931]","[0.1, 0.2]","[0.010223539670308424, 0.03470227718353271]"
DiagReachK2,186,W2,RS,raw,shaped,development_DiagReachK2_s186_W2_RS,16,8160,selection,12,9.1398293742066,8.67334484741344,0.46648452679316205,0.6666666666666666,0.3333333333333333,"[5.749499162038167, 5.581965247790019]","[0.3333333333333333, 0.3333333333333333]","[0.023697853088378906, 0.03221248255835638]"
DiagReachK2,186,W2,RS,raw,shaped,development_DiagReachK2_s186_W2_RS,16,8160,acceptance,8,9.072163360298145,9.072163360298145,0.0,1.0,0.0,"[5.077542781829834, 5.782981634140015]","[0.0, 0.0]","[0.0, 0.0]"
DiagReachK2,186,W2,RS,raw,shaped,development_DiagReachK2_s186_W2_RS,17,8640,exploration,20,7.304147838350036,6.233209087248541,1.0709387511014938,0.1,0.5,"[4.243582552671432, 4.944458204507828]","[0.25, 0.4]","[0.02380717992782594, 0.0544952392578125]"
DiagReachK2,186,W2,RS,raw,shaped,development_DiagReachK2_s186_W2_RS,17,8640,selection,12,9.198601621139096,9.176594468700932,0.022007152438163757,0.75,0.25,"[5.522201498349507, 5.736077348391215]","[0.0, 0.25]","[0.0, 0.00312960147857666]"
DiagReachK2,186,W2,RS,raw,shaped,development_DiagReachK2_s186_W2_RS,17,8640,acceptance,8,9.11773111380935,9.11773111380935,0.0,1.0,0.0,"[5.551482796669006, 5.610231518745422]","[0.0, 0.0]","[0.0, 0.0]"
DiagReachK2,186,W2,RS,raw,shaped,development_DiagReachK2_s186_W2_RS,18,9120,exploration,20,7.561150504116957,6.803036389713233,0.7581141144037247,0.35,0.3,"[5.05987673997879, 4.35430611371994]","[0.25, 0.15]","[0.0297454833984375, 0.03500257333119711]"
DiagReachK2,186,W2,RS,raw,shaped,development_DiagReachK2_s186_W2_RS,18,9120,selection,12,9.117017578504964,9.117017578504964,0.0,1.0,0.0,"[5.62494711081187, 5.494731664657593]","[0.0, 0.0]","[0.0, 0.0]"
DiagReachK2,186,W2,RS,raw,shaped,development_DiagReachK2_s186_W2_RS,18,9120,acceptance,8,9.236726055572944,9.236726055572944,0.0,1.0,0.0,"[5.757638514041901, 5.573821663856506]","[0.0, 0.0]","[0.0, 0.0]"
DiagReachK2,186,W2,RS,raw,shaped,development_DiagReachK2_s186_W2_RS,19,9600,exploration,20,7.83974881828297,5.857296030824072,1.9824527874588966,0.15,0.6,"[5.467944693565369, 4.9845979571342465]","[0.35, 0.35]","[0.03286953369776409, 0.08423354625701905]"
DiagReachK2,186,W2,RS,raw,shaped,development_DiagReachK2_s186_W2_RS,19,9600,selection,12,9.082859183733914,8.988679473981513,0.09417970975240071,0.6666666666666666,0.3333333333333333,"[5.729498386383057, 5.082109371821086]","[0.3333333333333333, 0.0]","[0.018165588378906267, 0.0]"
DiagReachK2,186,W2,RS,raw,shaped,development_DiagReachK2_s186_W2_RS,19,9600,acceptance,8,9.322604447678895,9.320357650594087,0.0022467970848083496,0.75,0.25,"[5.9252132177352905, 5.698732018470764]","[0.25, 0.0]","[0.0004493594169616699, 0.0]"
DiagReachK2,186,W2,RS,raw,shaped,development_DiagReachK2_s186_W2_RS,20,10080,exploration,20,7.668269721174147,6.325190854573156,1.3430788666009903,0.1,0.6,"[5.164241242408752, 4.8782934486866]","[0.45, 0.35]","[0.05157124598821002, 0.04686817328135173]"
DiagReachK2,186,W2,RS,raw,shaped,development_DiagReachK2_s186_W2_RS,20,10080,selection,12,9.443291219693007,9.042169295372151,0.40112192432085675,0.6666666666666666,0.3333333333333333,"[6.003860553105672, 5.915126403172811]","[0.3333333333333333, 0.3333333333333333]","[0.020099156432681602, 0.03026816580030652]"
DiagReachK2,186,W2,RS,raw,shaped,development_DiagReachK2_s186_W2_RS,20,10080,acceptance,8,9.326546488607711,9.326546488607711,0.0,1.0,0.0,"[5.7980077266693115, 5.642396688461304]","[0.0, 0.0]","[0.0, 0.0]"
DiagReachK2,186,W2,RS,raw,shaped,development_DiagReachK2_s186_W2_RS,21,10560,exploration,20,7.985526056464295,6.757112385209183,1.2284136712551117,0.25,0.55,"[5.622480320930481, 4.851227980852127]","[0.4, 0.25]","[0.059452223777771, 0.04001150528589884]"
DiagReachK2,186,W2,RS,raw,shaped,development_DiagReachK2_s186_W2_RS,21,10560,selection,12,9.236010763899928,9.115604911105281,0.12040585279464722,0.6666666666666666,0.3333333333333333,"[5.809427499771118, 5.484618345896403]","[0.3333333333333333, 0.0]","[0.02247078551186456, 0.0]"
DiagReachK2,186,W2,RS,raw,shaped,development_DiagReachK2_s186_W2_RS,21,10560,acceptance,8,9.355457034835126,9.355457034835126,0.0,1.0,0.0,"[5.784357309341431, 5.737314581871033]","[0.0, 0.0]","[0.0, 0.0]"
DiagReachK2,186,W2,RS,raw,shaped,development_DiagReachK2_s186_W2_RS,22,11040,exploration,20,8.062391426947435,6.114185896303971,1.9482055306434631,0.2,0.7,"[5.538065719604492, 5.7292124152183534]","[0.45, 0.4]","[0.08000072240829467, 0.06480075120925903]"
DiagReachK2,186,W2,RS,raw,shaped,development_DiagReachK2_s186_W2_RS,22,11040,selection,12,9.226225253292613,9.215380982904328,0.010844270388285318,0.8333333333333334,0.16666666666666666,"[5.775670289993286, 5.465607325236003]","[0.16666666666666666, 0.0]","[0.002168847454918743, 0.0]"
DiagReachK2,186,W2,RS,raw,shaped,development_DiagReachK2_s186_W2_RS,22,11040,acceptance,8,9.347610309465246,9.33982095096858,0.007789358496665955,0.75,0.25,"[5.82217013835907, 5.722533643245697]","[0.25, 0.0]","[0.0015578667322794504, 0.0]"
DiagReachK2,186,W2,RS,raw,shaped,development_DiagReachK2_s186_W2_RS,23,11520,exploration,20,7.735818791780619,6.499935660157353,1.2358831316232681,0.45,0.5,"[5.417898082733155, 4.106772297620774]","[0.45, 0.1]","[0.05198699633280435, 0.031473398208618164]"
DiagReachK2,186,W2,RS,raw,shaped,development_DiagReachK2_s186_W2_RS,23,11520,selection,12,9.267390111911194,9.214417477277811,0.052972634633382164,0.6666666666666666,0.3333333333333333,"[5.6705860296885175, 5.323103109995524]","[0.25, 0.25]","[0.005329191684722882, 0.004988816049363891]"
DiagReachK2,186,W2,RS,raw,shaped,development_DiagReachK2_s186_W2_RS,23,11520,acceptance,8,9.316906549379016,9.316906549379016,0.0,1.0,0.0,"[5.762512922286987, 5.60582435131073]","[0.0, 0.0]","[0.0, 0.0]"
DiagReachK2,186,W2,RS,raw,shaped,development_DiagReachK2_s186_W2_RS,24,12000,exploration,20,7.912802881703246,6.64921890865313,1.2635839730501175,0.35,0.5,"[5.115166115760803, 5.286589807271957]","[0.3, 0.35]","[0.029573329289754237, 0.07291152079900107]"
DiagReachK2,186,W2,RS,raw,shaped,development_DiagReachK2_s186_W2_RS,24,12000,selection,12,9.171552235828226,9.079074710554268,0.09247752527395885,0.6666666666666666,0.3333333333333333,"[5.618353207906087, 5.312941551208496]","[0.0, 0.3333333333333333]","[0.0, 0.012885954644944944]"
DiagReachK2,186,W2,RS,raw,shaped,development_DiagReachK2_s186_W2_RS,24,12000,acceptance,8,9.329113569250875,9.329113569250875,0.0,1.0,0.0,"[5.815764546394348, 5.607933759689331]","[0.0, 0.0]","[0.0, 0.0]"
DiagReachK2,186,W2,SR,shaped,raw,development_DiagReachK2_s186_W2_SR,0,480,exploration,20,5.246067511015572,3.8507704456383367,1.3952970653772354,0.05,0.25,"[3.922432190179825, 1.9191131234169005]","[0.15, 0.1]","[0.055571293830871574, 0.029069276650746666]"
DiagReachK2,186,W2,SR,shaped,raw,development_DiagReachK2_s186_W2_SR,0,480,selection,12,5.621955160067106,5.621955160067106,0.0,0.0,0.0,"[5.1119435628255205, 0.042168830831845604]","[0.0, 0.0]","[0.0, 0.0]"
DiagReachK2,186,W2,SR,shaped,raw,development_DiagReachK2_s186_W2_SR,0,480,acceptance,8,5.489584336266853,5.489584336266853,0.0,0.0,0.0,"[5.060652732849121, 0.04153243452310562]","[0.0, 0.0]","[0.0, 0.0]"
DiagReachK2,186,W2,SR,shaped,raw,development_DiagReachK2_s186_W2_SR,1,960,exploration,20,5.092629400142468,3.1132463189447295,1.9793830811977386,0.05,0.45,"[4.590684352815151, 1.3126626953482627]","[0.4, 0.05]","[0.1287890315055847, 0.010585240523020423]"
DiagReachK2,186,W2,SR,shaped,raw,development_DiagReachK2_s186_W2_SR,1,960,selection,12,6.320199676983369,6.320199676983369,0.0,0.0,0.0,"[4.576103766759236, 0.5025504479805628]","[0.0, 0.0]","[0.0, 0.0]"
DiagReachK2,186,W2,SR,shaped,raw,development_DiagReachK2_s186_W2_SR,1,960,acceptance,8,6.173680194898043,6.173680194898043,0.0,0.0,0.0,"[4.573711097240448, 0.40796736627817154]","[0.0, 0.0]","[0.0, 0.0]"
DiagReachK2,186,W2,SR,shaped,raw,development_DiagReachK2_s186_W2_SR,2,1440,exploration,20,4.582981841433794,3.8041458891518416,0.7788359522819519,0.05,0.3,"[3.7855286046862604, 1.6609622165560722]","[0.3, 0.0]","[0.061109916369120276, 0.0]"
DiagReachK2,186,W2,SR,shaped,raw,development_DiagReachK2_s186_W2_SR,2,1440,selection,12,7.189091697203305,6.825372606383946,0.3637190908193588,0.0,0.3333333333333333,"[5.526375889778137, 1.3982614825169246]","[0.3333333333333333, 0.0]","[0.05094046062893337, 0.0]"
DiagReachK2,186,W2,SR,shaped,raw,development_DiagReachK2_s186_W2_SR,2,1440,acceptance,8,6.558062147034798,6.558062147034798,0.0,0.0,0.0,"[4.624812066555023, 0.6401235349476337]","[0.0, 0.0]","[0.0, 0.0]"
DiagReachK2,186,W2,SR,shaped,raw,development_DiagReachK2_s186_W2_SR,3,1920,exploration,20,5.627372986539267,3.980397379859351,1.6469756066799164,0.25,0.4,"[4.525636598467827, 2.2290806084871293]","[0.35, 0.1]","[0.10871658722559614, 0.024415675799051927]"
DiagReachK2,186,W2,SR,shaped,raw,development_DiagReachK2_s186_W2_SR,3,1920,selection,12,6.609795546438545,6.609795546438545,0.0,0.0,0.0,"[4.3815882205963135, 0.8926718980073929]","[0.0, 0.0]","[0.0, 0.0]"
DiagReachK2,186,W2,SR,shaped,raw,development_DiagReachK2_s186_W2_SR,3,1920,acceptance,8,6.823826224048389,6.823826224048389,0.0,0.0,0.0,"[5.018557906150818, 0.8559921681880951]","[0.0, 0.0]","[0.0, 0.0]"
DiagReachK2,186,W2,SR,shaped,raw,development_DiagReachK2_s186_W2_SR,4,2400,exploration,20,6.017000514832326,4.178481597271748,1.8385189175605774,0.1,0.35,"[4.897385086119175, 2.636955815553665]","[0.3, 0.05]","[0.1035085678100586, 0.006156408786773681]"
DiagReachK2,186,W2,SR,shaped,raw,development_DiagReachK2_s186_W2_SR,4,2400,selection,12,7.534146779314386,7.534146779314386,0.0,0.6666666666666666,0.0,"[4.567789276440938, 2.2335933645566306]","[0.0, 0.0]","[0.0, 0.0]"
DiagReachK2,186,W2,SR,shaped,raw,development_DiagReachK2_s186_W2_SR,4,2400,acceptance,8,7.467240723220129,7.467240723220129,0.0,0.5,0.0,"[4.6171682476997375, 2.2059267163276672]","[0.0, 0.0]","[0.0, 0.0]"
DiagReachK2,186,W2,SR,shaped,raw,development_DiagReachK2_s186_W2_SR,5,2880,exploration,20,5.990323438829945,5.518300234860943,0.47202320396900177,0.1,0.25,"[4.196173363924027, 2.411386287212372]","[0.2, 0.05]","[0.0299816886583964, 0.017885303497314452]"
DiagReachK2,186,W2,SR,shaped,raw,development_DiagReachK2_s186_W2_SR,5,2880,selection,12,8.039682663373894,8.039682663373894,0.0,1.0,0.0,"[4.812453925609589, 3.232298115889231]","[0.0, 0.0]","[0.0, 0.0]"
DiagReachK2,186,W2,SR,shaped,raw,development_DiagReachK2_s186_W2_SR,5,2880,acceptance,8,8.147654200456598,8.147654200456598,0.0,1.0,0.0,"[4.905439615249634, 3.419504225254059]","[0.0, 0.0]","[0.0, 0.0]"
DiagReachK2,186,W2,SR,shaped,raw,development_DiagReachK2_s186_W2_SR,6,3360,exploration,20,6.9983745581423875,6.57920922999736,0.41916532814502716,0.25,0.35,"[4.86168919801712, 3.427542173862457]","[0.3, 0.05]","[0.03406381607055664, 0.008111766974131263]"
DiagReachK2,186,W2,SR,shaped,raw,development_DiagReachK2_s186_W2_SR,6,3360,selection,12,8.941180149404317,8.938315997211248,0.002864152193069458,0.8333333333333334,0.16666666666666666,"[5.840933362642924, 4.5053516030311584]","[0.16666666666666666, 0.0]","[0.0005728271272447313, 0.0]"
DiagReachK2,186,W2,SR,shaped,raw,development_DiagReachK2_s186_W2_SR,6,3360,acceptance,8,8.7880080286704,8.786382013960928,0.0016260147094726562,0.875,0.125,"[5.798310875892639, 4.129449039697647]","[0.125, 0.0]","[0.00032520294189453125, 0.0]"
DiagReachK2,186,W2,SR,shaped,raw,development_DiagReachK2_s186_W2_SR,7,3840,exploration,20,6.65874861538061,5.193103033896769,1.465645581483841,0.25,0.35,"[5.112048861384392, 3.3996853813529015]","[0.35, 0.05]","[0.09189730485280355, 0.0036243915557861326]"
DiagReachK2,186,W2,SR,shaped,raw,development_DiagReachK2_s186_W2_SR,7,3840,selection,12,8.348003797537588,8.348003797537588,0.0,1.0,0.0,"[5.04851770401001, 3.6364184419314065]","[0.0, 0.0]","[0.0, 0.0]"
DiagReachK2,186,W2,SR,shaped,raw,development_DiagReachK2_s186_W2_SR,7,3840,acceptance,8,8.51447344621829,8.51447344621829,0.0,1.0,0.0,"[5.625268936157227, 3.6145783066749573]","[0.0, 0.0]","[0.0, 0.0]"
DiagReachK2,186,W2,SR,shaped,raw,development_DiagReachK2_s186_W2_SR,8,4320,exploration,20,6.828550898581743,5.765540578514337,1.0630103200674057,0.1,0.45,"[4.882529222965241, 3.676366703212261]","[0.25, 0.2]","[0.04265010356903075, 0.017955692609151197]"
DiagReachK2,186,W2,SR,shaped,raw,development_DiagReachK2_s186_W2_SR,8,4320,selection,12,8.347522557331649,8.347522557331649,0.0,1.0,0.0,"[4.853286266326904, 3.9138092001279197]","[0.0, 0.0]","[0.0, 0.0]"
DiagReachK2,186,W2,SR,shaped,raw,development_DiagReachK2_s186_W2_SR,8,4320,acceptance,8,8.480374019739157,8.480374019739157,0.0,1.0,0.0,"[5.0092578530311584, 4.21478009223938]","[0.0, 0.0]","[0.0, 0.0]"
DiagReachK2,186,W2,SR,shaped,raw,development_DiagReachK2_s186_W2_SR,9,4800,exploration,20,7.056776814314361,6.747414358111856,0.309362456202507,0.4,0.25,"[4.176150977611542, 4.434609389305114]","[0.1, 0.2]","[0.019035192330678297, 0.020086467266082764]"
DiagReachK2,186,W2,SR,shaped,raw,development_DiagReachK2_s186_W2_SR,9,4800,selection,12,8.629325249754583,8.624049642645513,0.005275607109069824,0.8333333333333334,0.16666666666666666,"[4.534965833028157, 5.146040042241414]","[0.0, 0.16666666666666666]","[0.0, 0.0010551214218139648]"
DiagReachK2,186,W2,SR,shaped,raw,development_DiagReachK2_s186_W2_SR,9,4800,acceptance,8,8.545957472649025,8.545957472649025,0.0,1.0,0.0,"[4.4818408489227295, 5.179715514183044]","[0.0, 0.0]","[0.0, 0.0]"
DiagReachK2,186,W2,SR,shaped,raw,development_DiagReachK2_s186_W2_SR,10,5280,exploration,20,6.584891922853712,6.507041074417357,0.07785084843635559,0.3,0.1,"[3.7815873622894287, 3.344671070575714]","[0.05, 0.05]","[0.0033260265986124636, 0.0019306818644205693]"
DiagReachK2,186,W2,SR,shaped,raw,development_DiagReachK2_s186_W2_SR,10,5280,selection,12,8.890792370537655,8.811659207641817,0.07913316289583842,0.6666666666666666,0.3333333333333333,"[4.994779706001282, 5.357710043589274]","[0.0, 0.3333333333333333]","[0.0, 0.014103922579023561]"
DiagReachK2,186,W2,SR,shaped,raw,development_DiagReachK2_s186_W2_SR,10,5280,acceptance,8,8.722529645818394,8.722529645818394,0.0,1.0,0.0,"[4.83933025598526, 5.042040765285492]","[0.0, 0.0]","[0.0, 0.0]"
DiagReachK2,186,W2,SR,shaped,raw,development_DiagReachK2_s186_W2_SR,11,5760,exploration,20,7.43225636022791,6.263537709290832,1.1687186509370804,0.5,0.4,"[5.058258485794068, 4.148403853178024]","[0.2, 0.2]","[0.03488951126734415, 0.03953997294108073]"
DiagReachK2,186,W2,SR,shaped,raw,development_DiagReachK2_s186_W2_SR,11,5760,selection,12,8.55750924373311,8.55750924373311,0.0,1.0,0.0,"[4.893146912256877, 4.429372668266296]","[0.0, 0.0]","[0.0, 0.0]"
DiagReachK2,186,W2,SR,shaped,raw,development_DiagReachK2_s186_W2_SR,11,5760,acceptance,8,8.847671928566763,8.847671928566763,0.0,1.0,0.0,"[5.192870497703552, 4.902961611747742]","[0.0, 0.0]","[0.0, 0.0]"
DiagReachK2,186,W2,SR,shaped,raw,development_DiagReachK2_s186_W2_SR,12,6240,exploration,20,7.151188922601287,5.572784153299871,1.5784047693014145,0.25,0.45,"[5.445619916915893, 3.4288634285330772]","[0.35, 0.15]","[0.09540921052296956, 0.022652979691823328]"
DiagReachK2,186,W2,SR,shaped,raw,development_DiagReachK2_s186_W2_SR,12,6240,selection,12,8.580072816248748,8.580072816248748,0.0,1.0,0.0,"[4.555825849374135, 4.986495574315389]","[0.0, 0.0]","[0.0, 0.0]"
DiagReachK2,186,W2,SR,shaped,raw,development_DiagReachK2_s186_W2_SR,12,6240,acceptance,8,8.838014373909676,8.838014373909676,0.0,1.0,0.0,"[5.20779025554657, 4.906143069267273]","[0.0, 0.0]","[0.0, 0.0]"
DiagReachK2,186,W2,SR,shaped,raw,development_DiagReachK2_s186_W2_SR,13,6720,exploration,20,7.295719877049561,6.419103071257704,0.8766168057918549,0.45,0.25,"[5.058075976371765, 3.819912374019623]","[0.25, 0.05]","[0.04705034494400023, 0.011855173110961913]"
DiagReachK2,186,W2,SR,shaped,raw,development_DiagReachK2_s186_W2_SR,13,6720,selection,12,8.608719248851536,8.608719248851536,0.0,1.0,0.0,"[4.643388827641805, 4.798234621683757]","[0.0, 0.0]","[0.0, 0.0]"
DiagReachK2,186,W2,SR,shaped,raw,development_DiagReachK2_s186_W2_SR,13,6720,acceptance,8,8.830582123278145,8.830582123278145,0.0,1.0,0.0,"[5.125064969062805, 4.846155166625977]","[0.0, 0.0]","[0.0, 0.0]"
DiagReachK2,186,W2,SR,shaped,raw,development_DiagReachK2_s186_W2_SR,14,7200,exploration,20,7.335242243745595,6.4384793958452065,0.8967628479003906,0.2,0.5,"[5.5646523356437685, 3.853421485424042]","[0.4, 0.1]","[0.07703461249669394, 0.0020524382591247557]"
DiagReachK2,186,W2,SR,shaped,raw,development_DiagReachK2_s186_W2_SR,14,7200,selection,12,8.630829909044405,8.630829909044405,0.0,1.0,0.0,"[4.682360927263896, 4.794171690940857]","[0.0, 0.0]","[0.0, 0.0]"
DiagReachK2,186,W2,SR,shaped,raw,development_DiagReachK2_s186_W2_SR,14,7200,acceptance,8,8.921123642486215,8.921123642486215,0.0,1.0,0.0,"[5.243839263916016, 4.933568596839905]","[0.0, 0.0]","[0.0, 0.0]"
DiagReachK2,186,W2,SR,shaped,raw,development_DiagReachK2_s186_W2_SR,15,7680,exploration,20,7.261442679387983,5.666955206019337,1.5944874733686447,0.3,0.45,"[5.294814175367355, 4.25603566467762]","[0.3, 0.2]","[0.06513926585515341, 0.05369574626286824]"
DiagReachK2,186,W2,SR,shaped,raw,development_DiagReachK2_s186_W2_SR,15,7680,selection,12,8.769006860136598,8.769006860136598,0.0,1.0,0.0,"[5.250012119611104, 4.5057627360026045]","[0.0, 0.0]","[0.0, 0.0]"
DiagReachK2,186,W2,SR,shaped,raw,development_DiagReachK2_s186_W2_SR,15,7680,acceptance,8,8.887517461026897,8.887517461026897,0.0,1.0,0.0,"[5.338589072227478, 4.875428318977356]","[0.0, 0.0]","[0.0, 0.0]"
DiagReachK2,186,W2,SR,shaped,raw,development_DiagReachK2_s186_W2_SR,16,8160,exploration,20,7.647655129891357,6.423405439120252,1.224249690771103,0.3,0.5,"[4.988154196739197, 4.540673804283142]","[0.3, 0.2]","[0.07410538196563721, 0.014351769288380934]"
DiagReachK2,186,W2,SR,shaped,raw,development_DiagReachK2_s186_W2_SR,16,8160,selection,12,8.444323633348782,8.444323633348782,0.0,1.0,0.0,"[4.697321653366089, 4.661280592282613]","[0.0, 0.0]","[0.0, 0.0]"
DiagReachK2,186,W2,SR,shaped,raw,development_DiagReachK2_s186_W2_SR,16,8160,acceptance,8,8.956460927272566,8.956460927272566,0.0,1.0,0.0,"[5.4260149002075195, 4.920727252960205]","[0.0, 0.0]","[0.0, 0.0]"
DiagReachK2,186,W2,SR,shaped,raw,development_DiagReachK2_s186_W2_SR,17,8640,exploration,20,7.740872591338702,6.094687133632251,1.6461854577064514,0.3,0.55,"[5.378362703323364, 4.491407114267349]","[0.4, 0.25]","[0.0678692619005839, 0.049195679028828945]"
DiagReachK2,186,W2,SR,shaped,raw,development_DiagReachK2_s186_W2_SR,17,8640,selection,12,8.457373040163992,8.457373040163992,0.0,1.0,0.0,"[4.981239318847656, 4.302847941716512]","[0.0, 0.0]","[0.0, 0.0]"
DiagReachK2,186,W2,SR,shaped,raw,development_DiagReachK2_s186_W2_SR,17,8640,acceptance,8,8.921269815620326,8.921269815620326,0.0,1.0,0.0,"[5.570629239082336, 4.8877458572387695]","[0.0, 0.0]","[0.0, 0.0]"
DiagReachK2,186,W2,SR,shaped,raw,development_DiagReachK2_s186_W2_SR,18,9120,exploration,20,7.660275770596927,6.776078341774408,0.8841974288225174,0.45,0.35,"[5.4608074426651, 4.059080192446709]","[0.25, 0.15]","[0.04132847785949707, 0.017382721106211342]"
DiagReachK2,186,W2,SR,shaped,raw,development_DiagReachK2_s186_W2_SR,18,9120,selection,12,8.794369214391347,8.794369214391347,0.0,1.0,0.0,"[5.046861847241719, 4.917745232582092]","[0.0, 0.0]","[0.0, 0.0]"
DiagReachK2,186,W2,SR,shaped,raw,development_DiagReachK2_s186_W2_SR,18,9120,acceptance,8,8.886751183404341,8.886751183404341,0.0,1.0,0.0,"[5.442858338356018, 4.858523368835449]","[0.0, 0.0]","[0.0, 0.0]"
DiagReachK2,186,W2,SR,shaped,raw,development_DiagReachK2_s186_W2_SR,19,9600,exploration,20,7.600475695673957,7.109908026401534,0.4905676692724228,0.3,0.35,"[5.2443962931633, 4.165887957811355]","[0.25, 0.15]","[0.032888456185658776, 0.019369264443715405]"
DiagReachK2,186,W2,SR,shaped,raw,development_DiagReachK2_s186_W2_SR,19,9600,selection,12,8.992206288885578,8.988803608726963,0.0034026801586151123,0.8333333333333334,0.16666666666666666,"[5.319427053133647, 5.342333952585856]","[0.0, 0.16666666666666666]","[0.0, 0.0006805393430921828]"
DiagReachK2,186,W2,SR,shaped,raw,development_DiagReachK2_s186_W2_SR,19,9600,acceptance,8,8.961184266824421,8.961184266824421,0.0,1.0,0.0,"[5.507345974445343, 5.174623548984528]","[0.0, 0.0]","[0.0, 0.0]"
DiagReachK2,186,W2,SR,shaped,raw,development_DiagReachK2_s186_W2_SR,20,10080,exploration,20,7.699406868678052,7.027327573758084,0.6720792949199677,0.35,0.35,"[5.264466965198517, 4.89123772084713]","[0.2, 0.2]","[0.03137543996175131, 0.022144973278045665]"
DiagReachK2,186,W2,SR,shaped,raw,development_DiagReachK2_s186_W2_SR,20,10080,selection,12,8.891485513444485,8.891485513444485,0.0,1.0,0.0,"[5.1747065782547, 5.268529335657756]","[0.0, 0.0]","[0.0, 0.0]"
DiagReachK2,186,W2,SR,shaped,raw,development_DiagReachK2_s186_W2_SR,20,10080,acceptance,8,9.04528523644176,9.04528523644176,0.0,1.0,0.0,"[5.268327176570892, 5.5891295075416565]","[0.0, 0.0]","[0.0, 0.0]"
DiagReachK2,186,W2,SR,shaped,raw,development_DiagReachK2_s186_W2_SR,21,10560,exploration,20,7.740197603371927,6.685523231294937,1.0546743720769882,0.2,0.5,"[4.753304499387741, 5.7829905390739444]","[0.2, 0.5]","[0.018092481295267738, 0.08589670260747276]"
DiagReachK2,186,W2,SR,shaped,raw,development_DiagReachK2_s186_W2_SR,21,10560,selection,12,8.784239694576597,8.784239694576597,0.0,1.0,0.0,"[5.046585520108541, 5.330335418383281]","[0.0, 0.0]","[0.0, 0.0]"
DiagReachK2,186,W2,SR,shaped,raw,development_DiagReachK2_s186_W2_SR,21,10560,acceptance,8,9.070279779186103,9.070279779186103,0.0,1.0,0.0,"[5.096447229385376, 5.843387842178345]","[0.0, 0.0]","[0.0, 0.0]"
DiagReachK2,186,W2,SR,shaped,raw,development_DiagReachK2_s186_W2_SR,22,11040,exploration,20,7.724155831014505,5.5728480246418615,2.1513078063726425,0.2,0.4,"[5.377531772851944, 5.1822498679161075]","[0.35, 0.3]","[0.08695229689280191, 0.05042630831400554]"
DiagReachK2,186,W2,SR,shaped,raw,development_DiagReachK2_s186_W2_SR,22,11040,selection,12,8.644077371782828,8.644077371782828,0.0,1.0,0.0,"[4.717154661814372, 5.22684903939565]","[0.0, 0.0]","[0.0, 0.0]"
DiagReachK2,186,W2,SR,shaped,raw,development_DiagReachK2_s186_W2_SR,22,11040,acceptance,8,9.097063936344238,9.097063936344238,0.0,1.0,0.0,"[5.192832946777344, 5.876990914344788]","[0.0, 0.0]","[0.0, 0.0]"
DiagReachK2,186,W2,SR,shaped,raw,development_DiagReachK2_s186_W2_SR,23,11520,exploration,20,7.5009646663325835,6.73999078067718,0.7609738856554031,0.25,0.3,"[4.6260936796665195, 5.150426822900772]","[0.15, 0.25]","[0.028836123148600255, 0.04248389005661011]"
DiagReachK2,186,W2,SR,shaped,raw,development_DiagReachK2_s186_W2_SR,23,11520,selection,12,9.192884225215613,9.15721382554978,0.03567039966583252,0.6666666666666666,0.3333333333333333,"[5.533339103062947, 5.743988235791524]","[0.08333333333333333, 0.25]","[0.0012467304865519206, 0.005542986922793924]"
DiagReachK2,186,W2,SR,shaped,raw,development_DiagReachK2_s186_W2_SR,23,11520,acceptance,8,9.086373027683429,9.086373027683429,0.0,1.0,0.0,"[5.220510721206665, 5.847280025482178]","[0.0, 0.0]","[0.0, 0.0]"
DiagReachK2,186,W2,SR,shaped,raw,development_DiagReachK2_s186_W2_SR,24,12000,exploration,20,7.801217589762527,5.928958412494977,1.8722591772675514,0.4,0.45,"[4.754708755016327, 5.285186362266541]","[0.25, 0.3]","[0.05622865756352743, 0.07545167207717897]"
DiagReachK2,186,W2,SR,shaped,raw,development_DiagReachK2_s186_W2_SR,24,12000,selection,12,8.859726677857543,8.859726677857543,0.0,1.0,0.0,"[5.11594021320343, 5.340229153633118]","[0.0, 0.0]","[0.0, 0.0]"
DiagReachK2,186,W2,SR,shaped,raw,development_DiagReachK2_s186_W2_SR,24,12000,acceptance,8,9.094830394830206,9.094830394830206,0.0,1.0,0.0,"[5.305732071399689, 5.864996373653412]","[0.0, 0.0]","[0.0, 0.0]"
DiagReachK2,186,W2,SS,shaped,shaped,development_DiagReachK2_s186_W2_SS,0,480,exploration,20,5.246067511015572,3.8507704456383367,1.3952970653772354,0.05,0.25,"[3.922432190179825, 1.9191131234169005]","[0.15, 0.1]","[0.055571293830871574, 0.029069276650746666]"
DiagReachK2,186,W2,SS,shaped,shaped,development_DiagReachK2_s186_W2_SS,0,480,selection,12,5.621955160067106,5.621955160067106,0.0,0.0,0.0,"[5.1119435628255205, 0.042168830831845604]","[0.0, 0.0]","[0.0, 0.0]"
DiagReachK2,186,W2,SS,shaped,shaped,development_DiagReachK2_s186_W2_SS,0,480,acceptance,8,5.489584336266853,5.489584336266853,0.0,0.0,0.0,"[5.060652732849121, 0.04153243452310562]","[0.0, 0.0]","[0.0, 0.0]"
DiagReachK2,186,W2,SS,shaped,shaped,development_DiagReachK2_s186_W2_SS,1,960,exploration,20,5.092629400142468,3.1132463189447295,1.9793830811977386,0.05,0.45,"[4.590684352815151, 1.3126626953482627]","[0.4, 0.05]","[0.1287890315055847, 0.010585240523020423]"
DiagReachK2,186,W2,SS,shaped,shaped,development_DiagReachK2_s186_W2_SS,1,960,selection,12,6.320199676983369,6.320199676983369,0.0,0.0,0.0,"[4.576103766759236, 0.5025504479805628]","[0.0, 0.0]","[0.0, 0.0]"
DiagReachK2,186,W2,SS,shaped,shaped,development_DiagReachK2_s186_W2_SS,1,960,acceptance,8,6.173680194898043,6.173680194898043,0.0,0.0,0.0,"[4.573711097240448, 0.40796736627817154]","[0.0, 0.0]","[0.0, 0.0]"
DiagReachK2,186,W2,SS,shaped,shaped,development_DiagReachK2_s186_W2_SS,2,1440,exploration,20,4.582981841433794,3.8041458891518416,0.7788359522819519,0.05,0.3,"[3.7855286046862604, 1.6609622165560722]","[0.3, 0.0]","[0.061109916369120276, 0.0]"
DiagReachK2,186,W2,SS,shaped,shaped,development_DiagReachK2_s186_W2_SS,2,1440,selection,12,7.189091697203305,6.825372606383946,0.3637190908193588,0.0,0.3333333333333333,"[5.526375889778137, 1.3982614825169246]","[0.3333333333333333, 0.0]","[0.05094046062893337, 0.0]"
DiagReachK2,186,W2,SS,shaped,shaped,development_DiagReachK2_s186_W2_SS,2,1440,acceptance,8,6.558062147034798,6.558062147034798,0.0,0.0,0.0,"[4.624812066555023, 0.6401235349476337]","[0.0, 0.0]","[0.0, 0.0]"
DiagReachK2,186,W2,SS,shaped,shaped,development_DiagReachK2_s186_W2_SS,3,1920,exploration,20,5.627372986539267,3.980397379859351,1.6469756066799164,0.25,0.4,"[4.525636598467827, 2.2290806084871293]","[0.35, 0.1]","[0.10871658722559614, 0.024415675799051927]"
DiagReachK2,186,W2,SS,shaped,shaped,development_DiagReachK2_s186_W2_SS,3,1920,selection,12,6.609795546438545,6.609795546438545,0.0,0.0,0.0,"[4.3815882205963135, 0.8926718980073929]","[0.0, 0.0]","[0.0, 0.0]"
DiagReachK2,186,W2,SS,shaped,shaped,development_DiagReachK2_s186_W2_SS,3,1920,acceptance,8,6.823826224048389,6.823826224048389,0.0,0.0,0.0,"[5.018557906150818, 0.8559921681880951]","[0.0, 0.0]","[0.0, 0.0]"
DiagReachK2,186,W2,SS,shaped,shaped,development_DiagReachK2_s186_W2_SS,4,2400,exploration,20,6.017000514832326,4.178481597271748,1.8385189175605774,0.1,0.35,"[4.897385086119175, 2.636955815553665]","[0.3, 0.05]","[0.1035085678100586, 0.006156408786773681]"
DiagReachK2,186,W2,SS,shaped,shaped,development_DiagReachK2_s186_W2_SS,4,2400,selection,12,7.534146779314386,7.534146779314386,0.0,0.6666666666666666,0.0,"[4.567789276440938, 2.2335933645566306]","[0.0, 0.0]","[0.0, 0.0]"
DiagReachK2,186,W2,SS,shaped,shaped,development_DiagReachK2_s186_W2_SS,4,2400,acceptance,8,7.467240723220129,7.467240723220129,0.0,0.5,0.0,"[4.6171682476997375, 2.2059267163276672]","[0.0, 0.0]","[0.0, 0.0]"
DiagReachK2,186,W2,SS,shaped,shaped,development_DiagReachK2_s186_W2_SS,5,2880,exploration,20,5.990323438829945,5.518300234860943,0.47202320396900177,0.1,0.25,"[4.196173363924027, 2.411386287212372]","[0.2, 0.05]","[0.0299816886583964, 0.017885303497314452]"
DiagReachK2,186,W2,SS,shaped,shaped,development_DiagReachK2_s186_W2_SS,5,2880,selection,12,8.039682663373894,8.039682663373894,0.0,1.0,0.0,"[4.812453925609589, 3.232298115889231]","[0.0, 0.0]","[0.0, 0.0]"
DiagReachK2,186,W2,SS,shaped,shaped,development_DiagReachK2_s186_W2_SS,5,2880,acceptance,8,8.147654200456598,8.147654200456598,0.0,1.0,0.0,"[4.905439615249634, 3.419504225254059]","[0.0, 0.0]","[0.0, 0.0]"
DiagReachK2,186,W2,SS,shaped,shaped,development_DiagReachK2_s186_W2_SS,6,3360,exploration,20,6.9983745581423875,6.57920922999736,0.41916532814502716,0.25,0.35,"[4.86168919801712, 3.427542173862457]","[0.3, 0.05]","[0.03406381607055664, 0.008111766974131263]"
DiagReachK2,186,W2,SS,shaped,shaped,development_DiagReachK2_s186_W2_SS,6,3360,selection,12,8.941180149404317,8.938315997211248,0.002864152193069458,0.8333333333333334,0.16666666666666666,"[5.840933362642924, 4.5053516030311584]","[0.16666666666666666, 0.0]","[0.0005728271272447313, 0.0]"
DiagReachK2,186,W2,SS,shaped,shaped,development_DiagReachK2_s186_W2_SS,6,3360,acceptance,8,8.7880080286704,8.786382013960928,0.0016260147094726562,0.875,0.125,"[5.798310875892639, 4.129449039697647]","[0.125, 0.0]","[0.00032520294189453125, 0.0]"
DiagReachK2,186,W2,SS,shaped,shaped,development_DiagReachK2_s186_W2_SS,7,3840,exploration,20,6.65874861538061,5.193103033896769,1.465645581483841,0.25,0.35,"[5.112048861384392, 3.3996853813529015]","[0.35, 0.05]","[0.09189730485280355, 0.0036243915557861326]"
DiagReachK2,186,W2,SS,shaped,shaped,development_DiagReachK2_s186_W2_SS,7,3840,selection,12,8.348003797537588,8.348003797537588,0.0,1.0,0.0,"[5.04851770401001, 3.6364184419314065]","[0.0, 0.0]","[0.0, 0.0]"
DiagReachK2,186,W2,SS,shaped,shaped,development_DiagReachK2_s186_W2_SS,7,3840,acceptance,8,8.51447344621829,8.51447344621829,0.0,1.0,0.0,"[5.625268936157227, 3.6145783066749573]","[0.0, 0.0]","[0.0, 0.0]"
DiagReachK2,186,W2,SS,shaped,shaped,development_DiagReachK2_s186_W2_SS,8,4320,exploration,20,6.828550898581743,5.765540578514337,1.0630103200674057,0.1,0.45,"[4.882529222965241, 3.676366703212261]","[0.25, 0.2]","[0.04265010356903075, 0.017955692609151197]"
DiagReachK2,186,W2,SS,shaped,shaped,development_DiagReachK2_s186_W2_SS,8,4320,selection,12,8.347522557331649,8.347522557331649,0.0,1.0,0.0,"[4.853286266326904, 3.9138092001279197]","[0.0, 0.0]","[0.0, 0.0]"
DiagReachK2,186,W2,SS,shaped,shaped,development_DiagReachK2_s186_W2_SS,8,4320,acceptance,8,8.480374019739157,8.480374019739157,0.0,1.0,0.0,"[5.0092578530311584, 4.21478009223938]","[0.0, 0.0]","[0.0, 0.0]"
DiagReachK2,186,W2,SS,shaped,shaped,development_DiagReachK2_s186_W2_SS,9,4800,exploration,20,7.056776814314361,6.747414358111856,0.309362456202507,0.4,0.25,"[4.176150977611542, 4.434609389305114]","[0.1, 0.2]","[0.019035192330678297, 0.020086467266082764]"
DiagReachK2,186,W2,SS,shaped,shaped,development_DiagReachK2_s186_W2_SS,9,4800,selection,12,8.629325249754583,8.624049642645513,0.005275607109069824,0.8333333333333334,0.16666666666666666,"[4.534965833028157, 5.146040042241414]","[0.0, 0.16666666666666666]","[0.0, 0.0010551214218139648]"
DiagReachK2,186,W2,SS,shaped,shaped,development_DiagReachK2_s186_W2_SS,9,4800,acceptance,8,8.545957472649025,8.545957472649025,0.0,1.0,0.0,"[4.4818408489227295, 5.179715514183044]","[0.0, 0.0]","[0.0, 0.0]"
DiagReachK2,186,W2,SS,shaped,shaped,development_DiagReachK2_s186_W2_SS,10,5280,exploration,20,6.584891922853712,6.507041074417357,0.07785084843635559,0.3,0.1,"[3.7815873622894287, 3.344671070575714]","[0.05, 0.05]","[0.0033260265986124636, 0.0019306818644205693]"
DiagReachK2,186,W2,SS,shaped,shaped,development_DiagReachK2_s186_W2_SS,10,5280,selection,12,8.890792370537655,8.811659207641817,0.07913316289583842,0.6666666666666666,0.3333333333333333,"[4.994779706001282, 5.357710043589274]","[0.0, 0.3333333333333333]","[0.0, 0.014103922579023561]"
DiagReachK2,186,W2,SS,shaped,shaped,development_DiagReachK2_s186_W2_SS,10,5280,acceptance,8,8.722529645818394,8.722529645818394,0.0,1.0,0.0,"[4.83933025598526, 5.042040765285492]","[0.0, 0.0]","[0.0, 0.0]"
DiagReachK2,186,W2,SS,shaped,shaped,development_DiagReachK2_s186_W2_SS,11,5760,exploration,20,7.43225636022791,6.263537709290832,1.1687186509370804,0.5,0.4,"[5.058258485794068, 4.148403853178024]","[0.2, 0.2]","[0.03488951126734415, 0.03953997294108073]"
DiagReachK2,186,W2,SS,shaped,shaped,development_DiagReachK2_s186_W2_SS,11,5760,selection,12,8.55750924373311,8.55750924373311,0.0,1.0,0.0,"[4.893146912256877, 4.429372668266296]","[0.0, 0.0]","[0.0, 0.0]"
DiagReachK2,186,W2,SS,shaped,shaped,development_DiagReachK2_s186_W2_SS,11,5760,acceptance,8,8.847671928566763,8.847671928566763,0.0,1.0,0.0,"[5.192870497703552, 4.902961611747742]","[0.0, 0.0]","[0.0, 0.0]"
DiagReachK2,186,W2,SS,shaped,shaped,development_DiagReachK2_s186_W2_SS,12,6240,exploration,20,7.151188922601287,5.572784153299871,1.5784047693014145,0.25,0.45,"[5.445619916915893, 3.4288634285330772]","[0.35, 0.15]","[0.09540921052296956, 0.022652979691823328]"
DiagReachK2,186,W2,SS,shaped,shaped,development_DiagReachK2_s186_W2_SS,12,6240,selection,12,8.580072816248748,8.580072816248748,0.0,1.0,0.0,"[4.555825849374135, 4.986495574315389]","[0.0, 0.0]","[0.0, 0.0]"
DiagReachK2,186,W2,SS,shaped,shaped,development_DiagReachK2_s186_W2_SS,12,6240,acceptance,8,8.838014373909676,8.838014373909676,0.0,1.0,0.0,"[5.20779025554657, 4.906143069267273]","[0.0, 0.0]","[0.0, 0.0]"
DiagReachK2,186,W2,SS,shaped,shaped,development_DiagReachK2_s186_W2_SS,13,6720,exploration,20,7.295719877049561,6.419103071257704,0.8766168057918549,0.45,0.25,"[5.058075976371765, 3.819912374019623]","[0.25, 0.05]","[0.04705034494400023, 0.011855173110961913]"
DiagReachK2,186,W2,SS,shaped,shaped,development_DiagReachK2_s186_W2_SS,13,6720,selection,12,8.608719248851536,8.608719248851536,0.0,1.0,0.0,"[4.643388827641805, 4.798234621683757]","[0.0, 0.0]","[0.0, 0.0]"
DiagReachK2,186,W2,SS,shaped,shaped,development_DiagReachK2_s186_W2_SS,13,6720,acceptance,8,8.830582123278145,8.830582123278145,0.0,1.0,0.0,"[5.125064969062805, 4.846155166625977]","[0.0, 0.0]","[0.0, 0.0]"
DiagReachK2,186,W2,SS,shaped,shaped,development_DiagReachK2_s186_W2_SS,14,7200,exploration,20,7.335242243745595,6.4384793958452065,0.8967628479003906,0.2,0.5,"[5.5646523356437685, 3.853421485424042]","[0.4, 0.1]","[0.07703461249669394, 0.0020524382591247557]"
DiagReachK2,186,W2,SS,shaped,shaped,development_DiagReachK2_s186_W2_SS,14,7200,selection,12,8.630829909044405,8.630829909044405,0.0,1.0,0.0,"[4.682360927263896, 4.794171690940857]","[0.0, 0.0]","[0.0, 0.0]"
DiagReachK2,186,W2,SS,shaped,shaped,development_DiagReachK2_s186_W2_SS,14,7200,acceptance,8,8.921123642486215,8.921123642486215,0.0,1.0,0.0,"[5.243839263916016, 4.933568596839905]","[0.0, 0.0]","[0.0, 0.0]"
DiagReachK2,186,W2,SS,shaped,shaped,development_DiagReachK2_s186_W2_SS,15,7680,exploration,20,7.261442679387983,5.666955206019337,1.5944874733686447,0.3,0.45,"[5.294814175367355, 4.25603566467762]","[0.3, 0.2]","[0.06513926585515341, 0.05369574626286824]"
DiagReachK2,186,W2,SS,shaped,shaped,development_DiagReachK2_s186_W2_SS,15,7680,selection,12,8.769006860136598,8.769006860136598,0.0,1.0,0.0,"[5.250012119611104, 4.5057627360026045]","[0.0, 0.0]","[0.0, 0.0]"
DiagReachK2,186,W2,SS,shaped,shaped,development_DiagReachK2_s186_W2_SS,15,7680,acceptance,8,8.887517461026897,8.887517461026897,0.0,1.0,0.0,"[5.338589072227478, 4.875428318977356]","[0.0, 0.0]","[0.0, 0.0]"
DiagReachK2,186,W2,SS,shaped,shaped,development_DiagReachK2_s186_W2_SS,16,8160,exploration,20,7.647655129891357,6.423405439120252,1.224249690771103,0.3,0.5,"[4.988154196739197, 4.540673804283142]","[0.3, 0.2]","[0.07410538196563721, 0.014351769288380934]"
DiagReachK2,186,W2,SS,shaped,shaped,development_DiagReachK2_s186_W2_SS,16,8160,selection,12,8.444323633348782,8.444323633348782,0.0,1.0,0.0,"[4.697321653366089, 4.661280592282613]","[0.0, 0.0]","[0.0, 0.0]"
DiagReachK2,186,W2,SS,shaped,shaped,development_DiagReachK2_s186_W2_SS,16,8160,acceptance,8,8.956460927272566,8.956460927272566,0.0,1.0,0.0,"[5.4260149002075195, 4.920727252960205]","[0.0, 0.0]","[0.0, 0.0]"
DiagReachK2,186,W2,SS,shaped,shaped,development_DiagReachK2_s186_W2_SS,17,8640,exploration,20,7.740872591338702,6.094687133632251,1.6461854577064514,0.3,0.55,"[5.378362703323364, 4.491407114267349]","[0.4, 0.25]","[0.0678692619005839, 0.049195679028828945]"
DiagReachK2,186,W2,SS,shaped,shaped,development_DiagReachK2_s186_W2_SS,17,8640,selection,12,8.457373040163992,8.457373040163992,0.0,1.0,0.0,"[4.981239318847656, 4.302847941716512]","[0.0, 0.0]","[0.0, 0.0]"
DiagReachK2,186,W2,SS,shaped,shaped,development_DiagReachK2_s186_W2_SS,17,8640,acceptance,8,8.921269815620326,8.921269815620326,0.0,1.0,0.0,"[5.570629239082336, 4.8877458572387695]","[0.0, 0.0]","[0.0, 0.0]"
DiagReachK2,186,W2,SS,shaped,shaped,development_DiagReachK2_s186_W2_SS,18,9120,exploration,20,7.660275770596927,6.776078341774408,0.8841974288225174,0.45,0.35,"[5.4608074426651, 4.059080192446709]","[0.25, 0.15]","[0.04132847785949707, 0.017382721106211342]"
DiagReachK2,186,W2,SS,shaped,shaped,development_DiagReachK2_s186_W2_SS,18,9120,selection,12,8.794369214391347,8.794369214391347,0.0,1.0,0.0,"[5.046861847241719, 4.917745232582092]","[0.0, 0.0]","[0.0, 0.0]"
DiagReachK2,186,W2,SS,shaped,shaped,development_DiagReachK2_s186_W2_SS,18,9120,acceptance,8,8.886751183404341,8.886751183404341,0.0,1.0,0.0,"[5.442858338356018, 4.858523368835449]","[0.0, 0.0]","[0.0, 0.0]"
DiagReachK2,186,W2,SS,shaped,shaped,development_DiagReachK2_s186_W2_SS,19,9600,exploration,20,7.600475695673957,7.109908026401534,0.4905676692724228,0.3,0.35,"[5.2443962931633, 4.165887957811355]","[0.25, 0.15]","[0.032888456185658776, 0.019369264443715405]"
DiagReachK2,186,W2,SS,shaped,shaped,development_DiagReachK2_s186_W2_SS,19,9600,selection,12,8.992206288885578,8.988803608726963,0.0034026801586151123,0.8333333333333334,0.16666666666666666,"[5.319427053133647, 5.342333952585856]","[0.0, 0.16666666666666666]","[0.0, 0.0006805393430921828]"
DiagReachK2,186,W2,SS,shaped,shaped,development_DiagReachK2_s186_W2_SS,19,9600,acceptance,8,8.961184266824421,8.961184266824421,0.0,1.0,0.0,"[5.507345974445343, 5.174623548984528]","[0.0, 0.0]","[0.0, 0.0]"
DiagReachK2,186,W2,SS,shaped,shaped,development_DiagReachK2_s186_W2_SS,20,10080,exploration,20,7.699406868678052,7.027327573758084,0.6720792949199677,0.35,0.35,"[5.264466965198517, 4.89123772084713]","[0.2, 0.2]","[0.03137543996175131, 0.022144973278045665]"
DiagReachK2,186,W2,SS,shaped,shaped,development_DiagReachK2_s186_W2_SS,20,10080,selection,12,8.891485513444485,8.891485513444485,0.0,1.0,0.0,"[5.1747065782547, 5.268529335657756]","[0.0, 0.0]","[0.0, 0.0]"
DiagReachK2,186,W2,SS,shaped,shaped,development_DiagReachK2_s186_W2_SS,20,10080,acceptance,8,9.04528523644176,9.04528523644176,0.0,1.0,0.0,"[5.268327176570892, 5.5891295075416565]","[0.0, 0.0]","[0.0, 0.0]"
DiagReachK2,186,W2,SS,shaped,shaped,development_DiagReachK2_s186_W2_SS,21,10560,exploration,20,7.740197603371927,6.685523231294937,1.0546743720769882,0.2,0.5,"[4.753304499387741, 5.7829905390739444]","[0.2, 0.5]","[0.018092481295267738, 0.08589670260747276]"
DiagReachK2,186,W2,SS,shaped,shaped,development_DiagReachK2_s186_W2_SS,21,10560,selection,12,8.784239694576597,8.784239694576597,0.0,1.0,0.0,"[5.046585520108541, 5.330335418383281]","[0.0, 0.0]","[0.0, 0.0]"
DiagReachK2,186,W2,SS,shaped,shaped,development_DiagReachK2_s186_W2_SS,21,10560,acceptance,8,9.070279779186103,9.070279779186103,0.0,1.0,0.0,"[5.096447229385376, 5.843387842178345]","[0.0, 0.0]","[0.0, 0.0]"
DiagReachK2,186,W2,SS,shaped,shaped,development_DiagReachK2_s186_W2_SS,22,11040,exploration,20,7.724155831014505,5.5728480246418615,2.1513078063726425,0.2,0.4,"[5.377531772851944, 5.1822498679161075]","[0.35, 0.3]","[0.08695229689280191, 0.05042630831400554]"
DiagReachK2,186,W2,SS,shaped,shaped,development_DiagReachK2_s186_W2_SS,22,11040,selection,12,8.644077371782828,8.644077371782828,0.0,1.0,0.0,"[4.717154661814372, 5.22684903939565]","[0.0, 0.0]","[0.0, 0.0]"
DiagReachK2,186,W2,SS,shaped,shaped,development_DiagReachK2_s186_W2_SS,22,11040,acceptance,8,9.097063936344238,9.097063936344238,0.0,1.0,0.0,"[5.192832946777344, 5.876990914344788]","[0.0, 0.0]","[0.0, 0.0]"
DiagReachK2,186,W2,SS,shaped,shaped,development_DiagReachK2_s186_W2_SS,23,11520,exploration,20,7.5009646663325835,6.73999078067718,0.7609738856554031,0.25,0.3,"[4.6260936796665195, 5.150426822900772]","[0.15, 0.25]","[0.028836123148600255, 0.04248389005661011]"
DiagReachK2,186,W2,SS,shaped,shaped,development_DiagReachK2_s186_W2_SS,23,11520,selection,12,9.192884225215613,9.15721382554978,0.03567039966583252,0.6666666666666666,0.3333333333333333,"[5.533339103062947, 5.743988235791524]","[0.08333333333333333, 0.25]","[0.0012467304865519206, 0.005542986922793924]"
DiagReachK2,186,W2,SS,shaped,shaped,development_DiagReachK2_s186_W2_SS,23,11520,acceptance,8,9.086373027683429,9.086373027683429,0.0,1.0,0.0,"[5.220510721206665, 5.847280025482178]","[0.0, 0.0]","[0.0, 0.0]"
DiagReachK2,186,W2,SS,shaped,shaped,development_DiagReachK2_s186_W2_SS,24,12000,exploration,20,7.801217589762527,5.928958412494977,1.8722591772675514,0.4,0.45,"[4.754708755016327, 5.285186362266541]","[0.25, 0.3]","[0.05622865756352743, 0.07545167207717897]"
DiagReachK2,186,W2,SS,shaped,shaped,development_DiagReachK2_s186_W2_SS,24,12000,selection,12,8.859726677857543,8.859726677857543,0.0,1.0,0.0,"[5.11594021320343, 5.340229153633118]","[0.0, 0.0]","[0.0, 0.0]"
DiagReachK2,186,W2,SS,shaped,shaped,development_DiagReachK2_s186_W2_SS,24,12000,acceptance,8,9.094830394830206,9.094830394830206,0.0,1.0,0.0,"[5.305732071399689, 5.864996373653412]","[0.0, 0.0]","[0.0, 0.0]"
DiagReachK2,187,KL,RR,raw,raw,development_DiagReachK2_s187_KL_RR,0,480,exploration,20,6.424785625101068,4.265839304686525,2.158946320414543,0.2,0.4,"[4.442942391335964, 3.6377375394105913]","[0.2, 0.2]","[0.09764036337534586, 0.03919123013814291]"
DiagReachK2,187,KL,RR,raw,raw,development_DiagReachK2_s187_KL_RR,0,480,selection,12,8.840215956171354,8.732888604203861,0.1073273519674937,0.6666666666666666,0.3333333333333333,"[5.69846248626709, 4.976629734039307]","[0.25, 0.08333333333333333]","[0.020992590321434874, 0.0004728833834330241]"
DiagReachK2,187,KL,RR,raw,raw,development_DiagReachK2_s187_KL_RR,0,480,acceptance,8,8.527310009743088,8.527310009743088,0.0,1.0,0.0,"[5.57823634147644, 4.221619129180908]","[0.0, 0.0]","[0.0, 0.0]"
DiagReachK2,187,KL,RR,raw,raw,development_DiagReachK2_s187_KL_RR,1,960,exploration,20,6.317209709535819,3.1650437899935056,3.1521659195423126,0.15,0.55,"[4.43487134128809, 4.425499394536018]","[0.35, 0.3]","[0.16576640208562216, 0.06015518506368002]"
DiagReachK2,187,KL,RR,raw,raw,development_DiagReachK2_s187_KL_RR,1,960,selection,12,8.186839994493251,7.745911704205597,0.4409282902876536,0.3333333333333333,0.3333333333333333,"[5.035384972890218, 4.4102267026901245]","[0.3333333333333333, 0.0]","[0.06320751375622219, 0.0]"
DiagReachK2,187,KL,RR,raw,raw,development_DiagReachK2_s187_KL_RR,1,960,acceptance,8,8.600977857131511,8.600977857131511,0.0,1.0,0.0,"[5.454381585121155, 4.26933753490448]","[0.0, 0.0]","[0.0, 0.0]"
DiagReachK2,187,KL,RR,raw,raw,development_DiagReachK2_s187_KL_RR,2,1440,exploration,20,5.9017033016495395,4.623467799108474,1.2782355025410652,0.4,0.2,"[3.631485065817833, 3.408883085846901]","[0.1, 0.15]","[0.03723158836364746, 0.050667405128479004]"
DiagReachK2,187,KL,RR,raw,raw,development_DiagReachK2_s187_KL_RR,2,1440,selection,12,8.440146475316334,8.232855105679482,0.20729136963685355,0.6666666666666666,0.3333333333333333,"[5.979894081751506, 3.9453243811925254]","[0.3333333333333333, 0.0]","[0.03670874569151137, 0.0]"
DiagReachK2,187,KL,RR,raw,raw,development_DiagReachK2_s187_KL_RR,2,1440,acceptance,8,8.570180071657525,8.570180071657525,0.0,1.0,0.0,"[5.450414180755615, 4.215962171554565]","[0.0, 0.0]","[0.0, 0.0]"
DiagReachK2,187,KL,RR,raw,raw,development_DiagReachK2_s187_KL_RR,3,1920,exploration,20,5.999298137034639,4.582100060190424,1.4171980768442154,0.05,0.2,"[3.904589319229126, 3.5034965887665748]","[0.1, 0.15]","[0.02665252288182577, 0.05766008694966633]"
DiagReachK2,187,KL,RR,raw,raw,development_DiagReachK2_s187_KL_RR,3,1920,selection,12,8.530424267596876,8.033678711003935,0.4967455565929413,0.3333333333333333,0.6666666666666666,"[6.344672799110413, 4.40258127450943]","[0.6666666666666666, 0.0]","[0.08747331301371257, 0.0]"
DiagReachK2,187,KL,RR,raw,raw,development_DiagReachK2_s187_KL_RR,3,1920,acceptance,8,8.543914220342412,8.543914220342412,0.0,1.0,0.0,"[5.5321044921875, 4.33285129070282]","[0.0, 0.0]","[0.0, 0.0]"
DiagReachK2,187,KL,RR,raw,raw,development_DiagReachK2_s187_KL_RR,4,2400,exploration,20,6.488054705543908,4.761112315340432,1.726942390203476,0.05,0.45,"[4.699217088520527, 3.742467279732227]","[0.45, 0.1]","[0.10596095323562622, 0.02640671730041504]"
DiagReachK2,187,KL,RR,raw,raw,development_DiagReachK2_s187_KL_RR,4,2400,selection,12,8.745174872040904,8.455359505772746,0.28981536626815796,0.6666666666666666,0.3333333333333333,"[5.739916086196899, 4.654178698857625]","[0.3333333333333333, 0.16666666666666666]","[0.04447266128328111, 0.003452301025390625]"
DiagReachK2,187,KL,RR,raw,raw,development_DiagReachK2_s187_KL_RR,4,2400,acceptance,8,8.52163381758146,8.52163381758146,0.0,1.0,0.0,"[5.471795320510864, 4.1516783237457275]","[0.0, 0.0]","[0.0, 0.0]"
DiagReachK2,187,KL,RR,raw,raw,development_DiagReachK2_s187_KL_RR,5,2880,exploration,20,6.331085154031753,6.224326097582817,0.10675905644893646,0.45,0.1,"[3.77653975635767, 3.171602502465248]","[0.1, 0.0]","[0.013078999519348145, 0.0]"
DiagReachK2,187,KL,RR,raw,raw,development_DiagReachK2_s187_KL_RR,5,2880,selection,12,8.706528615105587,8.542911282329198,0.16361733277638754,0.6666666666666666,0.3333333333333333,"[5.783184051513672, 4.941676735877991]","[0.3333333333333333, 0.0]","[0.031979428397284605, 0.0]"
DiagReachK2,187,KL,RR,raw,raw,development_DiagReachK2_s187_KL_RR,5,2880,acceptance,8,8.776495141792111,8.776495141792111,0.0,1.0,0.0,"[5.4027183055877686, 4.776127874851227]","[0.0, 0.0]","[0.0, 0.0]"
DiagReachK2,187,KL,RR,raw,raw,development_DiagReachK2_s187_KL_RR,6,3360,exploration,20,6.247191609865986,4.073939340240322,2.1732522696256638,0.05,0.35,"[3.4134198144078254, 4.429396563768387]","[0.05, 0.3]","[0.04743396441141764, 0.10077546437581379]"
DiagReachK2,187,KL,RR,raw,raw,development_DiagReachK2_s187_KL_RR,6,3360,selection,12,8.840956728247692,8.696749300348648,0.14420742789904276,0.6666666666666666,0.3333333333333333,"[5.08074955145518, 5.595433831214905]","[0.25, 0.25]","[0.015098512172698975, 0.00935127337773641]"
DiagReachK2,187,KL,RR,raw,raw,development_DiagReachK2_s187_KL_RR,6,3360,acceptance,8,8.981293267384173,8.981293267384173,0.0,1.0,0.0,"[5.4158759117126465, 5.3426854610443115]","[0.0, 0.0]","[0.0, 0.0]"
DiagReachK2,187,KL,RR,raw,raw,development_DiagReachK2_s187_KL_RR,7,3840,exploration,20,7.267133434978314,4.511121740308591,2.7560116946697235,0.2,0.45,"[5.659701132774353, 4.079950106143952]","[0.4, 0.15]","[0.14731512864430746, 0.038488364219665526]"
DiagReachK2,187,KL,RR,raw,raw,development_DiagReachK2_s187_KL_RR,7,3840,selection,12,9.126093642328245,8.20597448092109,0.9201191614071528,0.5833333333333334,0.4166666666666667,"[4.875367005666097, 6.231985489527385]","[0.0, 0.4166666666666667]","[0.0, 0.07311289840274386]"
DiagReachK2,187,KL,RR,raw,raw,development_DiagReachK2_s187_KL_RR,7,3840,acceptance,8,8.990477329306305,8.990477329306305,0.0,1.0,0.0,"[5.448326945304871, 5.320266842842102]","[0.0, 0.0]","[0.0, 0.0]"
DiagReachK2,187,KL,RR,raw,raw,development_DiagReachK2_s187_KL_RR,8,4320,exploration,20,6.5254844203882385,4.526685692399041,1.9987987279891968,0.3,0.4,"[4.432319037616253, 4.028015494346619]","[0.25, 0.2]","[0.0923405369122823, 0.04024452765782675]"
DiagReachK2,187,KL,RR,raw,raw,development_DiagReachK2_s187_KL_RR,8,4320,selection,12,9.008231283375062,8.69120267147664,0.31702861189842224,0.3333333333333333,0.6666666666666666,"[5.366523861885071, 5.658377369244893]","[0.3333333333333333, 0.3333333333333333]","[0.04110480679406061, 0.012870881292555056]"
DiagReachK2,187,KL,RR,raw,raw,development_DiagReachK2_s187_KL_RR,8,4320,acceptance,8,9.037993003753947,9.037993003753947,0.0,1.0,0.0,"[5.350480437278748, 5.404115438461304]","[0.0, 0.0]","[0.0, 0.0]"
DiagReachK2,187,KL,RR,raw,raw,development_DiagReachK2_s187_KL_RR,9,4800,exploration,20,6.5985263027297325,3.8649840913759532,2.733542211353779,0.0,0.7,"[4.613261367380619, 4.861440466344357]","[0.4, 0.35]","[0.13695956071217852, 0.06251371701558431]"
DiagReachK2,187,KL,RR,raw,raw,development_DiagReachK2_s187_KL_RR,9,4800,selection,12,9.196609014001055,9.121628308024569,0.0749807059764862,0.5833333333333334,0.4166666666666667,"[5.615243156750997, 5.806984384854634]","[0.08333333333333333, 0.3333333333333333]","[0.003928436173333068, 0.010005606545342346]"
DiagReachK2,187,KL,RR,raw,raw,development_DiagReachK2_s187_KL_RR,9,4800,acceptance,8,8.958214294561184,8.958214294561184,0.0,1.0,0.0,"[5.332568526268005, 5.348729610443115]","[0.0, 0.0]","[0.0, 0.0]"
DiagReachK2,187,KL,RR,raw,raw,development_DiagReachK2_s187_KL_RR,10,5280,exploration,20,6.282043840531841,4.2762217631383095,2.005822077393532,0.15,0.4,"[3.465266466140747, 4.596463572978974]","[0.15, 0.4]","[0.06564361651738485, 0.05722926060358684]"
DiagReachK2,187,KL,RR,raw,raw,development_DiagReachK2_s187_KL_RR,10,5280,selection,12,8.920889001432807,8.432159226480872,0.4887297749519348,0.6666666666666666,0.3333333333333333,"[5.435529947280884, 5.446398893992106]","[0.3333333333333333, 0.3333333333333333]","[0.048645940091874874, 0.0216051936149597]"
DiagReachK2,187,KL,RR,raw,raw,development_DiagReachK2_s187_KL_RR,10,5280,acceptance,8,9.037884074472823,9.037884074472823,0.0,1.0,0.0,"[5.424535274505615, 5.504377841949463]","[0.0, 0.0]","[0.0, 0.0]"
DiagReachK2,187,KL,RR,raw,raw,development_DiagReachK2_s187_KL_RR,11,5760,exploration,20,6.474926663634832,3.5597561505413617,2.9151705130934715,0.15,0.45,"[3.994403971731663, 4.538670086860657]","[0.25, 0.3]","[0.10378592809041343, 0.07217555046081543]"
DiagReachK2,187,KL,RR,raw,raw,development_DiagReachK2_s187_KL_RR,11,5760,selection,12,8.886682014060595,8.478390445701855,0.4082915683587392,0.6666666666666666,0.3333333333333333,"[5.451150218645732, 5.5087595383326216]","[0.3333333333333333, 0.16666666666666666]","[0.059061149756113686, 0.0026962823337978725]"
DiagReachK2,187,KL,RR,raw,raw,development_DiagReachK2_s187_KL_RR,11,5760,acceptance,8,8.963271631160751,8.963271631160751,0.0,1.0,0.0,"[5.425809264183044, 5.255368947982788]","[0.0, 0.0]","[0.0, 0.0]"
DiagReachK2,187,KL,RR,raw,raw,development_DiagReachK2_s187_KL_RR,12,6240,exploration,20,7.5809984694854915,3.259216543628427,4.321781925857067,0.25,0.6,"[5.732598632574081, 5.248975998163223]","[0.4, 0.3]","[0.1637150327364604, 0.08214336236317951]"
DiagReachK2,187,KL,RR,raw,raw,development_DiagReachK2_s187_KL_RR,12,6240,selection,12,8.68889226260835,8.088902942767284,0.599989319841067,0.6666666666666666,0.3333333333333333,"[5.187036732832591, 5.550395210584004]","[0.3333333333333333, 0.3333333333333333]","[0.03434807062149048, 0.046699841817220054]"
DiagReachK2,187,KL,RR,raw,raw,development_DiagReachK2_s187_KL_RR,12,6240,acceptance,8,8.996976563800127,8.996976563800127,0.0,1.0,0.0,"[5.4668720960617065, 5.361878752708435]","[0.0, 0.0]","[0.0, 0.0]"
DiagReachK2,187,KL,RR,raw,raw,development_DiagReachK2_s187_KL_RR,13,6720,exploration,20,6.5149485456431275,4.8498617547238245,1.665086790919304,0.1,0.45,"[4.707367944717407, 4.171664018929005]","[0.3, 0.2]","[0.09628400802612305, 0.03695002396901448]"
DiagReachK2,187,KL,RR,raw,raw,development_DiagReachK2_s187_KL_RR,13,6720,selection,12,9.04052190646762,8.7607672081911,0.2797546982765198,0.6666666666666666,0.3333333333333333,"[5.654070258140564, 5.435947259267171]","[0.3333333333333333, 0.0]","[0.04464787244796753, 0.0]"
DiagReachK2,187,KL,RR,raw,raw,development_DiagReachK2_s187_KL_RR,13,6720,acceptance,8,9.019113677600398,9.019113677600398,0.0,1.0,0.0,"[5.315820336341858, 5.379916787147522]","[0.0, 0.0]","[0.0, 0.0]"
DiagReachK2,187,KL,RR,raw,raw,development_DiagReachK2_s187_KL_RR,14,7200,exploration,20,6.808428626477834,5.12023333829653,1.688195288181305,0.2,0.55,"[4.594721919298172, 4.755293546617031]","[0.25, 0.3]","[0.051036902268727626, 0.09459723234176635]"
DiagReachK2,187,KL,RR,raw,raw,development_DiagReachK2_s187_KL_RR,14,7200,selection,12,8.977480693145965,8.765694735928749,0.2117859572172165,0.5,0.5,"[6.080462733904521, 5.491445263226827]","[0.5, 0.0]","[0.03997593455844454, 0.0]"
DiagReachK2,187,KL,RR,raw,raw,development_DiagReachK2_s187_KL_RR,14,7200,acceptance,8,9.0433374423068,9.0433374423068,0.0,1.0,0.0,"[5.380940079689026, 5.3730984926223755]","[0.0, 0.0]","[0.0, 0.0]"
DiagReachK2,187,KL,RR,raw,raw,development_DiagReachK2_s187_KL_RR,15,7680,exploration,20,6.937844876036979,3.9000547936419023,3.0377900823950768,0.15,0.45,"[4.892645400762558, 4.358517438173294]","[0.3, 0.3]","[0.11115930080413819, 0.08247036933898926]"
DiagReachK2,187,KL,RR,raw,raw,development_DiagReachK2_s187_KL_RR,15,7680,selection,12,8.766217568867388,8.440982713652632,0.32523485521475476,0.6666666666666666,0.3333333333333333,"[5.049750049908956, 5.593513925870259]","[0.3333333333333333, 0.25]","[0.0398097038269043, 0.011232660876380085]"
DiagReachK2,187,KL,RR,raw,raw,development_DiagReachK2_s187_KL_RR,15,7680,acceptance,8,8.974663471290842,8.974663471290842,0.0,1.0,0.0,"[5.561327934265137, 5.424264907836914]","[0.0, 0.0]","[0.0, 0.0]"
DiagReachK2,187,KL,RR,raw,raw,development_DiagReachK2_s187_KL_RR,16,8160,exploration,20,6.471927399701672,4.984373371071415,1.4875540286302567,0.2,0.35,"[4.381603200733662, 3.938493511080742]","[0.3, 0.1]","[0.08547309239705404, 0.027027372519175218]"
DiagReachK2,187,KL,RR,raw,raw,development_DiagReachK2_s187_KL_RR,16,8160,selection,12,8.899124823451954,8.439300693512875,0.4598241299390793,0.6666666666666666,0.3333333333333333,"[5.174653967221578, 5.714074770609538]","[0.3333333333333333, 0.3333333333333333]","[0.01194945971171063, 0.04273137119081286]"
DiagReachK2,187,KL,RR,raw,raw,development_DiagReachK2_s187_KL_RR,16,8160,acceptance,8,8.993106663553046,8.987384468642997,0.0057221949100494385,0.75,0.25,"[5.526555895805359, 5.273690342903137]","[0.25, 0.0]","[0.0011444489161173688, 0.0]"
DiagReachK2,187,KL,RR,raw,raw,development_DiagReachK2_s187_KL_RR,17,8640,exploration,20,7.206826982520289,3.416398880503839,3.790428102016449,0.1,0.6,"[5.032676160335541, 5.349504148960113]","[0.35, 0.45]","[0.11161899169286094, 0.15348283052444459]"
DiagReachK2,187,KL,RR,raw,raw,development_DiagReachK2_s187_KL_RR,17,8640,selection,12,8.820626697493328,8.388509414149059,0.4321172833442688,0.6666666666666666,0.3333333333333333,"[5.635704477628072, 5.1585705280303955]","[0.3333333333333333, 0.0]","[0.06278100278642444, 0.0]"
DiagReachK2,187,KL,RR,raw,raw,development_DiagReachK2_s187_KL_RR,17,8640,acceptance,8,8.991177367419004,8.991177367419004,0.0,1.0,0.0,"[5.637366056442261, 5.443821549415588]","[0.0, 0.0]","[0.0, 0.0]"
DiagReachK2,187,KL,RR,raw,raw,development_DiagReachK2_s187_KL_RR,18,9120,exploration,20,6.4091441475693145,4.326703309351578,2.0824408382177353,0.1,0.35,"[4.353546422719956, 3.562923538684845]","[0.3, 0.15]","[0.07019795576731364, 0.06723700364430744]"
DiagReachK2,187,KL,RR,raw,raw,development_DiagReachK2_s187_KL_RR,18,9120,selection,12,8.628324869234106,7.8161398102429915,0.8121850589911143,0.5833333333333334,0.4166666666666667,"[5.859288275241852, 4.7522263924280805]","[0.4166666666666667, 0.0]","[0.09393444326188828, 0.0]"
DiagReachK2,187,KL,RR,raw,raw,development_DiagReachK2_s187_KL_RR,18,9120,acceptance,8,8.450706471663944,8.450706471663944,0.0,1.0,0.0,"[4.66235476732254, 4.4164628982543945]","[0.0, 0.0]","[0.0, 0.0]"
DiagReachK2,187,KL,RR,raw,raw,development_DiagReachK2_s187_KL_RR,19,9600,exploration,20,6.82360831723432,4.635904335238738,2.1877039819955826,0.2,0.4,"[4.605185449123383, 4.4262383952736855]","[0.3, 0.2]","[0.1265532374382019, 0.03546988566716512]"
DiagReachK2,187,KL,RR,raw,raw,development_DiagReachK2_s187_KL_RR,19,9600,selection,12,8.820518229847584,8.631947139348025,0.18857109049956003,0.6666666666666666,0.3333333333333333,"[5.131211857000987, 5.72355842590332]","[0.3333333333333333, 0.3333333333333333]","[0.018437279595269102, 0.015557381841871479]"
DiagReachK2,187,KL,RR,raw,raw,development_DiagReachK2_s187_KL_RR,19,9600,acceptance,8,8.979383897595108,8.979383897595108,0.0,1.0,0.0,"[5.6962891817092896, 5.493447661399841]","[0.0, 0.0]","[0.0, 0.0]"
DiagReachK2,187,KL,RR,raw,raw,development_DiagReachK2_s187_KL_RR,20,10080,exploration,20,6.104144078182289,5.3412746605149,0.7628694176673889,0.25,0.25,"[3.0908919304609297, 3.9963552981615065]","[0.05, 0.25]","[0.034523534774780276, 0.023530491193135585]"
DiagReachK2,187,KL,RR,raw,raw,development_DiagReachK2_s187_KL_RR,20,10080,selection,12,8.952107805653455,8.330104553345882,0.6220032523075739,0.5833333333333334,0.4166666666666667,"[5.510453740755717, 5.89909287293752]","[0.3333333333333333, 0.4166666666666667]","[0.06223776605394151, 0.024406989415486652]"
DiagReachK2,187,KL,RR,raw,raw,development_DiagReachK2_s187_KL_RR,20,10080,acceptance,8,8.97592989075929,8.97592989075929,0.0,1.0,0.0,"[5.57568359375, 5.3793171644210815]","[0.0, 0.0]","[0.0, 0.0]"
DiagReachK2,187,KL,RR,raw,raw,development_DiagReachK2_s187_KL_RR,21,10560,exploration,20,6.444549502725714,5.887170465583914,0.5573790371417999,0.25,0.25,"[3.6577443942427634, 4.367910411953926]","[0.05, 0.2]","[0.014852150281270349, 0.03813827037811281]"
DiagReachK2,187,KL,RR,raw,raw,development_DiagReachK2_s187_KL_RR,21,10560,selection,12,9.233847239163394,8.466109984663005,0.7677372545003891,0.5,0.5,"[5.900786479314168, 6.154137889544169]","[0.3333333333333333, 0.5]","[0.022485348913404684, 0.056202623579237186]"
DiagReachK2,187,KL,RR,raw,raw,development_DiagReachK2_s187_KL_RR,21,10560,acceptance,8,9.02607488189824,9.02607488189824,0.0,1.0,0.0,"[5.4423346519470215, 5.381716966629028]","[0.0, 0.0]","[0.0, 0.0]"
DiagReachK2,187,KL,RR,raw,raw,development_DiagReachK2_s187_KL_RR,22,11040,exploration,20,7.117077090912498,3.463416629605927,3.653660461306572,0.2,0.55,"[5.448193860054016, 4.430903536081314]","[0.45, 0.3]","[0.17271574338277182, 0.07046420574188231]"
DiagReachK2,187,KL,RR,raw,raw,development_DiagReachK2_s187_KL_RR,22,11040,selection,12,8.614279120012606,8.465163249616309,0.14911587039629617,0.6666666666666666,0.3333333333333333,"[5.144956131776174, 5.2671477397282915]","[0.3333333333333333, 0.0]","[0.028419633706410746, 0.0]"
DiagReachK2,187,KL,RR,raw,raw,development_DiagReachK2_s187_KL_RR,22,11040,acceptance,8,8.989294507796878,8.989294507796878,0.0,1.0,0.0,"[5.459028482437134, 5.339839458465576]","[0.0, 0.0]","[0.0, 0.0]"
DiagReachK2,187,KL,RR,raw,raw,development_DiagReachK2_s187_KL_RR,23,11520,exploration,20,7.248757272604854,5.844983398560435,1.4037738740444183,0.3,0.5,"[5.204347425699234, 4.3805324107408525]","[0.35, 0.3]","[0.07852157751719158, 0.05330126682917278]"
DiagReachK2,187,KL,RR,raw,raw,development_DiagReachK2_s187_KL_RR,23,11520,selection,12,8.813137868370783,8.535866647289367,0.27727122108141583,0.6666666666666666,0.3333333333333333,"[5.358075221379598, 5.187334418296814]","[0.3333333333333333, 0.0]","[0.04480416244930693, 0.0]"
DiagReachK2,187,KL,RR,raw,raw,development_DiagReachK2_s187_KL_RR,23,11520,acceptance,8,9.000679510948249,9.000679510948249,0.0,1.0,0.0,"[5.085366487503052, 5.328268647193909]","[0.0, 0.0]","[0.0, 0.0]"
DiagReachK2,187,KL,RR,raw,raw,development_DiagReachK2_s187_KL_RR,24,12000,exploration,20,7.001205658246763,5.092327257324942,1.9088784009218216,0.1,0.5,"[4.644629508256912, 4.842820423841476]","[0.3, 0.4]","[0.06812191406885781, 0.06722354888916017]"
DiagReachK2,187,KL,RR,raw,raw,development_DiagReachK2_s187_KL_RR,24,12000,selection,12,8.962280606298009,8.551425044803182,0.41085556149482727,0.6666666666666666,0.3333333333333333,"[5.571665525436401, 5.611322681109111]","[0.3333333333333333, 0.3333333333333333]","[0.018015490637885195, 0.03240740961498684]"
DiagReachK2,187,KL,RR,raw,raw,development_DiagReachK2_s187_KL_RR,24,12000,acceptance,8,9.011906652059405,9.011906652059405,0.0,1.0,0.0,"[5.551382899284363, 5.403770208358765]","[0.0, 0.0]","[0.0, 0.0]"
DiagReachK2,187,KL,RS,raw,shaped,development_DiagReachK2_s187_KL_RS,0,480,exploration,20,6.424785625101068,4.265839304686525,2.158946320414543,0.2,0.4,"[4.442942391335964, 3.6377375394105913]","[0.2, 0.2]","[0.09764036337534586, 0.03919123013814291]"
DiagReachK2,187,KL,RS,raw,shaped,development_DiagReachK2_s187_KL_RS,0,480,selection,12,8.840215956171354,8.732888604203861,0.1073273519674937,0.6666666666666666,0.3333333333333333,"[5.69846248626709, 4.976629734039307]","[0.25, 0.08333333333333333]","[0.020992590321434874, 0.0004728833834330241]"
DiagReachK2,187,KL,RS,raw,shaped,development_DiagReachK2_s187_KL_RS,0,480,acceptance,8,8.527310009743088,8.527310009743088,0.0,1.0,0.0,"[5.57823634147644, 4.221619129180908]","[0.0, 0.0]","[0.0, 0.0]"
DiagReachK2,187,KL,RS,raw,shaped,development_DiagReachK2_s187_KL_RS,1,960,exploration,20,6.317209709535819,3.1650437899935056,3.1521659195423126,0.15,0.55,"[4.43487134128809, 4.425499394536018]","[0.35, 0.3]","[0.16576640208562216, 0.06015518506368002]"
DiagReachK2,187,KL,RS,raw,shaped,development_DiagReachK2_s187_KL_RS,1,960,selection,12,8.186839994493251,7.745911704205597,0.4409282902876536,0.3333333333333333,0.3333333333333333,"[5.035384972890218, 4.4102267026901245]","[0.3333333333333333, 0.0]","[0.06320751375622219, 0.0]"
DiagReachK2,187,KL,RS,raw,shaped,development_DiagReachK2_s187_KL_RS,1,960,acceptance,8,8.600977857131511,8.600977857131511,0.0,1.0,0.0,"[5.454381585121155, 4.26933753490448]","[0.0, 0.0]","[0.0, 0.0]"
DiagReachK2,187,KL,RS,raw,shaped,development_DiagReachK2_s187_KL_RS,2,1440,exploration,20,5.9017033016495395,4.623467799108474,1.2782355025410652,0.4,0.2,"[3.631485065817833, 3.408883085846901]","[0.1, 0.15]","[0.03723158836364746, 0.050667405128479004]"
DiagReachK2,187,KL,RS,raw,shaped,development_DiagReachK2_s187_KL_RS,2,1440,selection,12,8.440146475316334,8.232855105679482,0.20729136963685355,0.6666666666666666,0.3333333333333333,"[5.979894081751506, 3.9453243811925254]","[0.3333333333333333, 0.0]","[0.03670874569151137, 0.0]"
DiagReachK2,187,KL,RS,raw,shaped,development_DiagReachK2_s187_KL_RS,2,1440,acceptance,8,8.570180071657525,8.570180071657525,0.0,1.0,0.0,"[5.450414180755615, 4.215962171554565]","[0.0, 0.0]","[0.0, 0.0]"
DiagReachK2,187,KL,RS,raw,shaped,development_DiagReachK2_s187_KL_RS,3,1920,exploration,20,5.999298137034639,4.582100060190424,1.4171980768442154,0.05,0.2,"[3.904589319229126, 3.5034965887665748]","[0.1, 0.15]","[0.02665252288182577, 0.05766008694966633]"
DiagReachK2,187,KL,RS,raw,shaped,development_DiagReachK2_s187_KL_RS,3,1920,selection,12,8.530424267596876,8.033678711003935,0.4967455565929413,0.3333333333333333,0.6666666666666666,"[6.344672799110413, 4.40258127450943]","[0.6666666666666666, 0.0]","[0.08747331301371257, 0.0]"
DiagReachK2,187,KL,RS,raw,shaped,development_DiagReachK2_s187_KL_RS,3,1920,acceptance,8,8.543914220342412,8.543914220342412,0.0,1.0,0.0,"[5.5321044921875, 4.33285129070282]","[0.0, 0.0]","[0.0, 0.0]"
DiagReachK2,187,KL,RS,raw,shaped,development_DiagReachK2_s187_KL_RS,4,2400,exploration,20,6.488054705543908,4.761112315340432,1.726942390203476,0.05,0.45,"[4.699217088520527, 3.742467279732227]","[0.45, 0.1]","[0.10596095323562622, 0.02640671730041504]"
DiagReachK2,187,KL,RS,raw,shaped,development_DiagReachK2_s187_KL_RS,4,2400,selection,12,8.745174872040904,8.455359505772746,0.28981536626815796,0.6666666666666666,0.3333333333333333,"[5.739916086196899, 4.654178698857625]","[0.3333333333333333, 0.16666666666666666]","[0.04447266128328111, 0.003452301025390625]"
DiagReachK2,187,KL,RS,raw,shaped,development_DiagReachK2_s187_KL_RS,4,2400,acceptance,8,8.52163381758146,8.52163381758146,0.0,1.0,0.0,"[5.471795320510864, 4.1516783237457275]","[0.0, 0.0]","[0.0, 0.0]"
DiagReachK2,187,KL,RS,raw,shaped,development_DiagReachK2_s187_KL_RS,5,2880,exploration,20,6.331085154031753,6.224326097582817,0.10675905644893646,0.45,0.1,"[3.77653975635767, 3.171602502465248]","[0.1, 0.0]","[0.013078999519348145, 0.0]"
DiagReachK2,187,KL,RS,raw,shaped,development_DiagReachK2_s187_KL_RS,5,2880,selection,12,8.706528615105587,8.542911282329198,0.16361733277638754,0.6666666666666666,0.3333333333333333,"[5.783184051513672, 4.941676735877991]","[0.3333333333333333, 0.0]","[0.031979428397284605, 0.0]"
DiagReachK2,187,KL,RS,raw,shaped,development_DiagReachK2_s187_KL_RS,5,2880,acceptance,8,8.776495141792111,8.776495141792111,0.0,1.0,0.0,"[5.4027183055877686, 4.776127874851227]","[0.0, 0.0]","[0.0, 0.0]"
DiagReachK2,187,KL,RS,raw,shaped,development_DiagReachK2_s187_KL_RS,6,3360,exploration,20,6.247191609865986,4.073939340240322,2.1732522696256638,0.05,0.35,"[3.4134198144078254, 4.429396563768387]","[0.05, 0.3]","[0.04743396441141764, 0.10077546437581379]"
DiagReachK2,187,KL,RS,raw,shaped,development_DiagReachK2_s187_KL_RS,6,3360,selection,12,8.840956728247692,8.696749300348648,0.14420742789904276,0.6666666666666666,0.3333333333333333,"[5.08074955145518, 5.595433831214905]","[0.25, 0.25]","[0.015098512172698975, 0.00935127337773641]"
DiagReachK2,187,KL,RS,raw,shaped,development_DiagReachK2_s187_KL_RS,6,3360,acceptance,8,8.981293267384173,8.981293267384173,0.0,1.0,0.0,"[5.4158759117126465, 5.3426854610443115]","[0.0, 0.0]","[0.0, 0.0]"
DiagReachK2,187,KL,RS,raw,shaped,development_DiagReachK2_s187_KL_RS,7,3840,exploration,20,7.267133434978314,4.511121740308591,2.7560116946697235,0.2,0.45,"[5.659701132774353, 4.079950106143952]","[0.4, 0.15]","[0.14731512864430746, 0.038488364219665526]"
DiagReachK2,187,KL,RS,raw,shaped,development_DiagReachK2_s187_KL_RS,7,3840,selection,12,9.126093642328245,8.20597448092109,0.9201191614071528,0.5833333333333334,0.4166666666666667,"[4.875367005666097, 6.231985489527385]","[0.0, 0.4166666666666667]","[0.0, 0.07311289840274386]"
DiagReachK2,187,KL,RS,raw,shaped,development_DiagReachK2_s187_KL_RS,7,3840,acceptance,8,8.990477329306305,8.990477329306305,0.0,1.0,0.0,"[5.448326945304871, 5.320266842842102]","[0.0, 0.0]","[0.0, 0.0]"
DiagReachK2,187,KL,RS,raw,shaped,development_DiagReachK2_s187_KL_RS,8,4320,exploration,20,6.5254844203882385,4.526685692399041,1.9987987279891968,0.3,0.4,"[4.432319037616253, 4.028015494346619]","[0.25, 0.2]","[0.0923405369122823, 0.04024452765782675]"
DiagReachK2,187,KL,RS,raw,shaped,development_DiagReachK2_s187_KL_RS,8,4320,selection,12,9.008231283375062,8.69120267147664,0.31702861189842224,0.3333333333333333,0.6666666666666666,"[5.366523861885071, 5.658377369244893]","[0.3333333333333333, 0.3333333333333333]","[0.04110480679406061, 0.012870881292555056]"
DiagReachK2,187,KL,RS,raw,shaped,development_DiagReachK2_s187_KL_RS,8,4320,acceptance,8,9.037993003753947,9.037993003753947,0.0,1.0,0.0,"[5.350480437278748, 5.404115438461304]","[0.0, 0.0]","[0.0, 0.0]"
DiagReachK2,187,KL,RS,raw,shaped,development_DiagReachK2_s187_KL_RS,9,4800,exploration,20,6.5985263027297325,3.8649840913759532,2.733542211353779,0.0,0.7,"[4.613261367380619, 4.861440466344357]","[0.4, 0.35]","[0.13695956071217852, 0.06251371701558431]"
DiagReachK2,187,KL,RS,raw,shaped,development_DiagReachK2_s187_KL_RS,9,4800,selection,12,9.196609014001055,9.121628308024569,0.0749807059764862,0.5833333333333334,0.4166666666666667,"[5.615243156750997, 5.806984384854634]","[0.08333333333333333, 0.3333333333333333]","[0.003928436173333068, 0.010005606545342346]"
DiagReachK2,187,KL,RS,raw,shaped,development_DiagReachK2_s187_KL_RS,9,4800,acceptance,8,8.958214294561184,8.958214294561184,0.0,1.0,0.0,"[5.332568526268005, 5.348729610443115]","[0.0, 0.0]","[0.0, 0.0]"
DiagReachK2,187,KL,RS,raw,shaped,development_DiagReachK2_s187_KL_RS,10,5280,exploration,20,6.282043840531841,4.2762217631383095,2.005822077393532,0.15,0.4,"[3.465266466140747, 4.596463572978974]","[0.15, 0.4]","[0.06564361651738485, 0.05722926060358684]"
DiagReachK2,187,KL,RS,raw,shaped,development_DiagReachK2_s187_KL_RS,10,5280,selection,12,8.920889001432807,8.432159226480872,0.4887297749519348,0.6666666666666666,0.3333333333333333,"[5.435529947280884, 5.446398893992106]","[0.3333333333333333, 0.3333333333333333]","[0.048645940091874874, 0.0216051936149597]"
DiagReachK2,187,KL,RS,raw,shaped,development_DiagReachK2_s187_KL_RS,10,5280,acceptance,8,9.037884074472823,9.037884074472823,0.0,1.0,0.0,"[5.424535274505615, 5.504377841949463]","[0.0, 0.0]","[0.0, 0.0]"
DiagReachK2,187,KL,RS,raw,shaped,development_DiagReachK2_s187_KL_RS,11,5760,exploration,20,6.474926663634832,3.5597561505413617,2.9151705130934715,0.15,0.45,"[3.994403971731663, 4.538670086860657]","[0.25, 0.3]","[0.10378592809041343, 0.07217555046081543]"
DiagReachK2,187,KL,RS,raw,shaped,development_DiagReachK2_s187_KL_RS,11,5760,selection,12,8.886682014060595,8.478390445701855,0.4082915683587392,0.6666666666666666,0.3333333333333333,"[5.451150218645732, 5.5087595383326216]","[0.3333333333333333, 0.16666666666666666]","[0.059061149756113686, 0.0026962823337978725]"
DiagReachK2,187,KL,RS,raw,shaped,development_DiagReachK2_s187_KL_RS,11,5760,acceptance,8,8.963271631160751,8.963271631160751,0.0,1.0,0.0,"[5.425809264183044, 5.255368947982788]","[0.0, 0.0]","[0.0, 0.0]"
DiagReachK2,187,KL,RS,raw,shaped,development_DiagReachK2_s187_KL_RS,12,6240,exploration,20,7.5809984694854915,3.259216543628427,4.321781925857067,0.25,0.6,"[5.732598632574081, 5.248975998163223]","[0.4, 0.3]","[0.1637150327364604, 0.08214336236317951]"
DiagReachK2,187,KL,RS,raw,shaped,development_DiagReachK2_s187_KL_RS,12,6240,selection,12,8.68889226260835,8.088902942767284,0.599989319841067,0.6666666666666666,0.3333333333333333,"[5.187036732832591, 5.550395210584004]","[0.3333333333333333, 0.3333333333333333]","[0.03434807062149048, 0.046699841817220054]"
DiagReachK2,187,KL,RS,raw,shaped,development_DiagReachK2_s187_KL_RS,12,6240,acceptance,8,8.996976563800127,8.996976563800127,0.0,1.0,0.0,"[5.4668720960617065, 5.361878752708435]","[0.0, 0.0]","[0.0, 0.0]"
DiagReachK2,187,KL,RS,raw,shaped,development_DiagReachK2_s187_KL_RS,13,6720,exploration,20,6.5149485456431275,4.8498617547238245,1.665086790919304,0.1,0.45,"[4.707367944717407, 4.171664018929005]","[0.3, 0.2]","[0.09628400802612305, 0.03695002396901448]"
DiagReachK2,187,KL,RS,raw,shaped,development_DiagReachK2_s187_KL_RS,13,6720,selection,12,9.04052190646762,8.7607672081911,0.2797546982765198,0.6666666666666666,0.3333333333333333,"[5.654070258140564, 5.435947259267171]","[0.3333333333333333, 0.0]","[0.04464787244796753, 0.0]"
DiagReachK2,187,KL,RS,raw,shaped,development_DiagReachK2_s187_KL_RS,13,6720,acceptance,8,9.019113677600398,9.019113677600398,0.0,1.0,0.0,"[5.315820336341858, 5.379916787147522]","[0.0, 0.0]","[0.0, 0.0]"
DiagReachK2,187,KL,RS,raw,shaped,development_DiagReachK2_s187_KL_RS,14,7200,exploration,20,6.808428626477834,5.12023333829653,1.688195288181305,0.2,0.55,"[4.594721919298172, 4.755293546617031]","[0.25, 0.3]","[0.051036902268727626, 0.09459723234176635]"
DiagReachK2,187,KL,RS,raw,shaped,development_DiagReachK2_s187_KL_RS,14,7200,selection,12,8.977480693145965,8.765694735928749,0.2117859572172165,0.5,0.5,"[6.080462733904521, 5.491445263226827]","[0.5, 0.0]","[0.03997593455844454, 0.0]"
DiagReachK2,187,KL,RS,raw,shaped,development_DiagReachK2_s187_KL_RS,14,7200,acceptance,8,9.0433374423068,9.0433374423068,0.0,1.0,0.0,"[5.380940079689026, 5.3730984926223755]","[0.0, 0.0]","[0.0, 0.0]"
DiagReachK2,187,KL,RS,raw,shaped,development_DiagReachK2_s187_KL_RS,15,7680,exploration,20,6.937844876036979,3.9000547936419023,3.0377900823950768,0.15,0.45,"[4.892645400762558, 4.358517438173294]","[0.3, 0.3]","[0.11115930080413819, 0.08247036933898926]"
DiagReachK2,187,KL,RS,raw,shaped,development_DiagReachK2_s187_KL_RS,15,7680,selection,12,8.766217568867388,8.440982713652632,0.32523485521475476,0.6666666666666666,0.3333333333333333,"[5.049750049908956, 5.593513925870259]","[0.3333333333333333, 0.25]","[0.0398097038269043, 0.011232660876380085]"
DiagReachK2,187,KL,RS,raw,shaped,development_DiagReachK2_s187_KL_RS,15,7680,acceptance,8,8.974663471290842,8.974663471290842,0.0,1.0,0.0,"[5.561327934265137, 5.424264907836914]","[0.0, 0.0]","[0.0, 0.0]"
DiagReachK2,187,KL,RS,raw,shaped,development_DiagReachK2_s187_KL_RS,16,8160,exploration,20,6.471927399701672,4.984373371071415,1.4875540286302567,0.2,0.35,"[4.381603200733662, 3.938493511080742]","[0.3, 0.1]","[0.08547309239705404, 0.027027372519175218]"
DiagReachK2,187,KL,RS,raw,shaped,development_DiagReachK2_s187_KL_RS,16,8160,selection,12,8.899124823451954,8.439300693512875,0.4598241299390793,0.6666666666666666,0.3333333333333333,"[5.174653967221578, 5.714074770609538]","[0.3333333333333333, 0.3333333333333333]","[0.01194945971171063, 0.04273137119081286]"
DiagReachK2,187,KL,RS,raw,shaped,development_DiagReachK2_s187_KL_RS,16,8160,acceptance,8,8.993106663553046,8.987384468642997,0.0057221949100494385,0.75,0.25,"[5.526555895805359, 5.273690342903137]","[0.25, 0.0]","[0.0011444489161173688, 0.0]"
DiagReachK2,187,KL,RS,raw,shaped,development_DiagReachK2_s187_KL_RS,17,8640,exploration,20,7.206826982520289,3.416398880503839,3.790428102016449,0.1,0.6,"[5.032676160335541, 5.349504148960113]","[0.35, 0.45]","[0.11161899169286094, 0.15348283052444459]"
DiagReachK2,187,KL,RS,raw,shaped,development_DiagReachK2_s187_KL_RS,17,8640,selection,12,8.820626697493328,8.388509414149059,0.4321172833442688,0.6666666666666666,0.3333333333333333,"[5.635704477628072, 5.1585705280303955]","[0.3333333333333333, 0.0]","[0.06278100278642444, 0.0]"
DiagReachK2,187,KL,RS,raw,shaped,development_DiagReachK2_s187_KL_RS,17,8640,acceptance,8,8.991177367419004,8.991177367419004,0.0,1.0,0.0,"[5.637366056442261, 5.443821549415588]","[0.0, 0.0]","[0.0, 0.0]"
DiagReachK2,187,KL,RS,raw,shaped,development_DiagReachK2_s187_KL_RS,18,9120,exploration,20,6.4091441475693145,4.326703309351578,2.0824408382177353,0.1,0.35,"[4.353546422719956, 3.562923538684845]","[0.3, 0.15]","[0.07019795576731364, 0.06723700364430744]"
DiagReachK2,187,KL,RS,raw,shaped,development_DiagReachK2_s187_KL_RS,18,9120,selection,12,8.628324869234106,7.8161398102429915,0.8121850589911143,0.5833333333333334,0.4166666666666667,"[5.859288275241852, 4.7522263924280805]","[0.4166666666666667, 0.0]","[0.09393444326188828, 0.0]"
DiagReachK2,187,KL,RS,raw,shaped,development_DiagReachK2_s187_KL_RS,18,9120,acceptance,8,8.450706471663944,8.450706471663944,0.0,1.0,0.0,"[4.66235476732254, 4.4164628982543945]","[0.0, 0.0]","[0.0, 0.0]"
DiagReachK2,187,KL,RS,raw,shaped,development_DiagReachK2_s187_KL_RS,19,9600,exploration,20,6.82360831723432,4.635904335238738,2.1877039819955826,0.2,0.4,"[4.605185449123383, 4.4262383952736855]","[0.3, 0.2]","[0.1265532374382019, 0.03546988566716512]"
DiagReachK2,187,KL,RS,raw,shaped,development_DiagReachK2_s187_KL_RS,19,9600,selection,12,8.820518229847584,8.631947139348025,0.18857109049956003,0.6666666666666666,0.3333333333333333,"[5.131211857000987, 5.72355842590332]","[0.3333333333333333, 0.3333333333333333]","[0.018437279595269102, 0.015557381841871479]"
DiagReachK2,187,KL,RS,raw,shaped,development_DiagReachK2_s187_KL_RS,19,9600,acceptance,8,8.979383897595108,8.979383897595108,0.0,1.0,0.0,"[5.6962891817092896, 5.493447661399841]","[0.0, 0.0]","[0.0, 0.0]"
DiagReachK2,187,KL,RS,raw,shaped,development_DiagReachK2_s187_KL_RS,20,10080,exploration,20,6.104144078182289,5.3412746605149,0.7628694176673889,0.25,0.25,"[3.0908919304609297, 3.9963552981615065]","[0.05, 0.25]","[0.034523534774780276, 0.023530491193135585]"
DiagReachK2,187,KL,RS,raw,shaped,development_DiagReachK2_s187_KL_RS,20,10080,selection,12,8.952107805653455,8.330104553345882,0.6220032523075739,0.5833333333333334,0.4166666666666667,"[5.510453740755717, 5.89909287293752]","[0.3333333333333333, 0.4166666666666667]","[0.06223776605394151, 0.024406989415486652]"
DiagReachK2,187,KL,RS,raw,shaped,development_DiagReachK2_s187_KL_RS,20,10080,acceptance,8,8.97592989075929,8.97592989075929,0.0,1.0,0.0,"[5.57568359375, 5.3793171644210815]","[0.0, 0.0]","[0.0, 0.0]"
DiagReachK2,187,KL,RS,raw,shaped,development_DiagReachK2_s187_KL_RS,21,10560,exploration,20,6.444549502725714,5.887170465583914,0.5573790371417999,0.25,0.25,"[3.6577443942427634, 4.367910411953926]","[0.05, 0.2]","[0.014852150281270349, 0.03813827037811281]"
DiagReachK2,187,KL,RS,raw,shaped,development_DiagReachK2_s187_KL_RS,21,10560,selection,12,9.233847239163394,8.466109984663005,0.7677372545003891,0.5,0.5,"[5.900786479314168, 6.154137889544169]","[0.3333333333333333, 0.5]","[0.022485348913404684, 0.056202623579237186]"
DiagReachK2,187,KL,RS,raw,shaped,development_DiagReachK2_s187_KL_RS,21,10560,acceptance,8,9.02607488189824,9.02607488189824,0.0,1.0,0.0,"[5.4423346519470215, 5.381716966629028]","[0.0, 0.0]","[0.0, 0.0]"
DiagReachK2,187,KL,RS,raw,shaped,development_DiagReachK2_s187_KL_RS,22,11040,exploration,20,7.117077090912498,3.463416629605927,3.653660461306572,0.2,0.55,"[5.448193860054016, 4.430903536081314]","[0.45, 0.3]","[0.17271574338277182, 0.07046420574188231]"
DiagReachK2,187,KL,RS,raw,shaped,development_DiagReachK2_s187_KL_RS,22,11040,selection,12,8.614279120012606,8.465163249616309,0.14911587039629617,0.6666666666666666,0.3333333333333333,"[5.144956131776174, 5.2671477397282915]","[0.3333333333333333, 0.0]","[0.028419633706410746, 0.0]"
DiagReachK2,187,KL,RS,raw,shaped,development_DiagReachK2_s187_KL_RS,22,11040,acceptance,8,8.989294507796878,8.989294507796878,0.0,1.0,0.0,"[5.459028482437134, 5.339839458465576]","[0.0, 0.0]","[0.0, 0.0]"
DiagReachK2,187,KL,RS,raw,shaped,development_DiagReachK2_s187_KL_RS,23,11520,exploration,20,7.248757272604854,5.844983398560435,1.4037738740444183,0.3,0.5,"[5.204347425699234, 4.3805324107408525]","[0.35, 0.3]","[0.07852157751719158, 0.05330126682917278]"
DiagReachK2,187,KL,RS,raw,shaped,development_DiagReachK2_s187_KL_RS,23,11520,selection,12,8.813137868370783,8.535866647289367,0.27727122108141583,0.6666666666666666,0.3333333333333333,"[5.358075221379598, 5.187334418296814]","[0.3333333333333333, 0.0]","[0.04480416244930693, 0.0]"
DiagReachK2,187,KL,RS,raw,shaped,development_DiagReachK2_s187_KL_RS,23,11520,acceptance,8,9.000679510948249,9.000679510948249,0.0,1.0,0.0,"[5.085366487503052, 5.328268647193909]","[0.0, 0.0]","[0.0, 0.0]"
DiagReachK2,187,KL,RS,raw,shaped,development_DiagReachK2_s187_KL_RS,24,12000,exploration,20,7.001205658246763,5.092327257324942,1.9088784009218216,0.1,0.5,"[4.644629508256912, 4.842820423841476]","[0.3, 0.4]","[0.06812191406885781, 0.06722354888916017]"
DiagReachK2,187,KL,RS,raw,shaped,development_DiagReachK2_s187_KL_RS,24,12000,selection,12,8.962280606298009,8.551425044803182,0.41085556149482727,0.6666666666666666,0.3333333333333333,"[5.571665525436401, 5.611322681109111]","[0.3333333333333333, 0.3333333333333333]","[0.018015490637885195, 0.03240740961498684]"
DiagReachK2,187,KL,RS,raw,shaped,development_DiagReachK2_s187_KL_RS,24,12000,acceptance,8,9.011906652059405,9.011906652059405,0.0,1.0,0.0,"[5.551382899284363, 5.403770208358765]","[0.0, 0.0]","[0.0, 0.0]"
DiagReachK2,187,KL,SR,shaped,raw,development_DiagReachK2_s187_KL_SR,0,480,exploration,20,6.424785625101068,4.265839304686525,2.158946320414543,0.2,0.4,"[4.442942391335964, 3.6377375394105913]","[0.2, 0.2]","[0.09764036337534586, 0.03919123013814291]"
DiagReachK2,187,KL,SR,shaped,raw,development_DiagReachK2_s187_KL_SR,0,480,selection,12,8.688351011528479,8.685986594611313,0.0023644169171651206,0.9166666666666666,0.08333333333333333,"[5.135416070620219, 4.730741858482361]","[0.0, 0.08333333333333333]","[0.0, 0.0004728833834330241]"
DiagReachK2,187,KL,SR,shaped,raw,development_DiagReachK2_s187_KL_SR,0,480,acceptance,8,8.527310009743088,8.527310009743088,0.0,1.0,0.0,"[5.57823634147644, 4.221619129180908]","[0.0, 0.0]","[0.0, 0.0]"
DiagReachK2,187,KL,SR,shaped,raw,development_DiagReachK2_s187_KL_SR,1,960,exploration,20,6.317209709535819,3.1650437899935056,3.1521659195423126,0.15,0.55,"[4.43487134128809, 4.425499394536018]","[0.35, 0.3]","[0.16576640208562216, 0.06015518506368002]"
DiagReachK2,187,KL,SR,shaped,raw,development_DiagReachK2_s187_KL_SR,1,960,selection,12,7.944027221874179,7.944027221874179,0.0,0.6666666666666666,0.0,"[3.8481640021006265, 4.188018123308818]","[0.0, 0.0]","[0.0, 0.0]"
DiagReachK2,187,KL,SR,shaped,raw,development_DiagReachK2_s187_KL_SR,1,960,acceptance,8,8.600977857131511,8.600977857131511,0.0,1.0,0.0,"[5.454381585121155, 4.26933753490448]","[0.0, 0.0]","[0.0, 0.0]"
DiagReachK2,187,KL,SR,shaped,raw,development_DiagReachK2_s187_KL_SR,2,1440,exploration,20,5.9017033016495395,4.623467799108474,1.2782355025410652,0.4,0.2,"[3.631485065817833, 3.408883085846901]","[0.1, 0.15]","[0.03723158836364746, 0.050667405128479004]"
DiagReachK2,187,KL,SR,shaped,raw,development_DiagReachK2_s187_KL_SR,2,1440,selection,12,8.18633433690605,8.121647949128722,0.06468638777732849,0.6666666666666666,0.3333333333333333,"[5.837265292803447, 3.223631739616394]","[0.3333333333333333, 0.0]","[0.012937280866834858, 0.0]"
DiagReachK2,187,KL,SR,shaped,raw,development_DiagReachK2_s187_KL_SR,2,1440,acceptance,8,8.570180071657525,8.570180071657525,0.0,1.0,0.0,"[5.450414180755615, 4.215962171554565]","[0.0, 0.0]","[0.0, 0.0]"
DiagReachK2,187,KL,SR,shaped,raw,development_DiagReachK2_s187_KL_SR,3,1920,exploration,20,5.999298137034639,4.582100060190424,1.4171980768442154,0.05,0.2,"[3.904589319229126, 3.5034965887665748]","[0.1, 0.15]","[0.02665252288182577, 0.05766008694966633]"
DiagReachK2,187,KL,SR,shaped,raw,development_DiagReachK2_s187_KL_SR,3,1920,selection,12,8.372294646431692,8.079625484277495,0.2926691621541977,0.3333333333333333,0.6666666666666666,"[6.143529375394185, 3.927998741467794]","[0.6666666666666666, 0.0]","[0.053949409061008036, 0.0]"
DiagReachK2,187,KL,SR,shaped,raw,development_DiagReachK2_s187_KL_SR,3,1920,acceptance,8,8.543914220342412,8.543914220342412,0.0,1.0,0.0,"[5.5321044921875, 4.33285129070282]","[0.0, 0.0]","[0.0, 0.0]"
DiagReachK2,187,KL,SR,shaped,raw,development_DiagReachK2_s187_KL_SR,4,2400,exploration,20,6.488054705543908,4.761112315340432,1.726942390203476,0.05,0.45,"[4.699217088520527, 3.742467279732227]","[0.45, 0.1]","[0.10596095323562622, 0.02640671730041504]"
DiagReachK2,187,KL,SR,shaped,raw,development_DiagReachK2_s187_KL_SR,4,2400,selection,12,8.535500605016326,8.535500605016326,0.0,1.0,0.0,"[5.039704918861389, 3.989763001600901]","[0.0, 0.0]","[0.0, 0.0]"
DiagReachK2,187,KL,SR,shaped,raw,development_DiagReachK2_s187_KL_SR,4,2400,acceptance,8,8.52163381758146,8.52163381758146,0.0,1.0,0.0,"[5.471795320510864, 4.1516783237457275]","[0.0, 0.0]","[0.0, 0.0]"
DiagReachK2,187,KL,SR,shaped,raw,development_DiagReachK2_s187_KL_SR,5,2880,exploration,20,6.331085154031753,6.224326097582817,0.10675905644893646,0.45,0.1,"[3.77653975635767, 3.171602502465248]","[0.1, 0.0]","[0.013078999519348145, 0.0]"
DiagReachK2,187,KL,SR,shaped,raw,development_DiagReachK2_s187_KL_SR,5,2880,selection,12,8.712104978590892,8.594442181219346,0.11766279737154643,0.6666666666666666,0.3333333333333333,"[5.732502857844035, 4.996406555175781]","[0.3333333333333333, 0.0]","[0.023532562785678446, 0.0]"
DiagReachK2,187,KL,SR,shaped,raw,development_DiagReachK2_s187_KL_SR,5,2880,acceptance,8,8.776495141792111,8.776495141792111,0.0,1.0,0.0,"[5.4027183055877686, 4.776127874851227]","[0.0, 0.0]","[0.0, 0.0]"
DiagReachK2,187,KL,SR,shaped,raw,development_DiagReachK2_s187_KL_SR,6,3360,exploration,20,6.247191609865986,4.073939340240322,2.1732522696256638,0.05,0.35,"[3.4134198144078254, 4.429396563768387]","[0.05, 0.3]","[0.04743396441141764, 0.10077546437581379]"
DiagReachK2,187,KL,SR,shaped,raw,development_DiagReachK2_s187_KL_SR,6,3360,selection,12,8.736449306017795,8.736449306017795,0.0,1.0,0.0,"[4.579356829325358, 5.190915028254191]","[0.0, 0.0]","[0.0, 0.0]"
DiagReachK2,187,KL,SR,shaped,raw,development_DiagReachK2_s187_KL_SR,6,3360,acceptance,8,8.981293267384173,8.981293267384173,0.0,1.0,0.0,"[5.4158759117126465, 5.3426854610443115]","[0.0, 0.0]","[0.0, 0.0]"
DiagReachK2,187,KL,SR,shaped,raw,development_DiagReachK2_s187_KL_SR,7,3840,exploration,20,7.267133434978314,4.511121740308591,2.7560116946697235,0.2,0.45,"[5.659701132774353, 4.079950106143952]","[0.4, 0.15]","[0.14731512864430746, 0.038488364219665526]"
DiagReachK2,187,KL,SR,shaped,raw,development_DiagReachK2_s187_KL_SR,7,3840,selection,12,8.887388177557536,8.87944928590829,0.007938891649246216,0.9166666666666666,0.08333333333333333,"[4.9426692724227905, 5.3293817440668745]","[0.0, 0.08333333333333333]","[0.0, 0.0015877750184800827]"
DiagReachK2,187,KL,SR,shaped,raw,development_DiagReachK2_s187_KL_SR,7,3840,acceptance,8,8.990477329306305,8.990477329306305,0.0,1.0,0.0,"[5.448326945304871, 5.320266842842102]","[0.0, 0.0]","[0.0, 0.0]"
DiagReachK2,187,KL,SR,shaped,raw,development_DiagReachK2_s187_KL_SR,8,4320,exploration,20,6.5254844203882385,4.526685692399041,1.9987987279891968,0.3,0.4,"[4.432319037616253, 4.028015494346619]","[0.25, 0.2]","[0.0923405369122823, 0.04024452765782675]"
DiagReachK2,187,KL,SR,shaped,raw,development_DiagReachK2_s187_KL_SR,8,4320,selection,12,8.869539850950241,8.79041930437088,0.07912054657936096,0.6666666666666666,0.3333333333333333,"[4.69687815507253, 5.4188276926676435]","[0.0, 0.3333333333333333]","[0.0, 0.012870881292555056]"
DiagReachK2,187,KL,SR,shaped,raw,development_DiagReachK2_s187_KL_SR,8,4320,acceptance,8,9.037993003753947,9.037993003753947,0.0,1.0,0.0,"[5.350480437278748, 5.404115438461304]","[0.0, 0.0]","[0.0, 0.0]"
DiagReachK2,187,KL,SR,shaped,raw,development_DiagReachK2_s187_KL_SR,9,4800,exploration,20,6.5985263027297325,3.8649840913759532,2.733542211353779,0.0,0.7,"[4.613261367380619, 4.861440466344357]","[0.4, 0.35]","[0.13695956071217852, 0.06251371701558431]"
DiagReachK2,187,KL,SR,shaped,raw,development_DiagReachK2_s187_KL_SR,9,4800,selection,12,9.16985932244764,8.86691960944639,0.3029397130012512,0.3333333333333333,0.6666666666666666,"[5.4201957782109575, 6.03968330224355]","[0.0, 0.6666666666666666]","[0.0, 0.04079021347893608]"
DiagReachK2,187,KL,SR,shaped,raw,development_DiagReachK2_s187_KL_SR,9,4800,acceptance,8,8.958214294561184,8.958214294561184,0.0,1.0,0.0,"[5.332568526268005, 5.348729610443115]","[0.0, 0.0]","[0.0, 0.0]"
DiagReachK2,187,KL,SR,shaped,raw,development_DiagReachK2_s187_KL_SR,10,5280,exploration,20,6.282043840531841,4.2762217631383095,2.005822077393532,0.15,0.4,"[3.465266466140747, 4.596463572978974]","[0.15, 0.4]","[0.06564361651738485, 0.05722926060358684]"
DiagReachK2,187,KL,SR,shaped,raw,development_DiagReachK2_s187_KL_SR,10,5280,selection,12,8.712877557115279,8.712877557115279,0.0,1.0,0.0,"[4.523479501406352, 4.866965015729268]","[0.0, 0.0]","[0.0, 0.0]"
DiagReachK2,187,KL,SR,shaped,raw,development_DiagReachK2_s187_KL_SR,10,5280,acceptance,8,9.037884074472823,9.037884074472823,0.0,1.0,0.0,"[5.424535274505615, 5.504377841949463]","[0.0, 0.0]","[0.0, 0.0]"
DiagReachK2,187,KL,SR,shaped,raw,development_DiagReachK2_s187_KL_SR,11,5760,exploration,20,6.474926663634832,3.5597561505413617,2.9151705130934715,0.15,0.45,"[3.994403971731663, 4.538670086860657]","[0.25, 0.3]","[0.10378592809041343, 0.07217555046081543]"
DiagReachK2,187,KL,SR,shaped,raw,development_DiagReachK2_s187_KL_SR,11,5760,selection,12,8.814863290453408,8.770937101110272,0.04392618934313456,0.75,0.25,"[4.634065747261047, 5.56712822119395]","[0.0, 0.25]","[0.0, 0.008785247802734394]"
DiagReachK2,187,KL,SR,shaped,raw,development_DiagReachK2_s187_KL_SR,11,5760,acceptance,8,8.963271631160751,8.963271631160751,0.0,1.0,0.0,"[5.425809264183044, 5.255368947982788]","[0.0, 0.0]","[0.0, 0.0]"
DiagReachK2,187,KL,SR,shaped,raw,development_DiagReachK2_s187_KL_SR,12,6240,exploration,20,7.5809984694854915,3.259216543628427,4.321781925857067,0.25,0.6,"[5.732598632574081, 5.248975998163223]","[0.4, 0.3]","[0.1637150327364604, 0.08214336236317951]"
DiagReachK2,187,KL,SR,shaped,raw,development_DiagReachK2_s187_KL_SR,12,6240,selection,12,8.510397524819199,8.510397524819199,0.0,1.0,0.0,"[4.342711349328359, 4.908121784528096]","[0.0, 0.0]","[0.0, 0.0]"
DiagReachK2,187,KL,SR,shaped,raw,development_DiagReachK2_s187_KL_SR,12,6240,acceptance,8,8.996976563800127,8.996976563800127,0.0,1.0,0.0,"[5.4668720960617065, 5.361878752708435]","[0.0, 0.0]","[0.0, 0.0]"
DiagReachK2,187,KL,SR,shaped,raw,development_DiagReachK2_s187_KL_SR,13,6720,exploration,20,6.5149485456431275,4.8498617547238245,1.665086790919304,0.1,0.45,"[4.707367944717407, 4.171664018929005]","[0.3, 0.2]","[0.09628400802612305, 0.03695002396901448]"
DiagReachK2,187,KL,SR,shaped,raw,development_DiagReachK2_s187_KL_SR,13,6720,selection,12,8.820723524763403,8.820723524763403,0.0,1.0,0.0,"[5.149925470352173, 4.8968039353688555]","[0.0, 0.0]","[0.0, 0.0]"
DiagReachK2,187,KL,SR,shaped,raw,development_DiagReachK2_s187_KL_SR,13,6720,acceptance,8,9.019113677600398,9.019113677600398,0.0,1.0,0.0,"[5.315820336341858, 5.379916787147522]","[0.0, 0.0]","[0.0, 0.0]"
DiagReachK2,187,KL,SR,shaped,raw,development_DiagReachK2_s187_KL_SR,14,7200,exploration,20,6.808428626477834,5.12023333829653,1.688195288181305,0.2,0.55,"[4.594721919298172, 4.755293546617031]","[0.25, 0.3]","[0.051036902268727626, 0.09459723234176635]"
DiagReachK2,187,KL,SR,shaped,raw,development_DiagReachK2_s187_KL_SR,14,7200,selection,12,9.045249060696612,8.993469785557439,0.051779275139172874,0.5833333333333334,0.4166666666666667,"[5.573767940203349, 5.604892611503601]","[0.16666666666666666, 0.25]","[0.003333906332651774, 0.00676502121819389]"
DiagReachK2,187,KL,SR,shaped,raw,development_DiagReachK2_s187_KL_SR,14,7200,acceptance,8,9.0433374423068,9.0433374423068,0.0,1.0,0.0,"[5.380940079689026, 5.3730984926223755]","[0.0, 0.0]","[0.0, 0.0]"
DiagReachK2,187,KL,SR,shaped,raw,development_DiagReachK2_s187_KL_SR,15,7680,exploration,20,6.937844876036979,3.9000547936419023,3.0377900823950768,0.15,0.45,"[4.892645400762558, 4.358517438173294]","[0.3, 0.3]","[0.11115930080413819, 0.08247036933898926]"
DiagReachK2,187,KL,SR,shaped,raw,development_DiagReachK2_s187_KL_SR,15,7680,selection,12,8.511936342121968,8.511936342121968,0.0,1.0,0.0,"[3.9825011094411216, 5.255529681841533]","[0.0, 0.0]","[0.0, 0.0]"
DiagReachK2,187,KL,SR,shaped,raw,development_DiagReachK2_s187_KL_SR,15,7680,acceptance,8,8.974663471290842,8.974663471290842,0.0,1.0,0.0,"[5.561327934265137, 5.424264907836914]","[0.0, 0.0]","[0.0, 0.0]"
DiagReachK2,187,KL,SR,shaped,raw,development_DiagReachK2_s187_KL_SR,16,8160,exploration,20,6.471927399701672,4.984373371071415,1.4875540286302567,0.2,0.35,"[4.381603200733662, 3.938493511080742]","[0.3, 0.1]","[0.08547309239705404, 0.027027372519175218]"
DiagReachK2,187,KL,SR,shaped,raw,development_DiagReachK2_s187_KL_SR,16,8160,selection,12,8.803517401330463,8.803517401330463,0.0,1.0,0.0,"[4.443022449811299, 5.402743975321452]","[0.0, 0.0]","[0.0, 0.0]"
DiagReachK2,187,KL,SR,shaped,raw,development_DiagReachK2_s187_KL_SR,16,8160,acceptance,8,8.99760945289745,8.994748355442425,0.0028610974550247192,0.875,0.125,"[4.803892493247986, 5.580838263034821]","[0.125, 0.0]","[0.0005722244580586844, 0.0]"
DiagReachK2,187,KL,SR,shaped,raw,development_DiagReachK2_s187_KL_SR,17,8640,exploration,20,7.095048450829928,3.482650169136469,3.6123982816934586,0.15,0.55,"[4.3188993483781815, 5.653725653886795]","[0.25, 0.45]","[0.07284027338027955, 0.1620041449864705]"
DiagReachK2,187,KL,SR,shaped,raw,development_DiagReachK2_s187_KL_SR,17,8640,selection,12,8.374806885795834,8.37319532521272,0.001611560583114624,0.9166666666666666,0.08333333333333333,"[3.7725625236829123, 4.805431266625722]","[0.0, 0.08333333333333333]","[0.0, 0.00032230880525376443]"
DiagReachK2,187,KL,SR,shaped,raw,development_DiagReachK2_s187_KL_SR,17,8640,acceptance,8,8.777417494837028,8.76573483544944,0.011682659387588501,0.5,0.5,"[4.111612856388092, 5.4310542941093445]","[0.0, 0.5]","[0.0, 0.0023365318775177]"
DiagReachK2,187,KL,SR,shaped,raw,development_DiagReachK2_s187_KL_SR,18,9120,exploration,20,6.28596297849319,4.883561203371501,1.4024017751216888,0.25,0.2,"[4.162601089477539, 3.3300993859767916]","[0.2, 0.0]","[0.0760982354482015, 0.0]"
DiagReachK2,187,KL,SR,shaped,raw,development_DiagReachK2_s187_KL_SR,18,9120,selection,12,8.08586896083426,8.08586896083426,0.0,0.75,0.0,"[3.4964480102062225, 4.874441623687744]","[0.0, 0.0]","[0.0, 0.0]"
DiagReachK2,187,KL,SR,shaped,raw,development_DiagReachK2_s187_KL_SR,18,9120,acceptance,8,8.470247049343165,8.470247049343165,0.0,1.0,0.0,"[3.9583617448806763, 4.789102911949158]","[0.0, 0.0]","[0.0, 0.0]"
DiagReachK2,187,KL,SR,shaped,raw,development_DiagReachK2_s187_KL_SR,19,9600,exploration,20,6.765194466472603,4.990943787754514,1.77425067871809,0.2,0.4,"[4.605663743615151, 4.468103849887848]","[0.3, 0.25]","[0.10696841875712075, 0.012418953577677406]"
DiagReachK2,187,KL,SR,shaped,raw,development_DiagReachK2_s187_KL_SR,19,9600,selection,12,8.356083881274571,8.356083881274571,0.0,1.0,0.0,"[3.9268673062324524, 4.949174404144287]","[0.0, 0.0]","[0.0, 0.0]"
DiagReachK2,187,KL,SR,shaped,raw,development_DiagReachK2_s187_KL_SR,19,9600,acceptance,8,8.555547878955622,8.555547878955622,0.0,1.0,0.0,"[4.339271783828735, 4.915340781211853]","[0.0, 0.0]","[0.0, 0.0]"
DiagReachK2,187,KL,SR,shaped,raw,development_DiagReachK2_s187_KL_SR,20,10080,exploration,20,6.824482651641593,5.6993669664766635,1.1251156851649284,0.25,0.3,"[3.825267618894577, 4.3991359889507295]","[0.15, 0.25]","[0.026095219453175868, 0.054889464378356935]"
DiagReachK2,187,KL,SR,shaped,raw,development_DiagReachK2_s187_KL_SR,20,10080,selection,12,8.538149459525933,8.538149459525933,0.0,1.0,0.0,"[4.514038562774658, 4.667111456394196]","[0.0, 0.0]","[0.0, 0.0]"
DiagReachK2,187,KL,SR,shaped,raw,development_DiagReachK2_s187_KL_SR,20,10080,acceptance,8,8.700593091647898,8.700593091647898,0.0,1.0,0.0,"[4.5519519448280334, 5.02545565366745]","[0.0, 0.0]","[0.0, 0.0]"
DiagReachK2,187,KL,SR,shaped,raw,development_DiagReachK2_s187_KL_SR,21,10560,exploration,20,6.951097899794112,5.455364579081069,1.4957333207130432,0.3,0.45,"[4.138562707602977, 4.655928480625152]","[0.2, 0.25]","[0.05492536226908366, 0.055349540710449216]"
DiagReachK2,187,KL,SR,shaped,raw,development_DiagReachK2_s187_KL_SR,21,10560,selection,12,8.934386539371916,8.934386539371916,0.0,1.0,0.0,"[5.2945888837178545, 5.1830843687057495]","[0.0, 0.0]","[0.0, 0.0]"
DiagReachK2,187,KL,SR,shaped,raw,development_DiagReachK2_s187_KL_SR,21,10560,acceptance,8,8.990988337319868,8.990988337319868,0.0,1.0,0.0,"[5.055492997169495, 5.328192830085754]","[0.0, 0.0]","[0.0, 0.0]"
DiagReachK2,187,KL,SR,shaped,raw,development_DiagReachK2_s187_KL_SR,22,11040,exploration,20,6.947292907609372,6.466035230531125,0.48125767707824707,0.2,0.3,"[4.2225375294685366, 4.326815938949585]","[0.25, 0.25]","[0.03740947643915813, 0.023654707272847485]"
DiagReachK2,187,KL,SR,shaped,raw,development_DiagReachK2_s187_KL_SR,22,11040,selection,12,9.084982140984115,9.057328615711109,0.02765352527300517,0.5833333333333334,0.4166666666666667,"[5.644566138585408, 5.670248190561931]","[0.3333333333333333, 0.08333333333333333]","[0.00544181797239518, 8.890363905165548e-05]"
DiagReachK2,187,KL,SR,shaped,raw,development_DiagReachK2_s187_KL_SR,22,11040,acceptance,8,9.067869120571412,9.067869120571412,0.0,1.0,0.0,"[5.29889178276062, 5.403688073158264]","[0.0, 0.0]","[0.0, 0.0]"
DiagReachK2,187,KL,SR,shaped,raw,development_DiagReachK2_s187_KL_SR,23,11520,exploration,20,7.154139116974546,5.808825046392158,1.3453140705823898,0.4,0.4,"[4.305587702989579, 4.481797611713409]","[0.25, 0.25]","[0.040538688500722266, 0.05391063690185547]"
DiagReachK2,187,KL,SR,shaped,raw,development_DiagReachK2_s187_KL_SR,23,11520,selection,12,8.815880470098392,8.815880470098392,0.0,1.0,0.0,"[5.103681246439616, 4.821939210096995]","[0.0, 0.0]","[0.0, 0.0]"
DiagReachK2,187,KL,SR,shaped,raw,development_DiagReachK2_s187_KL_SR,23,11520,acceptance,8,9.099834611458936,9.099834611458936,0.0,1.0,0.0,"[5.127696633338928, 5.383891940116882]","[0.0, 0.0]","[0.0, 0.0]"
DiagReachK2,187,KL,SR,shaped,raw,development_DiagReachK2_s187_KL_SR,24,12000,exploration,20,7.394515228284291,5.556954664004733,1.8375605642795563,0.25,0.55,"[4.597036045789719, 4.73483996540308]","[0.3, 0.3]","[0.07374494473139445, 0.05004669030507406]"
DiagReachK2,187,KL,SR,shaped,raw,development_DiagReachK2_s187_KL_SR,24,12000,selection,12,8.855426389798959,8.855426389798959,0.0,1.0,0.0,"[4.8994301954905195, 5.0194478034973145]","[0.0, 0.0]","[0.0, 0.0]"
DiagReachK2,187,KL,SR,shaped,raw,development_DiagReachK2_s187_KL_SR,24,12000,acceptance,8,9.08789740820066,9.08789740820066,0.0,1.0,0.0,"[5.356402039527893, 5.4500967264175415]","[0.0, 0.0]","[0.0, 0.0]"
DiagReachK2,187,KL,SS,shaped,shaped,development_DiagReachK2_s187_KL_SS,0,480,exploration,20,6.424785625101068,4.265839304686525,2.158946320414543,0.2,0.4,"[4.442942391335964, 3.6377375394105913]","[0.2, 0.2]","[0.09764036337534586, 0.03919123013814291]"
DiagReachK2,187,KL,SS,shaped,shaped,development_DiagReachK2_s187_KL_SS,0,480,selection,12,8.688351011528479,8.685986594611313,0.0023644169171651206,0.9166666666666666,0.08333333333333333,"[5.135416070620219, 4.730741858482361]","[0.0, 0.08333333333333333]","[0.0, 0.0004728833834330241]"
DiagReachK2,187,KL,SS,shaped,shaped,development_DiagReachK2_s187_KL_SS,0,480,acceptance,8,8.527310009743088,8.527310009743088,0.0,1.0,0.0,"[5.57823634147644, 4.221619129180908]","[0.0, 0.0]","[0.0, 0.0]"
DiagReachK2,187,KL,SS,shaped,shaped,development_DiagReachK2_s187_KL_SS,1,960,exploration,20,6.317209709535819,3.1650437899935056,3.1521659195423126,0.15,0.55,"[4.43487134128809, 4.425499394536018]","[0.35, 0.3]","[0.16576640208562216, 0.06015518506368002]"
DiagReachK2,187,KL,SS,shaped,shaped,development_DiagReachK2_s187_KL_SS,1,960,selection,12,7.944027221874179,7.944027221874179,0.0,0.6666666666666666,0.0,"[3.8481640021006265, 4.188018123308818]","[0.0, 0.0]","[0.0, 0.0]"
DiagReachK2,187,KL,SS,shaped,shaped,development_DiagReachK2_s187_KL_SS,1,960,acceptance,8,8.600977857131511,8.600977857131511,0.0,1.0,0.0,"[5.454381585121155, 4.26933753490448]","[0.0, 0.0]","[0.0, 0.0]"
DiagReachK2,187,KL,SS,shaped,shaped,development_DiagReachK2_s187_KL_SS,2,1440,exploration,20,5.9017033016495395,4.623467799108474,1.2782355025410652,0.4,0.2,"[3.631485065817833, 3.408883085846901]","[0.1, 0.15]","[0.03723158836364746, 0.050667405128479004]"
DiagReachK2,187,KL,SS,shaped,shaped,development_DiagReachK2_s187_KL_SS,2,1440,selection,12,8.18633433690605,8.121647949128722,0.06468638777732849,0.6666666666666666,0.3333333333333333,"[5.837265292803447, 3.223631739616394]","[0.3333333333333333, 0.0]","[0.012937280866834858, 0.0]"
DiagReachK2,187,KL,SS,shaped,shaped,development_DiagReachK2_s187_KL_SS,2,1440,acceptance,8,8.570180071657525,8.570180071657525,0.0,1.0,0.0,"[5.450414180755615, 4.215962171554565]","[0.0, 0.0]","[0.0, 0.0]"
DiagReachK2,187,KL,SS,shaped,shaped,development_DiagReachK2_s187_KL_SS,3,1920,exploration,20,5.999298137034639,4.582100060190424,1.4171980768442154,0.05,0.2,"[3.904589319229126, 3.5034965887665748]","[0.1, 0.15]","[0.02665252288182577, 0.05766008694966633]"
DiagReachK2,187,KL,SS,shaped,shaped,development_DiagReachK2_s187_KL_SS,3,1920,selection,12,8.372294646431692,8.079625484277495,0.2926691621541977,0.3333333333333333,0.6666666666666666,"[6.143529375394185, 3.927998741467794]","[0.6666666666666666, 0.0]","[0.053949409061008036, 0.0]"
DiagReachK2,187,KL,SS,shaped,shaped,development_DiagReachK2_s187_KL_SS,3,1920,acceptance,8,8.543914220342412,8.543914220342412,0.0,1.0,0.0,"[5.5321044921875, 4.33285129070282]","[0.0, 0.0]","[0.0, 0.0]"
DiagReachK2,187,KL,SS,shaped,shaped,development_DiagReachK2_s187_KL_SS,4,2400,exploration,20,6.488054705543908,4.761112315340432,1.726942390203476,0.05,0.45,"[4.699217088520527, 3.742467279732227]","[0.45, 0.1]","[0.10596095323562622, 0.02640671730041504]"
DiagReachK2,187,KL,SS,shaped,shaped,development_DiagReachK2_s187_KL_SS,4,2400,selection,12,8.535500605016326,8.535500605016326,0.0,1.0,0.0,"[5.039704918861389, 3.989763001600901]","[0.0, 0.0]","[0.0, 0.0]"
DiagReachK2,187,KL,SS,shaped,shaped,development_DiagReachK2_s187_KL_SS,4,2400,acceptance,8,8.52163381758146,8.52163381758146,0.0,1.0,0.0,"[5.471795320510864, 4.1516783237457275]","[0.0, 0.0]","[0.0, 0.0]"
DiagReachK2,187,KL,SS,shaped,shaped,development_DiagReachK2_s187_KL_SS,5,2880,exploration,20,6.331085154031753,6.224326097582817,0.10675905644893646,0.45,0.1,"[3.77653975635767, 3.171602502465248]","[0.1, 0.0]","[0.013078999519348145, 0.0]"
DiagReachK2,187,KL,SS,shaped,shaped,development_DiagReachK2_s187_KL_SS,5,2880,selection,12,8.712104978590892,8.594442181219346,0.11766279737154643,0.6666666666666666,0.3333333333333333,"[5.732502857844035, 4.996406555175781]","[0.3333333333333333, 0.0]","[0.023532562785678446, 0.0]"
DiagReachK2,187,KL,SS,shaped,shaped,development_DiagReachK2_s187_KL_SS,5,2880,acceptance,8,8.776495141792111,8.776495141792111,0.0,1.0,0.0,"[5.4027183055877686, 4.776127874851227]","[0.0, 0.0]","[0.0, 0.0]"
DiagReachK2,187,KL,SS,shaped,shaped,development_DiagReachK2_s187_KL_SS,6,3360,exploration,20,6.247191609865986,4.073939340240322,2.1732522696256638,0.05,0.35,"[3.4134198144078254, 4.429396563768387]","[0.05, 0.3]","[0.04743396441141764, 0.10077546437581379]"
DiagReachK2,187,KL,SS,shaped,shaped,development_DiagReachK2_s187_KL_SS,6,3360,selection,12,8.736449306017795,8.736449306017795,0.0,1.0,0.0,"[4.579356829325358, 5.190915028254191]","[0.0, 0.0]","[0.0, 0.0]"
DiagReachK2,187,KL,SS,shaped,shaped,development_DiagReachK2_s187_KL_SS,6,3360,acceptance,8,8.981293267384173,8.981293267384173,0.0,1.0,0.0,"[5.4158759117126465, 5.3426854610443115]","[0.0, 0.0]","[0.0, 0.0]"
DiagReachK2,187,KL,SS,shaped,shaped,development_DiagReachK2_s187_KL_SS,7,3840,exploration,20,7.267133434978314,4.511121740308591,2.7560116946697235,0.2,0.45,"[5.659701132774353, 4.079950106143952]","[0.4, 0.15]","[0.14731512864430746, 0.038488364219665526]"
DiagReachK2,187,KL,SS,shaped,shaped,development_DiagReachK2_s187_KL_SS,7,3840,selection,12,8.887388177557536,8.87944928590829,0.007938891649246216,0.9166666666666666,0.08333333333333333,"[4.9426692724227905, 5.3293817440668745]","[0.0, 0.08333333333333333]","[0.0, 0.0015877750184800827]"
DiagReachK2,187,KL,SS,shaped,shaped,development_DiagReachK2_s187_KL_SS,7,3840,acceptance,8,8.990477329306305,8.990477329306305,0.0,1.0,0.0,"[5.448326945304871, 5.320266842842102]","[0.0, 0.0]","[0.0, 0.0]"
DiagReachK2,187,KL,SS,shaped,shaped,development_DiagReachK2_s187_KL_SS,8,4320,exploration,20,6.5254844203882385,4.526685692399041,1.9987987279891968,0.3,0.4,"[4.432319037616253, 4.028015494346619]","[0.25, 0.2]","[0.0923405369122823, 0.04024452765782675]"
DiagReachK2,187,KL,SS,shaped,shaped,development_DiagReachK2_s187_KL_SS,8,4320,selection,12,8.869539850950241,8.79041930437088,0.07912054657936096,0.6666666666666666,0.3333333333333333,"[4.69687815507253, 5.4188276926676435]","[0.0, 0.3333333333333333]","[0.0, 0.012870881292555056]"
DiagReachK2,187,KL,SS,shaped,shaped,development_DiagReachK2_s187_KL_SS,8,4320,acceptance,8,9.037993003753947,9.037993003753947,0.0,1.0,0.0,"[5.350480437278748, 5.404115438461304]","[0.0, 0.0]","[0.0, 0.0]"
DiagReachK2,187,KL,SS,shaped,shaped,development_DiagReachK2_s187_KL_SS,9,4800,exploration,20,6.5985263027297325,3.8649840913759532,2.733542211353779,0.0,0.7,"[4.613261367380619, 4.861440466344357]","[0.4, 0.35]","[0.13695956071217852, 0.06251371701558431]"
DiagReachK2,187,KL,SS,shaped,shaped,development_DiagReachK2_s187_KL_SS,9,4800,selection,12,9.16985932244764,8.86691960944639,0.3029397130012512,0.3333333333333333,0.6666666666666666,"[5.4201957782109575, 6.03968330224355]","[0.0, 0.6666666666666666]","[0.0, 0.04079021347893608]"
DiagReachK2,187,KL,SS,shaped,shaped,development_DiagReachK2_s187_KL_SS,9,4800,acceptance,8,8.958214294561184,8.958214294561184,0.0,1.0,0.0,"[5.332568526268005, 5.348729610443115]","[0.0, 0.0]","[0.0, 0.0]"
DiagReachK2,187,KL,SS,shaped,shaped,development_DiagReachK2_s187_KL_SS,10,5280,exploration,20,6.282043840531841,4.2762217631383095,2.005822077393532,0.15,0.4,"[3.465266466140747, 4.596463572978974]","[0.15, 0.4]","[0.06564361651738485, 0.05722926060358684]"
DiagReachK2,187,KL,SS,shaped,shaped,development_DiagReachK2_s187_KL_SS,10,5280,selection,12,8.712877557115279,8.712877557115279,0.0,1.0,0.0,"[4.523479501406352, 4.866965015729268]","[0.0, 0.0]","[0.0, 0.0]"
DiagReachK2,187,KL,SS,shaped,shaped,development_DiagReachK2_s187_KL_SS,10,5280,acceptance,8,9.037884074472823,9.037884074472823,0.0,1.0,0.0,"[5.424535274505615, 5.504377841949463]","[0.0, 0.0]","[0.0, 0.0]"
DiagReachK2,187,KL,SS,shaped,shaped,development_DiagReachK2_s187_KL_SS,11,5760,exploration,20,6.474926663634832,3.5597561505413617,2.9151705130934715,0.15,0.45,"[3.994403971731663, 4.538670086860657]","[0.25, 0.3]","[0.10378592809041343, 0.07217555046081543]"
DiagReachK2,187,KL,SS,shaped,shaped,development_DiagReachK2_s187_KL_SS,11,5760,selection,12,8.814863290453408,8.770937101110272,0.04392618934313456,0.75,0.25,"[4.634065747261047, 5.56712822119395]","[0.0, 0.25]","[0.0, 0.008785247802734394]"
DiagReachK2,187,KL,SS,shaped,shaped,development_DiagReachK2_s187_KL_SS,11,5760,acceptance,8,8.963271631160751,8.963271631160751,0.0,1.0,0.0,"[5.425809264183044, 5.255368947982788]","[0.0, 0.0]","[0.0, 0.0]"
DiagReachK2,187,KL,SS,shaped,shaped,development_DiagReachK2_s187_KL_SS,12,6240,exploration,20,7.5809984694854915,3.259216543628427,4.321781925857067,0.25,0.6,"[5.732598632574081, 5.248975998163223]","[0.4, 0.3]","[0.1637150327364604, 0.08214336236317951]"
DiagReachK2,187,KL,SS,shaped,shaped,development_DiagReachK2_s187_KL_SS,12,6240,selection,12,8.510397524819199,8.510397524819199,0.0,1.0,0.0,"[4.342711349328359, 4.908121784528096]","[0.0, 0.0]","[0.0, 0.0]"
DiagReachK2,187,KL,SS,shaped,shaped,development_DiagReachK2_s187_KL_SS,12,6240,acceptance,8,8.996976563800127,8.996976563800127,0.0,1.0,0.0,"[5.4668720960617065, 5.361878752708435]","[0.0, 0.0]","[0.0, 0.0]"
DiagReachK2,187,KL,SS,shaped,shaped,development_DiagReachK2_s187_KL_SS,13,6720,exploration,20,6.5149485456431275,4.8498617547238245,1.665086790919304,0.1,0.45,"[4.707367944717407, 4.171664018929005]","[0.3, 0.2]","[0.09628400802612305, 0.03695002396901448]"
DiagReachK2,187,KL,SS,shaped,shaped,development_DiagReachK2_s187_KL_SS,13,6720,selection,12,8.820723524763403,8.820723524763403,0.0,1.0,0.0,"[5.149925470352173, 4.8968039353688555]","[0.0, 0.0]","[0.0, 0.0]"
DiagReachK2,187,KL,SS,shaped,shaped,development_DiagReachK2_s187_KL_SS,13,6720,acceptance,8,9.019113677600398,9.019113677600398,0.0,1.0,0.0,"[5.315820336341858, 5.379916787147522]","[0.0, 0.0]","[0.0, 0.0]"
DiagReachK2,187,KL,SS,shaped,shaped,development_DiagReachK2_s187_KL_SS,14,7200,exploration,20,6.808428626477834,5.12023333829653,1.688195288181305,0.2,0.55,"[4.594721919298172, 4.755293546617031]","[0.25, 0.3]","[0.051036902268727626, 0.09459723234176635]"
DiagReachK2,187,KL,SS,shaped,shaped,development_DiagReachK2_s187_KL_SS,14,7200,selection,12,9.045249060696612,8.993469785557439,0.051779275139172874,0.5833333333333334,0.4166666666666667,"[5.573767940203349, 5.604892611503601]","[0.16666666666666666, 0.25]","[0.003333906332651774, 0.00676502121819389]"
DiagReachK2,187,KL,SS,shaped,shaped,development_DiagReachK2_s187_KL_SS,14,7200,acceptance,8,9.0433374423068,9.0433374423068,0.0,1.0,0.0,"[5.380940079689026, 5.3730984926223755]","[0.0, 0.0]","[0.0, 0.0]"
DiagReachK2,187,KL,SS,shaped,shaped,development_DiagReachK2_s187_KL_SS,15,7680,exploration,20,6.937844876036979,3.9000547936419023,3.0377900823950768,0.15,0.45,"[4.892645400762558, 4.358517438173294]","[0.3, 0.3]","[0.11115930080413819, 0.08247036933898926]"
DiagReachK2,187,KL,SS,shaped,shaped,development_DiagReachK2_s187_KL_SS,15,7680,selection,12,8.511936342121968,8.511936342121968,0.0,1.0,0.0,"[3.9825011094411216, 5.255529681841533]","[0.0, 0.0]","[0.0, 0.0]"
DiagReachK2,187,KL,SS,shaped,shaped,development_DiagReachK2_s187_KL_SS,15,7680,acceptance,8,8.974663471290842,8.974663471290842,0.0,1.0,0.0,"[5.561327934265137, 5.424264907836914]","[0.0, 0.0]","[0.0, 0.0]"
DiagReachK2,187,KL,SS,shaped,shaped,development_DiagReachK2_s187_KL_SS,16,8160,exploration,20,6.471927399701672,4.984373371071415,1.4875540286302567,0.2,0.35,"[4.381603200733662, 3.938493511080742]","[0.3, 0.1]","[0.08547309239705404, 0.027027372519175218]"
DiagReachK2,187,KL,SS,shaped,shaped,development_DiagReachK2_s187_KL_SS,16,8160,selection,12,8.803517401330463,8.803517401330463,0.0,1.0,0.0,"[4.443022449811299, 5.402743975321452]","[0.0, 0.0]","[0.0, 0.0]"
DiagReachK2,187,KL,SS,shaped,shaped,development_DiagReachK2_s187_KL_SS,16,8160,acceptance,8,8.99760945289745,8.994748355442425,0.0028610974550247192,0.875,0.125,"[4.803892493247986, 5.580838263034821]","[0.125, 0.0]","[0.0005722244580586844, 0.0]"
DiagReachK2,187,KL,SS,shaped,shaped,development_DiagReachK2_s187_KL_SS,17,8640,exploration,20,7.095048450829928,3.482650169136469,3.6123982816934586,0.15,0.55,"[4.3188993483781815, 5.653725653886795]","[0.25, 0.45]","[0.07284027338027955, 0.1620041449864705]"
DiagReachK2,187,KL,SS,shaped,shaped,development_DiagReachK2_s187_KL_SS,17,8640,selection,12,8.374806885795834,8.37319532521272,0.001611560583114624,0.9166666666666666,0.08333333333333333,"[3.7725625236829123, 4.805431266625722]","[0.0, 0.08333333333333333]","[0.0, 0.00032230880525376443]"
DiagReachK2,187,KL,SS,shaped,shaped,development_DiagReachK2_s187_KL_SS,17,8640,acceptance,8,8.777417494837028,8.76573483544944,0.011682659387588501,0.5,0.5,"[4.111612856388092, 5.4310542941093445]","[0.0, 0.5]","[0.0, 0.0023365318775177]"
DiagReachK2,187,KL,SS,shaped,shaped,development_DiagReachK2_s187_KL_SS,18,9120,exploration,20,6.28596297849319,4.883561203371501,1.4024017751216888,0.25,0.2,"[4.162601089477539, 3.3300993859767916]","[0.2, 0.0]","[0.0760982354482015, 0.0]"
DiagReachK2,187,KL,SS,shaped,shaped,development_DiagReachK2_s187_KL_SS,18,9120,selection,12,8.08586896083426,8.08586896083426,0.0,0.75,0.0,"[3.4964480102062225, 4.874441623687744]","[0.0, 0.0]","[0.0, 0.0]"
DiagReachK2,187,KL,SS,shaped,shaped,development_DiagReachK2_s187_KL_SS,18,9120,acceptance,8,8.470247049343165,8.470247049343165,0.0,1.0,0.0,"[3.9583617448806763, 4.789102911949158]","[0.0, 0.0]","[0.0, 0.0]"
DiagReachK2,187,KL,SS,shaped,shaped,development_DiagReachK2_s187_KL_SS,19,9600,exploration,20,6.765194466472603,4.990943787754514,1.77425067871809,0.2,0.4,"[4.605663743615151, 4.468103849887848]","[0.3, 0.25]","[0.10696841875712075, 0.012418953577677406]"
DiagReachK2,187,KL,SS,shaped,shaped,development_DiagReachK2_s187_KL_SS,19,9600,selection,12,8.356083881274571,8.356083881274571,0.0,1.0,0.0,"[3.9268673062324524, 4.949174404144287]","[0.0, 0.0]","[0.0, 0.0]"
DiagReachK2,187,KL,SS,shaped,shaped,development_DiagReachK2_s187_KL_SS,19,9600,acceptance,8,8.555547878955622,8.555547878955622,0.0,1.0,0.0,"[4.339271783828735, 4.915340781211853]","[0.0, 0.0]","[0.0, 0.0]"
DiagReachK2,187,KL,SS,shaped,shaped,development_DiagReachK2_s187_KL_SS,20,10080,exploration,20,6.824482651641593,5.6993669664766635,1.1251156851649284,0.25,0.3,"[3.825267618894577, 4.3991359889507295]","[0.15, 0.25]","[0.026095219453175868, 0.054889464378356935]"
DiagReachK2,187,KL,SS,shaped,shaped,development_DiagReachK2_s187_KL_SS,20,10080,selection,12,8.538149459525933,8.538149459525933,0.0,1.0,0.0,"[4.514038562774658, 4.667111456394196]","[0.0, 0.0]","[0.0, 0.0]"
DiagReachK2,187,KL,SS,shaped,shaped,development_DiagReachK2_s187_KL_SS,20,10080,acceptance,8,8.700593091647898,8.700593091647898,0.0,1.0,0.0,"[4.5519519448280334, 5.02545565366745]","[0.0, 0.0]","[0.0, 0.0]"
DiagReachK2,187,KL,SS,shaped,shaped,development_DiagReachK2_s187_KL_SS,21,10560,exploration,20,6.951097899794112,5.455364579081069,1.4957333207130432,0.3,0.45,"[4.138562707602977, 4.655928480625152]","[0.2, 0.25]","[0.05492536226908366, 0.055349540710449216]"
DiagReachK2,187,KL,SS,shaped,shaped,development_DiagReachK2_s187_KL_SS,21,10560,selection,12,8.934386539371916,8.934386539371916,0.0,1.0,0.0,"[5.2945888837178545, 5.1830843687057495]","[0.0, 0.0]","[0.0, 0.0]"
DiagReachK2,187,KL,SS,shaped,shaped,development_DiagReachK2_s187_KL_SS,21,10560,acceptance,8,8.990988337319868,8.990988337319868,0.0,1.0,0.0,"[5.055492997169495, 5.328192830085754]","[0.0, 0.0]","[0.0, 0.0]"
DiagReachK2,187,KL,SS,shaped,shaped,development_DiagReachK2_s187_KL_SS,22,11040,exploration,20,6.947292907609372,6.466035230531125,0.48125767707824707,0.2,0.3,"[4.2225375294685366, 4.326815938949585]","[0.25, 0.25]","[0.03740947643915813, 0.023654707272847485]"
DiagReachK2,187,KL,SS,shaped,shaped,development_DiagReachK2_s187_KL_SS,22,11040,selection,12,9.084982140984115,9.057328615711109,0.02765352527300517,0.5833333333333334,0.4166666666666667,"[5.644566138585408, 5.670248190561931]","[0.3333333333333333, 0.08333333333333333]","[0.00544181797239518, 8.890363905165548e-05]"
DiagReachK2,187,KL,SS,shaped,shaped,development_DiagReachK2_s187_KL_SS,22,11040,acceptance,8,9.067869120571412,9.067869120571412,0.0,1.0,0.0,"[5.29889178276062, 5.403688073158264]","[0.0, 0.0]","[0.0, 0.0]"
DiagReachK2,187,KL,SS,shaped,shaped,development_DiagReachK2_s187_KL_SS,23,11520,exploration,20,7.154139116974546,5.808825046392158,1.3453140705823898,0.4,0.4,"[4.305587702989579, 4.481797611713409]","[0.25, 0.25]","[0.040538688500722266, 0.05391063690185547]"
DiagReachK2,187,KL,SS,shaped,shaped,development_DiagReachK2_s187_KL_SS,23,11520,selection,12,8.815880470098392,8.815880470098392,0.0,1.0,0.0,"[5.103681246439616, 4.821939210096995]","[0.0, 0.0]","[0.0, 0.0]"
DiagReachK2,187,KL,SS,shaped,shaped,development_DiagReachK2_s187_KL_SS,23,11520,acceptance,8,9.099834611458936,9.099834611458936,0.0,1.0,0.0,"[5.127696633338928, 5.383891940116882]","[0.0, 0.0]","[0.0, 0.0]"
DiagReachK2,187,KL,SS,shaped,shaped,development_DiagReachK2_s187_KL_SS,24,12000,exploration,20,7.394515228284291,5.556954664004733,1.8375605642795563,0.25,0.55,"[4.597036045789719, 4.73483996540308]","[0.3, 0.3]","[0.07374494473139445, 0.05004669030507406]"
DiagReachK2,187,KL,SS,shaped,shaped,development_DiagReachK2_s187_KL_SS,24,12000,selection,12,8.855426389798959,8.855426389798959,0.0,1.0,0.0,"[4.8994301954905195, 5.0194478034973145]","[0.0, 0.0]","[0.0, 0.0]"
DiagReachK2,187,KL,SS,shaped,shaped,development_DiagReachK2_s187_KL_SS,24,12000,acceptance,8,9.08789740820066,9.08789740820066,0.0,1.0,0.0,"[5.356402039527893, 5.4500967264175415]","[0.0, 0.0]","[0.0, 0.0]"
DiagReachK2,187,W2,RR,raw,raw,development_DiagReachK2_s187_W2_RR,0,480,exploration,20,6.424785625101068,4.265839304686525,2.158946320414543,0.2,0.4,"[4.442942391335964, 3.6377375394105913]","[0.2, 0.2]","[0.09764036337534586, 0.03919123013814291]"
DiagReachK2,187,W2,RR,raw,raw,development_DiagReachK2_s187_W2_RR,0,480,selection,12,8.834634118325388,8.725720686760422,0.10891343156496684,0.6666666666666666,0.3333333333333333,"[5.700884183247884, 4.96739677588145]","[0.25, 0.08333333333333333]","[0.021309806240929503, 0.0004728833834330241]"
DiagReachK2,187,W2,RR,raw,raw,development_DiagReachK2_s187_W2_RR,0,480,acceptance,8,8.527310009743088,8.527310009743088,0.0,1.0,0.0,"[5.57823634147644, 4.221619129180908]","[0.0, 0.0]","[0.0, 0.0]"
DiagReachK2,187,W2,RR,raw,raw,development_DiagReachK2_s187_W2_RR,1,960,exploration,20,6.317209709535819,3.1650437899935056,3.1521659195423126,0.15,0.55,"[4.43487134128809, 4.425499394536018]","[0.35, 0.3]","[0.16576640208562216, 0.06015518506368002]"
DiagReachK2,187,W2,RR,raw,raw,development_DiagReachK2_s187_W2_RR,1,960,selection,12,8.16631691507064,7.81640653164747,0.34991038342316944,0.3333333333333333,0.3333333333333333,"[4.976895332336426, 4.324625293413798]","[0.3333333333333333, 0.0]","[0.05345924033059015, 0.0]"
DiagReachK2,187,W2,RR,raw,raw,development_DiagReachK2_s187_W2_RR,1,960,acceptance,8,8.600977857131511,8.600977857131511,0.0,1.0,0.0,"[5.454381585121155, 4.26933753490448]","[0.0, 0.0]","[0.0, 0.0]"
DiagReachK2,187,W2,RR,raw,raw,development_DiagReachK2_s187_W2_RR,2,1440,exploration,20,5.9017033016495395,4.623467799108474,1.2782355025410652,0.4,0.2,"[3.631485065817833, 3.408883085846901]","[0.1, 0.15]","[0.03723158836364746, 0.050667405128479004]"
DiagReachK2,187,W2,RR,raw,raw,development_DiagReachK2_s187_W2_RR,2,1440,selection,12,8.417083290716013,8.281405982871851,0.135677307844162,0.6666666666666666,0.3333333333333333,"[5.914523800214131, 3.85195529460907]","[0.3333333333333333, 0.0]","[0.025813698768615723, 0.0]"
DiagReachK2,187,W2,RR,raw,raw,development_DiagReachK2_s187_W2_RR,2,1440,acceptance,8,8.570180071657525,8.570180071657525,0.0,1.0,0.0,"[5.450414180755615, 4.215962171554565]","[0.0, 0.0]","[0.0, 0.0]"
DiagReachK2,187,W2,RR,raw,raw,development_DiagReachK2_s187_W2_RR,3,1920,exploration,20,5.999298137034639,4.582100060190424,1.4171980768442154,0.05,0.2,"[3.904589319229126, 3.5034965887665748]","[0.1, 0.15]","[0.02665252288182577, 0.05766008694966633]"
DiagReachK2,187,W2,RR,raw,raw,development_DiagReachK2_s187_W2_RR,3,1920,selection,12,8.516237419533233,8.149070324189962,0.3671670953432719,0.3333333333333333,0.6666666666666666,"[6.2310813665390015, 4.324140568574269]","[0.6666666666666666, 0.0]","[0.06854140758514404, 0.0]"
DiagReachK2,187,W2,RR,raw,raw,development_DiagReachK2_s187_W2_RR,3,1920,acceptance,8,8.543914220342412,8.543914220342412,0.0,1.0,0.0,"[5.5321044921875, 4.33285129070282]","[0.0, 0.0]","[0.0, 0.0]"
DiagReachK2,187,W2,RR,raw,raw,development_DiagReachK2_s187_W2_RR,4,2400,exploration,20,6.488054705543908,4.761112315340432,1.726942390203476,0.05,0.45,"[4.699217088520527, 3.742467279732227]","[0.45, 0.1]","[0.10596095323562622, 0.02640671730041504]"
DiagReachK2,187,W2,RR,raw,raw,development_DiagReachK2_s187_W2_RR,4,2400,selection,12,8.695013246596014,8.462986619929628,0.23202662666638693,0.6666666666666666,0.3333333333333333,"[5.709403951962789, 4.464753786722819]","[0.3333333333333333, 0.0]","[0.039387305577596045, 0.0]"
DiagReachK2,187,W2,RR,raw,raw,development_DiagReachK2_s187_W2_RR,4,2400,acceptance,8,8.52163381758146,8.52163381758146,0.0,1.0,0.0,"[5.471795320510864, 4.1516783237457275]","[0.0, 0.0]","[0.0, 0.0]"
DiagReachK2,187,W2,RR,raw,raw,development_DiagReachK2_s187_W2_RR,5,2880,exploration,20,6.331085154031753,6.224326097582817,0.10675905644893646,0.45,0.1,"[3.77653975635767, 3.171602502465248]","[0.1, 0.0]","[0.013078999519348145, 0.0]"
DiagReachK2,187,W2,RR,raw,raw,development_DiagReachK2_s187_W2_RR,5,2880,selection,12,8.698303769676324,8.555842112152215,0.1424616575241089,0.6666666666666666,0.3333333333333333,"[5.76125446955363, 4.824193278948466]","[0.3333333333333333, 0.0]","[0.0283244980706109, 0.0]"
DiagReachK2,187,W2,RR,raw,raw,development_DiagReachK2_s187_W2_RR,5,2880,acceptance,8,8.776495141792111,8.776495141792111,0.0,1.0,0.0,"[5.4027183055877686, 4.776127874851227]","[0.0, 0.0]","[0.0, 0.0]"
DiagReachK2,187,W2,RR,raw,raw,development_DiagReachK2_s187_W2_RR,6,3360,exploration,20,6.247191609865986,4.073939340240322,2.1732522696256638,0.05,0.35,"[3.4134198144078254, 4.429396563768387]","[0.05, 0.3]","[0.04743396441141764, 0.10077546437581379]"
DiagReachK2,187,W2,RR,raw,raw,development_DiagReachK2_s187_W2_RR,6,3360,selection,12,8.828786133627483,8.682031550904503,0.14675458272298178,0.6666666666666666,0.3333333333333333,"[5.1490012009938555, 5.552692810694377]","[0.3333333333333333, 0.25]","[0.02405713664160834, 0.00400818056530422]"
DiagReachK2,187,W2,RR,raw,raw,development_DiagReachK2_s187_W2_RR,6,3360,acceptance,8,8.981293267384173,8.981293267384173,0.0,1.0,0.0,"[5.4158759117126465, 5.3426854610443115]","[0.0, 0.0]","[0.0, 0.0]"
DiagReachK2,187,W2,RR,raw,raw,development_DiagReachK2_s187_W2_RR,7,3840,exploration,20,7.267133434978314,4.511121740308591,2.7560116946697235,0.2,0.45,"[5.659701132774353, 4.079950106143952]","[0.4, 0.15]","[0.14731512864430746, 0.038488364219665526]"
DiagReachK2,187,W2,RR,raw,raw,development_DiagReachK2_s187_W2_RR,7,3840,selection,12,9.118768206277549,8.54931834443317,0.5694498618443807,0.5833333333333334,0.4166666666666667,"[4.995545109113057, 6.108285506566365]","[0.0, 0.4166666666666667]","[0.0, 0.05249623457590737]"
DiagReachK2,187,W2,RR,raw,raw,development_DiagReachK2_s187_W2_RR,7,3840,acceptance,8,8.990477329306305,8.990477329306305,0.0,1.0,0.0,"[5.448326945304871, 5.320266842842102]","[0.0, 0.0]","[0.0, 0.0]"
DiagReachK2,187,W2,RR,raw,raw,development_DiagReachK2_s187_W2_RR,8,4320,exploration,20,6.5254844203882385,4.526685692399041,1.9987987279891968,0.3,0.4,"[4.432319037616253, 4.028015494346619]","[0.25, 0.2]","[0.0923405369122823, 0.04024452765782675]"
DiagReachK2,187,W2,RR,raw,raw,development_DiagReachK2_s187_W2_RR,8,4320,selection,12,8.996455081435851,8.725189177327168,0.2712659041086833,0.3333333333333333,0.6666666666666666,"[5.3392990827560425, 5.64812175432841]","[0.3333333333333333, 0.3333333333333333]","[0.03656734360588922, 0.012870881292555056]"
DiagReachK2,187,W2,RR,raw,raw,development_DiagReachK2_s187_W2_RR,8,4320,acceptance,8,9.037993003753947,9.037993003753947,0.0,1.0,0.0,"[5.350480437278748, 5.404115438461304]","[0.0, 0.0]","[0.0, 0.0]"
DiagReachK2,187,W2,RR,raw,raw,development_DiagReachK2_s187_W2_RR,9,4800,exploration,20,6.5985263027297325,3.8649840913759532,2.733542211353779,0.0,0.7,"[4.613261367380619, 4.861440466344357]","[0.4, 0.35]","[0.13695956071217852, 0.06251371701558431]"
DiagReachK2,187,W2,RR,raw,raw,development_DiagReachK2_s187_W2_RR,9,4800,selection,12,9.200082355776493,9.12587054971761,0.07421180605888367,0.5833333333333334,0.4166666666666667,"[5.612025856971741, 5.819486339886983]","[0.08333333333333333, 0.3333333333333333]","[0.0037746495670742397, 0.010005606545342346]"
DiagReachK2,187,W2,RR,raw,raw,development_DiagReachK2_s187_W2_RR,9,4800,acceptance,8,8.958214294561184,8.958214294561184,0.0,1.0,0.0,"[5.332568526268005, 5.348729610443115]","[0.0, 0.0]","[0.0, 0.0]"
DiagReachK2,187,W2,RR,raw,raw,development_DiagReachK2_s187_W2_RR,10,5280,exploration,20,6.282043840531841,4.2762217631383095,2.005822077393532,0.15,0.4,"[3.465266466140747, 4.596463572978974]","[0.15, 0.4]","[0.06564361651738485, 0.05722926060358684]"
DiagReachK2,187,W2,RR,raw,raw,development_DiagReachK2_s187_W2_RR,10,5280,selection,12,8.909175201257069,8.632844317952792,0.2763308833042781,0.6666666666666666,0.3333333333333333,"[5.3740982214609785, 5.369711597760518]","[0.3333333333333333, 0.3333333333333333]","[0.03840731912189058, 0.008823977576361755]"
DiagReachK2,187,W2,RR,raw,raw,development_DiagReachK2_s187_W2_RR,10,5280,acceptance,8,9.037884074472823,9.037884074472823,0.0,1.0,0.0,"[5.424535274505615, 5.504377841949463]","[0.0, 0.0]","[0.0, 0.0]"
DiagReachK2,187,W2,RR,raw,raw,development_DiagReachK2_s187_W2_RR,11,5760,exploration,20,6.474926663634832,3.5597561505413617,2.9151705130934715,0.15,0.45,"[3.994403971731663, 4.538670086860657]","[0.25, 0.3]","[0.10378592809041343, 0.07217555046081543]"
DiagReachK2,187,W2,RR,raw,raw,development_DiagReachK2_s187_W2_RR,11,5760,selection,12,8.881795833929209,8.603872538033949,0.2779232958952586,0.6666666666666666,0.3333333333333333,"[5.37483016649882, 5.470872004826863]","[0.3333333333333333, 0.08333333333333333]","[0.04634114106496177, 0.00013546148935953775]"
DiagReachK2,187,W2,RR,raw,raw,development_DiagReachK2_s187_W2_RR,11,5760,acceptance,8,8.963271631160751,8.963271631160751,0.0,1.0,0.0,"[5.425809264183044, 5.255368947982788]","[0.0, 0.0]","[0.0, 0.0]"
DiagReachK2,187,W2,RR,raw,raw,development_DiagReachK2_s187_W2_RR,12,6240,exploration,20,7.5809984694854915,3.259216543628427,4.321781925857067,0.25,0.6,"[5.732598632574081, 5.248975998163223]","[0.4, 0.3]","[0.1637150327364604, 0.08214336236317951]"
DiagReachK2,187,W2,RR,raw,raw,development_DiagReachK2_s187_W2_RR,12,6240,selection,12,8.663027209471208,8.374758534064433,0.28826867540677387,0.6666666666666666,0.3333333333333333,"[5.163584252198537, 5.400373935699463]","[0.3333333333333333, 0.3333333333333333]","[0.03043932384914823, 0.02169629600312976]"
DiagReachK2,187,W2,RR,raw,raw,development_DiagReachK2_s187_W2_RR,12,6240,acceptance,8,8.996976563800127,8.996976563800127,0.0,1.0,0.0,"[5.4668720960617065, 5.361878752708435]","[0.0, 0.0]","[0.0, 0.0]"
DiagReachK2,187,W2,RR,raw,raw,development_DiagReachK2_s187_W2_RR,13,6720,exploration,20,6.5149485456431275,4.8498617547238245,1.665086790919304,0.1,0.45,"[4.707367944717407, 4.171664018929005]","[0.3, 0.2]","[0.09628400802612305, 0.03695002396901448]"
DiagReachK2,187,W2,RR,raw,raw,development_DiagReachK2_s187_W2_RR,13,6720,selection,12,9.02909743200289,8.861399962609477,0.16769746939341226,0.6666666666666666,0.3333333333333333,"[5.570467670758565, 5.351418058077495]","[0.3333333333333333, 0.0]","[0.030714107884301067, 0.0]"
DiagReachK2,187,W2,RR,raw,raw,development_DiagReachK2_s187_W2_RR,13,6720,acceptance,8,9.019113677600398,9.019113677600398,0.0,1.0,0.0,"[5.315820336341858, 5.379916787147522]","[0.0, 0.0]","[0.0, 0.0]"
DiagReachK2,187,W2,RR,raw,raw,development_DiagReachK2_s187_W2_RR,14,7200,exploration,20,6.808428626477834,5.12023333829653,1.688195288181305,0.2,0.55,"[4.594721919298172, 4.755293546617031]","[0.25, 0.3]","[0.051036902268727626, 0.09459723234176635]"
DiagReachK2,187,W2,RR,raw,raw,development_DiagReachK2_s187_W2_RR,14,7200,selection,12,8.970361673040314,8.763178510668997,0.20718316237131754,0.5,0.5,"[6.075480620066325, 5.442545056343079]","[0.5, 0.0]","[0.03914558225207859, 0.0]"
DiagReachK2,187,W2,RR,raw,raw,development_DiagReachK2_s187_W2_RR,14,7200,acceptance,8,9.0433374423068,9.0433374423068,0.0,1.0,0.0,"[5.380940079689026, 5.3730984926223755]","[0.0, 0.0]","[0.0, 0.0]"
DiagReachK2,187,W2,RR,raw,raw,development_DiagReachK2_s187_W2_RR,15,7680,exploration,20,6.937844876036979,3.9000547936419023,3.0377900823950768,0.15,0.45,"[4.892645400762558, 4.358517438173294]","[0.3, 0.3]","[0.11115930080413819, 0.08247036933898926]"
DiagReachK2,187,W2,RR,raw,raw,development_DiagReachK2_s187_W2_RR,15,7680,selection,12,8.748933232941834,8.484188350159533,0.2647448827823003,0.6666666666666666,0.3333333333333333,"[5.059892614682515, 5.5312643845876055]","[0.3333333333333333, 0.16666666666666666]","[0.04150013128916422, 0.003565529982248942]"
DiagReachK2,187,W2,RR,raw,raw,development_DiagReachK2_s187_W2_RR,15,7680,acceptance,8,8.974663471290842,8.974663471290842,0.0,1.0,0.0,"[5.561327934265137, 5.424264907836914]","[0.0, 0.0]","[0.0, 0.0]"
DiagReachK2,187,W2,RR,raw,raw,development_DiagReachK2_s187_W2_RR,16,8160,exploration,20,6.471927399701672,4.984373371071415,1.4875540286302567,0.2,0.35,"[4.381603200733662, 3.938493511080742]","[0.3, 0.1]","[0.08547309239705404, 0.027027372519175218]"
DiagReachK2,187,W2,RR,raw,raw,development_DiagReachK2_s187_W2_RR,16,8160,selection,12,8.86179753259785,8.701513962109555,0.16028357048829397,0.6666666666666666,0.3333333333333333,"[5.111441453297933, 5.584486564000447]","[0.16666666666666666, 0.3333333333333333]","[0.0032390819655524483, 0.021133336755964478]"
DiagReachK2,187,W2,RR,raw,raw,development_DiagReachK2_s187_W2_RR,16,8160,acceptance,8,8.993106663553046,8.987384468642997,0.0057221949100494385,0.75,0.25,"[5.526555895805359, 5.273690342903137]","[0.25, 0.0]","[0.0011444489161173688, 0.0]"
DiagReachK2,187,W2,RR,raw,raw,development_DiagReachK2_s187_W2_RR,17,8640,exploration,20,7.206826982520289,3.416398880503839,3.790428102016449,0.1,0.6,"[5.032676160335541, 5.349504148960113]","[0.35, 0.45]","[0.11161899169286094, 0.15348283052444459]"
DiagReachK2,187,W2,RR,raw,raw,development_DiagReachK2_s187_W2_RR,17,8640,selection,12,8.820573515776777,8.494695551280165,0.32587796449661255,0.6666666666666666,0.3333333333333333,"[5.5651640097300215, 5.136874357859294]","[0.3333333333333333, 0.0]","[0.05102425813674929, 0.0]"
DiagReachK2,187,W2,RR,raw,raw,development_DiagReachK2_s187_W2_RR,17,8640,acceptance,8,8.991177367419004,8.991177367419004,0.0,1.0,0.0,"[5.637366056442261, 5.443821549415588]","[0.0, 0.0]","[0.0, 0.0]"
DiagReachK2,187,W2,RR,raw,raw,development_DiagReachK2_s187_W2_RR,18,9120,exploration,20,6.4091441475693145,4.326703309351578,2.0824408382177353,0.1,0.35,"[4.353546422719956, 3.562923538684845]","[0.3, 0.15]","[0.07019795576731364, 0.06723700364430744]"
DiagReachK2,187,W2,RR,raw,raw,development_DiagReachK2_s187_W2_RR,18,9120,selection,12,8.623299270206433,8.077603846126538,0.545695424079895,0.5833333333333334,0.4166666666666667,"[5.728162189324697, 4.751619100570679]","[0.4166666666666667, 0.0]","[0.07208009560902912, 0.0]"
DiagReachK2,187,W2,RR,raw,raw,development_DiagReachK2_s187_W2_RR,18,9120,acceptance,8,8.450706471663944,8.450706471663944,0.0,1.0,0.0,"[4.66235476732254, 4.4164628982543945]","[0.0, 0.0]","[0.0, 0.0]"
DiagReachK2,187,W2,RR,raw,raw,development_DiagReachK2_s187_W2_RR,19,9600,exploration,20,6.82360831723432,4.635904335238738,2.1877039819955826,0.2,0.4,"[4.605185449123383, 4.4262383952736855]","[0.3, 0.2]","[0.1265532374382019, 0.03546988566716512]"
DiagReachK2,187,W2,RR,raw,raw,development_DiagReachK2_s187_W2_RR,19,9600,selection,12,8.807114233751902,8.730549434999435,0.07656479875246684,0.75,0.25,"[5.084098716576894, 5.6523207028706866]","[0.25, 0.25]","[0.010859244399600565, 0.004453725285000283]"
DiagReachK2,187,W2,RR,raw,raw,development_DiagReachK2_s187_W2_RR,19,9600,acceptance,8,8.979383897595108,8.979383897595108,0.0,1.0,0.0,"[5.6962891817092896, 5.493447661399841]","[0.0, 0.0]","[0.0, 0.0]"
DiagReachK2,187,W2,RR,raw,raw,development_DiagReachK2_s187_W2_RR,20,10080,exploration,20,6.104144078182289,5.3412746605149,0.7628694176673889,0.25,0.25,"[3.0908919304609297, 3.9963552981615065]","[0.05, 0.25]","[0.034523534774780276, 0.023530491193135585]"
DiagReachK2,187,W2,RR,raw,raw,development_DiagReachK2_s187_W2_RR,20,10080,selection,12,8.925503042172931,8.448258337211154,0.47724470496177673,0.5833333333333334,0.4166666666666667,"[5.519116759300232, 5.782304247220357]","[0.3333333333333333, 0.25]","[0.06368160247802734, 0.007407512929704448]"
DiagReachK2,187,W2,RR,raw,raw,development_DiagReachK2_s187_W2_RR,20,10080,acceptance,8,8.97592989075929,8.97592989075929,0.0,1.0,0.0,"[5.57568359375, 5.3793171644210815]","[0.0, 0.0]","[0.0, 0.0]"
DiagReachK2,187,W2,RR,raw,raw,development_DiagReachK2_s187_W2_RR,21,10560,exploration,20,6.444549502725714,5.887170465583914,0.5573790371417999,0.25,0.25,"[3.6577443942427634, 4.367910411953926]","[0.05, 0.2]","[0.014852150281270349, 0.03813827037811281]"
DiagReachK2,187,W2,RR,raw,raw,development_DiagReachK2_s187_W2_RR,21,10560,selection,12,9.197321107548973,8.799797590139013,0.39752351740996045,0.5,0.5,"[5.899633288383484, 6.010618527730306]","[0.3333333333333333, 0.5]","[0.022293150424957293, 0.032282729943593325]"
DiagReachK2,187,W2,RR,raw,raw,development_DiagReachK2_s187_W2_RR,21,10560,acceptance,8,9.02607488189824,9.02607488189824,0.0,1.0,0.0,"[5.4423346519470215, 5.381716966629028]","[0.0, 0.0]","[0.0, 0.0]"
DiagReachK2,187,W2,RR,raw,raw,development_DiagReachK2_s187_W2_RR,22,11040,exploration,20,7.117077090912498,3.463416629605927,3.653660461306572,0.2,0.55,"[5.448193860054016, 4.430903536081314]","[0.45, 0.3]","[0.17271574338277182, 0.07046420574188231]"
DiagReachK2,187,W2,RR,raw,raw,development_DiagReachK2_s187_W2_RR,22,11040,selection,12,8.599482332822664,8.465111260768754,0.1343710720539093,0.6666666666666666,0.3333333333333333,"[5.130898574988048, 5.2081319491068525]","[0.3333333333333333, 0.0]","[0.026076707575056295, 0.0]"
DiagReachK2,187,W2,RR,raw,raw,development_DiagReachK2_s187_W2_RR,22,11040,acceptance,8,8.989294507796878,8.989294507796878,0.0,1.0,0.0,"[5.459028482437134, 5.339839458465576]","[0.0, 0.0]","[0.0, 0.0]"
DiagReachK2,187,W2,RR,raw,raw,development_DiagReachK2_s187_W2_RR,23,11520,exploration,20,7.248757272604854,5.844983398560435,1.4037738740444183,0.3,0.5,"[5.204347425699234, 4.3805324107408525]","[0.35, 0.3]","[0.07852157751719158, 0.05330126682917278]"
DiagReachK2,187,W2,RR,raw,raw,development_DiagReachK2_s187_W2_RR,23,11520,selection,12,8.829213579012624,8.616178358111453,0.21303522090117136,0.6666666666666666,0.3333333333333333,"[5.312707146008809, 5.243014812469482]","[0.3333333333333333, 0.0]","[0.037242816554175474, 0.0]"
DiagReachK2,187,W2,RR,raw,raw,development_DiagReachK2_s187_W2_RR,23,11520,acceptance,8,9.000679510948249,9.000679510948249,0.0,1.0,0.0,"[5.085366487503052, 5.328268647193909]","[0.0, 0.0]","[0.0, 0.0]"
DiagReachK2,187,W2,RR,raw,raw,development_DiagReachK2_s187_W2_RR,24,12000,exploration,20,7.001205658246763,5.092327257324942,1.9088784009218216,0.1,0.5,"[4.644629508256912, 4.842820423841476]","[0.3, 0.4]","[0.06812191406885781, 0.06722354888916017]"
DiagReachK2,187,W2,RR,raw,raw,development_DiagReachK2_s187_W2_RR,24,12000,selection,12,8.954755458583046,8.724424658566326,0.2303308000167211,0.6666666666666666,0.3333333333333333,"[5.597580869992574, 5.516899387041728]","[0.3333333333333333, 0.3333333333333333]","[0.02233471473058063, 0.0166701939370897]"
DiagReachK2,187,W2,RR,raw,raw,development_DiagReachK2_s187_W2_RR,24,12000,acceptance,8,9.011906652059405,9.011906652059405,0.0,1.0,0.0,"[5.551382899284363, 5.403770208358765]","[0.0, 0.0]","[0.0, 0.0]"
DiagReachK2,187,W2,RS,raw,shaped,development_DiagReachK2_s187_W2_RS,0,480,exploration,20,6.424785625101068,4.265839304686525,2.158946320414543,0.2,0.4,"[4.442942391335964, 3.6377375394105913]","[0.2, 0.2]","[0.09764036337534586, 0.03919123013814291]"
DiagReachK2,187,W2,RS,raw,shaped,development_DiagReachK2_s187_W2_RS,0,480,selection,12,8.834634118325388,8.725720686760422,0.10891343156496684,0.6666666666666666,0.3333333333333333,"[5.700884183247884, 4.96739677588145]","[0.25, 0.08333333333333333]","[0.021309806240929503, 0.0004728833834330241]"
DiagReachK2,187,W2,RS,raw,shaped,development_DiagReachK2_s187_W2_RS,0,480,acceptance,8,8.527310009743088,8.527310009743088,0.0,1.0,0.0,"[5.57823634147644, 4.221619129180908]","[0.0, 0.0]","[0.0, 0.0]"
DiagReachK2,187,W2,RS,raw,shaped,development_DiagReachK2_s187_W2_RS,1,960,exploration,20,6.317209709535819,3.1650437899935056,3.1521659195423126,0.15,0.55,"[4.43487134128809, 4.425499394536018]","[0.35, 0.3]","[0.16576640208562216, 0.06015518506368002]"
DiagReachK2,187,W2,RS,raw,shaped,development_DiagReachK2_s187_W2_RS,1,960,selection,12,8.16631691507064,7.81640653164747,0.34991038342316944,0.3333333333333333,0.3333333333333333,"[4.976895332336426, 4.324625293413798]","[0.3333333333333333, 0.0]","[0.05345924033059015, 0.0]"
DiagReachK2,187,W2,RS,raw,shaped,development_DiagReachK2_s187_W2_RS,1,960,acceptance,8,8.600977857131511,8.600977857131511,0.0,1.0,0.0,"[5.454381585121155, 4.26933753490448]","[0.0, 0.0]","[0.0, 0.0]"
DiagReachK2,187,W2,RS,raw,shaped,development_DiagReachK2_s187_W2_RS,2,1440,exploration,20,5.9017033016495395,4.623467799108474,1.2782355025410652,0.4,0.2,"[3.631485065817833, 3.408883085846901]","[0.1, 0.15]","[0.03723158836364746, 0.050667405128479004]"
DiagReachK2,187,W2,RS,raw,shaped,development_DiagReachK2_s187_W2_RS,2,1440,selection,12,8.417083290716013,8.281405982871851,0.135677307844162,0.6666666666666666,0.3333333333333333,"[5.914523800214131, 3.85195529460907]","[0.3333333333333333, 0.0]","[0.025813698768615723, 0.0]"
DiagReachK2,187,W2,RS,raw,shaped,development_DiagReachK2_s187_W2_RS,2,1440,acceptance,8,8.570180071657525,8.570180071657525,0.0,1.0,0.0,"[5.450414180755615, 4.215962171554565]","[0.0, 0.0]","[0.0, 0.0]"
DiagReachK2,187,W2,RS,raw,shaped,development_DiagReachK2_s187_W2_RS,3,1920,exploration,20,5.999298137034639,4.582100060190424,1.4171980768442154,0.05,0.2,"[3.904589319229126, 3.5034965887665748]","[0.1, 0.15]","[0.02665252288182577, 0.05766008694966633]"
DiagReachK2,187,W2,RS,raw,shaped,development_DiagReachK2_s187_W2_RS,3,1920,selection,12,8.516237419533233,8.149070324189962,0.3671670953432719,0.3333333333333333,0.6666666666666666,"[6.2310813665390015, 4.324140568574269]","[0.6666666666666666, 0.0]","[0.06854140758514404, 0.0]"
DiagReachK2,187,W2,RS,raw,shaped,development_DiagReachK2_s187_W2_RS,3,1920,acceptance,8,8.543914220342412,8.543914220342412,0.0,1.0,0.0,"[5.5321044921875, 4.33285129070282]","[0.0, 0.0]","[0.0, 0.0]"
DiagReachK2,187,W2,RS,raw,shaped,development_DiagReachK2_s187_W2_RS,4,2400,exploration,20,6.488054705543908,4.761112315340432,1.726942390203476,0.05,0.45,"[4.699217088520527, 3.742467279732227]","[0.45, 0.1]","[0.10596095323562622, 0.02640671730041504]"
DiagReachK2,187,W2,RS,raw,shaped,development_DiagReachK2_s187_W2_RS,4,2400,selection,12,8.695013246596014,8.462986619929628,0.23202662666638693,0.6666666666666666,0.3333333333333333,"[5.709403951962789, 4.464753786722819]","[0.3333333333333333, 0.0]","[0.039387305577596045, 0.0]"
DiagReachK2,187,W2,RS,raw,shaped,development_DiagReachK2_s187_W2_RS,4,2400,acceptance,8,8.52163381758146,8.52163381758146,0.0,1.0,0.0,"[5.471795320510864, 4.1516783237457275]","[0.0, 0.0]","[0.0, 0.0]"
DiagReachK2,187,W2,RS,raw,shaped,development_DiagReachK2_s187_W2_RS,5,2880,exploration,20,6.331085154031753,6.224326097582817,0.10675905644893646,0.45,0.1,"[3.77653975635767, 3.171602502465248]","[0.1, 0.0]","[0.013078999519348145, 0.0]"
DiagReachK2,187,W2,RS,raw,shaped,development_DiagReachK2_s187_W2_RS,5,2880,selection,12,8.698303769676324,8.555842112152215,0.1424616575241089,0.6666666666666666,0.3333333333333333,"[5.76125446955363, 4.824193278948466]","[0.3333333333333333, 0.0]","[0.0283244980706109, 0.0]"
DiagReachK2,187,W2,RS,raw,shaped,development_DiagReachK2_s187_W2_RS,5,2880,acceptance,8,8.776495141792111,8.776495141792111,0.0,1.0,0.0,"[5.4027183055877686, 4.776127874851227]","[0.0, 0.0]","[0.0, 0.0]"
DiagReachK2,187,W2,RS,raw,shaped,development_DiagReachK2_s187_W2_RS,6,3360,exploration,20,6.247191609865986,4.073939340240322,2.1732522696256638,0.05,0.35,"[3.4134198144078254, 4.429396563768387]","[0.05, 0.3]","[0.04743396441141764, 0.10077546437581379]"
DiagReachK2,187,W2,RS,raw,shaped,development_DiagReachK2_s187_W2_RS,6,3360,selection,12,8.828786133627483,8.682031550904503,0.14675458272298178,0.6666666666666666,0.3333333333333333,"[5.1490012009938555, 5.552692810694377]","[0.3333333333333333, 0.25]","[0.02405713664160834, 0.00400818056530422]"
DiagReachK2,187,W2,RS,raw,shaped,development_DiagReachK2_s187_W2_RS,6,3360,acceptance,8,8.981293267384173,8.981293267384173,0.0,1.0,0.0,"[5.4158759117126465, 5.3426854610443115]","[0.0, 0.0]","[0.0, 0.0]"
DiagReachK2,187,W2,RS,raw,shaped,development_DiagReachK2_s187_W2_RS,7,3840,exploration,20,7.267133434978314,4.511121740308591,2.7560116946697235,0.2,0.45,"[5.659701132774353, 4.079950106143952]","[0.4, 0.15]","[0.14731512864430746, 0.038488364219665526]"
DiagReachK2,187,W2,RS,raw,shaped,development_DiagReachK2_s187_W2_RS,7,3840,selection,12,9.118768206277549,8.54931834443317,0.5694498618443807,0.5833333333333334,0.4166666666666667,"[4.995545109113057, 6.108285506566365]","[0.0, 0.4166666666666667]","[0.0, 0.05249623457590737]"
DiagReachK2,187,W2,RS,raw,shaped,development_DiagReachK2_s187_W2_RS,7,3840,acceptance,8,8.990477329306305,8.990477329306305,0.0,1.0,0.0,"[5.448326945304871, 5.320266842842102]","[0.0, 0.0]","[0.0, 0.0]"
DiagReachK2,187,W2,RS,raw,shaped,development_DiagReachK2_s187_W2_RS,8,4320,exploration,20,6.5254844203882385,4.526685692399041,1.9987987279891968,0.3,0.4,"[4.432319037616253, 4.028015494346619]","[0.25, 0.2]","[0.0923405369122823, 0.04024452765782675]"
DiagReachK2,187,W2,RS,raw,shaped,development_DiagReachK2_s187_W2_RS,8,4320,selection,12,8.996455081435851,8.725189177327168,0.2712659041086833,0.3333333333333333,0.6666666666666666,"[5.3392990827560425, 5.64812175432841]","[0.3333333333333333, 0.3333333333333333]","[0.03656734360588922, 0.012870881292555056]"
DiagReachK2,187,W2,RS,raw,shaped,development_DiagReachK2_s187_W2_RS,8,4320,acceptance,8,9.037993003753947,9.037993003753947,0.0,1.0,0.0,"[5.350480437278748, 5.404115438461304]","[0.0, 0.0]","[0.0, 0.0]"
DiagReachK2,187,W2,RS,raw,shaped,development_DiagReachK2_s187_W2_RS,9,4800,exploration,20,6.5985263027297325,3.8649840913759532,2.733542211353779,0.0,0.7,"[4.613261367380619, 4.861440466344357]","[0.4, 0.35]","[0.13695956071217852, 0.06251371701558431]"
DiagReachK2,187,W2,RS,raw,shaped,development_DiagReachK2_s187_W2_RS,9,4800,selection,12,9.200082355776493,9.12587054971761,0.07421180605888367,0.5833333333333334,0.4166666666666667,"[5.612025856971741, 5.819486339886983]","[0.08333333333333333, 0.3333333333333333]","[0.0037746495670742397, 0.010005606545342346]"
DiagReachK2,187,W2,RS,raw,shaped,development_DiagReachK2_s187_W2_RS,9,4800,acceptance,8,8.958214294561184,8.958214294561184,0.0,1.0,0.0,"[5.332568526268005, 5.348729610443115]","[0.0, 0.0]","[0.0, 0.0]"
DiagReachK2,187,W2,RS,raw,shaped,development_DiagReachK2_s187_W2_RS,10,5280,exploration,20,6.282043840531841,4.2762217631383095,2.005822077393532,0.15,0.4,"[3.465266466140747, 4.596463572978974]","[0.15, 0.4]","[0.06564361651738485, 0.05722926060358684]"
DiagReachK2,187,W2,RS,raw,shaped,development_DiagReachK2_s187_W2_RS,10,5280,selection,12,8.909175201257069,8.632844317952792,0.2763308833042781,0.6666666666666666,0.3333333333333333,"[5.3740982214609785, 5.369711597760518]","[0.3333333333333333, 0.3333333333333333]","[0.03840731912189058, 0.008823977576361755]"
DiagReachK2,187,W2,RS,raw,shaped,development_DiagReachK2_s187_W2_RS,10,5280,acceptance,8,9.037884074472823,9.037884074472823,0.0,1.0,0.0,"[5.424535274505615, 5.504377841949463]","[0.0, 0.0]","[0.0, 0.0]"
DiagReachK2,187,W2,RS,raw,shaped,development_DiagReachK2_s187_W2_RS,11,5760,exploration,20,6.474926663634832,3.5597561505413617,2.9151705130934715,0.15,0.45,"[3.994403971731663, 4.538670086860657]","[0.25, 0.3]","[0.10378592809041343, 0.07217555046081543]"
DiagReachK2,187,W2,RS,raw,shaped,development_DiagReachK2_s187_W2_RS,11,5760,selection,12,8.881795833929209,8.603872538033949,0.2779232958952586,0.6666666666666666,0.3333333333333333,"[5.37483016649882, 5.470872004826863]","[0.3333333333333333, 0.08333333333333333]","[0.04634114106496177, 0.00013546148935953775]"
DiagReachK2,187,W2,RS,raw,shaped,development_DiagReachK2_s187_W2_RS,11,5760,acceptance,8,8.963271631160751,8.963271631160751,0.0,1.0,0.0,"[5.425809264183044, 5.255368947982788]","[0.0, 0.0]","[0.0, 0.0]"
DiagReachK2,187,W2,RS,raw,shaped,development_DiagReachK2_s187_W2_RS,12,6240,exploration,20,7.5809984694854915,3.259216543628427,4.321781925857067,0.25,0.6,"[5.732598632574081, 5.248975998163223]","[0.4, 0.3]","[0.1637150327364604, 0.08214336236317951]"
DiagReachK2,187,W2,RS,raw,shaped,development_DiagReachK2_s187_W2_RS,12,6240,selection,12,8.663027209471208,8.374758534064433,0.28826867540677387,0.6666666666666666,0.3333333333333333,"[5.163584252198537, 5.400373935699463]","[0.3333333333333333, 0.3333333333333333]","[0.03043932384914823, 0.02169629600312976]"
DiagReachK2,187,W2,RS,raw,shaped,development_DiagReachK2_s187_W2_RS,12,6240,acceptance,8,8.996976563800127,8.996976563800127,0.0,1.0,0.0,"[5.4668720960617065, 5.361878752708435]","[0.0, 0.0]","[0.0, 0.0]"
DiagReachK2,187,W2,RS,raw,shaped,development_DiagReachK2_s187_W2_RS,13,6720,exploration,20,6.5149485456431275,4.8498617547238245,1.665086790919304,0.1,0.45,"[4.707367944717407, 4.171664018929005]","[0.3, 0.2]","[0.09628400802612305, 0.03695002396901448]"
DiagReachK2,187,W2,RS,raw,shaped,development_DiagReachK2_s187_W2_RS,13,6720,selection,12,9.02909743200289,8.861399962609477,0.16769746939341226,0.6666666666666666,0.3333333333333333,"[5.570467670758565, 5.351418058077495]","[0.3333333333333333, 0.0]","[0.030714107884301067, 0.0]"
DiagReachK2,187,W2,RS,raw,shaped,development_DiagReachK2_s187_W2_RS,13,6720,acceptance,8,9.019113677600398,9.019113677600398,0.0,1.0,0.0,"[5.315820336341858, 5.379916787147522]","[0.0, 0.0]","[0.0, 0.0]"
DiagReachK2,187,W2,RS,raw,shaped,development_DiagReachK2_s187_W2_RS,14,7200,exploration,20,6.808428626477834,5.12023333829653,1.688195288181305,0.2,0.55,"[4.594721919298172, 4.755293546617031]","[0.25, 0.3]","[0.051036902268727626, 0.09459723234176635]"
DiagReachK2,187,W2,RS,raw,shaped,development_DiagReachK2_s187_W2_RS,14,7200,selection,12,8.970361673040314,8.763178510668997,0.20718316237131754,0.5,0.5,"[6.075480620066325, 5.442545056343079]","[0.5, 0.0]","[0.03914558225207859, 0.0]"
DiagReachK2,187,W2,RS,raw,shaped,development_DiagReachK2_s187_W2_RS,14,7200,acceptance,8,9.0433374423068,9.0433374423068,0.0,1.0,0.0,"[5.380940079689026, 5.3730984926223755]","[0.0, 0.0]","[0.0, 0.0]"
DiagReachK2,187,W2,RS,raw,shaped,development_DiagReachK2_s187_W2_RS,15,7680,exploration,20,6.937844876036979,3.9000547936419023,3.0377900823950768,0.15,0.45,"[4.892645400762558, 4.358517438173294]","[0.3, 0.3]","[0.11115930080413819, 0.08247036933898926]"
DiagReachK2,187,W2,RS,raw,shaped,development_DiagReachK2_s187_W2_RS,15,7680,selection,12,8.748933232941834,8.484188350159533,0.2647448827823003,0.6666666666666666,0.3333333333333333,"[5.059892614682515, 5.5312643845876055]","[0.3333333333333333, 0.16666666666666666]","[0.04150013128916422, 0.003565529982248942]"
DiagReachK2,187,W2,RS,raw,shaped,development_DiagReachK2_s187_W2_RS,15,7680,acceptance,8,8.974663471290842,8.974663471290842,0.0,1.0,0.0,"[5.561327934265137, 5.424264907836914]","[0.0, 0.0]","[0.0, 0.0]"
DiagReachK2,187,W2,RS,raw,shaped,development_DiagReachK2_s187_W2_RS,16,8160,exploration,20,6.471927399701672,4.984373371071415,1.4875540286302567,0.2,0.35,"[4.381603200733662, 3.938493511080742]","[0.3, 0.1]","[0.08547309239705404, 0.027027372519175218]"
DiagReachK2,187,W2,RS,raw,shaped,development_DiagReachK2_s187_W2_RS,16,8160,selection,12,8.86179753259785,8.701513962109555,0.16028357048829397,0.6666666666666666,0.3333333333333333,"[5.111441453297933, 5.584486564000447]","[0.16666666666666666, 0.3333333333333333]","[0.0032390819655524483, 0.021133336755964478]"
DiagReachK2,187,W2,RS,raw,shaped,development_DiagReachK2_s187_W2_RS,16,8160,acceptance,8,8.993106663553046,8.987384468642997,0.0057221949100494385,0.75,0.25,"[5.526555895805359, 5.273690342903137]","[0.25, 0.0]","[0.0011444489161173688, 0.0]"
DiagReachK2,187,W2,RS,raw,shaped,development_DiagReachK2_s187_W2_RS,17,8640,exploration,20,7.206826982520289,3.416398880503839,3.790428102016449,0.1,0.6,"[5.032676160335541, 5.349504148960113]","[0.35, 0.45]","[0.11161899169286094, 0.15348283052444459]"
DiagReachK2,187,W2,RS,raw,shaped,development_DiagReachK2_s187_W2_RS,17,8640,selection,12,8.820573515776777,8.494695551280165,0.32587796449661255,0.6666666666666666,0.3333333333333333,"[5.5651640097300215, 5.136874357859294]","[0.3333333333333333, 0.0]","[0.05102425813674929, 0.0]"
DiagReachK2,187,W2,RS,raw,shaped,development_DiagReachK2_s187_W2_RS,17,8640,acceptance,8,8.991177367419004,8.991177367419004,0.0,1.0,0.0,"[5.637366056442261, 5.443821549415588]","[0.0, 0.0]","[0.0, 0.0]"
DiagReachK2,187,W2,RS,raw,shaped,development_DiagReachK2_s187_W2_RS,18,9120,exploration,20,6.4091441475693145,4.326703309351578,2.0824408382177353,0.1,0.35,"[4.353546422719956, 3.562923538684845]","[0.3, 0.15]","[0.07019795576731364, 0.06723700364430744]"
DiagReachK2,187,W2,RS,raw,shaped,development_DiagReachK2_s187_W2_RS,18,9120,selection,12,8.623299270206433,8.077603846126538,0.545695424079895,0.5833333333333334,0.4166666666666667,"[5.728162189324697, 4.751619100570679]","[0.4166666666666667, 0.0]","[0.07208009560902912, 0.0]"
DiagReachK2,187,W2,RS,raw,shaped,development_DiagReachK2_s187_W2_RS,18,9120,acceptance,8,8.450706471663944,8.450706471663944,0.0,1.0,0.0,"[4.66235476732254, 4.4164628982543945]","[0.0, 0.0]","[0.0, 0.0]"
DiagReachK2,187,W2,RS,raw,shaped,development_DiagReachK2_s187_W2_RS,19,9600,exploration,20,6.82360831723432,4.635904335238738,2.1877039819955826,0.2,0.4,"[4.605185449123383, 4.4262383952736855]","[0.3, 0.2]","[0.1265532374382019, 0.03546988566716512]"
DiagReachK2,187,W2,RS,raw,shaped,development_DiagReachK2_s187_W2_RS,19,9600,selection,12,8.807114233751902,8.730549434999435,0.07656479875246684,0.75,0.25,"[5.084098716576894, 5.6523207028706866]","[0.25, 0.25]","[0.010859244399600565, 0.004453725285000283]"
DiagReachK2,187,W2,RS,raw,shaped,development_DiagReachK2_s187_W2_RS,19,9600,acceptance,8,8.979383897595108,8.979383897595108,0.0,1.0,0.0,"[5.6962891817092896, 5.493447661399841]","[0.0, 0.0]","[0.0, 0.0]"
DiagReachK2,187,W2,RS,raw,shaped,development_DiagReachK2_s187_W2_RS,20,10080,exploration,20,6.104144078182289,5.3412746605149,0.7628694176673889,0.25,0.25,"[3.0908919304609297, 3.9963552981615065]","[0.05, 0.25]","[0.034523534774780276, 0.023530491193135585]"
DiagReachK2,187,W2,RS,raw,shaped,development_DiagReachK2_s187_W2_RS,20,10080,selection,12,8.925503042172931,8.448258337211154,0.47724470496177673,0.5833333333333334,0.4166666666666667,"[5.519116759300232, 5.782304247220357]","[0.3333333333333333, 0.25]","[0.06368160247802734, 0.007407512929704448]"
DiagReachK2,187,W2,RS,raw,shaped,development_DiagReachK2_s187_W2_RS,20,10080,acceptance,8,8.97592989075929,8.97592989075929,0.0,1.0,0.0,"[5.57568359375, 5.3793171644210815]","[0.0, 0.0]","[0.0, 0.0]"
DiagReachK2,187,W2,RS,raw,shaped,development_DiagReachK2_s187_W2_RS,21,10560,exploration,20,6.444549502725714,5.887170465583914,0.5573790371417999,0.25,0.25,"[3.6577443942427634, 4.367910411953926]","[0.05, 0.2]","[0.014852150281270349, 0.03813827037811281]"
DiagReachK2,187,W2,RS,raw,shaped,development_DiagReachK2_s187_W2_RS,21,10560,selection,12,9.197321107548973,8.799797590139013,0.39752351740996045,0.5,0.5,"[5.899633288383484, 6.010618527730306]","[0.3333333333333333, 0.5]","[0.022293150424957293, 0.032282729943593325]"
DiagReachK2,187,W2,RS,raw,shaped,development_DiagReachK2_s187_W2_RS,21,10560,acceptance,8,9.02607488189824,9.02607488189824,0.0,1.0,0.0,"[5.4423346519470215, 5.381716966629028]","[0.0, 0.0]","[0.0, 0.0]"
DiagReachK2,187,W2,RS,raw,shaped,development_DiagReachK2_s187_W2_RS,22,11040,exploration,20,7.117077090912498,3.463416629605927,3.653660461306572,0.2,0.55,"[5.448193860054016, 4.430903536081314]","[0.45, 0.3]","[0.17271574338277182, 0.07046420574188231]"
DiagReachK2,187,W2,RS,raw,shaped,development_DiagReachK2_s187_W2_RS,22,11040,selection,12,8.599482332822664,8.465111260768754,0.1343710720539093,0.6666666666666666,0.3333333333333333,"[5.130898574988048, 5.2081319491068525]","[0.3333333333333333, 0.0]","[0.026076707575056295, 0.0]"
DiagReachK2,187,W2,RS,raw,shaped,development_DiagReachK2_s187_W2_RS,22,11040,acceptance,8,8.989294507796878,8.989294507796878,0.0,1.0,0.0,"[5.459028482437134, 5.339839458465576]","[0.0, 0.0]","[0.0, 0.0]"
DiagReachK2,187,W2,RS,raw,shaped,development_DiagReachK2_s187_W2_RS,23,11520,exploration,20,7.248757272604854,5.844983398560435,1.4037738740444183,0.3,0.5,"[5.204347425699234, 4.3805324107408525]","[0.35, 0.3]","[0.07852157751719158, 0.05330126682917278]"
DiagReachK2,187,W2,RS,raw,shaped,development_DiagReachK2_s187_W2_RS,23,11520,selection,12,8.829213579012624,8.616178358111453,0.21303522090117136,0.6666666666666666,0.3333333333333333,"[5.312707146008809, 5.243014812469482]","[0.3333333333333333, 0.0]","[0.037242816554175474, 0.0]"
DiagReachK2,187,W2,RS,raw,shaped,development_DiagReachK2_s187_W2_RS,23,11520,acceptance,8,9.000679510948249,9.000679510948249,0.0,1.0,0.0,"[5.085366487503052, 5.328268647193909]","[0.0, 0.0]","[0.0, 0.0]"
DiagReachK2,187,W2,RS,raw,shaped,development_DiagReachK2_s187_W2_RS,24,12000,exploration,20,7.001205658246763,5.092327257324942,1.9088784009218216,0.1,0.5,"[4.644629508256912, 4.842820423841476]","[0.3, 0.4]","[0.06812191406885781, 0.06722354888916017]"
DiagReachK2,187,W2,RS,raw,shaped,development_DiagReachK2_s187_W2_RS,24,12000,selection,12,8.954755458583046,8.724424658566326,0.2303308000167211,0.6666666666666666,0.3333333333333333,"[5.597580869992574, 5.516899387041728]","[0.3333333333333333, 0.3333333333333333]","[0.02233471473058063, 0.0166701939370897]"
DiagReachK2,187,W2,RS,raw,shaped,development_DiagReachK2_s187_W2_RS,24,12000,acceptance,8,9.011906652059405,9.011906652059405,0.0,1.0,0.0,"[5.551382899284363, 5.403770208358765]","[0.0, 0.0]","[0.0, 0.0]"
DiagReachK2,187,W2,SR,shaped,raw,development_DiagReachK2_s187_W2_SR,0,480,exploration,20,6.424785625101068,4.265839304686525,2.158946320414543,0.2,0.4,"[4.442942391335964, 3.6377375394105913]","[0.2, 0.2]","[0.09764036337534586, 0.03919123013814291]"
DiagReachK2,187,W2,SR,shaped,raw,development_DiagReachK2_s187_W2_SR,0,480,selection,12,8.688817188388203,8.686452771471037,0.0023644169171651206,0.9166666666666666,0.08333333333333333,"[5.222117106119792, 4.7274729410807295]","[0.0, 0.08333333333333333]","[0.0, 0.0004728833834330241]"
DiagReachK2,187,W2,SR,shaped,raw,development_DiagReachK2_s187_W2_SR,0,480,acceptance,8,8.527310009743088,8.527310009743088,0.0,1.0,0.0,"[5.57823634147644, 4.221619129180908]","[0.0, 0.0]","[0.0, 0.0]"
DiagReachK2,187,W2,SR,shaped,raw,development_DiagReachK2_s187_W2_SR,1,960,exploration,20,6.317209709535819,3.1650437899935056,3.1521659195423126,0.15,0.55,"[4.43487134128809, 4.425499394536018]","[0.35, 0.3]","[0.16576640208562216, 0.06015518506368002]"
DiagReachK2,187,W2,SR,shaped,raw,development_DiagReachK2_s187_W2_SR,1,960,selection,12,7.953319477390809,7.953319477390809,0.0,0.6666666666666666,0.0,"[3.975682516892751, 4.099132736523946]","[0.0, 0.0]","[0.0, 0.0]"
DiagReachK2,187,W2,SR,shaped,raw,development_DiagReachK2_s187_W2_SR,1,960,acceptance,8,8.600977857131511,8.600977857131511,0.0,1.0,0.0,"[5.454381585121155, 4.26933753490448]","[0.0, 0.0]","[0.0, 0.0]"
DiagReachK2,187,W2,SR,shaped,raw,development_DiagReachK2_s187_W2_SR,2,1440,exploration,20,5.9017033016495395,4.623467799108474,1.2782355025410652,0.4,0.2,"[3.631485065817833, 3.408883085846901]","[0.1, 0.15]","[0.03723158836364746, 0.050667405128479004]"
DiagReachK2,187,W2,SR,shaped,raw,development_DiagReachK2_s187_W2_SR,2,1440,selection,12,8.217141455885333,8.209884540713391,0.007256915171941121,0.9166666666666666,0.08333333333333333,"[5.709380189577739, 3.2870748043060303]","[0.08333333333333333, 0.0]","[0.0014513863457573846, 0.0]"
DiagReachK2,187,W2,SR,shaped,raw,development_DiagReachK2_s187_W2_SR,2,1440,acceptance,8,8.570180071657525,8.570180071657525,0.0,1.0,0.0,"[5.450414180755615, 4.215962171554565]","[0.0, 0.0]","[0.0, 0.0]"
DiagReachK2,187,W2,SR,shaped,raw,development_DiagReachK2_s187_W2_SR,3,1920,exploration,20,5.999298137034639,4.582100060190424,1.4171980768442154,0.05,0.2,"[3.904589319229126, 3.5034965887665748]","[0.1, 0.15]","[0.02665252288182577, 0.05766008694966633]"
DiagReachK2,187,W2,SR,shaped,raw,development_DiagReachK2_s187_W2_SR,3,1920,selection,12,8.37621567787137,8.103318121447229,0.27289755642414093,0.4166666666666667,0.5833333333333334,"[6.117702047030131, 3.938801030317942]","[0.5833333333333334, 0.0]","[0.04999509122636584, 0.0]"
DiagReachK2,187,W2,SR,shaped,raw,development_DiagReachK2_s187_W2_SR,3,1920,acceptance,8,8.543914220342412,8.543914220342412,0.0,1.0,0.0,"[5.5321044921875, 4.33285129070282]","[0.0, 0.0]","[0.0, 0.0]"
DiagReachK2,187,W2,SR,shaped,raw,development_DiagReachK2_s187_W2_SR,4,2400,exploration,20,6.488054705543908,4.761112315340432,1.726942390203476,0.05,0.45,"[4.699217088520527, 3.742467279732227]","[0.45, 0.1]","[0.10596095323562622, 0.02640671730041504]"
DiagReachK2,187,W2,SR,shaped,raw,development_DiagReachK2_s187_W2_SR,4,2400,selection,12,8.545807065174449,8.545807065174449,0.0,1.0,0.0,"[5.0482728481292725, 4.002498944600423]","[0.0, 0.0]","[0.0, 0.0]"
DiagReachK2,187,W2,SR,shaped,raw,development_DiagReachK2_s187_W2_SR,4,2400,acceptance,8,8.539108586107613,8.539108586107613,0.0,1.0,0.0,"[5.183048069477081, 4.111854672431946]","[0.0, 0.0]","[0.0, 0.0]"
DiagReachK2,187,W2,SR,shaped,raw,development_DiagReachK2_s187_W2_SR,5,2880,exploration,20,6.238529361244291,6.191389776226133,0.04713958501815796,0.45,0.05,"[3.550934372842312, 3.050786297023296]","[0.05, 0.0]","[0.006883434454600013, 0.0]"
DiagReachK2,187,W2,SR,shaped,raw,development_DiagReachK2_s187_W2_SR,5,2880,selection,12,8.784477232800173,8.784477232800173,0.0,1.0,0.0,"[5.176521420478821, 4.590618431568146]","[0.0, 0.0]","[0.0, 0.0]"
DiagReachK2,187,W2,SR,shaped,raw,development_DiagReachK2_s187_W2_SR,5,2880,acceptance,8,8.839690718764906,8.839690718764906,0.0,1.0,0.0,"[5.029698312282562, 4.634598761796951]","[0.0, 0.0]","[0.0, 0.0]"
DiagReachK2,187,W2,SR,shaped,raw,development_DiagReachK2_s187_W2_SR,6,3360,exploration,20,6.372093864583876,4.450263061427977,1.921830803155899,0.1,0.35,"[3.5150411486625672, 4.360586324334145]","[0.05, 0.3]","[0.045247062047322595, 0.08570950826009113]"
DiagReachK2,187,W2,SR,shaped,raw,development_DiagReachK2_s187_W2_SR,6,3360,selection,12,8.812706778148033,8.800762901404717,0.01194387674331665,0.8333333333333334,0.16666666666666666,"[4.371123393376668, 5.515705823898315]","[0.0, 0.16666666666666666]","[0.0, 0.00238877534866333]"
DiagReachK2,187,W2,SR,shaped,raw,development_DiagReachK2_s187_W2_SR,6,3360,acceptance,8,9.067318853107281,9.067318853107281,0.0,1.0,0.0,"[5.182059049606323, 5.165633678436279]","[0.0, 0.0]","[0.0, 0.0]"
DiagReachK2,187,W2,SR,shaped,raw,development_DiagReachK2_s187_W2_SR,7,3840,exploration,20,7.23116250480758,4.9473449155245905,2.2838175892829895,0.2,0.45,"[5.498039782047272, 4.101281094551086]","[0.4, 0.15]","[0.11715654929478965, 0.03686476945877075]"
DiagReachK2,187,W2,SR,shaped,raw,development_DiagReachK2_s187_W2_SR,7,3840,selection,12,8.95843285182103,8.952377268264536,0.006055583556493123,0.9166666666666666,0.08333333333333333,"[4.590038736661275, 5.493139823277791]","[0.0, 0.08333333333333333]","[0.0, 0.0012111133999294643]"
DiagReachK2,187,W2,SR,shaped,raw,development_DiagReachK2_s187_W2_SR,7,3840,acceptance,8,9.09652980347164,9.09652980347164,0.0,1.0,0.0,"[5.226935505867004, 5.158408045768738]","[0.0, 0.0]","[0.0, 0.0]"
DiagReachK2,187,W2,SR,shaped,raw,development_DiagReachK2_s187_W2_SR,8,4320,exploration,20,6.573139103571885,4.923426868836396,1.649712234735489,0.3,0.4,"[4.344500343501568, 3.9537356734275817]","[0.25, 0.2]","[0.07302266359329224, 0.033199310302734375]"
DiagReachK2,187,W2,SR,shaped,raw,development_DiagReachK2_s187_W2_SR,8,4320,selection,12,8.932154711522161,8.890581216849386,0.04157349467277527,0.6666666666666666,0.3333333333333333,"[4.6101869742075605, 5.364921132723491]","[0.0, 0.3333333333333333]","[0.0, 0.0079420804977417]"
DiagReachK2,187,W2,SR,shaped,raw,development_DiagReachK2_s187_W2_SR,8,4320,acceptance,8,9.151639604126103,9.151639604126103,0.0,1.0,0.0,"[5.1597501039505005, 5.2274816036224365]","[0.0, 0.0]","[0.0, 0.0]"
DiagReachK2,187,W2,SR,shaped,raw,development_DiagReachK2_s187_W2_SR,9,4800,exploration,20,6.676829225204419,4.576912081621121,2.0999171435832977,0.05,0.65,"[4.510286951065064, 4.739949488639832]","[0.4, 0.25]","[0.11243906418482463, 0.0458634614944458]"
DiagReachK2,187,W2,SR,shaped,raw,development_DiagReachK2_s187_W2_SR,9,4800,selection,12,9.252760890403684,9.236321134646035,0.01643975575764974,0.6666666666666666,0.3333333333333333,"[5.279529531796773, 5.651700059572856]","[0.0, 0.3333333333333333]","[0.0, 0.0032879577742682686]"
DiagReachK2,187,W2,SR,shaped,raw,development_DiagReachK2_s187_W2_SR,9,4800,acceptance,8,9.140015555161519,9.140015555161519,0.0,1.0,0.0,"[5.193621516227722, 5.404375493526459]","[0.0, 0.0]","[0.0, 0.0]"
DiagReachK2,187,W2,SR,shaped,raw,development_DiagReachK2_s187_W2_SR,10,5280,exploration,20,6.427317554750334,4.812579433121573,1.6147381216287613,0.15,0.35,"[3.407754807174206, 4.704717350006104]","[0.15, 0.35]","[0.053236039479573574, 0.044676574071248365]"
DiagReachK2,187,W2,SR,shaped,raw,development_DiagReachK2_s187_W2_SR,10,5280,selection,12,8.827963109900642,8.827963109900642,0.0,1.0,0.0,"[4.7336547176043196, 4.975890298684438]","[0.0, 0.0]","[0.0, 0.0]"
DiagReachK2,187,W2,SR,shaped,raw,development_DiagReachK2_s187_W2_SR,10,5280,acceptance,8,9.287992456019856,9.287992456019856,0.0,1.0,0.0,"[5.308315277099609, 5.7648574113845825]","[0.0, 0.0]","[0.0, 0.0]"
DiagReachK2,187,W2,SR,shaped,raw,development_DiagReachK2_s187_W2_SR,11,5760,exploration,20,6.604480208237656,5.13425356276799,1.4702266454696655,0.1,0.35,"[5.180362494289875, 3.4966845214366913]","[0.3, 0.05]","[0.0989291787147522, 0.009570578734079993]"
DiagReachK2,187,W2,SR,shaped,raw,development_DiagReachK2_s187_W2_SR,11,5760,selection,12,8.941448440698151,8.588542253322764,0.35290618737538654,0.5,0.5,"[4.7565771540006, 6.131319920221965]","[0.0, 0.5]","[0.0, 0.04210615158081055]"
DiagReachK2,187,W2,SR,shaped,raw,development_DiagReachK2_s187_W2_SR,11,5760,acceptance,8,9.232544817798772,9.232544817798772,0.0,1.0,0.0,"[5.326704144477844, 5.5808820724487305]","[0.0, 0.0]","[0.0, 0.0]"
DiagReachK2,187,W2,SR,shaped,raw,development_DiagReachK2_s187_W2_SR,12,6240,exploration,20,7.20324145777151,4.809518104027957,2.393723353743553,0.2,0.4,"[4.88418465256691, 4.784171390533447]","[0.4, 0.15]","[0.14166692892710367, 0.04576717615127564]"
DiagReachK2,187,W2,SR,shaped,raw,development_DiagReachK2_s187_W2_SR,12,6240,selection,12,8.528075935047431,8.528075935047431,0.0,0.6666666666666666,0.0,"[4.123037566741307, 5.4904147783915205]","[0.0, 0.0]","[0.0, 0.0]"
DiagReachK2,187,W2,SR,shaped,raw,development_DiagReachK2_s187_W2_SR,12,6240,acceptance,8,9.252001948934048,9.252001948934048,0.0,1.0,0.0,"[5.3580838441848755, 5.6635884046554565]","[0.0, 0.0]","[0.0, 0.0]"
DiagReachK2,187,W2,SR,shaped,raw,development_DiagReachK2_s187_W2_SR,13,6720,exploration,20,7.022833114594687,5.787990218133199,1.2348428964614868,0.3,0.3,"[5.053777766227722, 3.673450601100922]","[0.25, 0.1]","[0.07753605445226033, 0.019227155049641932]"
DiagReachK2,187,W2,SR,shaped,raw,development_DiagReachK2_s187_W2_SR,13,6720,selection,12,8.877657860518745,8.877657860518745,0.0,1.0,0.0,"[4.501626451810201, 5.687776486078898]","[0.0, 0.0]","[0.0, 0.0]"
DiagReachK2,187,W2,SR,shaped,raw,development_DiagReachK2_s187_W2_SR,13,6720,acceptance,8,9.308938207873144,9.306900623091497,0.0020375847816467285,0.75,0.25,"[5.216243803501129, 5.800760269165039]","[0.0, 0.25]","[0.0, 0.0004075169563293457]"
DiagReachK2,187,W2,SR,shaped,raw,development_DiagReachK2_s187_W2_SR,14,7200,exploration,20,6.442313072073739,5.41787454931764,1.0244385227560997,0.2,0.25,"[3.3436707496643066, 4.057008361816406]","[0.2, 0.1]","[0.026351849238077808, 0.03492866357167562]"
DiagReachK2,187,W2,SR,shaped,raw,development_DiagReachK2_s187_W2_SR,14,7200,selection,12,9.077686840695485,9.077686840695485,0.0,1.0,0.0,"[5.330096522967021, 5.263665636380513]","[0.0, 0.0]","[0.0, 0.0]"
DiagReachK2,187,W2,SR,shaped,raw,development_DiagReachK2_s187_W2_SR,14,7200,acceptance,8,9.29693540658336,9.29693540658336,0.0,1.0,0.0,"[5.289740800857544, 5.670037388801575]","[0.0, 0.0]","[0.0, 0.0]"
DiagReachK2,187,W2,SR,shaped,raw,development_DiagReachK2_s187_W2_SR,15,7680,exploration,20,6.458933048993349,5.8182535107433795,0.6406795382499695,0.25,0.35,"[3.941225904226303, 3.760253536701202]","[0.3, 0.1]","[0.04841553767522176, 0.01984523137410481]"
DiagReachK2,187,W2,SR,shaped,raw,development_DiagReachK2_s187_W2_SR,15,7680,selection,12,9.401819608670968,8.937511992516615,0.46430761615435284,0.3333333333333333,0.6666666666666666,"[5.831805785497029, 6.008512298266093]","[0.3333333333333333, 0.5]","[0.044112225373586, 0.022218823432922346]"
DiagReachK2,187,W2,SR,shaped,raw,development_DiagReachK2_s187_W2_SR,15,7680,acceptance,8,9.22982218079269,9.22982218079269,0.0,1.0,0.0,"[5.417976498603821, 5.728932023048401]","[0.0, 0.0]","[0.0, 0.0]"
DiagReachK2,187,W2,SR,shaped,raw,development_DiagReachK2_s187_W2_SR,16,8160,exploration,20,7.317850036849268,5.0247860386269165,2.293063998222351,0.2,0.4,"[4.696009624004364, 5.151821488142014]","[0.2, 0.3]","[0.07203516960144044, 0.08922894398371378]"
DiagReachK2,187,W2,SR,shaped,raw,development_DiagReachK2_s187_W2_SR,16,8160,selection,12,8.665650860245782,8.665650860245782,0.0,1.0,0.0,"[4.928112943967183, 4.593631029129028]","[0.0, 0.0]","[0.0, 0.0]"
DiagReachK2,187,W2,SR,shaped,raw,development_DiagReachK2_s187_W2_SR,16,8160,acceptance,8,9.252165547874757,9.252165547874757,0.0,1.0,0.0,"[5.398126840591431, 5.607078433036804]","[0.0, 0.0]","[0.0, 0.0]"
DiagReachK2,187,W2,SR,shaped,raw,development_DiagReachK2_s187_W2_SR,17,8640,exploration,20,7.012660373336113,6.2231015901625515,0.7895587831735611,0.2,0.45,"[3.8712253630161286, 5.060940569639206]","[0.1, 0.35]","[0.01232853730519613, 0.05425149599711101]"
DiagReachK2,187,W2,SR,shaped,raw,development_DiagReachK2_s187_W2_SR,17,8640,selection,12,9.213054254600623,9.202594732194363,0.010459522406260172,0.8333333333333334,0.16666666666666666,"[5.543884833653768, 5.329317728678386]","[0.16666666666666666, 0.0]","[0.0020919044812520346, 0.0]"
DiagReachK2,187,W2,SR,shaped,raw,development_DiagReachK2_s187_W2_SR,17,8640,acceptance,8,9.34300992405042,9.34300992405042,0.0,1.0,0.0,"[5.506849706172943, 5.760860323905945]","[0.0, 0.0]","[0.0, 0.0]"
DiagReachK2,187,W2,SR,shaped,raw,development_DiagReachK2_s187_W2_SR,18,9120,exploration,20,6.813595709879882,5.295956490118988,1.5176392197608948,0.25,0.4,"[4.427413095533848, 4.473733067512512]","[0.3, 0.25]","[0.06413296461105347, 0.052071170012156165]"
DiagReachK2,187,W2,SR,shaped,raw,development_DiagReachK2_s187_W2_SR,18,9120,selection,12,8.891224280157621,8.891224280157621,0.0,1.0,0.0,"[5.06199590365092, 5.298198978106181]","[0.0, 0.0]","[0.0, 0.0]"
DiagReachK2,187,W2,SR,shaped,raw,development_DiagReachK2_s187_W2_SR,18,9120,acceptance,8,9.358059478871292,9.358059478871292,0.0,1.0,0.0,"[5.339103698730469, 5.732657313346863]","[0.0, 0.0]","[0.0, 0.0]"
DiagReachK2,187,W2,SR,shaped,raw,development_DiagReachK2_s187_W2_SR,19,9600,exploration,20,7.108072989049833,4.768010534706991,2.340062454342842,0.15,0.45,"[5.131981062889099, 4.840522062778473]","[0.3, 0.3]","[0.13553733030954998, 0.02572040955225626]"
DiagReachK2,187,W2,SR,shaped,raw,development_DiagReachK2_s187_W2_SR,19,9600,selection,12,8.832876671454867,8.813492744268538,0.01938392718633016,0.75,0.25,"[4.645407239596049, 5.719563603401184]","[0.0, 0.25]","[0.0, 0.0038767788145277113]"
DiagReachK2,187,W2,SR,shaped,raw,development_DiagReachK2_s187_W2_SR,19,9600,acceptance,8,9.420920946798287,9.420920946798287,0.0,1.0,0.0,"[5.594112753868103, 5.822670221328735]","[0.0, 0.0]","[0.0, 0.0]"
DiagReachK2,187,W2,SR,shaped,raw,development_DiagReachK2_s187_W2_SR,20,10080,exploration,20,7.21045790059492,5.502377161812037,1.7080807387828827,0.2,0.35,"[4.351585566997528, 4.889193457365036]","[0.2, 0.25]","[0.04231081008911133, 0.07055757840474446]"
DiagReachK2,187,W2,SR,shaped,raw,development_DiagReachK2_s187_W2_SR,20,10080,selection,12,8.969121043837125,8.969121043837125,0.0,1.0,0.0,"[4.9256255229314165, 5.208616733551025]","[0.0, 0.0]","[0.0, 0.0]"
DiagReachK2,187,W2,SR,shaped,raw,development_DiagReachK2_s187_W2_SR,20,10080,acceptance,8,9.35136345460778,9.35136345460778,0.0,1.0,0.0,"[5.468608140945435, 5.756211042404175]","[0.0, 0.0]","[0.0, 0.0]"
DiagReachK2,187,W2,SR,shaped,raw,development_DiagReachK2_s187_W2_SR,21,10560,exploration,20,6.8305346154491415,4.802043550543021,2.0284910649061203,0.25,0.5,"[4.102754467725754, 4.812911820411682]","[0.2, 0.3]","[0.07061763604482015, 0.06510568459828694]"
DiagReachK2,187,W2,SR,shaped,raw,development_DiagReachK2_s187_W2_SR,21,10560,selection,12,9.129671801772789,9.129671801772789,0.0,1.0,0.0,"[5.267656087875366, 5.4331910610198975]","[0.0, 0.0]","[0.0, 0.0]"
DiagReachK2,187,W2,SR,shaped,raw,development_DiagReachK2_s187_W2_SR,21,10560,acceptance,8,9.345165988395456,9.345165988395456,0.0,1.0,0.0,"[5.373627185821533, 5.7682390213012695]","[0.0, 0.0]","[0.0, 0.0]"
DiagReachK2,187,W2,SR,shaped,raw,development_DiagReachK2_s187_W2_SR,22,11040,exploration,20,6.708315174810123,5.938398893706035,0.7699162811040878,0.2,0.35,"[3.9131366282701494, 4.551952505111695]","[0.25, 0.3]","[0.04296216169993082, 0.04078346093495687]"
DiagReachK2,187,W2,SR,shaped,raw,development_DiagReachK2_s187_W2_SR,22,11040,selection,12,9.27780083429728,9.113494918862125,0.16430591543515524,0.6666666666666666,0.3333333333333333,"[5.724697947502136, 5.500782767931621]","[0.3333333333333333, 0.0]","[0.028410659896002888, 0.0]"
DiagReachK2,187,W2,SR,shaped,raw,development_DiagReachK2_s187_W2_SR,22,11040,acceptance,8,9.343560429289937,9.343560429289937,0.0,1.0,0.0,"[5.371991157531738, 5.724654197692871]","[0.0, 0.0]","[0.0, 0.0]"
DiagReachK2,187,W2,SR,shaped,raw,development_DiagReachK2_s187_W2_SR,23,11520,exploration,20,6.8970705954032026,5.320100316186435,1.5769702792167664,0.3,0.35,"[4.037539911270142, 4.680858829617501]","[0.2, 0.25]","[0.044346121946970615, 0.06289329926172892]"
DiagReachK2,187,W2,SR,shaped,raw,development_DiagReachK2_s187_W2_SR,23,11520,selection,12,8.929796439392279,8.929796439392279,0.0,1.0,0.0,"[5.248987913131714, 4.839198211828868]","[0.0, 0.0]","[0.0, 0.0]"
DiagReachK2,187,W2,SR,shaped,raw,development_DiagReachK2_s187_W2_SR,23,11520,acceptance,8,9.285940328496508,9.285940328496508,0.0,1.0,0.0,"[5.151585340499878, 5.712794780731201]","[0.0, 0.0]","[0.0, 0.0]"
DiagReachK2,187,W2,SR,shaped,raw,development_DiagReachK2_s187_W2_SR,24,12000,exploration,20,7.226609970824211,4.986688132779091,2.2399218380451202,0.3,0.6,"[4.360432040691376, 4.876000805199146]","[0.3, 0.35]","[0.08667636315027873, 0.06259467601776122]"
DiagReachK2,187,W2,SR,shaped,raw,development_DiagReachK2_s187_W2_SR,24,12000,selection,12,9.095490937578264,9.095490937578264,0.0,1.0,0.0,"[5.109450737635295, 5.390603979428609]","[0.0, 0.0]","[0.0, 0.0]"
DiagReachK2,187,W2,SR,shaped,raw,development_DiagReachK2_s187_W2_SR,24,12000,acceptance,8,9.382734979712405,9.382734979712405,0.0,1.0,0.0,"[5.439515829086304, 5.775575160980225]","[0.0, 0.0]","[0.0, 0.0]"
DiagReachK2,187,W2,SS,shaped,shaped,development_DiagReachK2_s187_W2_SS,0,480,exploration,20,6.424785625101068,4.265839304686525,2.158946320414543,0.2,0.4,"[4.442942391335964, 3.6377375394105913]","[0.2, 0.2]","[0.09764036337534586, 0.03919123013814291]"
DiagReachK2,187,W2,SS,shaped,shaped,development_DiagReachK2_s187_W2_SS,0,480,selection,12,8.688817188388203,8.686452771471037,0.0023644169171651206,0.9166666666666666,0.08333333333333333,"[5.222117106119792, 4.7274729410807295]","[0.0, 0.08333333333333333]","[0.0, 0.0004728833834330241]"
DiagReachK2,187,W2,SS,shaped,shaped,development_DiagReachK2_s187_W2_SS,0,480,acceptance,8,8.527310009743088,8.527310009743088,0.0,1.0,0.0,"[5.57823634147644, 4.221619129180908]","[0.0, 0.0]","[0.0, 0.0]"
DiagReachK2,187,W2,SS,shaped,shaped,development_DiagReachK2_s187_W2_SS,1,960,exploration,20,6.317209709535819,3.1650437899935056,3.1521659195423126,0.15,0.55,"[4.43487134128809, 4.425499394536018]","[0.35, 0.3]","[0.16576640208562216, 0.06015518506368002]"
DiagReachK2,187,W2,SS,shaped,shaped,development_DiagReachK2_s187_W2_SS,1,960,selection,12,7.953319477390809,7.953319477390809,0.0,0.6666666666666666,0.0,"[3.975682516892751, 4.099132736523946]","[0.0, 0.0]","[0.0, 0.0]"
DiagReachK2,187,W2,SS,shaped,shaped,development_DiagReachK2_s187_W2_SS,1,960,acceptance,8,8.600977857131511,8.600977857131511,0.0,1.0,0.0,"[5.454381585121155, 4.26933753490448]","[0.0, 0.0]","[0.0, 0.0]"
DiagReachK2,187,W2,SS,shaped,shaped,development_DiagReachK2_s187_W2_SS,2,1440,exploration,20,5.9017033016495395,4.623467799108474,1.2782355025410652,0.4,0.2,"[3.631485065817833, 3.408883085846901]","[0.1, 0.15]","[0.03723158836364746, 0.050667405128479004]"
DiagReachK2,187,W2,SS,shaped,shaped,development_DiagReachK2_s187_W2_SS,2,1440,selection,12,8.217141455885333,8.209884540713391,0.007256915171941121,0.9166666666666666,0.08333333333333333,"[5.709380189577739, 3.2870748043060303]","[0.08333333333333333, 0.0]","[0.0014513863457573846, 0.0]"
DiagReachK2,187,W2,SS,shaped,shaped,development_DiagReachK2_s187_W2_SS,2,1440,acceptance,8,8.570180071657525,8.570180071657525,0.0,1.0,0.0,"[5.450414180755615, 4.215962171554565]","[0.0, 0.0]","[0.0, 0.0]"
DiagReachK2,187,W2,SS,shaped,shaped,development_DiagReachK2_s187_W2_SS,3,1920,exploration,20,5.999298137034639,4.582100060190424,1.4171980768442154,0.05,0.2,"[3.904589319229126, 3.5034965887665748]","[0.1, 0.15]","[0.02665252288182577, 0.05766008694966633]"
DiagReachK2,187,W2,SS,shaped,shaped,development_DiagReachK2_s187_W2_SS,3,1920,selection,12,8.37621567787137,8.103318121447229,0.27289755642414093,0.4166666666666667,0.5833333333333334,"[6.117702047030131, 3.938801030317942]","[0.5833333333333334, 0.0]","[0.04999509122636584, 0.0]"
DiagReachK2,187,W2,SS,shaped,shaped,development_DiagReachK2_s187_W2_SS,3,1920,acceptance,8,8.543914220342412,8.543914220342412,0.0,1.0,0.0,"[5.5321044921875, 4.33285129070282]","[0.0, 0.0]","[0.0, 0.0]"
DiagReachK2,187,W2,SS,shaped,shaped,development_DiagReachK2_s187_W2_SS,4,2400,exploration,20,6.488054705543908,4.761112315340432,1.726942390203476,0.05,0.45,"[4.699217088520527, 3.742467279732227]","[0.45, 0.1]","[0.10596095323562622, 0.02640671730041504]"
DiagReachK2,187,W2,SS,shaped,shaped,development_DiagReachK2_s187_W2_SS,4,2400,selection,12,8.545807065174449,8.545807065174449,0.0,1.0,0.0,"[5.0482728481292725, 4.002498944600423]","[0.0, 0.0]","[0.0, 0.0]"
DiagReachK2,187,W2,SS,shaped,shaped,development_DiagReachK2_s187_W2_SS,4,2400,acceptance,8,8.539108586107613,8.539108586107613,0.0,1.0,0.0,"[5.183048069477081, 4.111854672431946]","[0.0, 0.0]","[0.0, 0.0]"
DiagReachK2,187,W2,SS,shaped,shaped,development_DiagReachK2_s187_W2_SS,5,2880,exploration,20,6.238529361244291,6.191389776226133,0.04713958501815796,0.45,0.05,"[3.550934372842312, 3.050786297023296]","[0.05, 0.0]","[0.006883434454600013, 0.0]"
DiagReachK2,187,W2,SS,shaped,shaped,development_DiagReachK2_s187_W2_SS,5,2880,selection,12,8.784477232800173,8.784477232800173,0.0,1.0,0.0,"[5.176521420478821, 4.590618431568146]","[0.0, 0.0]","[0.0, 0.0]"
DiagReachK2,187,W2,SS,shaped,shaped,development_DiagReachK2_s187_W2_SS,5,2880,acceptance,8,8.839690718764906,8.839690718764906,0.0,1.0,0.0,"[5.029698312282562, 4.634598761796951]","[0.0, 0.0]","[0.0, 0.0]"
DiagReachK2,187,W2,SS,shaped,shaped,development_DiagReachK2_s187_W2_SS,6,3360,exploration,20,6.372093864583876,4.450263061427977,1.921830803155899,0.1,0.35,"[3.5150411486625672, 4.360586324334145]","[0.05, 0.3]","[0.045247062047322595, 0.08570950826009113]"
DiagReachK2,187,W2,SS,shaped,shaped,development_DiagReachK2_s187_W2_SS,6,3360,selection,12,8.812706778148033,8.800762901404717,0.01194387674331665,0.8333333333333334,0.16666666666666666,"[4.371123393376668, 5.515705823898315]","[0.0, 0.16666666666666666]","[0.0, 0.00238877534866333]"
DiagReachK2,187,W2,SS,shaped,shaped,development_DiagReachK2_s187_W2_SS,6,3360,acceptance,8,9.067318853107281,9.067318853107281,0.0,1.0,0.0,"[5.182059049606323, 5.165633678436279]","[0.0, 0.0]","[0.0, 0.0]"
DiagReachK2,187,W2,SS,shaped,shaped,development_DiagReachK2_s187_W2_SS,7,3840,exploration,20,7.23116250480758,4.9473449155245905,2.2838175892829895,0.2,0.45,"[5.498039782047272, 4.101281094551086]","[0.4, 0.15]","[0.11715654929478965, 0.03686476945877075]"
DiagReachK2,187,W2,SS,shaped,shaped,development_DiagReachK2_s187_W2_SS,7,3840,selection,12,8.95843285182103,8.952377268264536,0.006055583556493123,0.9166666666666666,0.08333333333333333,"[4.590038736661275, 5.493139823277791]","[0.0, 0.08333333333333333]","[0.0, 0.0012111133999294643]"
DiagReachK2,187,W2,SS,shaped,shaped,development_DiagReachK2_s187_W2_SS,7,3840,acceptance,8,9.09652980347164,9.09652980347164,0.0,1.0,0.0,"[5.226935505867004, 5.158408045768738]","[0.0, 0.0]","[0.0, 0.0]"
DiagReachK2,187,W2,SS,shaped,shaped,development_DiagReachK2_s187_W2_SS,8,4320,exploration,20,6.573139103571885,4.923426868836396,1.649712234735489,0.3,0.4,"[4.344500343501568, 3.9537356734275817]","[0.25, 0.2]","[0.07302266359329224, 0.033199310302734375]"
DiagReachK2,187,W2,SS,shaped,shaped,development_DiagReachK2_s187_W2_SS,8,4320,selection,12,8.932154711522161,8.890581216849386,0.04157349467277527,0.6666666666666666,0.3333333333333333,"[4.6101869742075605, 5.364921132723491]","[0.0, 0.3333333333333333]","[0.0, 0.0079420804977417]"
DiagReachK2,187,W2,SS,shaped,shaped,development_DiagReachK2_s187_W2_SS,8,4320,acceptance,8,9.151639604126103,9.151639604126103,0.0,1.0,0.0,"[5.1597501039505005, 5.2274816036224365]","[0.0, 0.0]","[0.0, 0.0]"
DiagReachK2,187,W2,SS,shaped,shaped,development_DiagReachK2_s187_W2_SS,9,4800,exploration,20,6.676829225204419,4.576912081621121,2.0999171435832977,0.05,0.65,"[4.510286951065064, 4.739949488639832]","[0.4, 0.25]","[0.11243906418482463, 0.0458634614944458]"
DiagReachK2,187,W2,SS,shaped,shaped,development_DiagReachK2_s187_W2_SS,9,4800,selection,12,9.252760890403684,9.236321134646035,0.01643975575764974,0.6666666666666666,0.3333333333333333,"[5.279529531796773, 5.651700059572856]","[0.0, 0.3333333333333333]","[0.0, 0.0032879577742682686]"
DiagReachK2,187,W2,SS,shaped,shaped,development_DiagReachK2_s187_W2_SS,9,4800,acceptance,8,9.140015555161519,9.140015555161519,0.0,1.0,0.0,"[5.193621516227722, 5.404375493526459]","[0.0, 0.0]","[0.0, 0.0]"
DiagReachK2,187,W2,SS,shaped,shaped,development_DiagReachK2_s187_W2_SS,10,5280,exploration,20,6.427317554750334,4.812579433121573,1.6147381216287613,0.15,0.35,"[3.407754807174206, 4.704717350006104]","[0.15, 0.35]","[0.053236039479573574, 0.044676574071248365]"
DiagReachK2,187,W2,SS,shaped,shaped,development_DiagReachK2_s187_W2_SS,10,5280,selection,12,8.827963109900642,8.827963109900642,0.0,1.0,0.0,"[4.7336547176043196, 4.975890298684438]","[0.0, 0.0]","[0.0, 0.0]"
DiagReachK2,187,W2,SS,shaped,shaped,development_DiagReachK2_s187_W2_SS,10,5280,acceptance,8,9.287992456019856,9.287992456019856,0.0,1.0,0.0,"[5.308315277099609, 5.7648574113845825]","[0.0, 0.0]","[0.0, 0.0]"
DiagReachK2,187,W2,SS,shaped,shaped,development_DiagReachK2_s187_W2_SS,11,5760,exploration,20,6.604480208237656,5.13425356276799,1.4702266454696655,0.1,0.35,"[5.180362494289875, 3.4966845214366913]","[0.3, 0.05]","[0.0989291787147522, 0.009570578734079993]"
DiagReachK2,187,W2,SS,shaped,shaped,development_DiagReachK2_s187_W2_SS,11,5760,selection,12,8.941448440698151,8.588542253322764,0.35290618737538654,0.5,0.5,"[4.7565771540006, 6.131319920221965]","[0.0, 0.5]","[0.0, 0.04210615158081055]"
DiagReachK2,187,W2,SS,shaped,shaped,development_DiagReachK2_s187_W2_SS,11,5760,acceptance,8,9.232544817798772,9.232544817798772,0.0,1.0,0.0,"[5.326704144477844, 5.5808820724487305]","[0.0, 0.0]","[0.0, 0.0]"
DiagReachK2,187,W2,SS,shaped,shaped,development_DiagReachK2_s187_W2_SS,12,6240,exploration,20,7.20324145777151,4.809518104027957,2.393723353743553,0.2,0.4,"[4.88418465256691, 4.784171390533447]","[0.4, 0.15]","[0.14166692892710367, 0.04576717615127564]"
DiagReachK2,187,W2,SS,shaped,shaped,development_DiagReachK2_s187_W2_SS,12,6240,selection,12,8.528075935047431,8.528075935047431,0.0,0.6666666666666666,0.0,"[4.123037566741307, 5.4904147783915205]","[0.0, 0.0]","[0.0, 0.0]"
DiagReachK2,187,W2,SS,shaped,shaped,development_DiagReachK2_s187_W2_SS,12,6240,acceptance,8,9.252001948934048,9.252001948934048,0.0,1.0,0.0,"[5.3580838441848755, 5.6635884046554565]","[0.0, 0.0]","[0.0, 0.0]"
DiagReachK2,187,W2,SS,shaped,shaped,development_DiagReachK2_s187_W2_SS,13,6720,exploration,20,7.022833114594687,5.787990218133199,1.2348428964614868,0.3,0.3,"[5.053777766227722, 3.673450601100922]","[0.25, 0.1]","[0.07753605445226033, 0.019227155049641932]"
DiagReachK2,187,W2,SS,shaped,shaped,development_DiagReachK2_s187_W2_SS,13,6720,selection,12,8.877657860518745,8.877657860518745,0.0,1.0,0.0,"[4.501626451810201, 5.687776486078898]","[0.0, 0.0]","[0.0, 0.0]"
DiagReachK2,187,W2,SS,shaped,shaped,development_DiagReachK2_s187_W2_SS,13,6720,acceptance,8,9.308938207873144,9.306900623091497,0.0020375847816467285,0.75,0.25,"[5.216243803501129, 5.800760269165039]","[0.0, 0.25]","[0.0, 0.0004075169563293457]"
DiagReachK2,187,W2,SS,shaped,shaped,development_DiagReachK2_s187_W2_SS,14,7200,exploration,20,6.442313072073739,5.41787454931764,1.0244385227560997,0.2,0.25,"[3.3436707496643066, 4.057008361816406]","[0.2, 0.1]","[0.026351849238077808, 0.03492866357167562]"
DiagReachK2,187,W2,SS,shaped,shaped,development_DiagReachK2_s187_W2_SS,14,7200,selection,12,9.077686840695485,9.077686840695485,0.0,1.0,0.0,"[5.330096522967021, 5.263665636380513]","[0.0, 0.0]","[0.0, 0.0]"
DiagReachK2,187,W2,SS,shaped,shaped,development_DiagReachK2_s187_W2_SS,14,7200,acceptance,8,9.29693540658336,9.29693540658336,0.0,1.0,0.0,"[5.289740800857544, 5.670037388801575]","[0.0, 0.0]","[0.0, 0.0]"
DiagReachK2,187,W2,SS,shaped,shaped,development_DiagReachK2_s187_W2_SS,15,7680,exploration,20,6.458933048993349,5.8182535107433795,0.6406795382499695,0.25,0.35,"[3.941225904226303, 3.760253536701202]","[0.3, 0.1]","[0.04841553767522176, 0.01984523137410481]"
DiagReachK2,187,W2,SS,shaped,shaped,development_DiagReachK2_s187_W2_SS,15,7680,selection,12,9.401819608670968,8.937511992516615,0.46430761615435284,0.3333333333333333,0.6666666666666666,"[5.831805785497029, 6.008512298266093]","[0.3333333333333333, 0.5]","[0.044112225373586, 0.022218823432922346]"
DiagReachK2,187,W2,SS,shaped,shaped,development_DiagReachK2_s187_W2_SS,15,7680,acceptance,8,9.22982218079269,9.22982218079269,0.0,1.0,0.0,"[5.417976498603821, 5.728932023048401]","[0.0, 0.0]","[0.0, 0.0]"
DiagReachK2,187,W2,SS,shaped,shaped,development_DiagReachK2_s187_W2_SS,16,8160,exploration,20,7.317850036849268,5.0247860386269165,2.293063998222351,0.2,0.4,"[4.696009624004364, 5.151821488142014]","[0.2, 0.3]","[0.07203516960144044, 0.08922894398371378]"
DiagReachK2,187,W2,SS,shaped,shaped,development_DiagReachK2_s187_W2_SS,16,8160,selection,12,8.665650860245782,8.665650860245782,0.0,1.0,0.0,"[4.928112943967183, 4.593631029129028]","[0.0, 0.0]","[0.0, 0.0]"
DiagReachK2,187,W2,SS,shaped,shaped,development_DiagReachK2_s187_W2_SS,16,8160,acceptance,8,9.252165547874757,9.252165547874757,0.0,1.0,0.0,"[5.398126840591431, 5.607078433036804]","[0.0, 0.0]","[0.0, 0.0]"
DiagReachK2,187,W2,SS,shaped,shaped,development_DiagReachK2_s187_W2_SS,17,8640,exploration,20,7.012660373336113,6.2231015901625515,0.7895587831735611,0.2,0.45,"[3.8712253630161286, 5.060940569639206]","[0.1, 0.35]","[0.01232853730519613, 0.05425149599711101]"
DiagReachK2,187,W2,SS,shaped,shaped,development_DiagReachK2_s187_W2_SS,17,8640,selection,12,9.213054254600623,9.202594732194363,0.010459522406260172,0.8333333333333334,0.16666666666666666,"[5.543884833653768, 5.329317728678386]","[0.16666666666666666, 0.0]","[0.0020919044812520346, 0.0]"
DiagReachK2,187,W2,SS,shaped,shaped,development_DiagReachK2_s187_W2_SS,17,8640,acceptance,8,9.34300992405042,9.34300992405042,0.0,1.0,0.0,"[5.506849706172943, 5.760860323905945]","[0.0, 0.0]","[0.0, 0.0]"
DiagReachK2,187,W2,SS,shaped,shaped,development_DiagReachK2_s187_W2_SS,18,9120,exploration,20,6.813595709879882,5.295956490118988,1.5176392197608948,0.25,0.4,"[4.427413095533848, 4.473733067512512]","[0.3, 0.25]","[0.06413296461105347, 0.052071170012156165]"
DiagReachK2,187,W2,SS,shaped,shaped,development_DiagReachK2_s187_W2_SS,18,9120,selection,12,8.891224280157621,8.891224280157621,0.0,1.0,0.0,"[5.06199590365092, 5.298198978106181]","[0.0, 0.0]","[0.0, 0.0]"
DiagReachK2,187,W2,SS,shaped,shaped,development_DiagReachK2_s187_W2_SS,18,9120,acceptance,8,9.358059478871292,9.358059478871292,0.0,1.0,0.0,"[5.339103698730469, 5.732657313346863]","[0.0, 0.0]","[0.0, 0.0]"
DiagReachK2,187,W2,SS,shaped,shaped,development_DiagReachK2_s187_W2_SS,19,9600,exploration,20,7.108072989049833,4.768010534706991,2.340062454342842,0.15,0.45,"[5.131981062889099, 4.840522062778473]","[0.3, 0.3]","[0.13553733030954998, 0.02572040955225626]"
DiagReachK2,187,W2,SS,shaped,shaped,development_DiagReachK2_s187_W2_SS,19,9600,selection,12,8.832876671454867,8.813492744268538,0.01938392718633016,0.75,0.25,"[4.645407239596049, 5.719563603401184]","[0.0, 0.25]","[0.0, 0.0038767788145277113]"
DiagReachK2,187,W2,SS,shaped,shaped,development_DiagReachK2_s187_W2_SS,19,9600,acceptance,8,9.420920946798287,9.420920946798287,0.0,1.0,0.0,"[5.594112753868103, 5.822670221328735]","[0.0, 0.0]","[0.0, 0.0]"
DiagReachK2,187,W2,SS,shaped,shaped,development_DiagReachK2_s187_W2_SS,20,10080,exploration,20,7.21045790059492,5.502377161812037,1.7080807387828827,0.2,0.35,"[4.351585566997528, 4.889193457365036]","[0.2, 0.25]","[0.04231081008911133, 0.07055757840474446]"
DiagReachK2,187,W2,SS,shaped,shaped,development_DiagReachK2_s187_W2_SS,20,10080,selection,12,8.969121043837125,8.969121043837125,0.0,1.0,0.0,"[4.9256255229314165, 5.208616733551025]","[0.0, 0.0]","[0.0, 0.0]"
DiagReachK2,187,W2,SS,shaped,shaped,development_DiagReachK2_s187_W2_SS,20,10080,acceptance,8,9.35136345460778,9.35136345460778,0.0,1.0,0.0,"[5.468608140945435, 5.756211042404175]","[0.0, 0.0]","[0.0, 0.0]"
DiagReachK2,187,W2,SS,shaped,shaped,development_DiagReachK2_s187_W2_SS,21,10560,exploration,20,6.8305346154491415,4.802043550543021,2.0284910649061203,0.25,0.5,"[4.102754467725754, 4.812911820411682]","[0.2, 0.3]","[0.07061763604482015, 0.06510568459828694]"
DiagReachK2,187,W2,SS,shaped,shaped,development_DiagReachK2_s187_W2_SS,21,10560,selection,12,9.129671801772789,9.129671801772789,0.0,1.0,0.0,"[5.267656087875366, 5.4331910610198975]","[0.0, 0.0]","[0.0, 0.0]"
DiagReachK2,187,W2,SS,shaped,shaped,development_DiagReachK2_s187_W2_SS,21,10560,acceptance,8,9.345165988395456,9.345165988395456,0.0,1.0,0.0,"[5.373627185821533, 5.7682390213012695]","[0.0, 0.0]","[0.0, 0.0]"
DiagReachK2,187,W2,SS,shaped,shaped,development_DiagReachK2_s187_W2_SS,22,11040,exploration,20,6.708315174810123,5.938398893706035,0.7699162811040878,0.2,0.35,"[3.9131366282701494, 4.551952505111695]","[0.25, 0.3]","[0.04296216169993082, 0.04078346093495687]"
DiagReachK2,187,W2,SS,shaped,shaped,development_DiagReachK2_s187_W2_SS,22,11040,selection,12,9.27780083429728,9.113494918862125,0.16430591543515524,0.6666666666666666,0.3333333333333333,"[5.724697947502136, 5.500782767931621]","[0.3333333333333333, 0.0]","[0.028410659896002888, 0.0]"
DiagReachK2,187,W2,SS,shaped,shaped,development_DiagReachK2_s187_W2_SS,22,11040,acceptance,8,9.343560429289937,9.343560429289937,0.0,1.0,0.0,"[5.371991157531738, 5.724654197692871]","[0.0, 0.0]","[0.0, 0.0]"
DiagReachK2,187,W2,SS,shaped,shaped,development_DiagReachK2_s187_W2_SS,23,11520,exploration,20,6.8970705954032026,5.320100316186435,1.5769702792167664,0.3,0.35,"[4.037539911270142, 4.680858829617501]","[0.2, 0.25]","[0.044346121946970615, 0.06289329926172892]"
DiagReachK2,187,W2,SS,shaped,shaped,development_DiagReachK2_s187_W2_SS,23,11520,selection,12,8.929796439392279,8.929796439392279,0.0,1.0,0.0,"[5.248987913131714, 4.839198211828868]","[0.0, 0.0]","[0.0, 0.0]"
DiagReachK2,187,W2,SS,shaped,shaped,development_DiagReachK2_s187_W2_SS,23,11520,acceptance,8,9.285940328496508,9.285940328496508,0.0,1.0,0.0,"[5.151585340499878, 5.712794780731201]","[0.0, 0.0]","[0.0, 0.0]"
DiagReachK2,187,W2,SS,shaped,shaped,development_DiagReachK2_s187_W2_SS,24,12000,exploration,20,7.226609970824211,4.986688132779091,2.2399218380451202,0.3,0.6,"[4.360432040691376, 4.876000805199146]","[0.3, 0.35]","[0.08667636315027873, 0.06259467601776122]"
DiagReachK2,187,W2,SS,shaped,shaped,development_DiagReachK2_s187_W2_SS,24,12000,selection,12,9.095490937578264,9.095490937578264,0.0,1.0,0.0,"[5.109450737635295, 5.390603979428609]","[0.0, 0.0]","[0.0, 0.0]"
DiagReachK2,187,W2,SS,shaped,shaped,development_DiagReachK2_s187_W2_SS,24,12000,acceptance,8,9.382734979712405,9.382734979712405,0.0,1.0,0.0,"[5.439515829086304, 5.775575160980225]","[0.0, 0.0]","[0.0, 0.0]"
DiagReachK3,180,KL,RR,raw,raw,development_DiagReachK3_s180_KL_RR,0,480,exploration,20,3.995492234220728,3.810164734115824,0.18532750010490417,0.05,0.15,"[1.2264814153313637, 2.8878522530198096, 2.897287717461586]","[0.0, 0.15, 0.05]","[0.0, 0.012627634635338414, 0.0034752922058105427]"
DiagReachK3,180,KL,RR,raw,raw,development_DiagReachK3_s180_KL_RR,0,480,selection,12,4.322843325337939,4.322843325337939,0.0,0.0,0.0,"[0.7387029851476351, 1.4903346424301465, 1.6284895141919453]","[0.0, 0.0, 0.0]","[0.0, 0.0, 0.0]"
DiagReachK3,180,KL,RR,raw,raw,development_DiagReachK3_s180_KL_RR,0,480,acceptance,8,4.618351698959668,4.618351698959668,0.0,0.0,0.0,"[1.1238103359937668, 1.6619440354406834, 2.1447047516703606]","[0.0, 0.0, 0.0]","[0.0, 0.0, 0.0]"
DiagReachK3,180,KL,RR,raw,raw,development_DiagReachK3_s180_KL_RR,1,960,exploration,20,5.4875330593861875,5.371879321006709,0.11565373837947845,0.2,0.1,"[2.3469162434339523, 3.2861917495727537, 4.390116551518441]","[0.05, 0.05, 0.0]","[0.0030140944889613607, 0.00467030085050143, 0.0]"
DiagReachK3,180,KL,RR,raw,raw,development_DiagReachK3_s180_KL_RR,1,960,selection,12,7.448978917958205,7.448978917958205,0.0,0.6666666666666666,0.0,"[3.7073684632778168, 3.2981424729029336, 6.130548199017842]","[0.0, 0.0, 0.0]","[0.0, 0.0, 0.0]"
DiagReachK3,180,KL,RR,raw,raw,development_DiagReachK3_s180_KL_RR,1,960,acceptance,8,7.464579817539925,7.464579817539925,0.0,0.5,0.0,"[3.9691671431064606, 3.3193438351154327, 6.40090474486351]","[0.0, 0.0, 0.0]","[0.0, 0.0, 0.0]"
DiagReachK3,180,KL,RR,raw,raw,development_DiagReachK3_s180_KL_RR,2,1440,exploration,20,6.7665326383977655,6.101425283876013,0.6651073545217514,0.3,0.25,"[4.495903199911117, 3.8987576603889464, 7.250419855117798]","[0.15, 0.1, 0.1]","[0.029817737851824077, 0.016681282336895274, 0.00564870834350586]"
DiagReachK3,180,KL,RR,raw,raw,development_DiagReachK3_s180_KL_RR,2,1440,selection,12,8.626332060010947,8.391974295687394,0.23435776432355246,0.5833333333333334,0.4166666666666667,"[6.782273888587952, 4.4885377287864685, 10.287477016448975]","[0.4166666666666667, 0.0, 0.0]","[0.0391540981474377, 0.0, 0.0]"
DiagReachK3,180,KL,RR,raw,raw,development_DiagReachK3_s180_KL_RR,2,1440,acceptance,8,8.431187321175821,8.431187321175821,0.0,1.0,0.0,"[5.5232226848602295, 4.116464853286743, 8.676129817962646]","[0.0, 0.0, 0.0]","[0.0, 0.0, 0.0]"
DiagReachK3,180,KL,RR,raw,raw,development_DiagReachK3_s180_KL_RR,3,1920,exploration,20,6.550810984191484,5.227682373342104,1.3231286108493805,0.35,0.2,"[4.745136639475822, 3.234531059861183, 6.614967924356461]","[0.15, 0.1, 0.1]","[0.06440418107169014, 0.005942069567166841, 0.02511292266845703]"
DiagReachK3,180,KL,RR,raw,raw,development_DiagReachK3_s180_KL_RR,3,1920,selection,12,8.532397184127088,8.532397184127088,0.0,1.0,0.0,"[5.8232550621032715, 4.0524313648541765, 8.932155211766561]","[0.0, 0.0, 0.0]","[0.0, 0.0, 0.0]"
DiagReachK3,180,KL,RR,raw,raw,development_DiagReachK3_s180_KL_RR,3,1920,acceptance,8,8.556122205290013,8.556122205290013,0.0,1.0,0.0,"[6.207652449607849, 4.152445375919342, 9.396958351135254]","[0.0, 0.0, 0.0]","[0.0, 0.0, 0.0]"
DiagReachK3,180,KL,RR,raw,raw,development_DiagReachK3_s180_KL_RR,4,2400,exploration,20,6.602287183137378,5.7608784833864775,0.8414086997509003,0.15,0.35,"[4.685894459486008, 4.120868758857251, 7.6263994693756105]","[0.25, 0.15, 0.05]","[0.04043292999267578, 0.03586341784550594, 0.007583396911621099]"
DiagReachK3,180,KL,RR,raw,raw,development_DiagReachK3_s180_KL_RR,4,2400,selection,12,8.799089538352563,8.561296534833188,0.23779300351937613,0.3333333333333333,0.6666666666666666,"[7.169917464256287, 4.462583939234416, 10.63442349433899]","[0.6666666666666666, 0.0, 0.0]","[0.043978946549551846, 0.0, 0.0]"
DiagReachK3,180,KL,RR,raw,raw,development_DiagReachK3_s180_KL_RR,4,2400,acceptance,8,8.751940385601483,8.751940385601483,0.0,1.0,0.0,"[6.590057134628296, 4.4830567836761475, 10.100499391555786]","[0.0, 0.0, 0.0]","[0.0, 0.0, 0.0]"
DiagReachK3,180,KL,RR,raw,raw,development_DiagReachK3_s180_KL_RR,5,2880,exploration,20,6.67760868279729,5.782483532116749,0.895125150680542,0.2,0.25,"[5.257000011205673, 3.5782770320773123, 7.537668776512146]","[0.25, 0.1, 0.05]","[0.0366593565259661, 0.017680685336773215, 0.01912088775634766]"
DiagReachK3,180,KL,RR,raw,raw,development_DiagReachK3_s180_KL_RR,5,2880,selection,12,8.914350351838703,8.319508638132051,0.5948417137066523,0.3333333333333333,0.6666666666666666,"[7.454011797904968, 4.916687726974487, 11.382646083831787]","[0.6666666666666666, 0.0, 0.08333333333333333]","[0.08798862638927642, 0.0, 0.0012830098470052083]"
DiagReachK3,180,KL,RR,raw,raw,development_DiagReachK3_s180_KL_RR,5,2880,acceptance,8,8.76924146024976,8.76924146024976,0.0,1.0,0.0,"[6.708099126815796, 4.492081165313721, 10.206958055496216]","[0.0, 0.0, 0.0]","[0.0, 0.0, 0.0]"
DiagReachK3,180,KL,RR,raw,raw,development_DiagReachK3_s180_KL_RR,6,3360,exploration,20,6.741361392394173,5.065812421694863,1.6755489706993103,0.35,0.3,"[5.291496168076992, 3.792750898003578, 7.70008864402771]","[0.2, 0.15, 0.15]","[0.06739108903067453, 0.0501573159144475, 0.023660400390624992]"
DiagReachK3,180,KL,RR,raw,raw,development_DiagReachK3_s180_KL_RR,6,3360,selection,12,8.610052637763632,8.452890189993196,0.15716244777043661,0.6666666666666666,0.3333333333333333,"[6.812852660814921, 4.072917600472768, 9.910184462865194]","[0.3333333333333333, 0.0, 0.0]","[0.02924240203130814, 0.0, 0.0]"
DiagReachK3,180,KL,RR,raw,raw,development_DiagReachK3_s180_KL_RR,6,3360,acceptance,8,8.790486014122143,8.790486014122143,0.0,1.0,0.0,"[6.621814489364624, 4.432184338569641, 10.066909313201904]","[0.0, 0.0, 0.0]","[0.0, 0.0, 0.0]"
DiagReachK3,180,KL,RR,raw,raw,development_DiagReachK3_s180_KL_RR,7,3840,exploration,20,7.076537975955288,4.952242696571629,2.1242952793836594,0.15,0.55,"[6.007385650277138, 4.381199061870575, 9.098188084363937]","[0.45, 0.15, 0.25]","[0.1155428307397025, 0.012744756845327521, 0.018350219726562512]"
DiagReachK3,180,KL,RR,raw,raw,development_DiagReachK3_s180_KL_RR,7,3840,selection,12,8.786822289131427,8.75922295441463,0.027599334716796875,0.75,0.25,"[6.238593816757202, 4.580069939295451, 9.851294914881388]","[0.25, 0.0, 0.0]","[0.005519861266726526, 0.0, 0.0]"
DiagReachK3,180,KL,RR,raw,raw,development_DiagReachK3_s180_KL_RR,7,3840,acceptance,8,8.737113416614012,8.737113416614012,0.0,1.0,0.0,"[6.526898741722107, 4.385631084442139, 9.945589780807495]","[0.0, 0.0, 0.0]","[0.0, 0.0, 0.0]"
DiagReachK3,180,KL,RR,raw,raw,development_DiagReachK3_s180_KL_RR,8,4320,exploration,20,7.64735112617258,6.534372786977329,1.1129783391952515,0.5,0.35,"[6.261307549476624, 4.642083340883255, 9.775192987918853]","[0.25, 0.1, 0.1]","[0.05951694761003766, 0.030648158146784853, 0.004769287109374997]"
DiagReachK3,180,KL,RR,raw,raw,development_DiagReachK3_s180_KL_RR,8,4320,selection,12,8.94081364441663,8.908220036514104,0.032593607902526855,0.8333333333333334,0.16666666666666666,"[6.357984662055969, 4.895901441574097, 10.25877594947815]","[0.16666666666666666, 0.0, 0.0]","[0.006518721580505371, 0.0, 0.0]"
DiagReachK3,180,KL,RR,raw,raw,development_DiagReachK3_s180_KL_RR,8,4320,acceptance,8,8.872960849665105,8.872960849665105,0.0,1.0,0.0,"[6.142871916294098, 4.8200724720954895, 9.957120656967163]","[0.0, 0.0, 0.0]","[0.0, 0.0, 0.0]"
DiagReachK3,180,KL,RR,raw,raw,development_DiagReachK3_s180_KL_RR,9,4800,exploration,20,7.336781173075432,6.778581216062302,0.5581999570131302,0.35,0.3,"[5.239143824577331, 4.880472618341446, 8.905077743530274]","[0.1, 0.25, 0.1]","[0.005286714008876259, 0.04766602516174316, 0.010306228637695314]"
DiagReachK3,180,KL,RR,raw,raw,development_DiagReachK3_s180_KL_RR,9,4800,selection,12,8.88938814328479,8.88938814328479,0.0,1.0,0.0,"[5.728239933649699, 4.97768247127533, 9.697754303614298]","[0.0, 0.0, 0.0]","[0.0, 0.0, 0.0]"
DiagReachK3,180,KL,RR,raw,raw,development_DiagReachK3_s180_KL_RR,9,4800,acceptance,8,9.11299704084522,9.11299704084522,0.0,1.0,0.0,"[5.703494191169739, 5.1443440318107605, 9.834201693534851]","[0.0, 0.0, 0.0]","[0.0, 0.0, 0.0]"
DiagReachK3,180,KL,RR,raw,raw,development_DiagReachK3_s180_KL_RR,10,5280,exploration,20,7.439254468134314,7.004957606843382,0.4342968612909317,0.6,0.2,"[5.093713438510894, 4.331870391964912, 8.270085632801056]","[0.1, 0.1, 0.1]","[0.011574407986232216, 0.016063360067514278, 0.005911945343017577]"
DiagReachK3,180,KL,RR,raw,raw,development_DiagReachK3_s180_KL_RR,10,5280,selection,12,9.27833240334876,9.27833240334876,0.0,1.0,0.0,"[6.040205279986064, 5.468079209327698, 10.495545228322348]","[0.0, 0.0, 0.0]","[0.0, 0.0, 0.0]"
DiagReachK3,180,KL,RR,raw,raw,development_DiagReachK3_s180_KL_RR,10,5280,acceptance,8,9.24288174022222,9.24288174022222,0.0,1.0,0.0,"[6.025316536426544, 5.683604061603546, 10.677535772323608]","[0.0, 0.0, 0.0]","[0.0, 0.0, 0.0]"
DiagReachK3,180,KL,RR,raw,raw,development_DiagReachK3_s180_KL_RR,11,5760,exploration,20,7.5143579142820105,6.575441454602405,0.9389164596796036,0.35,0.35,"[5.053285485506057, 5.085995328426361, 8.872159016132354]","[0.1, 0.3, 0.15]","[0.019974170412336078, 0.043881372305063095, 0.022235019683837887]"
DiagReachK3,180,KL,RR,raw,raw,development_DiagReachK3_s180_KL_RR,11,5760,selection,12,9.183212549455737,9.183212549455737,0.0,1.0,0.0,"[5.7925072113672895, 5.7032655874888105, 10.43190081914266]","[0.0, 0.0, 0.0]","[0.0, 0.0, 0.0]"
DiagReachK3,180,KL,RR,raw,raw,development_DiagReachK3_s180_KL_RR,11,5760,acceptance,8,9.24038866474293,9.24038866474293,0.0,1.0,0.0,"[6.059368968009949, 5.937430500984192, 10.955397844314575]","[0.0, 0.0, 0.0]","[0.0, 0.0, 0.0]"
DiagReachK3,180,KL,RR,raw,raw,development_DiagReachK3_s180_KL_RR,12,6240,exploration,20,7.217615954595385,5.882811270671665,1.3348046839237213,0.3,0.4,"[5.241454839706421, 4.644032526016235, 8.625942492485047]","[0.3, 0.15, 0.05]","[0.08033843040466308, 0.029042031214787413, 0.00752044296264649]"
DiagReachK3,180,KL,RR,raw,raw,development_DiagReachK3_s180_KL_RR,12,6240,selection,12,9.353046187391739,9.30477514230297,0.048271045088768005,0.75,0.25,"[6.289949933687846, 6.020800272623698, 11.260824282964071]","[0.0, 0.25, 0.08333333333333333]","[0.0, 0.008551181891025642, 8.927663167318522e-05]"
DiagReachK3,180,KL,RR,raw,raw,development_DiagReachK3_s180_KL_RR,12,6240,acceptance,8,9.2591566132789,9.2591566132789,0.0,1.0,0.0,"[6.1377429366111755, 5.731162130832672, 10.83059287071228]","[0.0, 0.0, 0.0]","[0.0, 0.0, 0.0]"
DiagReachK3,180,KL,RR,raw,raw,development_DiagReachK3_s180_KL_RR,13,6720,exploration,20,7.722610438357587,4.932280862818952,2.7903295755386353,0.15,0.55,"[5.845147204399109, 5.290661603212357, 9.905525207519531]","[0.25, 0.45, 0.25]","[0.07063750539507184, 0.07069872709421011, 0.04640071105957031]"
DiagReachK3,180,KL,RR,raw,raw,development_DiagReachK3_s180_KL_RR,13,6720,selection,12,8.886559935535866,8.886215768382824,0.00034416715304056805,0.9166666666666666,0.08333333333333333,"[5.717529575030009, 4.8715726137161255, 9.603180289268494]","[0.08333333333333333, 0.0, 0.0]","[6.883484976633047e-05, 0.0, 0.0]"
DiagReachK3,180,KL,RR,raw,raw,development_DiagReachK3_s180_KL_RR,13,6720,acceptance,8,9.261536700185388,9.261536700185388,0.0,1.0,0.0,"[5.784071922302246, 5.2578818798065186, 10.031569957733154]","[0.0, 0.0, 0.0]","[0.0, 0.0, 0.0]"
DiagReachK3,180,KL,RR,raw,raw,development_DiagReachK3_s180_KL_RR,14,7200,exploration,20,7.112226264615312,6.191731827397598,0.9204944372177124,0.3,0.3,"[5.074578857421875, 4.46656898856163, 8.38123960494995]","[0.25, 0.05, 0.1]","[0.06554864134107317, 0.0035306196946364166, 0.01359100341796875]"
DiagReachK3,180,KL,RR,raw,raw,development_DiagReachK3_s180_KL_RR,14,7200,selection,12,9.086635717816534,9.085819084512574,0.0008166333039601644,0.9166666666666666,0.08333333333333333,"[5.790298104286194, 5.363161166508992, 10.114280064900717]","[0.08333333333333333, 0.0, 0.0]","[0.00016332807995024975, 0.0, 0.0]"
DiagReachK3,180,KL,RR,raw,raw,development_DiagReachK3_s180_KL_RR,14,7200,acceptance,8,9.24097224594443,9.24097224594443,0.0,1.0,0.0,"[5.877088785171509, 5.263215184211731, 10.122676134109497]","[0.0, 0.0, 0.0]","[0.0, 0.0, 0.0]"
DiagReachK3,180,KL,RR,raw,raw,development_DiagReachK3_s180_KL_RR,15,7680,exploration,20,7.447706198830273,6.124142280358938,1.3235639184713364,0.45,0.25,"[5.031926256418228, 4.994154441356659, 8.829423189163208]","[0.15, 0.15, 0.1]","[0.024251580238342285, 0.057795473245474, 0.015330005645751954]"
DiagReachK3,180,KL,RR,raw,raw,development_DiagReachK3_s180_KL_RR,15,7680,selection,12,8.849343155881936,8.849343155881936,0.0,1.0,0.0,"[5.445741097132365, 4.864619970321655, 9.315214594205221]","[0.0, 0.0, 0.0]","[0.0, 0.0, 0.0]"
DiagReachK3,180,KL,RR,raw,raw,development_DiagReachK3_s180_KL_RR,15,7680,acceptance,8,9.318802741088438,9.318802741088438,0.0,1.0,0.0,"[6.1219534277915955, 5.62507963180542, 10.703371524810791]","[0.0, 0.0, 0.0]","[0.0, 0.0, 0.0]"
DiagReachK3,180,KL,RR,raw,raw,development_DiagReachK3_s180_KL_RR,16,8160,exploration,20,7.5414633342507305,6.685287196326536,0.8561761379241943,0.3,0.45,"[4.954457175731659, 4.89212803542614, 8.65055763721466]","[0.25, 0.25, 0.1]","[0.036627885273524695, 0.02442984214195837, 0.0053175354003906165]"
DiagReachK3,180,KL,RR,raw,raw,development_DiagReachK3_s180_KL_RR,16,8160,selection,12,9.550005398653836,9.545724642736603,0.004280755917231242,0.8333333333333334,0.16666666666666666,"[6.473867694536845, 6.22028915087382, 11.60955278078715]","[0.0, 0.16666666666666666, 0.0]","[0.0, 0.0008561488909598994, 0.0]"
DiagReachK3,180,KL,RR,raw,raw,development_DiagReachK3_s180_KL_RR,16,8160,acceptance,8,9.495491639579996,9.495491639579996,0.0,1.0,0.0,"[6.2417550683021545, 6.035312056541443, 11.20776629447937]","[0.0, 0.0, 0.0]","[0.0, 0.0, 0.0]"
DiagReachK3,180,KL,RR,raw,raw,development_DiagReachK3_s180_KL_RR,17,8640,exploration,20,7.816119325377514,5.697141733982134,2.118977591395378,0.25,0.35,"[5.551454174518585, 5.48075703382492, 9.880619859695434]","[0.2, 0.35, 0.25]","[0.04286712237766811, 0.06523551207322341, 0.047211074829101564]"
DiagReachK3,180,KL,RR,raw,raw,development_DiagReachK3_s180_KL_RR,17,8640,selection,12,9.424046719622387,9.346751863312496,0.07729485630989075,0.6666666666666666,0.3333333333333333,"[6.273948868115743, 6.047923843065898, 11.232191244761148]","[0.3333333333333333, 0.3333333333333333, 0.3333333333333333]","[0.007250547409057617, 0.004563007599268198, 0.0036454264322916727]"
DiagReachK3,180,KL,RR,raw,raw,development_DiagReachK3_s180_KL_RR,17,8640,acceptance,8,9.566558235354023,9.566558235354023,0.0,1.0,0.0,"[6.439505100250244, 6.062189698219299, 11.423736333847046]","[0.0, 0.0, 0.0]","[0.0, 0.0, 0.0]"
DiagReachK3,180,KL,RR,raw,raw,development_DiagReachK3_s180_KL_RR,18,9120,exploration,20,8.25999021596741,7.035704300473445,1.2242859154939651,0.3,0.3,"[6.503098702430725, 5.291008043289184, 10.647617626190186]","[0.25, 0.15, 0.2]","[0.0407611744744437, 0.03140672903794508, 0.02985037994384766]"
DiagReachK3,180,KL,RR,raw,raw,development_DiagReachK3_s180_KL_RR,18,9120,selection,12,9.37853292018214,9.368611528377127,0.009921391805013021,0.8333333333333334,0.16666666666666666,"[6.30942432085673, 5.584862271944682, 10.829211393992106]","[0.0, 0.16666666666666666, 0.0]","[0.0, 0.001984272247705717, 0.0]"
DiagReachK3,180,KL,RR,raw,raw,development_DiagReachK3_s180_KL_RR,18,9120,acceptance,8,9.540455521183322,9.540455521183322,0.0,1.0,0.0,"[6.442522168159485, 6.082203388214111, 11.440871715545654]","[0.0, 0.0, 0.0]","[0.0, 0.0, 0.0]"
DiagReachK3,180,KL,RR,raw,raw,development_DiagReachK3_s180_KL_RR,19,9600,exploration,20,7.890737016986532,6.93458407122962,0.9561529457569122,0.3,0.35,"[5.869480264186859, 5.032825219631195, 9.75906593799591]","[0.2, 0.2, 0.1]","[0.012636688777378623, 0.05471041019146259, 0.01807195663452149]"
DiagReachK3,180,KL,RR,raw,raw,development_DiagReachK3_s180_KL_RR,19,9600,selection,12,9.425799410109418,9.415680031542676,0.010119378566741943,0.75,0.25,"[6.2703730662663775, 5.873703956604004, 11.068940798441568]","[0.08333333333333333, 0.16666666666666666, 0.0]","[0.00010308765229725496, 0.0019207856593987938, 0.0]"
DiagReachK3,180,KL,RR,raw,raw,development_DiagReachK3_s180_KL_RR,19,9600,acceptance,8,9.560652932937955,9.560652932937955,0.0,1.0,0.0,"[6.254748106002808, 6.104475498199463, 11.294268369674683]","[0.0, 0.0, 0.0]","[0.0, 0.0, 0.0]"
DiagReachK3,180,KL,RR,raw,raw,development_DiagReachK3_s180_KL_RR,20,10080,exploration,20,8.067112985827261,7.2062002455967,0.8609127402305603,0.25,0.35,"[5.553667688369751, 5.316365671157837, 9.757312798500061]","[0.15, 0.25, 0.05]","[0.01377026012965612, 0.043000221252441406, 0.008374717712402346]"
DiagReachK3,180,KL,RR,raw,raw,development_DiagReachK3_s180_KL_RR,20,10080,selection,12,9.403440939278516,9.316724128416292,0.08671681086222331,0.6666666666666666,0.3333333333333333,"[6.440775473912557, 5.790342450141907, 11.157470703125]","[0.0, 0.3333333333333333, 0.0]","[0.0, 0.01221579771775468, 0.0]"
DiagReachK3,180,KL,RR,raw,raw,development_DiagReachK3_s180_KL_RR,20,10080,acceptance,8,9.59494143234333,9.59494143234333,0.0,1.0,0.0,"[6.341580152511597, 6.081018924713135, 11.349363565444946]","[0.0, 0.0, 0.0]","[0.0, 0.0, 0.0]"
DiagReachK3,180,KL,RR,raw,raw,development_DiagReachK3_s180_KL_RR,21,10560,exploration,20,7.588477201788338,6.264468096225173,1.3240091055631638,0.25,0.4,"[5.182528781890869, 4.938174176216125, 8.873651218414306]","[0.2, 0.25, 0.15]","[0.03897796358380999, 0.04203827197735126, 0.019102924346923823]"
DiagReachK3,180,KL,RR,raw,raw,development_DiagReachK3_s180_KL_RR,21,10560,selection,12,9.390134844457194,9.388553632572377,0.0015812118848164876,0.9166666666666666,0.08333333333333333,"[5.995439767837524, 5.9527424573898315, 10.88360063234965]","[0.0, 0.08333333333333333, 0.0]","[0.0, 0.0003162408486390711, 0.0]"
DiagReachK3,180,KL,RR,raw,raw,development_DiagReachK3_s180_KL_RR,21,10560,acceptance,8,9.6079182877962,9.6079182877962,0.0,1.0,0.0,"[6.370014429092407, 6.088650941848755, 11.385181903839111]","[0.0, 0.0, 0.0]","[0.0, 0.0, 0.0]"
DiagReachK3,180,KL,RR,raw,raw,development_DiagReachK3_s180_KL_RR,22,11040,exploration,20,7.633830282754497,6.98160826034029,0.6522220224142075,0.5,0.25,"[4.96303950548172, 5.162527334690094, 8.983018922805787]","[0.1, 0.2, 0.15]","[0.00885068007877895, 0.04084586730370156, 0.013267326354980458]"
DiagReachK3,180,KL,RR,raw,raw,development_DiagReachK3_s180_KL_RR,22,11040,selection,12,9.37457778233123,9.37457778233123,0.0,1.0,0.0,"[6.362438241640727, 5.525845607121785, 10.841402053833008]","[0.0, 0.0, 0.0]","[0.0, 0.0, 0.0]"
DiagReachK3,180,KL,RR,raw,raw,development_DiagReachK3_s180_KL_RR,22,11040,acceptance,8,9.579413563579147,9.579413563579147,0.0,1.0,0.0,"[6.57482236623764, 6.164953052997589, 11.652069211006165]","[0.0, 0.0, 0.0]","[0.0, 0.0, 0.0]"
DiagReachK3,180,KL,RR,raw,raw,development_DiagReachK3_s180_KL_RR,23,11520,exploration,20,8.136402565524914,4.939199979887344,3.1972025856375694,0.25,0.45,"[6.365086460113526, 5.256004214286804, 10.511844205856324]","[0.45, 0.25, 0.35]","[0.06829561165400913, 0.07642959814805252, 0.06278652954101563]"
DiagReachK3,180,KL,RR,raw,raw,development_DiagReachK3_s180_KL_RR,23,11520,selection,12,9.354865954441872,9.344584848605638,0.010281105836232504,0.8333333333333334,0.16666666666666666,"[6.239738742510478, 5.598409016927083, 10.784222841262817]","[0.16666666666666666, 0.0, 0.0]","[0.0020562183289300853, 0.0, 0.0]"
DiagReachK3,180,KL,RR,raw,raw,development_DiagReachK3_s180_KL_RR,23,11520,acceptance,8,9.686157113272928,9.686157113272928,0.0,1.0,0.0,"[6.731214284896851, 6.174689769744873, 11.849374771118164]","[0.0, 0.0, 0.0]","[0.0, 0.0, 0.0]"
DiagReachK3,180,KL,RR,raw,raw,development_DiagReachK3_s180_KL_RR,24,12000,exploration,20,8.047282511212398,6.69032459876733,1.3569579124450684,0.3,0.45,"[6.078804945945739, 5.779017543792724, 10.728917264938355]","[0.3, 0.25, 0.2]","[0.04427824701581683, 0.030941225932194637, 0.028712623596191412]"
DiagReachK3,180,KL,RR,raw,raw,development_DiagReachK3_s180_KL_RR,24,12000,selection,12,9.214400252942141,9.214400252942141,0.0,1.0,0.0,"[5.965023358662923, 5.740389625231425, 10.660584608713785]","[0.0, 0.0, 0.0]","[0.0, 0.0, 0.0]"
DiagReachK3,180,KL,RR,raw,raw,development_DiagReachK3_s180_KL_RR,24,12000,acceptance,8,9.628610334143742,9.628610334143742,0.0,1.0,0.0,"[6.557320237159729, 6.030806303024292, 11.552682399749756]","[0.0, 0.0, 0.0]","[0.0, 0.0, 0.0]"
DiagReachK3,180,KL,RS,raw,shaped,development_DiagReachK3_s180_KL_RS,0,480,exploration,20,3.995492234220728,3.810164734115824,0.18532750010490417,0.05,0.15,"[1.2264814153313637, 2.8878522530198096, 2.897287717461586]","[0.0, 0.15, 0.05]","[0.0, 0.012627634635338414, 0.0034752922058105427]"
DiagReachK3,180,KL,RS,raw,shaped,development_DiagReachK3_s180_KL_RS,0,480,selection,12,4.322843325337939,4.322843325337939,0.0,0.0,0.0,"[0.7387029851476351, 1.4903346424301465, 1.6284895141919453]","[0.0, 0.0, 0.0]","[0.0, 0.0, 0.0]"
DiagReachK3,180,KL,RS,raw,shaped,development_DiagReachK3_s180_KL_RS,0,480,acceptance,8,4.618351698959668,4.618351698959668,0.0,0.0,0.0,"[1.1238103359937668, 1.6619440354406834, 2.1447047516703606]","[0.0, 0.0, 0.0]","[0.0, 0.0, 0.0]"
DiagReachK3,180,KL,RS,raw,shaped,development_DiagReachK3_s180_KL_RS,1,960,exploration,20,5.4875330593861875,5.371879321006709,0.11565373837947845,0.2,0.1,"[2.3469162434339523, 3.2861917495727537, 4.390116551518441]","[0.05, 0.05, 0.0]","[0.0030140944889613607, 0.00467030085050143, 0.0]"
DiagReachK3,180,KL,RS,raw,shaped,development_DiagReachK3_s180_KL_RS,1,960,selection,12,7.448978917958205,7.448978917958205,0.0,0.6666666666666666,0.0,"[3.7073684632778168, 3.2981424729029336, 6.130548199017842]","[0.0, 0.0, 0.0]","[0.0, 0.0, 0.0]"
DiagReachK3,180,KL,RS,raw,shaped,development_DiagReachK3_s180_KL_RS,1,960,acceptance,8,7.464579817539925,7.464579817539925,0.0,0.5,0.0,"[3.9691671431064606, 3.3193438351154327, 6.40090474486351]","[0.0, 0.0, 0.0]","[0.0, 0.0, 0.0]"
DiagReachK3,180,KL,RS,raw,shaped,development_DiagReachK3_s180_KL_RS,2,1440,exploration,20,6.7665326383977655,6.101425283876013,0.6651073545217514,0.3,0.25,"[4.495903199911117, 3.8987576603889464, 7.250419855117798]","[0.15, 0.1, 0.1]","[0.029817737851824077, 0.016681282336895274, 0.00564870834350586]"
DiagReachK3,180,KL,RS,raw,shaped,development_DiagReachK3_s180_KL_RS,2,1440,selection,12,8.626332060010947,8.391974295687394,0.23435776432355246,0.5833333333333334,0.4166666666666667,"[6.782273888587952, 4.4885377287864685, 10.287477016448975]","[0.4166666666666667, 0.0, 0.0]","[0.0391540981474377, 0.0, 0.0]"
DiagReachK3,180,KL,RS,raw,shaped,development_DiagReachK3_s180_KL_RS,2,1440,acceptance,8,8.431187321175821,8.431187321175821,0.0,1.0,0.0,"[5.5232226848602295, 4.116464853286743, 8.676129817962646]","[0.0, 0.0, 0.0]","[0.0, 0.0, 0.0]"
DiagReachK3,180,KL,RS,raw,shaped,development_DiagReachK3_s180_KL_RS,3,1920,exploration,20,6.550810984191484,5.227682373342104,1.3231286108493805,0.35,0.2,"[4.745136639475822, 3.234531059861183, 6.614967924356461]","[0.15, 0.1, 0.1]","[0.06440418107169014, 0.005942069567166841, 0.02511292266845703]"
DiagReachK3,180,KL,RS,raw,shaped,development_DiagReachK3_s180_KL_RS,3,1920,selection,12,8.532397184127088,8.532397184127088,0.0,1.0,0.0,"[5.8232550621032715, 4.0524313648541765, 8.932155211766561]","[0.0, 0.0, 0.0]","[0.0, 0.0, 0.0]"
DiagReachK3,180,KL,RS,raw,shaped,development_DiagReachK3_s180_KL_RS,3,1920,acceptance,8,8.556122205290013,8.556122205290013,0.0,1.0,0.0,"[6.207652449607849, 4.152445375919342, 9.396958351135254]","[0.0, 0.0, 0.0]","[0.0, 0.0, 0.0]"
DiagReachK3,180,KL,RS,raw,shaped,development_DiagReachK3_s180_KL_RS,4,2400,exploration,20,6.602287183137378,5.7608784833864775,0.8414086997509003,0.15,0.35,"[4.685894459486008, 4.120868758857251, 7.6263994693756105]","[0.25, 0.15, 0.05]","[0.04043292999267578, 0.03586341784550594, 0.007583396911621099]"
DiagReachK3,180,KL,RS,raw,shaped,development_DiagReachK3_s180_KL_RS,4,2400,selection,12,8.799089538352563,8.561296534833188,0.23779300351937613,0.3333333333333333,0.6666666666666666,"[7.169917464256287, 4.462583939234416, 10.63442349433899]","[0.6666666666666666, 0.0, 0.0]","[0.043978946549551846, 0.0, 0.0]"
DiagReachK3,180,KL,RS,raw,shaped,development_DiagReachK3_s180_KL_RS,4,2400,acceptance,8,8.751940385601483,8.751940385601483,0.0,1.0,0.0,"[6.590057134628296, 4.4830567836761475, 10.100499391555786]","[0.0, 0.0, 0.0]","[0.0, 0.0, 0.0]"
DiagReachK3,180,KL,RS,raw,shaped,development_DiagReachK3_s180_KL_RS,5,2880,exploration,20,6.67760868279729,5.782483532116749,0.895125150680542,0.2,0.25,"[5.257000011205673, 3.5782770320773123, 7.537668776512146]","[0.25, 0.1, 0.05]","[0.0366593565259661, 0.017680685336773215, 0.01912088775634766]"
DiagReachK3,180,KL,RS,raw,shaped,development_DiagReachK3_s180_KL_RS,5,2880,selection,12,8.914350351838703,8.319508638132051,0.5948417137066523,0.3333333333333333,0.6666666666666666,"[7.454011797904968, 4.916687726974487, 11.382646083831787]","[0.6666666666666666, 0.0, 0.08333333333333333]","[0.08798862638927642, 0.0, 0.0012830098470052083]"
DiagReachK3,180,KL,RS,raw,shaped,development_DiagReachK3_s180_KL_RS,5,2880,acceptance,8,8.76924146024976,8.76924146024976,0.0,1.0,0.0,"[6.708099126815796, 4.492081165313721, 10.206958055496216]","[0.0, 0.0, 0.0]","[0.0, 0.0, 0.0]"
DiagReachK3,180,KL,RS,raw,shaped,development_DiagReachK3_s180_KL_RS,6,3360,exploration,20,6.741361392394173,5.065812421694863,1.6755489706993103,0.35,0.3,"[5.291496168076992, 3.792750898003578, 7.70008864402771]","[0.2, 0.15, 0.15]","[0.06739108903067453, 0.0501573159144475, 0.023660400390624992]"
DiagReachK3,180,KL,RS,raw,shaped,development_DiagReachK3_s180_KL_RS,6,3360,selection,12,8.610052637763632,8.452890189993196,0.15716244777043661,0.6666666666666666,0.3333333333333333,"[6.812852660814921, 4.072917600472768, 9.910184462865194]","[0.3333333333333333, 0.0, 0.0]","[0.02924240203130814, 0.0, 0.0]"
DiagReachK3,180,KL,RS,raw,shaped,development_DiagReachK3_s180_KL_RS,6,3360,acceptance,8,8.790486014122143,8.790486014122143,0.0,1.0,0.0,"[6.621814489364624, 4.432184338569641, 10.066909313201904]","[0.0, 0.0, 0.0]","[0.0, 0.0, 0.0]"
DiagReachK3,180,KL,RS,raw,shaped,development_DiagReachK3_s180_KL_RS,7,3840,exploration,20,7.076537975955288,4.952242696571629,2.1242952793836594,0.15,0.55,"[6.007385650277138, 4.381199061870575, 9.098188084363937]","[0.45, 0.15, 0.25]","[0.1155428307397025, 0.012744756845327521, 0.018350219726562512]"
DiagReachK3,180,KL,RS,raw,shaped,development_DiagReachK3_s180_KL_RS,7,3840,selection,12,8.786822289131427,8.75922295441463,0.027599334716796875,0.75,0.25,"[6.238593816757202, 4.580069939295451, 9.851294914881388]","[0.25, 0.0, 0.0]","[0.005519861266726526, 0.0, 0.0]"
DiagReachK3,180,KL,RS,raw,shaped,development_DiagReachK3_s180_KL_RS,7,3840,acceptance,8,8.737113416614012,8.737113416614012,0.0,1.0,0.0,"[6.526898741722107, 4.385631084442139, 9.945589780807495]","[0.0, 0.0, 0.0]","[0.0, 0.0, 0.0]"
DiagReachK3,180,KL,RS,raw,shaped,development_DiagReachK3_s180_KL_RS,8,4320,exploration,20,7.64735112617258,6.534372786977329,1.1129783391952515,0.5,0.35,"[6.261307549476624, 4.642083340883255, 9.775192987918853]","[0.25, 0.1, 0.1]","[0.05951694761003766, 0.030648158146784853, 0.004769287109374997]"
DiagReachK3,180,KL,RS,raw,shaped,development_DiagReachK3_s180_KL_RS,8,4320,selection,12,8.94081364441663,8.908220036514104,0.032593607902526855,0.8333333333333334,0.16666666666666666,"[6.357984662055969, 4.895901441574097, 10.25877594947815]","[0.16666666666666666, 0.0, 0.0]","[0.006518721580505371, 0.0, 0.0]"
DiagReachK3,180,KL,RS,raw,shaped,development_DiagReachK3_s180_KL_RS,8,4320,acceptance,8,8.872960849665105,8.872960849665105,0.0,1.0,0.0,"[6.142871916294098, 4.8200724720954895, 9.957120656967163]","[0.0, 0.0, 0.0]","[0.0, 0.0, 0.0]"
DiagReachK3,180,KL,RS,raw,shaped,development_DiagReachK3_s180_KL_RS,9,4800,exploration,20,7.336781173075432,6.778581216062302,0.5581999570131302,0.35,0.3,"[5.239143824577331, 4.880472618341446, 8.905077743530274]","[0.1, 0.25, 0.1]","[0.005286714008876259, 0.04766602516174316, 0.010306228637695314]"
DiagReachK3,180,KL,RS,raw,shaped,development_DiagReachK3_s180_KL_RS,9,4800,selection,12,8.88938814328479,8.88938814328479,0.0,1.0,0.0,"[5.728239933649699, 4.97768247127533, 9.697754303614298]","[0.0, 0.0, 0.0]","[0.0, 0.0, 0.0]"
DiagReachK3,180,KL,RS,raw,shaped,development_DiagReachK3_s180_KL_RS,9,4800,acceptance,8,9.11299704084522,9.11299704084522,0.0,1.0,0.0,"[5.703494191169739, 5.1443440318107605, 9.834201693534851]","[0.0, 0.0, 0.0]","[0.0, 0.0, 0.0]"
DiagReachK3,180,KL,RS,raw,shaped,development_DiagReachK3_s180_KL_RS,10,5280,exploration,20,7.439254468134314,7.004957606843382,0.4342968612909317,0.6,0.2,"[5.093713438510894, 4.331870391964912, 8.270085632801056]","[0.1, 0.1, 0.1]","[0.011574407986232216, 0.016063360067514278, 0.005911945343017577]"
DiagReachK3,180,KL,RS,raw,shaped,development_DiagReachK3_s180_KL_RS,10,5280,selection,12,9.27833240334876,9.27833240334876,0.0,1.0,0.0,"[6.040205279986064, 5.468079209327698, 10.495545228322348]","[0.0, 0.0, 0.0]","[0.0, 0.0, 0.0]"
DiagReachK3,180,KL,RS,raw,shaped,development_DiagReachK3_s180_KL_RS,10,5280,acceptance,8,9.24288174022222,9.24288174022222,0.0,1.0,0.0,"[6.025316536426544, 5.683604061603546, 10.677535772323608]","[0.0, 0.0, 0.0]","[0.0, 0.0, 0.0]"
DiagReachK3,180,KL,RS,raw,shaped,development_DiagReachK3_s180_KL_RS,11,5760,exploration,20,7.5143579142820105,6.575441454602405,0.9389164596796036,0.35,0.35,"[5.053285485506057, 5.085995328426361, 8.872159016132354]","[0.1, 0.3, 0.15]","[0.019974170412336078, 0.043881372305063095, 0.022235019683837887]"
DiagReachK3,180,KL,RS,raw,shaped,development_DiagReachK3_s180_KL_RS,11,5760,selection,12,9.183212549455737,9.183212549455737,0.0,1.0,0.0,"[5.7925072113672895, 5.7032655874888105, 10.43190081914266]","[0.0, 0.0, 0.0]","[0.0, 0.0, 0.0]"
DiagReachK3,180,KL,RS,raw,shaped,development_DiagReachK3_s180_KL_RS,11,5760,acceptance,8,9.24038866474293,9.24038866474293,0.0,1.0,0.0,"[6.059368968009949, 5.937430500984192, 10.955397844314575]","[0.0, 0.0, 0.0]","[0.0, 0.0, 0.0]"
DiagReachK3,180,KL,RS,raw,shaped,development_DiagReachK3_s180_KL_RS,12,6240,exploration,20,7.217615954595385,5.882811270671665,1.3348046839237213,0.3,0.4,"[5.241454839706421, 4.644032526016235, 8.625942492485047]","[0.3, 0.15, 0.05]","[0.08033843040466308, 0.029042031214787413, 0.00752044296264649]"
DiagReachK3,180,KL,RS,raw,shaped,development_DiagReachK3_s180_KL_RS,12,6240,selection,12,9.353046187391739,9.30477514230297,0.048271045088768005,0.75,0.25,"[6.289949933687846, 6.020800272623698, 11.260824282964071]","[0.0, 0.25, 0.08333333333333333]","[0.0, 0.008551181891025642, 8.927663167318522e-05]"
DiagReachK3,180,KL,RS,raw,shaped,development_DiagReachK3_s180_KL_RS,12,6240,acceptance,8,9.2591566132789,9.2591566132789,0.0,1.0,0.0,"[6.1377429366111755, 5.731162130832672, 10.83059287071228]","[0.0, 0.0, 0.0]","[0.0, 0.0, 0.0]"
DiagReachK3,180,KL,RS,raw,shaped,development_DiagReachK3_s180_KL_RS,13,6720,exploration,20,7.722610438357587,4.932280862818952,2.7903295755386353,0.15,0.55,"[5.845147204399109, 5.290661603212357, 9.905525207519531]","[0.25, 0.45, 0.25]","[0.07063750539507184, 0.07069872709421011, 0.04640071105957031]"
DiagReachK3,180,KL,RS,raw,shaped,development_DiagReachK3_s180_KL_RS,13,6720,selection,12,8.886559935535866,8.886215768382824,0.00034416715304056805,0.9166666666666666,0.08333333333333333,"[5.717529575030009, 4.8715726137161255, 9.603180289268494]","[0.08333333333333333, 0.0, 0.0]","[6.883484976633047e-05, 0.0, 0.0]"
DiagReachK3,180,KL,RS,raw,shaped,development_DiagReachK3_s180_KL_RS,13,6720,acceptance,8,9.261536700185388,9.261536700185388,0.0,1.0,0.0,"[5.784071922302246, 5.2578818798065186, 10.031569957733154]","[0.0, 0.0, 0.0]","[0.0, 0.0, 0.0]"
DiagReachK3,180,KL,RS,raw,shaped,development_DiagReachK3_s180_KL_RS,14,7200,exploration,20,7.112226264615312,6.191731827397598,0.9204944372177124,0.3,0.3,"[5.074578857421875, 4.46656898856163, 8.38123960494995]","[0.25, 0.05, 0.1]","[0.06554864134107317, 0.0035306196946364166, 0.01359100341796875]"
DiagReachK3,180,KL,RS,raw,shaped,development_DiagReachK3_s180_KL_RS,14,7200,selection,12,9.086635717816534,9.085819084512574,0.0008166333039601644,0.9166666666666666,0.08333333333333333,"[5.790298104286194, 5.363161166508992, 10.114280064900717]","[0.08333333333333333, 0.0, 0.0]","[0.00016332807995024975, 0.0, 0.0]"
DiagReachK3,180,KL,RS,raw,shaped,development_DiagReachK3_s180_KL_RS,14,7200,acceptance,8,9.24097224594443,9.24097224594443,0.0,1.0,0.0,"[5.877088785171509, 5.263215184211731, 10.122676134109497]","[0.0, 0.0, 0.0]","[0.0, 0.0, 0.0]"
DiagReachK3,180,KL,RS,raw,shaped,development_DiagReachK3_s180_KL_RS,15,7680,exploration,20,7.447706198830273,6.124142280358938,1.3235639184713364,0.45,0.25,"[5.031926256418228, 4.994154441356659, 8.829423189163208]","[0.15, 0.15, 0.1]","[0.024251580238342285, 0.057795473245474, 0.015330005645751954]"
DiagReachK3,180,KL,RS,raw,shaped,development_DiagReachK3_s180_KL_RS,15,7680,selection,12,8.849343155881936,8.849343155881936,0.0,1.0,0.0,"[5.445741097132365, 4.864619970321655, 9.315214594205221]","[0.0, 0.0, 0.0]","[0.0, 0.0, 0.0]"
DiagReachK3,180,KL,RS,raw,shaped,development_DiagReachK3_s180_KL_RS,15,7680,acceptance,8,9.318802741088438,9.318802741088438,0.0,1.0,0.0,"[6.1219534277915955, 5.62507963180542, 10.703371524810791]","[0.0, 0.0, 0.0]","[0.0, 0.0, 0.0]"
DiagReachK3,180,KL,RS,raw,shaped,development_DiagReachK3_s180_KL_RS,16,8160,exploration,20,7.5414633342507305,6.685287196326536,0.8561761379241943,0.3,0.45,"[4.954457175731659, 4.89212803542614, 8.65055763721466]","[0.25, 0.25, 0.1]","[0.036627885273524695, 0.02442984214195837, 0.0053175354003906165]"
DiagReachK3,180,KL,RS,raw,shaped,development_DiagReachK3_s180_KL_RS,16,8160,selection,12,9.550005398653836,9.545724642736603,0.004280755917231242,0.8333333333333334,0.16666666666666666,"[6.473867694536845, 6.22028915087382, 11.60955278078715]","[0.0, 0.16666666666666666, 0.0]","[0.0, 0.0008561488909598994, 0.0]"
DiagReachK3,180,KL,RS,raw,shaped,development_DiagReachK3_s180_KL_RS,16,8160,acceptance,8,9.495491639579996,9.495491639579996,0.0,1.0,0.0,"[6.2417550683021545, 6.035312056541443, 11.20776629447937]","[0.0, 0.0, 0.0]","[0.0, 0.0, 0.0]"
DiagReachK3,180,KL,RS,raw,shaped,development_DiagReachK3_s180_KL_RS,17,8640,exploration,20,7.816119325377514,5.697141733982134,2.118977591395378,0.25,0.35,"[5.551454174518585, 5.48075703382492, 9.880619859695434]","[0.2, 0.35, 0.25]","[0.04286712237766811, 0.06523551207322341, 0.047211074829101564]"
DiagReachK3,180,KL,RS,raw,shaped,development_DiagReachK3_s180_KL_RS,17,8640,selection,12,9.424046719622387,9.346751863312496,0.07729485630989075,0.6666666666666666,0.3333333333333333,"[6.273948868115743, 6.047923843065898, 11.232191244761148]","[0.3333333333333333, 0.3333333333333333, 0.3333333333333333]","[0.007250547409057617, 0.004563007599268198, 0.0036454264322916727]"
DiagReachK3,180,KL,RS,raw,shaped,development_DiagReachK3_s180_KL_RS,17,8640,acceptance,8,9.566558235354023,9.566558235354023,0.0,1.0,0.0,"[6.439505100250244, 6.062189698219299, 11.423736333847046]","[0.0, 0.0, 0.0]","[0.0, 0.0, 0.0]"
DiagReachK3,180,KL,RS,raw,shaped,development_DiagReachK3_s180_KL_RS,18,9120,exploration,20,8.25999021596741,7.035704300473445,1.2242859154939651,0.3,0.3,"[6.503098702430725, 5.291008043289184, 10.647617626190186]","[0.25, 0.15, 0.2]","[0.0407611744744437, 0.03140672903794508, 0.02985037994384766]"
DiagReachK3,180,KL,RS,raw,shaped,development_DiagReachK3_s180_KL_RS,18,9120,selection,12,9.37853292018214,9.368611528377127,0.009921391805013021,0.8333333333333334,0.16666666666666666,"[6.30942432085673, 5.584862271944682, 10.829211393992106]","[0.0, 0.16666666666666666, 0.0]","[0.0, 0.001984272247705717, 0.0]"
DiagReachK3,180,KL,RS,raw,shaped,development_DiagReachK3_s180_KL_RS,18,9120,acceptance,8,9.540455521183322,9.540455521183322,0.0,1.0,0.0,"[6.442522168159485, 6.082203388214111, 11.440871715545654]","[0.0, 0.0, 0.0]","[0.0, 0.0, 0.0]"
DiagReachK3,180,KL,RS,raw,shaped,development_DiagReachK3_s180_KL_RS,19,9600,exploration,20,7.890737016986532,6.93458407122962,0.9561529457569122,0.3,0.35,"[5.869480264186859, 5.032825219631195, 9.75906593799591]","[0.2, 0.2, 0.1]","[0.012636688777378623, 0.05471041019146259, 0.01807195663452149]"
DiagReachK3,180,KL,RS,raw,shaped,development_DiagReachK3_s180_KL_RS,19,9600,selection,12,9.425799410109418,9.415680031542676,0.010119378566741943,0.75,0.25,"[6.2703730662663775, 5.873703956604004, 11.068940798441568]","[0.08333333333333333, 0.16666666666666666, 0.0]","[0.00010308765229725496, 0.0019207856593987938, 0.0]"
DiagReachK3,180,KL,RS,raw,shaped,development_DiagReachK3_s180_KL_RS,19,9600,acceptance,8,9.560652932937955,9.560652932937955,0.0,1.0,0.0,"[6.254748106002808, 6.104475498199463, 11.294268369674683]","[0.0, 0.0, 0.0]","[0.0, 0.0, 0.0]"
DiagReachK3,180,KL,RS,raw,shaped,development_DiagReachK3_s180_KL_RS,20,10080,exploration,20,8.067112985827261,7.2062002455967,0.8609127402305603,0.25,0.35,"[5.553667688369751, 5.316365671157837, 9.757312798500061]","[0.15, 0.25, 0.05]","[0.01377026012965612, 0.043000221252441406, 0.008374717712402346]"
DiagReachK3,180,KL,RS,raw,shaped,development_DiagReachK3_s180_KL_RS,20,10080,selection,12,9.403440939278516,9.316724128416292,0.08671681086222331,0.6666666666666666,0.3333333333333333,"[6.440775473912557, 5.790342450141907, 11.157470703125]","[0.0, 0.3333333333333333, 0.0]","[0.0, 0.01221579771775468, 0.0]"
DiagReachK3,180,KL,RS,raw,shaped,development_DiagReachK3_s180_KL_RS,20,10080,acceptance,8,9.59494143234333,9.59494143234333,0.0,1.0,0.0,"[6.341580152511597, 6.081018924713135, 11.349363565444946]","[0.0, 0.0, 0.0]","[0.0, 0.0, 0.0]"
DiagReachK3,180,KL,RS,raw,shaped,development_DiagReachK3_s180_KL_RS,21,10560,exploration,20,7.588477201788338,6.264468096225173,1.3240091055631638,0.25,0.4,"[5.182528781890869, 4.938174176216125, 8.873651218414306]","[0.2, 0.25, 0.15]","[0.03897796358380999, 0.04203827197735126, 0.019102924346923823]"
DiagReachK3,180,KL,RS,raw,shaped,development_DiagReachK3_s180_KL_RS,21,10560,selection,12,9.390134844457194,9.388553632572377,0.0015812118848164876,0.9166666666666666,0.08333333333333333,"[5.995439767837524, 5.9527424573898315, 10.88360063234965]","[0.0, 0.08333333333333333, 0.0]","[0.0, 0.0003162408486390711, 0.0]"
DiagReachK3,180,KL,RS,raw,shaped,development_DiagReachK3_s180_KL_RS,21,10560,acceptance,8,9.6079182877962,9.6079182877962,0.0,1.0,0.0,"[6.370014429092407, 6.088650941848755, 11.385181903839111]","[0.0, 0.0, 0.0]","[0.0, 0.0, 0.0]"
DiagReachK3,180,KL,RS,raw,shaped,development_DiagReachK3_s180_KL_RS,22,11040,exploration,20,7.633830282754497,6.98160826034029,0.6522220224142075,0.5,0.25,"[4.96303950548172, 5.162527334690094, 8.983018922805787]","[0.1, 0.2, 0.15]","[0.00885068007877895, 0.04084586730370156, 0.013267326354980458]"
DiagReachK3,180,KL,RS,raw,shaped,development_DiagReachK3_s180_KL_RS,22,11040,selection,12,9.37457778233123,9.37457778233123,0.0,1.0,0.0,"[6.362438241640727, 5.525845607121785, 10.841402053833008]","[0.0, 0.0, 0.0]","[0.0, 0.0, 0.0]"
DiagReachK3,180,KL,RS,raw,shaped,development_DiagReachK3_s180_KL_RS,22,11040,acceptance,8,9.579413563579147,9.579413563579147,0.0,1.0,0.0,"[6.57482236623764, 6.164953052997589, 11.652069211006165]","[0.0, 0.0, 0.0]","[0.0, 0.0, 0.0]"
DiagReachK3,180,KL,RS,raw,shaped,development_DiagReachK3_s180_KL_RS,23,11520,exploration,20,8.136402565524914,4.939199979887344,3.1972025856375694,0.25,0.45,"[6.365086460113526, 5.256004214286804, 10.511844205856324]","[0.45, 0.25, 0.35]","[0.06829561165400913, 0.07642959814805252, 0.06278652954101563]"
DiagReachK3,180,KL,RS,raw,shaped,development_DiagReachK3_s180_KL_RS,23,11520,selection,12,9.354865954441872,9.344584848605638,0.010281105836232504,0.8333333333333334,0.16666666666666666,"[6.239738742510478, 5.598409016927083, 10.784222841262817]","[0.16666666666666666, 0.0, 0.0]","[0.0020562183289300853, 0.0, 0.0]"
DiagReachK3,180,KL,RS,raw,shaped,development_DiagReachK3_s180_KL_RS,23,11520,acceptance,8,9.686157113272928,9.686157113272928,0.0,1.0,0.0,"[6.731214284896851, 6.174689769744873, 11.849374771118164]","[0.0, 0.0, 0.0]","[0.0, 0.0, 0.0]"
DiagReachK3,180,KL,RS,raw,shaped,development_DiagReachK3_s180_KL_RS,24,12000,exploration,20,8.047282511212398,6.69032459876733,1.3569579124450684,0.3,0.45,"[6.078804945945739, 5.779017543792724, 10.728917264938355]","[0.3, 0.25, 0.2]","[0.04427824701581683, 0.030941225932194637, 0.028712623596191412]"
DiagReachK3,180,KL,RS,raw,shaped,development_DiagReachK3_s180_KL_RS,24,12000,selection,12,9.214400252942141,9.214400252942141,0.0,1.0,0.0,"[5.965023358662923, 5.740389625231425, 10.660584608713785]","[0.0, 0.0, 0.0]","[0.0, 0.0, 0.0]"
DiagReachK3,180,KL,RS,raw,shaped,development_DiagReachK3_s180_KL_RS,24,12000,acceptance,8,9.628610334143742,9.628610334143742,0.0,1.0,0.0,"[6.557320237159729, 6.030806303024292, 11.552682399749756]","[0.0, 0.0, 0.0]","[0.0, 0.0, 0.0]"
DiagReachK3,180,KL,SR,shaped,raw,development_DiagReachK3_s180_KL_SR,0,480,exploration,20,3.995492234220728,3.810164734115824,0.18532750010490417,0.05,0.15,"[1.2264814153313637, 2.8878522530198096, 2.897287717461586]","[0.0, 0.15, 0.05]","[0.0, 0.012627634635338414, 0.0034752922058105427]"
DiagReachK3,180,KL,SR,shaped,raw,development_DiagReachK3_s180_KL_SR,0,480,selection,12,4.3623017210649175,4.3623017210649175,0.0,0.0,0.0,"[0.7700932671626409, 1.4908881410956383, 1.6719526449839275]","[0.0, 0.0, 0.0]","[0.0, 0.0, 0.0]"
DiagReachK3,180,KL,SR,shaped,raw,development_DiagReachK3_s180_KL_SR,0,480,acceptance,8,4.618351698959668,4.618351698959668,0.0,0.0,0.0,"[1.1238103359937668, 1.6619440354406834, 2.1447047516703606]","[0.0, 0.0, 0.0]","[0.0, 0.0, 0.0]"
DiagReachK3,180,KL,SR,shaped,raw,development_DiagReachK3_s180_KL_SR,1,960,exploration,20,5.4875330593861875,5.371879321006709,0.11565373837947845,0.2,0.1,"[2.3469162434339523, 3.2861917495727537, 4.390116551518441]","[0.05, 0.05, 0.0]","[0.0030140944889613607, 0.00467030085050143, 0.0]"
DiagReachK3,180,KL,SR,shaped,raw,development_DiagReachK3_s180_KL_SR,1,960,selection,12,7.445774529278424,7.445774529278424,0.0,0.6666666666666666,0.0,"[3.685571918884913, 3.309084633986155, 6.12010379632314]","[0.0, 0.0, 0.0]","[0.0, 0.0, 0.0]"
DiagReachK3,180,KL,SR,shaped,raw,development_DiagReachK3_s180_KL_SR,1,960,acceptance,8,7.464579817539925,7.464579817539925,0.0,0.5,0.0,"[3.9691671431064606, 3.3193438351154327, 6.40090474486351]","[0.0, 0.0, 0.0]","[0.0, 0.0, 0.0]"
DiagReachK3,180,KL,SR,shaped,raw,development_DiagReachK3_s180_KL_SR,2,1440,exploration,20,6.7665326383977655,6.101425283876013,0.6651073545217514,0.3,0.25,"[4.495903199911117, 3.8987576603889464, 7.250419855117798]","[0.15, 0.1, 0.1]","[0.029817737851824077, 0.016681282336895274, 0.00564870834350586]"
DiagReachK3,180,KL,SR,shaped,raw,development_DiagReachK3_s180_KL_SR,2,1440,selection,12,8.523283059572956,8.294830973124286,0.22845208644866943,0.6666666666666666,0.3333333333333333,"[6.601338823636373, 4.149236500263214, 9.772321462631226]","[0.3333333333333333, 0.0, 0.0]","[0.03797296115330288, 0.0, 0.0]"
DiagReachK3,180,KL,SR,shaped,raw,development_DiagReachK3_s180_KL_SR,2,1440,acceptance,8,8.461911599128507,8.461911599128507,0.0,1.0,0.0,"[5.930263459682465, 4.091092646121979, 9.03957712650299]","[0.0, 0.0, 0.0]","[0.0, 0.0, 0.0]"
DiagReachK3,180,KL,SR,shaped,raw,development_DiagReachK3_s180_KL_SR,3,1920,exploration,20,6.78082820519805,5.257849541753531,1.522978663444519,0.3,0.2,"[5.228000110387802, 3.3138791501522062, 7.192396783828736]","[0.15, 0.1, 0.1]","[0.06918504578726632, 0.005956279314481294, 0.028627975463867195]"
DiagReachK3,180,KL,SR,shaped,raw,development_DiagReachK3_s180_KL_SR,3,1920,selection,12,8.216095733219843,8.216095733219843,0.0,1.0,0.0,"[5.581071635087331, 3.6163506507873535, 8.2475745677948]","[0.0, 0.0, 0.0]","[0.0, 0.0, 0.0]"
DiagReachK3,180,KL,SR,shaped,raw,development_DiagReachK3_s180_KL_SR,3,1920,acceptance,8,8.46180552970618,8.46180552970618,0.0,1.0,0.0,"[6.48011589050293, 3.900038719177246, 9.385022640228271]","[0.0, 0.0, 0.0]","[0.0, 0.0, 0.0]"
DiagReachK3,180,KL,SR,shaped,raw,development_DiagReachK3_s180_KL_SR,4,2400,exploration,20,6.487786537411156,5.912262400987092,0.5755241364240646,0.1,0.3,"[4.580039429664612, 3.8994009837508203, 7.287905752658844]","[0.2, 0.1, 0.05]","[0.03299371174403598, 0.0230983147254357, 0.006970001220703126]"
DiagReachK3,180,KL,SR,shaped,raw,development_DiagReachK3_s180_KL_SR,4,2400,selection,12,8.547255551442504,8.458070114875833,0.08918543656667073,0.6666666666666666,0.3333333333333333,"[6.752815167109172, 4.102253178755443, 9.852646986643473]","[0.3333333333333333, 0.0, 0.0]","[0.017837087313334166, 0.0, 0.0]"
DiagReachK3,180,KL,SR,shaped,raw,development_DiagReachK3_s180_KL_SR,4,2400,acceptance,8,8.51865776879713,8.51865776879713,0.0,1.0,0.0,"[6.349825501441956, 4.032347619533539, 9.391210794448853]","[0.0, 0.0, 0.0]","[0.0, 0.0, 0.0]"
DiagReachK3,180,KL,SR,shaped,raw,development_DiagReachK3_s180_KL_SR,5,2880,exploration,20,6.8103688210295505,5.880319148306735,0.9300496727228165,0.3,0.4,"[4.9192029818892475, 4.092785203456879, 7.842206528782844]","[0.25, 0.2, 0.1]","[0.04350392818450929, 0.03610208217914287, 0.010454696655273443]"
DiagReachK3,180,KL,SR,shaped,raw,development_DiagReachK3_s180_KL_SR,5,2880,selection,12,8.586007563148938,8.586007563148938,0.0,1.0,0.0,"[6.447604139645894, 4.020358542601268, 9.488416910171509]","[0.0, 0.0, 0.0]","[0.0, 0.0, 0.0]"
DiagReachK3,180,KL,SR,shaped,raw,development_DiagReachK3_s180_KL_SR,5,2880,acceptance,8,8.75106531608617,8.75106531608617,0.0,1.0,0.0,"[6.584637463092804, 4.2977190017700195, 9.882356405258179]","[0.0, 0.0, 0.0]","[0.0, 0.0, 0.0]"
DiagReachK3,180,KL,SR,shaped,raw,development_DiagReachK3_s180_KL_SR,6,3360,exploration,20,7.89237477932591,5.195767413121648,2.696607366204262,0.3,0.5,"[6.582548427581787, 5.216516780853271, 10.606299602985382]","[0.3, 0.25, 0.2]","[0.11315567152840748, 0.05000754136305589, 0.02797105407714844]"
DiagReachK3,180,KL,SR,shaped,raw,development_DiagReachK3_s180_KL_SR,6,3360,selection,12,8.871098231196326,8.871098231196326,0.0,1.0,0.0,"[5.998912851015727, 4.734019954999288, 9.73083225886027]","[0.0, 0.0, 0.0]","[0.0, 0.0, 0.0]"
DiagReachK3,180,KL,SR,shaped,raw,development_DiagReachK3_s180_KL_SR,6,3360,acceptance,8,8.99919822528027,8.99919822528027,0.0,1.0,0.0,"[6.558985590934753, 4.775388598442078, 10.334374070167542]","[0.0, 0.0, 0.0]","[0.0, 0.0, 0.0]"
DiagReachK3,180,KL,SR,shaped,raw,development_DiagReachK3_s180_KL_SR,7,3840,exploration,20,7.263012269597967,6.429715821605642,0.8332964479923248,0.4,0.35,"[5.3343582391738895, 4.470515722036362, 8.581259107589721]","[0.15, 0.25, 0.05]","[0.023460803713117328, 0.04813343561612643, 0.012916946411132812]"
DiagReachK3,180,KL,SR,shaped,raw,development_DiagReachK3_s180_KL_SR,7,3840,selection,12,8.783778247454514,8.783778247454514,0.0,1.0,0.0,"[6.292874217033386, 4.143300314744313, 9.436174392700195]","[0.0, 0.0, 0.0]","[0.0, 0.0, 0.0]"
DiagReachK3,180,KL,SR,shaped,raw,development_DiagReachK3_s180_KL_SR,7,3840,acceptance,8,8.95976030593738,8.95976030593738,0.0,1.0,0.0,"[6.5564000606536865, 4.514510869979858, 10.070910453796387]","[0.0, 0.0, 0.0]","[0.0, 0.0, 0.0]"
DiagReachK3,180,KL,SR,shaped,raw,development_DiagReachK3_s180_KL_SR,8,4320,exploration,20,7.228050092800986,6.053916493996512,1.1741335988044739,0.4,0.3,"[5.221937017142773, 4.241784012317657, 8.187278735637666]","[0.25, 0.05, 0.1]","[0.07102301801953997, 0.0007873168358435989, 0.01189863967895508]"
DiagReachK3,180,KL,SR,shaped,raw,development_DiagReachK3_s180_KL_SR,8,4320,selection,12,8.816320592920723,8.816320592920723,0.0,1.0,0.0,"[5.534729599952698, 4.606790224711101, 9.145560026168823]","[0.0, 0.0, 0.0]","[0.0, 0.0, 0.0]"
DiagReachK3,180,KL,SR,shaped,raw,development_DiagReachK3_s180_KL_SR,8,4320,acceptance,8,8.980681114806792,8.980681114806792,0.0,1.0,0.0,"[6.638807535171509, 4.646369218826294, 10.285176992416382]","[0.0, 0.0, 0.0]","[0.0, 0.0, 0.0]"
DiagReachK3,180,KL,SR,shaped,raw,development_DiagReachK3_s180_KL_SR,9,4800,exploration,20,7.237143529300811,4.114884210472227,3.1222593188285828,0.35,0.45,"[5.832294631004333, 4.343392659723759, 8.85134914815426]","[0.35, 0.15, 0.15]","[0.09943579605647498, 0.06030051891620343, 0.033156330108642586]"
DiagReachK3,180,KL,SR,shaped,raw,development_DiagReachK3_s180_KL_SR,9,4800,selection,12,8.641176975221606,8.641176975221606,0.0,1.0,0.0,"[5.886962056159973, 4.167168120543162, 9.064389745394388]","[0.0, 0.0, 0.0]","[0.0, 0.0, 0.0]"
DiagReachK3,180,KL,SR,shaped,raw,development_DiagReachK3_s180_KL_SR,9,4800,acceptance,8,8.971694136923178,8.971694136923178,0.0,1.0,0.0,"[6.573742032051086, 4.519991159439087, 10.093732595443726]","[0.0, 0.0, 0.0]","[0.0, 0.0, 0.0]"
DiagReachK3,180,KL,SR,shaped,raw,development_DiagReachK3_s180_KL_SR,10,5280,exploration,20,7.282839369446738,5.915161293417913,1.3676780760288239,0.3,0.45,"[6.024222004413605, 4.1037078440189365, 8.961148655414581]","[0.3, 0.15, 0.15]","[0.08142653192792622, 0.024133190741905796, 0.008308692932128913]"
DiagReachK3,180,KL,SR,shaped,raw,development_DiagReachK3_s180_KL_SR,10,5280,selection,12,8.927644923773672,8.927644923773672,0.0,1.0,0.0,"[5.824885964393616, 4.706973393758138, 9.538453737894693]","[0.0, 0.0, 0.0]","[0.0, 0.0, 0.0]"
DiagReachK3,180,KL,SR,shaped,raw,development_DiagReachK3_s180_KL_SR,10,5280,acceptance,8,8.970997159951366,8.970997159951366,0.0,1.0,0.0,"[6.375115394592285, 4.67207270860672, 10.05823564529419]","[0.0, 0.0, 0.0]","[0.0, 0.0, 0.0]"
DiagReachK3,180,KL,SR,shaped,raw,development_DiagReachK3_s180_KL_SR,11,5760,exploration,20,7.047515386941377,6.6665283387922685,0.3809870481491089,0.35,0.15,"[5.009243619441986, 3.995770405232906, 7.738078129291535]","[0.1, 0.1, 0.1]","[0.016990453856331966, 0.017922126329862165, 0.01007625961303712]"
DiagReachK3,180,KL,SR,shaped,raw,development_DiagReachK3_s180_KL_SR,11,5760,selection,12,8.942882473178907,8.942882473178907,0.0,1.0,0.0,"[5.691363414128621, 4.997266530990601, 9.706104516983032]","[0.0, 0.0, 0.0]","[0.0, 0.0, 0.0]"
DiagReachK3,180,KL,SR,shaped,raw,development_DiagReachK3_s180_KL_SR,11,5760,acceptance,8,8.993257422512396,8.993257422512396,0.0,1.0,0.0,"[6.036792278289795, 4.739166021347046, 9.823054313659668]","[0.0, 0.0, 0.0]","[0.0, 0.0, 0.0]"
DiagReachK3,180,KL,SR,shaped,raw,development_DiagReachK3_s180_KL_SR,12,6240,exploration,20,6.816483006591879,5.805205837602697,1.0112771689891815,0.35,0.35,"[5.232324194908142, 3.518369883298874, 7.525295543670654]","[0.3, 0.05, 0.05]","[0.07727318491254534, 0.011218335078312802, 0.0023734664916992164]"
DiagReachK3,180,KL,SR,shaped,raw,development_DiagReachK3_s180_KL_SR,12,6240,selection,12,8.954257561611788,8.954257561611788,0.0,1.0,0.0,"[5.6174396276474, 5.154364903767903, 9.786847352981567]","[0.0, 0.0, 0.0]","[0.0, 0.0, 0.0]"
DiagReachK3,180,KL,SR,shaped,raw,development_DiagReachK3_s180_KL_SR,12,6240,acceptance,8,9.032541952678002,9.032541952678002,0.0,1.0,0.0,"[6.231975078582764, 4.883924245834351, 10.115899085998535]","[0.0, 0.0, 0.0]","[0.0, 0.0, 0.0]"
DiagReachK3,180,KL,SR,shaped,raw,development_DiagReachK3_s180_KL_SR,13,6720,exploration,20,7.493068246713373,4.788825570216868,2.7042426764965057,0.15,0.55,"[5.782277482748031, 5.00258574038744, 9.558624893426895]","[0.25, 0.45, 0.15]","[0.06356961045946394, 0.07115686123187727, 0.04586412048339843]"
DiagReachK3,180,KL,SR,shaped,raw,development_DiagReachK3_s180_KL_SR,13,6720,selection,12,8.610386807365769,8.610386807365769,0.0,1.0,0.0,"[5.433419505755107, 4.008505761623383, 8.508314768473307]","[0.0, 0.0, 0.0]","[0.0, 0.0, 0.0]"
DiagReachK3,180,KL,SR,shaped,raw,development_DiagReachK3_s180_KL_SR,13,6720,acceptance,8,9.016730159334838,9.016730159334838,0.0,1.0,0.0,"[6.077698111534119, 4.736771821975708, 9.834588766098022]","[0.0, 0.0, 0.0]","[0.0, 0.0, 0.0]"
DiagReachK3,180,KL,SR,shaped,raw,development_DiagReachK3_s180_KL_SR,14,7200,exploration,20,6.886481940030643,6.39766980636079,0.4888121336698532,0.15,0.3,"[4.585776926577092, 4.3790780186653135, 7.860224819183349]","[0.1, 0.2, 0.0]","[0.018499919346400672, 0.01998794995821439, 0.0]"
DiagReachK3,180,KL,SR,shaped,raw,development_DiagReachK3_s180_KL_SR,14,7200,selection,12,9.154823300759382,9.154823300759382,0.0,1.0,0.0,"[6.02301029364268, 5.460445483525594, 10.471433639526367]","[0.0, 0.0, 0.0]","[0.0, 0.0, 0.0]"
DiagReachK3,180,KL,SR,shaped,raw,development_DiagReachK3_s180_KL_SR,14,7200,acceptance,8,9.124997189606074,9.124997189606074,0.0,1.0,0.0,"[6.26746541261673, 5.09670478105545, 10.372533917427063]","[0.0, 0.0, 0.0]","[0.0, 0.0, 0.0]"
DiagReachK3,180,KL,SR,shaped,raw,development_DiagReachK3_s180_KL_SR,15,7680,exploration,20,7.6551922324486075,6.871614075023681,0.7835781574249268,0.55,0.35,"[5.697246837615967, 4.636089968681335, 9.196253275871277]","[0.25, 0.15, 0.1]","[0.04675146511622837, 0.006874557641836321, 0.010137886047363275]"
DiagReachK3,180,KL,SR,shaped,raw,development_DiagReachK3_s180_KL_SR,15,7680,selection,12,9.092432851713964,9.092432851713964,0.0,1.0,0.0,"[5.799126187960307, 5.52802038192749, 10.326159318288168]","[0.0, 0.0, 0.0]","[0.0, 0.0, 0.0]"
DiagReachK3,180,KL,SR,shaped,raw,development_DiagReachK3_s180_KL_SR,15,7680,acceptance,8,9.253973648637473,9.253973648637473,0.0,1.0,0.0,"[6.3964977860450745, 5.551609396934509, 10.948107242584229]","[0.0, 0.0, 0.0]","[0.0, 0.0, 0.0]"
DiagReachK3,180,KL,SR,shaped,raw,development_DiagReachK3_s180_KL_SR,16,8160,exploration,20,7.705521852956153,5.772853927002289,1.932667925953865,0.3,0.5,"[6.286589479446411, 5.00939427614212, 10.09472415447235]","[0.35, 0.25, 0.25]","[0.07115178789411272, 0.06245139195368841, 0.03389690399169922]"
DiagReachK3,180,KL,SR,shaped,raw,development_DiagReachK3_s180_KL_SR,16,8160,selection,12,9.032086196946056,9.032086196946056,0.0,1.0,0.0,"[5.851957678794861, 5.089951237042745, 9.944081783294678]","[0.0, 0.0, 0.0]","[0.0, 0.0, 0.0]"
DiagReachK3,180,KL,SR,shaped,raw,development_DiagReachK3_s180_KL_SR,16,8160,acceptance,8,9.327545869318419,9.327545869318419,0.0,1.0,0.0,"[6.290671706199646, 5.637173771858215, 10.927845239639282]","[0.0, 0.0, 0.0]","[0.0, 0.0, 0.0]"
DiagReachK3,180,KL,SR,shaped,raw,development_DiagReachK3_s180_KL_SR,17,8640,exploration,20,7.653945401287638,5.438817359483801,2.215128041803837,0.25,0.35,"[5.948705613613129, 5.160447430610657, 9.950014233589172]","[0.35, 0.1, 0.15]","[0.04224504402705602, 0.060225622470562276, 0.03387739562988281]"
DiagReachK3,180,KL,SR,shaped,raw,development_DiagReachK3_s180_KL_SR,17,8640,selection,12,9.04353137396732,9.04353137396732,0.0,1.0,0.0,"[5.923474431037903, 5.174352804819743, 10.104839166005453]","[0.0, 0.0, 0.0]","[0.0, 0.0, 0.0]"
DiagReachK3,180,KL,SR,shaped,raw,development_DiagReachK3_s180_KL_SR,17,8640,acceptance,8,9.328327710420126,9.328327710420126,0.0,1.0,0.0,"[6.410107493400574, 5.614255666732788, 11.02436351776123]","[0.0, 0.0, 0.0]","[0.0, 0.0, 0.0]"
DiagReachK3,180,KL,SR,shaped,raw,development_DiagReachK3_s180_KL_SR,18,9120,exploration,20,7.6136420666333295,5.324345171367749,2.2892968952655792,0.2,0.45,"[6.008483529090881, 5.322233095765114, 10.227455472946167]","[0.3, 0.25, 0.3]","[0.05095697130475725, 0.08557163752042331, 0.05461918258666992]"
DiagReachK3,180,KL,SR,shaped,raw,development_DiagReachK3_s180_KL_SR,18,9120,selection,12,9.039702535532221,9.039702535532221,0.0,1.0,0.0,"[5.730346083641052, 4.928365548451741, 9.68211023012797]","[0.0, 0.0, 0.0]","[0.0, 0.0, 0.0]"
DiagReachK3,180,KL,SR,shaped,raw,development_DiagReachK3_s180_KL_SR,18,9120,acceptance,8,9.318381515634247,9.318381515634247,0.0,1.0,0.0,"[6.411405324935913, 5.633709669113159, 11.045114994049072]","[0.0, 0.0, 0.0]","[0.0, 0.0, 0.0]"
DiagReachK3,180,KL,SR,shaped,raw,development_DiagReachK3_s180_KL_SR,19,9600,exploration,20,7.564991915873252,6.972485849908553,0.5925060659646988,0.25,0.35,"[6.190103268623352, 4.420431911945343, 9.465424156188964]","[0.35, 0.05, 0.15]","[0.03983683926718575, 0.009480065565842844, 0.012962947845458983]"
DiagReachK3,180,KL,SR,shaped,raw,development_DiagReachK3_s180_KL_SR,19,9600,selection,12,9.322276543521367,9.322276543521367,0.0,1.0,0.0,"[6.042455315589905, 5.717911005020142, 10.75267473856608]","[0.0, 0.0, 0.0]","[0.0, 0.0, 0.0]"
DiagReachK3,180,KL,SR,shaped,raw,development_DiagReachK3_s180_KL_SR,19,9600,acceptance,8,9.352073252006086,9.352073252006086,0.0,1.0,0.0,"[6.044125854969025, 5.817870318889618, 10.857501983642578]","[0.0, 0.0, 0.0]","[0.0, 0.0, 0.0]"
DiagReachK3,180,KL,SR,shaped,raw,development_DiagReachK3_s180_KL_SR,20,10080,exploration,20,7.262655221126043,5.8802108543133365,1.382444366812706,0.3,0.2,"[5.151221024990082, 4.659392786026001, 8.68266408443451]","[0.05, 0.2, 0.1]","[0.002350895745413639, 0.06298197232759915, 0.019709625244140626]"
DiagReachK3,180,KL,SR,shaped,raw,development_DiagReachK3_s180_KL_SR,20,10080,selection,12,9.09978041940825,9.09978041940825,0.0,1.0,0.0,"[5.799801150957744, 5.186632553736369, 9.977539698282877]","[0.0, 0.0, 0.0]","[0.0, 0.0, 0.0]"
DiagReachK3,180,KL,SR,shaped,raw,development_DiagReachK3_s180_KL_SR,20,10080,acceptance,8,9.416938763897633,9.416938763897633,0.0,1.0,0.0,"[5.919635057449341, 5.938502311706543, 10.845420360565186]","[0.0, 0.0, 0.0]","[0.0, 0.0, 0.0]"
DiagReachK3,180,KL,SR,shaped,raw,development_DiagReachK3_s180_KL_SR,21,10560,exploration,20,7.495915118202975,7.343106153950503,0.15280896425247192,0.4,0.25,"[5.056067860126495, 4.823717778921127, 8.661418032646178]","[0.05, 0.2, 0.0]","[0.0004800387791224936, 0.011624893775353074, 0.0]"
DiagReachK3,180,KL,SR,shaped,raw,development_DiagReachK3_s180_KL_SR,21,10560,selection,12,9.516736549786826,9.509617023321091,0.007119526465733846,0.8333333333333334,0.16666666666666666,"[6.207104166348775, 6.068167050679524, 11.248447179794312]","[0.0, 0.16666666666666666, 0.0]","[0.0, 0.0014239091139573261, 0.0]"
DiagReachK3,180,KL,SR,shaped,raw,development_DiagReachK3_s180_KL_SR,21,10560,acceptance,8,9.536759501616325,9.536759501616325,0.0,1.0,0.0,"[6.319009840488434, 5.906209766864777, 11.183371186256409]","[0.0, 0.0, 0.0]","[0.0, 0.0, 0.0]"
DiagReachK3,180,KL,SR,shaped,raw,development_DiagReachK3_s180_KL_SR,22,11040,exploration,20,7.244205922374813,6.110001132378666,1.1342047899961472,0.2,0.3,"[5.434084725379944, 4.369752562046051, 8.638644993305206]","[0.15, 0.2, 0.2]","[0.04451807567051479, 0.02481112480163574, 0.022021923065185543]"
DiagReachK3,180,KL,SR,shaped,raw,development_DiagReachK3_s180_KL_SR,22,11040,selection,12,9.449233249199581,9.449233249199581,0.0,1.0,0.0,"[6.311899304389954, 6.0708491404851275, 11.301459153493246]","[0.0, 0.0, 0.0]","[0.0, 0.0, 0.0]"
DiagReachK3,180,KL,SR,shaped,raw,development_DiagReachK3_s180_KL_SR,22,11040,acceptance,8,9.572430570780124,9.572430570780124,0.0,1.0,0.0,"[6.545850992202759, 6.0522525906562805, 11.512069344520569]","[0.0, 0.0, 0.0]","[0.0, 0.0, 0.0]"
DiagReachK3,180,KL,SR,shaped,raw,development_DiagReachK3_s180_KL_SR,23,11520,exploration,20,7.494568397412077,5.697626595506446,1.796941801905632,0.2,0.35,"[6.225322985649109, 4.166684278845787, 9.260265350341797]","[0.25, 0.15, 0.15]","[0.06578014237540108, 0.03672300485464243, 0.025542476654052727]"
DiagReachK3,180,KL,SR,shaped,raw,development_DiagReachK3_s180_KL_SR,23,11520,selection,12,9.195646749936651,9.195646749936651,0.0,1.0,0.0,"[6.057746529579163, 5.420312801996867, 10.439540386199951]","[0.0, 0.0, 0.0]","[0.0, 0.0, 0.0]"
DiagReachK3,180,KL,SR,shaped,raw,development_DiagReachK3_s180_KL_SR,23,11520,acceptance,8,9.57946797026161,9.57946797026161,0.0,1.0,0.0,"[6.662869691848755, 5.9250078201293945, 11.517460346221924]","[0.0, 0.0, 0.0]","[0.0, 0.0, 0.0]"
DiagReachK3,180,KL,SR,shaped,raw,development_DiagReachK3_s180_KL_SR,24,12000,exploration,20,8.088959029002579,7.277361130400093,0.8115978986024857,0.4,0.45,"[5.974605250358581, 5.4474692940711975, 10.322262597084045]","[0.25, 0.25, 0.15]","[0.01823525088174003, 0.04249188716594989, 0.01810715866088868]"
DiagReachK3,180,KL,SR,shaped,raw,development_DiagReachK3_s180_KL_SR,24,12000,selection,12,9.316610815716317,9.316610815716317,0.0,1.0,0.0,"[6.494816581408183, 5.241408387819926, 10.681020577748617]","[0.0, 0.0, 0.0]","[0.0, 0.0, 0.0]"
DiagReachK3,180,KL,SR,shaped,raw,development_DiagReachK3_s180_KL_SR,24,12000,acceptance,8,9.570371368019913,9.570371368019913,0.0,1.0,0.0,"[6.580463886260986, 5.790825128555298, 11.322147607803345]","[0.0, 0.0, 0.0]","[0.0, 0.0, 0.0]"
DiagReachK3,180,KL,SS,shaped,shaped,development_DiagReachK3_s180_KL_SS,0,480,exploration,20,3.995492234220728,3.810164734115824,0.18532750010490417,0.05,0.15,"[1.2264814153313637, 2.8878522530198096, 2.897287717461586]","[0.0, 0.15, 0.05]","[0.0, 0.012627634635338414, 0.0034752922058105427]"
DiagReachK3,180,KL,SS,shaped,shaped,development_DiagReachK3_s180_KL_SS,0,480,selection,12,4.3623017210649175,4.3623017210649175,0.0,0.0,0.0,"[0.7700932671626409, 1.4908881410956383, 1.6719526449839275]","[0.0, 0.0, 0.0]","[0.0, 0.0, 0.0]"
DiagReachK3,180,KL,SS,shaped,shaped,development_DiagReachK3_s180_KL_SS,0,480,acceptance,8,4.618351698959668,4.618351698959668,0.0,0.0,0.0,"[1.1238103359937668, 1.6619440354406834, 2.1447047516703606]","[0.0, 0.0, 0.0]","[0.0, 0.0, 0.0]"
DiagReachK3,180,KL,SS,shaped,shaped,development_DiagReachK3_s180_KL_SS,1,960,exploration,20,5.4875330593861875,5.371879321006709,0.11565373837947845,0.2,0.1,"[2.3469162434339523, 3.2861917495727537, 4.390116551518441]","[0.05, 0.05, 0.0]","[0.0030140944889613607, 0.00467030085050143, 0.0]"
DiagReachK3,180,KL,SS,shaped,shaped,development_DiagReachK3_s180_KL_SS,1,960,selection,12,7.445774529278424,7.445774529278424,0.0,0.6666666666666666,0.0,"[3.685571918884913, 3.309084633986155, 6.12010379632314]","[0.0, 0.0, 0.0]","[0.0, 0.0, 0.0]"
DiagReachK3,180,KL,SS,shaped,shaped,development_DiagReachK3_s180_KL_SS,1,960,acceptance,8,7.464579817539925,7.464579817539925,0.0,0.5,0.0,"[3.9691671431064606, 3.3193438351154327, 6.40090474486351]","[0.0, 0.0, 0.0]","[0.0, 0.0, 0.0]"
DiagReachK3,180,KL,SS,shaped,shaped,development_DiagReachK3_s180_KL_SS,2,1440,exploration,20,6.7665326383977655,6.101425283876013,0.6651073545217514,0.3,0.25,"[4.495903199911117, 3.8987576603889464, 7.250419855117798]","[0.15, 0.1, 0.1]","[0.029817737851824077, 0.016681282336895274, 0.00564870834350586]"
DiagReachK3,180,KL,SS,shaped,shaped,development_DiagReachK3_s180_KL_SS,2,1440,selection,12,8.523283059572956,8.294830973124286,0.22845208644866943,0.6666666666666666,0.3333333333333333,"[6.601338823636373, 4.149236500263214, 9.772321462631226]","[0.3333333333333333, 0.0, 0.0]","[0.03797296115330288, 0.0, 0.0]"
DiagReachK3,180,KL,SS,shaped,shaped,development_DiagReachK3_s180_KL_SS,2,1440,acceptance,8,8.461911599128507,8.461911599128507,0.0,1.0,0.0,"[5.930263459682465, 4.091092646121979, 9.03957712650299]","[0.0, 0.0, 0.0]","[0.0, 0.0, 0.0]"
DiagReachK3,180,KL,SS,shaped,shaped,development_DiagReachK3_s180_KL_SS,3,1920,exploration,20,6.78082820519805,5.257849541753531,1.522978663444519,0.3,0.2,"[5.228000110387802, 3.3138791501522062, 7.192396783828736]","[0.15, 0.1, 0.1]","[0.06918504578726632, 0.005956279314481294, 0.028627975463867195]"
DiagReachK3,180,KL,SS,shaped,shaped,development_DiagReachK3_s180_KL_SS,3,1920,selection,12,8.216095733219843,8.216095733219843,0.0,1.0,0.0,"[5.581071635087331, 3.6163506507873535, 8.2475745677948]","[0.0, 0.0, 0.0]","[0.0, 0.0, 0.0]"
DiagReachK3,180,KL,SS,shaped,shaped,development_DiagReachK3_s180_KL_SS,3,1920,acceptance,8,8.46180552970618,8.46180552970618,0.0,1.0,0.0,"[6.48011589050293, 3.900038719177246, 9.385022640228271]","[0.0, 0.0, 0.0]","[0.0, 0.0, 0.0]"
DiagReachK3,180,KL,SS,shaped,shaped,development_DiagReachK3_s180_KL_SS,4,2400,exploration,20,6.487786537411156,5.912262400987092,0.5755241364240646,0.1,0.3,"[4.580039429664612, 3.8994009837508203, 7.287905752658844]","[0.2, 0.1, 0.05]","[0.03299371174403598, 0.0230983147254357, 0.006970001220703126]"
DiagReachK3,180,KL,SS,shaped,shaped,development_DiagReachK3_s180_KL_SS,4,2400,selection,12,8.547255551442504,8.458070114875833,0.08918543656667073,0.6666666666666666,0.3333333333333333,"[6.752815167109172, 4.102253178755443, 9.852646986643473]","[0.3333333333333333, 0.0, 0.0]","[0.017837087313334166, 0.0, 0.0]"
DiagReachK3,180,KL,SS,shaped,shaped,development_DiagReachK3_s180_KL_SS,4,2400,acceptance,8,8.51865776879713,8.51865776879713,0.0,1.0,0.0,"[6.349825501441956, 4.032347619533539, 9.391210794448853]","[0.0, 0.0, 0.0]","[0.0, 0.0, 0.0]"
DiagReachK3,180,KL,SS,shaped,shaped,development_DiagReachK3_s180_KL_SS,5,2880,exploration,20,6.8103688210295505,5.880319148306735,0.9300496727228165,0.3,0.4,"[4.9192029818892475, 4.092785203456879, 7.842206528782844]","[0.25, 0.2, 0.1]","[0.04350392818450929, 0.03610208217914287, 0.010454696655273443]"
DiagReachK3,180,KL,SS,shaped,shaped,development_DiagReachK3_s180_KL_SS,5,2880,selection,12,8.586007563148938,8.586007563148938,0.0,1.0,0.0,"[6.447604139645894, 4.020358542601268, 9.488416910171509]","[0.0, 0.0, 0.0]","[0.0, 0.0, 0.0]"
DiagReachK3,180,KL,SS,shaped,shaped,development_DiagReachK3_s180_KL_SS,5,2880,acceptance,8,8.75106531608617,8.75106531608617,0.0,1.0,0.0,"[6.584637463092804, 4.2977190017700195, 9.882356405258179]","[0.0, 0.0, 0.0]","[0.0, 0.0, 0.0]"
DiagReachK3,180,KL,SS,shaped,shaped,development_DiagReachK3_s180_KL_SS,6,3360,exploration,20,7.89237477932591,5.195767413121648,2.696607366204262,0.3,0.5,"[6.582548427581787, 5.216516780853271, 10.606299602985382]","[0.3, 0.25, 0.2]","[0.11315567152840748, 0.05000754136305589, 0.02797105407714844]"
DiagReachK3,180,KL,SS,shaped,shaped,development_DiagReachK3_s180_KL_SS,6,3360,selection,12,8.871098231196326,8.871098231196326,0.0,1.0,0.0,"[5.998912851015727, 4.734019954999288, 9.73083225886027]","[0.0, 0.0, 0.0]","[0.0, 0.0, 0.0]"
DiagReachK3,180,KL,SS,shaped,shaped,development_DiagReachK3_s180_KL_SS,6,3360,acceptance,8,8.99919822528027,8.99919822528027,0.0,1.0,0.0,"[6.558985590934753, 4.775388598442078, 10.334374070167542]","[0.0, 0.0, 0.0]","[0.0, 0.0, 0.0]"
DiagReachK3,180,KL,SS,shaped,shaped,development_DiagReachK3_s180_KL_SS,7,3840,exploration,20,7.263012269597967,6.429715821605642,0.8332964479923248,0.4,0.35,"[5.3343582391738895, 4.470515722036362, 8.581259107589721]","[0.15, 0.25, 0.05]","[0.023460803713117328, 0.04813343561612643, 0.012916946411132812]"
DiagReachK3,180,KL,SS,shaped,shaped,development_DiagReachK3_s180_KL_SS,7,3840,selection,12,8.783778247454514,8.783778247454514,0.0,1.0,0.0,"[6.292874217033386, 4.143300314744313, 9.436174392700195]","[0.0, 0.0, 0.0]","[0.0, 0.0, 0.0]"
DiagReachK3,180,KL,SS,shaped,shaped,development_DiagReachK3_s180_KL_SS,7,3840,acceptance,8,8.95976030593738,8.95976030593738,0.0,1.0,0.0,"[6.5564000606536865, 4.514510869979858, 10.070910453796387]","[0.0, 0.0, 0.0]","[0.0, 0.0, 0.0]"
DiagReachK3,180,KL,SS,shaped,shaped,development_DiagReachK3_s180_KL_SS,8,4320,exploration,20,7.228050092800986,6.053916493996512,1.1741335988044739,0.4,0.3,"[5.221937017142773, 4.241784012317657, 8.187278735637666]","[0.25, 0.05, 0.1]","[0.07102301801953997, 0.0007873168358435989, 0.01189863967895508]"
DiagReachK3,180,KL,SS,shaped,shaped,development_DiagReachK3_s180_KL_SS,8,4320,selection,12,8.816320592920723,8.816320592920723,0.0,1.0,0.0,"[5.534729599952698, 4.606790224711101, 9.145560026168823]","[0.0, 0.0, 0.0]","[0.0, 0.0, 0.0]"
DiagReachK3,180,KL,SS,shaped,shaped,development_DiagReachK3_s180_KL_SS,8,4320,acceptance,8,8.980681114806792,8.980681114806792,0.0,1.0,0.0,"[6.638807535171509, 4.646369218826294, 10.285176992416382]","[0.0, 0.0, 0.0]","[0.0, 0.0, 0.0]"
DiagReachK3,180,KL,SS,shaped,shaped,development_DiagReachK3_s180_KL_SS,9,4800,exploration,20,7.237143529300811,4.114884210472227,3.1222593188285828,0.35,0.45,"[5.832294631004333, 4.343392659723759, 8.85134914815426]","[0.35, 0.15, 0.15]","[0.09943579605647498, 0.06030051891620343, 0.033156330108642586]"
DiagReachK3,180,KL,SS,shaped,shaped,development_DiagReachK3_s180_KL_SS,9,4800,selection,12,8.641176975221606,8.641176975221606,0.0,1.0,0.0,"[5.886962056159973, 4.167168120543162, 9.064389745394388]","[0.0, 0.0, 0.0]","[0.0, 0.0, 0.0]"
DiagReachK3,180,KL,SS,shaped,shaped,development_DiagReachK3_s180_KL_SS,9,4800,acceptance,8,8.971694136923178,8.971694136923178,0.0,1.0,0.0,"[6.573742032051086, 4.519991159439087, 10.093732595443726]","[0.0, 0.0, 0.0]","[0.0, 0.0, 0.0]"
DiagReachK3,180,KL,SS,shaped,shaped,development_DiagReachK3_s180_KL_SS,10,5280,exploration,20,7.282839369446738,5.915161293417913,1.3676780760288239,0.3,0.45,"[6.024222004413605, 4.1037078440189365, 8.961148655414581]","[0.3, 0.15, 0.15]","[0.08142653192792622, 0.024133190741905796, 0.008308692932128913]"
DiagReachK3,180,KL,SS,shaped,shaped,development_DiagReachK3_s180_KL_SS,10,5280,selection,12,8.927644923773672,8.927644923773672,0.0,1.0,0.0,"[5.824885964393616, 4.706973393758138, 9.538453737894693]","[0.0, 0.0, 0.0]","[0.0, 0.0, 0.0]"
DiagReachK3,180,KL,SS,shaped,shaped,development_DiagReachK3_s180_KL_SS,10,5280,acceptance,8,8.970997159951366,8.970997159951366,0.0,1.0,0.0,"[6.375115394592285, 4.67207270860672, 10.05823564529419]","[0.0, 0.0, 0.0]","[0.0, 0.0, 0.0]"
DiagReachK3,180,KL,SS,shaped,shaped,development_DiagReachK3_s180_KL_SS,11,5760,exploration,20,7.047515386941377,6.6665283387922685,0.3809870481491089,0.35,0.15,"[5.009243619441986, 3.995770405232906, 7.738078129291535]","[0.1, 0.1, 0.1]","[0.016990453856331966, 0.017922126329862165, 0.01007625961303712]"
DiagReachK3,180,KL,SS,shaped,shaped,development_DiagReachK3_s180_KL_SS,11,5760,selection,12,8.942882473178907,8.942882473178907,0.0,1.0,0.0,"[5.691363414128621, 4.997266530990601, 9.706104516983032]","[0.0, 0.0, 0.0]","[0.0, 0.0, 0.0]"
DiagReachK3,180,KL,SS,shaped,shaped,development_DiagReachK3_s180_KL_SS,11,5760,acceptance,8,8.993257422512396,8.993257422512396,0.0,1.0,0.0,"[6.036792278289795, 4.739166021347046, 9.823054313659668]","[0.0, 0.0, 0.0]","[0.0, 0.0, 0.0]"
DiagReachK3,180,KL,SS,shaped,shaped,development_DiagReachK3_s180_KL_SS,12,6240,exploration,20,6.816483006591879,5.805205837602697,1.0112771689891815,0.35,0.35,"[5.232324194908142, 3.518369883298874, 7.525295543670654]","[0.3, 0.05, 0.05]","[0.07727318491254534, 0.011218335078312802, 0.0023734664916992164]"
DiagReachK3,180,KL,SS,shaped,shaped,development_DiagReachK3_s180_KL_SS,12,6240,selection,12,8.954257561611788,8.954257561611788,0.0,1.0,0.0,"[5.6174396276474, 5.154364903767903, 9.786847352981567]","[0.0, 0.0, 0.0]","[0.0, 0.0, 0.0]"
DiagReachK3,180,KL,SS,shaped,shaped,development_DiagReachK3_s180_KL_SS,12,6240,acceptance,8,9.032541952678002,9.032541952678002,0.0,1.0,0.0,"[6.231975078582764, 4.883924245834351, 10.115899085998535]","[0.0, 0.0, 0.0]","[0.0, 0.0, 0.0]"
DiagReachK3,180,KL,SS,shaped,shaped,development_DiagReachK3_s180_KL_SS,13,6720,exploration,20,7.493068246713373,4.788825570216868,2.7042426764965057,0.15,0.55,"[5.782277482748031, 5.00258574038744, 9.558624893426895]","[0.25, 0.45, 0.15]","[0.06356961045946394, 0.07115686123187727, 0.04586412048339843]"
DiagReachK3,180,KL,SS,shaped,shaped,development_DiagReachK3_s180_KL_SS,13,6720,selection,12,8.610386807365769,8.610386807365769,0.0,1.0,0.0,"[5.433419505755107, 4.008505761623383, 8.508314768473307]","[0.0, 0.0, 0.0]","[0.0, 0.0, 0.0]"
DiagReachK3,180,KL,SS,shaped,shaped,development_DiagReachK3_s180_KL_SS,13,6720,acceptance,8,9.016730159334838,9.016730159334838,0.0,1.0,0.0,"[6.077698111534119, 4.736771821975708, 9.834588766098022]","[0.0, 0.0, 0.0]","[0.0, 0.0, 0.0]"
DiagReachK3,180,KL,SS,shaped,shaped,development_DiagReachK3_s180_KL_SS,14,7200,exploration,20,6.886481940030643,6.39766980636079,0.4888121336698532,0.15,0.3,"[4.585776926577092, 4.3790780186653135, 7.860224819183349]","[0.1, 0.2, 0.0]","[0.018499919346400672, 0.01998794995821439, 0.0]"
DiagReachK3,180,KL,SS,shaped,shaped,development_DiagReachK3_s180_KL_SS,14,7200,selection,12,9.154823300759382,9.154823300759382,0.0,1.0,0.0,"[6.02301029364268, 5.460445483525594, 10.471433639526367]","[0.0, 0.0, 0.0]","[0.0, 0.0, 0.0]"
DiagReachK3,180,KL,SS,shaped,shaped,development_DiagReachK3_s180_KL_SS,14,7200,acceptance,8,9.124997189606074,9.124997189606074,0.0,1.0,0.0,"[6.26746541261673, 5.09670478105545, 10.372533917427063]","[0.0, 0.0, 0.0]","[0.0, 0.0, 0.0]"
DiagReachK3,180,KL,SS,shaped,shaped,development_DiagReachK3_s180_KL_SS,15,7680,exploration,20,7.6551922324486075,6.871614075023681,0.7835781574249268,0.55,0.35,"[5.697246837615967, 4.636089968681335, 9.196253275871277]","[0.25, 0.15, 0.1]","[0.04675146511622837, 0.006874557641836321, 0.010137886047363275]"
DiagReachK3,180,KL,SS,shaped,shaped,development_DiagReachK3_s180_KL_SS,15,7680,selection,12,9.092432851713964,9.092432851713964,0.0,1.0,0.0,"[5.799126187960307, 5.52802038192749, 10.326159318288168]","[0.0, 0.0, 0.0]","[0.0, 0.0, 0.0]"
DiagReachK3,180,KL,SS,shaped,shaped,development_DiagReachK3_s180_KL_SS,15,7680,acceptance,8,9.253973648637473,9.253973648637473,0.0,1.0,0.0,"[6.3964977860450745, 5.551609396934509, 10.948107242584229]","[0.0, 0.0, 0.0]","[0.0, 0.0, 0.0]"
DiagReachK3,180,KL,SS,shaped,shaped,development_DiagReachK3_s180_KL_SS,16,8160,exploration,20,7.705521852956153,5.772853927002289,1.932667925953865,0.3,0.5,"[6.286589479446411, 5.00939427614212, 10.09472415447235]","[0.35, 0.25, 0.25]","[0.07115178789411272, 0.06245139195368841, 0.03389690399169922]"
DiagReachK3,180,KL,SS,shaped,shaped,development_DiagReachK3_s180_KL_SS,16,8160,selection,12,9.032086196946056,9.032086196946056,0.0,1.0,0.0,"[5.851957678794861, 5.089951237042745, 9.944081783294678]","[0.0, 0.0, 0.0]","[0.0, 0.0, 0.0]"
DiagReachK3,180,KL,SS,shaped,shaped,development_DiagReachK3_s180_KL_SS,16,8160,acceptance,8,9.327545869318419,9.327545869318419,0.0,1.0,0.0,"[6.290671706199646, 5.637173771858215, 10.927845239639282]","[0.0, 0.0, 0.0]","[0.0, 0.0, 0.0]"
DiagReachK3,180,KL,SS,shaped,shaped,development_DiagReachK3_s180_KL_SS,17,8640,exploration,20,7.653945401287638,5.438817359483801,2.215128041803837,0.25,0.35,"[5.948705613613129, 5.160447430610657, 9.950014233589172]","[0.35, 0.1, 0.15]","[0.04224504402705602, 0.060225622470562276, 0.03387739562988281]"
DiagReachK3,180,KL,SS,shaped,shaped,development_DiagReachK3_s180_KL_SS,17,8640,selection,12,9.04353137396732,9.04353137396732,0.0,1.0,0.0,"[5.923474431037903, 5.174352804819743, 10.104839166005453]","[0.0, 0.0, 0.0]","[0.0, 0.0, 0.0]"
DiagReachK3,180,KL,SS,shaped,shaped,development_DiagReachK3_s180_KL_SS,17,8640,acceptance,8,9.328327710420126,9.328327710420126,0.0,1.0,0.0,"[6.410107493400574, 5.614255666732788, 11.02436351776123]","[0.0, 0.0, 0.0]","[0.0, 0.0, 0.0]"
DiagReachK3,180,KL,SS,shaped,shaped,development_DiagReachK3_s180_KL_SS,18,9120,exploration,20,7.6136420666333295,5.324345171367749,2.2892968952655792,0.2,0.45,"[6.008483529090881, 5.322233095765114, 10.227455472946167]","[0.3, 0.25, 0.3]","[0.05095697130475725, 0.08557163752042331, 0.05461918258666992]"
DiagReachK3,180,KL,SS,shaped,shaped,development_DiagReachK3_s180_KL_SS,18,9120,selection,12,9.039702535532221,9.039702535532221,0.0,1.0,0.0,"[5.730346083641052, 4.928365548451741, 9.68211023012797]","[0.0, 0.0, 0.0]","[0.0, 0.0, 0.0]"
DiagReachK3,180,KL,SS,shaped,shaped,development_DiagReachK3_s180_KL_SS,18,9120,acceptance,8,9.318381515634247,9.318381515634247,0.0,1.0,0.0,"[6.411405324935913, 5.633709669113159, 11.045114994049072]","[0.0, 0.0, 0.0]","[0.0, 0.0, 0.0]"
DiagReachK3,180,KL,SS,shaped,shaped,development_DiagReachK3_s180_KL_SS,19,9600,exploration,20,7.564991915873252,6.972485849908553,0.5925060659646988,0.25,0.35,"[6.190103268623352, 4.420431911945343, 9.465424156188964]","[0.35, 0.05, 0.15]","[0.03983683926718575, 0.009480065565842844, 0.012962947845458983]"
DiagReachK3,180,KL,SS,shaped,shaped,development_DiagReachK3_s180_KL_SS,19,9600,selection,12,9.322276543521367,9.322276543521367,0.0,1.0,0.0,"[6.042455315589905, 5.717911005020142, 10.75267473856608]","[0.0, 0.0, 0.0]","[0.0, 0.0, 0.0]"
DiagReachK3,180,KL,SS,shaped,shaped,development_DiagReachK3_s180_KL_SS,19,9600,acceptance,8,9.352073252006086,9.352073252006086,0.0,1.0,0.0,"[6.044125854969025, 5.817870318889618, 10.857501983642578]","[0.0, 0.0, 0.0]","[0.0, 0.0, 0.0]"
DiagReachK3,180,KL,SS,shaped,shaped,development_DiagReachK3_s180_KL_SS,20,10080,exploration,20,7.262655221126043,5.8802108543133365,1.382444366812706,0.3,0.2,"[5.151221024990082, 4.659392786026001, 8.68266408443451]","[0.05, 0.2, 0.1]","[0.002350895745413639, 0.06298197232759915, 0.019709625244140626]"
DiagReachK3,180,KL,SS,shaped,shaped,development_DiagReachK3_s180_KL_SS,20,10080,selection,12,9.09978041940825,9.09978041940825,0.0,1.0,0.0,"[5.799801150957744, 5.186632553736369, 9.977539698282877]","[0.0, 0.0, 0.0]","[0.0, 0.0, 0.0]"
DiagReachK3,180,KL,SS,shaped,shaped,development_DiagReachK3_s180_KL_SS,20,10080,acceptance,8,9.416938763897633,9.416938763897633,0.0,1.0,0.0,"[5.919635057449341, 5.938502311706543, 10.845420360565186]","[0.0, 0.0, 0.0]","[0.0, 0.0, 0.0]"
DiagReachK3,180,KL,SS,shaped,shaped,development_DiagReachK3_s180_KL_SS,21,10560,exploration,20,7.495915118202975,7.343106153950503,0.15280896425247192,0.4,0.25,"[5.056067860126495, 4.823717778921127, 8.661418032646178]","[0.05, 0.2, 0.0]","[0.0004800387791224936, 0.011624893775353074, 0.0]"
DiagReachK3,180,KL,SS,shaped,shaped,development_DiagReachK3_s180_KL_SS,21,10560,selection,12,9.516736549786826,9.509617023321091,0.007119526465733846,0.8333333333333334,0.16666666666666666,"[6.207104166348775, 6.068167050679524, 11.248447179794312]","[0.0, 0.16666666666666666, 0.0]","[0.0, 0.0014239091139573261, 0.0]"
DiagReachK3,180,KL,SS,shaped,shaped,development_DiagReachK3_s180_KL_SS,21,10560,acceptance,8,9.536759501616325,9.536759501616325,0.0,1.0,0.0,"[6.319009840488434, 5.906209766864777, 11.183371186256409]","[0.0, 0.0, 0.0]","[0.0, 0.0, 0.0]"
DiagReachK3,180,KL,SS,shaped,shaped,development_DiagReachK3_s180_KL_SS,22,11040,exploration,20,7.244205922374813,6.110001132378666,1.1342047899961472,0.2,0.3,"[5.434084725379944, 4.369752562046051, 8.638644993305206]","[0.15, 0.2, 0.2]","[0.04451807567051479, 0.02481112480163574, 0.022021923065185543]"
DiagReachK3,180,KL,SS,shaped,shaped,development_DiagReachK3_s180_KL_SS,22,11040,selection,12,9.449233249199581,9.449233249199581,0.0,1.0,0.0,"[6.311899304389954, 6.0708491404851275, 11.301459153493246]","[0.0, 0.0, 0.0]","[0.0, 0.0, 0.0]"
DiagReachK3,180,KL,SS,shaped,shaped,development_DiagReachK3_s180_KL_SS,22,11040,acceptance,8,9.572430570780124,9.572430570780124,0.0,1.0,0.0,"[6.545850992202759, 6.0522525906562805, 11.512069344520569]","[0.0, 0.0, 0.0]","[0.0, 0.0, 0.0]"
DiagReachK3,180,KL,SS,shaped,shaped,development_DiagReachK3_s180_KL_SS,23,11520,exploration,20,7.494568397412077,5.697626595506446,1.796941801905632,0.2,0.35,"[6.225322985649109, 4.166684278845787, 9.260265350341797]","[0.25, 0.15, 0.15]","[0.06578014237540108, 0.03672300485464243, 0.025542476654052727]"
DiagReachK3,180,KL,SS,shaped,shaped,development_DiagReachK3_s180_KL_SS,23,11520,selection,12,9.195646749936651,9.195646749936651,0.0,1.0,0.0,"[6.057746529579163, 5.420312801996867, 10.439540386199951]","[0.0, 0.0, 0.0]","[0.0, 0.0, 0.0]"
DiagReachK3,180,KL,SS,shaped,shaped,development_DiagReachK3_s180_KL_SS,23,11520,acceptance,8,9.57946797026161,9.57946797026161,0.0,1.0,0.0,"[6.662869691848755, 5.9250078201293945, 11.517460346221924]","[0.0, 0.0, 0.0]","[0.0, 0.0, 0.0]"
DiagReachK3,180,KL,SS,shaped,shaped,development_DiagReachK3_s180_KL_SS,24,12000,exploration,20,8.088959029002579,7.277361130400093,0.8115978986024857,0.4,0.45,"[5.974605250358581, 5.4474692940711975, 10.322262597084045]","[0.25, 0.25, 0.15]","[0.01823525088174003, 0.04249188716594989, 0.01810715866088868]"
DiagReachK3,180,KL,SS,shaped,shaped,development_DiagReachK3_s180_KL_SS,24,12000,selection,12,9.316610815716317,9.316610815716317,0.0,1.0,0.0,"[6.494816581408183, 5.241408387819926, 10.681020577748617]","[0.0, 0.0, 0.0]","[0.0, 0.0, 0.0]"
DiagReachK3,180,KL,SS,shaped,shaped,development_DiagReachK3_s180_KL_SS,24,12000,acceptance,8,9.570371368019913,9.570371368019913,0.0,1.0,0.0,"[6.580463886260986, 5.790825128555298, 11.322147607803345]","[0.0, 0.0, 0.0]","[0.0, 0.0, 0.0]"
DiagReachK3,180,W2,RR,raw,raw,development_DiagReachK3_s180_W2_RR,0,480,exploration,20,3.995492234220728,3.810164734115824,0.18532750010490417,0.05,0.15,"[1.2264814153313637, 2.8878522530198096, 2.897287717461586]","[0.0, 0.15, 0.05]","[0.0, 0.012627634635338414, 0.0034752922058105427]"
DiagReachK3,180,W2,RR,raw,raw,development_DiagReachK3_s180_W2_RR,0,480,selection,12,4.331532103550853,4.331532103550853,0.0,0.0,0.0,"[0.7452033286293348, 1.4903237745165825, 1.637157787879308]","[0.0, 0.0, 0.0]","[0.0, 0.0, 0.0]"
DiagReachK3,180,W2,RR,raw,raw,development_DiagReachK3_s180_W2_RR,0,480,acceptance,8,4.618351698959668,4.618351698959668,0.0,0.0,0.0,"[1.1238103359937668, 1.6619440354406834, 2.1447047516703606]","[0.0, 0.0, 0.0]","[0.0, 0.0, 0.0]"
DiagReachK3,180,W2,RR,raw,raw,development_DiagReachK3_s180_W2_RR,1,960,exploration,20,5.4875330593861875,5.371879321006709,0.11565373837947845,0.2,0.1,"[2.3469162434339523, 3.2861917495727537, 4.390116551518441]","[0.05, 0.05, 0.0]","[0.0030140944889613607, 0.00467030085050143, 0.0]"
DiagReachK3,180,W2,RR,raw,raw,development_DiagReachK3_s180_W2_RR,1,960,selection,12,7.437546907542612,7.437546907542612,0.0,0.6666666666666666,0.0,"[3.7102616131305695, 3.265874365965525, 6.102219144503276]","[0.0, 0.0, 0.0]","[0.0, 0.0, 0.0]"
DiagReachK3,180,W2,RR,raw,raw,development_DiagReachK3_s180_W2_RR,1,960,acceptance,8,7.464579817539925,7.464579817539925,0.0,0.5,0.0,"[3.9691671431064606, 3.3193438351154327, 6.40090474486351]","[0.0, 0.0, 0.0]","[0.0, 0.0, 0.0]"
DiagReachK3,180,W2,RR,raw,raw,development_DiagReachK3_s180_W2_RR,2,1440,exploration,20,6.7665326383977655,6.101425283876013,0.6651073545217514,0.3,0.25,"[4.495903199911117, 3.8987576603889464, 7.250419855117798]","[0.15, 0.1, 0.1]","[0.029817737851824077, 0.016681282336895274, 0.00564870834350586]"
DiagReachK3,180,W2,RR,raw,raw,development_DiagReachK3_s180_W2_RR,2,1440,selection,12,8.62135781670222,8.375786978250835,0.2455708384513855,0.3333333333333333,0.6666666666666666,"[6.8202022314071655, 4.4605085253715515, 10.299590905507406]","[0.6666666666666666, 0.0, 0.0]","[0.04139670303889683, 0.0, 0.0]"
DiagReachK3,180,W2,RR,raw,raw,development_DiagReachK3_s180_W2_RR,2,1440,acceptance,8,8.431187321175821,8.431187321175821,0.0,1.0,0.0,"[5.5232226848602295, 4.116464853286743, 8.676129817962646]","[0.0, 0.0, 0.0]","[0.0, 0.0, 0.0]"
DiagReachK3,180,W2,RR,raw,raw,development_DiagReachK3_s180_W2_RR,3,1920,exploration,20,6.550810984191484,5.227682373342104,1.3231286108493805,0.35,0.2,"[4.745136639475822, 3.234531059861183, 6.614967924356461]","[0.15, 0.1, 0.1]","[0.06440418107169014, 0.005942069567166841, 0.02511292266845703]"
DiagReachK3,180,W2,RR,raw,raw,development_DiagReachK3_s180_W2_RR,3,1920,selection,12,8.525051477883244,8.525051477883244,0.0,1.0,0.0,"[5.783307075500488, 4.006088833014171, 8.852907101313273]","[0.0, 0.0, 0.0]","[0.0, 0.0, 0.0]"
DiagReachK3,180,W2,RR,raw,raw,development_DiagReachK3_s180_W2_RR,3,1920,acceptance,8,8.546584946580698,8.546584946580698,0.0,1.0,0.0,"[6.145314395427704, 4.086031675338745, 9.277312517166138]","[0.0, 0.0, 0.0]","[0.0, 0.0, 0.0]"
DiagReachK3,180,W2,RR,raw,raw,development_DiagReachK3_s180_W2_RR,4,2400,exploration,20,6.574508904616813,5.816157131593209,0.7583517730236053,0.15,0.35,"[4.658765326440334, 4.0190871730446815, 7.5074905276298525]","[0.25, 0.1, 0.05]","[0.03768906593322754, 0.032778160388653096, 0.006870300292968745]"
DiagReachK3,180,W2,RR,raw,raw,development_DiagReachK3_s180_W2_RR,4,2400,selection,12,8.784938086134693,8.530168239337703,0.25476984679698944,0.3333333333333333,0.6666666666666666,"[7.1454092264175415, 4.396966338157654, 10.548792521158854]","[0.6666666666666666, 0.0, 0.0]","[0.04622381641751242, 0.0, 0.0]"
DiagReachK3,180,W2,RR,raw,raw,development_DiagReachK3_s180_W2_RR,4,2400,acceptance,8,8.730853646621107,8.730853646621107,0.0,1.0,0.0,"[6.4703874588012695, 4.346654415130615, 9.858028173446655]","[0.0, 0.0, 0.0]","[0.0, 0.0, 0.0]"
DiagReachK3,180,W2,RR,raw,raw,development_DiagReachK3_s180_W2_RR,5,2880,exploration,20,6.650078948918237,5.826957729044808,0.8231212198734283,0.2,0.25,"[5.217553806304932, 3.495425817370415, 7.414677959680557]","[0.25, 0.05, 0.05]","[0.03319891180310931, 0.015999794006347656, 0.018445724487304683]"
DiagReachK3,180,W2,RR,raw,raw,development_DiagReachK3_s180_W2_RR,5,2880,selection,12,8.909888076933568,8.54761310731604,0.36227496961752575,0.3333333333333333,0.6666666666666666,"[7.23629875977834, 4.791129946708679, 11.04867434501648]","[0.6666666666666666, 0.0, 0.0]","[0.06250336624327159, 0.0, 0.0]"
DiagReachK3,180,W2,RR,raw,raw,development_DiagReachK3_s180_W2_RR,5,2880,acceptance,8,8.748826530354563,8.748826530354563,0.0,1.0,0.0,"[6.5864280462265015, 4.357217192649841, 9.965328693389893]","[0.0, 0.0, 0.0]","[0.0, 0.0, 0.0]"
DiagReachK3,180,W2,RR,raw,raw,development_DiagReachK3_s180_W2_RR,6,3360,exploration,20,6.723239670093172,5.132338638002984,1.590901032090187,0.35,0.3,"[5.24662086814642, 3.716282880306244, 7.5880846858024595]","[0.2, 0.15, 0.15]","[0.0652240480695452, 0.0477896837087778, 0.02201504898071289]"
DiagReachK3,180,W2,RR,raw,raw,development_DiagReachK3_s180_W2_RR,6,3360,selection,12,8.613922927268627,8.52167843132047,0.09224449594815572,0.6666666666666666,0.3333333333333333,"[6.820234735806783, 3.9809061090151467, 9.828956127166748]","[0.3333333333333333, 0.0, 0.0]","[0.018448897770472927, 0.0, 0.0]"
DiagReachK3,180,W2,RR,raw,raw,development_DiagReachK3_s180_W2_RR,6,3360,acceptance,8,8.768212812871207,8.768212812871207,0.0,1.0,0.0,"[6.500466346740723, 4.295696258544922, 9.831764936447144]","[0.0, 0.0, 0.0]","[0.0, 0.0, 0.0]"
DiagReachK3,180,W2,RR,raw,raw,development_DiagReachK3_s180_W2_RR,7,3840,exploration,20,7.050760615559993,5.072256687971531,1.9785039275884628,0.1,0.55,"[5.96958279311657, 4.292060986161232, 8.983270484209061]","[0.45, 0.15, 0.2]","[0.11127230439867293, 0.010310360101553118, 0.01579980087280273]"
DiagReachK3,180,W2,RR,raw,raw,development_DiagReachK3_s180_W2_RR,7,3840,selection,12,8.788808617672961,8.785719507616403,0.0030891100565592446,0.8333333333333334,0.16666666666666666,"[6.197335600852966, 4.406150897343953, 9.6374302705129]","[0.16666666666666666, 0.0, 0.0]","[0.000617822011311849, 0.0, 0.0]"
DiagReachK3,180,W2,RR,raw,raw,development_DiagReachK3_s180_W2_RR,7,3840,acceptance,8,8.725759622093758,8.725759622093758,0.0,1.0,0.0,"[5.739143550395966, 4.3215179443359375, 9.121474742889404]","[0.0, 0.0, 0.0]","[0.0, 0.0, 0.0]"
DiagReachK3,180,W2,RR,raw,raw,development_DiagReachK3_s180_W2_RR,8,4320,exploration,20,7.460883769597858,6.80082252940163,0.660061240196228,0.4,0.25,"[5.342527806758881, 4.579269662499428, 8.807912838459014]","[0.15, 0.1, 0.0]","[0.03072773729051862, 0.029055888836200416, 0.0]"
DiagReachK3,180,W2,RR,raw,raw,development_DiagReachK3_s180_W2_RR,8,4320,selection,12,8.948052727455313,8.948052727455313,0.0,1.0,0.0,"[5.362621188163757, 4.794839859008789, 9.192514896392822]","[0.0, 0.0, 0.0]","[0.0, 0.0, 0.0]"
DiagReachK3,180,W2,RR,raw,raw,development_DiagReachK3_s180_W2_RR,8,4320,acceptance,8,9.054198496672324,9.054198496672324,0.0,1.0,0.0,"[5.646441578865051, 4.932426631450653, 9.609313011169434]","[0.0, 0.0, 0.0]","[0.0, 0.0, 0.0]"
DiagReachK3,180,W2,RR,raw,raw,development_DiagReachK3_s180_W2_RR,9,4800,exploration,20,7.446376667600124,6.782517449241132,0.6638592183589935,0.45,0.4,"[5.928680408000946, 4.354257155954838, 8.965591287612915]","[0.35, 0.15, 0.15]","[0.03154084341866629, 0.015172910690307618, 0.012306209564208992]"
DiagReachK3,180,W2,RR,raw,raw,development_DiagReachK3_s180_W2_RR,9,4800,selection,12,9.27210601933466,9.267622408943042,0.004483610391616821,0.8333333333333334,0.16666666666666666,"[6.319158911705017, 5.465470552444458, 10.784629503885904]","[0.16666666666666666, 0.0, 0.0]","[0.0008967263357979963, 0.0, 0.0]"
DiagReachK3,180,W2,RR,raw,raw,development_DiagReachK3_s180_W2_RR,9,4800,acceptance,8,9.254755389969796,9.254755389969796,0.0,1.0,0.0,"[6.02822482585907, 5.141693711280823, 10.188663005828857]","[0.0, 0.0, 0.0]","[0.0, 0.0, 0.0]"
DiagReachK3,180,W2,RR,raw,raw,development_DiagReachK3_s180_W2_RR,10,5280,exploration,20,7.843736228616327,6.4473861428810055,1.396350085735321,0.4,0.45,"[6.07133938074112, 5.456130129098892, 10.412696766853333]","[0.25, 0.25, 0.2]","[0.06458532810211182, 0.033970209268423236, 0.028103919982910164]"
DiagReachK3,180,W2,RR,raw,raw,development_DiagReachK3_s180_W2_RR,10,5280,selection,12,9.150323128516371,9.149479871804411,0.0008432567119598389,0.9166666666666666,0.08333333333333333,"[6.004345814387004, 5.246753493944804, 10.259367227554321]","[0.08333333333333333, 0.0, 0.0]","[0.00016864708491733568, 0.0, 0.0]"
DiagReachK3,180,W2,RR,raw,raw,development_DiagReachK3_s180_W2_RR,10,5280,acceptance,8,9.229301759833469,9.229301759833469,0.0,1.0,0.0,"[6.098223924636841, 5.179489850997925, 10.28653883934021]","[0.0, 0.0, 0.0]","[0.0, 0.0, 0.0]"
DiagReachK3,180,W2,RR,raw,raw,development_DiagReachK3_s180_W2_RR,11,5760,exploration,20,6.857724873641272,6.6535512640269,0.20417360961437225,0.35,0.2,"[4.528721475601197, 3.7021686539053915, 7.144461622834205]","[0.15, 0.05, 0.0]","[0.012146486554827007, 0.0051845697256235005, 0.0]"
DiagReachK3,180,W2,RR,raw,raw,development_DiagReachK3_s180_W2_RR,11,5760,selection,12,9.459387341401694,9.276289074879605,0.18309826652208963,0.6666666666666666,0.3333333333333333,"[6.728121638298035, 5.893638372421265, 11.607962052027384]","[0.3333333333333333, 0.16666666666666666, 0.25]","[0.020810933340163467, 0.0020230305500519665, 0.009863859812418607]"
DiagReachK3,180,W2,RR,raw,raw,development_DiagReachK3_s180_W2_RR,11,5760,acceptance,8,9.319394437343,9.319394437343,0.0,1.0,0.0,"[6.353117287158966, 5.5031039118766785, 10.869717478752136]","[0.0, 0.0, 0.0]","[0.0, 0.0, 0.0]"
DiagReachK3,180,W2,RR,raw,raw,development_DiagReachK3_s180_W2_RR,12,6240,exploration,20,7.847325668567793,6.000432119602338,1.846893548965454,0.15,0.65,"[5.778037440776825, 5.855073535442353, 10.521597635746001]","[0.35, 0.5, 0.4]","[0.056140252522059855, 0.06069667522723858, 0.034637317657470704]"
DiagReachK3,180,W2,RR,raw,raw,development_DiagReachK3_s180_W2_RR,12,6240,selection,12,9.402592017715898,9.0923324818072,0.31025953590869904,0.5833333333333334,0.4166666666666667,"[6.769015510876973, 5.901478370030721, 11.64157239596049]","[0.4166666666666667, 0.3333333333333333, 0.3333333333333333]","[0.022497035208202548, 0.013357241948445639, 0.017156079610188796]"
DiagReachK3,180,W2,RR,raw,raw,development_DiagReachK3_s180_W2_RR,12,6240,acceptance,8,9.2287806287929,9.22247378682341,0.006306841969490051,0.75,0.25,"[6.454704642295837, 5.514476776123047, 10.955729961395264]","[0.25, 0.0, 0.0]","[0.0012613705226353356, 0.0, 0.0]"
DiagReachK3,180,W2,RR,raw,raw,development_DiagReachK3_s180_W2_RR,13,6720,exploration,20,7.387414380325353,6.916948928846395,0.47046545147895813,0.25,0.35,"[5.342906737327576, 4.508989834785462, 8.69252747297287]","[0.15, 0.2, 0.1]","[0.01810094969613211, 0.03502451456510104, 0.002640113830566404]"
DiagReachK3,180,W2,RR,raw,raw,development_DiagReachK3_s180_W2_RR,13,6720,selection,12,9.214128586023799,9.214128586023799,0.0,1.0,0.0,"[6.357019941012065, 5.064723253250122, 10.416226466496786]","[0.0, 0.0, 0.0]","[0.0, 0.0, 0.0]"
DiagReachK3,180,W2,RR,raw,raw,development_DiagReachK3_s180_W2_RR,13,6720,acceptance,8,9.185722092994,9.185722092994,0.0,1.0,0.0,"[6.267042458057404, 5.01427948474884, 10.281084299087524]","[0.0, 0.0, 0.0]","[0.0, 0.0, 0.0]"
DiagReachK3,180,W2,RR,raw,raw,development_DiagReachK3_s180_W2_RR,14,7200,exploration,20,7.829739422018174,5.207174271757249,2.6225651502609253,0.3,0.55,"[6.383951318264008, 5.258654087781906, 10.433325481414794]","[0.35, 0.25, 0.2]","[0.08885318892342703, 0.07336759934058557, 0.021506446838378913]"
DiagReachK3,180,W2,RR,raw,raw,development_DiagReachK3_s180_W2_RR,14,7200,selection,12,9.271845226555525,9.271845226555525,0.0,1.0,0.0,"[6.265184760093689, 5.364230950673421, 10.62050485610962]","[0.0, 0.0, 0.0]","[0.0, 0.0, 0.0]"
DiagReachK3,180,W2,RR,raw,raw,development_DiagReachK3_s180_W2_RR,14,7200,acceptance,8,9.440952751684744,9.440952751684744,0.0,1.0,0.0,"[6.637564480304718, 5.533569514751434, 11.15433120727539]","[0.0, 0.0, 0.0]","[0.0, 0.0, 0.0]"
DiagReachK3,180,W2,RR,raw,raw,development_DiagReachK3_s180_W2_RR,15,7680,exploration,20,8.070981192484032,5.993548411026132,2.077432781457901,0.35,0.4,"[6.481515109539032, 5.149343985319137, 10.405039048194885]","[0.25, 0.2, 0.25]","[0.054525184631347666, 0.045496533467219435, 0.03912657165527343]"
DiagReachK3,180,W2,RR,raw,raw,development_DiagReachK3_s180_W2_RR,15,7680,selection,12,9.159388897141858,9.053063250900353,0.10632564624150594,0.6666666666666666,0.3333333333333333,"[6.281839330991109, 5.303443551063538, 10.56265119711558]","[0.3333333333333333, 0.0, 0.0]","[0.01796593552544005, 0.0, 0.0]"
DiagReachK3,180,W2,RR,raw,raw,development_DiagReachK3_s180_W2_RR,15,7680,acceptance,8,9.592547985188867,9.592547985188867,0.0,1.0,0.0,"[6.588675498962402, 5.9032076597213745, 11.469865322113037]","[0.0, 0.0, 0.0]","[0.0, 0.0, 0.0]"
DiagReachK3,180,W2,RR,raw,raw,development_DiagReachK3_s180_W2_RR,16,8160,exploration,20,7.580766233230243,6.612347873473773,0.9684183597564697,0.2,0.45,"[5.690919303894043, 5.080697846412659, 9.638020133972168]","[0.2, 0.3, 0.2]","[0.026064804622105187, 0.04502618863032413, 0.006326274871826176]"
DiagReachK3,180,W2,RR,raw,raw,development_DiagReachK3_s180_W2_RR,16,8160,selection,12,9.539121187020404,9.401012084175212,0.13810910284519196,0.6666666666666666,0.3333333333333333,"[6.654030720392863, 5.984758218129476, 11.596910238265991]","[0.3333333333333333, 0.25, 0.25]","[0.01098930835723877, 0.005351366140903572, 0.0068211301167805756]"
DiagReachK3,180,W2,RR,raw,raw,development_DiagReachK3_s180_W2_RR,16,8160,acceptance,8,9.579454191117838,9.579454191117838,0.0,1.0,0.0,"[6.474610686302185, 5.945750117301941, 11.405725240707397]","[0.0, 0.0, 0.0]","[0.0, 0.0, 0.0]"
DiagReachK3,180,W2,RR,raw,raw,development_DiagReachK3_s180_W2_RR,17,8640,exploration,20,7.470717285121792,6.966115642632358,0.5046016424894333,0.3,0.25,"[5.639703679084778, 4.569927859306335, 8.975404810905456]","[0.15, 0.1, 0.0]","[0.03728366919926235, 0.002589808977567232, 0.0]"
DiagReachK3,180,W2,RR,raw,raw,development_DiagReachK3_s180_W2_RR,17,8640,selection,12,9.521208434104242,9.486284483273147,0.034923950831095375,0.5,0.5,"[6.347540775934855, 6.1570965846379595, 11.47566016515096]","[0.3333333333333333, 0.16666666666666666, 0.0]","[0.006607731183369954, 0.00037706203949757394, 0.0]"
DiagReachK3,180,W2,RR,raw,raw,development_DiagReachK3_s180_W2_RR,17,8640,acceptance,8,9.590367077027622,9.590367077027622,0.0,1.0,0.0,"[6.59473979473114, 5.905214071273804, 11.487707138061523]","[0.0, 0.0, 0.0]","[0.0, 0.0, 0.0]"
DiagReachK3,180,W2,RR,raw,raw,development_DiagReachK3_s180_W2_RR,18,9120,exploration,20,7.74047900668811,7.222282960335724,0.5181960463523865,0.45,0.3,"[5.7217588245868685, 4.597804123163224, 9.177734637260437]","[0.25, 0.15, 0.1]","[0.023500272205897732, 0.011204073979304374, 0.00456770324707031]"
DiagReachK3,180,W2,RR,raw,raw,development_DiagReachK3_s180_W2_RR,18,9120,selection,12,9.613910032567341,9.58007657354768,0.03383345901966095,0.75,0.25,"[6.555785934130351, 6.226057767868042, 11.744133075078329]","[0.0, 0.25, 0.16666666666666666]","[0.0, 0.005320163873525759, 0.0005346171061197946]"
DiagReachK3,180,W2,RR,raw,raw,development_DiagReachK3_s180_W2_RR,18,9120,acceptance,8,9.60552405838098,9.60552405838098,0.0,1.0,0.0,"[6.5956279039382935, 5.923782467842102, 11.503376007080078]","[0.0, 0.0, 0.0]","[0.0, 0.0, 0.0]"
DiagReachK3,180,W2,RR,raw,raw,development_DiagReachK3_s180_W2_RR,19,9600,exploration,20,7.857020029428166,6.691191205384892,1.165828824043274,0.35,0.55,"[5.865113484859466, 5.401328885555268, 10.105520653724671]","[0.3, 0.3, 0.2]","[0.045420292445591516, 0.045713435686551604, 0.011574298858642584]"
DiagReachK3,180,W2,RR,raw,raw,development_DiagReachK3_s180_W2_RR,19,9600,selection,12,9.309461068676802,9.279337377912693,0.030123690764109295,0.6666666666666666,0.3333333333333333,"[6.3567899862925215, 5.684051791826884, 11.003061532974243]","[0.3333333333333333, 0.08333333333333333, 0.16666666666666666]","[0.005363282703218009, 0.0004566510518391927, 0.00020481109619141513]"
DiagReachK3,180,W2,RR,raw,raw,development_DiagReachK3_s180_W2_RR,19,9600,acceptance,8,9.56271624405199,9.56271624405199,0.0,1.0,0.0,"[6.431244611740112, 5.950617790222168, 11.37981128692627]","[0.0, 0.0, 0.0]","[0.0, 0.0, 0.0]"
DiagReachK3,180,W2,RR,raw,raw,development_DiagReachK3_s180_W2_RR,20,10080,exploration,20,7.930394622962922,7.24112119106576,0.6892734318971634,0.2,0.55,"[6.100287246704101, 5.194598972797394, 10.151830744743346]","[0.3, 0.35, 0.2]","[0.0327618224280221, 0.03334429814265324, 0.012622379302978515]"
DiagReachK3,180,W2,RR,raw,raw,development_DiagReachK3_s180_W2_RR,20,10080,selection,12,9.539010068652715,9.323113675790713,0.21589639286200205,0.6666666666666666,0.3333333333333333,"[6.688170313835144, 6.1996456782023115, 11.846677859624227]","[0.3333333333333333, 0.3333333333333333, 0.3333333333333333]","[0.012610815820239837, 0.010689790432269752, 0.010621865590413412]"
DiagReachK3,180,W2,RR,raw,raw,development_DiagReachK3_s180_W2_RR,20,10080,acceptance,8,9.618860286274867,9.618860286274867,0.0,1.0,0.0,"[6.507527709007263, 5.909560322761536, 11.408072233200073]","[0.0, 0.0, 0.0]","[0.0, 0.0, 0.0]"
DiagReachK3,180,W2,RR,raw,raw,development_DiagReachK3_s180_W2_RR,21,10560,exploration,20,8.127787193455735,5.765754928984679,2.362032264471054,0.3,0.55,"[6.131342458724975, 5.748572421073914, 10.77982726097107]","[0.35, 0.3, 0.2]","[0.048603905950273786, 0.06255753223712626, 0.032778129577636726]"
DiagReachK3,180,W2,RR,raw,raw,development_DiagReachK3_s180_W2_RR,21,10560,selection,12,9.443704379364256,9.435434284572208,0.008270094792048136,0.8333333333333334,0.16666666666666666,"[6.202992677688599, 5.781708836555481, 10.966936826705933]","[0.0, 0.16666666666666666, 0.0]","[0.0, 0.001654013609274844, 0.0]"
DiagReachK3,180,W2,RR,raw,raw,development_DiagReachK3_s180_W2_RR,21,10560,acceptance,8,9.58184311324294,9.58184311324294,0.0,1.0,0.0,"[6.541444420814514, 5.930121660232544, 11.461622476577759]","[0.0, 0.0, 0.0]","[0.0, 0.0, 0.0]"
DiagReachK3,180,W2,RR,raw,raw,development_DiagReachK3_s180_W2_RR,22,11040,exploration,20,7.8296831320050115,6.698390103411948,1.1312930285930634,0.25,0.5,"[5.88427095413208, 5.244927513599396, 10.002067112922669]","[0.3, 0.3, 0.1]","[0.0351726531982422, 0.04088322566105769, 0.0171784782409668]"
DiagReachK3,180,W2,RR,raw,raw,development_DiagReachK3_s180_W2_RR,22,11040,selection,12,9.56759166945073,9.476569019049933,0.09102265040079753,0.6666666666666666,0.3333333333333333,"[6.812700033187866, 5.8146021366119385, 11.614566087722778]","[0.3333333333333333, 0.3333333333333333, 0.3333333333333333]","[0.00791323184967041, 0.0043070683112511055, 0.005979951222737645]"
DiagReachK3,180,W2,RR,raw,raw,development_DiagReachK3_s180_W2_RR,22,11040,acceptance,8,9.600830727728317,9.600830727728317,0.0,1.0,0.0,"[6.549101114273071, 6.017129421234131, 11.528809309005737]","[0.0, 0.0, 0.0]","[0.0, 0.0, 0.0]"
DiagReachK3,180,W2,RR,raw,raw,development_DiagReachK3_s180_W2_RR,23,11520,exploration,20,7.517292367202174,5.631885679346452,1.8854066878557205,0.15,0.3,"[5.948860335350036, 4.386430689692498, 9.238070034980774]","[0.2, 0.15, 0.15]","[0.0602534430367606, 0.044219823983999394, 0.027838798522949217]"
DiagReachK3,180,W2,RR,raw,raw,development_DiagReachK3_s180_W2_RR,23,11520,selection,12,9.376383562471771,9.329306944793766,0.04707661767800649,0.75,0.25,"[6.281213164329529, 5.8542033433914185, 11.106228113174438]","[0.0, 0.25, 0.08333333333333333]","[0.0, 0.006903532223823727, 0.00032872517903646353]"
DiagReachK3,180,W2,RR,raw,raw,development_DiagReachK3_s180_W2_RR,23,11520,acceptance,8,9.586757768027018,9.586757768027018,0.0,1.0,0.0,"[6.5551170110702515, 6.024027466773987, 11.559867143630981]","[0.0, 0.0, 0.0]","[0.0, 0.0, 0.0]"
DiagReachK3,180,W2,RR,raw,raw,development_DiagReachK3_s180_W2_RR,24,12000,exploration,20,8.09273928419978,7.01544418947131,1.0772950947284698,0.35,0.45,"[5.819098365306854, 5.747537767887115, 10.466639494895935]","[0.2, 0.3, 0.25]","[0.016263236318315777, 0.060352659225463866, 0.020424060821533196]"
DiagReachK3,180,W2,RR,raw,raw,development_DiagReachK3_s180_W2_RR,24,12000,selection,12,9.371326534567803,9.35342547160241,0.017901062965393066,0.75,0.25,"[6.540921767552693, 5.553939421971639, 11.080469290415445]","[0.25, 0.0, 0.0]","[0.0035802182697114437, 0.0, 0.0]"
DiagReachK3,180,W2,RR,raw,raw,development_DiagReachK3_s180_W2_RR,24,12000,acceptance,8,9.532650969692622,9.532650969692622,0.0,1.0,0.0,"[6.421566605567932, 5.857280373573303, 11.2724609375]","[0.0, 0.0, 0.0]","[0.0, 0.0, 0.0]"
DiagReachK3,180,W2,RS,raw,shaped,development_DiagReachK3_s180_W2_RS,0,480,exploration,20,3.995492234220728,3.810164734115824,0.18532750010490417,0.05,0.15,"[1.2264814153313637, 2.8878522530198096, 2.897287717461586]","[0.0, 0.15, 0.05]","[0.0, 0.012627634635338414, 0.0034752922058105427]"
DiagReachK3,180,W2,RS,raw,shaped,development_DiagReachK3_s180_W2_RS,0,480,selection,12,4.331532103550853,4.331532103550853,0.0,0.0,0.0,"[0.7452033286293348, 1.4903237745165825, 1.637157787879308]","[0.0, 0.0, 0.0]","[0.0, 0.0, 0.0]"
DiagReachK3,180,W2,RS,raw,shaped,development_DiagReachK3_s180_W2_RS,0,480,acceptance,8,4.618351698959668,4.618351698959668,0.0,0.0,0.0,"[1.1238103359937668, 1.6619440354406834, 2.1447047516703606]","[0.0, 0.0, 0.0]","[0.0, 0.0, 0.0]"
DiagReachK3,180,W2,RS,raw,shaped,development_DiagReachK3_s180_W2_RS,1,960,exploration,20,5.4875330593861875,5.371879321006709,0.11565373837947845,0.2,0.1,"[2.3469162434339523, 3.2861917495727537, 4.390116551518441]","[0.05, 0.05, 0.0]","[0.0030140944889613607, 0.00467030085050143, 0.0]"
DiagReachK3,180,W2,RS,raw,shaped,development_DiagReachK3_s180_W2_RS,1,960,selection,12,7.437546907542612,7.437546907542612,0.0,0.6666666666666666,0.0,"[3.7102616131305695, 3.265874365965525, 6.102219144503276]","[0.0, 0.0, 0.0]","[0.0, 0.0, 0.0]"
DiagReachK3,180,W2,RS,raw,shaped,development_DiagReachK3_s180_W2_RS,1,960,acceptance,8,7.464579817539925,7.464579817539925,0.0,0.5,0.0,"[3.9691671431064606, 3.3193438351154327, 6.40090474486351]","[0.0, 0.0, 0.0]","[0.0, 0.0, 0.0]"
DiagReachK3,180,W2,RS,raw,shaped,development_DiagReachK3_s180_W2_RS,2,1440,exploration,20,6.7665326383977655,6.101425283876013,0.6651073545217514,0.3,0.25,"[4.495903199911117, 3.8987576603889464, 7.250419855117798]","[0.15, 0.1, 0.1]","[0.029817737851824077, 0.016681282336895274, 0.00564870834350586]"
DiagReachK3,180,W2,RS,raw,shaped,development_DiagReachK3_s180_W2_RS,2,1440,selection,12,8.62135781670222,8.375786978250835,0.2455708384513855,0.3333333333333333,0.6666666666666666,"[6.8202022314071655, 4.4605085253715515, 10.299590905507406]","[0.6666666666666666, 0.0, 0.0]","[0.04139670303889683, 0.0, 0.0]"
DiagReachK3,180,W2,RS,raw,shaped,development_DiagReachK3_s180_W2_RS,2,1440,acceptance,8,8.431187321175821,8.431187321175821,0.0,1.0,0.0,"[5.5232226848602295, 4.116464853286743, 8.676129817962646]","[0.0, 0.0, 0.0]","[0.0, 0.0, 0.0]"
DiagReachK3,180,W2,RS,raw,shaped,development_DiagReachK3_s180_W2_RS,3,1920,exploration,20,6.550810984191484,5.227682373342104,1.3231286108493805,0.35,0.2,"[4.745136639475822, 3.234531059861183, 6.614967924356461]","[0.15, 0.1, 0.1]","[0.06440418107169014, 0.005942069567166841, 0.02511292266845703]"
DiagReachK3,180,W2,RS,raw,shaped,development_DiagReachK3_s180_W2_RS,3,1920,selection,12,8.525051477883244,8.525051477883244,0.0,1.0,0.0,"[5.783307075500488, 4.006088833014171, 8.852907101313273]","[0.0, 0.0, 0.0]","[0.0, 0.0, 0.0]"
DiagReachK3,180,W2,RS,raw,shaped,development_DiagReachK3_s180_W2_RS,3,1920,acceptance,8,8.546584946580698,8.546584946580698,0.0,1.0,0.0,"[6.145314395427704, 4.086031675338745, 9.277312517166138]","[0.0, 0.0, 0.0]","[0.0, 0.0, 0.0]"
DiagReachK3,180,W2,RS,raw,shaped,development_DiagReachK3_s180_W2_RS,4,2400,exploration,20,6.574508904616813,5.816157131593209,0.7583517730236053,0.15,0.35,"[4.658765326440334, 4.0190871730446815, 7.5074905276298525]","[0.25, 0.1, 0.05]","[0.03768906593322754, 0.032778160388653096, 0.006870300292968745]"
DiagReachK3,180,W2,RS,raw,shaped,development_DiagReachK3_s180_W2_RS,4,2400,selection,12,8.784938086134693,8.530168239337703,0.25476984679698944,0.3333333333333333,0.6666666666666666,"[7.1454092264175415, 4.396966338157654, 10.548792521158854]","[0.6666666666666666, 0.0, 0.0]","[0.04622381641751242, 0.0, 0.0]"
DiagReachK3,180,W2,RS,raw,shaped,development_DiagReachK3_s180_W2_RS,4,2400,acceptance,8,8.730853646621107,8.730853646621107,0.0,1.0,0.0,"[6.4703874588012695, 4.346654415130615, 9.858028173446655]","[0.0, 0.0, 0.0]","[0.0, 0.0, 0.0]"
DiagReachK3,180,W2,RS,raw,shaped,development_DiagReachK3_s180_W2_RS,5,2880,exploration,20,6.650078948918237,5.826957729044808,0.8231212198734283,0.2,0.25,"[5.217553806304932, 3.495425817370415, 7.414677959680557]","[0.25, 0.05, 0.05]","[0.03319891180310931, 0.015999794006347656, 0.018445724487304683]"
DiagReachK3,180,W2,RS,raw,shaped,development_DiagReachK3_s180_W2_RS,5,2880,selection,12,8.909888076933568,8.54761310731604,0.36227496961752575,0.3333333333333333,0.6666666666666666,"[7.23629875977834, 4.791129946708679, 11.04867434501648]","[0.6666666666666666, 0.0, 0.0]","[0.06250336624327159, 0.0, 0.0]"
DiagReachK3,180,W2,RS,raw,shaped,development_DiagReachK3_s180_W2_RS,5,2880,acceptance,8,8.748826530354563,8.748826530354563,0.0,1.0,0.0,"[6.5864280462265015, 4.357217192649841, 9.965328693389893]","[0.0, 0.0, 0.0]","[0.0, 0.0, 0.0]"
DiagReachK3,180,W2,RS,raw,shaped,development_DiagReachK3_s180_W2_RS,6,3360,exploration,20,6.723239670093172,5.132338638002984,1.590901032090187,0.35,0.3,"[5.24662086814642, 3.716282880306244, 7.5880846858024595]","[0.2, 0.15, 0.15]","[0.0652240480695452, 0.0477896837087778, 0.02201504898071289]"
DiagReachK3,180,W2,RS,raw,shaped,development_DiagReachK3_s180_W2_RS,6,3360,selection,12,8.613922927268627,8.52167843132047,0.09224449594815572,0.6666666666666666,0.3333333333333333,"[6.820234735806783, 3.9809061090151467, 9.828956127166748]","[0.3333333333333333, 0.0, 0.0]","[0.018448897770472927, 0.0, 0.0]"
DiagReachK3,180,W2,RS,raw,shaped,development_DiagReachK3_s180_W2_RS,6,3360,acceptance,8,8.768212812871207,8.768212812871207,0.0,1.0,0.0,"[6.500466346740723, 4.295696258544922, 9.831764936447144]","[0.0, 0.0, 0.0]","[0.0, 0.0, 0.0]"
DiagReachK3,180,W2,RS,raw,shaped,development_DiagReachK3_s180_W2_RS,7,3840,exploration,20,7.050760615559993,5.072256687971531,1.9785039275884628,0.1,0.55,"[5.96958279311657, 4.292060986161232, 8.983270484209061]","[0.45, 0.15, 0.2]","[0.11127230439867293, 0.010310360101553118, 0.01579980087280273]"
DiagReachK3,180,W2,RS,raw,shaped,development_DiagReachK3_s180_W2_RS,7,3840,selection,12,8.788808617672961,8.785719507616403,0.0030891100565592446,0.8333333333333334,0.16666666666666666,"[6.197335600852966, 4.406150897343953, 9.6374302705129]","[0.16666666666666666, 0.0, 0.0]","[0.000617822011311849, 0.0, 0.0]"
DiagReachK3,180,W2,RS,raw,shaped,development_DiagReachK3_s180_W2_RS,7,3840,acceptance,8,8.725759622093758,8.725759622093758,0.0,1.0,0.0,"[5.739143550395966, 4.3215179443359375, 9.121474742889404]","[0.0, 0.0, 0.0]","[0.0, 0.0, 0.0]"
DiagReachK3,180,W2,RS,raw,shaped,development_DiagReachK3_s180_W2_RS,8,4320,exploration,20,7.460883769597858,6.80082252940163,0.660061240196228,0.4,0.25,"[5.342527806758881, 4.579269662499428, 8.807912838459014]","[0.15, 0.1, 0.0]","[0.03072773729051862, 0.029055888836200416, 0.0]"
DiagReachK3,180,W2,RS,raw,shaped,development_DiagReachK3_s180_W2_RS,8,4320,selection,12,8.948052727455313,8.948052727455313,0.0,1.0,0.0,"[5.362621188163757, 4.794839859008789, 9.192514896392822]","[0.0, 0.0, 0.0]","[0.0, 0.0, 0.0]"
DiagReachK3,180,W2,RS,raw,shaped,development_DiagReachK3_s180_W2_RS,8,4320,acceptance,8,9.054198496672324,9.054198496672324,0.0,1.0,0.0,"[5.646441578865051, 4.932426631450653, 9.609313011169434]","[0.0, 0.0, 0.0]","[0.0, 0.0, 0.0]"
DiagReachK3,180,W2,RS,raw,shaped,development_DiagReachK3_s180_W2_RS,9,4800,exploration,20,7.446376667600124,6.782517449241132,0.6638592183589935,0.45,0.4,"[5.928680408000946, 4.354257155954838, 8.965591287612915]","[0.35, 0.15, 0.15]","[0.03154084341866629, 0.015172910690307618, 0.012306209564208992]"
DiagReachK3,180,W2,RS,raw,shaped,development_DiagReachK3_s180_W2_RS,9,4800,selection,12,9.27210601933466,9.267622408943042,0.004483610391616821,0.8333333333333334,0.16666666666666666,"[6.319158911705017, 5.465470552444458, 10.784629503885904]","[0.16666666666666666, 0.0, 0.0]","[0.0008967263357979963, 0.0, 0.0]"
DiagReachK3,180,W2,RS,raw,shaped,development_DiagReachK3_s180_W2_RS,9,4800,acceptance,8,9.254755389969796,9.254755389969796,0.0,1.0,0.0,"[6.02822482585907, 5.141693711280823, 10.188663005828857]","[0.0, 0.0, 0.0]","[0.0, 0.0, 0.0]"
DiagReachK3,180,W2,RS,raw,shaped,development_DiagReachK3_s180_W2_RS,10,5280,exploration,20,7.843736228616327,6.4473861428810055,1.396350085735321,0.4,0.45,"[6.07133938074112, 5.456130129098892, 10.412696766853333]","[0.25, 0.25, 0.2]","[0.06458532810211182, 0.033970209268423236, 0.028103919982910164]"
DiagReachK3,180,W2,RS,raw,shaped,development_DiagReachK3_s180_W2_RS,10,5280,selection,12,9.150323128516371,9.149479871804411,0.0008432567119598389,0.9166666666666666,0.08333333333333333,"[6.004345814387004, 5.246753493944804, 10.259367227554321]","[0.08333333333333333, 0.0, 0.0]","[0.00016864708491733568, 0.0, 0.0]"
DiagReachK3,180,W2,RS,raw,shaped,development_DiagReachK3_s180_W2_RS,10,5280,acceptance,8,9.229301759833469,9.229301759833469,0.0,1.0,0.0,"[6.098223924636841, 5.179489850997925, 10.28653883934021]","[0.0, 0.0, 0.0]","[0.0, 0.0, 0.0]"
DiagReachK3,180,W2,RS,raw,shaped,development_DiagReachK3_s180_W2_RS,11,5760,exploration,20,6.857724873641272,6.6535512640269,0.20417360961437225,0.35,0.2,"[4.528721475601197, 3.7021686539053915, 7.144461622834205]","[0.15, 0.05, 0.0]","[0.012146486554827007, 0.0051845697256235005, 0.0]"
DiagReachK3,180,W2,RS,raw,shaped,development_DiagReachK3_s180_W2_RS,11,5760,selection,12,9.459387341401694,9.276289074879605,0.18309826652208963,0.6666666666666666,0.3333333333333333,"[6.728121638298035, 5.893638372421265, 11.607962052027384]","[0.3333333333333333, 0.16666666666666666, 0.25]","[0.020810933340163467, 0.0020230305500519665, 0.009863859812418607]"
DiagReachK3,180,W2,RS,raw,shaped,development_DiagReachK3_s180_W2_RS,11,5760,acceptance,8,9.319394437343,9.319394437343,0.0,1.0,0.0,"[6.353117287158966, 5.5031039118766785, 10.869717478752136]","[0.0, 0.0, 0.0]","[0.0, 0.0, 0.0]"
DiagReachK3,180,W2,RS,raw,shaped,development_DiagReachK3_s180_W2_RS,12,6240,exploration,20,7.847325668567793,6.000432119602338,1.846893548965454,0.15,0.65,"[5.778037440776825, 5.855073535442353, 10.521597635746001]","[0.35, 0.5, 0.4]","[0.056140252522059855, 0.06069667522723858, 0.034637317657470704]"
DiagReachK3,180,W2,RS,raw,shaped,development_DiagReachK3_s180_W2_RS,12,6240,selection,12,9.402592017715898,9.0923324818072,0.31025953590869904,0.5833333333333334,0.4166666666666667,"[6.769015510876973, 5.901478370030721, 11.64157239596049]","[0.4166666666666667, 0.3333333333333333, 0.3333333333333333]","[0.022497035208202548, 0.013357241948445639, 0.017156079610188796]"
DiagReachK3,180,W2,RS,raw,shaped,development_DiagReachK3_s180_W2_RS,12,6240,acceptance,8,9.2287806287929,9.22247378682341,0.006306841969490051,0.75,0.25,"[6.454704642295837, 5.514476776123047, 10.955729961395264]","[0.25, 0.0, 0.0]","[0.0012613705226353356, 0.0, 0.0]"
DiagReachK3,180,W2,RS,raw,shaped,development_DiagReachK3_s180_W2_RS,13,6720,exploration,20,7.387414380325353,6.916948928846395,0.47046545147895813,0.25,0.35,"[5.342906737327576, 4.508989834785462, 8.69252747297287]","[0.15, 0.2, 0.1]","[0.01810094969613211, 0.03502451456510104, 0.002640113830566404]"
DiagReachK3,180,W2,RS,raw,shaped,development_DiagReachK3_s180_W2_RS,13,6720,selection,12,9.214128586023799,9.214128586023799,0.0,1.0,0.0,"[6.357019941012065, 5.064723253250122, 10.416226466496786]","[0.0, 0.0, 0.0]","[0.0, 0.0, 0.0]"
DiagReachK3,180,W2,RS,raw,shaped,development_DiagReachK3_s180_W2_RS,13,6720,acceptance,8,9.185722092994,9.185722092994,0.0,1.0,0.0,"[6.267042458057404, 5.01427948474884, 10.281084299087524]","[0.0, 0.0, 0.0]","[0.0, 0.0, 0.0]"
DiagReachK3,180,W2,RS,raw,shaped,development_DiagReachK3_s180_W2_RS,14,7200,exploration,20,7.829739422018174,5.207174271757249,2.6225651502609253,0.3,0.55,"[6.383951318264008, 5.258654087781906, 10.433325481414794]","[0.35, 0.25, 0.2]","[0.08885318892342703, 0.07336759934058557, 0.021506446838378913]"
DiagReachK3,180,W2,RS,raw,shaped,development_DiagReachK3_s180_W2_RS,14,7200,selection,12,9.271845226555525,9.271845226555525,0.0,1.0,0.0,"[6.265184760093689, 5.364230950673421, 10.62050485610962]","[0.0, 0.0, 0.0]","[0.0, 0.0, 0.0]"
DiagReachK3,180,W2,RS,raw,shaped,development_DiagReachK3_s180_W2_RS,14,7200,acceptance,8,9.440952751684744,9.440952751684744,0.0,1.0,0.0,"[6.637564480304718, 5.533569514751434, 11.15433120727539]","[0.0, 0.0, 0.0]","[0.0, 0.0, 0.0]"
DiagReachK3,180,W2,RS,raw,shaped,development_DiagReachK3_s180_W2_RS,15,7680,exploration,20,8.070981192484032,5.993548411026132,2.077432781457901,0.35,0.4,"[6.481515109539032, 5.149343985319137, 10.405039048194885]","[0.25, 0.2, 0.25]","[0.054525184631347666, 0.045496533467219435, 0.03912657165527343]"
DiagReachK3,180,W2,RS,raw,shaped,development_DiagReachK3_s180_W2_RS,15,7680,selection,12,9.159388897141858,9.053063250900353,0.10632564624150594,0.6666666666666666,0.3333333333333333,"[6.281839330991109, 5.303443551063538, 10.56265119711558]","[0.3333333333333333, 0.0, 0.0]","[0.01796593552544005, 0.0, 0.0]"
DiagReachK3,180,W2,RS,raw,shaped,development_DiagReachK3_s180_W2_RS,15,7680,acceptance,8,9.592547985188867,9.592547985188867,0.0,1.0,0.0,"[6.588675498962402, 5.9032076597213745, 11.469865322113037]","[0.0, 0.0, 0.0]","[0.0, 0.0, 0.0]"
DiagReachK3,180,W2,RS,raw,shaped,development_DiagReachK3_s180_W2_RS,16,8160,exploration,20,7.580766233230243,6.612347873473773,0.9684183597564697,0.2,0.45,"[5.690919303894043, 5.080697846412659, 9.638020133972168]","[0.2, 0.3, 0.2]","[0.026064804622105187, 0.04502618863032413, 0.006326274871826176]"
DiagReachK3,180,W2,RS,raw,shaped,development_DiagReachK3_s180_W2_RS,16,8160,selection,12,9.539121187020404,9.401012084175212,0.13810910284519196,0.6666666666666666,0.3333333333333333,"[6.654030720392863, 5.984758218129476, 11.596910238265991]","[0.3333333333333333, 0.25, 0.25]","[0.01098930835723877, 0.005351366140903572, 0.0068211301167805756]"
DiagReachK3,180,W2,RS,raw,shaped,development_DiagReachK3_s180_W2_RS,16,8160,acceptance,8,9.579454191117838,9.579454191117838,0.0,1.0,0.0,"[6.474610686302185, 5.945750117301941, 11.405725240707397]","[0.0, 0.0, 0.0]","[0.0, 0.0, 0.0]"
DiagReachK3,180,W2,RS,raw,shaped,development_DiagReachK3_s180_W2_RS,17,8640,exploration,20,7.470717285121792,6.966115642632358,0.5046016424894333,0.3,0.25,"[5.639703679084778, 4.569927859306335, 8.975404810905456]","[0.15, 0.1, 0.0]","[0.03728366919926235, 0.002589808977567232, 0.0]"
DiagReachK3,180,W2,RS,raw,shaped,development_DiagReachK3_s180_W2_RS,17,8640,selection,12,9.521208434104242,9.486284483273147,0.034923950831095375,0.5,0.5,"[6.347540775934855, 6.1570965846379595, 11.47566016515096]","[0.3333333333333333, 0.16666666666666666, 0.0]","[0.006607731183369954, 0.00037706203949757394, 0.0]"
DiagReachK3,180,W2,RS,raw,shaped,development_DiagReachK3_s180_W2_RS,17,8640,acceptance,8,9.590367077027622,9.590367077027622,0.0,1.0,0.0,"[6.59473979473114, 5.905214071273804, 11.487707138061523]","[0.0, 0.0, 0.0]","[0.0, 0.0, 0.0]"
DiagReachK3,180,W2,RS,raw,shaped,development_DiagReachK3_s180_W2_RS,18,9120,exploration,20,7.74047900668811,7.222282960335724,0.5181960463523865,0.45,0.3,"[5.7217588245868685, 4.597804123163224, 9.177734637260437]","[0.25, 0.15, 0.1]","[0.023500272205897732, 0.011204073979304374, 0.00456770324707031]"
DiagReachK3,180,W2,RS,raw,shaped,development_DiagReachK3_s180_W2_RS,18,9120,selection,12,9.613910032567341,9.58007657354768,0.03383345901966095,0.75,0.25,"[6.555785934130351, 6.226057767868042, 11.744133075078329]","[0.0, 0.25, 0.16666666666666666]","[0.0, 0.005320163873525759, 0.0005346171061197946]"
DiagReachK3,180,W2,RS,raw,shaped,development_DiagReachK3_s180_W2_RS,18,9120,acceptance,8,9.60552405838098,9.60552405838098,0.0,1.0,0.0,"[6.5956279039382935, 5.923782467842102, 11.503376007080078]","[0.0, 0.0, 0.0]","[0.0, 0.0, 0.0]"
DiagReachK3,180,W2,RS,raw,shaped,development_DiagReachK3_s180_W2_RS,19,9600,exploration,20,7.857020029428166,6.691191205384892,1.165828824043274,0.35,0.55,"[5.865113484859466, 5.401328885555268, 10.105520653724671]","[0.3, 0.3, 0.2]","[0.045420292445591516, 0.045713435686551604, 0.011574298858642584]"
DiagReachK3,180,W2,RS,raw,shaped,development_DiagReachK3_s180_W2_RS,19,9600,selection,12,9.309461068676802,9.279337377912693,0.030123690764109295,0.6666666666666666,0.3333333333333333,"[6.3567899862925215, 5.684051791826884, 11.003061532974243]","[0.3333333333333333, 0.08333333333333333, 0.16666666666666666]","[0.005363282703218009, 0.0004566510518391927, 0.00020481109619141513]"
DiagReachK3,180,W2,RS,raw,shaped,development_DiagReachK3_s180_W2_RS,19,9600,acceptance,8,9.56271624405199,9.56271624405199,0.0,1.0,0.0,"[6.431244611740112, 5.950617790222168, 11.37981128692627]","[0.0, 0.0, 0.0]","[0.0, 0.0, 0.0]"
DiagReachK3,180,W2,RS,raw,shaped,development_DiagReachK3_s180_W2_RS,20,10080,exploration,20,7.930394622962922,7.24112119106576,0.6892734318971634,0.2,0.55,"[6.100287246704101, 5.194598972797394, 10.151830744743346]","[0.3, 0.35, 0.2]","[0.0327618224280221, 0.03334429814265324, 0.012622379302978515]"
DiagReachK3,180,W2,RS,raw,shaped,development_DiagReachK3_s180_W2_RS,20,10080,selection,12,9.539010068652715,9.323113675790713,0.21589639286200205,0.6666666666666666,0.3333333333333333,"[6.688170313835144, 6.1996456782023115, 11.846677859624227]","[0.3333333333333333, 0.3333333333333333, 0.3333333333333333]","[0.012610815820239837, 0.010689790432269752, 0.010621865590413412]"
DiagReachK3,180,W2,RS,raw,shaped,development_DiagReachK3_s180_W2_RS,20,10080,acceptance,8,9.618860286274867,9.618860286274867,0.0,1.0,0.0,"[6.507527709007263, 5.909560322761536, 11.408072233200073]","[0.0, 0.0, 0.0]","[0.0, 0.0, 0.0]"
DiagReachK3,180,W2,RS,raw,shaped,development_DiagReachK3_s180_W2_RS,21,10560,exploration,20,8.127787193455735,5.765754928984679,2.362032264471054,0.3,0.55,"[6.131342458724975, 5.748572421073914, 10.77982726097107]","[0.35, 0.3, 0.2]","[0.048603905950273786, 0.06255753223712626, 0.032778129577636726]"
DiagReachK3,180,W2,RS,raw,shaped,development_DiagReachK3_s180_W2_RS,21,10560,selection,12,9.443704379364256,9.435434284572208,0.008270094792048136,0.8333333333333334,0.16666666666666666,"[6.202992677688599, 5.781708836555481, 10.966936826705933]","[0.0, 0.16666666666666666, 0.0]","[0.0, 0.001654013609274844, 0.0]"
DiagReachK3,180,W2,RS,raw,shaped,development_DiagReachK3_s180_W2_RS,21,10560,acceptance,8,9.58184311324294,9.58184311324294,0.0,1.0,0.0,"[6.541444420814514, 5.930121660232544, 11.461622476577759]","[0.0, 0.0, 0.0]","[0.0, 0.0, 0.0]"
DiagReachK3,180,W2,RS,raw,shaped,development_DiagReachK3_s180_W2_RS,22,11040,exploration,20,7.8296831320050115,6.698390103411948,1.1312930285930634,0.25,0.5,"[5.88427095413208, 5.244927513599396, 10.002067112922669]","[0.3, 0.3, 0.1]","[0.0351726531982422, 0.04088322566105769, 0.0171784782409668]"
DiagReachK3,180,W2,RS,raw,shaped,development_DiagReachK3_s180_W2_RS,22,11040,selection,12,9.56759166945073,9.476569019049933,0.09102265040079753,0.6666666666666666,0.3333333333333333,"[6.812700033187866, 5.8146021366119385, 11.614566087722778]","[0.3333333333333333, 0.3333333333333333, 0.3333333333333333]","[0.00791323184967041, 0.0043070683112511055, 0.005979951222737645]"
DiagReachK3,180,W2,RS,raw,shaped,development_DiagReachK3_s180_W2_RS,22,11040,acceptance,8,9.600830727728317,9.600830727728317,0.0,1.0,0.0,"[6.549101114273071, 6.017129421234131, 11.528809309005737]","[0.0, 0.0, 0.0]","[0.0, 0.0, 0.0]"
DiagReachK3,180,W2,RS,raw,shaped,development_DiagReachK3_s180_W2_RS,23,11520,exploration,20,7.517292367202174,5.631885679346452,1.8854066878557205,0.15,0.3,"[5.948860335350036, 4.386430689692498, 9.238070034980774]","[0.2, 0.15, 0.15]","[0.0602534430367606, 0.044219823983999394, 0.027838798522949217]"
DiagReachK3,180,W2,RS,raw,shaped,development_DiagReachK3_s180_W2_RS,23,11520,selection,12,9.376383562471771,9.329306944793766,0.04707661767800649,0.75,0.25,"[6.281213164329529, 5.8542033433914185, 11.106228113174438]","[0.0, 0.25, 0.08333333333333333]","[0.0, 0.006903532223823727, 0.00032872517903646353]"
DiagReachK3,180,W2,RS,raw,shaped,development_DiagReachK3_s180_W2_RS,23,11520,acceptance,8,9.586757768027018,9.586757768027018,0.0,1.0,0.0,"[6.5551170110702515, 6.024027466773987, 11.559867143630981]","[0.0, 0.0, 0.0]","[0.0, 0.0, 0.0]"
DiagReachK3,180,W2,RS,raw,shaped,development_DiagReachK3_s180_W2_RS,24,12000,exploration,20,8.09273928419978,7.01544418947131,1.0772950947284698,0.35,0.45,"[5.819098365306854, 5.747537767887115, 10.466639494895935]","[0.2, 0.3, 0.25]","[0.016263236318315777, 0.060352659225463866, 0.020424060821533196]"
DiagReachK3,180,W2,RS,raw,shaped,development_DiagReachK3_s180_W2_RS,24,12000,selection,12,9.371326534567803,9.35342547160241,0.017901062965393066,0.75,0.25,"[6.540921767552693, 5.553939421971639, 11.080469290415445]","[0.25, 0.0, 0.0]","[0.0035802182697114437, 0.0, 0.0]"
DiagReachK3,180,W2,RS,raw,shaped,development_DiagReachK3_s180_W2_RS,24,12000,acceptance,8,9.532650969692622,9.532650969692622,0.0,1.0,0.0,"[6.421566605567932, 5.857280373573303, 11.2724609375]","[0.0, 0.0, 0.0]","[0.0, 0.0, 0.0]"
DiagReachK3,180,W2,SR,shaped,raw,development_DiagReachK3_s180_W2_SR,0,480,exploration,20,3.995492234220728,3.810164734115824,0.18532750010490417,0.05,0.15,"[1.2264814153313637, 2.8878522530198096, 2.897287717461586]","[0.0, 0.15, 0.05]","[0.0, 0.012627634635338414, 0.0034752922058105427]"
DiagReachK3,180,W2,SR,shaped,raw,development_DiagReachK3_s180_W2_SR,0,480,selection,12,4.361258044169517,4.361258044169517,0.0,0.0,0.0,"[0.7704618573188782, 1.4890869781374931, 1.6708193520704906]","[0.0, 0.0, 0.0]","[0.0, 0.0, 0.0]"
DiagReachK3,180,W2,SR,shaped,raw,development_DiagReachK3_s180_W2_SR,0,480,acceptance,8,4.618351698959668,4.618351698959668,0.0,0.0,0.0,"[1.1238103359937668, 1.6619440354406834, 2.1447047516703606]","[0.0, 0.0, 0.0]","[0.0, 0.0, 0.0]"
DiagReachK3,180,W2,SR,shaped,raw,development_DiagReachK3_s180_W2_SR,1,960,exploration,20,5.4875330593861875,5.371879321006709,0.11565373837947845,0.2,0.1,"[2.3469162434339523, 3.2861917495727537, 4.390116551518441]","[0.05, 0.05, 0.0]","[0.0030140944889613607, 0.00467030085050143, 0.0]"
DiagReachK3,180,W2,SR,shaped,raw,development_DiagReachK3_s180_W2_SR,1,960,selection,12,7.420288492320832,7.420288492320832,0.0,0.6666666666666666,0.0,"[3.6810931861400604, 3.2478461265563965, 6.058656295140584]","[0.0, 0.0, 0.0]","[0.0, 0.0, 0.0]"
DiagReachK3,180,W2,SR,shaped,raw,development_DiagReachK3_s180_W2_SR,1,960,acceptance,8,7.464579817539925,7.464579817539925,0.0,0.5,0.0,"[3.9691671431064606, 3.3193438351154327, 6.40090474486351]","[0.0, 0.0, 0.0]","[0.0, 0.0, 0.0]"
DiagReachK3,180,W2,SR,shaped,raw,development_DiagReachK3_s180_W2_SR,2,1440,exploration,20,6.7665326383977655,6.101425283876013,0.6651073545217514,0.3,0.25,"[4.495903199911117, 3.8987576603889464, 7.250419855117798]","[0.15, 0.1, 0.1]","[0.029817737851824077, 0.016681282336895274, 0.00564870834350586]"
DiagReachK3,180,W2,SR,shaped,raw,development_DiagReachK3_s180_W2_SR,2,1440,selection,12,8.545887902025909,8.31743581557724,0.22845208644866943,0.6666666666666666,0.3333333333333333,"[6.55680791536967, 4.182910939057668, 9.761882384618124]","[0.3333333333333333, 0.0, 0.0]","[0.03797296115330288, 0.0, 0.0]"
DiagReachK3,180,W2,SR,shaped,raw,development_DiagReachK3_s180_W2_SR,2,1440,acceptance,8,8.495826028427109,8.495826028427109,0.0,1.0,0.0,"[5.866517245769501, 4.141255259513855, 9.025993466377258]","[0.0, 0.0, 0.0]","[0.0, 0.0, 0.0]"
DiagReachK3,180,W2,SR,shaped,raw,development_DiagReachK3_s180_W2_SR,3,1920,exploration,20,6.797767075612209,5.367215710594318,1.430551365017891,0.3,0.2,"[5.1488637894392015, 3.335831940174103, 7.1505441725254055]","[0.15, 0.1, 0.1]","[0.06566237722124371, 0.0064947091616117, 0.027692504882812507]"
DiagReachK3,180,W2,SR,shaped,raw,development_DiagReachK3_s180_W2_SR,3,1920,selection,12,8.294383552251384,8.294383552251384,0.0,1.0,0.0,"[5.489547808965047, 3.761216461658478, 8.298977176348368]","[0.0, 0.0, 0.0]","[0.0, 0.0, 0.0]"
DiagReachK3,180,W2,SR,shaped,raw,development_DiagReachK3_s180_W2_SR,3,1920,acceptance,8,8.529490848141723,8.529490848141723,0.0,1.0,0.0,"[6.342618107795715, 4.003138720989227, 9.351101160049438]","[0.0, 0.0, 0.0]","[0.0, 0.0, 0.0]"
DiagReachK3,180,W2,SR,shaped,raw,development_DiagReachK3_s180_W2_SR,4,2400,exploration,20,6.510785319157877,6.001424782224931,0.5093605369329453,0.15,0.3,"[4.533877688646316, 3.9269538074731827, 7.277371764183044]","[0.2, 0.1, 0.05]","[0.029110346521650045, 0.022050839204054616, 0.006553146362304685]"
DiagReachK3,180,W2,SR,shaped,raw,development_DiagReachK3_s180_W2_SR,4,2400,selection,12,8.62332906142498,8.456396890835215,0.16693217058976492,0.6666666666666666,0.3333333333333333,"[6.799398382504781, 4.2126192053159075, 10.009843826293945]","[0.3333333333333333, 0.0, 0.0]","[0.02991365251087008, 0.0, 0.0]"
DiagReachK3,180,W2,SR,shaped,raw,development_DiagReachK3_s180_W2_SR,4,2400,acceptance,8,8.608935820625629,8.608935820625629,0.0,1.0,0.0,"[6.428909540176392, 4.186267971992493, 9.620002508163452]","[0.0, 0.0, 0.0]","[0.0, 0.0, 0.0]"
DiagReachK3,180,W2,SR,shaped,raw,development_DiagReachK3_s180_W2_SR,5,2880,exploration,20,7.055785945633543,6.007938764074934,1.047847181558609,0.4,0.4,"[5.214889098703861, 4.17543717622757, 8.21456889808178]","[0.25, 0.2, 0.15]","[0.05354366302490234, 0.02897286781897911, 0.013866226196289067]"
DiagReachK3,180,W2,SR,shaped,raw,development_DiagReachK3_s180_W2_SR,5,2880,selection,12,8.650831887242385,8.585203795748143,0.06562809149424235,0.6666666666666666,0.3333333333333333,"[6.430559118588765, 4.304315825303395, 9.717764218648275]","[0.3333333333333333, 0.0, 0.0]","[0.01312561829884847, 0.0, 0.0]"
DiagReachK3,180,W2,SR,shaped,raw,development_DiagReachK3_s180_W2_SR,5,2880,acceptance,8,8.812044356006663,8.812044356006663,0.0,1.0,0.0,"[6.168574869632721, 4.717548847198486, 9.85833466053009]","[0.0, 0.0, 0.0]","[0.0, 0.0, 0.0]"
DiagReachK3,180,W2,SR,shaped,raw,development_DiagReachK3_s180_W2_SR,6,3360,exploration,20,7.030236802682047,6.068335987314349,0.9619008153676987,0.3,0.15,"[4.465350604057312, 4.621954983472824, 7.926369047164917]","[0.1, 0.15, 0.1]","[0.01419026170458112, 0.028242899821354795, 0.018234718322753907]"
DiagReachK3,180,W2,SR,shaped,raw,development_DiagReachK3_s180_W2_SR,6,3360,selection,12,8.788547680065191,8.788547680065191,0.0,1.0,0.0,"[5.635657588640849, 4.555238962173462, 9.17235016822815]","[0.0, 0.0, 0.0]","[0.0, 0.0, 0.0]"
DiagReachK3,180,W2,SR,shaped,raw,development_DiagReachK3_s180_W2_SR,6,3360,acceptance,8,9.008489701594225,9.008489701594225,0.0,1.0,0.0,"[5.503625869750977, 5.172388434410095, 9.631328105926514]","[0.0, 0.0, 0.0]","[0.0, 0.0, 0.0]"
DiagReachK3,180,W2,SR,shaped,raw,development_DiagReachK3_s180_W2_SR,7,3840,exploration,20,7.183415599993896,6.483711697987745,0.6997039020061493,0.4,0.3,"[4.601455307006836, 4.880434560775757, 8.256479501724243]","[0.1, 0.25, 0.05]","[0.005922116552080437, 0.054279246697059046, 0.01152084350585938]"
DiagReachK3,180,W2,SR,shaped,raw,development_DiagReachK3_s180_W2_SR,7,3840,selection,12,8.74469909989857,8.74469909989857,0.0,1.0,0.0,"[5.493797779083252, 4.553172667821248, 9.01907722155253]","[0.0, 0.0, 0.0]","[0.0, 0.0, 0.0]"
DiagReachK3,180,W2,SR,shaped,raw,development_DiagReachK3_s180_W2_SR,7,3840,acceptance,8,8.966292680520565,8.966292680520565,0.0,1.0,0.0,"[5.4096808433532715, 5.14194130897522, 9.5069899559021]","[0.0, 0.0, 0.0]","[0.0, 0.0, 0.0]"
DiagReachK3,180,W2,SR,shaped,raw,development_DiagReachK3_s180_W2_SR,8,4320,exploration,20,7.116942682369117,6.359932580097084,0.7570101022720337,0.35,0.3,"[4.5299455121159555, 4.668290221691132, 7.878115338087082]","[0.2, 0.1, 0.1]","[0.049242046901157924, 0.004027296946598935, 0.010436759948730468]"
DiagReachK3,180,W2,SR,shaped,raw,development_DiagReachK3_s180_W2_SR,8,4320,selection,12,8.880924234464569,8.880924234464569,0.0,1.0,0.0,"[5.0897732973098755, 5.169566750526428, 9.237131754557291]","[0.0, 0.0, 0.0]","[0.0, 0.0, 0.0]"
DiagReachK3,180,W2,SR,shaped,raw,development_DiagReachK3_s180_W2_SR,8,4320,acceptance,8,8.9581422810792,8.9581422810792,0.0,1.0,0.0,"[5.344461560249329, 5.552899241447449, 9.85761046409607]","[0.0, 0.0, 0.0]","[0.0, 0.0, 0.0]"
DiagReachK3,180,W2,SR,shaped,raw,development_DiagReachK3_s180_W2_SR,9,4800,exploration,20,7.278349982318469,4.727794574317522,2.550555408000946,0.35,0.35,"[5.1786657810211185, 4.668255907297135, 8.529451626539231]","[0.25, 0.15, 0.15]","[0.06951253073556084, 0.054751689617450416, 0.0289005012512207]"
DiagReachK3,180,W2,SR,shaped,raw,development_DiagReachK3_s180_W2_SR,9,4800,selection,12,8.772045457882147,8.772045457882147,0.0,1.0,0.0,"[5.258212169011434, 4.779673218727112, 8.994571288426718]","[0.0, 0.0, 0.0]","[0.0, 0.0, 0.0]"
DiagReachK3,180,W2,SR,shaped,raw,development_DiagReachK3_s180_W2_SR,9,4800,acceptance,8,8.97539069217164,8.97539069217164,0.0,1.0,0.0,"[5.442589521408081, 5.141660809516907, 9.518060207366943]","[0.0, 0.0, 0.0]","[0.0, 0.0, 0.0]"
DiagReachK3,180,W2,SR,shaped,raw,development_DiagReachK3_s180_W2_SR,10,5280,exploration,20,6.93822705762697,6.335157722404726,0.6030693352222443,0.3,0.4,"[4.979758334159851, 4.003305569291115, 7.870042312145233]","[0.25, 0.15, 0.05]","[0.04534951618739537, 0.018299022087684035, 0.004992744445800779]"
DiagReachK3,180,W2,SR,shaped,raw,development_DiagReachK3_s180_W2_SR,10,5280,selection,12,9.255812420659156,9.222732140832038,0.03308027982711792,0.6666666666666666,0.3333333333333333,"[5.8102876742680865, 5.7181886831919355, 10.451323827107748]","[0.25, 0.3333333333333333, 0.16666666666666666]","[0.0022055705388387046, 0.003564553383069158, 0.0008459409077962166]"
DiagReachK3,180,W2,SR,shaped,raw,development_DiagReachK3_s180_W2_SR,10,5280,acceptance,8,8.965163245069562,8.965163245069562,0.0,1.0,0.0,"[5.2073840498924255, 5.247885823249817, 9.369007110595703]","[0.0, 0.0, 0.0]","[0.0, 0.0, 0.0]"
DiagReachK3,180,W2,SR,shaped,raw,development_DiagReachK3_s180_W2_SR,11,5760,exploration,20,7.671860959961778,6.5929905740765395,1.0788703858852386,0.5,0.45,"[5.331188952922821, 5.241884577274322, 9.345002937316895]","[0.2, 0.3, 0.1]","[0.01763518878391811, 0.06593587581927961, 0.020096984863281254]"
DiagReachK3,180,W2,SR,shaped,raw,development_DiagReachK3_s180_W2_SR,11,5760,selection,12,8.608288980837642,8.608288980837642,0.0,1.0,0.0,"[4.731413781642914, 4.784790476163228, 8.460824092229208]","[0.0, 0.0, 0.0]","[0.0, 0.0, 0.0]"
DiagReachK3,180,W2,SR,shaped,raw,development_DiagReachK3_s180_W2_SR,11,5760,acceptance,8,8.996717334364075,8.996717334364075,0.0,1.0,0.0,"[4.861737847328186, 5.305302977561951, 9.081347703933716]","[0.0, 0.0, 0.0]","[0.0, 0.0, 0.0]"
DiagReachK3,180,W2,SR,shaped,raw,development_DiagReachK3_s180_W2_SR,12,6240,exploration,20,7.151721011963092,7.147239130106174,0.004481881856918335,0.6,0.05,"[3.9557716593146326, 4.523867070674896, 7.270441043376922]","[0.0, 0.05, 0.0]","[0.0, 0.0008963768298809293, 0.0]"
DiagReachK3,180,W2,SR,shaped,raw,development_DiagReachK3_s180_W2_SR,12,6240,selection,12,9.10162573282408,9.10162573282408,0.0,1.0,0.0,"[5.605296015739441, 5.4394108057022095, 9.984904289245605]","[0.0, 0.0, 0.0]","[0.0, 0.0, 0.0]"
DiagReachK3,180,W2,SR,shaped,raw,development_DiagReachK3_s180_W2_SR,12,6240,acceptance,8,9.11894259880064,9.11894259880064,0.0,1.0,0.0,"[5.701726615428925, 5.516951143741608, 10.14765465259552]","[0.0, 0.0, 0.0]","[0.0, 0.0, 0.0]"
DiagReachK3,180,W2,SR,shaped,raw,development_DiagReachK3_s180_W2_SR,13,6720,exploration,20,7.232891916290972,7.031815319315648,0.20107659697532654,0.35,0.25,"[5.222489660978317, 4.202744591236114, 8.258033549785614]","[0.15, 0.15, 0.1]","[0.012918492725917274, 0.013160342436570382, 0.0022655448913574184]"
DiagReachK3,180,W2,SR,shaped,raw,development_DiagReachK3_s180_W2_SR,13,6720,selection,12,9.362965218055372,9.362965218055372,0.0,1.0,0.0,"[6.21992027759552, 5.814637660980225, 11.006571610768637]","[0.0, 0.0, 0.0]","[0.0, 0.0, 0.0]"
DiagReachK3,180,W2,SR,shaped,raw,development_DiagReachK3_s180_W2_SR,13,6720,acceptance,8,9.340390813647536,9.340390813647536,0.0,1.0,0.0,"[6.130403935909271, 5.851820290088654, 10.940642833709717]","[0.0, 0.0, 0.0]","[0.0, 0.0, 0.0]"
DiagReachK3,180,W2,SR,shaped,raw,development_DiagReachK3_s180_W2_SR,14,7200,exploration,20,7.455210006488487,6.130883051706478,1.3243269547820091,0.35,0.3,"[4.673698955774308, 5.29005982875824, 8.660313951969147]","[0.2, 0.1, 0.15]","[0.060210881914411284, 0.028042778602013218, 0.009213653564453129]"
DiagReachK3,180,W2,SR,shaped,raw,development_DiagReachK3_s180_W2_SR,14,7200,selection,12,9.258183548382172,9.258183548382172,0.0,1.0,0.0,"[5.255484978357951, 6.226822257041931, 10.372690359751383]","[0.0, 0.0, 0.0]","[0.0, 0.0, 0.0]"
DiagReachK3,180,W2,SR,shaped,raw,development_DiagReachK3_s180_W2_SR,14,7200,acceptance,8,9.414595965959597,9.414595965959597,0.0,1.0,0.0,"[6.053022265434265, 6.147430896759033, 11.143145322799683]","[0.0, 0.0, 0.0]","[0.0, 0.0, 0.0]"
DiagReachK3,180,W2,SR,shaped,raw,development_DiagReachK3_s180_W2_SR,15,7680,exploration,20,8.079621850477997,7.078210159169975,1.0014116913080215,0.35,0.5,"[5.894398200511932, 5.510625565052033, 10.212008953094482]","[0.4, 0.25, 0.15]","[0.031002749715532584, 0.041169698421771705, 0.012943225860595698]"
DiagReachK3,180,W2,SR,shaped,raw,development_DiagReachK3_s180_W2_SR,15,7680,selection,12,9.303321913047695,9.303321913047695,0.0,1.0,0.0,"[5.65159273147583, 5.764456232388814, 10.370025475819906]","[0.0, 0.0, 0.0]","[0.0, 0.0, 0.0]"
DiagReachK3,180,W2,SR,shaped,raw,development_DiagReachK3_s180_W2_SR,15,7680,acceptance,8,9.40697098717792,9.40697098717792,0.0,1.0,0.0,"[6.071789741516113, 6.194708585739136, 11.202945947647095]","[0.0, 0.0, 0.0]","[0.0, 0.0, 0.0]"
DiagReachK3,180,W2,SR,shaped,raw,development_DiagReachK3_s180_W2_SR,16,8160,exploration,20,7.631610330248951,7.148924123550533,0.48268620669841766,0.35,0.25,"[5.393461918830871, 5.159130081534386, 9.253374099731445]","[0.15, 0.15, 0.15]","[0.009381808553423198, 0.01528965143057016, 0.0045693588256836]"
DiagReachK3,180,W2,SR,shaped,raw,development_DiagReachK3_s180_W2_SR,16,8160,selection,12,9.462493303480247,9.404075436852873,0.05841786662737528,0.6666666666666666,0.3333333333333333,"[6.0221565167109175, 6.438863158226013, 11.399463097254435]","[0.0, 0.3333333333333333, 0.0]","[0.0, 0.009803851445515951, 0.0]"
DiagReachK3,180,W2,SR,shaped,raw,development_DiagReachK3_s180_W2_SR,16,8160,acceptance,8,9.413275584834627,9.413275584834627,0.0,1.0,0.0,"[5.933650970458984, 6.2254263162612915, 11.104732036590576]","[0.0, 0.0, 0.0]","[0.0, 0.0, 0.0]"
DiagReachK3,180,W2,SR,shaped,raw,development_DiagReachK3_s180_W2_SR,17,8640,exploration,20,7.843603526933585,6.1099604719714256,1.7336430549621582,0.4,0.45,"[5.114368480443955, 5.6276000261306764, 9.525178170204162]","[0.15, 0.3, 0.15]","[0.03272237437111991, 0.07324910163879395, 0.016448204040527346]"
DiagReachK3,180,W2,SR,shaped,raw,development_DiagReachK3_s180_W2_SR,17,8640,selection,12,9.084115565096726,9.084115565096726,0.0,1.0,0.0,"[5.500250458717346, 5.34313549598058, 9.846036354700724]","[0.0, 0.0, 0.0]","[0.0, 0.0, 0.0]"
DiagReachK3,180,W2,SR,shaped,raw,development_DiagReachK3_s180_W2_SR,17,8640,acceptance,8,9.41796055517625,9.41796055517625,0.0,1.0,0.0,"[6.094981908798218, 6.218145370483398, 11.259605646133423]","[0.0, 0.0, 0.0]","[0.0, 0.0, 0.0]"
DiagReachK3,180,W2,SR,shaped,raw,development_DiagReachK3_s180_W2_SR,18,9120,exploration,20,7.5939120060188,5.85216099083249,1.7417510151863098,0.2,0.4,"[5.525717043876648, 5.659287357330323, 9.99229700565338]","[0.1, 0.3, 0.15]","[0.006753863607134136, 0.09836189196659968, 0.012878578186035161]"
DiagReachK3,180,W2,SR,shaped,raw,development_DiagReachK3_s180_W2_SR,18,9120,selection,12,9.24338002948789,9.24338002948789,0.0,1.0,0.0,"[6.238471508026123, 5.413758198420207, 10.623919804890951]","[0.0, 0.0, 0.0]","[0.0, 0.0, 0.0]"
DiagReachK3,180,W2,SR,shaped,raw,development_DiagReachK3_s180_W2_SR,18,9120,acceptance,8,9.404240666574331,9.404240666574331,0.0,1.0,0.0,"[6.396703839302063, 5.986138343811035, 11.330951929092407]","[0.0, 0.0, 0.0]","[0.0, 0.0, 0.0]"
DiagReachK3,180,W2,SR,shaped,raw,development_DiagReachK3_s180_W2_SR,19,9600,exploration,20,7.92075618396746,6.893905945525039,1.026850238442421,0.3,0.35,"[6.05681004524231, 5.264920294284821, 10.191492366790772]","[0.2, 0.15, 0.15]","[0.03874841417585101, 0.0165519640995906, 0.004861560821533206]"
DiagReachK3,180,W2,SR,shaped,raw,development_DiagReachK3_s180_W2_SR,19,9600,selection,12,9.188132017280441,9.188132017280441,0.0,1.0,0.0,"[5.910408775011699, 5.595618009567261, 10.454829454421997]","[0.0, 0.0, 0.0]","[0.0, 0.0, 0.0]"
DiagReachK3,180,W2,SR,shaped,raw,development_DiagReachK3_s180_W2_SR,19,9600,acceptance,8,9.449891646613832,9.449891646613832,0.0,1.0,0.0,"[6.55289363861084, 5.7724833488464355, 11.298928499221802]","[0.0, 0.0, 0.0]","[0.0, 0.0, 0.0]"
DiagReachK3,180,W2,SR,shaped,raw,development_DiagReachK3_s180_W2_SR,20,10080,exploration,20,7.67924160374001,6.773769757278716,0.9054718464612961,0.3,0.3,"[5.0989401042461395, 5.205901229381562, 9.149233031272889]","[0.2, 0.2, 0.15]","[0.01031683172498431, 0.03644209641676684, 0.011806205749511722]"
DiagReachK3,180,W2,SR,shaped,raw,development_DiagReachK3_s180_W2_SR,20,10080,selection,12,9.185317126173809,9.185317126173809,0.0,1.0,0.0,"[6.419132987658183, 5.221144318580627, 10.598157326380411]","[0.0, 0.0, 0.0]","[0.0, 0.0, 0.0]"
DiagReachK3,180,W2,SR,shaped,raw,development_DiagReachK3_s180_W2_SR,20,10080,acceptance,8,9.489811106937122,9.489811106937122,0.0,1.0,0.0,"[6.271493554115295, 5.910179018974304, 11.146553993225098]","[0.0, 0.0, 0.0]","[0.0, 0.0, 0.0]"
DiagReachK3,180,W2,SR,shaped,raw,development_DiagReachK3_s180_W2_SR,21,10560,exploration,20,7.6706176345003785,6.6258919183863325,1.0447257161140442,0.4,0.25,"[6.017346274852753, 4.441460996866226, 9.326415967941283]","[0.2, 0.1, 0.2]","[0.043858054706028514, 0.018392511514516974, 0.01882687759399413]"
DiagReachK3,180,W2,SR,shaped,raw,development_DiagReachK3_s180_W2_SR,21,10560,selection,12,9.177929420224972,9.177929420224972,0.0,1.0,0.0,"[5.8461326360702515, 5.4316762288411455, 10.261108875274658]","[0.0, 0.0, 0.0]","[0.0, 0.0, 0.0]"
DiagReachK3,180,W2,SR,shaped,raw,development_DiagReachK3_s180_W2_SR,21,10560,acceptance,8,9.441838886402548,9.441838886402548,0.0,1.0,0.0,"[6.66507887840271, 5.757724046707153, 11.388672113418579]","[0.0, 0.0, 0.0]","[0.0, 0.0, 0.0]"
DiagReachK3,180,W2,SR,shaped,raw,development_DiagReachK3_s180_W2_SR,22,11040,exploration,20,7.414375484839548,7.089053706184496,0.3253217786550522,0.55,0.2,"[5.325241196155548, 4.418812912702561, 8.660874009132385]","[0.2, 0.0, 0.05]","[0.035505213056291854, 0.0, 0.005758758544921872]"
DiagReachK3,180,W2,SR,shaped,raw,development_DiagReachK3_s180_W2_SR,22,11040,selection,12,9.614932470331162,9.586393418718943,0.02853905161221822,0.75,0.25,"[6.7214129368464155, 6.180418292681376, 11.844212849934896]","[0.16666666666666666, 0.08333333333333333, 0.08333333333333333]","[0.004707211539858869, 0.00035284727047651954, 0.000647754669189445]"
DiagReachK3,180,W2,SR,shaped,raw,development_DiagReachK3_s180_W2_SR,22,11040,acceptance,8,9.455466961744243,9.455466961744243,0.0,1.0,0.0,"[6.627615571022034, 5.779331922531128, 11.348834753036499]","[0.0, 0.0, 0.0]","[0.0, 0.0, 0.0]"
DiagReachK3,180,W2,SR,shaped,raw,development_DiagReachK3_s180_W2_SR,23,11520,exploration,20,7.629534164030337,6.560860955674434,1.0686732083559036,0.15,0.55,"[5.979787135124207, 5.050626063346863, 9.92843472957611]","[0.4, 0.3, 0.15]","[0.05494794164385114, 0.020487202130831217, 0.015115970611572271]"
DiagReachK3,180,W2,SR,shaped,raw,development_DiagReachK3_s180_W2_SR,23,11520,selection,12,9.393047611879227,9.393047611879227,0.0,1.0,0.0,"[6.269593795140584, 5.755820473035176, 10.970089753468832]","[0.0, 0.0, 0.0]","[0.0, 0.0, 0.0]"
DiagReachK3,180,W2,SR,shaped,raw,development_DiagReachK3_s180_W2_SR,23,11520,acceptance,8,9.494213445267452,9.494213445267452,0.0,1.0,0.0,"[6.517513871192932, 5.989607036113739, 11.450891613960266]","[0.0, 0.0, 0.0]","[0.0, 0.0, 0.0]"
DiagReachK3,180,W2,SR,shaped,raw,development_DiagReachK3_s180_W2_SR,24,12000,exploration,20,7.606748042914842,7.424342124078248,0.18240591883659363,0.45,0.2,"[5.561214208602905, 4.740460073947906, 9.117244505882264]","[0.15, 0.05, 0.0]","[0.008804256575448177, 0.0012490199162409898, 0.0]"
DiagReachK3,180,W2,SR,shaped,raw,development_DiagReachK3_s180_W2_SR,24,12000,selection,12,9.594455078297083,9.495473270667814,0.09898180762926738,0.4166666666666667,0.5833333333333334,"[6.430243412653605, 6.431293765703837, 11.795401811599731]","[0.16666666666666666, 0.5833333333333334, 0.3333333333333333]","[0.004299731481642958, 0.010265124149811585, 0.004118200937906898]"
DiagReachK3,180,W2,SR,shaped,raw,development_DiagReachK3_s180_W2_SR,24,12000,acceptance,8,9.511634005067755,9.511634005067755,0.0,1.0,0.0,"[6.2776511907577515, 6.07325005531311, 11.298938035964966]","[0.0, 0.0, 0.0]","[0.0, 0.0, 0.0]"
DiagReachK3,180,W2,SS,shaped,shaped,development_DiagReachK3_s180_W2_SS,0,480,exploration,20,3.995492234220728,3.810164734115824,0.18532750010490417,0.05,0.15,"[1.2264814153313637, 2.8878522530198096, 2.897287717461586]","[0.0, 0.15, 0.05]","[0.0, 0.012627634635338414, 0.0034752922058105427]"
DiagReachK3,180,W2,SS,shaped,shaped,development_DiagReachK3_s180_W2_SS,0,480,selection,12,4.361258044169517,4.361258044169517,0.0,0.0,0.0,"[0.7704618573188782, 1.4890869781374931, 1.6708193520704906]","[0.0, 0.0, 0.0]","[0.0, 0.0, 0.0]"
DiagReachK3,180,W2,SS,shaped,shaped,development_DiagReachK3_s180_W2_SS,0,480,acceptance,8,4.618351698959668,4.618351698959668,0.0,0.0,0.0,"[1.1238103359937668, 1.6619440354406834, 2.1447047516703606]","[0.0, 0.0, 0.0]","[0.0, 0.0, 0.0]"
DiagReachK3,180,W2,SS,shaped,shaped,development_DiagReachK3_s180_W2_SS,1,960,exploration,20,5.4875330593861875,5.371879321006709,0.11565373837947845,0.2,0.1,"[2.3469162434339523, 3.2861917495727537, 4.390116551518441]","[0.05, 0.05, 0.0]","[0.0030140944889613607, 0.00467030085050143, 0.0]"
DiagReachK3,180,W2,SS,shaped,shaped,development_DiagReachK3_s180_W2_SS,1,960,selection,12,7.420288492320832,7.420288492320832,0.0,0.6666666666666666,0.0,"[3.6810931861400604, 3.2478461265563965, 6.058656295140584]","[0.0, 0.0, 0.0]","[0.0, 0.0, 0.0]"
DiagReachK3,180,W2,SS,shaped,shaped,development_DiagReachK3_s180_W2_SS,1,960,acceptance,8,7.464579817539925,7.464579817539925,0.0,0.5,0.0,"[3.9691671431064606, 3.3193438351154327, 6.40090474486351]","[0.0, 0.0, 0.0]","[0.0, 0.0, 0.0]"
DiagReachK3,180,W2,SS,shaped,shaped,development_DiagReachK3_s180_W2_SS,2,1440,exploration,20,6.7665326383977655,6.101425283876013,0.6651073545217514,0.3,0.25,"[4.495903199911117, 3.8987576603889464, 7.250419855117798]","[0.15, 0.1, 0.1]","[0.029817737851824077, 0.016681282336895274, 0.00564870834350586]"
DiagReachK3,180,W2,SS,shaped,shaped,development_DiagReachK3_s180_W2_SS,2,1440,selection,12,8.545887902025909,8.31743581557724,0.22845208644866943,0.6666666666666666,0.3333333333333333,"[6.55680791536967, 4.182910939057668, 9.761882384618124]","[0.3333333333333333, 0.0, 0.0]","[0.03797296115330288, 0.0, 0.0]"
DiagReachK3,180,W2,SS,shaped,shaped,development_DiagReachK3_s180_W2_SS,2,1440,acceptance,8,8.495826028427109,8.495826028427109,0.0,1.0,0.0,"[5.866517245769501, 4.141255259513855, 9.025993466377258]","[0.0, 0.0, 0.0]","[0.0, 0.0, 0.0]"
DiagReachK3,180,W2,SS,shaped,shaped,development_DiagReachK3_s180_W2_SS,3,1920,exploration,20,6.797767075612209,5.367215710594318,1.430551365017891,0.3,0.2,"[5.1488637894392015, 3.335831940174103, 7.1505441725254055]","[0.15, 0.1, 0.1]","[0.06566237722124371, 0.0064947091616117, 0.027692504882812507]"
DiagReachK3,180,W2,SS,shaped,shaped,development_DiagReachK3_s180_W2_SS,3,1920,selection,12,8.294383552251384,8.294383552251384,0.0,1.0,0.0,"[5.489547808965047, 3.761216461658478, 8.298977176348368]","[0.0, 0.0, 0.0]","[0.0, 0.0, 0.0]"
DiagReachK3,180,W2,SS,shaped,shaped,development_DiagReachK3_s180_W2_SS,3,1920,acceptance,8,8.529490848141723,8.529490848141723,0.0,1.0,0.0,"[6.342618107795715, 4.003138720989227, 9.351101160049438]","[0.0, 0.0, 0.0]","[0.0, 0.0, 0.0]"
DiagReachK3,180,W2,SS,shaped,shaped,development_DiagReachK3_s180_W2_SS,4,2400,exploration,20,6.510785319157877,6.001424782224931,0.5093605369329453,0.15,0.3,"[4.533877688646316, 3.9269538074731827, 7.277371764183044]","[0.2, 0.1, 0.05]","[0.029110346521650045, 0.022050839204054616, 0.006553146362304685]"
DiagReachK3,180,W2,SS,shaped,shaped,development_DiagReachK3_s180_W2_SS,4,2400,selection,12,8.62332906142498,8.456396890835215,0.16693217058976492,0.6666666666666666,0.3333333333333333,"[6.799398382504781, 4.2126192053159075, 10.009843826293945]","[0.3333333333333333, 0.0, 0.0]","[0.02991365251087008, 0.0, 0.0]"
DiagReachK3,180,W2,SS,shaped,shaped,development_DiagReachK3_s180_W2_SS,4,2400,acceptance,8,8.608935820625629,8.608935820625629,0.0,1.0,0.0,"[6.428909540176392, 4.186267971992493, 9.620002508163452]","[0.0, 0.0, 0.0]","[0.0, 0.0, 0.0]"
DiagReachK3,180,W2,SS,shaped,shaped,development_DiagReachK3_s180_W2_SS,5,2880,exploration,20,7.055785945633543,6.007938764074934,1.047847181558609,0.4,0.4,"[5.214889098703861, 4.17543717622757, 8.21456889808178]","[0.25, 0.2, 0.15]","[0.05354366302490234, 0.02897286781897911, 0.013866226196289067]"
DiagReachK3,180,W2,SS,shaped,shaped,development_DiagReachK3_s180_W2_SS,5,2880,selection,12,8.650831887242385,8.585203795748143,0.06562809149424235,0.6666666666666666,0.3333333333333333,"[6.430559118588765, 4.304315825303395, 9.717764218648275]","[0.3333333333333333, 0.0, 0.0]","[0.01312561829884847, 0.0, 0.0]"
DiagReachK3,180,W2,SS,shaped,shaped,development_DiagReachK3_s180_W2_SS,5,2880,acceptance,8,8.812044356006663,8.812044356006663,0.0,1.0,0.0,"[6.168574869632721, 4.717548847198486, 9.85833466053009]","[0.0, 0.0, 0.0]","[0.0, 0.0, 0.0]"
DiagReachK3,180,W2,SS,shaped,shaped,development_DiagReachK3_s180_W2_SS,6,3360,exploration,20,7.030236802682047,6.068335987314349,0.9619008153676987,0.3,0.15,"[4.465350604057312, 4.621954983472824, 7.926369047164917]","[0.1, 0.15, 0.1]","[0.01419026170458112, 0.028242899821354795, 0.018234718322753907]"
DiagReachK3,180,W2,SS,shaped,shaped,development_DiagReachK3_s180_W2_SS,6,3360,selection,12,8.788547680065191,8.788547680065191,0.0,1.0,0.0,"[5.635657588640849, 4.555238962173462, 9.17235016822815]","[0.0, 0.0, 0.0]","[0.0, 0.0, 0.0]"
DiagReachK3,180,W2,SS,shaped,shaped,development_DiagReachK3_s180_W2_SS,6,3360,acceptance,8,9.008489701594225,9.008489701594225,0.0,1.0,0.0,"[5.503625869750977, 5.172388434410095, 9.631328105926514]","[0.0, 0.0, 0.0]","[0.0, 0.0, 0.0]"
DiagReachK3,180,W2,SS,shaped,shaped,development_DiagReachK3_s180_W2_SS,7,3840,exploration,20,7.183415599993896,6.483711697987745,0.6997039020061493,0.4,0.3,"[4.601455307006836, 4.880434560775757, 8.256479501724243]","[0.1, 0.25, 0.05]","[0.005922116552080437, 0.054279246697059046, 0.01152084350585938]"
DiagReachK3,180,W2,SS,shaped,shaped,development_DiagReachK3_s180_W2_SS,7,3840,selection,12,8.74469909989857,8.74469909989857,0.0,1.0,0.0,"[5.493797779083252, 4.553172667821248, 9.01907722155253]","[0.0, 0.0, 0.0]","[0.0, 0.0, 0.0]"
DiagReachK3,180,W2,SS,shaped,shaped,development_DiagReachK3_s180_W2_SS,7,3840,acceptance,8,8.966292680520565,8.966292680520565,0.0,1.0,0.0,"[5.4096808433532715, 5.14194130897522, 9.5069899559021]","[0.0, 0.0, 0.0]","[0.0, 0.0, 0.0]"
DiagReachK3,180,W2,SS,shaped,shaped,development_DiagReachK3_s180_W2_SS,8,4320,exploration,20,7.116942682369117,6.359932580097084,0.7570101022720337,0.35,0.3,"[4.5299455121159555, 4.668290221691132, 7.878115338087082]","[0.2, 0.1, 0.1]","[0.049242046901157924, 0.004027296946598935, 0.010436759948730468]"
DiagReachK3,180,W2,SS,shaped,shaped,development_DiagReachK3_s180_W2_SS,8,4320,selection,12,8.880924234464569,8.880924234464569,0.0,1.0,0.0,"[5.0897732973098755, 5.169566750526428, 9.237131754557291]","[0.0, 0.0, 0.0]","[0.0, 0.0, 0.0]"
DiagReachK3,180,W2,SS,shaped,shaped,development_DiagReachK3_s180_W2_SS,8,4320,acceptance,8,8.9581422810792,8.9581422810792,0.0,1.0,0.0,"[5.344461560249329, 5.552899241447449, 9.85761046409607]","[0.0, 0.0, 0.0]","[0.0, 0.0, 0.0]"
DiagReachK3,180,W2,SS,shaped,shaped,development_DiagReachK3_s180_W2_SS,9,4800,exploration,20,7.278349982318469,4.727794574317522,2.550555408000946,0.35,0.35,"[5.1786657810211185, 4.668255907297135, 8.529451626539231]","[0.25, 0.15, 0.15]","[0.06951253073556084, 0.054751689617450416, 0.0289005012512207]"
DiagReachK3,180,W2,SS,shaped,shaped,development_DiagReachK3_s180_W2_SS,9,4800,selection,12,8.772045457882147,8.772045457882147,0.0,1.0,0.0,"[5.258212169011434, 4.779673218727112, 8.994571288426718]","[0.0, 0.0, 0.0]","[0.0, 0.0, 0.0]"
DiagReachK3,180,W2,SS,shaped,shaped,development_DiagReachK3_s180_W2_SS,9,4800,acceptance,8,8.97539069217164,8.97539069217164,0.0,1.0,0.0,"[5.442589521408081, 5.141660809516907, 9.518060207366943]","[0.0, 0.0, 0.0]","[0.0, 0.0, 0.0]"
DiagReachK3,180,W2,SS,shaped,shaped,development_DiagReachK3_s180_W2_SS,10,5280,exploration,20,6.93822705762697,6.335157722404726,0.6030693352222443,0.3,0.4,"[4.979758334159851, 4.003305569291115, 7.870042312145233]","[0.25, 0.15, 0.05]","[0.04534951618739537, 0.018299022087684035, 0.004992744445800779]"
DiagReachK3,180,W2,SS,shaped,shaped,development_DiagReachK3_s180_W2_SS,10,5280,selection,12,9.255812420659156,9.222732140832038,0.03308027982711792,0.6666666666666666,0.3333333333333333,"[5.8102876742680865, 5.7181886831919355, 10.451323827107748]","[0.25, 0.3333333333333333, 0.16666666666666666]","[0.0022055705388387046, 0.003564553383069158, 0.0008459409077962166]"
DiagReachK3,180,W2,SS,shaped,shaped,development_DiagReachK3_s180_W2_SS,10,5280,acceptance,8,8.965163245069562,8.965163245069562,0.0,1.0,0.0,"[5.2073840498924255, 5.247885823249817, 9.369007110595703]","[0.0, 0.0, 0.0]","[0.0, 0.0, 0.0]"
DiagReachK3,180,W2,SS,shaped,shaped,development_DiagReachK3_s180_W2_SS,11,5760,exploration,20,7.671860959961778,6.5929905740765395,1.0788703858852386,0.5,0.45,"[5.331188952922821, 5.241884577274322, 9.345002937316895]","[0.2, 0.3, 0.1]","[0.01763518878391811, 0.06593587581927961, 0.020096984863281254]"
DiagReachK3,180,W2,SS,shaped,shaped,development_DiagReachK3_s180_W2_SS,11,5760,selection,12,8.608288980837642,8.608288980837642,0.0,1.0,0.0,"[4.731413781642914, 4.784790476163228, 8.460824092229208]","[0.0, 0.0, 0.0]","[0.0, 0.0, 0.0]"
DiagReachK3,180,W2,SS,shaped,shaped,development_DiagReachK3_s180_W2_SS,11,5760,acceptance,8,8.996717334364075,8.996717334364075,0.0,1.0,0.0,"[4.861737847328186, 5.305302977561951, 9.081347703933716]","[0.0, 0.0, 0.0]","[0.0, 0.0, 0.0]"
DiagReachK3,180,W2,SS,shaped,shaped,development_DiagReachK3_s180_W2_SS,12,6240,exploration,20,7.151721011963092,7.147239130106174,0.004481881856918335,0.6,0.05,"[3.9557716593146326, 4.523867070674896, 7.270441043376922]","[0.0, 0.05, 0.0]","[0.0, 0.0008963768298809293, 0.0]"
DiagReachK3,180,W2,SS,shaped,shaped,development_DiagReachK3_s180_W2_SS,12,6240,selection,12,9.10162573282408,9.10162573282408,0.0,1.0,0.0,"[5.605296015739441, 5.4394108057022095, 9.984904289245605]","[0.0, 0.0, 0.0]","[0.0, 0.0, 0.0]"
DiagReachK3,180,W2,SS,shaped,shaped,development_DiagReachK3_s180_W2_SS,12,6240,acceptance,8,9.11894259880064,9.11894259880064,0.0,1.0,0.0,"[5.701726615428925, 5.516951143741608, 10.14765465259552]","[0.0, 0.0, 0.0]","[0.0, 0.0, 0.0]"
DiagReachK3,180,W2,SS,shaped,shaped,development_DiagReachK3_s180_W2_SS,13,6720,exploration,20,7.232891916290972,7.031815319315648,0.20107659697532654,0.35,0.25,"[5.222489660978317, 4.202744591236114, 8.258033549785614]","[0.15, 0.15, 0.1]","[0.012918492725917274, 0.013160342436570382, 0.0022655448913574184]"
DiagReachK3,180,W2,SS,shaped,shaped,development_DiagReachK3_s180_W2_SS,13,6720,selection,12,9.362965218055372,9.362965218055372,0.0,1.0,0.0,"[6.21992027759552, 5.814637660980225, 11.006571610768637]","[0.0, 0.0, 0.0]","[0.0, 0.0, 0.0]"
DiagReachK3,180,W2,SS,shaped,shaped,development_DiagReachK3_s180_W2_SS,13,6720,acceptance,8,9.340390813647536,9.340390813647536,0.0,1.0,0.0,"[6.130403935909271, 5.851820290088654, 10.940642833709717]","[0.0, 0.0, 0.0]","[0.0, 0.0, 0.0]"
DiagReachK3,180,W2,SS,shaped,shaped,development_DiagReachK3_s180_W2_SS,14,7200,exploration,20,7.455210006488487,6.130883051706478,1.3243269547820091,0.35,0.3,"[4.673698955774308, 5.29005982875824, 8.660313951969147]","[0.2, 0.1, 0.15]","[0.060210881914411284, 0.028042778602013218, 0.009213653564453129]"
DiagReachK3,180,W2,SS,shaped,shaped,development_DiagReachK3_s180_W2_SS,14,7200,selection,12,9.258183548382172,9.258183548382172,0.0,1.0,0.0,"[5.255484978357951, 6.226822257041931, 10.372690359751383]","[0.0, 0.0, 0.0]","[0.0, 0.0, 0.0]"
DiagReachK3,180,W2,SS,shaped,shaped,development_DiagReachK3_s180_W2_SS,14,7200,acceptance,8,9.414595965959597,9.414595965959597,0.0,1.0,0.0,"[6.053022265434265, 6.147430896759033, 11.143145322799683]","[0.0, 0.0, 0.0]","[0.0, 0.0, 0.0]"
DiagReachK3,180,W2,SS,shaped,shaped,development_DiagReachK3_s180_W2_SS,15,7680,exploration,20,8.079621850477997,7.078210159169975,1.0014116913080215,0.35,0.5,"[5.894398200511932, 5.510625565052033, 10.212008953094482]","[0.4, 0.25, 0.15]","[0.031002749715532584, 0.041169698421771705, 0.012943225860595698]"
DiagReachK3,180,W2,SS,shaped,shaped,development_DiagReachK3_s180_W2_SS,15,7680,selection,12,9.303321913047695,9.303321913047695,0.0,1.0,0.0,"[5.65159273147583, 5.764456232388814, 10.370025475819906]","[0.0, 0.0, 0.0]","[0.0, 0.0, 0.0]"
DiagReachK3,180,W2,SS,shaped,shaped,development_DiagReachK3_s180_W2_SS,15,7680,acceptance,8,9.40697098717792,9.40697098717792,0.0,1.0,0.0,"[6.071789741516113, 6.194708585739136, 11.202945947647095]","[0.0, 0.0, 0.0]","[0.0, 0.0, 0.0]"
DiagReachK3,180,W2,SS,shaped,shaped,development_DiagReachK3_s180_W2_SS,16,8160,exploration,20,7.631610330248951,7.148924123550533,0.48268620669841766,0.35,0.25,"[5.393461918830871, 5.159130081534386, 9.253374099731445]","[0.15, 0.15, 0.15]","[0.009381808553423198, 0.01528965143057016, 0.0045693588256836]"
DiagReachK3,180,W2,SS,shaped,shaped,development_DiagReachK3_s180_W2_SS,16,8160,selection,12,9.462493303480247,9.404075436852873,0.05841786662737528,0.6666666666666666,0.3333333333333333,"[6.0221565167109175, 6.438863158226013, 11.399463097254435]","[0.0, 0.3333333333333333, 0.0]","[0.0, 0.009803851445515951, 0.0]"
DiagReachK3,180,W2,SS,shaped,shaped,development_DiagReachK3_s180_W2_SS,16,8160,acceptance,8,9.413275584834627,9.413275584834627,0.0,1.0,0.0,"[5.933650970458984, 6.2254263162612915, 11.104732036590576]","[0.0, 0.0, 0.0]","[0.0, 0.0, 0.0]"
DiagReachK3,180,W2,SS,shaped,shaped,development_DiagReachK3_s180_W2_SS,17,8640,exploration,20,7.843603526933585,6.1099604719714256,1.7336430549621582,0.4,0.45,"[5.114368480443955, 5.6276000261306764, 9.525178170204162]","[0.15, 0.3, 0.15]","[0.03272237437111991, 0.07324910163879395, 0.016448204040527346]"
DiagReachK3,180,W2,SS,shaped,shaped,development_DiagReachK3_s180_W2_SS,17,8640,selection,12,9.084115565096726,9.084115565096726,0.0,1.0,0.0,"[5.500250458717346, 5.34313549598058, 9.846036354700724]","[0.0, 0.0, 0.0]","[0.0, 0.0, 0.0]"
DiagReachK3,180,W2,SS,shaped,shaped,development_DiagReachK3_s180_W2_SS,17,8640,acceptance,8,9.41796055517625,9.41796055517625,0.0,1.0,0.0,"[6.094981908798218, 6.218145370483398, 11.259605646133423]","[0.0, 0.0, 0.0]","[0.0, 0.0, 0.0]"
DiagReachK3,180,W2,SS,shaped,shaped,development_DiagReachK3_s180_W2_SS,18,9120,exploration,20,7.5939120060188,5.85216099083249,1.7417510151863098,0.2,0.4,"[5.525717043876648, 5.659287357330323, 9.99229700565338]","[0.1, 0.3, 0.15]","[0.006753863607134136, 0.09836189196659968, 0.012878578186035161]"
DiagReachK3,180,W2,SS,shaped,shaped,development_DiagReachK3_s180_W2_SS,18,9120,selection,12,9.24338002948789,9.24338002948789,0.0,1.0,0.0,"[6.238471508026123, 5.413758198420207, 10.623919804890951]","[0.0, 0.0, 0.0]","[0.0, 0.0, 0.0]"
DiagReachK3,180,W2,SS,shaped,shaped,development_DiagReachK3_s180_W2_SS,18,9120,acceptance,8,9.404240666574331,9.404240666574331,0.0,1.0,0.0,"[6.396703839302063, 5.986138343811035, 11.330951929092407]","[0.0, 0.0, 0.0]","[0.0, 0.0, 0.0]"
DiagReachK3,180,W2,SS,shaped,shaped,development_DiagReachK3_s180_W2_SS,19,9600,exploration,20,7.92075618396746,6.893905945525039,1.026850238442421,0.3,0.35,"[6.05681004524231, 5.264920294284821, 10.191492366790772]","[0.2, 0.15, 0.15]","[0.03874841417585101, 0.0165519640995906, 0.004861560821533206]"
DiagReachK3,180,W2,SS,shaped,shaped,development_DiagReachK3_s180_W2_SS,19,9600,selection,12,9.188132017280441,9.188132017280441,0.0,1.0,0.0,"[5.910408775011699, 5.595618009567261, 10.454829454421997]","[0.0, 0.0, 0.0]","[0.0, 0.0, 0.0]"
DiagReachK3,180,W2,SS,shaped,shaped,development_DiagReachK3_s180_W2_SS,19,9600,acceptance,8,9.449891646613832,9.449891646613832,0.0,1.0,0.0,"[6.55289363861084, 5.7724833488464355, 11.298928499221802]","[0.0, 0.0, 0.0]","[0.0, 0.0, 0.0]"
DiagReachK3,180,W2,SS,shaped,shaped,development_DiagReachK3_s180_W2_SS,20,10080,exploration,20,7.67924160374001,6.773769757278716,0.9054718464612961,0.3,0.3,"[5.0989401042461395, 5.205901229381562, 9.149233031272889]","[0.2, 0.2, 0.15]","[0.01031683172498431, 0.03644209641676684, 0.011806205749511722]"
DiagReachK3,180,W2,SS,shaped,shaped,development_DiagReachK3_s180_W2_SS,20,10080,selection,12,9.185317126173809,9.185317126173809,0.0,1.0,0.0,"[6.419132987658183, 5.221144318580627, 10.598157326380411]","[0.0, 0.0, 0.0]","[0.0, 0.0, 0.0]"
DiagReachK3,180,W2,SS,shaped,shaped,development_DiagReachK3_s180_W2_SS,20,10080,acceptance,8,9.489811106937122,9.489811106937122,0.0,1.0,0.0,"[6.271493554115295, 5.910179018974304, 11.146553993225098]","[0.0, 0.0, 0.0]","[0.0, 0.0, 0.0]"
DiagReachK3,180,W2,SS,shaped,shaped,development_DiagReachK3_s180_W2_SS,21,10560,exploration,20,7.6706176345003785,6.6258919183863325,1.0447257161140442,0.4,0.25,"[6.017346274852753, 4.441460996866226, 9.326415967941283]","[0.2, 0.1, 0.2]","[0.043858054706028514, 0.018392511514516974, 0.01882687759399413]"
DiagReachK3,180,W2,SS,shaped,shaped,development_DiagReachK3_s180_W2_SS,21,10560,selection,12,9.177929420224972,9.177929420224972,0.0,1.0,0.0,"[5.8461326360702515, 5.4316762288411455, 10.261108875274658]","[0.0, 0.0, 0.0]","[0.0, 0.0, 0.0]"
DiagReachK3,180,W2,SS,shaped,shaped,development_DiagReachK3_s180_W2_SS,21,10560,acceptance,8,9.441838886402548,9.441838886402548,0.0,1.0,0.0,"[6.66507887840271, 5.757724046707153, 11.388672113418579]","[0.0, 0.0, 0.0]","[0.0, 0.0, 0.0]"
DiagReachK3,180,W2,SS,shaped,shaped,development_DiagReachK3_s180_W2_SS,22,11040,exploration,20,7.414375484839548,7.089053706184496,0.3253217786550522,0.55,0.2,"[5.325241196155548, 4.418812912702561, 8.660874009132385]","[0.2, 0.0, 0.05]","[0.035505213056291854, 0.0, 0.005758758544921872]"
DiagReachK3,180,W2,SS,shaped,shaped,development_DiagReachK3_s180_W2_SS,22,11040,selection,12,9.614932470331162,9.586393418718943,0.02853905161221822,0.75,0.25,"[6.7214129368464155, 6.180418292681376, 11.844212849934896]","[0.16666666666666666, 0.08333333333333333, 0.08333333333333333]","[0.004707211539858869, 0.00035284727047651954, 0.000647754669189445]"
DiagReachK3,180,W2,SS,shaped,shaped,development_DiagReachK3_s180_W2_SS,22,11040,acceptance,8,9.455466961744243,9.455466961744243,0.0,1.0,0.0,"[6.627615571022034, 5.779331922531128, 11.348834753036499]","[0.0, 0.0, 0.0]","[0.0, 0.0, 0.0]"
DiagReachK3,180,W2,SS,shaped,shaped,development_DiagReachK3_s180_W2_SS,23,11520,exploration,20,7.629534164030337,6.560860955674434,1.0686732083559036,0.15,0.55,"[5.979787135124207, 5.050626063346863, 9.92843472957611]","[0.4, 0.3, 0.15]","[0.05494794164385114, 0.020487202130831217, 0.015115970611572271]"
DiagReachK3,180,W2,SS,shaped,shaped,development_DiagReachK3_s180_W2_SS,23,11520,selection,12,9.393047611879227,9.393047611879227,0.0,1.0,0.0,"[6.269593795140584, 5.755820473035176, 10.970089753468832]","[0.0, 0.0, 0.0]","[0.0, 0.0, 0.0]"
DiagReachK3,180,W2,SS,shaped,shaped,development_DiagReachK3_s180_W2_SS,23,11520,acceptance,8,9.494213445267452,9.494213445267452,0.0,1.0,0.0,"[6.517513871192932, 5.989607036113739, 11.450891613960266]","[0.0, 0.0, 0.0]","[0.0, 0.0, 0.0]"
DiagReachK3,180,W2,SS,shaped,shaped,development_DiagReachK3_s180_W2_SS,24,12000,exploration,20,7.606748042914842,7.424342124078248,0.18240591883659363,0.45,0.2,"[5.561214208602905, 4.740460073947906, 9.117244505882264]","[0.15, 0.05, 0.0]","[0.008804256575448177, 0.0012490199162409898, 0.0]"
DiagReachK3,180,W2,SS,shaped,shaped,development_DiagReachK3_s180_W2_SS,24,12000,selection,12,9.594455078297083,9.495473270667814,0.09898180762926738,0.4166666666666667,0.5833333333333334,"[6.430243412653605, 6.431293765703837, 11.795401811599731]","[0.16666666666666666, 0.5833333333333334, 0.3333333333333333]","[0.004299731481642958, 0.010265124149811585, 0.004118200937906898]"
DiagReachK3,180,W2,SS,shaped,shaped,development_DiagReachK3_s180_W2_SS,24,12000,acceptance,8,9.511634005067755,9.511634005067755,0.0,1.0,0.0,"[6.2776511907577515, 6.07325005531311, 11.298938035964966]","[0.0, 0.0, 0.0]","[0.0, 0.0, 0.0]"
DiagReachK3,186,KL,RR,raw,raw,development_DiagReachK3_s186_KL_RR,0,480,exploration,20,4.997135980804524,4.105929120262227,0.8912068605422974,0.1,0.4,"[5.58738404661417, 1.173620080947876, 4.714179801940918]","[0.4, 0.0, 0.0]","[0.08042649882180351, 0.0, 0.0]"
DiagReachK3,186,KL,RR,raw,raw,development_DiagReachK3_s186_KL_RR,0,480,selection,12,6.144563779040861,6.144563779040861,0.0,0.0,0.0,"[6.144098162651062, 0.44434861838817596, 4.653342763582866]","[0.0, 0.0, 0.0]","[0.0, 0.0, 0.0]"
DiagReachK3,186,KL,RR,raw,raw,development_DiagReachK3_s186_KL_RR,0,480,acceptance,8,6.209490127186291,6.209490127186291,0.0,0.0,0.0,"[5.900539577007294, 0.6631163656711578, 4.56409078836441]","[0.0, 0.0, 0.0]","[0.0, 0.0, 0.0]"
DiagReachK3,186,KL,RR,raw,raw,development_DiagReachK3_s186_KL_RR,1,960,exploration,20,5.446009807473747,4.962791882640449,0.48321792483329773,0.2,0.25,"[4.7903139114379885, 2.3940582811832427, 5.922367733716965]","[0.2, 0.05, 0.05]","[0.0345853328704834, 0.008765051915095402, 0.0011367492675781298]"
DiagReachK3,186,KL,RR,raw,raw,development_DiagReachK3_s186_KL_RR,1,960,selection,12,7.959924531398184,7.762141940412886,0.19778259098529816,0.08333333333333333,0.6666666666666666,"[7.142093777656555, 1.8774510025978088, 7.835959831873576]","[0.6666666666666666, 0.0, 0.0]","[0.035154098556155255, 0.0, 0.0]"
DiagReachK3,186,KL,RR,raw,raw,development_DiagReachK3_s186_KL_RR,1,960,acceptance,8,7.370809557219036,7.370809557219036,0.0,0.0,0.0,"[6.384622573852539, 1.35848867893219, 6.545865535736084]","[0.0, 0.0, 0.0]","[0.0, 0.0, 0.0]"
DiagReachK3,186,KL,RR,raw,raw,development_DiagReachK3_s186_KL_RR,2,1440,exploration,20,5.630402281873394,4.831422716372181,0.7989795655012131,0.15,0.3,"[5.050079554319382, 2.0617503002285957, 5.752022162079811]","[0.3, 0.0, 0.1]","[0.058985393387930726, 0.0, 0.007777820587158202]"
DiagReachK3,186,KL,RR,raw,raw,development_DiagReachK3_s186_KL_RR,2,1440,selection,12,8.14178075271775,7.662962807992396,0.4788179447253545,0.4166666666666667,0.3333333333333333,"[7.009182890256246, 2.3983004788557687, 8.293523271878561]","[0.3333333333333333, 0.0, 0.0]","[0.05635382447923933, 0.0, 0.0]"
DiagReachK3,186,KL,RR,raw,raw,development_DiagReachK3_s186_KL_RR,2,1440,acceptance,8,7.957295730206534,7.957295730206534,0.0,0.5,0.0,"[6.1610647439956665, 2.2233680337667465, 7.288434624671936]","[0.0, 0.0, 0.0]","[0.0, 0.0, 0.0]"
DiagReachK3,186,KL,RR,raw,raw,development_DiagReachK3_s186_KL_RR,3,1920,exploration,20,6.085940591179533,5.648755646430654,0.4371849447488785,0.35,0.2,"[4.027746613323688, 3.7174905061721804, 6.5842905849218365]","[0.1, 0.15, 0.05]","[0.007872193200247634, 0.034307454182551454, 0.010246871948242187]"
DiagReachK3,186,KL,RR,raw,raw,development_DiagReachK3_s186_KL_RR,3,1920,selection,12,8.97862757445376,8.868754210084687,0.10987336436907451,0.4166666666666667,0.5833333333333334,"[6.789240876833598, 4.0069553057352705, 9.800289948781332]","[0.5833333333333334, 0.0, 0.0]","[0.020910336857750327, 0.0, 0.0]"
DiagReachK3,186,KL,RR,raw,raw,development_DiagReachK3_s186_KL_RR,3,1920,acceptance,8,8.44732996808598,8.44732996808598,0.0,1.0,0.0,"[6.001196265220642, 3.1144455671310425, 8.119290828704834]","[0.0, 0.0, 0.0]","[0.0, 0.0, 0.0]"
DiagReachK3,186,KL,RR,raw,raw,development_DiagReachK3_s186_KL_RR,4,2400,exploration,20,6.406130852644566,5.397718998139026,1.008411854505539,0.4,0.3,"[4.804645389318466, 3.3509320214390756, 6.707678103446961]","[0.25, 0.1, 0.15]","[0.06784187044416155, 0.012623339432936453, 0.011207717895507808]"
DiagReachK3,186,KL,RR,raw,raw,development_DiagReachK3_s186_KL_RR,4,2400,selection,12,8.81485009120855,8.705197735895249,0.10965235531330109,0.6666666666666666,0.3333333333333333,"[6.157399972279866, 4.121047675609589, 9.282744646072388]","[0.3333333333333333, 0.0, 0.0]","[0.01925541105724519, 0.0, 0.0]"
DiagReachK3,186,KL,RR,raw,raw,development_DiagReachK3_s186_KL_RR,4,2400,acceptance,8,8.639864257868613,8.639864257868613,0.0,1.0,0.0,"[5.667700886726379, 4.098945170640945, 8.761035203933716]","[0.0, 0.0, 0.0]","[0.0, 0.0, 0.0]"
DiagReachK3,186,KL,RR,raw,raw,development_DiagReachK3_s186_KL_RR,5,2880,exploration,20,6.948423212643247,6.715205660338979,0.23321755230426788,0.4,0.25,"[4.713273644447327, 4.86655889749527, 8.416446828842163]","[0.05, 0.2, 0.0]","[0.007524340493338444, 0.019654141939603364, 0.0]"
DiagReachK3,186,KL,RR,raw,raw,development_DiagReachK3_s186_KL_RR,5,2880,selection,12,9.09817999523172,9.090288985980441,0.007891009251276651,0.9166666666666666,0.08333333333333333,"[5.91860818862915, 5.0806005001068115, 9.994460264841715]","[0.08333333333333333, 0.0, 0.0]","[0.0015782061077299625, 0.0, 0.0]"
DiagReachK3,186,KL,RR,raw,raw,development_DiagReachK3_s186_KL_RR,5,2880,acceptance,8,8.982677871028136,8.982677871028136,0.0,1.0,0.0,"[5.508570909500122, 5.269094347953796, 9.774447560310364]","[0.0, 0.0, 0.0]","[0.0, 0.0, 0.0]"
DiagReachK3,186,KL,RR,raw,raw,development_DiagReachK3_s186_KL_RR,6,3360,exploration,20,7.186753600172233,6.94455058806343,0.2422030121088028,0.35,0.25,"[4.933081388473511, 4.338830953836441, 8.172482538223267]","[0.1, 0.15, 0.0]","[0.01838921819414412, 0.009966608194204484, 0.0]"
DiagReachK3,186,KL,RR,raw,raw,development_DiagReachK3_s186_KL_RR,6,3360,selection,12,9.300036108011165,9.300036108011165,0.0,1.0,0.0,"[6.201232711474101, 5.8677165905634565, 11.048155148824057]","[0.0, 0.0, 0.0]","[0.0, 0.0, 0.0]"
DiagReachK3,186,KL,RR,raw,raw,development_DiagReachK3_s186_KL_RR,6,3360,acceptance,8,9.350722149512148,9.350722149512148,0.0,1.0,0.0,"[6.093397319316864, 5.901578724384308, 10.944786787033081]","[0.0, 0.0, 0.0]","[0.0, 0.0, 0.0]"
DiagReachK3,186,KL,RR,raw,raw,development_DiagReachK3_s186_KL_RR,7,3840,exploration,20,8.210309349317104,6.566147677917033,1.6441616714000702,0.3,0.55,"[5.712035512924194, 6.10940328836441, 10.647480630874634]","[0.25, 0.5, 0.3]","[0.023771558489118317, 0.08175225624671348, 0.02621418762207033]"
DiagReachK3,186,KL,RR,raw,raw,development_DiagReachK3_s186_KL_RR,7,3840,selection,12,9.448110547796599,9.448110547796599,0.0,1.0,0.0,"[6.300813396771749, 6.01580015818278, 11.241117795308432]","[0.0, 0.0, 0.0]","[0.0, 0.0, 0.0]"
DiagReachK3,186,KL,RR,raw,raw,development_DiagReachK3_s186_KL_RR,7,3840,acceptance,8,9.51295050389017,9.48519485599245,0.027755647897720337,0.75,0.25,"[6.347339749336243, 6.40803450345993, 11.662201166152954]","[0.0, 0.25, 0.0]","[0.0, 0.005551127287057728, 0.0]"
DiagReachK3,186,KL,RR,raw,raw,development_DiagReachK3_s186_KL_RR,8,4320,exploration,20,8.138195655541494,4.875074244337157,3.263121411204338,0.2,0.6,"[6.601062369346619, 5.842207193374634, 11.337803936004638]","[0.45, 0.4, 0.4]","[0.0757104056222098, 0.10486589945279637, 0.06647171020507811]"
DiagReachK3,186,KL,RR,raw,raw,development_DiagReachK3_s186_KL_RR,8,4320,selection,12,9.186857367618579,9.13362162814905,0.0532357394695282,0.6666666666666666,0.3333333333333333,"[6.0587919155756635, 5.630428194999695, 10.634368896484375]","[0.0, 0.3333333333333333, 0.0]","[0.0, 0.010348264987652142, 0.0]"
DiagReachK3,186,KL,RR,raw,raw,development_DiagReachK3_s186_KL_RR,8,4320,acceptance,8,9.504068401196854,9.504068401196854,0.0,1.0,0.0,"[6.36087691783905, 6.135190367698669, 11.426423072814941]","[0.0, 0.0, 0.0]","[0.0, 0.0, 0.0]"
DiagReachK3,186,KL,RR,raw,raw,development_DiagReachK3_s186_KL_RR,9,4800,exploration,20,8.12663193919987,4.383534224120085,3.7430977150797844,0.4,0.45,"[6.091856217384338, 6.479137873649597, 11.424114322662353]","[0.3, 0.35, 0.35]","[0.09291701316833496, 0.1251927082355206, 0.08473225784301756]"
DiagReachK3,186,KL,RR,raw,raw,development_DiagReachK3_s186_KL_RR,9,4800,selection,12,9.135353417640124,9.135353417640124,0.0,1.0,0.0,"[5.793519735336304, 5.529324372609456, 10.278393030166626]","[0.0, 0.0, 0.0]","[0.0, 0.0, 0.0]"
DiagReachK3,186,KL,RR,raw,raw,development_DiagReachK3_s186_KL_RR,9,4800,acceptance,8,9.589171745470958,9.589171745470958,0.0,1.0,0.0,"[6.589143097400665, 6.315995156764984, 11.807505369186401]","[0.0, 0.0, 0.0]","[0.0, 0.0, 0.0]"
DiagReachK3,186,KL,RR,raw,raw,development_DiagReachK3_s186_KL_RR,10,5280,exploration,20,7.847651961972007,6.4500403290288535,1.3976116329431534,0.25,0.4,"[5.970489144325256, 5.085055196285248, 9.93446855545044]","[0.4, 0.15, 0.25]","[0.05181403160095216, 0.02496131750253531, 0.027802349090576172]"
DiagReachK3,186,KL,RR,raw,raw,development_DiagReachK3_s186_KL_RR,10,5280,selection,12,9.441786129535993,9.242271228891374,0.19951490064462027,0.6666666666666666,0.3333333333333333,"[6.508208711942037, 5.883756200472514, 11.30599570274353]","[0.3333333333333333, 0.0, 0.3333333333333333]","[0.023821246056329626, 0.0, 0.008215401967366531]"
DiagReachK3,186,KL,RR,raw,raw,development_DiagReachK3_s186_KL_RR,10,5280,acceptance,8,9.612296887577395,9.612296887577395,0.0,1.0,0.0,"[6.687617897987366, 6.266591548919678, 11.857099056243896]","[0.0, 0.0, 0.0]","[0.0, 0.0, 0.0]"
DiagReachK3,186,KL,RR,raw,raw,development_DiagReachK3_s186_KL_RR,11,5760,exploration,20,8.046795629851403,7.142721586815895,0.9040740430355072,0.2,0.45,"[6.150014758110046, 5.3798338055610655, 10.373507165908814]","[0.35, 0.3, 0.25]","[0.04341488565717424, 0.025235909682053782, 0.02248635864257812]"
DiagReachK3,186,KL,RR,raw,raw,development_DiagReachK3_s186_KL_RR,11,5760,selection,12,9.638445855298324,9.380207216857555,0.25823863844076794,0.6666666666666666,0.3333333333333333,"[6.66307286421458, 6.2735055685043335, 11.844019412994385]","[0.08333333333333333, 0.3333333333333333, 0.3333333333333333]","[0.0002491814749581526, 0.025948316623003065, 0.009743315378824871]"
DiagReachK3,186,KL,RR,raw,raw,development_DiagReachK3_s186_KL_RR,11,5760,acceptance,8,9.586568624229404,9.586568624229404,0.0,1.0,0.0,"[6.6307573318481445, 6.213754415512085, 11.750259160995483]","[0.0, 0.0, 0.0]","[0.0, 0.0, 0.0]"
DiagReachK3,186,KL,RR,raw,raw,development_DiagReachK3_s186_KL_RR,12,6240,exploration,20,8.021609775901307,6.121912829757202,1.899696946144104,0.4,0.4,"[5.484960016608238, 6.10954042673111, 10.407835137844085]","[0.15, 0.35, 0.3]","[0.02259207112448556, 0.08233794432419997, 0.029586078643798842]"
DiagReachK3,186,KL,RR,raw,raw,development_DiagReachK3_s186_KL_RR,12,6240,selection,12,9.625533422550749,9.38133883051196,0.24419459203879038,0.6666666666666666,0.3333333333333333,"[6.89371641476949, 6.076156298319499, 11.875669240951538]","[0.3333333333333333, 0.08333333333333333, 0.3333333333333333]","[0.02765762238275436, 0.0008559777186467055, 0.011337687174479175]"
DiagReachK3,186,KL,RR,raw,raw,development_DiagReachK3_s186_KL_RR,12,6240,acceptance,8,9.56690200919984,9.56690200919984,0.0,1.0,0.0,"[6.662013292312622, 6.234763979911804, 11.799484014511108]","[0.0, 0.0, 0.0]","[0.0, 0.0, 0.0]"
DiagReachK3,186,KL,RR,raw,raw,development_DiagReachK3_s186_KL_RR,13,6720,exploration,20,8.186790543011448,5.750708373597882,2.4360821694135666,0.25,0.6,"[6.504059833288193, 5.640499219298363, 10.977431654930115]","[0.4, 0.35, 0.35]","[0.05614525250026159, 0.08467062069819524, 0.04624682998657228]"
DiagReachK3,186,KL,RR,raw,raw,development_DiagReachK3_s186_KL_RR,13,6720,selection,12,9.507086435590706,9.337639718884748,0.16944671670595804,0.6666666666666666,0.3333333333333333,"[6.642463008562724, 5.925090074539185, 11.492573181788126]","[0.0, 0.3333333333333333, 0.25]","[0.0, 0.0217450765463022, 0.004293638865152993]"
DiagReachK3,186,KL,RR,raw,raw,development_DiagReachK3_s186_KL_RR,13,6720,acceptance,8,9.60463272499619,9.60463272499619,0.0,1.0,0.0,"[6.531447887420654, 6.1278769969940186, 11.562027215957642]","[0.0, 0.0, 0.0]","[0.0, 0.0, 0.0]"
DiagReachK3,186,KL,RR,raw,raw,development_DiagReachK3_s186_KL_RR,14,7200,exploration,20,7.722290803869255,6.527089168508537,1.1952016353607178,0.5,0.3,"[5.708467793464661, 4.875242215394974, 9.46100982427597]","[0.2, 0.15, 0.15]","[0.03550797189985002, 0.0447266908792349, 0.015985160827636725]"
DiagReachK3,186,KL,RR,raw,raw,development_DiagReachK3_s186_KL_RR,14,7200,selection,12,9.619889284055429,9.522116457304355,0.0977728267510732,0.6666666666666666,0.3333333333333333,"[6.796590089797974, 5.912486433982849, 11.63642923037211]","[0.3333333333333333, 0.25, 0.25]","[0.011328918593270435, 0.002570580213497838, 0.004731356302897134]"
DiagReachK3,186,KL,RR,raw,raw,development_DiagReachK3_s186_KL_RR,14,7200,acceptance,8,9.647230859889532,9.647230859889532,0.0,1.0,0.0,"[6.683470606803894, 6.2478649616241455, 11.828697204589844]","[0.0, 0.0, 0.0]","[0.0, 0.0, 0.0]"
DiagReachK3,186,KL,RR,raw,raw,development_DiagReachK3_s186_KL_RR,15,7680,exploration,20,7.719481867044232,6.459135044603609,1.2603468224406242,0.3,0.4,"[5.667464530467987, 5.295391011238098, 9.752989554405213]","[0.25, 0.25, 0.2]","[0.049379151208060135, 0.021681352762075567, 0.021510231018066407]"
DiagReachK3,186,KL,RR,raw,raw,development_DiagReachK3_s186_KL_RR,15,7680,selection,12,9.546873078439535,9.454584450218977,0.09228862822055817,0.6666666666666666,0.3333333333333333,"[6.593039393424988, 6.124364535013835, 11.612672964731852]","[0.3333333333333333, 0.16666666666666666, 0.3333333333333333]","[0.010372173218500055, 0.002689104813795825, 0.0035176722208658715]"
DiagReachK3,186,KL,RR,raw,raw,development_DiagReachK3_s186_KL_RR,15,7680,acceptance,8,9.610740238719153,9.610740238719153,0.0,1.0,0.0,"[6.6368924379348755, 6.195117115974426, 11.72953200340271]","[0.0, 0.0, 0.0]","[0.0, 0.0, 0.0]"
DiagReachK3,186,KL,RR,raw,raw,development_DiagReachK3_s186_KL_RR,16,8160,exploration,20,7.831482847875451,7.13887824649224,0.6926046013832092,0.25,0.4,"[5.6862340092659, 5.6444485783576965, 10.220932602882385]","[0.3, 0.25, 0.25]","[0.0181971686226981, 0.038628592857947716, 0.010612365722656248]"
DiagReachK3,186,KL,RR,raw,raw,development_DiagReachK3_s186_KL_RR,16,8160,selection,12,9.684079230492229,9.133820400302524,0.5502588301897049,0.3333333333333333,0.6666666666666666,"[7.179081360499064, 6.305840174357097, 12.385583082834879]","[0.6666666666666666, 0.3333333333333333, 0.5]","[0.04730537959507536, 0.02001477510501178, 0.016995633443196618]"
DiagReachK3,186,KL,RR,raw,raw,development_DiagReachK3_s186_KL_RR,16,8160,acceptance,8,9.586355691334756,9.586355691334756,0.0,1.0,0.0,"[6.538037657737732, 6.218970894813538, 11.662369012832642]","[0.0, 0.0, 0.0]","[0.0, 0.0, 0.0]"
DiagReachK3,186,KL,RR,raw,raw,development_DiagReachK3_s186_KL_RR,17,8640,exploration,20,7.733517719500232,7.296475319259335,0.43704240024089813,0.25,0.35,"[6.148041665554047, 5.1599654912948605, 10.168397116661072]","[0.2, 0.2, 0.2]","[0.028083610534667958, 0.009787548505342924, 0.007920558929443355]"
DiagReachK3,186,KL,RR,raw,raw,development_DiagReachK3_s186_KL_RR,17,8640,selection,12,9.616534411911077,9.445411587758766,0.1711228241523107,0.6666666666666666,0.3333333333333333,"[6.641887903213501, 6.436576088269551, 11.982891718546549]","[0.3333333333333333, 0.3333333333333333, 0.3333333333333333]","[0.004298437209356409, 0.01638557972052157, 0.008304023742675767]"
DiagReachK3,186,KL,RR,raw,raw,development_DiagReachK3_s186_KL_RR,17,8640,acceptance,8,9.656381237113965,9.656381237113965,0.0,1.0,0.0,"[6.737182021141052, 6.228602290153503, 11.852407455444336]","[0.0, 0.0, 0.0]","[0.0, 0.0, 0.0]"
DiagReachK3,186,KL,RR,raw,raw,development_DiagReachK3_s186_KL_RR,18,9120,exploration,20,7.718778351696673,7.019763598593417,0.6990147531032562,0.45,0.25,"[5.427621042728424, 5.164725267887116, 9.476082468032837]","[0.2, 0.1, 0.15]","[0.04600110735212054, 0.004749492498544538, 0.01448295593261718]"
DiagReachK3,186,KL,RR,raw,raw,development_DiagReachK3_s186_KL_RR,18,9120,selection,12,9.56062057850116,9.529330176486111,0.031290402015050255,0.6666666666666666,0.3333333333333333,"[6.429344097773234, 6.1805384159088135, 11.512971878051758]","[0.3333333333333333, 0.0, 0.0]","[0.006258090337117532, 0.0, 0.0]"
DiagReachK3,186,KL,RR,raw,raw,development_DiagReachK3_s186_KL_RR,18,9120,acceptance,8,9.593684008720448,9.593684008720448,0.0,1.0,0.0,"[6.585755944252014, 6.172752261161804, 11.65328073501587]","[0.0, 0.0, 0.0]","[0.0, 0.0, 0.0]"
DiagReachK3,186,KL,RR,raw,raw,development_DiagReachK3_s186_KL_RR,19,9600,exploration,20,7.987010326524031,6.258420821566832,1.728589504957199,0.2,0.65,"[6.265965622663498, 5.284549105167389, 10.373412561416625]","[0.45, 0.35, 0.35]","[0.08908728190830774, 0.029746737846961392, 0.02202004623413085]"
DiagReachK3,186,KL,RR,raw,raw,development_DiagReachK3_s186_KL_RR,19,9600,selection,12,9.599283717647632,9.383383475318988,0.2159002423286438,0.5,0.5,"[6.732664148012797, 6.436253627141316, 12.095527569452921]","[0.3333333333333333, 0.5, 0.3333333333333333]","[0.012792689459664497, 0.015485843022664389, 0.011901728312174472]"
DiagReachK3,186,KL,RR,raw,raw,development_DiagReachK3_s186_KL_RR,19,9600,acceptance,8,9.596526027985965,9.596526027985965,0.0,1.0,0.0,"[6.699726581573486, 6.245098352432251, 11.84546947479248]","[0.0, 0.0, 0.0]","[0.0, 0.0, 0.0]"
DiagReachK3,186,KL,RR,raw,raw,development_DiagReachK3_s186_KL_RR,20,10080,exploration,20,8.133264861610368,7.330710537341075,0.8025543242692947,0.55,0.35,"[5.687279284000397, 5.396251356601715, 9.940281558036805]","[0.25, 0.25, 0.15]","[0.007458114624023427, 0.0307688749753512, 0.010349502563476564]"
DiagReachK3,186,KL,RR,raw,raw,development_DiagReachK3_s186_KL_RR,20,10080,selection,12,9.475275775888367,9.415863207080765,0.05941256880760193,0.6666666666666666,0.3333333333333333,"[6.468442956606547, 5.986111839612325, 11.370301644007364]","[0.0, 0.3333333333333333, 0.0]","[0.0, 0.010934762465648154, 0.0]"
DiagReachK3,186,KL,RR,raw,raw,development_DiagReachK3_s186_KL_RR,20,10080,acceptance,8,9.57315074999351,9.57315074999351,0.0,1.0,0.0,"[6.578657865524292, 6.139690399169922, 11.63835334777832]","[0.0, 0.0, 0.0]","[0.0, 0.0, 0.0]"
DiagReachK3,186,KL,RR,raw,raw,development_DiagReachK3_s186_KL_RR,21,10560,exploration,20,7.806816650532419,7.177262676857644,0.6295539736747742,0.4,0.35,"[5.742050290107727, 4.778570187091828, 9.395985627174378]","[0.2, 0.2, 0.1]","[0.019455787113734656, 0.025707116493811966, 0.012691341400146494]"
DiagReachK3,186,KL,RR,raw,raw,development_DiagReachK3_s186_KL_RR,21,10560,selection,12,9.621824574817385,9.430624522118931,0.19120005269845328,0.6666666666666666,0.3333333333333333,"[6.78945251305898, 6.125004212061564, 11.81745179494222]","[0.3333333333333333, 0.3333333333333333, 0.3333333333333333]","[0.004795999754042842, 0.018406495069846134, 0.009468205769856778]"
DiagReachK3,186,KL,RR,raw,raw,development_DiagReachK3_s186_KL_RR,21,10560,acceptance,8,9.57609261138423,9.57609261138423,0.0,1.0,0.0,"[6.516917705535889, 6.2044349908828735, 11.625602722167969]","[0.0, 0.0, 0.0]","[0.0, 0.0, 0.0]"
DiagReachK3,186,KL,RR,raw,raw,development_DiagReachK3_s186_KL_RR,22,11040,exploration,20,7.8639153994567454,4.856385753298528,3.0075296461582184,0.2,0.5,"[6.315045738220215, 5.553793632984162, 10.759947800636292]","[0.4, 0.3, 0.25]","[0.10010944775172641, 0.05489693054786095, 0.05900777053833008]"
DiagReachK3,186,KL,RR,raw,raw,development_DiagReachK3_s186_KL_RR,22,11040,selection,12,9.381672688133404,9.259853534705327,0.1218191534280777,0.6666666666666666,0.3333333333333333,"[6.230826497077942, 6.2287445068359375, 11.359664916992188]","[0.3333333333333333, 0.25, 0.25]","[0.012831477891831181, 0.0031509705078907415, 0.005537974039713549]"
DiagReachK3,186,KL,RR,raw,raw,development_DiagReachK3_s186_KL_RR,22,11040,acceptance,8,9.615062178389053,9.615062178389053,0.0,1.0,0.0,"[6.617910861968994, 6.2640460729599, 11.774326086044312]","[0.0, 0.0, 0.0]","[0.0, 0.0, 0.0]"
DiagReachK3,186,KL,RR,raw,raw,development_DiagReachK3_s186_KL_RR,23,11520,exploration,20,8.122010000154841,6.509555690095295,1.6124543100595474,0.25,0.45,"[6.176314175128937, 5.662431049346924, 10.70222873687744]","[0.25, 0.25, 0.2]","[0.04883052280970982, 0.05023266718937801, 0.02477251815795898]"
DiagReachK3,186,KL,RR,raw,raw,development_DiagReachK3_s186_KL_RR,23,11520,selection,12,9.550725032570092,9.133114948552974,0.4176100840171178,0.6666666666666666,0.3333333333333333,"[6.683194835980733, 6.085858702659607, 11.685474634170532]","[0.3333333333333333, 0.3333333333333333, 0.3333333333333333]","[0.018259627478463308, 0.025799415050408763, 0.02070075352986654]"
DiagReachK3,186,KL,RR,raw,raw,development_DiagReachK3_s186_KL_RR,23,11520,acceptance,8,9.63599666027003,9.63599666027003,0.0,1.0,0.0,"[6.7036216259002686, 6.269028902053833, 11.880795955657959]","[0.0, 0.0, 0.0]","[0.0, 0.0, 0.0]"
DiagReachK3,186,KL,RR,raw,raw,development_DiagReachK3_s186_KL_RR,24,12000,exploration,20,8.224522185947865,5.464714018132655,2.7598081678152084,0.25,0.6,"[6.61137855052948, 6.105822861194611, 11.560107731819153]","[0.45, 0.4, 0.35]","[0.09307192053113664, 0.05495177782498872, 0.06401562118530273]"
DiagReachK3,186,KL,RR,raw,raw,development_DiagReachK3_s186_KL_RR,24,12000,selection,12,9.35636800116408,9.35636800116408,0.0,1.0,0.0,"[6.206280549367269, 5.857179443041484, 10.978965282440186]","[0.0, 0.0, 0.0]","[0.0, 0.0, 0.0]"
DiagReachK3,186,KL,RR,raw,raw,development_DiagReachK3_s186_KL_RR,24,12000,acceptance,8,9.657674631878034,9.647845378919737,0.00982925295829773,0.875,0.125,"[6.874093115329742, 6.296502470970154, 12.063508033752441]","[0.125, 0.0, 0.0]","[0.001965846334184923, 0.0, 0.0]"
DiagReachK3,186,KL,RS,raw,shaped,development_DiagReachK3_s186_KL_RS,0,480,exploration,20,4.997135980804524,4.105929120262227,0.8912068605422974,0.1,0.4,"[5.58738404661417, 1.173620080947876, 4.714179801940918]","[0.4, 0.0, 0.0]","[0.08042649882180351, 0.0, 0.0]"
DiagReachK3,186,KL,RS,raw,shaped,development_DiagReachK3_s186_KL_RS,0,480,selection,12,6.144563779040861,6.144563779040861,0.0,0.0,0.0,"[6.144098162651062, 0.44434861838817596, 4.653342763582866]","[0.0, 0.0, 0.0]","[0.0, 0.0, 0.0]"
DiagReachK3,186,KL,RS,raw,shaped,development_DiagReachK3_s186_KL_RS,0,480,acceptance,8,6.209490127186291,6.209490127186291,0.0,0.0,0.0,"[5.900539577007294, 0.6631163656711578, 4.56409078836441]","[0.0, 0.0, 0.0]","[0.0, 0.0, 0.0]"
DiagReachK3,186,KL,RS,raw,shaped,development_DiagReachK3_s186_KL_RS,1,960,exploration,20,5.446009807473747,4.962791882640449,0.48321792483329773,0.2,0.25,"[4.7903139114379885, 2.3940582811832427, 5.922367733716965]","[0.2, 0.05, 0.05]","[0.0345853328704834, 0.008765051915095402, 0.0011367492675781298]"
DiagReachK3,186,KL,RS,raw,shaped,development_DiagReachK3_s186_KL_RS,1,960,selection,12,7.959924531398184,7.762141940412886,0.19778259098529816,0.08333333333333333,0.6666666666666666,"[7.142093777656555, 1.8774510025978088, 7.835959831873576]","[0.6666666666666666, 0.0, 0.0]","[0.035154098556155255, 0.0, 0.0]"
DiagReachK3,186,KL,RS,raw,shaped,development_DiagReachK3_s186_KL_RS,1,960,acceptance,8,7.370809557219036,7.370809557219036,0.0,0.0,0.0,"[6.384622573852539, 1.35848867893219, 6.545865535736084]","[0.0, 0.0, 0.0]","[0.0, 0.0, 0.0]"
DiagReachK3,186,KL,RS,raw,shaped,development_DiagReachK3_s186_KL_RS,2,1440,exploration,20,5.630402281873394,4.831422716372181,0.7989795655012131,0.15,0.3,"[5.050079554319382, 2.0617503002285957, 5.752022162079811]","[0.3, 0.0, 0.1]","[0.058985393387930726, 0.0, 0.007777820587158202]"
DiagReachK3,186,KL,RS,raw,shaped,development_DiagReachK3_s186_KL_RS,2,1440,selection,12,8.14178075271775,7.662962807992396,0.4788179447253545,0.4166666666666667,0.3333333333333333,"[7.009182890256246, 2.3983004788557687, 8.293523271878561]","[0.3333333333333333, 0.0, 0.0]","[0.05635382447923933, 0.0, 0.0]"
DiagReachK3,186,KL,RS,raw,shaped,development_DiagReachK3_s186_KL_RS,2,1440,acceptance,8,7.957295730206534,7.957295730206534,0.0,0.5,0.0,"[6.1610647439956665, 2.2233680337667465, 7.288434624671936]","[0.0, 0.0, 0.0]","[0.0, 0.0, 0.0]"
DiagReachK3,186,KL,RS,raw,shaped,development_DiagReachK3_s186_KL_RS,3,1920,exploration,20,6.085940591179533,5.648755646430654,0.4371849447488785,0.35,0.2,"[4.027746613323688, 3.7174905061721804, 6.5842905849218365]","[0.1, 0.15, 0.05]","[0.007872193200247634, 0.034307454182551454, 0.010246871948242187]"
DiagReachK3,186,KL,RS,raw,shaped,development_DiagReachK3_s186_KL_RS,3,1920,selection,12,8.97862757445376,8.868754210084687,0.10987336436907451,0.4166666666666667,0.5833333333333334,"[6.789240876833598, 4.0069553057352705, 9.800289948781332]","[0.5833333333333334, 0.0, 0.0]","[0.020910336857750327, 0.0, 0.0]"
DiagReachK3,186,KL,RS,raw,shaped,development_DiagReachK3_s186_KL_RS,3,1920,acceptance,8,8.44732996808598,8.44732996808598,0.0,1.0,0.0,"[6.001196265220642, 3.1144455671310425, 8.119290828704834]","[0.0, 0.0, 0.0]","[0.0, 0.0, 0.0]"
DiagReachK3,186,KL,RS,raw,shaped,development_DiagReachK3_s186_KL_RS,4,2400,exploration,20,6.406130852644566,5.397718998139026,1.008411854505539,0.4,0.3,"[4.804645389318466, 3.3509320214390756, 6.707678103446961]","[0.25, 0.1, 0.15]","[0.06784187044416155, 0.012623339432936453, 0.011207717895507808]"
DiagReachK3,186,KL,RS,raw,shaped,development_DiagReachK3_s186_KL_RS,4,2400,selection,12,8.81485009120855,8.705197735895249,0.10965235531330109,0.6666666666666666,0.3333333333333333,"[6.157399972279866, 4.121047675609589, 9.282744646072388]","[0.3333333333333333, 0.0, 0.0]","[0.01925541105724519, 0.0, 0.0]"
DiagReachK3,186,KL,RS,raw,shaped,development_DiagReachK3_s186_KL_RS,4,2400,acceptance,8,8.639864257868613,8.639864257868613,0.0,1.0,0.0,"[5.667700886726379, 4.098945170640945, 8.761035203933716]","[0.0, 0.0, 0.0]","[0.0, 0.0, 0.0]"
DiagReachK3,186,KL,RS,raw,shaped,development_DiagReachK3_s186_KL_RS,5,2880,exploration,20,6.948423212643247,6.715205660338979,0.23321755230426788,0.4,0.25,"[4.713273644447327, 4.86655889749527, 8.416446828842163]","[0.05, 0.2, 0.0]","[0.007524340493338444, 0.019654141939603364, 0.0]"
DiagReachK3,186,KL,RS,raw,shaped,development_DiagReachK3_s186_KL_RS,5,2880,selection,12,9.09817999523172,9.090288985980441,0.007891009251276651,0.9166666666666666,0.08333333333333333,"[5.91860818862915, 5.0806005001068115, 9.994460264841715]","[0.08333333333333333, 0.0, 0.0]","[0.0015782061077299625, 0.0, 0.0]"
DiagReachK3,186,KL,RS,raw,shaped,development_DiagReachK3_s186_KL_RS,5,2880,acceptance,8,8.982677871028136,8.982677871028136,0.0,1.0,0.0,"[5.508570909500122, 5.269094347953796, 9.774447560310364]","[0.0, 0.0, 0.0]","[0.0, 0.0, 0.0]"
DiagReachK3,186,KL,RS,raw,shaped,development_DiagReachK3_s186_KL_RS,6,3360,exploration,20,7.186753600172233,6.94455058806343,0.2422030121088028,0.35,0.25,"[4.933081388473511, 4.338830953836441, 8.172482538223267]","[0.1, 0.15, 0.0]","[0.01838921819414412, 0.009966608194204484, 0.0]"
DiagReachK3,186,KL,RS,raw,shaped,development_DiagReachK3_s186_KL_RS,6,3360,selection,12,9.300036108011165,9.300036108011165,0.0,1.0,0.0,"[6.201232711474101, 5.8677165905634565, 11.048155148824057]","[0.0, 0.0, 0.0]","[0.0, 0.0, 0.0]"
DiagReachK3,186,KL,RS,raw,shaped,development_DiagReachK3_s186_KL_RS,6,3360,acceptance,8,9.350722149512148,9.350722149512148,0.0,1.0,0.0,"[6.093397319316864, 5.901578724384308, 10.944786787033081]","[0.0, 0.0, 0.0]","[0.0, 0.0, 0.0]"
DiagReachK3,186,KL,RS,raw,shaped,development_DiagReachK3_s186_KL_RS,7,3840,exploration,20,8.210309349317104,6.566147677917033,1.6441616714000702,0.3,0.55,"[5.712035512924194, 6.10940328836441, 10.647480630874634]","[0.25, 0.5, 0.3]","[0.023771558489118317, 0.08175225624671348, 0.02621418762207033]"
DiagReachK3,186,KL,RS,raw,shaped,development_DiagReachK3_s186_KL_RS,7,3840,selection,12,9.448110547796599,9.448110547796599,0.0,1.0,0.0,"[6.300813396771749, 6.01580015818278, 11.241117795308432]","[0.0, 0.0, 0.0]","[0.0, 0.0, 0.0]"
DiagReachK3,186,KL,RS,raw,shaped,development_DiagReachK3_s186_KL_RS,7,3840,acceptance,8,9.51295050389017,9.48519485599245,0.027755647897720337,0.75,0.25,"[6.347339749336243, 6.40803450345993, 11.662201166152954]","[0.0, 0.25, 0.0]","[0.0, 0.005551127287057728, 0.0]"
DiagReachK3,186,KL,RS,raw,shaped,development_DiagReachK3_s186_KL_RS,8,4320,exploration,20,8.138195655541494,4.875074244337157,3.263121411204338,0.2,0.6,"[6.601062369346619, 5.842207193374634, 11.337803936004638]","[0.45, 0.4, 0.4]","[0.0757104056222098, 0.10486589945279637, 0.06647171020507811]"
DiagReachK3,186,KL,RS,raw,shaped,development_DiagReachK3_s186_KL_RS,8,4320,selection,12,9.186857367618579,9.13362162814905,0.0532357394695282,0.6666666666666666,0.3333333333333333,"[6.0587919155756635, 5.630428194999695, 10.634368896484375]","[0.0, 0.3333333333333333, 0.0]","[0.0, 0.010348264987652142, 0.0]"
DiagReachK3,186,KL,RS,raw,shaped,development_DiagReachK3_s186_KL_RS,8,4320,acceptance,8,9.504068401196854,9.504068401196854,0.0,1.0,0.0,"[6.36087691783905, 6.135190367698669, 11.426423072814941]","[0.0, 0.0, 0.0]","[0.0, 0.0, 0.0]"
DiagReachK3,186,KL,RS,raw,shaped,development_DiagReachK3_s186_KL_RS,9,4800,exploration,20,8.12663193919987,4.383534224120085,3.7430977150797844,0.4,0.45,"[6.091856217384338, 6.479137873649597, 11.424114322662353]","[0.3, 0.35, 0.35]","[0.09291701316833496, 0.1251927082355206, 0.08473225784301756]"
DiagReachK3,186,KL,RS,raw,shaped,development_DiagReachK3_s186_KL_RS,9,4800,selection,12,9.135353417640124,9.135353417640124,0.0,1.0,0.0,"[5.793519735336304, 5.529324372609456, 10.278393030166626]","[0.0, 0.0, 0.0]","[0.0, 0.0, 0.0]"
DiagReachK3,186,KL,RS,raw,shaped,development_DiagReachK3_s186_KL_RS,9,4800,acceptance,8,9.589171745470958,9.589171745470958,0.0,1.0,0.0,"[6.589143097400665, 6.315995156764984, 11.807505369186401]","[0.0, 0.0, 0.0]","[0.0, 0.0, 0.0]"
DiagReachK3,186,KL,RS,raw,shaped,development_DiagReachK3_s186_KL_RS,10,5280,exploration,20,7.847651961972007,6.4500403290288535,1.3976116329431534,0.25,0.4,"[5.970489144325256, 5.085055196285248, 9.93446855545044]","[0.4, 0.15, 0.25]","[0.05181403160095216, 0.02496131750253531, 0.027802349090576172]"
DiagReachK3,186,KL,RS,raw,shaped,development_DiagReachK3_s186_KL_RS,10,5280,selection,12,9.441786129535993,9.242271228891374,0.19951490064462027,0.6666666666666666,0.3333333333333333,"[6.508208711942037, 5.883756200472514, 11.30599570274353]","[0.3333333333333333, 0.0, 0.3333333333333333]","[0.023821246056329626, 0.0, 0.008215401967366531]"
DiagReachK3,186,KL,RS,raw,shaped,development_DiagReachK3_s186_KL_RS,10,5280,acceptance,8,9.612296887577395,9.612296887577395,0.0,1.0,0.0,"[6.687617897987366, 6.266591548919678, 11.857099056243896]","[0.0, 0.0, 0.0]","[0.0, 0.0, 0.0]"
DiagReachK3,186,KL,RS,raw,shaped,development_DiagReachK3_s186_KL_RS,11,5760,exploration,20,8.046795629851403,7.142721586815895,0.9040740430355072,0.2,0.45,"[6.150014758110046, 5.3798338055610655, 10.373507165908814]","[0.35, 0.3, 0.25]","[0.04341488565717424, 0.025235909682053782, 0.02248635864257812]"
DiagReachK3,186,KL,RS,raw,shaped,development_DiagReachK3_s186_KL_RS,11,5760,selection,12,9.638445855298324,9.380207216857555,0.25823863844076794,0.6666666666666666,0.3333333333333333,"[6.66307286421458, 6.2735055685043335, 11.844019412994385]","[0.08333333333333333, 0.3333333333333333, 0.3333333333333333]","[0.0002491814749581526, 0.025948316623003065, 0.009743315378824871]"
DiagReachK3,186,KL,RS,raw,shaped,development_DiagReachK3_s186_KL_RS,11,5760,acceptance,8,9.586568624229404,9.586568624229404,0.0,1.0,0.0,"[6.6307573318481445, 6.213754415512085, 11.750259160995483]","[0.0, 0.0, 0.0]","[0.0, 0.0, 0.0]"
DiagReachK3,186,KL,RS,raw,shaped,development_DiagReachK3_s186_KL_RS,12,6240,exploration,20,8.021609775901307,6.121912829757202,1.899696946144104,0.4,0.4,"[5.484960016608238, 6.10954042673111, 10.407835137844085]","[0.15, 0.35, 0.3]","[0.02259207112448556, 0.08233794432419997, 0.029586078643798842]"
DiagReachK3,186,KL,RS,raw,shaped,development_DiagReachK3_s186_KL_RS,12,6240,selection,12,9.625533422550749,9.38133883051196,0.24419459203879038,0.6666666666666666,0.3333333333333333,"[6.89371641476949, 6.076156298319499, 11.875669240951538]","[0.3333333333333333, 0.08333333333333333, 0.3333333333333333]","[0.02765762238275436, 0.0008559777186467055, 0.011337687174479175]"
DiagReachK3,186,KL,RS,raw,shaped,development_DiagReachK3_s186_KL_RS,12,6240,acceptance,8,9.56690200919984,9.56690200919984,0.0,1.0,0.0,"[6.662013292312622, 6.234763979911804, 11.799484014511108]","[0.0, 0.0, 0.0]","[0.0, 0.0, 0.0]"
DiagReachK3,186,KL,RS,raw,shaped,development_DiagReachK3_s186_KL_RS,13,6720,exploration,20,8.186790543011448,5.750708373597882,2.4360821694135666,0.25,0.6,"[6.504059833288193, 5.640499219298363, 10.977431654930115]","[0.4, 0.35, 0.35]","[0.05614525250026159, 0.08467062069819524, 0.04624682998657228]"
DiagReachK3,186,KL,RS,raw,shaped,development_DiagReachK3_s186_KL_RS,13,6720,selection,12,9.507086435590706,9.337639718884748,0.16944671670595804,0.6666666666666666,0.3333333333333333,"[6.642463008562724, 5.925090074539185, 11.492573181788126]","[0.0, 0.3333333333333333, 0.25]","[0.0, 0.0217450765463022, 0.004293638865152993]"
DiagReachK3,186,KL,RS,raw,shaped,development_DiagReachK3_s186_KL_RS,13,6720,acceptance,8,9.60463272499619,9.60463272499619,0.0,1.0,0.0,"[6.531447887420654, 6.1278769969940186, 11.562027215957642]","[0.0, 0.0, 0.0]","[0.0, 0.0, 0.0]"
DiagReachK3,186,KL,RS,raw,shaped,development_DiagReachK3_s186_KL_RS,14,7200,exploration,20,7.722290803869255,6.527089168508537,1.1952016353607178,0.5,0.3,"[5.708467793464661, 4.875242215394974, 9.46100982427597]","[0.2, 0.15, 0.15]","[0.03550797189985002, 0.0447266908792349, 0.015985160827636725]"
DiagReachK3,186,KL,RS,raw,shaped,development_DiagReachK3_s186_KL_RS,14,7200,selection,12,9.619889284055429,9.522116457304355,0.0977728267510732,0.6666666666666666,0.3333333333333333,"[6.796590089797974, 5.912486433982849, 11.63642923037211]","[0.3333333333333333, 0.25, 0.25]","[0.011328918593270435, 0.002570580213497838, 0.004731356302897134]"
DiagReachK3,186,KL,RS,raw,shaped,development_DiagReachK3_s186_KL_RS,14,7200,acceptance,8,9.647230859889532,9.647230859889532,0.0,1.0,0.0,"[6.683470606803894, 6.2478649616241455, 11.828697204589844]","[0.0, 0.0, 0.0]","[0.0, 0.0, 0.0]"
DiagReachK3,186,KL,RS,raw,shaped,development_DiagReachK3_s186_KL_RS,15,7680,exploration,20,7.719481867044232,6.459135044603609,1.2603468224406242,0.3,0.4,"[5.667464530467987, 5.295391011238098, 9.752989554405213]","[0.25, 0.25, 0.2]","[0.049379151208060135, 0.021681352762075567, 0.021510231018066407]"
DiagReachK3,186,KL,RS,raw,shaped,development_DiagReachK3_s186_KL_RS,15,7680,selection,12,9.546873078439535,9.454584450218977,0.09228862822055817,0.6666666666666666,0.3333333333333333,"[6.593039393424988, 6.124364535013835, 11.612672964731852]","[0.3333333333333333, 0.16666666666666666, 0.3333333333333333]","[0.010372173218500055, 0.002689104813795825, 0.0035176722208658715]"
DiagReachK3,186,KL,RS,raw,shaped,development_DiagReachK3_s186_KL_RS,15,7680,acceptance,8,9.610740238719153,9.610740238719153,0.0,1.0,0.0,"[6.6368924379348755, 6.195117115974426, 11.72953200340271]","[0.0, 0.0, 0.0]","[0.0, 0.0, 0.0]"
DiagReachK3,186,KL,RS,raw,shaped,development_DiagReachK3_s186_KL_RS,16,8160,exploration,20,7.831482847875451,7.13887824649224,0.6926046013832092,0.25,0.4,"[5.6862340092659, 5.6444485783576965, 10.220932602882385]","[0.3, 0.25, 0.25]","[0.0181971686226981, 0.038628592857947716, 0.010612365722656248]"
DiagReachK3,186,KL,RS,raw,shaped,development_DiagReachK3_s186_KL_RS,16,8160,selection,12,9.684079230492229,9.133820400302524,0.5502588301897049,0.3333333333333333,0.6666666666666666,"[7.179081360499064, 6.305840174357097, 12.385583082834879]","[0.6666666666666666, 0.3333333333333333, 0.5]","[0.04730537959507536, 0.02001477510501178, 0.016995633443196618]"
DiagReachK3,186,KL,RS,raw,shaped,development_DiagReachK3_s186_KL_RS,16,8160,acceptance,8,9.586355691334756,9.586355691334756,0.0,1.0,0.0,"[6.538037657737732, 6.218970894813538, 11.662369012832642]","[0.0, 0.0, 0.0]","[0.0, 0.0, 0.0]"
DiagReachK3,186,KL,RS,raw,shaped,development_DiagReachK3_s186_KL_RS,17,8640,exploration,20,7.733517719500232,7.296475319259335,0.43704240024089813,0.25,0.35,"[6.148041665554047, 5.1599654912948605, 10.168397116661072]","[0.2, 0.2, 0.2]","[0.028083610534667958, 0.009787548505342924, 0.007920558929443355]"
DiagReachK3,186,KL,RS,raw,shaped,development_DiagReachK3_s186_KL_RS,17,8640,selection,12,9.616534411911077,9.445411587758766,0.1711228241523107,0.6666666666666666,0.3333333333333333,"[6.641887903213501, 6.436576088269551, 11.982891718546549]","[0.3333333333333333, 0.3333333333333333, 0.3333333333333333]","[0.004298437209356409, 0.01638557972052157, 0.008304023742675767]"
DiagReachK3,186,KL,RS,raw,shaped,development_DiagReachK3_s186_KL_RS,17,8640,acceptance,8,9.656381237113965,9.656381237113965,0.0,1.0,0.0,"[6.737182021141052, 6.228602290153503, 11.852407455444336]","[0.0, 0.0, 0.0]","[0.0, 0.0, 0.0]"
DiagReachK3,186,KL,RS,raw,shaped,development_DiagReachK3_s186_KL_RS,18,9120,exploration,20,7.718778351696673,7.019763598593417,0.6990147531032562,0.45,0.25,"[5.427621042728424, 5.164725267887116, 9.476082468032837]","[0.2, 0.1, 0.15]","[0.04600110735212054, 0.004749492498544538, 0.01448295593261718]"
DiagReachK3,186,KL,RS,raw,shaped,development_DiagReachK3_s186_KL_RS,18,9120,selection,12,9.56062057850116,9.529330176486111,0.031290402015050255,0.6666666666666666,0.3333333333333333,"[6.429344097773234, 6.1805384159088135, 11.512971878051758]","[0.3333333333333333, 0.0, 0.0]","[0.006258090337117532, 0.0, 0.0]"
DiagReachK3,186,KL,RS,raw,shaped,development_DiagReachK3_s186_KL_RS,18,9120,acceptance,8,9.593684008720448,9.593684008720448,0.0,1.0,0.0,"[6.585755944252014, 6.172752261161804, 11.65328073501587]","[0.0, 0.0, 0.0]","[0.0, 0.0, 0.0]"
DiagReachK3,186,KL,RS,raw,shaped,development_DiagReachK3_s186_KL_RS,19,9600,exploration,20,7.987010326524031,6.258420821566832,1.728589504957199,0.2,0.65,"[6.265965622663498, 5.284549105167389, 10.373412561416625]","[0.45, 0.35, 0.35]","[0.08908728190830774, 0.029746737846961392, 0.02202004623413085]"
DiagReachK3,186,KL,RS,raw,shaped,development_DiagReachK3_s186_KL_RS,19,9600,selection,12,9.599283717647632,9.383383475318988,0.2159002423286438,0.5,0.5,"[6.732664148012797, 6.436253627141316, 12.095527569452921]","[0.3333333333333333, 0.5, 0.3333333333333333]","[0.012792689459664497, 0.015485843022664389, 0.011901728312174472]"
DiagReachK3,186,KL,RS,raw,shaped,development_DiagReachK3_s186_KL_RS,19,9600,acceptance,8,9.596526027985965,9.596526027985965,0.0,1.0,0.0,"[6.699726581573486, 6.245098352432251, 11.84546947479248]","[0.0, 0.0, 0.0]","[0.0, 0.0, 0.0]"
DiagReachK3,186,KL,RS,raw,shaped,development_DiagReachK3_s186_KL_RS,20,10080,exploration,20,8.133264861610368,7.330710537341075,0.8025543242692947,0.55,0.35,"[5.687279284000397, 5.396251356601715, 9.940281558036805]","[0.25, 0.25, 0.15]","[0.007458114624023427, 0.0307688749753512, 0.010349502563476564]"
DiagReachK3,186,KL,RS,raw,shaped,development_DiagReachK3_s186_KL_RS,20,10080,selection,12,9.475275775888367,9.415863207080765,0.05941256880760193,0.6666666666666666,0.3333333333333333,"[6.468442956606547, 5.986111839612325, 11.370301644007364]","[0.0, 0.3333333333333333, 0.0]","[0.0, 0.010934762465648154, 0.0]"
DiagReachK3,186,KL,RS,raw,shaped,development_DiagReachK3_s186_KL_RS,20,10080,acceptance,8,9.57315074999351,9.57315074999351,0.0,1.0,0.0,"[6.578657865524292, 6.139690399169922, 11.63835334777832]","[0.0, 0.0, 0.0]","[0.0, 0.0, 0.0]"
DiagReachK3,186,KL,RS,raw,shaped,development_DiagReachK3_s186_KL_RS,21,10560,exploration,20,7.806816650532419,7.177262676857644,0.6295539736747742,0.4,0.35,"[5.742050290107727, 4.778570187091828, 9.395985627174378]","[0.2, 0.2, 0.1]","[0.019455787113734656, 0.025707116493811966, 0.012691341400146494]"
DiagReachK3,186,KL,RS,raw,shaped,development_DiagReachK3_s186_KL_RS,21,10560,selection,12,9.621824574817385,9.430624522118931,0.19120005269845328,0.6666666666666666,0.3333333333333333,"[6.78945251305898, 6.125004212061564, 11.81745179494222]","[0.3333333333333333, 0.3333333333333333, 0.3333333333333333]","[0.004795999754042842, 0.018406495069846134, 0.009468205769856778]"
DiagReachK3,186,KL,RS,raw,shaped,development_DiagReachK3_s186_KL_RS,21,10560,acceptance,8,9.57609261138423,9.57609261138423,0.0,1.0,0.0,"[6.516917705535889, 6.2044349908828735, 11.625602722167969]","[0.0, 0.0, 0.0]","[0.0, 0.0, 0.0]"
DiagReachK3,186,KL,RS,raw,shaped,development_DiagReachK3_s186_KL_RS,22,11040,exploration,20,7.8639153994567454,4.856385753298528,3.0075296461582184,0.2,0.5,"[6.315045738220215, 5.553793632984162, 10.759947800636292]","[0.4, 0.3, 0.25]","[0.10010944775172641, 0.05489693054786095, 0.05900777053833008]"
DiagReachK3,186,KL,RS,raw,shaped,development_DiagReachK3_s186_KL_RS,22,11040,selection,12,9.381672688133404,9.259853534705327,0.1218191534280777,0.6666666666666666,0.3333333333333333,"[6.230826497077942, 6.2287445068359375, 11.359664916992188]","[0.3333333333333333, 0.25, 0.25]","[0.012831477891831181, 0.0031509705078907415, 0.005537974039713549]"
DiagReachK3,186,KL,RS,raw,shaped,development_DiagReachK3_s186_KL_RS,22,11040,acceptance,8,9.615062178389053,9.615062178389053,0.0,1.0,0.0,"[6.617910861968994, 6.2640460729599, 11.774326086044312]","[0.0, 0.0, 0.0]","[0.0, 0.0, 0.0]"
DiagReachK3,186,KL,RS,raw,shaped,development_DiagReachK3_s186_KL_RS,23,11520,exploration,20,8.122010000154841,6.509555690095295,1.6124543100595474,0.25,0.45,"[6.176314175128937, 5.662431049346924, 10.70222873687744]","[0.25, 0.25, 0.2]","[0.04883052280970982, 0.05023266718937801, 0.02477251815795898]"
DiagReachK3,186,KL,RS,raw,shaped,development_DiagReachK3_s186_KL_RS,23,11520,selection,12,9.550725032570092,9.133114948552974,0.4176100840171178,0.6666666666666666,0.3333333333333333,"[6.683194835980733, 6.085858702659607, 11.685474634170532]","[0.3333333333333333, 0.3333333333333333, 0.3333333333333333]","[0.018259627478463308, 0.025799415050408763, 0.02070075352986654]"
DiagReachK3,186,KL,RS,raw,shaped,development_DiagReachK3_s186_KL_RS,23,11520,acceptance,8,9.63599666027003,9.63599666027003,0.0,1.0,0.0,"[6.7036216259002686, 6.269028902053833, 11.880795955657959]","[0.0, 0.0, 0.0]","[0.0, 0.0, 0.0]"
DiagReachK3,186,KL,RS,raw,shaped,development_DiagReachK3_s186_KL_RS,24,12000,exploration,20,8.224522185947865,5.464714018132655,2.7598081678152084,0.25,0.6,"[6.61137855052948, 6.105822861194611, 11.560107731819153]","[0.45, 0.4, 0.35]","[0.09307192053113664, 0.05495177782498872, 0.06401562118530273]"
DiagReachK3,186,KL,RS,raw,shaped,development_DiagReachK3_s186_KL_RS,24,12000,selection,12,9.35636800116408,9.35636800116408,0.0,1.0,0.0,"[6.206280549367269, 5.857179443041484, 10.978965282440186]","[0.0, 0.0, 0.0]","[0.0, 0.0, 0.0]"
DiagReachK3,186,KL,RS,raw,shaped,development_DiagReachK3_s186_KL_RS,24,12000,acceptance,8,9.657674631878034,9.647845378919737,0.00982925295829773,0.875,0.125,"[6.874093115329742, 6.296502470970154, 12.063508033752441]","[0.125, 0.0, 0.0]","[0.001965846334184923, 0.0, 0.0]"
DiagReachK3,186,KL,SR,shaped,raw,development_DiagReachK3_s186_KL_SR,0,480,exploration,20,4.997135980804524,4.105929120262227,0.8912068605422974,0.1,0.4,"[5.58738404661417, 1.173620080947876, 4.714179801940918]","[0.4, 0.0, 0.0]","[0.08042649882180351, 0.0, 0.0]"
DiagReachK3,186,KL,SR,shaped,raw,development_DiagReachK3_s186_KL_SR,0,480,selection,12,6.122935758926906,6.122935758926906,0.0,0.0,0.0,"[6.071148753166199, 0.4449304590622584, 4.547234853108724]","[0.0, 0.0, 0.0]","[0.0, 0.0, 0.0]"
DiagReachK3,186,KL,SR,shaped,raw,development_DiagReachK3_s186_KL_SR,0,480,acceptance,8,6.209490127186291,6.209490127186291,0.0,0.0,0.0,"[5.900539577007294, 0.6631163656711578, 4.56409078836441]","[0.0, 0.0, 0.0]","[0.0, 0.0, 0.0]"
DiagReachK3,186,KL,SR,shaped,raw,development_DiagReachK3_s186_KL_SR,1,960,exploration,20,5.446009807473747,4.962791882640449,0.48321792483329773,0.2,0.25,"[4.7903139114379885, 2.3940582811832427, 5.922367733716965]","[0.2, 0.05, 0.05]","[0.0345853328704834, 0.008765051915095402, 0.0011367492675781298]"
DiagReachK3,186,KL,SR,shaped,raw,development_DiagReachK3_s186_KL_SR,1,960,selection,12,7.9353253234216625,7.784912878154621,0.15041244526704153,0.4166666666666667,0.3333333333333333,"[6.910333593686421, 1.9181840817133586, 7.660985708236694]","[0.3333333333333333, 0.0, 0.0]","[0.025680065155029297, 0.0, 0.0]"
DiagReachK3,186,KL,SR,shaped,raw,development_DiagReachK3_s186_KL_SR,1,960,acceptance,8,7.708549464866519,7.708549464866519,0.0,0.5,0.0,"[6.318527698516846, 1.8416163623332977, 7.019006252288818]","[0.0, 0.0, 0.0]","[0.0, 0.0, 0.0]"
DiagReachK3,186,KL,SR,shaped,raw,development_DiagReachK3_s186_KL_SR,2,1440,exploration,20,5.991704728445038,5.23249181731604,0.7592129111289978,0.2,0.25,"[5.140136313438416, 2.404872050881386, 6.230410584807396]","[0.25, 0.0, 0.1]","[0.05186669145311627, 0.0, 0.00980513763427735]"
DiagReachK3,186,KL,SR,shaped,raw,development_DiagReachK3_s186_KL_SR,2,1440,selection,12,8.584077673345261,8.584077673345261,0.0,1.0,0.0,"[6.333792845408122, 3.3378589153289795, 8.622241616249084]","[0.0, 0.0, 0.0]","[0.0, 0.0, 0.0]"
DiagReachK3,186,KL,SR,shaped,raw,development_DiagReachK3_s186_KL_SR,2,1440,acceptance,8,8.613505772729695,8.613505772729695,0.0,1.0,0.0,"[6.1912840604782104, 3.303677201271057, 8.44478839635849]","[0.0, 0.0, 0.0]","[0.0, 0.0, 0.0]"
DiagReachK3,186,KL,SR,shaped,raw,development_DiagReachK3_s186_KL_SR,3,1920,exploration,20,7.36479128649291,6.162446049357023,1.2023452371358871,0.25,0.45,"[5.753533035516739, 4.669050639867782, 9.147342693805694]","[0.3, 0.25, 0.15]","[0.04862589154924666, 0.03878704217764047, 0.010418327331542975]"
DiagReachK3,186,KL,SR,shaped,raw,development_DiagReachK3_s186_KL_SR,3,1920,selection,12,9.155080630023198,9.155080630023198,0.0,1.0,0.0,"[6.350027879079183, 4.447290102640788, 9.789976437886557]","[0.0, 0.0, 0.0]","[0.0, 0.0, 0.0]"
DiagReachK3,186,KL,SR,shaped,raw,development_DiagReachK3_s186_KL_SR,3,1920,acceptance,8,9.152132275351324,9.152132275351324,0.0,1.0,0.0,"[6.3433420062065125, 4.523456871509552, 9.8563072681427]","[0.0, 0.0, 0.0]","[0.0, 0.0, 0.0]"
DiagReachK3,186,KL,SR,shaped,raw,development_DiagReachK3_s186_KL_SR,4,2400,exploration,20,7.526908472920768,5.358657927061431,2.168250545859337,0.2,0.45,"[6.533641493320465, 4.389239926636219, 9.595676136016845]","[0.35, 0.15, 0.2]","[0.08157228742327008, 0.03582506546607385, 0.029908275604248045]"
DiagReachK3,186,KL,SR,shaped,raw,development_DiagReachK3_s186_KL_SR,4,2400,selection,12,8.880902866532415,8.880902866532415,0.0,1.0,0.0,"[5.793785015741984, 4.6104709704717, 9.395062565803528]","[0.0, 0.0, 0.0]","[0.0, 0.0, 0.0]"
DiagReachK3,186,KL,SR,shaped,raw,development_DiagReachK3_s186_KL_SR,4,2400,acceptance,8,9.303973377501826,9.303973377501826,0.0,1.0,0.0,"[6.598572611808777, 4.854324817657471, 10.425776243209839]","[0.0, 0.0, 0.0]","[0.0, 0.0, 0.0]"
DiagReachK3,186,KL,SR,shaped,raw,development_DiagReachK3_s186_KL_SR,5,2880,exploration,20,6.931898711429386,6.587952001200465,0.34394671022892,0.15,0.3,"[5.5876556754112245, 3.487507405877113, 7.817354953289032]","[0.25, 0.05, 0.05]","[0.028388261795043956, 0.004135109828068662, 0.00032772827148437323]"
DiagReachK3,186,KL,SR,shaped,raw,development_DiagReachK3_s186_KL_SR,5,2880,selection,12,9.477252926599371,9.282832161755747,0.19442076484362283,0.3333333333333333,0.6666666666666666,"[6.882527430852254, 5.660892089207967, 11.492180585861206]","[0.3333333333333333, 0.3333333333333333, 0.08333333333333333]","[0.02106465612139019, 0.01020536667261368, 0.0004956054687499933]"
DiagReachK3,186,KL,SR,shaped,raw,development_DiagReachK3_s186_KL_SR,5,2880,acceptance,8,9.314309484844852,9.314309484844852,0.0,1.0,0.0,"[6.57596743106842, 4.9103169441223145, 10.461216688156128]","[0.0, 0.0, 0.0]","[0.0, 0.0, 0.0]"
DiagReachK3,186,KL,SR,shaped,raw,development_DiagReachK3_s186_KL_SR,6,3360,exploration,20,7.34648063900182,6.5116082889051174,0.8348723500967026,0.3,0.3,"[5.773704087734222, 3.7407088026404383, 8.255420744419098]","[0.25, 0.15, 0.1]","[0.03262869630541121, 0.024876954005314755, 0.015869281768798836]"
DiagReachK3,186,KL,SR,shaped,raw,development_DiagReachK3_s186_KL_SR,6,3360,selection,12,9.218690509646937,9.218690509646937,0.0,1.0,0.0,"[6.327277143796285, 5.146461685498555, 10.428974946339926]","[0.0, 0.0, 0.0]","[0.0, 0.0, 0.0]"
DiagReachK3,186,KL,SR,shaped,raw,development_DiagReachK3_s186_KL_SR,6,3360,acceptance,8,9.278715470075987,9.278715470075987,0.0,1.0,0.0,"[6.548312067985535, 4.91314423084259, 10.436607837677002]","[0.0, 0.0, 0.0]","[0.0, 0.0, 0.0]"
DiagReachK3,186,KL,SR,shaped,raw,development_DiagReachK3_s186_KL_SR,7,3840,exploration,20,7.785547543391585,6.179969597682357,1.6055779457092285,0.15,0.5,"[6.71605983376503, 4.62325804233551, 10.1846994638443]","[0.45, 0.1, 0.1]","[0.09346737521035331, 0.01779777820293721, 0.016528327941894537]"
DiagReachK3,186,KL,SR,shaped,raw,development_DiagReachK3_s186_KL_SR,7,3840,selection,12,9.127751136342702,9.127751136342702,0.0,1.0,0.0,"[6.2976391315460205, 4.968322277069092, 10.250000397364298]","[0.0, 0.0, 0.0]","[0.0, 0.0, 0.0]"
DiagReachK3,186,KL,SR,shaped,raw,development_DiagReachK3_s186_KL_SR,7,3840,acceptance,8,9.285318992449902,9.285318992449902,0.0,1.0,0.0,"[6.504526376724243, 4.891952157020569, 10.374433279037476]","[0.0, 0.0, 0.0]","[0.0, 0.0, 0.0]"
DiagReachK3,186,KL,SR,shaped,raw,development_DiagReachK3_s186_KL_SR,8,4320,exploration,20,7.6981945606588855,4.955916208279086,2.742278352379799,0.1,0.6,"[6.668399238586426, 4.76908486187458, 10.172030663490295]","[0.5, 0.2, 0.25]","[0.08372855867658344, 0.0711191800924448, 0.04891821670532227]"
DiagReachK3,186,KL,SR,shaped,raw,development_DiagReachK3_s186_KL_SR,8,4320,selection,12,8.748557793823421,8.748557793823421,0.0,1.0,0.0,"[6.0595576365788775, 4.021087785561879, 9.021851817766825]","[0.0, 0.0, 0.0]","[0.0, 0.0, 0.0]"
DiagReachK3,186,KL,SR,shaped,raw,development_DiagReachK3_s186_KL_SR,8,4320,acceptance,8,9.25260760760284,9.25260760760284,0.0,1.0,0.0,"[6.524586200714111, 4.738102912902832, 10.243080615997314]","[0.0, 0.0, 0.0]","[0.0, 0.0, 0.0]"
DiagReachK3,186,KL,SR,shaped,raw,development_DiagReachK3_s186_KL_SR,9,4800,exploration,20,7.848730886055856,4.990260967685607,2.858469918370247,0.35,0.5,"[6.169052100181579, 5.554015028476715, 10.528722763061523]","[0.35, 0.3, 0.35]","[0.09537940365927562, 0.08842765001150278, 0.0629287109375]"
DiagReachK3,186,KL,SR,shaped,raw,development_DiagReachK3_s186_KL_SR,9,4800,selection,12,8.740582514385459,8.740582514385459,0.0,1.0,0.0,"[5.617634057998657, 4.31585168838501, 8.937281966209412]","[0.0, 0.0, 0.0]","[0.0, 0.0, 0.0]"
DiagReachK3,186,KL,SR,shaped,raw,development_DiagReachK3_s186_KL_SR,9,4800,acceptance,8,9.278432301874272,9.278432301874272,0.0,1.0,0.0,"[6.6083961725234985, 4.931698203086853, 10.515872955322266]","[0.0, 0.0, 0.0]","[0.0, 0.0, 0.0]"
DiagReachK3,186,KL,SR,shaped,raw,development_DiagReachK3_s186_KL_SR,10,5280,exploration,20,7.341650729065148,6.197936554436891,1.1437141746282578,0.25,0.4,"[5.8568626821041105, 3.9600227177143097, 8.5731827378273]","[0.4, 0.05, 0.1]","[0.052554546083722786, 0.014864253997802734, 0.014893314361572263]"
DiagReachK3,186,KL,SR,shaped,raw,development_DiagReachK3_s186_KL_SR,10,5280,selection,12,9.117604589358598,9.117604589358598,0.0,1.0,0.0,"[6.311068932215373, 4.516834219296773, 9.80969762802124]","[0.0, 0.0, 0.0]","[0.0, 0.0, 0.0]"
DiagReachK3,186,KL,SR,shaped,raw,development_DiagReachK3_s186_KL_SR,10,5280,acceptance,8,9.287838636810193,9.287838636810193,0.0,1.0,0.0,"[6.570121765136719, 4.892462611198425, 10.44100308418274]","[0.0, 0.0, 0.0]","[0.0, 0.0, 0.0]"
DiagReachK3,186,KL,SR,shaped,raw,development_DiagReachK3_s186_KL_SR,11,5760,exploration,20,7.500321607249788,6.933121542590669,0.5672000646591187,0.15,0.45,"[6.073186218738556, 4.1110815584659575, 9.005774283409119]","[0.4, 0.1, 0.15]","[0.04334564890180315, 0.0009443466479961748, 0.005640235900878909]"
DiagReachK3,186,KL,SR,shaped,raw,development_DiagReachK3_s186_KL_SR,11,5760,selection,12,9.401839644106925,9.388250430815122,0.013589213291803995,0.75,0.25,"[6.678732752799988, 5.457733591397603, 11.084283749262491]","[0.25, 0.0, 0.0]","[0.002717841239202601, 0.0, 0.0]"
DiagReachK3,186,KL,SR,shaped,raw,development_DiagReachK3_s186_KL_SR,11,5760,acceptance,8,9.304430980383769,9.304430980383769,0.0,1.0,0.0,"[6.460109829902649, 5.520693302154541, 10.949246406555176]","[0.0, 0.0, 0.0]","[0.0, 0.0, 0.0]"
DiagReachK3,186,KL,SR,shaped,raw,development_DiagReachK3_s186_KL_SR,12,6240,exploration,20,7.8060798734801935,5.996127852835052,1.8099520206451416,0.35,0.4,"[5.4078162729740145, 5.848517835140228, 10.116571342945099]","[0.1, 0.35, 0.2]","[0.018576083864484515, 0.078767912204449, 0.026774681091308594]"
DiagReachK3,186,KL,SR,shaped,raw,development_DiagReachK3_s186_KL_SR,12,6240,selection,12,9.253563535759652,9.253563535759652,0.0,1.0,0.0,"[6.480299671490987, 5.620262702306111, 11.031983057657877]","[0.0, 0.0, 0.0]","[0.0, 0.0, 0.0]"
DiagReachK3,186,KL,SR,shaped,raw,development_DiagReachK3_s186_KL_SR,12,6240,acceptance,8,9.340438190987335,9.340438190987335,0.0,1.0,0.0,"[6.442925691604614, 6.234423756599426, 11.615322828292847]","[0.0, 0.0, 0.0]","[0.0, 0.0, 0.0]"
DiagReachK3,186,KL,SR,shaped,raw,development_DiagReachK3_s186_KL_SR,13,6720,exploration,20,7.717821891794448,6.376367654094939,1.3414542376995087,0.35,0.4,"[5.775776952505112, 4.921107220649719, 9.52578809261322]","[0.3, 0.15, 0.15]","[0.03999943392617361, 0.02040927960322454, 0.01781281280517579]"
DiagReachK3,186,KL,SR,shaped,raw,development_DiagReachK3_s186_KL_SR,13,6720,selection,12,9.093822228873615,9.093822228873615,0.0,1.0,0.0,"[5.740866978963216, 5.993608792622884, 10.716073671976725]","[0.0, 0.0, 0.0]","[0.0, 0.0, 0.0]"
DiagReachK3,186,KL,SR,shaped,raw,development_DiagReachK3_s186_KL_SR,13,6720,acceptance,8,9.361668736836872,9.361668736836872,0.0,1.0,0.0,"[6.312348008155823, 6.105743646621704, 11.380977153778076]","[0.0, 0.0, 0.0]","[0.0, 0.0, 0.0]"
DiagReachK3,186,KL,SR,shaped,raw,development_DiagReachK3_s186_KL_SR,14,7200,exploration,20,7.532041077847825,6.103044991727221,1.4289960861206055,0.2,0.5,"[5.385397684574127, 5.191367679834366, 9.440741726756096]","[0.3, 0.3, 0.25]","[0.03660233701978409, 0.048946028489332924, 0.025662227630615243]"
DiagReachK3,186,KL,SR,shaped,raw,development_DiagReachK3_s186_KL_SR,14,7200,selection,12,9.377116345338193,9.32076072491424,0.056355620423952736,0.6666666666666666,0.3333333333333333,"[6.432470281918843, 5.958162347475688, 11.328443765640259]","[0.3333333333333333, 0.0, 0.0]","[0.010469771566845124, 0.0, 0.0]"
DiagReachK3,186,KL,SR,shaped,raw,development_DiagReachK3_s186_KL_SR,14,7200,acceptance,8,9.436804205388762,9.436804205388762,0.0,1.0,0.0,"[6.458802700042725, 6.233053088188171, 11.641813039779663]","[0.0, 0.0, 0.0]","[0.0, 0.0, 0.0]"
DiagReachK3,186,KL,SR,shaped,raw,development_DiagReachK3_s186_KL_SR,15,7680,exploration,20,8.25744627601176,4.983301701011952,3.2741445749998093,0.1,0.7,"[7.004577374458313, 5.503155183792114, 11.376631736755371]","[0.6, 0.3, 0.3]","[0.0982078960963658, 0.07678193679222693, 0.05475959777832031]"
DiagReachK3,186,KL,SR,shaped,raw,development_DiagReachK3_s186_KL_SR,15,7680,selection,12,9.019857123063412,9.019857123063412,0.0,1.0,0.0,"[5.963487466176351, 5.4034403165181475, 10.34041428565979]","[0.0, 0.0, 0.0]","[0.0, 0.0, 0.0]"
DiagReachK3,186,KL,SR,shaped,raw,development_DiagReachK3_s186_KL_SR,15,7680,acceptance,8,9.372809177570161,9.372809177570161,0.0,1.0,0.0,"[6.413243770599365, 6.183727145195007, 11.542785167694092]","[0.0, 0.0, 0.0]","[0.0, 0.0, 0.0]"
DiagReachK3,186,KL,SR,shaped,raw,development_DiagReachK3_s186_KL_SR,16,8160,exploration,20,7.957703614461496,7.27795811914213,0.6797454953193665,0.35,0.4,"[5.983743834495544, 5.257432401180267, 10.154469513893128]","[0.3, 0.15, 0.15]","[0.025651880672999793, 0.017660742539625896, 0.010122924804687494]"
DiagReachK3,186,KL,SR,shaped,raw,development_DiagReachK3_s186_KL_SR,16,8160,selection,12,9.325428500265115,9.325428500265115,0.0,1.0,0.0,"[6.439074198404948, 6.257060607274373, 11.630043427149454]","[0.0, 0.0, 0.0]","[0.0, 0.0, 0.0]"
DiagReachK3,186,KL,SR,shaped,raw,development_DiagReachK3_s186_KL_SR,16,8160,acceptance,8,9.398163263754395,9.398163263754395,0.0,1.0,0.0,"[6.477683126926422, 6.200074791908264, 11.61445939540863]","[0.0, 0.0, 0.0]","[0.0, 0.0, 0.0]"
DiagReachK3,186,KL,SR,shaped,raw,development_DiagReachK3_s186_KL_SR,17,8640,exploration,20,7.870173096156213,5.998668312525842,1.871504783630371,0.2,0.6,"[6.257387161254883, 5.552684047818184, 10.546828591823578]","[0.35, 0.4, 0.3]","[0.043691277503967285, 0.0776363336122953, 0.03308206939697267]"
DiagReachK3,186,KL,SR,shaped,raw,development_DiagReachK3_s186_KL_SR,17,8640,selection,12,9.236875331431898,9.236875331431898,0.0,1.0,0.0,"[6.630719502766927, 5.625226895014445, 11.157685041427612]","[0.0, 0.0, 0.0]","[0.0, 0.0, 0.0]"
DiagReachK3,186,KL,SR,shaped,raw,development_DiagReachK3_s186_KL_SR,17,8640,acceptance,8,9.48720936026657,9.48720936026657,0.0,1.0,0.0,"[6.792704105377197, 6.214347839355469, 11.913483619689941]","[0.0, 0.0, 0.0]","[0.0, 0.0, 0.0]"
DiagReachK3,186,KL,SR,shaped,raw,development_DiagReachK3_s186_KL_SR,18,9120,exploration,20,7.85129745926817,6.666345602535803,1.1849518567323685,0.15,0.4,"[6.035110318660736, 5.029648762941361, 9.785814225673676]","[0.3, 0.1, 0.2]","[0.047210560526166644, 0.03031484897320087, 0.010519229888916015]"
DiagReachK3,186,KL,SR,shaped,raw,development_DiagReachK3_s186_KL_SR,18,9120,selection,12,9.418603217124474,9.404589122056496,0.014014095067977905,0.6666666666666666,0.3333333333333333,"[6.770769000053406, 5.859623074531555, 11.54571787516276]","[0.3333333333333333, 0.0, 0.0]","[0.0028028204327537978, 0.0, 0.0]"
DiagReachK3,186,KL,SR,shaped,raw,development_DiagReachK3_s186_KL_SR,18,9120,acceptance,8,9.397869133367204,9.397869133367204,0.0,1.0,0.0,"[6.658447504043579, 6.152854084968567, 11.71607780456543]","[0.0, 0.0, 0.0]","[0.0, 0.0, 0.0]"
DiagReachK3,186,KL,SR,shaped,raw,development_DiagReachK3_s186_KL_SR,19,9600,exploration,20,7.891068213600666,6.399512984771282,1.4915552288293839,0.35,0.4,"[6.157375502586365, 5.244933795928955, 10.152478003501892]","[0.3, 0.25, 0.3]","[0.05179814951760429, 0.03851569615877594, 0.023512039184570323]"
DiagReachK3,186,KL,SR,shaped,raw,development_DiagReachK3_s186_KL_SR,19,9600,selection,12,9.136387938207676,9.136387938207676,0.0,1.0,0.0,"[6.153233806292216, 5.772790233294169, 10.863026062647501]","[0.0, 0.0, 0.0]","[0.0, 0.0, 0.0]"
DiagReachK3,186,KL,SR,shaped,raw,development_DiagReachK3_s186_KL_SR,19,9600,acceptance,8,9.418727787554964,9.418727787554964,0.0,1.0,0.0,"[6.767544865608215, 6.240769624710083, 11.906834125518799]","[0.0, 0.0, 0.0]","[0.0, 0.0, 0.0]"
DiagReachK3,186,KL,SR,shaped,raw,development_DiagReachK3_s186_KL_SR,20,10080,exploration,20,7.90906531592307,7.237303311428403,0.671762004494667,0.35,0.35,"[5.827308911085129, 5.118106925487519, 9.733611750602723]","[0.25, 0.1, 0.1]","[0.04590067522866385, 0.007561162801889276, 0.00807063293457031]"
DiagReachK3,186,KL,SR,shaped,raw,development_DiagReachK3_s186_KL_SR,20,10080,selection,12,9.138661332170402,9.138661332170402,0.0,1.0,0.0,"[6.068179329236348, 6.090072671572368, 11.089049736658732]","[0.0, 0.0, 0.0]","[0.0, 0.0, 0.0]"
DiagReachK3,186,KL,SR,shaped,raw,development_DiagReachK3_s186_KL_SR,20,10080,acceptance,8,9.395502395660152,9.395502395660152,0.0,1.0,0.0,"[6.659361958503723, 6.1305564641952515, 11.701431274414062]","[0.0, 0.0, 0.0]","[0.0, 0.0, 0.0]"
DiagReachK3,186,KL,SR,shaped,raw,development_DiagReachK3_s186_KL_SR,21,10560,exploration,20,8.325881407271954,5.445519671451184,2.8803617358207703,0.25,0.7,"[7.112713813781738, 5.411723804473877, 11.366206884384155]","[0.5, 0.4, 0.35]","[0.10494379316057478, 0.050382317029512846, 0.05789950561523438]"
DiagReachK3,186,KL,SR,shaped,raw,development_DiagReachK3_s186_KL_SR,21,10560,selection,12,9.130039170871411,9.130039170871411,0.0,1.0,0.0,"[6.047451853752136, 5.8153611818949384, 10.801262617111206]","[0.0, 0.0, 0.0]","[0.0, 0.0, 0.0]"
DiagReachK3,186,KL,SR,shaped,raw,development_DiagReachK3_s186_KL_SR,21,10560,acceptance,8,9.401861626264871,9.401861626264871,0.0,1.0,0.0,"[6.60373592376709, 6.183969974517822, 11.705076694488525]","[0.0, 0.0, 0.0]","[0.0, 0.0, 0.0]"
DiagReachK3,186,KL,SR,shaped,raw,development_DiagReachK3_s186_KL_SR,22,11040,exploration,20,8.044536823921373,5.609853858642746,2.4346829652786255,0.3,0.5,"[6.155584228038788, 5.6434595584869385, 10.704434084892274]","[0.25, 0.35, 0.2]","[0.06135270254952567, 0.06971080486591047, 0.04542420196533202]"
DiagReachK3,186,KL,SR,shaped,raw,development_DiagReachK3_s186_KL_SR,22,11040,selection,12,8.992194639968025,8.992194639968025,0.0,1.0,0.0,"[6.0625782410303755, 5.523872812589009, 10.518934408823648]","[0.0, 0.0, 0.0]","[0.0, 0.0, 0.0]"
DiagReachK3,186,KL,SR,shaped,raw,development_DiagReachK3_s186_KL_SR,22,11040,acceptance,8,9.464945246878779,9.464945246878779,0.0,1.0,0.0,"[6.695492625236511, 6.245944499969482, 11.848107099533081]","[0.0, 0.0, 0.0]","[0.0, 0.0, 0.0]"
DiagReachK3,186,KL,SR,shaped,raw,development_DiagReachK3_s186_KL_SR,23,11520,exploration,20,8.057978617495099,7.2876245253739755,0.7703540921211243,0.4,0.4,"[6.162656712532043, 5.33579957485199, 10.296405959129334]","[0.2, 0.25, 0.1]","[0.015599925177437912, 0.03203664192786583, 0.007803794860839852]"
DiagReachK3,186,KL,SR,shaped,raw,development_DiagReachK3_s186_KL_SR,23,11520,selection,12,9.093523979780729,9.093523979780729,0.0,1.0,0.0,"[6.289940079053243, 5.392948230107625, 10.617644548416138]","[0.0, 0.0, 0.0]","[0.0, 0.0, 0.0]"
DiagReachK3,186,KL,SR,shaped,raw,development_DiagReachK3_s186_KL_SR,23,11520,acceptance,8,9.45609574627015,9.45609574627015,0.0,1.0,0.0,"[6.770779013633728, 6.261901497840881, 11.935789108276367]","[0.0, 0.0, 0.0]","[0.0, 0.0, 0.0]"
DiagReachK3,186,KL,SR,shaped,raw,development_DiagReachK3_s186_KL_SR,24,12000,exploration,20,7.842770021507168,5.851734157750034,1.9910358637571335,0.2,0.55,"[5.819070315361023, 5.342620360851288, 9.965418517589569]","[0.3, 0.35, 0.2]","[0.07370316641671316, 0.04226622948279747, 0.029359291076660167]"
DiagReachK3,186,KL,SR,shaped,raw,development_DiagReachK3_s186_KL_SR,24,12000,selection,12,9.088645029906184,9.088645029906184,0.0,1.0,0.0,"[6.036731282869975, 5.855204621950786, 10.847179889678955]","[0.0, 0.0, 0.0]","[0.0, 0.0, 0.0]"
DiagReachK3,186,KL,SR,shaped,raw,development_DiagReachK3_s186_KL_SR,24,12000,acceptance,8,9.468745650933124,9.468745650933124,0.0,1.0,0.0,"[6.811243772506714, 6.266498446464539, 11.977742195129395]","[0.0, 0.0, 0.0]","[0.0, 0.0, 0.0]"
DiagReachK3,186,KL,SS,shaped,shaped,development_DiagReachK3_s186_KL_SS,0,480,exploration,20,4.997135980804524,4.105929120262227,0.8912068605422974,0.1,0.4,"[5.58738404661417, 1.173620080947876, 4.714179801940918]","[0.4, 0.0, 0.0]","[0.08042649882180351, 0.0, 0.0]"
DiagReachK3,186,KL,SS,shaped,shaped,development_DiagReachK3_s186_KL_SS,0,480,selection,12,6.122935758926906,6.122935758926906,0.0,0.0,0.0,"[6.071148753166199, 0.4449304590622584, 4.547234853108724]","[0.0, 0.0, 0.0]","[0.0, 0.0, 0.0]"
DiagReachK3,186,KL,SS,shaped,shaped,development_DiagReachK3_s186_KL_SS,0,480,acceptance,8,6.209490127186291,6.209490127186291,0.0,0.0,0.0,"[5.900539577007294, 0.6631163656711578, 4.56409078836441]","[0.0, 0.0, 0.0]","[0.0, 0.0, 0.0]"
DiagReachK3,186,KL,SS,shaped,shaped,development_DiagReachK3_s186_KL_SS,1,960,exploration,20,5.446009807473747,4.962791882640449,0.48321792483329773,0.2,0.25,"[4.7903139114379885, 2.3940582811832427, 5.922367733716965]","[0.2, 0.05, 0.05]","[0.0345853328704834, 0.008765051915095402, 0.0011367492675781298]"
DiagReachK3,186,KL,SS,shaped,shaped,development_DiagReachK3_s186_KL_SS,1,960,selection,12,7.9353253234216625,7.784912878154621,0.15041244526704153,0.4166666666666667,0.3333333333333333,"[6.910333593686421, 1.9181840817133586, 7.660985708236694]","[0.3333333333333333, 0.0, 0.0]","[0.025680065155029297, 0.0, 0.0]"
DiagReachK3,186,KL,SS,shaped,shaped,development_DiagReachK3_s186_KL_SS,1,960,acceptance,8,7.708549464866519,7.708549464866519,0.0,0.5,0.0,"[6.318527698516846, 1.8416163623332977, 7.019006252288818]","[0.0, 0.0, 0.0]","[0.0, 0.0, 0.0]"
DiagReachK3,186,KL,SS,shaped,shaped,development_DiagReachK3_s186_KL_SS,2,1440,exploration,20,5.991704728445038,5.23249181731604,0.7592129111289978,0.2,0.25,"[5.140136313438416, 2.404872050881386, 6.230410584807396]","[0.25, 0.0, 0.1]","[0.05186669145311627, 0.0, 0.00980513763427735]"
DiagReachK3,186,KL,SS,shaped,shaped,development_DiagReachK3_s186_KL_SS,2,1440,selection,12,8.584077673345261,8.584077673345261,0.0,1.0,0.0,"[6.333792845408122, 3.3378589153289795, 8.622241616249084]","[0.0, 0.0, 0.0]","[0.0, 0.0, 0.0]"
DiagReachK3,186,KL,SS,shaped,shaped,development_DiagReachK3_s186_KL_SS,2,1440,acceptance,8,8.613505772729695,8.613505772729695,0.0,1.0,0.0,"[6.1912840604782104, 3.303677201271057, 8.44478839635849]","[0.0, 0.0, 0.0]","[0.0, 0.0, 0.0]"
DiagReachK3,186,KL,SS,shaped,shaped,development_DiagReachK3_s186_KL_SS,3,1920,exploration,20,7.36479128649291,6.162446049357023,1.2023452371358871,0.25,0.45,"[5.753533035516739, 4.669050639867782, 9.147342693805694]","[0.3, 0.25, 0.15]","[0.04862589154924666, 0.03878704217764047, 0.010418327331542975]"
DiagReachK3,186,KL,SS,shaped,shaped,development_DiagReachK3_s186_KL_SS,3,1920,selection,12,9.155080630023198,9.155080630023198,0.0,1.0,0.0,"[6.350027879079183, 4.447290102640788, 9.789976437886557]","[0.0, 0.0, 0.0]","[0.0, 0.0, 0.0]"
DiagReachK3,186,KL,SS,shaped,shaped,development_DiagReachK3_s186_KL_SS,3,1920,acceptance,8,9.152132275351324,9.152132275351324,0.0,1.0,0.0,"[6.3433420062065125, 4.523456871509552, 9.8563072681427]","[0.0, 0.0, 0.0]","[0.0, 0.0, 0.0]"
DiagReachK3,186,KL,SS,shaped,shaped,development_DiagReachK3_s186_KL_SS,4,2400,exploration,20,7.526908472920768,5.358657927061431,2.168250545859337,0.2,0.45,"[6.533641493320465, 4.389239926636219, 9.595676136016845]","[0.35, 0.15, 0.2]","[0.08157228742327008, 0.03582506546607385, 0.029908275604248045]"
DiagReachK3,186,KL,SS,shaped,shaped,development_DiagReachK3_s186_KL_SS,4,2400,selection,12,8.880902866532415,8.880902866532415,0.0,1.0,0.0,"[5.793785015741984, 4.6104709704717, 9.395062565803528]","[0.0, 0.0, 0.0]","[0.0, 0.0, 0.0]"
DiagReachK3,186,KL,SS,shaped,shaped,development_DiagReachK3_s186_KL_SS,4,2400,acceptance,8,9.303973377501826,9.303973377501826,0.0,1.0,0.0,"[6.598572611808777, 4.854324817657471, 10.425776243209839]","[0.0, 0.0, 0.0]","[0.0, 0.0, 0.0]"
DiagReachK3,186,KL,SS,shaped,shaped,development_DiagReachK3_s186_KL_SS,5,2880,exploration,20,6.931898711429386,6.587952001200465,0.34394671022892,0.15,0.3,"[5.5876556754112245, 3.487507405877113, 7.817354953289032]","[0.25, 0.05, 0.05]","[0.028388261795043956, 0.004135109828068662, 0.00032772827148437323]"
DiagReachK3,186,KL,SS,shaped,shaped,development_DiagReachK3_s186_KL_SS,5,2880,selection,12,9.477252926599371,9.282832161755747,0.19442076484362283,0.3333333333333333,0.6666666666666666,"[6.882527430852254, 5.660892089207967, 11.492180585861206]","[0.3333333333333333, 0.3333333333333333, 0.08333333333333333]","[0.02106465612139019, 0.01020536667261368, 0.0004956054687499933]"
DiagReachK3,186,KL,SS,shaped,shaped,development_DiagReachK3_s186_KL_SS,5,2880,acceptance,8,9.314309484844852,9.314309484844852,0.0,1.0,0.0,"[6.57596743106842, 4.9103169441223145, 10.461216688156128]","[0.0, 0.0, 0.0]","[0.0, 0.0, 0.0]"
DiagReachK3,186,KL,SS,shaped,shaped,development_DiagReachK3_s186_KL_SS,6,3360,exploration,20,7.34648063900182,6.5116082889051174,0.8348723500967026,0.3,0.3,"[5.773704087734222, 3.7407088026404383, 8.255420744419098]","[0.25, 0.15, 0.1]","[0.03262869630541121, 0.024876954005314755, 0.015869281768798836]"
DiagReachK3,186,KL,SS,shaped,shaped,development_DiagReachK3_s186_KL_SS,6,3360,selection,12,9.218690509646937,9.218690509646937,0.0,1.0,0.0,"[6.327277143796285, 5.146461685498555, 10.428974946339926]","[0.0, 0.0, 0.0]","[0.0, 0.0, 0.0]"
DiagReachK3,186,KL,SS,shaped,shaped,development_DiagReachK3_s186_KL_SS,6,3360,acceptance,8,9.278715470075987,9.278715470075987,0.0,1.0,0.0,"[6.548312067985535, 4.91314423084259, 10.436607837677002]","[0.0, 0.0, 0.0]","[0.0, 0.0, 0.0]"
DiagReachK3,186,KL,SS,shaped,shaped,development_DiagReachK3_s186_KL_SS,7,3840,exploration,20,7.785547543391585,6.179969597682357,1.6055779457092285,0.15,0.5,"[6.71605983376503, 4.62325804233551, 10.1846994638443]","[0.45, 0.1, 0.1]","[0.09346737521035331, 0.01779777820293721, 0.016528327941894537]"
DiagReachK3,186,KL,SS,shaped,shaped,development_DiagReachK3_s186_KL_SS,7,3840,selection,12,9.127751136342702,9.127751136342702,0.0,1.0,0.0,"[6.2976391315460205, 4.968322277069092, 10.250000397364298]","[0.0, 0.0, 0.0]","[0.0, 0.0, 0.0]"
DiagReachK3,186,KL,SS,shaped,shaped,development_DiagReachK3_s186_KL_SS,7,3840,acceptance,8,9.285318992449902,9.285318992449902,0.0,1.0,0.0,"[6.504526376724243, 4.891952157020569, 10.374433279037476]","[0.0, 0.0, 0.0]","[0.0, 0.0, 0.0]"
DiagReachK3,186,KL,SS,shaped,shaped,development_DiagReachK3_s186_KL_SS,8,4320,exploration,20,7.6981945606588855,4.955916208279086,2.742278352379799,0.1,0.6,"[6.668399238586426, 4.76908486187458, 10.172030663490295]","[0.5, 0.2, 0.25]","[0.08372855867658344, 0.0711191800924448, 0.04891821670532227]"
DiagReachK3,186,KL,SS,shaped,shaped,development_DiagReachK3_s186_KL_SS,8,4320,selection,12,8.748557793823421,8.748557793823421,0.0,1.0,0.0,"[6.0595576365788775, 4.021087785561879, 9.021851817766825]","[0.0, 0.0, 0.0]","[0.0, 0.0, 0.0]"
DiagReachK3,186,KL,SS,shaped,shaped,development_DiagReachK3_s186_KL_SS,8,4320,acceptance,8,9.25260760760284,9.25260760760284,0.0,1.0,0.0,"[6.524586200714111, 4.738102912902832, 10.243080615997314]","[0.0, 0.0, 0.0]","[0.0, 0.0, 0.0]"
DiagReachK3,186,KL,SS,shaped,shaped,development_DiagReachK3_s186_KL_SS,9,4800,exploration,20,7.848730886055856,4.990260967685607,2.858469918370247,0.35,0.5,"[6.169052100181579, 5.554015028476715, 10.528722763061523]","[0.35, 0.3, 0.35]","[0.09537940365927562, 0.08842765001150278, 0.0629287109375]"
DiagReachK3,186,KL,SS,shaped,shaped,development_DiagReachK3_s186_KL_SS,9,4800,selection,12,8.740582514385459,8.740582514385459,0.0,1.0,0.0,"[5.617634057998657, 4.31585168838501, 8.937281966209412]","[0.0, 0.0, 0.0]","[0.0, 0.0, 0.0]"
DiagReachK3,186,KL,SS,shaped,shaped,development_DiagReachK3_s186_KL_SS,9,4800,acceptance,8,9.278432301874272,9.278432301874272,0.0,1.0,0.0,"[6.6083961725234985, 4.931698203086853, 10.515872955322266]","[0.0, 0.0, 0.0]","[0.0, 0.0, 0.0]"
DiagReachK3,186,KL,SS,shaped,shaped,development_DiagReachK3_s186_KL_SS,10,5280,exploration,20,7.341650729065148,6.197936554436891,1.1437141746282578,0.25,0.4,"[5.8568626821041105, 3.9600227177143097, 8.5731827378273]","[0.4, 0.05, 0.1]","[0.052554546083722786, 0.014864253997802734, 0.014893314361572263]"
DiagReachK3,186,KL,SS,shaped,shaped,development_DiagReachK3_s186_KL_SS,10,5280,selection,12,9.117604589358598,9.117604589358598,0.0,1.0,0.0,"[6.311068932215373, 4.516834219296773, 9.80969762802124]","[0.0, 0.0, 0.0]","[0.0, 0.0, 0.0]"
DiagReachK3,186,KL,SS,shaped,shaped,development_DiagReachK3_s186_KL_SS,10,5280,acceptance,8,9.287838636810193,9.287838636810193,0.0,1.0,0.0,"[6.570121765136719, 4.892462611198425, 10.44100308418274]","[0.0, 0.0, 0.0]","[0.0, 0.0, 0.0]"
DiagReachK3,186,KL,SS,shaped,shaped,development_DiagReachK3_s186_KL_SS,11,5760,exploration,20,7.500321607249788,6.933121542590669,0.5672000646591187,0.15,0.45,"[6.073186218738556, 4.1110815584659575, 9.005774283409119]","[0.4, 0.1, 0.15]","[0.04334564890180315, 0.0009443466479961748, 0.005640235900878909]"
DiagReachK3,186,KL,SS,shaped,shaped,development_DiagReachK3_s186_KL_SS,11,5760,selection,12,9.401839644106925,9.388250430815122,0.013589213291803995,0.75,0.25,"[6.678732752799988, 5.457733591397603, 11.084283749262491]","[0.25, 0.0, 0.0]","[0.002717841239202601, 0.0, 0.0]"
DiagReachK3,186,KL,SS,shaped,shaped,development_DiagReachK3_s186_KL_SS,11,5760,acceptance,8,9.304430980383769,9.304430980383769,0.0,1.0,0.0,"[6.460109829902649, 5.520693302154541, 10.949246406555176]","[0.0, 0.0, 0.0]","[0.0, 0.0, 0.0]"
DiagReachK3,186,KL,SS,shaped,shaped,development_DiagReachK3_s186_KL_SS,12,6240,exploration,20,7.8060798734801935,5.996127852835052,1.8099520206451416,0.35,0.4,"[5.4078162729740145, 5.848517835140228, 10.116571342945099]","[0.1, 0.35, 0.2]","[0.018576083864484515, 0.078767912204449, 0.026774681091308594]"
DiagReachK3,186,KL,SS,shaped,shaped,development_DiagReachK3_s186_KL_SS,12,6240,selection,12,9.253563535759652,9.253563535759652,0.0,1.0,0.0,"[6.480299671490987, 5.620262702306111, 11.031983057657877]","[0.0, 0.0, 0.0]","[0.0, 0.0, 0.0]"
DiagReachK3,186,KL,SS,shaped,shaped,development_DiagReachK3_s186_KL_SS,12,6240,acceptance,8,9.340438190987335,9.340438190987335,0.0,1.0,0.0,"[6.442925691604614, 6.234423756599426, 11.615322828292847]","[0.0, 0.0, 0.0]","[0.0, 0.0, 0.0]"
DiagReachK3,186,KL,SS,shaped,shaped,development_DiagReachK3_s186_KL_SS,13,6720,exploration,20,7.717821891794448,6.376367654094939,1.3414542376995087,0.35,0.4,"[5.775776952505112, 4.921107220649719, 9.52578809261322]","[0.3, 0.15, 0.15]","[0.03999943392617361, 0.02040927960322454, 0.01781281280517579]"
DiagReachK3,186,KL,SS,shaped,shaped,development_DiagReachK3_s186_KL_SS,13,6720,selection,12,9.093822228873615,9.093822228873615,0.0,1.0,0.0,"[5.740866978963216, 5.993608792622884, 10.716073671976725]","[0.0, 0.0, 0.0]","[0.0, 0.0, 0.0]"
DiagReachK3,186,KL,SS,shaped,shaped,development_DiagReachK3_s186_KL_SS,13,6720,acceptance,8,9.361668736836872,9.361668736836872,0.0,1.0,0.0,"[6.312348008155823, 6.105743646621704, 11.380977153778076]","[0.0, 0.0, 0.0]","[0.0, 0.0, 0.0]"
DiagReachK3,186,KL,SS,shaped,shaped,development_DiagReachK3_s186_KL_SS,14,7200,exploration,20,7.532041077847825,6.103044991727221,1.4289960861206055,0.2,0.5,"[5.385397684574127, 5.191367679834366, 9.440741726756096]","[0.3, 0.3, 0.25]","[0.03660233701978409, 0.048946028489332924, 0.025662227630615243]"
DiagReachK3,186,KL,SS,shaped,shaped,development_DiagReachK3_s186_KL_SS,14,7200,selection,12,9.377116345338193,9.32076072491424,0.056355620423952736,0.6666666666666666,0.3333333333333333,"[6.432470281918843, 5.958162347475688, 11.328443765640259]","[0.3333333333333333, 0.0, 0.0]","[0.010469771566845124, 0.0, 0.0]"
DiagReachK3,186,KL,SS,shaped,shaped,development_DiagReachK3_s186_KL_SS,14,7200,acceptance,8,9.436804205388762,9.436804205388762,0.0,1.0,0.0,"[6.458802700042725, 6.233053088188171, 11.641813039779663]","[0.0, 0.0, 0.0]","[0.0, 0.0, 0.0]"
DiagReachK3,186,KL,SS,shaped,shaped,development_DiagReachK3_s186_KL_SS,15,7680,exploration,20,8.25744627601176,4.983301701011952,3.2741445749998093,0.1,0.7,"[7.004577374458313, 5.503155183792114, 11.376631736755371]","[0.6, 0.3, 0.3]","[0.0982078960963658, 0.07678193679222693, 0.05475959777832031]"
DiagReachK3,186,KL,SS,shaped,shaped,development_DiagReachK3_s186_KL_SS,15,7680,selection,12,9.019857123063412,9.019857123063412,0.0,1.0,0.0,"[5.963487466176351, 5.4034403165181475, 10.34041428565979]","[0.0, 0.0, 0.0]","[0.0, 0.0, 0.0]"
DiagReachK3,186,KL,SS,shaped,shaped,development_DiagReachK3_s186_KL_SS,15,7680,acceptance,8,9.372809177570161,9.372809177570161,0.0,1.0,0.0,"[6.413243770599365, 6.183727145195007, 11.542785167694092]","[0.0, 0.0, 0.0]","[0.0, 0.0, 0.0]"
DiagReachK3,186,KL,SS,shaped,shaped,development_DiagReachK3_s186_KL_SS,16,8160,exploration,20,7.957703614461496,7.27795811914213,0.6797454953193665,0.35,0.4,"[5.983743834495544, 5.257432401180267, 10.154469513893128]","[0.3, 0.15, 0.15]","[0.025651880672999793, 0.017660742539625896, 0.010122924804687494]"
DiagReachK3,186,KL,SS,shaped,shaped,development_DiagReachK3_s186_KL_SS,16,8160,selection,12,9.325428500265115,9.325428500265115,0.0,1.0,0.0,"[6.439074198404948, 6.257060607274373, 11.630043427149454]","[0.0, 0.0, 0.0]","[0.0, 0.0, 0.0]"
DiagReachK3,186,KL,SS,shaped,shaped,development_DiagReachK3_s186_KL_SS,16,8160,acceptance,8,9.398163263754395,9.398163263754395,0.0,1.0,0.0,"[6.477683126926422, 6.200074791908264, 11.61445939540863]","[0.0, 0.0, 0.0]","[0.0, 0.0, 0.0]"
DiagReachK3,186,KL,SS,shaped,shaped,development_DiagReachK3_s186_KL_SS,17,8640,exploration,20,7.870173096156213,5.998668312525842,1.871504783630371,0.2,0.6,"[6.257387161254883, 5.552684047818184, 10.546828591823578]","[0.35, 0.4, 0.3]","[0.043691277503967285, 0.0776363336122953, 0.03308206939697267]"
DiagReachK3,186,KL,SS,shaped,shaped,development_DiagReachK3_s186_KL_SS,17,8640,selection,12,9.236875331431898,9.236875331431898,0.0,1.0,0.0,"[6.630719502766927, 5.625226895014445, 11.157685041427612]","[0.0, 0.0, 0.0]","[0.0, 0.0, 0.0]"
DiagReachK3,186,KL,SS,shaped,shaped,development_DiagReachK3_s186_KL_SS,17,8640,acceptance,8,9.48720936026657,9.48720936026657,0.0,1.0,0.0,"[6.792704105377197, 6.214347839355469, 11.913483619689941]","[0.0, 0.0, 0.0]","[0.0, 0.0, 0.0]"
DiagReachK3,186,KL,SS,shaped,shaped,development_DiagReachK3_s186_KL_SS,18,9120,exploration,20,7.85129745926817,6.666345602535803,1.1849518567323685,0.15,0.4,"[6.035110318660736, 5.029648762941361, 9.785814225673676]","[0.3, 0.1, 0.2]","[0.047210560526166644, 0.03031484897320087, 0.010519229888916015]"
DiagReachK3,186,KL,SS,shaped,shaped,development_DiagReachK3_s186_KL_SS,18,9120,selection,12,9.418603217124474,9.404589122056496,0.014014095067977905,0.6666666666666666,0.3333333333333333,"[6.770769000053406, 5.859623074531555, 11.54571787516276]","[0.3333333333333333, 0.0, 0.0]","[0.0028028204327537978, 0.0, 0.0]"
DiagReachK3,186,KL,SS,shaped,shaped,development_DiagReachK3_s186_KL_SS,18,9120,acceptance,8,9.397869133367204,9.397869133367204,0.0,1.0,0.0,"[6.658447504043579, 6.152854084968567, 11.71607780456543]","[0.0, 0.0, 0.0]","[0.0, 0.0, 0.0]"
DiagReachK3,186,KL,SS,shaped,shaped,development_DiagReachK3_s186_KL_SS,19,9600,exploration,20,7.891068213600666,6.399512984771282,1.4915552288293839,0.35,0.4,"[6.157375502586365, 5.244933795928955, 10.152478003501892]","[0.3, 0.25, 0.3]","[0.05179814951760429, 0.03851569615877594, 0.023512039184570323]"
DiagReachK3,186,KL,SS,shaped,shaped,development_DiagReachK3_s186_KL_SS,19,9600,selection,12,9.136387938207676,9.136387938207676,0.0,1.0,0.0,"[6.153233806292216, 5.772790233294169, 10.863026062647501]","[0.0, 0.0, 0.0]","[0.0, 0.0, 0.0]"
DiagReachK3,186,KL,SS,shaped,shaped,development_DiagReachK3_s186_KL_SS,19,9600,acceptance,8,9.418727787554964,9.418727787554964,0.0,1.0,0.0,"[6.767544865608215, 6.240769624710083, 11.906834125518799]","[0.0, 0.0, 0.0]","[0.0, 0.0, 0.0]"
DiagReachK3,186,KL,SS,shaped,shaped,development_DiagReachK3_s186_KL_SS,20,10080,exploration,20,7.90906531592307,7.237303311428403,0.671762004494667,0.35,0.35,"[5.827308911085129, 5.118106925487519, 9.733611750602723]","[0.25, 0.1, 0.1]","[0.04590067522866385, 0.007561162801889276, 0.00807063293457031]"
DiagReachK3,186,KL,SS,shaped,shaped,development_DiagReachK3_s186_KL_SS,20,10080,selection,12,9.138661332170402,9.138661332170402,0.0,1.0,0.0,"[6.068179329236348, 6.090072671572368, 11.089049736658732]","[0.0, 0.0, 0.0]","[0.0, 0.0, 0.0]"
DiagReachK3,186,KL,SS,shaped,shaped,development_DiagReachK3_s186_KL_SS,20,10080,acceptance,8,9.395502395660152,9.395502395660152,0.0,1.0,0.0,"[6.659361958503723, 6.1305564641952515, 11.701431274414062]","[0.0, 0.0, 0.0]","[0.0, 0.0, 0.0]"
DiagReachK3,186,KL,SS,shaped,shaped,development_DiagReachK3_s186_KL_SS,21,10560,exploration,20,8.325881407271954,5.445519671451184,2.8803617358207703,0.25,0.7,"[7.112713813781738, 5.411723804473877, 11.366206884384155]","[0.5, 0.4, 0.35]","[0.10494379316057478, 0.050382317029512846, 0.05789950561523438]"
DiagReachK3,186,KL,SS,shaped,shaped,development_DiagReachK3_s186_KL_SS,21,10560,selection,12,9.130039170871411,9.130039170871411,0.0,1.0,0.0,"[6.047451853752136, 5.8153611818949384, 10.801262617111206]","[0.0, 0.0, 0.0]","[0.0, 0.0, 0.0]"
DiagReachK3,186,KL,SS,shaped,shaped,development_DiagReachK3_s186_KL_SS,21,10560,acceptance,8,9.401861626264871,9.401861626264871,0.0,1.0,0.0,"[6.60373592376709, 6.183969974517822, 11.705076694488525]","[0.0, 0.0, 0.0]","[0.0, 0.0, 0.0]"
DiagReachK3,186,KL,SS,shaped,shaped,development_DiagReachK3_s186_KL_SS,22,11040,exploration,20,8.044536823921373,5.609853858642746,2.4346829652786255,0.3,0.5,"[6.155584228038788, 5.6434595584869385, 10.704434084892274]","[0.25, 0.35, 0.2]","[0.06135270254952567, 0.06971080486591047, 0.04542420196533202]"
DiagReachK3,186,KL,SS,shaped,shaped,development_DiagReachK3_s186_KL_SS,22,11040,selection,12,8.992194639968025,8.992194639968025,0.0,1.0,0.0,"[6.0625782410303755, 5.523872812589009, 10.518934408823648]","[0.0, 0.0, 0.0]","[0.0, 0.0, 0.0]"
DiagReachK3,186,KL,SS,shaped,shaped,development_DiagReachK3_s186_KL_SS,22,11040,acceptance,8,9.464945246878779,9.464945246878779,0.0,1.0,0.0,"[6.695492625236511, 6.245944499969482, 11.848107099533081]","[0.0, 0.0, 0.0]","[0.0, 0.0, 0.0]"
DiagReachK3,186,KL,SS,shaped,shaped,development_DiagReachK3_s186_KL_SS,23,11520,exploration,20,8.057978617495099,7.2876245253739755,0.7703540921211243,0.4,0.4,"[6.162656712532043, 5.33579957485199, 10.296405959129334]","[0.2, 0.25, 0.1]","[0.015599925177437912, 0.03203664192786583, 0.007803794860839852]"
DiagReachK3,186,KL,SS,shaped,shaped,development_DiagReachK3_s186_KL_SS,23,11520,selection,12,9.093523979780729,9.093523979780729,0.0,1.0,0.0,"[6.289940079053243, 5.392948230107625, 10.617644548416138]","[0.0, 0.0, 0.0]","[0.0, 0.0, 0.0]"
DiagReachK3,186,KL,SS,shaped,shaped,development_DiagReachK3_s186_KL_SS,23,11520,acceptance,8,9.45609574627015,9.45609574627015,0.0,1.0,0.0,"[6.770779013633728, 6.261901497840881, 11.935789108276367]","[0.0, 0.0, 0.0]","[0.0, 0.0, 0.0]"
DiagReachK3,186,KL,SS,shaped,shaped,development_DiagReachK3_s186_KL_SS,24,12000,exploration,20,7.842770021507168,5.851734157750034,1.9910358637571335,0.2,0.55,"[5.819070315361023, 5.342620360851288, 9.965418517589569]","[0.3, 0.35, 0.2]","[0.07370316641671316, 0.04226622948279747, 0.029359291076660167]"
DiagReachK3,186,KL,SS,shaped,shaped,development_DiagReachK3_s186_KL_SS,24,12000,selection,12,9.088645029906184,9.088645029906184,0.0,1.0,0.0,"[6.036731282869975, 5.855204621950786, 10.847179889678955]","[0.0, 0.0, 0.0]","[0.0, 0.0, 0.0]"
DiagReachK3,186,KL,SS,shaped,shaped,development_DiagReachK3_s186_KL_SS,24,12000,acceptance,8,9.468745650933124,9.468745650933124,0.0,1.0,0.0,"[6.811243772506714, 6.266498446464539, 11.977742195129395]","[0.0, 0.0, 0.0]","[0.0, 0.0, 0.0]"
DiagReachK3,186,W2,RR,raw,raw,development_DiagReachK3_s186_W2_RR,0,480,exploration,20,4.997135980804524,4.105929120262227,0.8912068605422974,0.1,0.4,"[5.58738404661417, 1.173620080947876, 4.714179801940918]","[0.4, 0.0, 0.0]","[0.08042649882180351, 0.0, 0.0]"
DiagReachK3,186,W2,RR,raw,raw,development_DiagReachK3_s186_W2_RR,0,480,selection,12,6.15392583499197,6.15392583499197,0.0,0.0,0.0,"[6.140569647153218, 0.44824595252672833, 4.671844323476155]","[0.0, 0.0, 0.0]","[0.0, 0.0, 0.0]"
DiagReachK3,186,W2,RR,raw,raw,development_DiagReachK3_s186_W2_RR,0,480,acceptance,8,6.209490127186291,6.209490127186291,0.0,0.0,0.0,"[5.900539577007294, 0.6631163656711578, 4.56409078836441]","[0.0, 0.0, 0.0]","[0.0, 0.0, 0.0]"
DiagReachK3,186,W2,RR,raw,raw,development_DiagReachK3_s186_W2_RR,1,960,exploration,20,5.446009807473747,4.962791882640449,0.48321792483329773,0.2,0.25,"[4.7903139114379885, 2.3940582811832427, 5.922367733716965]","[0.2, 0.05, 0.05]","[0.0345853328704834, 0.008765051915095402, 0.0011367492675781298]"
DiagReachK3,186,W2,RR,raw,raw,development_DiagReachK3_s186_W2_RR,1,960,selection,12,7.964789588140167,7.7619876403477965,0.20280194779237112,0.08333333333333333,0.6666666666666666,"[7.149120807647705, 1.8652288913726807, 7.8179144859313965]","[0.6666666666666666, 0.0, 0.0]","[0.036157959983462384, 0.0, 0.0]"
DiagReachK3,186,W2,RR,raw,raw,development_DiagReachK3_s186_W2_RR,1,960,acceptance,8,7.370809557219036,7.370809557219036,0.0,0.0,0.0,"[6.384622573852539, 1.35848867893219, 6.545865535736084]","[0.0, 0.0, 0.0]","[0.0, 0.0, 0.0]"
DiagReachK3,186,W2,RR,raw,raw,development_DiagReachK3_s186_W2_RR,2,1440,exploration,20,5.630402281873394,4.831422716372181,0.7989795655012131,0.15,0.3,"[5.050079554319382, 2.0617503002285957, 5.752022162079811]","[0.3, 0.0, 0.1]","[0.058985393387930726, 0.0, 0.007777820587158202]"
DiagReachK3,186,W2,RR,raw,raw,development_DiagReachK3_s186_W2_RR,2,1440,selection,12,8.127615098234187,7.705000707582802,0.422614390651385,0.4166666666666667,0.3333333333333333,"[6.97848395506541, 2.3816756506760917, 8.244428833325705]","[0.3333333333333333, 0.0, 0.0]","[0.05196826230911981, 0.0, 0.0]"
DiagReachK3,186,W2,RR,raw,raw,development_DiagReachK3_s186_W2_RR,2,1440,acceptance,8,7.957295730206534,7.957295730206534,0.0,0.5,0.0,"[6.1610647439956665, 2.2233680337667465, 7.288434624671936]","[0.0, 0.0, 0.0]","[0.0, 0.0, 0.0]"
DiagReachK3,186,W2,RR,raw,raw,development_DiagReachK3_s186_W2_RR,3,1920,exploration,20,6.085940591179533,5.648755646430654,0.4371849447488785,0.35,0.2,"[4.027746613323688, 3.7174905061721804, 6.5842905849218365]","[0.1, 0.15, 0.05]","[0.007872193200247634, 0.034307454182551454, 0.010246871948242187]"
DiagReachK3,186,W2,RR,raw,raw,development_DiagReachK3_s186_W2_RR,3,1920,selection,12,8.966668609860546,8.845051242990303,0.12161736687024434,0.3333333333333333,0.6666666666666666,"[6.8099502722422285, 3.966155151526133, 9.779407660166422]","[0.6666666666666666, 0.0, 0.0]","[0.02325914019630071, 0.0, 0.0]"
DiagReachK3,186,W2,RR,raw,raw,development_DiagReachK3_s186_W2_RR,3,1920,acceptance,8,8.44732996808598,8.44732996808598,0.0,1.0,0.0,"[6.001196265220642, 3.1144455671310425, 8.119290828704834]","[0.0, 0.0, 0.0]","[0.0, 0.0, 0.0]"
DiagReachK3,186,W2,RR,raw,raw,development_DiagReachK3_s186_W2_RR,4,2400,exploration,20,6.406130852644566,5.397718998139026,1.008411854505539,0.4,0.3,"[4.804645389318466, 3.3509320214390756, 6.707678103446961]","[0.25, 0.1, 0.15]","[0.06784187044416155, 0.012623339432936453, 0.011207717895507808]"
DiagReachK3,186,W2,RR,raw,raw,development_DiagReachK3_s186_W2_RR,4,2400,selection,12,8.810072207489672,8.675079160967531,0.1349930465221405,0.6666666666666666,0.3333333333333333,"[6.179659605026245, 4.12953644990921, 9.31381630897522]","[0.3333333333333333, 0.0, 0.0]","[0.02243535859244211, 0.0, 0.0]"
DiagReachK3,186,W2,RR,raw,raw,development_DiagReachK3_s186_W2_RR,4,2400,acceptance,8,8.639864257868613,8.639864257868613,0.0,1.0,0.0,"[5.667700886726379, 4.098945170640945, 8.761035203933716]","[0.0, 0.0, 0.0]","[0.0, 0.0, 0.0]"
DiagReachK3,186,W2,RR,raw,raw,development_DiagReachK3_s186_W2_RR,5,2880,exploration,20,6.948423212643247,6.715205660338979,0.23321755230426788,0.4,0.25,"[4.713273644447327, 4.86655889749527, 8.416446828842163]","[0.05, 0.2, 0.0]","[0.007524340493338444, 0.019654141939603364, 0.0]"
DiagReachK3,186,W2,RR,raw,raw,development_DiagReachK3_s186_W2_RR,5,2880,selection,12,9.103652652257006,9.095761643005728,0.007891009251276651,0.9166666666666666,0.08333333333333333,"[5.920087615648906, 5.07781167825063, 9.99128532409668]","[0.08333333333333333, 0.0, 0.0]","[0.0015782061077299625, 0.0, 0.0]"
DiagReachK3,186,W2,RR,raw,raw,development_DiagReachK3_s186_W2_RR,5,2880,acceptance,8,8.993351636003354,8.993351636003354,0.0,1.0,0.0,"[5.510307312011719, 5.264118909835815, 9.76841950416565]","[0.0, 0.0, 0.0]","[0.0, 0.0, 0.0]"
DiagReachK3,186,W2,RR,raw,raw,development_DiagReachK3_s186_W2_RR,6,3360,exploration,20,7.237625685718376,7.020072546985466,0.21755313873291016,0.35,0.25,"[4.942552000284195, 4.369620698690414, 8.217600846290589]","[0.1, 0.15, 0.0]","[0.017388476644243513, 0.008252587685218226, 0.0]"
DiagReachK3,186,W2,RR,raw,raw,development_DiagReachK3_s186_W2_RR,6,3360,selection,12,9.30036063704562,9.30036063704562,0.0,1.0,0.0,"[6.204663713773091, 5.827442049980164, 11.010372559229532]","[0.0, 0.0, 0.0]","[0.0, 0.0, 0.0]"
DiagReachK3,186,W2,RR,raw,raw,development_DiagReachK3_s186_W2_RR,6,3360,acceptance,8,9.351509664717742,9.351509664717742,0.0,1.0,0.0,"[6.042310297489166, 5.78889662027359, 10.780087113380432]","[0.0, 0.0, 0.0]","[0.0, 0.0, 0.0]"
DiagReachK3,186,W2,RR,raw,raw,development_DiagReachK3_s186_W2_RR,7,3840,exploration,20,8.180497916792516,6.789260553573259,1.3912373632192612,0.3,0.55,"[5.641814172267914, 5.978563797473908, 10.445240116119384]","[0.25, 0.45, 0.25]","[0.0199859380722046, 0.0701348561507005, 0.020853446960449218]"
DiagReachK3,186,W2,RR,raw,raw,development_DiagReachK3_s186_W2_RR,7,3840,selection,12,9.42470205959249,9.42470205959249,0.0,1.0,0.0,"[6.282125234603882, 5.776681621869405, 10.981668074925741]","[0.0, 0.0, 0.0]","[0.0, 0.0, 0.0]"
DiagReachK3,186,W2,RR,raw,raw,development_DiagReachK3_s186_W2_RR,7,3840,acceptance,8,9.55186044026559,9.55186044026559,0.0,1.0,0.0,"[6.410912454128265, 6.1323078870773315, 11.449962854385376]","[0.0, 0.0, 0.0]","[0.0, 0.0, 0.0]"
DiagReachK3,186,W2,RR,raw,raw,development_DiagReachK3_s186_W2_RR,8,4320,exploration,20,8.391146736331283,5.679683374352753,2.711463361978531,0.2,0.6,"[6.755151629447937, 5.92114748954773, 11.574877905845643]","[0.5, 0.4, 0.4]","[0.07481845106397357, 0.07939140246464657, 0.05902196884155275]"
DiagReachK3,186,W2,RR,raw,raw,development_DiagReachK3_s186_W2_RR,8,4320,selection,12,9.412934632979644,9.305148027224156,0.10778660575548808,0.6666666666666666,0.3333333333333333,"[6.472095966339111, 5.814973751703898, 11.213454882303873]","[0.3333333333333333, 0.3333333333333333, 0.3333333333333333]","[0.004123432295663014, 0.011438754888681272, 0.005563920338948573]"
DiagReachK3,186,W2,RR,raw,raw,development_DiagReachK3_s186_W2_RR,8,4320,acceptance,8,9.595844884274994,9.595844884274994,0.0,1.0,0.0,"[6.599782824516296, 6.075945854187012, 11.565213441848755]","[0.0, 0.0, 0.0]","[0.0, 0.0, 0.0]"
DiagReachK3,186,W2,RR,raw,raw,development_DiagReachK3_s186_W2_RR,9,4800,exploration,20,8.043102857373015,6.178609546921507,1.8644933104515076,0.25,0.4,"[6.024236571788788, 5.833913594484329, 10.76413562297821]","[0.25, 0.3, 0.25]","[0.03378381047930036, 0.06660033372732309, 0.035775157928466805]"
DiagReachK3,186,W2,RR,raw,raw,development_DiagReachK3_s186_W2_RR,9,4800,selection,12,9.501524614915011,9.47011758647835,0.03140702843666077,0.75,0.25,"[6.5232588450113935, 5.671764492988586, 11.120366970698038]","[0.25, 0.0, 0.08333333333333333]","[0.00627755551111131, 0.0, 3.846486409497807e-06]"
DiagReachK3,186,W2,RR,raw,raw,development_DiagReachK3_s186_W2_RR,9,4800,acceptance,8,9.626785812108572,9.626785812108572,0.0,1.0,0.0,"[6.6731730699539185, 6.213654398918152, 11.767226696014404]","[0.0, 0.0, 0.0]","[0.0, 0.0, 0.0]"
DiagReachK3,186,W2,RR,raw,raw,development_DiagReachK3_s186_W2_RR,10,5280,exploration,20,7.766846773247235,7.509484675745479,0.25736209750175476,0.3,0.35,"[5.707406139373779, 5.062211918830871, 9.509172797203064]","[0.2, 0.15, 0.1]","[0.014533935274396625, 0.014763468962449289, 0.0021644172668456975]"
DiagReachK3,186,W2,RR,raw,raw,development_DiagReachK3_s186_W2_RR,10,5280,selection,12,9.745745963197743,9.190367044351296,0.5553789188464483,0.3333333333333333,0.6666666666666666,"[7.105230172475179, 6.5632108847300215, 12.568870306015015]","[0.6666666666666666, 0.6666666666666666, 0.6666666666666666]","[0.03276048387799946, 0.031203789588732583, 0.029280274709065746]"
DiagReachK3,186,W2,RR,raw,raw,development_DiagReachK3_s186_W2_RR,10,5280,acceptance,8,9.614404222511803,9.614404222511803,0.0,1.0,0.0,"[6.645543813705444, 6.192096471786499, 11.724520444869995]","[0.0, 0.0, 0.0]","[0.0, 0.0, 0.0]"
DiagReachK3,186,W2,RR,raw,raw,development_DiagReachK3_s186_W2_RR,11,5760,exploration,20,8.218310570435133,6.337780973033514,1.880529597401619,0.4,0.5,"[6.78035147190094, 5.383935248851776, 11.07854130268097]","[0.45, 0.25, 0.4]","[0.08463812896183559, 0.011920371422400844, 0.039031044006347645]"
DiagReachK3,186,W2,RR,raw,raw,development_DiagReachK3_s186_W2_RR,11,5760,selection,12,9.334342228968307,9.27357022722499,0.06077200174331665,0.6666666666666666,0.3333333333333333,"[6.0138594309488935, 6.077238440513611, 10.995492537816366]","[0.0, 0.3333333333333333, 0.0]","[0.0, 0.010728365335709015, 0.0]"
DiagReachK3,186,W2,RR,raw,raw,development_DiagReachK3_s186_W2_RR,11,5760,acceptance,8,9.587046407769957,9.587046407769957,0.0,1.0,0.0,"[6.601521134376526, 6.147073864936829, 11.640821695327759]","[0.0, 0.0, 0.0]","[0.0, 0.0, 0.0]"
DiagReachK3,186,W2,RR,raw,raw,development_DiagReachK3_s186_W2_RR,12,6240,exploration,20,8.337961062134708,6.856224342526401,1.4817367196083069,0.3,0.55,"[6.475511789321899, 5.464527022838593, 10.730769371986389]","[0.4, 0.25, 0.25]","[0.056657566343035, 0.02895696713374213, 0.025801094055175777]"
DiagReachK3,186,W2,RR,raw,raw,development_DiagReachK3_s186_W2_RR,12,6240,selection,12,9.440691926200929,9.378978220740697,0.06171370546023051,0.6666666666666666,0.3333333333333333,"[6.395147641499837, 5.865317781766255, 11.15026076634725]","[0.3333333333333333, 0.0, 0.0]","[0.012049169767470577, 0.0, 0.0]"
DiagReachK3,186,W2,RR,raw,raw,development_DiagReachK3_s186_W2_RR,12,6240,acceptance,8,9.563320967955953,9.563320967955953,0.0,1.0,0.0,"[6.618711829185486, 6.162113547325134, 11.670658349990845]","[0.0, 0.0, 0.0]","[0.0, 0.0, 0.0]"
DiagReachK3,186,W2,RR,raw,raw,development_DiagReachK3_s186_W2_RR,13,6720,exploration,20,8.288755697773013,6.573978630469355,1.7147770673036575,0.3,0.55,"[6.4695943117141725, 5.619695895910263, 10.938621020317077]","[0.35, 0.4, 0.35]","[0.0420485700879778, 0.06519459577707143, 0.033582244873046875]"
DiagReachK3,186,W2,RR,raw,raw,development_DiagReachK3_s186_W2_RR,13,6720,selection,12,9.583937869484846,9.4647718926426,0.11916597684224446,0.6666666666666666,0.3333333333333333,"[6.697893381118774, 5.952965100606282, 11.558046023050943]","[0.3333333333333333, 0.3333333333333333, 0.3333333333333333]","[0.009815267154148655, 0.00736056841336763, 0.006657377878824866]"
DiagReachK3,186,W2,RR,raw,raw,development_DiagReachK3_s186_W2_RR,13,6720,acceptance,8,9.599700569605922,9.599700569605922,0.0,1.0,0.0,"[6.515684127807617, 6.071621894836426, 11.473745584487915]","[0.0, 0.0, 0.0]","[0.0, 0.0, 0.0]"
DiagReachK3,186,W2,RR,raw,raw,development_DiagReachK3_s186_W2_RR,14,7200,exploration,20,7.874346594272646,6.909778679667506,0.9645679146051407,0.6,0.3,"[5.804405105113983, 4.970748588442802, 9.658457350730895]","[0.2, 0.15, 0.15]","[0.030097988673618858, 0.03684003169719989, 0.012786842346191407]"
DiagReachK3,186,W2,RR,raw,raw,development_DiagReachK3_s186_W2_RR,14,7200,selection,12,9.67907001208708,9.491243557447644,0.18782645463943481,0.6666666666666666,0.3333333333333333,"[6.847995042800903, 6.022064566612244, 11.78259563446045]","[0.3333333333333333, 0.3333333333333333, 0.3333333333333333]","[0.009360869725545248, 0.014181461089696626, 0.009949773152669261]"
DiagReachK3,186,W2,RR,raw,raw,development_DiagReachK3_s186_W2_RR,14,7200,acceptance,8,9.65153485621413,9.65153485621413,0.0,1.0,0.0,"[6.642654538154602, 6.172103643417358, 11.699755668640137]","[0.0, 0.0, 0.0]","[0.0, 0.0, 0.0]"
DiagReachK3,186,W2,RR,raw,raw,development_DiagReachK3_s186_W2_RR,15,7680,exploration,20,8.243901267178156,6.14946511340866,2.094436153769493,0.25,0.6,"[6.982918834686279, 5.612080764770508, 11.457457137107848]","[0.5, 0.25, 0.35]","[0.1063969305583409, 0.026883073953481818, 0.03766932678222658]"
DiagReachK3,186,W2,RR,raw,raw,development_DiagReachK3_s186_W2_RR,15,7680,selection,12,9.353361895761191,9.349906316480338,0.0034555792808532715,0.8333333333333334,0.16666666666666666,"[6.07238773504893, 6.05245025952657, 11.023508628209433]","[0.0, 0.16666666666666666, 0.0]","[0.0, 0.0006911204411433151, 0.0]"
DiagReachK3,186,W2,RR,raw,raw,development_DiagReachK3_s186_W2_RR,15,7680,acceptance,8,9.606754253279359,9.606754253279359,0.0,1.0,0.0,"[6.599857687950134, 6.129263877868652, 11.614278316497803]","[0.0, 0.0, 0.0]","[0.0, 0.0, 0.0]"
DiagReachK3,186,W2,RR,raw,raw,development_DiagReachK3_s186_W2_RR,16,8160,exploration,20,8.00827542961255,7.084937806135568,0.9233376234769821,0.45,0.3,"[5.652597427368164, 5.421615183353424, 9.88739869594574]","[0.1, 0.2, 0.15]","[0.01842963695526123, 0.04067530998816856, 0.007861026763916012]"
DiagReachK3,186,W2,RR,raw,raw,development_DiagReachK3_s186_W2_RR,16,8160,selection,12,9.64832592596249,9.361873180564606,0.2864527453978856,0.6666666666666666,0.3333333333333333,"[6.6977247794469195, 6.376785357793172, 11.955690224965414]","[0.3333333333333333, 0.3333333333333333, 0.3333333333333333]","[0.01416301159631637, 0.0178682376176883, 0.01455610275268554]"
DiagReachK3,186,W2,RR,raw,raw,development_DiagReachK3_s186_W2_RR,16,8160,acceptance,8,9.59962793624436,9.59962793624436,0.0,1.0,0.0,"[6.525694251060486, 6.153273940086365, 11.571130275726318]","[0.0, 0.0, 0.0]","[0.0, 0.0, 0.0]"
DiagReachK3,186,W2,RR,raw,raw,development_DiagReachK3_s186_W2_RR,17,8640,exploration,20,7.781513178192545,6.10394985362189,1.6775633245706558,0.3,0.4,"[5.777623033523559, 5.342300915718079, 10.007424914836884]","[0.3, 0.25, 0.25]","[0.058794437135968894, 0.037349528532761786, 0.038069164276123044]"
DiagReachK3,186,W2,RR,raw,raw,development_DiagReachK3_s186_W2_RR,17,8640,selection,12,9.484997683609011,9.441679809336348,0.04331787427266439,0.6666666666666666,0.3333333333333333,"[6.5201447407404585, 5.890473127365112, 11.309244076410929]","[0.3333333333333333, 0.25, 0.25]","[0.004771834328061053, 0.0025618076324462704, 0.0013299369812011703]"
DiagReachK3,186,W2,RR,raw,raw,development_DiagReachK3_s186_W2_RR,17,8640,acceptance,8,9.64959476691147,9.64959476691147,0.0,1.0,0.0,"[6.684757113456726, 6.156282305717468, 11.716024160385132]","[0.0, 0.0, 0.0]","[0.0, 0.0, 0.0]"
DiagReachK3,186,W2,RR,raw,raw,development_DiagReachK3_s186_W2_RR,18,9120,exploration,20,7.7846456276945535,7.356604884820408,0.4280407428741455,0.45,0.25,"[5.488692140579223, 4.8756784200668335, 9.223537755012511]","[0.15, 0.15, 0.05]","[0.023181240899222234, 0.008396940964918876, 0.006216243743896488]"
DiagReachK3,186,W2,RR,raw,raw,development_DiagReachK3_s186_W2_RR,18,9120,selection,12,9.696327536382523,9.660596638002243,0.03573089838027954,0.4166666666666667,0.5833333333333334,"[6.58937136332194, 6.416007041931152, 11.87651252746582]","[0.0, 0.5833333333333334, 0.0]","[0.0, 0.0069514237917386685, 0.0]"
DiagReachK3,186,W2,RR,raw,raw,development_DiagReachK3_s186_W2_RR,18,9120,acceptance,8,9.577003146633796,9.577003146633796,0.0,1.0,0.0,"[6.5514655113220215, 6.108638525009155, 11.540898323059082]","[0.0, 0.0, 0.0]","[0.0, 0.0, 0.0]"
DiagReachK3,186,W2,RR,raw,raw,development_DiagReachK3_s186_W2_RR,19,9600,exploration,20,8.316510283215903,7.137558349235914,1.178951933979988,0.3,0.55,"[6.628493237495422, 5.429538381099701, 10.889790320396424]","[0.4, 0.2, 0.25]","[0.049910545349121094, 0.029049880688007068, 0.017024288177490233]"
DiagReachK3,186,W2,RR,raw,raw,development_DiagReachK3_s186_W2_RR,19,9600,selection,12,9.30462312285478,9.285486405932655,0.019136716922124226,0.6666666666666666,0.3333333333333333,"[6.021701256434123, 6.021180510520935, 10.953886985778809]","[0.0, 0.3333333333333333, 0.0]","[0.0, 0.0038273395636142884, 0.0]"
DiagReachK3,186,W2,RR,raw,raw,development_DiagReachK3_s186_W2_RR,19,9600,acceptance,8,9.582968725645333,9.582968725645333,0.0,1.0,0.0,"[6.643537163734436, 6.16556978225708, 11.701172351837158]","[0.0, 0.0, 0.0]","[0.0, 0.0, 0.0]"
DiagReachK3,186,W2,RR,raw,raw,development_DiagReachK3_s186_W2_RR,20,10080,exploration,20,8.418361593637417,7.030542079958868,1.3878195136785507,0.15,0.6,"[6.367453801631927, 6.081236779689789, 11.313578271865845]","[0.3, 0.4, 0.3]","[0.04970437799181256, 0.05721420874962441, 0.02525504302978515]"
DiagReachK3,186,W2,RR,raw,raw,development_DiagReachK3_s186_W2_RR,20,10080,selection,12,9.612975999510068,9.248677650884567,0.364298348625501,0.6666666666666666,0.3333333333333333,"[6.998213410377502, 5.892864624659221, 11.788743734359741]","[0.3333333333333333, 0.0, 0.3333333333333333]","[0.03663043748764764, 0.0, 0.013958841959635407]"
DiagReachK3,186,W2,RR,raw,raw,development_DiagReachK3_s186_W2_RR,20,10080,acceptance,8,9.572837601783977,9.572837601783977,0.0,1.0,0.0,"[6.554310441017151, 6.084729909896851, 11.54166030883789]","[0.0, 0.0, 0.0]","[0.0, 0.0, 0.0]"
DiagReachK3,186,W2,RR,raw,raw,development_DiagReachK3_s186_W2_RR,21,10560,exploration,20,8.177912925581623,6.28464042137115,1.893272504210472,0.45,0.4,"[5.887352824211121, 5.8775936484336855, 10.582247304916383]","[0.3, 0.2, 0.25]","[0.06458586965288435, 0.046815189948448764, 0.040003360748291014]"
DiagReachK3,186,W2,RR,raw,raw,development_DiagReachK3_s186_W2_RR,21,10560,selection,12,9.344020202500785,9.249717235310042,0.09430296719074249,0.6666666666666666,0.3333333333333333,"[6.350030779838562, 5.8000571727752686, 11.070337295532227]","[0.3333333333333333, 0.3333333333333333, 0.3333333333333333]","[0.004375792685009187, 0.009103866723867557, 0.004517784118652335]"
DiagReachK3,186,W2,RR,raw,raw,development_DiagReachK3_s186_W2_RR,21,10560,acceptance,8,9.583482113661013,9.583482113661013,0.0,1.0,0.0,"[6.503862619400024, 6.140772342681885, 11.534663915634155]","[0.0, 0.0, 0.0]","[0.0, 0.0, 0.0]"
DiagReachK3,186,W2,RR,raw,raw,development_DiagReachK3_s186_W2_RR,22,11040,exploration,20,8.081295905988664,6.799244998376817,1.282050907611847,0.4,0.55,"[5.7987622141838076, 5.832292211055756, 10.424820923805237]","[0.25, 0.35, 0.25]","[0.038266604287283755, 0.05480237740736741, 0.02592098617553711]"
DiagReachK3,186,W2,RR,raw,raw,development_DiagReachK3_s186_W2_RR,22,11040,selection,12,9.61560834083444,9.144072717760862,0.4715356230735779,0.6666666666666666,0.3333333333333333,"[6.858590761820476, 6.007417360941569, 11.78283405303955]","[0.3333333333333333, 0.3333333333333333, 0.3333333333333333]","[0.027697790236700142, 0.016671095138941067, 0.021513080596923823]"
DiagReachK3,186,W2,RR,raw,raw,development_DiagReachK3_s186_W2_RR,22,11040,acceptance,8,9.617618295062856,9.617618295062856,0.0,1.0,0.0,"[6.590473532676697, 6.182309150695801, 11.655774593353271]","[0.0, 0.0, 0.0]","[0.0, 0.0, 0.0]"
DiagReachK3,186,W2,RR,raw,raw,development_DiagReachK3_s186_W2_RR,23,11520,exploration,20,8.1096401557629,6.016448055237998,2.0931921005249023,0.2,0.55,"[6.1567258596420285, 5.790660190582275, 10.704227232933045]","[0.4, 0.25, 0.25]","[0.06895920208522252, 0.04277867537278396, 0.02943918228149415]"
DiagReachK3,186,W2,RR,raw,raw,development_DiagReachK3_s186_W2_RR,23,11520,selection,12,9.561144414539104,9.242020078495111,0.31912433604399365,0.6666666666666666,0.3333333333333333,"[6.539538343747457, 6.097087979316711, 11.533044576644897]","[0.3333333333333333, 0.3333333333333333, 0.3333333333333333]","[0.01248158727373394, 0.0225350428850223, 0.015811608632405605]"
DiagReachK3,186,W2,RR,raw,raw,development_DiagReachK3_s186_W2_RR,23,11520,acceptance,8,9.627288425651932,9.627288425651932,0.0,1.0,0.0,"[6.654994010925293, 6.191604852676392, 11.737950801849365]","[0.0, 0.0, 0.0]","[0.0, 0.0, 0.0]"
DiagReachK3,186,W2,RR,raw,raw,development_DiagReachK3_s186_W2_RR,24,12000,exploration,20,8.321895265277053,7.006026976998474,1.3158682882785797,0.4,0.55,"[6.3878613948822025, 5.964864182472229, 11.208420038223267]","[0.3, 0.35, 0.2]","[0.05717537743704659, 0.042822474699753976, 0.02613634872436523]"
DiagReachK3,186,W2,RR,raw,raw,development_DiagReachK3_s186_W2_RR,24,12000,selection,12,9.420586445050866,9.414046474414498,0.006539970636367798,0.75,0.25,"[6.319488724072774, 5.923047184944153, 11.149603843688965]","[0.25, 0.0, 0.0]","[0.0013079927081153426, 0.0, 0.0]"
DiagReachK3,186,W2,RR,raw,raw,development_DiagReachK3_s186_W2_RR,24,12000,acceptance,8,9.61718015818915,9.61718015818915,0.0,1.0,0.0,"[6.692246079444885, 6.179379820823669, 11.76265287399292]","[0.0, 0.0, 0.0]","[0.0, 0.0, 0.0]"
DiagReachK3,186,W2,RS,raw,shaped,development_DiagReachK3_s186_W2_RS,0,480,exploration,20,4.997135980804524,4.105929120262227,0.8912068605422974,0.1,0.4,"[5.58738404661417, 1.173620080947876, 4.714179801940918]","[0.4, 0.0, 0.0]","[0.08042649882180351, 0.0, 0.0]"
DiagReachK3,186,W2,RS,raw,shaped,development_DiagReachK3_s186_W2_RS,0,480,selection,12,6.15392583499197,6.15392583499197,0.0,0.0,0.0,"[6.140569647153218, 0.44824595252672833, 4.671844323476155]","[0.0, 0.0, 0.0]","[0.0, 0.0, 0.0]"
DiagReachK3,186,W2,RS,raw,shaped,development_DiagReachK3_s186_W2_RS,0,480,acceptance,8,6.209490127186291,6.209490127186291,0.0,0.0,0.0,"[5.900539577007294, 0.6631163656711578, 4.56409078836441]","[0.0, 0.0, 0.0]","[0.0, 0.0, 0.0]"
DiagReachK3,186,W2,RS,raw,shaped,development_DiagReachK3_s186_W2_RS,1,960,exploration,20,5.446009807473747,4.962791882640449,0.48321792483329773,0.2,0.25,"[4.7903139114379885, 2.3940582811832427, 5.922367733716965]","[0.2, 0.05, 0.05]","[0.0345853328704834, 0.008765051915095402, 0.0011367492675781298]"
DiagReachK3,186,W2,RS,raw,shaped,development_DiagReachK3_s186_W2_RS,1,960,selection,12,7.964789588140167,7.7619876403477965,0.20280194779237112,0.08333333333333333,0.6666666666666666,"[7.149120807647705, 1.8652288913726807, 7.8179144859313965]","[0.6666666666666666, 0.0, 0.0]","[0.036157959983462384, 0.0, 0.0]"
DiagReachK3,186,W2,RS,raw,shaped,development_DiagReachK3_s186_W2_RS,1,960,acceptance,8,7.370809557219036,7.370809557219036,0.0,0.0,0.0,"[6.384622573852539, 1.35848867893219, 6.545865535736084]","[0.0, 0.0, 0.0]","[0.0, 0.0, 0.0]"
DiagReachK3,186,W2,RS,raw,shaped,development_DiagReachK3_s186_W2_RS,2,1440,exploration,20,5.630402281873394,4.831422716372181,0.7989795655012131,0.15,0.3,"[5.050079554319382, 2.0617503002285957, 5.752022162079811]","[0.3, 0.0, 0.1]","[0.058985393387930726, 0.0, 0.007777820587158202]"
DiagReachK3,186,W2,RS,raw,shaped,development_DiagReachK3_s186_W2_RS,2,1440,selection,12,8.127615098234187,7.705000707582802,0.422614390651385,0.4166666666666667,0.3333333333333333,"[6.97848395506541, 2.3816756506760917, 8.244428833325705]","[0.3333333333333333, 0.0, 0.0]","[0.05196826230911981, 0.0, 0.0]"
DiagReachK3,186,W2,RS,raw,shaped,development_DiagReachK3_s186_W2_RS,2,1440,acceptance,8,7.957295730206534,7.957295730206534,0.0,0.5,0.0,"[6.1610647439956665, 2.2233680337667465, 7.288434624671936]","[0.0, 0.0, 0.0]","[0.0, 0.0, 0.0]"
DiagReachK3,186,W2,RS,raw,shaped,development_DiagReachK3_s186_W2_RS,3,1920,exploration,20,6.085940591179533,5.648755646430654,0.4371849447488785,0.35,0.2,"[4.027746613323688, 3.7174905061721804, 6.5842905849218365]","[0.1, 0.15, 0.05]","[0.007872193200247634, 0.034307454182551454, 0.010246871948242187]"
DiagReachK3,186,W2,RS,raw,shaped,development_DiagReachK3_s186_W2_RS,3,1920,selection,12,8.966668609860546,8.845051242990303,0.12161736687024434,0.3333333333333333,0.6666666666666666,"[6.8099502722422285, 3.966155151526133, 9.779407660166422]","[0.6666666666666666, 0.0, 0.0]","[0.02325914019630071, 0.0, 0.0]"
DiagReachK3,186,W2,RS,raw,shaped,development_DiagReachK3_s186_W2_RS,3,1920,acceptance,8,8.44732996808598,8.44732996808598,0.0,1.0,0.0,"[6.001196265220642, 3.1144455671310425, 8.119290828704834]","[0.0, 0.0, 0.0]","[0.0, 0.0, 0.0]"
DiagReachK3,186,W2,RS,raw,shaped,development_DiagReachK3_s186_W2_RS,4,2400,exploration,20,6.406130852644566,5.397718998139026,1.008411854505539,0.4,0.3,"[4.804645389318466, 3.3509320214390756, 6.707678103446961]","[0.25, 0.1, 0.15]","[0.06784187044416155, 0.012623339432936453, 0.011207717895507808]"
DiagReachK3,186,W2,RS,raw,shaped,development_DiagReachK3_s186_W2_RS,4,2400,selection,12,8.810072207489672,8.675079160967531,0.1349930465221405,0.6666666666666666,0.3333333333333333,"[6.179659605026245, 4.12953644990921, 9.31381630897522]","[0.3333333333333333, 0.0, 0.0]","[0.02243535859244211, 0.0, 0.0]"
DiagReachK3,186,W2,RS,raw,shaped,development_DiagReachK3_s186_W2_RS,4,2400,acceptance,8,8.639864257868613,8.639864257868613,0.0,1.0,0.0,"[5.667700886726379, 4.098945170640945, 8.761035203933716]","[0.0, 0.0, 0.0]","[0.0, 0.0, 0.0]"
DiagReachK3,186,W2,RS,raw,shaped,development_DiagReachK3_s186_W2_RS,5,2880,exploration,20,6.948423212643247,6.715205660338979,0.23321755230426788,0.4,0.25,"[4.713273644447327, 4.86655889749527, 8.416446828842163]","[0.05, 0.2, 0.0]","[0.007524340493338444, 0.019654141939603364, 0.0]"
DiagReachK3,186,W2,RS,raw,shaped,development_DiagReachK3_s186_W2_RS,5,2880,selection,12,9.103652652257006,9.095761643005728,0.007891009251276651,0.9166666666666666,0.08333333333333333,"[5.920087615648906, 5.07781167825063, 9.99128532409668]","[0.08333333333333333, 0.0, 0.0]","[0.0015782061077299625, 0.0, 0.0]"
DiagReachK3,186,W2,RS,raw,shaped,development_DiagReachK3_s186_W2_RS,5,2880,acceptance,8,8.993351636003354,8.993351636003354,0.0,1.0,0.0,"[5.510307312011719, 5.264118909835815, 9.76841950416565]","[0.0, 0.0, 0.0]","[0.0, 0.0, 0.0]"
DiagReachK3,186,W2,RS,raw,shaped,development_DiagReachK3_s186_W2_RS,6,3360,exploration,20,7.237625685718376,7.020072546985466,0.21755313873291016,0.35,0.25,"[4.942552000284195, 4.369620698690414, 8.217600846290589]","[0.1, 0.15, 0.0]","[0.017388476644243513, 0.008252587685218226, 0.0]"
DiagReachK3,186,W2,RS,raw,shaped,development_DiagReachK3_s186_W2_RS,6,3360,selection,12,9.30036063704562,9.30036063704562,0.0,1.0,0.0,"[6.204663713773091, 5.827442049980164, 11.010372559229532]","[0.0, 0.0, 0.0]","[0.0, 0.0, 0.0]"
DiagReachK3,186,W2,RS,raw,shaped,development_DiagReachK3_s186_W2_RS,6,3360,acceptance,8,9.351509664717742,9.351509664717742,0.0,1.0,0.0,"[6.042310297489166, 5.78889662027359, 10.780087113380432]","[0.0, 0.0, 0.0]","[0.0, 0.0, 0.0]"
DiagReachK3,186,W2,RS,raw,shaped,development_DiagReachK3_s186_W2_RS,7,3840,exploration,20,8.180497916792516,6.789260553573259,1.3912373632192612,0.3,0.55,"[5.641814172267914, 5.978563797473908, 10.445240116119384]","[0.25, 0.45, 0.25]","[0.0199859380722046, 0.0701348561507005, 0.020853446960449218]"
DiagReachK3,186,W2,RS,raw,shaped,development_DiagReachK3_s186_W2_RS,7,3840,selection,12,9.42470205959249,9.42470205959249,0.0,1.0,0.0,"[6.282125234603882, 5.776681621869405, 10.981668074925741]","[0.0, 0.0, 0.0]","[0.0, 0.0, 0.0]"
DiagReachK3,186,W2,RS,raw,shaped,development_DiagReachK3_s186_W2_RS,7,3840,acceptance,8,9.55186044026559,9.55186044026559,0.0,1.0,0.0,"[6.410912454128265, 6.1323078870773315, 11.449962854385376]","[0.0, 0.0, 0.0]","[0.0, 0.0, 0.0]"
DiagReachK3,186,W2,RS,raw,shaped,development_DiagReachK3_s186_W2_RS,8,4320,exploration,20,8.391146736331283,5.679683374352753,2.711463361978531,0.2,0.6,"[6.755151629447937, 5.92114748954773, 11.574877905845643]","[0.5, 0.4, 0.4]","[0.07481845106397357, 0.07939140246464657, 0.05902196884155275]"
DiagReachK3,186,W2,RS,raw,shaped,development_DiagReachK3_s186_W2_RS,8,4320,selection,12,9.412934632979644,9.305148027224156,0.10778660575548808,0.6666666666666666,0.3333333333333333,"[6.472095966339111, 5.814973751703898, 11.213454882303873]","[0.3333333333333333, 0.3333333333333333, 0.3333333333333333]","[0.004123432295663014, 0.011438754888681272, 0.005563920338948573]"
DiagReachK3,186,W2,RS,raw,shaped,development_DiagReachK3_s186_W2_RS,8,4320,acceptance,8,9.595844884274994,9.595844884274994,0.0,1.0,0.0,"[6.599782824516296, 6.075945854187012, 11.565213441848755]","[0.0, 0.0, 0.0]","[0.0, 0.0, 0.0]"
DiagReachK3,186,W2,RS,raw,shaped,development_DiagReachK3_s186_W2_RS,9,4800,exploration,20,8.043102857373015,6.178609546921507,1.8644933104515076,0.25,0.4,"[6.024236571788788, 5.833913594484329, 10.76413562297821]","[0.25, 0.3, 0.25]","[0.03378381047930036, 0.06660033372732309, 0.035775157928466805]"
DiagReachK3,186,W2,RS,raw,shaped,development_DiagReachK3_s186_W2_RS,9,4800,selection,12,9.501524614915011,9.47011758647835,0.03140702843666077,0.75,0.25,"[6.5232588450113935, 5.671764492988586, 11.120366970698038]","[0.25, 0.0, 0.08333333333333333]","[0.00627755551111131, 0.0, 3.846486409497807e-06]"
DiagReachK3,186,W2,RS,raw,shaped,development_DiagReachK3_s186_W2_RS,9,4800,acceptance,8,9.626785812108572,9.626785812108572,0.0,1.0,0.0,"[6.6731730699539185, 6.213654398918152, 11.767226696014404]","[0.0, 0.0, 0.0]","[0.0, 0.0, 0.0]"
DiagReachK3,186,W2,RS,raw,shaped,development_DiagReachK3_s186_W2_RS,10,5280,exploration,20,7.766846773247235,7.509484675745479,0.25736209750175476,0.3,0.35,"[5.707406139373779, 5.062211918830871, 9.509172797203064]","[0.2, 0.15, 0.1]","[0.014533935274396625, 0.014763468962449289, 0.0021644172668456975]"
DiagReachK3,186,W2,RS,raw,shaped,development_DiagReachK3_s186_W2_RS,10,5280,selection,12,9.745745963197743,9.190367044351296,0.5553789188464483,0.3333333333333333,0.6666666666666666,"[7.105230172475179, 6.5632108847300215, 12.568870306015015]","[0.6666666666666666, 0.6666666666666666, 0.6666666666666666]","[0.03276048387799946, 0.031203789588732583, 0.029280274709065746]"
DiagReachK3,186,W2,RS,raw,shaped,development_DiagReachK3_s186_W2_RS,10,5280,acceptance,8,9.614404222511803,9.614404222511803,0.0,1.0,0.0,"[6.645543813705444, 6.192096471786499, 11.724520444869995]","[0.0, 0.0, 0.0]","[0.0, 0.0, 0.0]"
DiagReachK3,186,W2,RS,raw,shaped,development_DiagReachK3_s186_W2_RS,11,5760,exploration,20,8.218310570435133,6.337780973033514,1.880529597401619,0.4,0.5,"[6.78035147190094, 5.383935248851776, 11.07854130268097]","[0.45, 0.25, 0.4]","[0.08463812896183559, 0.011920371422400844, 0.039031044006347645]"
DiagReachK3,186,W2,RS,raw,shaped,development_DiagReachK3_s186_W2_RS,11,5760,selection,12,9.334342228968307,9.27357022722499,0.06077200174331665,0.6666666666666666,0.3333333333333333,"[6.0138594309488935, 6.077238440513611, 10.995492537816366]","[0.0, 0.3333333333333333, 0.0]","[0.0, 0.010728365335709015, 0.0]"
DiagReachK3,186,W2,RS,raw,shaped,development_DiagReachK3_s186_W2_RS,11,5760,acceptance,8,9.587046407769957,9.587046407769957,0.0,1.0,0.0,"[6.601521134376526, 6.147073864936829, 11.640821695327759]","[0.0, 0.0, 0.0]","[0.0, 0.0, 0.0]"
DiagReachK3,186,W2,RS,raw,shaped,development_DiagReachK3_s186_W2_RS,12,6240,exploration,20,8.337961062134708,6.856224342526401,1.4817367196083069,0.3,0.55,"[6.475511789321899, 5.464527022838593, 10.730769371986389]","[0.4, 0.25, 0.25]","[0.056657566343035, 0.02895696713374213, 0.025801094055175777]"
DiagReachK3,186,W2,RS,raw,shaped,development_DiagReachK3_s186_W2_RS,12,6240,selection,12,9.440691926200929,9.378978220740697,0.06171370546023051,0.6666666666666666,0.3333333333333333,"[6.395147641499837, 5.865317781766255, 11.15026076634725]","[0.3333333333333333, 0.0, 0.0]","[0.012049169767470577, 0.0, 0.0]"
DiagReachK3,186,W2,RS,raw,shaped,development_DiagReachK3_s186_W2_RS,12,6240,acceptance,8,9.563320967955953,9.563320967955953,0.0,1.0,0.0,"[6.618711829185486, 6.162113547325134, 11.670658349990845]","[0.0, 0.0, 0.0]","[0.0, 0.0, 0.0]"
DiagReachK3,186,W2,RS,raw,shaped,development_DiagReachK3_s186_W2_RS,13,6720,exploration,20,8.288755697773013,6.573978630469355,1.7147770673036575,0.3,0.55,"[6.4695943117141725, 5.619695895910263, 10.938621020317077]","[0.35, 0.4, 0.35]","[0.0420485700879778, 0.06519459577707143, 0.033582244873046875]"
DiagReachK3,186,W2,RS,raw,shaped,development_DiagReachK3_s186_W2_RS,13,6720,selection,12,9.583937869484846,9.4647718926426,0.11916597684224446,0.6666666666666666,0.3333333333333333,"[6.697893381118774, 5.952965100606282, 11.558046023050943]","[0.3333333333333333, 0.3333333333333333, 0.3333333333333333]","[0.009815267154148655, 0.00736056841336763, 0.006657377878824866]"
DiagReachK3,186,W2,RS,raw,shaped,development_DiagReachK3_s186_W2_RS,13,6720,acceptance,8,9.599700569605922,9.599700569605922,0.0,1.0,0.0,"[6.515684127807617, 6.071621894836426, 11.473745584487915]","[0.0, 0.0, 0.0]","[0.0, 0.0, 0.0]"
DiagReachK3,186,W2,RS,raw,shaped,development_DiagReachK3_s186_W2_RS,14,7200,exploration,20,7.874346594272646,6.909778679667506,0.9645679146051407,0.6,0.3,"[5.804405105113983, 4.970748588442802, 9.658457350730895]","[0.2, 0.15, 0.15]","[0.030097988673618858, 0.03684003169719989, 0.012786842346191407]"
DiagReachK3,186,W2,RS,raw,shaped,development_DiagReachK3_s186_W2_RS,14,7200,selection,12,9.67907001208708,9.491243557447644,0.18782645463943481,0.6666666666666666,0.3333333333333333,"[6.847995042800903, 6.022064566612244, 11.78259563446045]","[0.3333333333333333, 0.3333333333333333, 0.3333333333333333]","[0.009360869725545248, 0.014181461089696626, 0.009949773152669261]"
DiagReachK3,186,W2,RS,raw,shaped,development_DiagReachK3_s186_W2_RS,14,7200,acceptance,8,9.65153485621413,9.65153485621413,0.0,1.0,0.0,"[6.642654538154602, 6.172103643417358, 11.699755668640137]","[0.0, 0.0, 0.0]","[0.0, 0.0, 0.0]"
DiagReachK3,186,W2,RS,raw,shaped,development_DiagReachK3_s186_W2_RS,15,7680,exploration,20,8.243901267178156,6.14946511340866,2.094436153769493,0.25,0.6,"[6.982918834686279, 5.612080764770508, 11.457457137107848]","[0.5, 0.25, 0.35]","[0.1063969305583409, 0.026883073953481818, 0.03766932678222658]"
DiagReachK3,186,W2,RS,raw,shaped,development_DiagReachK3_s186_W2_RS,15,7680,selection,12,9.353361895761191,9.349906316480338,0.0034555792808532715,0.8333333333333334,0.16666666666666666,"[6.07238773504893, 6.05245025952657, 11.023508628209433]","[0.0, 0.16666666666666666, 0.0]","[0.0, 0.0006911204411433151, 0.0]"
DiagReachK3,186,W2,RS,raw,shaped,development_DiagReachK3_s186_W2_RS,15,7680,acceptance,8,9.606754253279359,9.606754253279359,0.0,1.0,0.0,"[6.599857687950134, 6.129263877868652, 11.614278316497803]","[0.0, 0.0, 0.0]","[0.0, 0.0, 0.0]"
DiagReachK3,186,W2,RS,raw,shaped,development_DiagReachK3_s186_W2_RS,16,8160,exploration,20,8.00827542961255,7.084937806135568,0.9233376234769821,0.45,0.3,"[5.652597427368164, 5.421615183353424, 9.88739869594574]","[0.1, 0.2, 0.15]","[0.01842963695526123, 0.04067530998816856, 0.007861026763916012]"
DiagReachK3,186,W2,RS,raw,shaped,development_DiagReachK3_s186_W2_RS,16,8160,selection,12,9.64832592596249,9.361873180564606,0.2864527453978856,0.6666666666666666,0.3333333333333333,"[6.6977247794469195, 6.376785357793172, 11.955690224965414]","[0.3333333333333333, 0.3333333333333333, 0.3333333333333333]","[0.01416301159631637, 0.0178682376176883, 0.01455610275268554]"
DiagReachK3,186,W2,RS,raw,shaped,development_DiagReachK3_s186_W2_RS,16,8160,acceptance,8,9.59962793624436,9.59962793624436,0.0,1.0,0.0,"[6.525694251060486, 6.153273940086365, 11.571130275726318]","[0.0, 0.0, 0.0]","[0.0, 0.0, 0.0]"
DiagReachK3,186,W2,RS,raw,shaped,development_DiagReachK3_s186_W2_RS,17,8640,exploration,20,7.781513178192545,6.10394985362189,1.6775633245706558,0.3,0.4,"[5.777623033523559, 5.342300915718079, 10.007424914836884]","[0.3, 0.25, 0.25]","[0.058794437135968894, 0.037349528532761786, 0.038069164276123044]"
DiagReachK3,186,W2,RS,raw,shaped,development_DiagReachK3_s186_W2_RS,17,8640,selection,12,9.484997683609011,9.441679809336348,0.04331787427266439,0.6666666666666666,0.3333333333333333,"[6.5201447407404585, 5.890473127365112, 11.309244076410929]","[0.3333333333333333, 0.25, 0.25]","[0.004771834328061053, 0.0025618076324462704, 0.0013299369812011703]"
DiagReachK3,186,W2,RS,raw,shaped,development_DiagReachK3_s186_W2_RS,17,8640,acceptance,8,9.64959476691147,9.64959476691147,0.0,1.0,0.0,"[6.684757113456726, 6.156282305717468, 11.716024160385132]","[0.0, 0.0, 0.0]","[0.0, 0.0, 0.0]"
DiagReachK3,186,W2,RS,raw,shaped,development_DiagReachK3_s186_W2_RS,18,9120,exploration,20,7.7846456276945535,7.356604884820408,0.4280407428741455,0.45,0.25,"[5.488692140579223, 4.8756784200668335, 9.223537755012511]","[0.15, 0.15, 0.05]","[0.023181240899222234, 0.008396940964918876, 0.006216243743896488]"
DiagReachK3,186,W2,RS,raw,shaped,development_DiagReachK3_s186_W2_RS,18,9120,selection,12,9.696327536382523,9.660596638002243,0.03573089838027954,0.4166666666666667,0.5833333333333334,"[6.58937136332194, 6.416007041931152, 11.87651252746582]","[0.0, 0.5833333333333334, 0.0]","[0.0, 0.0069514237917386685, 0.0]"
DiagReachK3,186,W2,RS,raw,shaped,development_DiagReachK3_s186_W2_RS,18,9120,acceptance,8,9.577003146633796,9.577003146633796,0.0,1.0,0.0,"[6.5514655113220215, 6.108638525009155, 11.540898323059082]","[0.0, 0.0, 0.0]","[0.0, 0.0, 0.0]"
DiagReachK3,186,W2,RS,raw,shaped,development_DiagReachK3_s186_W2_RS,19,9600,exploration,20,8.316510283215903,7.137558349235914,1.178951933979988,0.3,0.55,"[6.628493237495422, 5.429538381099701, 10.889790320396424]","[0.4, 0.2, 0.25]","[0.049910545349121094, 0.029049880688007068, 0.017024288177490233]"
DiagReachK3,186,W2,RS,raw,shaped,development_DiagReachK3_s186_W2_RS,19,9600,selection,12,9.30462312285478,9.285486405932655,0.019136716922124226,0.6666666666666666,0.3333333333333333,"[6.021701256434123, 6.021180510520935, 10.953886985778809]","[0.0, 0.3333333333333333, 0.0]","[0.0, 0.0038273395636142884, 0.0]"
DiagReachK3,186,W2,RS,raw,shaped,development_DiagReachK3_s186_W2_RS,19,9600,acceptance,8,9.582968725645333,9.582968725645333,0.0,1.0,0.0,"[6.643537163734436, 6.16556978225708, 11.701172351837158]","[0.0, 0.0, 0.0]","[0.0, 0.0, 0.0]"
DiagReachK3,186,W2,RS,raw,shaped,development_DiagReachK3_s186_W2_RS,20,10080,exploration,20,8.418361593637417,7.030542079958868,1.3878195136785507,0.15,0.6,"[6.367453801631927, 6.081236779689789, 11.313578271865845]","[0.3, 0.4, 0.3]","[0.04970437799181256, 0.05721420874962441, 0.02525504302978515]"
DiagReachK3,186,W2,RS,raw,shaped,development_DiagReachK3_s186_W2_RS,20,10080,selection,12,9.612975999510068,9.248677650884567,0.364298348625501,0.6666666666666666,0.3333333333333333,"[6.998213410377502, 5.892864624659221, 11.788743734359741]","[0.3333333333333333, 0.0, 0.3333333333333333]","[0.03663043748764764, 0.0, 0.013958841959635407]"
DiagReachK3,186,W2,RS,raw,shaped,development_DiagReachK3_s186_W2_RS,20,10080,acceptance,8,9.572837601783977,9.572837601783977,0.0,1.0,0.0,"[6.554310441017151, 6.084729909896851, 11.54166030883789]","[0.0, 0.0, 0.0]","[0.0, 0.0, 0.0]"
DiagReachK3,186,W2,RS,raw,shaped,development_DiagReachK3_s186_W2_RS,21,10560,exploration,20,8.177912925581623,6.28464042137115,1.893272504210472,0.45,0.4,"[5.887352824211121, 5.8775936484336855, 10.582247304916383]","[0.3, 0.2, 0.25]","[0.06458586965288435, 0.046815189948448764, 0.040003360748291014]"
DiagReachK3,186,W2,RS,raw,shaped,development_DiagReachK3_s186_W2_RS,21,10560,selection,12,9.344020202500785,9.249717235310042,0.09430296719074249,0.6666666666666666,0.3333333333333333,"[6.350030779838562, 5.8000571727752686, 11.070337295532227]","[0.3333333333333333, 0.3333333333333333, 0.3333333333333333]","[0.004375792685009187, 0.009103866723867557, 0.004517784118652335]"
DiagReachK3,186,W2,RS,raw,shaped,development_DiagReachK3_s186_W2_RS,21,10560,acceptance,8,9.583482113661013,9.583482113661013,0.0,1.0,0.0,"[6.503862619400024, 6.140772342681885, 11.534663915634155]","[0.0, 0.0, 0.0]","[0.0, 0.0, 0.0]"
DiagReachK3,186,W2,RS,raw,shaped,development_DiagReachK3_s186_W2_RS,22,11040,exploration,20,8.081295905988664,6.799244998376817,1.282050907611847,0.4,0.55,"[5.7987622141838076, 5.832292211055756, 10.424820923805237]","[0.25, 0.35, 0.25]","[0.038266604287283755, 0.05480237740736741, 0.02592098617553711]"
DiagReachK3,186,W2,RS,raw,shaped,development_DiagReachK3_s186_W2_RS,22,11040,selection,12,9.61560834083444,9.144072717760862,0.4715356230735779,0.6666666666666666,0.3333333333333333,"[6.858590761820476, 6.007417360941569, 11.78283405303955]","[0.3333333333333333, 0.3333333333333333, 0.3333333333333333]","[0.027697790236700142, 0.016671095138941067, 0.021513080596923823]"
DiagReachK3,186,W2,RS,raw,shaped,development_DiagReachK3_s186_W2_RS,22,11040,acceptance,8,9.617618295062856,9.617618295062856,0.0,1.0,0.0,"[6.590473532676697, 6.182309150695801, 11.655774593353271]","[0.0, 0.0, 0.0]","[0.0, 0.0, 0.0]"
DiagReachK3,186,W2,RS,raw,shaped,development_DiagReachK3_s186_W2_RS,23,11520,exploration,20,8.1096401557629,6.016448055237998,2.0931921005249023,0.2,0.55,"[6.1567258596420285, 5.790660190582275, 10.704227232933045]","[0.4, 0.25, 0.25]","[0.06895920208522252, 0.04277867537278396, 0.02943918228149415]"
DiagReachK3,186,W2,RS,raw,shaped,development_DiagReachK3_s186_W2_RS,23,11520,selection,12,9.561144414539104,9.242020078495111,0.31912433604399365,0.6666666666666666,0.3333333333333333,"[6.539538343747457, 6.097087979316711, 11.533044576644897]","[0.3333333333333333, 0.3333333333333333, 0.3333333333333333]","[0.01248158727373394, 0.0225350428850223, 0.015811608632405605]"
DiagReachK3,186,W2,RS,raw,shaped,development_DiagReachK3_s186_W2_RS,23,11520,acceptance,8,9.627288425651932,9.627288425651932,0.0,1.0,0.0,"[6.654994010925293, 6.191604852676392, 11.737950801849365]","[0.0, 0.0, 0.0]","[0.0, 0.0, 0.0]"
DiagReachK3,186,W2,RS,raw,shaped,development_DiagReachK3_s186_W2_RS,24,12000,exploration,20,8.321895265277053,7.006026976998474,1.3158682882785797,0.4,0.55,"[6.3878613948822025, 5.964864182472229, 11.208420038223267]","[0.3, 0.35, 0.2]","[0.05717537743704659, 0.042822474699753976, 0.02613634872436523]"
DiagReachK3,186,W2,RS,raw,shaped,development_DiagReachK3_s186_W2_RS,24,12000,selection,12,9.420586445050866,9.414046474414498,0.006539970636367798,0.75,0.25,"[6.319488724072774, 5.923047184944153, 11.149603843688965]","[0.25, 0.0, 0.0]","[0.0013079927081153426, 0.0, 0.0]"
DiagReachK3,186,W2,RS,raw,shaped,development_DiagReachK3_s186_W2_RS,24,12000,acceptance,8,9.61718015818915,9.61718015818915,0.0,1.0,0.0,"[6.692246079444885, 6.179379820823669, 11.76265287399292]","[0.0, 0.0, 0.0]","[0.0, 0.0, 0.0]"
DiagReachK3,186,W2,SR,shaped,raw,development_DiagReachK3_s186_W2_SR,0,480,exploration,20,4.997135980804524,4.105929120262227,0.8912068605422974,0.1,0.4,"[5.58738404661417, 1.173620080947876, 4.714179801940918]","[0.4, 0.0, 0.0]","[0.08042649882180351, 0.0, 0.0]"
DiagReachK3,186,W2,SR,shaped,raw,development_DiagReachK3_s186_W2_SR,0,480,selection,12,6.103689765208401,6.103689765208401,0.0,0.0,0.0,"[6.029208978017171, 0.4424298455317815, 4.5094319979349775]","[0.0, 0.0, 0.0]","[0.0, 0.0, 0.0]"
DiagReachK3,186,W2,SR,shaped,raw,development_DiagReachK3_s186_W2_SR,0,480,acceptance,8,6.209490127186291,6.209490127186291,0.0,0.0,0.0,"[5.900539577007294, 0.6631163656711578, 4.56409078836441]","[0.0, 0.0, 0.0]","[0.0, 0.0, 0.0]"
DiagReachK3,186,W2,SR,shaped,raw,development_DiagReachK3_s186_W2_SR,1,960,exploration,20,5.446009807473747,4.962791882640449,0.48321792483329773,0.2,0.25,"[4.7903139114379885, 2.3940582811832427, 5.922367733716965]","[0.2, 0.05, 0.05]","[0.0345853328704834, 0.008765051915095402, 0.0011367492675781298]"
DiagReachK3,186,W2,SR,shaped,raw,development_DiagReachK3_s186_W2_SR,1,960,selection,12,7.947893201326951,7.797480756059909,0.15041244526704153,0.4166666666666667,0.3333333333333333,"[6.945087154706319, 1.9214305877685547, 7.694297432899475]","[0.3333333333333333, 0.0, 0.0]","[0.025680065155029297, 0.0, 0.0]"
DiagReachK3,186,W2,SR,shaped,raw,development_DiagReachK3_s186_W2_SR,1,960,acceptance,8,7.7289205649925865,7.7289205649925865,0.0,0.5,0.0,"[6.373753130435944, 1.8455129861831665, 7.070580840110779]","[0.0, 0.0, 0.0]","[0.0, 0.0, 0.0]"
DiagReachK3,186,W2,SR,shaped,raw,development_DiagReachK3_s186_W2_SR,2,1440,exploration,20,6.030828964255051,5.246590134046273,0.7842388302087784,0.2,0.25,"[5.219928109645844, 2.4018649846315383, 6.301722502708435]","[0.25, 0.0, 0.1]","[0.05374090330941337, 0.0, 0.010153057098388674]"
DiagReachK3,186,W2,SR,shaped,raw,development_DiagReachK3_s186_W2_SR,2,1440,selection,12,8.582961860380601,8.582961860380601,0.0,1.0,0.0,"[6.361390988032023, 3.2875126004219055, 8.596084276835123]","[0.0, 0.0, 0.0]","[0.0, 0.0, 0.0]"
DiagReachK3,186,W2,SR,shaped,raw,development_DiagReachK3_s186_W2_SR,2,1440,acceptance,8,8.658311827981379,8.658311827981379,0.0,1.0,0.0,"[6.320188462734222, 3.286639004945755, 8.546595931053162]","[0.0, 0.0, 0.0]","[0.0, 0.0, 0.0]"
DiagReachK3,186,W2,SR,shaped,raw,development_DiagReachK3_s186_W2_SR,3,1920,exploration,20,7.394762510470171,6.17845737378957,1.216305136680603,0.25,0.5,"[5.8754469871521, 4.634737879037857, 9.229041016101837]","[0.35, 0.25, 0.15]","[0.05226177828652519, 0.03703933128943811, 0.01170599365234375]"
DiagReachK3,186,W2,SR,shaped,raw,development_DiagReachK3_s186_W2_SR,3,1920,selection,12,9.166767716273899,9.166767716273899,0.0,1.0,0.0,"[6.461753805478414, 4.428775072097778, 9.8733491897583]","[0.0, 0.0, 0.0]","[0.0, 0.0, 0.0]"
DiagReachK3,186,W2,SR,shaped,raw,development_DiagReachK3_s186_W2_SR,3,1920,acceptance,8,9.165554161401815,9.165554161401815,0.0,1.0,0.0,"[6.409355342388153, 4.580454170703888, 9.974706292152405]","[0.0, 0.0, 0.0]","[0.0, 0.0, 0.0]"
DiagReachK3,186,W2,SR,shaped,raw,development_DiagReachK3_s186_W2_SR,4,2400,exploration,20,7.541223835065031,5.394200857593678,2.1470229774713516,0.2,0.45,"[6.523207318782807, 4.469814082980156, 9.67098513841629]","[0.35, 0.2, 0.2]","[0.07826941013336183, 0.0376064997452956, 0.030856628417968757]"
DiagReachK3,186,W2,SR,shaped,raw,development_DiagReachK3_s186_W2_SR,4,2400,selection,12,8.861625657117596,8.861625657117596,0.0,1.0,0.0,"[5.812765002250671, 4.74921711285909, 9.545761466026306]","[0.0, 0.0, 0.0]","[0.0, 0.0, 0.0]"
DiagReachK3,186,W2,SR,shaped,raw,development_DiagReachK3_s186_W2_SR,4,2400,acceptance,8,9.267855087629869,9.267855087629869,0.0,1.0,0.0,"[6.584165334701538, 5.013892292976379, 10.561347246170044]","[0.0, 0.0, 0.0]","[0.0, 0.0, 0.0]"
DiagReachK3,186,W2,SR,shaped,raw,development_DiagReachK3_s186_W2_SR,5,2880,exploration,20,6.9790155074093505,6.643029235908761,0.33598627150058746,0.2,0.25,"[5.609309560060501, 3.5711763203144073, 7.919484400749207]","[0.2, 0.05, 0.05]","[0.02690980093819755, 0.004775791901808523, 0.000783462524414058]"
DiagReachK3,186,W2,SR,shaped,raw,development_DiagReachK3_s186_W2_SR,5,2880,selection,12,9.468298811985006,9.199034605694761,0.26926420629024506,0.3333333333333333,0.6666666666666666,"[6.90576418240865, 5.8204218943913775, 11.667565107345581]","[0.3333333333333333, 0.3333333333333333, 0.08333333333333333]","[0.025175724710736962, 0.015341398043510238, 0.0010703023274739598]"
DiagReachK3,186,W2,SR,shaped,raw,development_DiagReachK3_s186_W2_SR,5,2880,acceptance,8,9.283093836827902,9.283093836827902,0.0,1.0,0.0,"[6.5625234842300415, 5.069682836532593, 10.600052118301392]","[0.0, 0.0, 0.0]","[0.0, 0.0, 0.0]"
DiagReachK3,186,W2,SR,shaped,raw,development_DiagReachK3_s186_W2_SR,6,3360,exploration,20,7.395854120455333,6.553170715771266,0.8426834046840668,0.25,0.35,"[5.787433171272278, 3.81025373339653, 8.345920050144196]","[0.25, 0.2, 0.1]","[0.030614617892674046, 0.027047736828143775, 0.01622378921508788]"
DiagReachK3,186,W2,SR,shaped,raw,development_DiagReachK3_s186_W2_SR,6,3360,selection,12,9.265384399922914,9.265384399922914,0.0,1.0,0.0,"[6.404675046602885, 5.318114638328552, 10.663741191228231]","[0.0, 0.0, 0.0]","[0.0, 0.0, 0.0]"
DiagReachK3,186,W2,SR,shaped,raw,development_DiagReachK3_s186_W2_SR,6,3360,acceptance,8,9.368530699721305,9.368530699721305,0.0,1.0,0.0,"[6.699838161468506, 5.052251756191254, 10.686723947525024]","[0.0, 0.0, 0.0]","[0.0, 0.0, 0.0]"
DiagReachK3,186,W2,SR,shaped,raw,development_DiagReachK3_s186_W2_SR,7,3840,exploration,20,7.836226756488905,5.996783579504117,1.839443176984787,0.15,0.55,"[6.87331246137619, 4.7617151737213135, 10.477516579627991]","[0.5, 0.1, 0.15]","[0.10597408839634488, 0.019510775346022392, 0.01614181518554687]"
DiagReachK3,186,W2,SR,shaped,raw,development_DiagReachK3_s186_W2_SR,7,3840,selection,12,9.107644287403007,9.104674585318147,0.0029697020848592124,0.9166666666666666,0.08333333333333333,"[6.254232247670491, 4.780144691467285, 9.968418598175049]","[0.08333333333333333, 0.0, 0.0]","[0.0005939404169718424, 0.0, 0.0]"
DiagReachK3,186,W2,SR,shaped,raw,development_DiagReachK3_s186_W2_SR,7,3840,acceptance,8,9.302360506072034,9.302360506072034,0.0,1.0,0.0,"[6.732035219669342, 4.758325934410095, 10.405921697616577]","[0.0, 0.0, 0.0]","[0.0, 0.0, 0.0]"
DiagReachK3,186,W2,SR,shaped,raw,development_DiagReachK3_s186_W2_SR,8,4320,exploration,20,7.528053688708171,7.164193558398113,0.3638601303100586,0.15,0.35,"[5.63780769109726, 5.1753252923488615, 9.616685700416564]","[0.2, 0.2, 0.1]","[0.016110771042960038, 0.021121373543372523, 0.0012313652038574152]"
DiagReachK3,186,W2,SR,shaped,raw,development_DiagReachK3_s186_W2_SR,8,4320,selection,12,9.70504406040612,8.652463932292692,1.0525801281134288,0.25,0.75,"[7.618134339650472, 5.549262166023254, 12.056341489156088]","[0.75, 0.0, 0.3333333333333333]","[0.09325169381641206, 0.0, 0.022670103708903006]"
DiagReachK3,186,W2,SR,shaped,raw,development_DiagReachK3_s186_W2_SR,8,4320,acceptance,8,9.471931852976558,9.471931852976558,0.0,1.0,0.0,"[6.866098761558533, 4.866172552108765, 10.634641647338867]","[0.0, 0.0, 0.0]","[0.0, 0.0, 0.0]"
DiagReachK3,186,W2,SR,shaped,raw,development_DiagReachK3_s186_W2_SR,9,4800,exploration,20,7.549290697700199,5.647076945430454,1.9022137522697449,0.25,0.45,"[6.104929035902023, 4.938088887929917, 9.845710957050324]","[0.35, 0.2, 0.15]","[0.050848596436636785, 0.062158966064453126, 0.03838434219360352]"
DiagReachK3,186,W2,SR,shaped,raw,development_DiagReachK3_s186_W2_SR,9,4800,selection,12,8.962215028267321,8.962215028267321,0.0,1.0,0.0,"[6.3758485317230225, 4.1520474553108215, 9.442140499750773]","[0.0, 0.0, 0.0]","[0.0, 0.0, 0.0]"
DiagReachK3,186,W2,SR,shaped,raw,development_DiagReachK3_s186_W2_SR,9,4800,acceptance,8,9.469751420538524,9.459591659824946,0.01015976071357727,0.75,0.25,"[6.914527177810669, 5.03422474861145, 10.857059717178345]","[0.25, 0.0, 0.0]","[0.002031939370291558, 0.0, 0.0]"
DiagReachK3,186,W2,SR,shaped,raw,development_DiagReachK3_s186_W2_SR,10,5280,exploration,20,7.095803781319409,6.817244290281087,0.27855949103832245,0.15,0.4,"[5.764120733737945, 4.009716300666332, 8.390237486362457]","[0.25, 0.15, 0.05]","[0.023919718606131422, 0.01267400888296274, 0.0003682022094726567]"
DiagReachK3,186,W2,SR,shaped,raw,development_DiagReachK3_s186_W2_SR,10,5280,selection,12,9.614989574443703,9.16597457298776,0.4490150014559428,0.25,0.75,"[7.082136472066243, 5.981107314427693, 11.956079324086508]","[0.5, 0.3333333333333333, 0.3333333333333333]","[0.02183931782132102, 0.03348763172443096, 0.013060461680094412]"
DiagReachK3,186,W2,SR,shaped,raw,development_DiagReachK3_s186_W2_SR,10,5280,acceptance,8,9.502024542883735,9.4898432906426,0.012181252241134644,0.5,0.5,"[6.905393838882446, 5.00996732711792, 10.81848692893982]","[0.5, 0.0, 0.0]","[0.002436263220650825, 0.0, 0.0]"
DiagReachK3,186,W2,SR,shaped,raw,development_DiagReachK3_s186_W2_SR,11,5760,exploration,20,7.643963152628858,5.650498354893644,1.9934647977352142,0.15,0.5,"[6.983062314987182, 4.284852311015129, 10.149341082572937]","[0.5, 0.0, 0.25]","[0.11477141380310056, 0.0, 0.027161281585693354]"
DiagReachK3,186,W2,SR,shaped,raw,development_DiagReachK3_s186_W2_SR,11,5760,selection,12,8.95358216142243,8.95358216142243,0.0,1.0,0.0,"[5.805794994036357, 4.717377543449402, 9.490012804667154]","[0.0, 0.0, 0.0]","[0.0, 0.0, 0.0]"
DiagReachK3,186,W2,SR,shaped,raw,development_DiagReachK3_s186_W2_SR,11,5760,acceptance,8,9.459091588793672,9.45854248100368,0.0005491077899932861,0.75,0.25,"[6.855058550834656, 4.961462736129761, 10.72695541381836]","[0.25, 0.0, 0.0]","[0.00010980878557476093, 0.0, 0.0]"
DiagReachK3,186,W2,SR,shaped,raw,development_DiagReachK3_s186_W2_SR,12,6240,exploration,20,7.768219913066133,6.416074732959968,1.352145180106163,0.3,0.45,"[6.549717092514038, 4.390794599056244, 9.64682993888855]","[0.4, 0.05, 0.15]","[0.06746513162340437, 0.018407132075383116, 0.01802196502685547]"
DiagReachK3,186,W2,SR,shaped,raw,development_DiagReachK3_s186_W2_SR,12,6240,selection,12,9.17902168919066,9.17902168919066,0.0,1.0,0.0,"[6.208308974901835, 4.851396560668945, 10.01484990119934]","[0.0, 0.0, 0.0]","[0.0, 0.0, 0.0]"
DiagReachK3,186,W2,SR,shaped,raw,development_DiagReachK3_s186_W2_SR,12,6240,acceptance,8,9.483203285484343,9.476837658433944,0.00636562705039978,0.75,0.25,"[6.8802183866500854, 4.979247331619263, 10.757220268249512]","[0.25, 0.0, 0.0]","[0.0012731381825038524, 0.0, 0.0]"
DiagReachK3,186,W2,SR,shaped,raw,development_DiagReachK3_s186_W2_SR,13,6720,exploration,20,7.768019032672747,5.6100998194969725,2.1579192131757736,0.2,0.65,"[6.600500702857971, 4.7143164977431296, 9.944007086753846]","[0.55, 0.25, 0.2]","[0.07887881142752512, 0.06205091843238244, 0.032686065673828125]"
DiagReachK3,186,W2,SR,shaped,raw,development_DiagReachK3_s186_W2_SR,13,6720,selection,12,9.140198966394806,9.140198966394806,0.0,1.0,0.0,"[6.356954375902812, 4.627790709336598, 9.92736021677653]","[0.0, 0.0, 0.0]","[0.0, 0.0, 0.0]"
DiagReachK3,186,W2,SR,shaped,raw,development_DiagReachK3_s186_W2_SR,13,6720,acceptance,8,9.43227097230265,9.43227097230265,0.0,1.0,0.0,"[6.741939187049866, 4.8768473863601685, 10.539551258087158]","[0.0, 0.0, 0.0]","[0.0, 0.0, 0.0]"
DiagReachK3,186,W2,SR,shaped,raw,development_DiagReachK3_s186_W2_SR,14,7200,exploration,20,7.335917370882816,6.3880756967933845,0.9478416740894318,0.3,0.35,"[5.946540343761444, 3.9933870434761047, 8.657317459583282]","[0.25, 0.1, 0.1]","[0.04221348081316266, 0.033353603803194486, 0.010039825439453132]"
DiagReachK3,186,W2,SR,shaped,raw,development_DiagReachK3_s186_W2_SR,14,7200,selection,12,9.254624259413442,9.254624259413442,0.0,1.0,0.0,"[6.668468236923218, 4.567768216133118, 10.14854613939921]","[0.0, 0.0, 0.0]","[0.0, 0.0, 0.0]"
DiagReachK3,186,W2,SR,shaped,raw,development_DiagReachK3_s186_W2_SR,14,7200,acceptance,8,9.506392059708014,9.506392059708014,0.0,1.0,0.0,"[6.891374945640564, 4.979053854942322, 10.781750679016113]","[0.0, 0.0, 0.0]","[0.0, 0.0, 0.0]"
DiagReachK3,186,W2,SR,shaped,raw,development_DiagReachK3_s186_W2_SR,15,7680,exploration,20,7.365657056273774,6.0033187815564455,1.362338274717331,0.3,0.3,"[5.792190194129944, 4.4299678146839145, 8.92616047859192]","[0.25, 0.05, 0.1]","[0.06357886110033308, 0.0034096791194035414, 0.015422389984130858]"
DiagReachK3,186,W2,SR,shaped,raw,development_DiagReachK3_s186_W2_SR,15,7680,selection,12,9.177880930132718,9.172504839526663,0.00537609060605367,0.9166666666666666,0.08333333333333333,"[6.125447988510132, 4.8673970301946, 9.944982608159384]","[0.08333333333333333, 0.0, 0.0]","[0.001075222378685366, 0.0, 0.0]"
DiagReachK3,186,W2,SR,shaped,raw,development_DiagReachK3_s186_W2_SR,15,7680,acceptance,8,9.287911127245025,9.287911127245025,0.0,1.0,0.0,"[6.447985470294952, 4.831931829452515, 10.210954904556274]","[0.0, 0.0, 0.0]","[0.0, 0.0, 0.0]"
DiagReachK3,186,W2,SR,shaped,raw,development_DiagReachK3_s186_W2_SR,16,8160,exploration,20,7.4611005836894035,6.8863060677220345,0.5747945159673691,0.2,0.4,"[5.8393463611602785, 4.6322514593601225, 9.34933431148529]","[0.35, 0.05, 0.15]","[0.030369945934840603, 0.02035587750948392, 0.007099208831787118]"
DiagReachK3,186,W2,SR,shaped,raw,development_DiagReachK3_s186_W2_SR,16,8160,selection,12,9.426696376615048,9.375355717155616,0.05134065945943197,0.5833333333333334,0.4166666666666667,"[6.960378885269165, 4.948787808418274, 10.84358278910319]","[0.4166666666666667, 0.0, 0.0]","[0.010268131891886393, 0.0, 0.0]"
DiagReachK3,186,W2,SR,shaped,raw,development_DiagReachK3_s186_W2_SR,16,8160,acceptance,8,9.488792866800212,9.488792866800212,0.0,1.0,0.0,"[6.766845345497131, 4.971599817276001, 10.653356552124023]","[0.0, 0.0, 0.0]","[0.0, 0.0, 0.0]"
DiagReachK3,186,W2,SR,shaped,raw,development_DiagReachK3_s186_W2_SR,17,8640,exploration,20,7.268484152072922,6.919279343599337,0.34920480847358704,0.3,0.35,"[6.2987165451049805, 4.185416701436043, 9.308282780647279]","[0.35, 0.0, 0.05]","[0.03198626722608294, 0.0, 0.00329645156860352]"
DiagReachK3,186,W2,SR,shaped,raw,development_DiagReachK3_s186_W2_SR,17,8640,selection,12,9.364049938352158,9.358040399383755,0.006009538968404134,0.75,0.25,"[6.696175853411357, 5.401538769404094, 11.004568020502726]","[0.25, 0.0, 0.0]","[0.0012019021170479778, 0.0, 0.0]"
DiagReachK3,186,W2,SR,shaped,raw,development_DiagReachK3_s186_W2_SR,17,8640,acceptance,8,9.489049711709958,9.481885233407956,0.007164478302001953,0.75,0.25,"[6.9273834228515625, 4.956436038017273, 10.797289848327637]","[0.25, 0.0, 0.0]","[0.0014328956604003906, 0.0, 0.0]"
DiagReachK3,186,W2,SR,shaped,raw,development_DiagReachK3_s186_W2_SR,18,9120,exploration,20,7.433719984991475,6.76255487631075,0.6711651086807251,0.3,0.2,"[5.659738171100616, 4.338739186525345, 8.822432017326355]","[0.2, 0.0, 0.1]","[0.05211861474173409, 0.0, 0.005187961578369138]"
DiagReachK3,186,W2,SR,shaped,raw,development_DiagReachK3_s186_W2_SR,18,9120,selection,12,9.249510089973713,9.249510089973713,0.0,1.0,0.0,"[6.021405935287476, 5.455783565839131, 10.42247462272644]","[0.0, 0.0, 0.0]","[0.0, 0.0, 0.0]"
DiagReachK3,186,W2,SR,shaped,raw,development_DiagReachK3_s186_W2_SR,18,9120,acceptance,8,9.453213649123791,9.453213649123791,0.0,1.0,0.0,"[6.783823251724243, 4.911293983459473, 10.607694864273071]","[0.0, 0.0, 0.0]","[0.0, 0.0, 0.0]"
DiagReachK3,186,W2,SR,shaped,raw,development_DiagReachK3_s186_W2_SR,19,9600,exploration,20,7.4521559800877,6.009199905015412,1.4429560750722885,0.2,0.5,"[6.402148419618607, 4.18034383058548, 9.266507387161255]","[0.45, 0.05, 0.1]","[0.10126164640699113, 0.004651337403517508, 0.004867332458496099]"
DiagReachK3,186,W2,SR,shaped,raw,development_DiagReachK3_s186_W2_SR,19,9600,selection,12,9.409076579437048,9.409076579437048,0.0,1.0,0.0,"[6.465319792429606, 5.520955204963684, 10.920827150344849]","[0.0, 0.0, 0.0]","[0.0, 0.0, 0.0]"
DiagReachK3,186,W2,SR,shaped,raw,development_DiagReachK3_s186_W2_SR,19,9600,acceptance,8,9.46171294475207,9.461583453661296,0.00012949109077453613,0.875,0.125,"[6.895128071308136, 5.677694261074066, 11.45627236366272]","[0.125, 0.0, 0.0]","[2.5902475629530075e-05, 0.0, 0.0]"
DiagReachK3,186,W2,SR,shaped,raw,development_DiagReachK3_s186_W2_SR,20,10080,exploration,20,8.064566673904192,7.110119627981914,0.9544470459222794,0.55,0.35,"[5.838746559619904, 5.321199870109558, 9.98595724105835]","[0.1, 0.3, 0.15]","[0.00583655834197998, 0.042328445728008555, 0.016274074554443362]"
DiagReachK3,186,W2,SR,shaped,raw,development_DiagReachK3_s186_W2_SR,20,10080,selection,12,9.302838757366407,9.302838757366407,0.0,1.0,0.0,"[6.534217079480489, 5.71057657400767, 11.159286419550577]","[0.0, 0.0, 0.0]","[0.0, 0.0, 0.0]"
DiagReachK3,186,W2,SR,shaped,raw,development_DiagReachK3_s186_W2_SR,20,10080,acceptance,8,9.425752853858285,9.425752853858285,0.0,1.0,0.0,"[6.754884362220764, 6.258172273635864, 11.92097282409668]","[0.0, 0.0, 0.0]","[0.0, 0.0, 0.0]"
DiagReachK3,186,W2,SR,shaped,raw,development_DiagReachK3_s186_W2_SR,21,10560,exploration,20,7.787544042780064,5.719072730257176,2.068471312522888,0.35,0.45,"[5.8588349461555485, 5.566620230674744, 10.190500044822693]","[0.25, 0.3, 0.15]","[0.04221255438668388, 0.057276447002704324, 0.03789466094970704]"
DiagReachK3,186,W2,SR,shaped,raw,development_DiagReachK3_s186_W2_SR,21,10560,selection,12,9.130380643064077,9.129884186043636,0.000496457020441691,0.9166666666666666,0.08333333333333333,"[6.14783251285553, 5.532243529955546, 10.612910509109497]","[0.0, 0.08333333333333333, 0.0]","[0.0, 9.929216825044218e-05, 0.0]"
DiagReachK3,186,W2,SR,shaped,raw,development_DiagReachK3_s186_W2_SR,21,10560,acceptance,8,9.303253912657965,9.303253912657965,0.0,1.0,0.0,"[6.438277959823608, 5.899187743663788, 11.269287586212158]","[0.0, 0.0, 0.0]","[0.0, 0.0, 0.0]"
DiagReachK3,186,W2,SR,shaped,raw,development_DiagReachK3_s186_W2_SR,22,11040,exploration,20,7.968121870623072,4.3671920292238795,3.600929841399193,0.15,0.7,"[6.501826429367066, 6.197802591323852, 11.49618113040924]","[0.45, 0.5, 0.3]","[0.0933417660849435, 0.11191443663377028, 0.06046340560913085]"
DiagReachK3,186,W2,SR,shaped,raw,development_DiagReachK3_s186_W2_SR,22,11040,selection,12,9.294256732020102,9.273440356208207,0.020816375811894734,0.8333333333333334,0.16666666666666666,"[6.467417558034261, 5.486175735791524, 10.88386313120524]","[0.16666666666666666, 0.0, 0.0]","[0.0041632765815371635, 0.0, 0.0]"
DiagReachK3,186,W2,SR,shaped,raw,development_DiagReachK3_s186_W2_SR,22,11040,acceptance,8,9.199622782770893,9.198358270231983,0.0012645125389099121,0.875,0.125,"[6.198857665061951, 5.541247367858887, 10.677349925041199]","[0.0, 0.125, 0.0]","[0.0, 0.0002529070927546617, 0.0]"
DiagReachK3,186,W2,SR,shaped,raw,development_DiagReachK3_s186_W2_SR,23,11520,exploration,20,7.390784859100822,5.78557543400908,1.6052094250917435,0.25,0.4,"[5.517167592048645, 4.669826003909111, 9.061328196525574]","[0.2, 0.25, 0.2]","[0.046229658808027, 0.04793491730323204, 0.029169605255126952]"
DiagReachK3,186,W2,SR,shaped,raw,development_DiagReachK3_s186_W2_SR,23,11520,selection,12,8.277647603582592,8.277647603582592,0.0,0.9166666666666666,0.0,"[4.78213107585907, 3.9993715286254883, 7.7623060544331866]","[0.0, 0.0, 0.0]","[0.0, 0.0, 0.0]"
DiagReachK3,186,W2,SR,shaped,raw,development_DiagReachK3_s186_W2_SR,23,11520,acceptance,8,8.939575453428551,8.939575453428551,0.0,1.0,0.0,"[5.757482886314392, 4.7064491510391235, 9.416317224502563]","[0.0, 0.0, 0.0]","[0.0, 0.0, 0.0]"
DiagReachK3,186,W2,SR,shaped,raw,development_DiagReachK3_s186_W2_SR,24,12000,exploration,20,7.415278579991427,7.26789456228551,0.14738401770591736,0.4,0.15,"[5.49094465970993, 4.286447215080261, 8.551253461837769]","[0.1, 0.05, 0.0]","[0.007171910149710514, 0.006119786776029146, 0.0]"
DiagReachK3,186,W2,SR,shaped,raw,development_DiagReachK3_s186_W2_SR,24,12000,selection,12,9.079822399121865,9.079822399121865,0.0,1.0,0.0,"[5.968874494234721, 4.851914604504903, 9.804839849472046]","[0.0, 0.0, 0.0]","[0.0, 0.0, 0.0]"
DiagReachK3,186,W2,SR,shaped,raw,development_DiagReachK3_s186_W2_SR,24,12000,acceptance,8,9.134572551734163,9.134572551734163,0.0,1.0,0.0,"[6.104390978813171, 5.077026844024658, 10.126752495765686]","[0.0, 0.0, 0.0]","[0.0, 0.0, 0.0]"
DiagReachK3,186,W2,SS,shaped,shaped,development_DiagReachK3_s186_W2_SS,0,480,exploration,20,4.997135980804524,4.105929120262227,0.8912068605422974,0.1,0.4,"[5.58738404661417, 1.173620080947876, 4.714179801940918]","[0.4, 0.0, 0.0]","[0.08042649882180351, 0.0, 0.0]"
DiagReachK3,186,W2,SS,shaped,shaped,development_DiagReachK3_s186_W2_SS,0,480,selection,12,6.103689765208401,6.103689765208401,0.0,0.0,0.0,"[6.029208978017171, 0.4424298455317815, 4.5094319979349775]","[0.0, 0.0, 0.0]","[0.0, 0.0, 0.0]"
DiagReachK3,186,W2,SS,shaped,shaped,development_DiagReachK3_s186_W2_SS,0,480,acceptance,8,6.209490127186291,6.209490127186291,0.0,0.0,0.0,"[5.900539577007294, 0.6631163656711578, 4.56409078836441]","[0.0, 0.0, 0.0]","[0.0, 0.0, 0.0]"
DiagReachK3,186,W2,SS,shaped,shaped,development_DiagReachK3_s186_W2_SS,1,960,exploration,20,5.446009807473747,4.962791882640449,0.48321792483329773,0.2,0.25,"[4.7903139114379885, 2.3940582811832427, 5.922367733716965]","[0.2, 0.05, 0.05]","[0.0345853328704834, 0.008765051915095402, 0.0011367492675781298]"
DiagReachK3,186,W2,SS,shaped,shaped,development_DiagReachK3_s186_W2_SS,1,960,selection,12,7.947893201326951,7.797480756059909,0.15041244526704153,0.4166666666666667,0.3333333333333333,"[6.945087154706319, 1.9214305877685547, 7.694297432899475]","[0.3333333333333333, 0.0, 0.0]","[0.025680065155029297, 0.0, 0.0]"
DiagReachK3,186,W2,SS,shaped,shaped,development_DiagReachK3_s186_W2_SS,1,960,acceptance,8,7.7289205649925865,7.7289205649925865,0.0,0.5,0.0,"[6.373753130435944, 1.8455129861831665, 7.070580840110779]","[0.0, 0.0, 0.0]","[0.0, 0.0, 0.0]"
DiagReachK3,186,W2,SS,shaped,shaped,development_DiagReachK3_s186_W2_SS,2,1440,exploration,20,6.030828964255051,5.246590134046273,0.7842388302087784,0.2,0.25,"[5.219928109645844, 2.4018649846315383, 6.301722502708435]","[0.25, 0.0, 0.1]","[0.05374090330941337, 0.0, 0.010153057098388674]"
DiagReachK3,186,W2,SS,shaped,shaped,development_DiagReachK3_s186_W2_SS,2,1440,selection,12,8.582961860380601,8.582961860380601,0.0,1.0,0.0,"[6.361390988032023, 3.2875126004219055, 8.596084276835123]","[0.0, 0.0, 0.0]","[0.0, 0.0, 0.0]"
DiagReachK3,186,W2,SS,shaped,shaped,development_DiagReachK3_s186_W2_SS,2,1440,acceptance,8,8.658311827981379,8.658311827981379,0.0,1.0,0.0,"[6.320188462734222, 3.286639004945755, 8.546595931053162]","[0.0, 0.0, 0.0]","[0.0, 0.0, 0.0]"
DiagReachK3,186,W2,SS,shaped,shaped,development_DiagReachK3_s186_W2_SS,3,1920,exploration,20,7.394762510470171,6.17845737378957,1.216305136680603,0.25,0.5,"[5.8754469871521, 4.634737879037857, 9.229041016101837]","[0.35, 0.25, 0.15]","[0.05226177828652519, 0.03703933128943811, 0.01170599365234375]"
DiagReachK3,186,W2,SS,shaped,shaped,development_DiagReachK3_s186_W2_SS,3,1920,selection,12,9.166767716273899,9.166767716273899,0.0,1.0,0.0,"[6.461753805478414, 4.428775072097778, 9.8733491897583]","[0.0, 0.0, 0.0]","[0.0, 0.0, 0.0]"
DiagReachK3,186,W2,SS,shaped,shaped,development_DiagReachK3_s186_W2_SS,3,1920,acceptance,8,9.165554161401815,9.165554161401815,0.0,1.0,0.0,"[6.409355342388153, 4.580454170703888, 9.974706292152405]","[0.0, 0.0, 0.0]","[0.0, 0.0, 0.0]"
DiagReachK3,186,W2,SS,shaped,shaped,development_DiagReachK3_s186_W2_SS,4,2400,exploration,20,7.541223835065031,5.394200857593678,2.1470229774713516,0.2,0.45,"[6.523207318782807, 4.469814082980156, 9.67098513841629]","[0.35, 0.2, 0.2]","[0.07826941013336183, 0.0376064997452956, 0.030856628417968757]"
DiagReachK3,186,W2,SS,shaped,shaped,development_DiagReachK3_s186_W2_SS,4,2400,selection,12,8.861625657117596,8.861625657117596,0.0,1.0,0.0,"[5.812765002250671, 4.74921711285909, 9.545761466026306]","[0.0, 0.0, 0.0]","[0.0, 0.0, 0.0]"
DiagReachK3,186,W2,SS,shaped,shaped,development_DiagReachK3_s186_W2_SS,4,2400,acceptance,8,9.267855087629869,9.267855087629869,0.0,1.0,0.0,"[6.584165334701538, 5.013892292976379, 10.561347246170044]","[0.0, 0.0, 0.0]","[0.0, 0.0, 0.0]"
DiagReachK3,186,W2,SS,shaped,shaped,development_DiagReachK3_s186_W2_SS,5,2880,exploration,20,6.9790155074093505,6.643029235908761,0.33598627150058746,0.2,0.25,"[5.609309560060501, 3.5711763203144073, 7.919484400749207]","[0.2, 0.05, 0.05]","[0.02690980093819755, 0.004775791901808523, 0.000783462524414058]"
DiagReachK3,186,W2,SS,shaped,shaped,development_DiagReachK3_s186_W2_SS,5,2880,selection,12,9.468298811985006,9.199034605694761,0.26926420629024506,0.3333333333333333,0.6666666666666666,"[6.90576418240865, 5.8204218943913775, 11.667565107345581]","[0.3333333333333333, 0.3333333333333333, 0.08333333333333333]","[0.025175724710736962, 0.015341398043510238, 0.0010703023274739598]"
DiagReachK3,186,W2,SS,shaped,shaped,development_DiagReachK3_s186_W2_SS,5,2880,acceptance,8,9.283093836827902,9.283093836827902,0.0,1.0,0.0,"[6.5625234842300415, 5.069682836532593, 10.600052118301392]","[0.0, 0.0, 0.0]","[0.0, 0.0, 0.0]"
DiagReachK3,186,W2,SS,shaped,shaped,development_DiagReachK3_s186_W2_SS,6,3360,exploration,20,7.395854120455333,6.553170715771266,0.8426834046840668,0.25,0.35,"[5.787433171272278, 3.81025373339653, 8.345920050144196]","[0.25, 0.2, 0.1]","[0.030614617892674046, 0.027047736828143775, 0.01622378921508788]"
DiagReachK3,186,W2,SS,shaped,shaped,development_DiagReachK3_s186_W2_SS,6,3360,selection,12,9.265384399922914,9.265384399922914,0.0,1.0,0.0,"[6.404675046602885, 5.318114638328552, 10.663741191228231]","[0.0, 0.0, 0.0]","[0.0, 0.0, 0.0]"
DiagReachK3,186,W2,SS,shaped,shaped,development_DiagReachK3_s186_W2_SS,6,3360,acceptance,8,9.368530699721305,9.368530699721305,0.0,1.0,0.0,"[6.699838161468506, 5.052251756191254, 10.686723947525024]","[0.0, 0.0, 0.0]","[0.0, 0.0, 0.0]"
DiagReachK3,186,W2,SS,shaped,shaped,development_DiagReachK3_s186_W2_SS,7,3840,exploration,20,7.836226756488905,5.996783579504117,1.839443176984787,0.15,0.55,"[6.87331246137619, 4.7617151737213135, 10.477516579627991]","[0.5, 0.1, 0.15]","[0.10597408839634488, 0.019510775346022392, 0.01614181518554687]"
DiagReachK3,186,W2,SS,shaped,shaped,development_DiagReachK3_s186_W2_SS,7,3840,selection,12,9.107644287403007,9.104674585318147,0.0029697020848592124,0.9166666666666666,0.08333333333333333,"[6.254232247670491, 4.780144691467285, 9.968418598175049]","[0.08333333333333333, 0.0, 0.0]","[0.0005939404169718424, 0.0, 0.0]"
DiagReachK3,186,W2,SS,shaped,shaped,development_DiagReachK3_s186_W2_SS,7,3840,acceptance,8,9.302360506072034,9.302360506072034,0.0,1.0,0.0,"[6.732035219669342, 4.758325934410095, 10.405921697616577]","[0.0, 0.0, 0.0]","[0.0, 0.0, 0.0]"
DiagReachK3,186,W2,SS,shaped,shaped,development_DiagReachK3_s186_W2_SS,8,4320,exploration,20,7.528053688708171,7.164193558398113,0.3638601303100586,0.15,0.35,"[5.63780769109726, 5.1753252923488615, 9.616685700416564]","[0.2, 0.2, 0.1]","[0.016110771042960038, 0.021121373543372523, 0.0012313652038574152]"
DiagReachK3,186,W2,SS,shaped,shaped,development_DiagReachK3_s186_W2_SS,8,4320,selection,12,9.70504406040612,8.652463932292692,1.0525801281134288,0.25,0.75,"[7.618134339650472, 5.549262166023254, 12.056341489156088]","[0.75, 0.0, 0.3333333333333333]","[0.09325169381641206, 0.0, 0.022670103708903006]"
DiagReachK3,186,W2,SS,shaped,shaped,development_DiagReachK3_s186_W2_SS,8,4320,acceptance,8,9.471931852976558,9.471931852976558,0.0,1.0,0.0,"[6.866098761558533, 4.866172552108765, 10.634641647338867]","[0.0, 0.0, 0.0]","[0.0, 0.0, 0.0]"
DiagReachK3,186,W2,SS,shaped,shaped,development_DiagReachK3_s186_W2_SS,9,4800,exploration,20,7.549290697700199,5.647076945430454,1.9022137522697449,0.25,0.45,"[6.104929035902023, 4.938088887929917, 9.845710957050324]","[0.35, 0.2, 0.15]","[0.050848596436636785, 0.062158966064453126, 0.03838434219360352]"
DiagReachK3,186,W2,SS,shaped,shaped,development_DiagReachK3_s186_W2_SS,9,4800,selection,12,8.962215028267321,8.962215028267321,0.0,1.0,0.0,"[6.3758485317230225, 4.1520474553108215, 9.442140499750773]","[0.0, 0.0, 0.0]","[0.0, 0.0, 0.0]"
DiagReachK3,186,W2,SS,shaped,shaped,development_DiagReachK3_s186_W2_SS,9,4800,acceptance,8,9.469751420538524,9.459591659824946,0.01015976071357727,0.75,0.25,"[6.914527177810669, 5.03422474861145, 10.857059717178345]","[0.25, 0.0, 0.0]","[0.002031939370291558, 0.0, 0.0]"
DiagReachK3,186,W2,SS,shaped,shaped,development_DiagReachK3_s186_W2_SS,10,5280,exploration,20,7.095803781319409,6.817244290281087,0.27855949103832245,0.15,0.4,"[5.764120733737945, 4.009716300666332, 8.390237486362457]","[0.25, 0.15, 0.05]","[0.023919718606131422, 0.01267400888296274, 0.0003682022094726567]"
DiagReachK3,186,W2,SS,shaped,shaped,development_DiagReachK3_s186_W2_SS,10,5280,selection,12,9.614989574443703,9.16597457298776,0.4490150014559428,0.25,0.75,"[7.082136472066243, 5.981107314427693, 11.956079324086508]","[0.5, 0.3333333333333333, 0.3333333333333333]","[0.02183931782132102, 0.03348763172443096, 0.013060461680094412]"
DiagReachK3,186,W2,SS,shaped,shaped,development_DiagReachK3_s186_W2_SS,10,5280,acceptance,8,9.502024542883735,9.4898432906426,0.012181252241134644,0.5,0.5,"[6.905393838882446, 5.00996732711792, 10.81848692893982]","[0.5, 0.0, 0.0]","[0.002436263220650825, 0.0, 0.0]"
DiagReachK3,186,W2,SS,shaped,shaped,development_DiagReachK3_s186_W2_SS,11,5760,exploration,20,7.643963152628858,5.650498354893644,1.9934647977352142,0.15,0.5,"[6.983062314987182, 4.284852311015129, 10.149341082572937]","[0.5, 0.0, 0.25]","[0.11477141380310056, 0.0, 0.027161281585693354]"
DiagReachK3,186,W2,SS,shaped,shaped,development_DiagReachK3_s186_W2_SS,11,5760,selection,12,8.95358216142243,8.95358216142243,0.0,1.0,0.0,"[5.805794994036357, 4.717377543449402, 9.490012804667154]","[0.0, 0.0, 0.0]","[0.0, 0.0, 0.0]"
DiagReachK3,186,W2,SS,shaped,shaped,development_DiagReachK3_s186_W2_SS,11,5760,acceptance,8,9.459091588793672,9.45854248100368,0.0005491077899932861,0.75,0.25,"[6.855058550834656, 4.961462736129761, 10.72695541381836]","[0.25, 0.0, 0.0]","[0.00010980878557476093, 0.0, 0.0]"
DiagReachK3,186,W2,SS,shaped,shaped,development_DiagReachK3_s186_W2_SS,12,6240,exploration,20,7.768219913066133,6.416074732959968,1.352145180106163,0.3,0.45,"[6.549717092514038, 4.390794599056244, 9.64682993888855]","[0.4, 0.05, 0.15]","[0.06746513162340437, 0.018407132075383116, 0.01802196502685547]"
DiagReachK3,186,W2,SS,shaped,shaped,development_DiagReachK3_s186_W2_SS,12,6240,selection,12,9.17902168919066,9.17902168919066,0.0,1.0,0.0,"[6.208308974901835, 4.851396560668945, 10.01484990119934]","[0.0, 0.0, 0.0]","[0.0, 0.0, 0.0]"
DiagReachK3,186,W2,SS,shaped,shaped,development_DiagReachK3_s186_W2_SS,12,6240,acceptance,8,9.483203285484343,9.476837658433944,0.00636562705039978,0.75,0.25,"[6.8802183866500854, 4.979247331619263, 10.757220268249512]","[0.25, 0.0, 0.0]","[0.0012731381825038524, 0.0, 0.0]"
DiagReachK3,186,W2,SS,shaped,shaped,development_DiagReachK3_s186_W2_SS,13,6720,exploration,20,7.768019032672747,5.6100998194969725,2.1579192131757736,0.2,0.65,"[6.600500702857971, 4.7143164977431296, 9.944007086753846]","[0.55, 0.25, 0.2]","[0.07887881142752512, 0.06205091843238244, 0.032686065673828125]"
DiagReachK3,186,W2,SS,shaped,shaped,development_DiagReachK3_s186_W2_SS,13,6720,selection,12,9.140198966394806,9.140198966394806,0.0,1.0,0.0,"[6.356954375902812, 4.627790709336598, 9.92736021677653]","[0.0, 0.0, 0.0]","[0.0, 0.0, 0.0]"
DiagReachK3,186,W2,SS,shaped,shaped,development_DiagReachK3_s186_W2_SS,13,6720,acceptance,8,9.43227097230265,9.43227097230265,0.0,1.0,0.0,"[6.741939187049866, 4.8768473863601685, 10.539551258087158]","[0.0, 0.0, 0.0]","[0.0, 0.0, 0.0]"
DiagReachK3,186,W2,SS,shaped,shaped,development_DiagReachK3_s186_W2_SS,14,7200,exploration,20,7.335917370882816,6.3880756967933845,0.9478416740894318,0.3,0.35,"[5.946540343761444, 3.9933870434761047, 8.657317459583282]","[0.25, 0.1, 0.1]","[0.04221348081316266, 0.033353603803194486, 0.010039825439453132]"
DiagReachK3,186,W2,SS,shaped,shaped,development_DiagReachK3_s186_W2_SS,14,7200,selection,12,9.254624259413442,9.254624259413442,0.0,1.0,0.0,"[6.668468236923218, 4.567768216133118, 10.14854613939921]","[0.0, 0.0, 0.0]","[0.0, 0.0, 0.0]"
DiagReachK3,186,W2,SS,shaped,shaped,development_DiagReachK3_s186_W2_SS,14,7200,acceptance,8,9.506392059708014,9.506392059708014,0.0,1.0,0.0,"[6.891374945640564, 4.979053854942322, 10.781750679016113]","[0.0, 0.0, 0.0]","[0.0, 0.0, 0.0]"
DiagReachK3,186,W2,SS,shaped,shaped,development_DiagReachK3_s186_W2_SS,15,7680,exploration,20,7.365657056273774,6.0033187815564455,1.362338274717331,0.3,0.3,"[5.792190194129944, 4.4299678146839145, 8.92616047859192]","[0.25, 0.05, 0.1]","[0.06357886110033308, 0.0034096791194035414, 0.015422389984130858]"
DiagReachK3,186,W2,SS,shaped,shaped,development_DiagReachK3_s186_W2_SS,15,7680,selection,12,9.177880930132718,9.172504839526663,0.00537609060605367,0.9166666666666666,0.08333333333333333,"[6.125447988510132, 4.8673970301946, 9.944982608159384]","[0.08333333333333333, 0.0, 0.0]","[0.001075222378685366, 0.0, 0.0]"
DiagReachK3,186,W2,SS,shaped,shaped,development_DiagReachK3_s186_W2_SS,15,7680,acceptance,8,9.287911127245025,9.287911127245025,0.0,1.0,0.0,"[6.447985470294952, 4.831931829452515, 10.210954904556274]","[0.0, 0.0, 0.0]","[0.0, 0.0, 0.0]"
DiagReachK3,186,W2,SS,shaped,shaped,development_DiagReachK3_s186_W2_SS,16,8160,exploration,20,7.4611005836894035,6.8863060677220345,0.5747945159673691,0.2,0.4,"[5.8393463611602785, 4.6322514593601225, 9.34933431148529]","[0.35, 0.05, 0.15]","[0.030369945934840603, 0.02035587750948392, 0.007099208831787118]"
DiagReachK3,186,W2,SS,shaped,shaped,development_DiagReachK3_s186_W2_SS,16,8160,selection,12,9.426696376615048,9.375355717155616,0.05134065945943197,0.5833333333333334,0.4166666666666667,"[6.960378885269165, 4.948787808418274, 10.84358278910319]","[0.4166666666666667, 0.0, 0.0]","[0.010268131891886393, 0.0, 0.0]"
DiagReachK3,186,W2,SS,shaped,shaped,development_DiagReachK3_s186_W2_SS,16,8160,acceptance,8,9.488792866800212,9.488792866800212,0.0,1.0,0.0,"[6.766845345497131, 4.971599817276001, 10.653356552124023]","[0.0, 0.0, 0.0]","[0.0, 0.0, 0.0]"
DiagReachK3,186,W2,SS,shaped,shaped,development_DiagReachK3_s186_W2_SS,17,8640,exploration,20,7.268484152072922,6.919279343599337,0.34920480847358704,0.3,0.35,"[6.2987165451049805, 4.185416701436043, 9.308282780647279]","[0.35, 0.0, 0.05]","[0.03198626722608294, 0.0, 0.00329645156860352]"
DiagReachK3,186,W2,SS,shaped,shaped,development_DiagReachK3_s186_W2_SS,17,8640,selection,12,9.364049938352158,9.358040399383755,0.006009538968404134,0.75,0.25,"[6.696175853411357, 5.401538769404094, 11.004568020502726]","[0.25, 0.0, 0.0]","[0.0012019021170479778, 0.0, 0.0]"
DiagReachK3,186,W2,SS,shaped,shaped,development_DiagReachK3_s186_W2_SS,17,8640,acceptance,8,9.489049711709958,9.481885233407956,0.007164478302001953,0.75,0.25,"[6.9273834228515625, 4.956436038017273, 10.797289848327637]","[0.25, 0.0, 0.0]","[0.0014328956604003906, 0.0, 0.0]"
DiagReachK3,186,W2,SS,shaped,shaped,development_DiagReachK3_s186_W2_SS,18,9120,exploration,20,7.433719984991475,6.76255487631075,0.6711651086807251,0.3,0.2,"[5.659738171100616, 4.338739186525345, 8.822432017326355]","[0.2, 0.0, 0.1]","[0.05211861474173409, 0.0, 0.005187961578369138]"
DiagReachK3,186,W2,SS,shaped,shaped,development_DiagReachK3_s186_W2_SS,18,9120,selection,12,9.249510089973713,9.249510089973713,0.0,1.0,0.0,"[6.021405935287476, 5.455783565839131, 10.42247462272644]","[0.0, 0.0, 0.0]","[0.0, 0.0, 0.0]"
DiagReachK3,186,W2,SS,shaped,shaped,development_DiagReachK3_s186_W2_SS,18,9120,acceptance,8,9.453213649123791,9.453213649123791,0.0,1.0,0.0,"[6.783823251724243, 4.911293983459473, 10.607694864273071]","[0.0, 0.0, 0.0]","[0.0, 0.0, 0.0]"
DiagReachK3,186,W2,SS,shaped,shaped,development_DiagReachK3_s186_W2_SS,19,9600,exploration,20,7.4521559800877,6.009199905015412,1.4429560750722885,0.2,0.5,"[6.402148419618607, 4.18034383058548, 9.266507387161255]","[0.45, 0.05, 0.1]","[0.10126164640699113, 0.004651337403517508, 0.004867332458496099]"
DiagReachK3,186,W2,SS,shaped,shaped,development_DiagReachK3_s186_W2_SS,19,9600,selection,12,9.409076579437048,9.409076579437048,0.0,1.0,0.0,"[6.465319792429606, 5.520955204963684, 10.920827150344849]","[0.0, 0.0, 0.0]","[0.0, 0.0, 0.0]"
DiagReachK3,186,W2,SS,shaped,shaped,development_DiagReachK3_s186_W2_SS,19,9600,acceptance,8,9.46171294475207,9.461583453661296,0.00012949109077453613,0.875,0.125,"[6.895128071308136, 5.677694261074066, 11.45627236366272]","[0.125, 0.0, 0.0]","[2.5902475629530075e-05, 0.0, 0.0]"
DiagReachK3,186,W2,SS,shaped,shaped,development_DiagReachK3_s186_W2_SS,20,10080,exploration,20,8.064566673904192,7.110119627981914,0.9544470459222794,0.55,0.35,"[5.838746559619904, 5.321199870109558, 9.98595724105835]","[0.1, 0.3, 0.15]","[0.00583655834197998, 0.042328445728008555, 0.016274074554443362]"
DiagReachK3,186,W2,SS,shaped,shaped,development_DiagReachK3_s186_W2_SS,20,10080,selection,12,9.302838757366407,9.302838757366407,0.0,1.0,0.0,"[6.534217079480489, 5.71057657400767, 11.159286419550577]","[0.0, 0.0, 0.0]","[0.0, 0.0, 0.0]"
DiagReachK3,186,W2,SS,shaped,shaped,development_DiagReachK3_s186_W2_SS,20,10080,acceptance,8,9.425752853858285,9.425752853858285,0.0,1.0,0.0,"[6.754884362220764, 6.258172273635864, 11.92097282409668]","[0.0, 0.0, 0.0]","[0.0, 0.0, 0.0]"
DiagReachK3,186,W2,SS,shaped,shaped,development_DiagReachK3_s186_W2_SS,21,10560,exploration,20,7.787544042780064,5.719072730257176,2.068471312522888,0.35,0.45,"[5.8588349461555485, 5.566620230674744, 10.190500044822693]","[0.25, 0.3, 0.15]","[0.04221255438668388, 0.057276447002704324, 0.03789466094970704]"
DiagReachK3,186,W2,SS,shaped,shaped,development_DiagReachK3_s186_W2_SS,21,10560,selection,12,9.130380643064077,9.129884186043636,0.000496457020441691,0.9166666666666666,0.08333333333333333,"[6.14783251285553, 5.532243529955546, 10.612910509109497]","[0.0, 0.08333333333333333, 0.0]","[0.0, 9.929216825044218e-05, 0.0]"
DiagReachK3,186,W2,SS,shaped,shaped,development_DiagReachK3_s186_W2_SS,21,10560,acceptance,8,9.303253912657965,9.303253912657965,0.0,1.0,0.0,"[6.438277959823608, 5.899187743663788, 11.269287586212158]","[0.0, 0.0, 0.0]","[0.0, 0.0, 0.0]"
DiagReachK3,186,W2,SS,shaped,shaped,development_DiagReachK3_s186_W2_SS,22,11040,exploration,20,7.968121870623072,4.3671920292238795,3.600929841399193,0.15,0.7,"[6.501826429367066, 6.197802591323852, 11.49618113040924]","[0.45, 0.5, 0.3]","[0.0933417660849435, 0.11191443663377028, 0.06046340560913085]"
DiagReachK3,186,W2,SS,shaped,shaped,development_DiagReachK3_s186_W2_SS,22,11040,selection,12,9.294256732020102,9.273440356208207,0.020816375811894734,0.8333333333333334,0.16666666666666666,"[6.467417558034261, 5.486175735791524, 10.88386313120524]","[0.16666666666666666, 0.0, 0.0]","[0.0041632765815371635, 0.0, 0.0]"
DiagReachK3,186,W2,SS,shaped,shaped,development_DiagReachK3_s186_W2_SS,22,11040,acceptance,8,9.199622782770893,9.198358270231983,0.0012645125389099121,0.875,0.125,"[6.198857665061951, 5.541247367858887, 10.677349925041199]","[0.0, 0.125, 0.0]","[0.0, 0.0002529070927546617, 0.0]"
DiagReachK3,186,W2,SS,shaped,shaped,development_DiagReachK3_s186_W2_SS,23,11520,exploration,20,7.390784859100822,5.78557543400908,1.6052094250917435,0.25,0.4,"[5.517167592048645, 4.669826003909111, 9.061328196525574]","[0.2, 0.25, 0.2]","[0.046229658808027, 0.04793491730323204, 0.029169605255126952]"
DiagReachK3,186,W2,SS,shaped,shaped,development_DiagReachK3_s186_W2_SS,23,11520,selection,12,8.277647603582592,8.277647603582592,0.0,0.9166666666666666,0.0,"[4.78213107585907, 3.9993715286254883, 7.7623060544331866]","[0.0, 0.0, 0.0]","[0.0, 0.0, 0.0]"
DiagReachK3,186,W2,SS,shaped,shaped,development_DiagReachK3_s186_W2_SS,23,11520,acceptance,8,8.939575453428551,8.939575453428551,0.0,1.0,0.0,"[5.757482886314392, 4.7064491510391235, 9.416317224502563]","[0.0, 0.0, 0.0]","[0.0, 0.0, 0.0]"
DiagReachK3,186,W2,SS,shaped,shaped,development_DiagReachK3_s186_W2_SS,24,12000,exploration,20,7.415278579991427,7.26789456228551,0.14738401770591736,0.4,0.15,"[5.49094465970993, 4.286447215080261, 8.551253461837769]","[0.1, 0.05, 0.0]","[0.007171910149710514, 0.006119786776029146, 0.0]"
DiagReachK3,186,W2,SS,shaped,shaped,development_DiagReachK3_s186_W2_SS,24,12000,selection,12,9.079822399121865,9.079822399121865,0.0,1.0,0.0,"[5.968874494234721, 4.851914604504903, 9.804839849472046]","[0.0, 0.0, 0.0]","[0.0, 0.0, 0.0]"
DiagReachK3,186,W2,SS,shaped,shaped,development_DiagReachK3_s186_W2_SS,24,12000,acceptance,8,9.134572551734163,9.134572551734163,0.0,1.0,0.0,"[6.104390978813171, 5.077026844024658, 10.126752495765686]","[0.0, 0.0, 0.0]","[0.0, 0.0, 0.0]"
DiagReachK3,187,KL,RR,raw,raw,development_DiagReachK3_s187_KL_RR,0,480,exploration,20,6.7650091622537,5.203994085318408,1.5610150769352913,0.1,0.45,"[4.237565392255783, 5.660638844966888, 8.544022274017333]","[0.15, 0.3, 0.15]","[0.02293247835976736, 0.08446271969721868, 0.020750148773193356]"
DiagReachK3,187,KL,RR,raw,raw,development_DiagReachK3_s187_KL_RR,0,480,selection,12,8.644373066653499,8.634957817623702,0.009415249029795328,0.75,0.25,"[6.234939893086751, 4.6315638422966, 9.84641726811727]","[0.25, 0.0, 0.0]","[0.0018830469676426505, 0.0, 0.0]"
DiagReachK3,187,KL,RR,raw,raw,development_DiagReachK3_s187_KL_RR,0,480,acceptance,8,8.591416535875759,8.591416535875759,0.0,1.0,0.0,"[5.744553208351135, 4.504747748374939, 9.244760513305664]","[0.0, 0.0, 0.0]","[0.0, 0.0, 0.0]"
DiagReachK3,187,KL,RR,raw,raw,development_DiagReachK3_s187_KL_RR,1,960,exploration,20,6.361914745119866,4.793485066441353,1.5684296786785126,0.1,0.45,"[4.699011550843716, 3.7219346508383753, 7.032728397846222]","[0.3, 0.15, 0.15]","[0.07202242783137731, 0.03232678266671988, 0.01568001556396483]"
DiagReachK3,187,KL,RR,raw,raw,development_DiagReachK3_s187_KL_RR,1,960,selection,12,8.586522991357683,8.328717728354968,0.2578052630027135,0.4166666666666667,0.5833333333333334,"[6.843757073084514, 4.507934908072154, 10.351306915283203]","[0.5833333333333334, 0.0, 0.0]","[0.04357802867889404, 0.0, 0.0]"
DiagReachK3,187,KL,RR,raw,raw,development_DiagReachK3_s187_KL_RR,1,960,acceptance,8,8.66615188049618,8.66615188049618,0.0,1.0,0.0,"[5.617457270622253, 4.552721738815308, 9.156479597091675]","[0.0, 0.0, 0.0]","[0.0, 0.0, 0.0]"
DiagReachK3,187,KL,RR,raw,raw,development_DiagReachK3_s187_KL_RR,2,1440,exploration,20,6.672931131714139,4.805672031634603,1.8672591000795364,0.2,0.5,"[5.186635898053646, 4.594826823472976, 8.634708964824677]","[0.25, 0.3, 0.15]","[0.06432526111602781, 0.06276852167569673, 0.008733360290527337]"
DiagReachK3,187,KL,RR,raw,raw,development_DiagReachK3_s187_KL_RR,2,1440,selection,12,8.816015923015462,8.815424148233918,0.0005917747815450033,0.9166666666666666,0.08333333333333333,"[6.269460558891296, 4.874937375386556, 10.124809900919596]","[0.08333333333333333, 0.0, 0.0]","[0.00011835211799258542, 0.0, 0.0]"
DiagReachK3,187,KL,RR,raw,raw,development_DiagReachK3_s187_KL_RR,2,1440,acceptance,8,8.89116942922119,8.89116942922119,0.0,1.0,0.0,"[5.871764123439789, 5.119945228099823, 9.959165692329407]","[0.0, 0.0, 0.0]","[0.0, 0.0, 0.0]"
DiagReachK3,187,KL,RR,raw,raw,development_DiagReachK3_s187_KL_RR,3,1920,exploration,20,6.535205791541375,5.67566497141961,0.8595408201217651,0.15,0.3,"[4.494231560826302, 4.309152391552925, 7.516686114668846]","[0.2, 0.15, 0.05]","[0.054041937419346396, 0.01906482989971454, 0.007181877136230463]"
DiagReachK3,187,KL,RR,raw,raw,development_DiagReachK3_s187_KL_RR,3,1920,selection,12,9.322136720487228,9.0426473870563,0.279489333430926,0.3333333333333333,0.6666666666666666,"[6.674640814463298, 6.190576473871867, 11.769090175628662]","[0.3333333333333333, 0.3333333333333333, 0.3333333333333333]","[0.031874372845604314, 0.01125425558823806, 0.00439382553100585]"
DiagReachK3,187,KL,RR,raw,raw,development_DiagReachK3_s187_KL_RR,3,1920,acceptance,8,9.115474043833093,9.115474043833093,0.0,1.0,0.0,"[6.207599759101868, 5.8394306898117065, 10.977094173431396]","[0.0, 0.0, 0.0]","[0.0, 0.0, 0.0]"
DiagReachK3,187,KL,RR,raw,raw,development_DiagReachK3_s187_KL_RR,4,2400,exploration,20,7.125486374394969,5.834200576441361,1.2912857979536057,0.25,0.5,"[5.223328393697739, 5.011449229717255, 8.75744765996933]","[0.3, 0.25, 0.2]","[0.08874959605080741, 0.018174002720759464, 0.01861936187744141]"
DiagReachK3,187,KL,RR,raw,raw,development_DiagReachK3_s187_KL_RR,4,2400,selection,12,9.229855949276436,9.202273353530714,0.027582595745722454,0.75,0.25,"[6.229195197423299, 5.854444622993469, 11.00660260518392]","[0.16666666666666666, 0.16666666666666666, 0.08333333333333333]","[0.003905858312334328, 0.0008071936093843971, 0.0008034578959147202]"
DiagReachK3,187,KL,RR,raw,raw,development_DiagReachK3_s187_KL_RR,4,2400,acceptance,8,9.119139791186898,9.119139791186898,0.0,1.0,0.0,"[6.1508400440216064, 5.68143093585968, 10.794214248657227]","[0.0, 0.0, 0.0]","[0.0, 0.0, 0.0]"
DiagReachK3,187,KL,RR,raw,raw,development_DiagReachK3_s187_KL_RR,5,2880,exploration,20,6.5188653356092985,5.610283691312652,0.9085816442966461,0.1,0.4,"[4.655201953649521, 4.359432673454284, 7.644491255283356]","[0.2, 0.25, 0.2]","[0.051053973606654576, 0.027157897215623127, 0.01543756866455077]"
DiagReachK3,187,KL,RR,raw,raw,development_DiagReachK3_s187_KL_RR,5,2880,selection,12,9.15804215039437,8.760797408875078,0.3972447415192922,0.3333333333333333,0.6666666666666666,"[6.6700485944747925, 6.0831676324208575, 11.669248660405477]","[0.3333333333333333, 0.3333333333333333, 0.08333333333333333]","[0.02490996746789842, 0.028285130476340275, 0.00035376230875651854]"
DiagReachK3,187,KL,RR,raw,raw,development_DiagReachK3_s187_KL_RR,5,2880,acceptance,8,9.146684848191217,9.146684848191217,0.0,1.0,0.0,"[6.0767035484313965, 5.734846830368042, 10.746959924697876]","[0.0, 0.0, 0.0]","[0.0, 0.0, 0.0]"
DiagReachK3,187,KL,RR,raw,raw,development_DiagReachK3_s187_KL_RR,6,3360,exploration,20,6.717352115887917,3.256307163614548,3.461044952273369,0.15,0.45,"[4.493240593373775, 4.821450155973435, 8.112840381264686]","[0.3, 0.25, 0.2]","[0.07423004763466971, 0.09705568827115572, 0.05949577331542969]"
DiagReachK3,187,KL,RR,raw,raw,development_DiagReachK3_s187_KL_RR,6,3360,selection,12,8.950620763772166,8.597140037291682,0.353480726480484,0.6666666666666666,0.3333333333333333,"[6.3433226346969604, 5.379861990610759, 10.665903925895691]","[0.3333333333333333, 0.0, 0.3333333333333333]","[0.04358210450127011, 0.0, 0.012640323638916021]"
DiagReachK3,187,KL,RR,raw,raw,development_DiagReachK3_s187_KL_RR,6,3360,acceptance,8,9.129526320146397,9.129526320146397,0.0,1.0,0.0,"[6.061309456825256, 5.736585855484009, 10.73622179031372]","[0.0, 0.0, 0.0]","[0.0, 0.0, 0.0]"
DiagReachK3,187,KL,RR,raw,raw,development_DiagReachK3_s187_KL_RR,7,3840,exploration,20,6.997679265460467,6.39243112715194,0.6052481383085251,0.35,0.4,"[4.218092060089111, 4.865070903301239, 7.793250226974488]","[0.15, 0.25, 0.1]","[0.012329544339861198, 0.03227813427264874, 0.004657981872558592]"
DiagReachK3,187,KL,RR,raw,raw,development_DiagReachK3_s187_KL_RR,7,3840,selection,12,9.257256903142359,9.181793200861042,0.07546370228131612,0.5,0.5,"[6.726446668306987, 5.983935515085856, 11.621169487635294]","[0.5, 0.08333333333333333, 0.16666666666666666]","[0.012102785564604257, 0.0005150330372345838, 0.0024749183654785103]"
DiagReachK3,187,KL,RR,raw,raw,development_DiagReachK3_s187_KL_RR,7,3840,acceptance,8,9.138879192061722,9.138879192061722,0.0,1.0,0.0,"[6.094032049179077, 5.715830683708191, 10.758357524871826]","[0.0, 0.0, 0.0]","[0.0, 0.0, 0.0]"
DiagReachK3,187,KL,RR,raw,raw,development_DiagReachK3_s187_KL_RR,8,4320,exploration,20,6.7382796260248865,4.743307084096595,1.9949725419282913,0.3,0.45,"[5.47247803658247, 4.3501109182834625, 8.416101670265197]","[0.3, 0.2, 0.15]","[0.07820621558598109, 0.046847768930288455, 0.019182750701904294]"
DiagReachK3,187,KL,RR,raw,raw,development_DiagReachK3_s187_KL_RR,8,4320,selection,12,9.217770339688288,9.115202666958796,0.10256767272949219,0.6666666666666666,0.3333333333333333,"[6.411991477012634, 5.7525655428568525, 11.114856958389282]","[0.3333333333333333, 0.0, 0.08333333333333333]","[0.020028085935683487, 0.0, 0.00048543930053710865]"
DiagReachK3,187,KL,RR,raw,raw,development_DiagReachK3_s187_KL_RR,8,4320,acceptance,8,9.242954306199682,9.242954306199682,0.0,1.0,0.0,"[5.903149127960205, 5.780385971069336, 10.621866822242737]","[0.0, 0.0, 0.0]","[0.0, 0.0, 0.0]"
DiagReachK3,187,KL,RR,raw,raw,development_DiagReachK3_s187_KL_RR,9,4800,exploration,20,6.409759147411679,6.139844550138806,0.2699145972728729,0.15,0.3,"[4.409338289499283, 4.301288998126983, 7.330044460296631]","[0.2, 0.1, 0.05]","[0.01013874326433455, 0.012883747540987455, 0.000746971130371099]"
DiagReachK3,187,KL,RR,raw,raw,development_DiagReachK3_s187_KL_RR,9,4800,selection,12,9.358424339715084,9.26884302896603,0.08958131074905396,0.5,0.5,"[6.580710291862488, 6.066852410634358, 11.57633105913798]","[0.25, 0.3333333333333333, 0.08333333333333333]","[0.005298523675827745, 0.01107381551693648, 0.000835673014322913]"
DiagReachK3,187,KL,RR,raw,raw,development_DiagReachK3_s187_KL_RR,9,4800,acceptance,8,9.22597566258628,9.22597566258628,0.0,1.0,0.0,"[5.764494776725769, 5.719809412956238, 10.422305345535278]","[0.0, 0.0, 0.0]","[0.0, 0.0, 0.0]"
DiagReachK3,187,KL,RR,raw,raw,development_DiagReachK3_s187_KL_RR,10,5280,exploration,20,7.30405946122126,5.518325523004096,1.785733938217163,0.3,0.35,"[5.300498700141906, 5.0607586145401005, 9.142643094062805]","[0.15, 0.25, 0.2]","[0.05186879294259207, 0.06601928564218375, 0.03127543258666993]"
DiagReachK3,187,KL,RR,raw,raw,development_DiagReachK3_s187_KL_RR,10,5280,selection,12,9.083169548378406,8.994085737731076,0.08908381064732869,0.6666666666666666,0.3333333333333333,"[6.000605305035909, 5.4453889926274615, 10.397249698638916]","[0.3333333333333333, 0.0, 0.0]","[0.017816764967782155, 0.0, 0.0]"
DiagReachK3,187,KL,RR,raw,raw,development_DiagReachK3_s187_KL_RR,10,5280,acceptance,8,9.297268307954074,9.297268307954074,0.0,1.0,0.0,"[5.843990325927734, 5.860979080200195, 10.647754430770874]","[0.0, 0.0, 0.0]","[0.0, 0.0, 0.0]"
DiagReachK3,187,KL,RR,raw,raw,development_DiagReachK3_s187_KL_RR,11,5760,exploration,20,7.376580567595084,6.105147184368688,1.2714333832263947,0.2,0.45,"[5.684079813957214, 4.8975084036588665, 9.375089025497436]","[0.4, 0.15, 0.25]","[0.06764261041368755, 0.017315138303316567, 0.02676177597045898]"
DiagReachK3,187,KL,RR,raw,raw,development_DiagReachK3_s187_KL_RR,11,5760,selection,12,9.307681184238753,9.256177555746397,0.05150362849235535,0.6666666666666666,0.3333333333333333,"[6.261361360549927, 5.850684245427449, 11.038519938786825]","[0.3333333333333333, 0.0, 0.16666666666666666]","[0.008893416041419614, 0.0, 0.001407305399576823]"
DiagReachK3,187,KL,RR,raw,raw,development_DiagReachK3_s187_KL_RR,11,5760,acceptance,8,9.24353016684763,9.24353016684763,0.0,1.0,0.0,"[5.840945839881897, 5.652444958686829, 10.445327758789062]","[0.0, 0.0, 0.0]","[0.0, 0.0, 0.0]"
DiagReachK3,187,KL,RR,raw,raw,development_DiagReachK3_s187_KL_RR,12,6240,exploration,20,6.979360375353136,5.375029567428865,1.6043308079242706,0.4,0.35,"[4.844356215000152, 4.355393452942371, 7.936719566583633]","[0.25, 0.15, 0.15]","[0.06879378727504185, 0.016249348567082333, 0.028299316406249997]"
DiagReachK3,187,KL,RR,raw,raw,development_DiagReachK3_s187_KL_RR,12,6240,selection,12,9.132387459233481,9.027510801906464,0.10487665732701619,0.6666666666666666,0.3333333333333333,"[6.07643477121989, 5.633231123288472, 10.664270242055258]","[0.3333333333333333, 0.0, 0.25]","[0.018061149687994105, 0.0, 0.0029141871134440076]"
DiagReachK3,187,KL,RR,raw,raw,development_DiagReachK3_s187_KL_RR,12,6240,acceptance,8,9.265802988479846,9.265802988479846,0.0,1.0,0.0,"[5.877522110939026, 5.745601654052734, 10.567990779876709]","[0.0, 0.0, 0.0]","[0.0, 0.0, 0.0]"
DiagReachK3,187,KL,RR,raw,raw,development_DiagReachK3_s187_KL_RR,13,6720,exploration,20,7.450890351053677,6.165460471030674,1.2854298800230026,0.2,0.6,"[5.2966116353869435, 5.344593435525894, 9.324244379997253]","[0.25, 0.45, 0.2]","[0.041740448134286054, 0.05349912276634803, 0.01591202926635743]"
DiagReachK3,187,KL,RR,raw,raw,development_DiagReachK3_s187_KL_RR,13,6720,selection,12,9.137614943274334,9.137614943274334,0.0,1.0,0.0,"[5.705991784731547, 5.565173069636027, 10.221251090367636]","[0.0, 0.0, 0.0]","[0.0, 0.0, 0.0]"
DiagReachK3,187,KL,RR,raw,raw,development_DiagReachK3_s187_KL_RR,13,6720,acceptance,8,9.37978214857867,9.37978214857867,0.0,1.0,0.0,"[6.129767179489136, 5.98056161403656, 11.056374669075012]","[0.0, 0.0, 0.0]","[0.0, 0.0, 0.0]"
DiagReachK3,187,KL,RR,raw,raw,development_DiagReachK3_s187_KL_RR,14,7200,exploration,20,7.206246225039941,5.4786803255486305,1.7275658994913101,0.2,0.45,"[5.4584678411483765, 4.719636422395706, 8.93441095650196]","[0.2, 0.3, 0.25]","[0.04859676361083983, 0.053761786680955145, 0.021923107147216802]"
DiagReachK3,187,KL,RR,raw,raw,development_DiagReachK3_s187_KL_RR,14,7200,selection,12,9.51747470812067,8.786741184354469,0.7307335237661997,0.6666666666666666,0.3333333333333333,"[6.967951496442159, 6.234065691630046, 12.123814344406128]","[0.3333333333333333, 0.3333333333333333, 0.3333333333333333]","[0.041480172248113734, 0.025912156471839327, 0.033913002014160164]"
DiagReachK3,187,KL,RR,raw,raw,development_DiagReachK3_s187_KL_RR,14,7200,acceptance,8,9.49530794012826,9.49530794012826,0.0,1.0,0.0,"[6.573499083518982, 6.193390607833862, 11.704748153686523]","[0.0, 0.0, 0.0]","[0.0, 0.0, 0.0]"
DiagReachK3,187,KL,RR,raw,raw,development_DiagReachK3_s187_KL_RR,15,7680,exploration,20,7.488577516138323,6.115779937565094,1.372797578573227,0.25,0.45,"[4.99651380777359, 5.830253207683564, 9.603163063526154]","[0.2, 0.4, 0.2]","[0.024173930713108617, 0.07218578411982611, 0.020620235443115243]"
DiagReachK3,187,KL,RR,raw,raw,development_DiagReachK3_s187_KL_RR,15,7680,selection,12,9.47607619514844,8.996154968448293,0.479921226700147,0.6666666666666666,0.3333333333333333,"[7.164777437845866, 5.975393613179524, 12.091283718744913]","[0.3333333333333333, 0.0, 0.3333333333333333]","[0.04895265329451789, 0.0, 0.018647301991780607]"
DiagReachK3,187,KL,RR,raw,raw,development_DiagReachK3_s187_KL_RR,15,7680,acceptance,8,9.430491448100655,9.430491448100655,0.0,1.0,0.0,"[6.704457521438599, 6.245534181594849, 11.877976179122925]","[0.0, 0.0, 0.0]","[0.0, 0.0, 0.0]"
DiagReachK3,187,KL,RR,raw,raw,development_DiagReachK3_s187_KL_RR,16,8160,exploration,20,7.674196878499352,5.087517621046864,2.586679257452488,0.4,0.4,"[6.13487429022789, 4.90204327404499, 9.815217339992524]","[0.35, 0.2, 0.2]","[0.08800691195896693, 0.0563193834744967, 0.03595084762573242]"
DiagReachK3,187,KL,RR,raw,raw,development_DiagReachK3_s187_KL_RR,16,8160,selection,12,9.283917993757251,9.121566564294818,0.16235142946243286,0.6666666666666666,0.3333333333333333,"[6.366974671681722, 5.891848961512248, 11.204493284225464]","[0.3333333333333333, 0.16666666666666666, 0.3333333333333333]","[0.02110614095415388, 0.0013758769402137199, 0.009022579193115221]"
DiagReachK3,187,KL,RR,raw,raw,development_DiagReachK3_s187_KL_RR,16,8160,acceptance,8,9.461438753595576,9.451645561447368,0.009793192148208618,0.75,0.25,"[6.674374580383301, 6.12779176235199, 11.738145112991333]","[0.25, 0.0, 0.0]","[0.0019586256572178273, 0.0, 0.0]"
DiagReachK3,187,KL,RR,raw,raw,development_DiagReachK3_s187_KL_RR,17,8640,exploration,20,7.420671716554788,5.564036600514083,1.8566351160407066,0.2,0.4,"[5.131066185235977, 5.317690658569336, 9.268502020835877]","[0.25, 0.25, 0.25]","[0.04518276623317173, 0.06536103395315317, 0.04005985260009766]"
DiagReachK3,187,KL,RR,raw,raw,development_DiagReachK3_s187_KL_RR,17,8640,selection,12,9.281054583848649,8.860097152651482,0.42095743119716644,0.6666666666666666,0.3333333333333333,"[6.594640692075093, 5.571040193239848, 11.107754389444986]","[0.3333333333333333, 0.0, 0.3333333333333333]","[0.04573670455387659, 0.0, 0.013095245361328112]"
DiagReachK3,187,KL,RR,raw,raw,development_DiagReachK3_s187_KL_RR,17,8640,acceptance,8,9.464632879220883,9.464632879220883,0.0,1.0,0.0,"[6.768850326538086, 6.247787714004517, 11.93096661567688]","[0.0, 0.0, 0.0]","[0.0, 0.0, 0.0]"
DiagReachK3,187,KL,RR,raw,raw,development_DiagReachK3_s187_KL_RR,18,9120,exploration,20,7.295053432141431,5.19273203090299,2.1023214012384415,0.35,0.3,"[4.964919367432595, 4.718118661642075, 8.373873579502106]","[0.15, 0.2, 0.1]","[0.029491111210414332, 0.05654735198387732, 0.023584266662597664]"
DiagReachK3,187,KL,RR,raw,raw,development_DiagReachK3_s187_KL_RR,18,9120,selection,12,9.268837966927094,8.469133797693454,0.7997041692336401,0.5833333333333334,0.4166666666666667,"[6.690958658854167, 5.714974244435628, 11.34563914934794]","[0.4166666666666667, 0.3333333333333333, 0.3333333333333333]","[0.04177682740347727, 0.025846884800837595, 0.03315486272176107]"
DiagReachK3,187,KL,RR,raw,raw,development_DiagReachK3_s187_KL_RR,18,9120,acceptance,8,9.01002666435088,9.01002666435088,0.0,1.0,0.0,"[5.887530267238617, 5.104169398546219, 9.954883933067322]","[0.0, 0.0, 0.0]","[0.0, 0.0, 0.0]"
DiagReachK3,187,KL,RR,raw,raw,development_DiagReachK3_s187_KL_RR,19,9600,exploration,20,6.788314478269312,4.578447939625475,2.209866538643837,0.2,0.3,"[4.746975857019424, 4.913427650928497, 8.470028391480446]","[0.3, 0.15, 0.2]","[0.09602525915418353, 0.021282988328200116, 0.053029762268066404]"
DiagReachK3,187,KL,RR,raw,raw,development_DiagReachK3_s187_KL_RR,19,9600,selection,12,9.171800606947121,8.813437614342547,0.35836299260457355,0.6666666666666666,0.3333333333333333,"[6.234746774037679, 6.143324653307597, 11.297875165939331]","[0.3333333333333333, 0.0, 0.3333333333333333]","[0.0375669002532959, 0.0, 0.015590197245279935]"
DiagReachK3,187,KL,RR,raw,raw,development_DiagReachK3_s187_KL_RR,19,9600,acceptance,8,9.458583905384875,9.458583905384875,0.0,1.0,0.0,"[6.821991801261902, 6.284885287284851, 12.023597478866577]","[0.0, 0.0, 0.0]","[0.0, 0.0, 0.0]"
DiagReachK3,187,KL,RR,raw,raw,development_DiagReachK3_s187_KL_RR,20,10080,exploration,20,7.230035218044651,4.664589005156887,2.565446212887764,0.15,0.45,"[5.516254359483719, 5.740582048892975, 9.844541943073272]","[0.3, 0.25, 0.25]","[0.0950425556727818, 0.05422868361839881, 0.05418600082397461]"
DiagReachK3,187,KL,RR,raw,raw,development_DiagReachK3_s187_KL_RR,20,10080,selection,12,9.231703702838665,8.611411054165607,0.6202926486730576,0.6666666666666666,0.3333333333333333,"[6.651495814323425, 5.735257267951965, 11.329284826914469]","[0.3333333333333333, 0.16666666666666666, 0.3333333333333333]","[0.05523689587910972, 0.0024670148507142664, 0.027567501068115247]"
DiagReachK3,187,KL,RR,raw,raw,development_DiagReachK3_s187_KL_RR,20,10080,acceptance,8,9.432218830473722,9.432218830473722,0.0,1.0,0.0,"[6.708549857139587, 6.204405903816223, 11.83452320098877]","[0.0, 0.0, 0.0]","[0.0, 0.0, 0.0]"
DiagReachK3,187,KL,RR,raw,raw,development_DiagReachK3_s187_KL_RR,21,10560,exploration,20,7.145727761781309,5.726666689610576,1.4190610721707344,0.2,0.35,"[5.330445158481598, 4.59109274148941, 8.748811054229737]","[0.3, 0.15, 0.15]","[0.05548527240753174, 0.013884676419771636, 0.021167304992675773]"
DiagReachK3,187,KL,RR,raw,raw,development_DiagReachK3_s187_KL_RR,21,10560,selection,12,9.430940114990031,8.966880478993213,0.46405963599681854,0.6666666666666666,0.3333333333333333,"[6.773082256317139, 6.124837875366211, 11.809109608332315]","[0.3333333333333333, 0.3333333333333333, 0.3333333333333333]","[0.03996576581682478, 0.00911344626010994, 0.023604818979899096]"
DiagReachK3,187,KL,RR,raw,raw,development_DiagReachK3_s187_KL_RR,21,10560,acceptance,8,9.475035876291804,9.475035876291804,0.0,1.0,0.0,"[6.616549253463745, 6.208192467689514, 11.755887031555176]","[0.0, 0.0, 0.0]","[0.0, 0.0, 0.0]"
DiagReachK3,187,KL,RR,raw,raw,development_DiagReachK3_s187_KL_RR,22,11040,exploration,20,7.01550375886698,5.87564187713404,1.1398618817329407,0.35,0.4,"[5.439130449295044, 4.271293047070503, 8.403150415420532]","[0.4, 0.0, 0.05]","[0.08301802703312465, 0.0, 0.00471204376220703]"
DiagReachK3,187,KL,RR,raw,raw,development_DiagReachK3_s187_KL_RR,22,11040,selection,12,9.426203653845004,8.917200253042392,0.5090034008026123,0.3333333333333333,0.6666666666666666,"[6.451059699058533, 6.732714851697286, 12.095146497090658]","[0.3333333333333333, 0.6666666666666666, 0.3333333333333333]","[0.007862584931509839, 0.050887713065514185, 0.007814331054687504]"
DiagReachK3,187,KL,RR,raw,raw,development_DiagReachK3_s187_KL_RR,22,11040,acceptance,8,9.453816150850617,9.453816150850617,0.0,1.0,0.0,"[6.6169480085372925, 6.168056607246399, 11.714770078659058]","[0.0, 0.0, 0.0]","[0.0, 0.0, 0.0]"
DiagReachK3,187,KL,RR,raw,raw,development_DiagReachK3_s187_KL_RR,23,11520,exploration,20,7.836204273015028,3.055346672743325,4.780857600271702,0.2,0.65,"[6.552943842113018, 5.807360661029816, 11.150590527057648]","[0.45, 0.4, 0.45]","[0.16538449014936174, 0.08713089135976938, 0.07429938507080078]"
DiagReachK3,187,KL,RR,raw,raw,development_DiagReachK3_s187_KL_RR,23,11520,selection,12,9.255360041258365,9.09991236944758,0.15544767181078592,0.6666666666666666,0.3333333333333333,"[6.134771505991618, 5.9554028908411665, 11.01864751180013]","[0.16666666666666666, 0.3333333333333333, 0.16666666666666666]","[0.0011576697939918075, 0.015834600497514766, 0.004462966918945303]"
DiagReachK3,187,KL,RR,raw,raw,development_DiagReachK3_s187_KL_RR,23,11520,acceptance,8,9.43234420416411,9.43234420416411,0.0,1.0,0.0,"[6.3576754331588745, 6.151286602020264, 11.45763897895813]","[0.0, 0.0, 0.0]","[0.0, 0.0, 0.0]"
DiagReachK3,187,KL,RR,raw,raw,development_DiagReachK3_s187_KL_RR,24,12000,exploration,20,7.877626113109291,5.728640488795937,2.1489856243133545,0.35,0.5,"[6.2979925036430355, 5.077788978815079, 10.218265056610107]","[0.4, 0.2, 0.1]","[0.08590400900159563, 0.03771770183856671, 0.03519767379760742]"
DiagReachK3,187,KL,RR,raw,raw,development_DiagReachK3_s187_KL_RR,24,12000,selection,12,9.227213496850888,8.770946075406632,0.4562674214442571,0.6666666666666666,0.3333333333333333,"[6.3532058000564575, 6.023531595865886, 11.310364802678427]","[0.3333333333333333, 0.3333333333333333, 0.3333333333333333]","[0.01951141584487189, 0.027802821917411607, 0.022738577524820964]"
DiagReachK3,187,KL,RR,raw,raw,development_DiagReachK3_s187_KL_RR,24,12000,acceptance,8,9.472256680461578,9.472256680461578,0.0,1.0,0.0,"[6.689352869987488, 6.223933219909668, 11.838208675384521]","[0.0, 0.0, 0.0]","[0.0, 0.0, 0.0]"
DiagReachK3,187,KL,RS,raw,shaped,development_DiagReachK3_s187_KL_RS,0,480,exploration,20,6.7650091622537,5.203994085318408,1.5610150769352913,0.1,0.45,"[4.237565392255783, 5.660638844966888, 8.544022274017333]","[0.15, 0.3, 0.15]","[0.02293247835976736, 0.08446271969721868, 0.020750148773193356]"
DiagReachK3,187,KL,RS,raw,shaped,development_DiagReachK3_s187_KL_RS,0,480,selection,12,8.644373066653499,8.634957817623702,0.009415249029795328,0.75,0.25,"[6.234939893086751, 4.6315638422966, 9.84641726811727]","[0.25, 0.0, 0.0]","[0.0018830469676426505, 0.0, 0.0]"
DiagReachK3,187,KL,RS,raw,shaped,development_DiagReachK3_s187_KL_RS,0,480,acceptance,8,8.591416535875759,8.591416535875759,0.0,1.0,0.0,"[5.744553208351135, 4.504747748374939, 9.244760513305664]","[0.0, 0.0, 0.0]","[0.0, 0.0, 0.0]"
DiagReachK3,187,KL,RS,raw,shaped,development_DiagReachK3_s187_KL_RS,1,960,exploration,20,6.361914745119866,4.793485066441353,1.5684296786785126,0.1,0.45,"[4.699011550843716, 3.7219346508383753, 7.032728397846222]","[0.3, 0.15, 0.15]","[0.07202242783137731, 0.03232678266671988, 0.01568001556396483]"
DiagReachK3,187,KL,RS,raw,shaped,development_DiagReachK3_s187_KL_RS,1,960,selection,12,8.586522991357683,8.328717728354968,0.2578052630027135,0.4166666666666667,0.5833333333333334,"[6.843757073084514, 4.507934908072154, 10.351306915283203]","[0.5833333333333334, 0.0, 0.0]","[0.04357802867889404, 0.0, 0.0]"
DiagReachK3,187,KL,RS,raw,shaped,development_DiagReachK3_s187_KL_RS,1,960,acceptance,8,8.66615188049618,8.66615188049618,0.0,1.0,0.0,"[5.617457270622253, 4.552721738815308, 9.156479597091675]","[0.0, 0.0, 0.0]","[0.0, 0.0, 0.0]"
DiagReachK3,187,KL,RS,raw,shaped,development_DiagReachK3_s187_KL_RS,2,1440,exploration,20,6.672931131714139,4.805672031634603,1.8672591000795364,0.2,0.5,"[5.186635898053646, 4.594826823472976, 8.634708964824677]","[0.25, 0.3, 0.15]","[0.06432526111602781, 0.06276852167569673, 0.008733360290527337]"
DiagReachK3,187,KL,RS,raw,shaped,development_DiagReachK3_s187_KL_RS,2,1440,selection,12,8.816015923015462,8.815424148233918,0.0005917747815450033,0.9166666666666666,0.08333333333333333,"[6.269460558891296, 4.874937375386556, 10.124809900919596]","[0.08333333333333333, 0.0, 0.0]","[0.00011835211799258542, 0.0, 0.0]"
DiagReachK3,187,KL,RS,raw,shaped,development_DiagReachK3_s187_KL_RS,2,1440,acceptance,8,8.89116942922119,8.89116942922119,0.0,1.0,0.0,"[5.871764123439789, 5.119945228099823, 9.959165692329407]","[0.0, 0.0, 0.0]","[0.0, 0.0, 0.0]"
DiagReachK3,187,KL,RS,raw,shaped,development_DiagReachK3_s187_KL_RS,3,1920,exploration,20,6.535205791541375,5.67566497141961,0.8595408201217651,0.15,0.3,"[4.494231560826302, 4.309152391552925, 7.516686114668846]","[0.2, 0.15, 0.05]","[0.054041937419346396, 0.01906482989971454, 0.007181877136230463]"
DiagReachK3,187,KL,RS,raw,shaped,development_DiagReachK3_s187_KL_RS,3,1920,selection,12,9.322136720487228,9.0426473870563,0.279489333430926,0.3333333333333333,0.6666666666666666,"[6.674640814463298, 6.190576473871867, 11.769090175628662]","[0.3333333333333333, 0.3333333333333333, 0.3333333333333333]","[0.031874372845604314, 0.01125425558823806, 0.00439382553100585]"
DiagReachK3,187,KL,RS,raw,shaped,development_DiagReachK3_s187_KL_RS,3,1920,acceptance,8,9.115474043833093,9.115474043833093,0.0,1.0,0.0,"[6.207599759101868, 5.8394306898117065, 10.977094173431396]","[0.0, 0.0, 0.0]","[0.0, 0.0, 0.0]"
DiagReachK3,187,KL,RS,raw,shaped,development_DiagReachK3_s187_KL_RS,4,2400,exploration,20,7.125486374394969,5.834200576441361,1.2912857979536057,0.25,0.5,"[5.223328393697739, 5.011449229717255, 8.75744765996933]","[0.3, 0.25, 0.2]","[0.08874959605080741, 0.018174002720759464, 0.01861936187744141]"
DiagReachK3,187,KL,RS,raw,shaped,development_DiagReachK3_s187_KL_RS,4,2400,selection,12,9.229855949276436,9.202273353530714,0.027582595745722454,0.75,0.25,"[6.229195197423299, 5.854444622993469, 11.00660260518392]","[0.16666666666666666, 0.16666666666666666, 0.08333333333333333]","[0.003905858312334328, 0.0008071936093843971, 0.0008034578959147202]"
DiagReachK3,187,KL,RS,raw,shaped,development_DiagReachK3_s187_KL_RS,4,2400,acceptance,8,9.119139791186898,9.119139791186898,0.0,1.0,0.0,"[6.1508400440216064, 5.68143093585968, 10.794214248657227]","[0.0, 0.0, 0.0]","[0.0, 0.0, 0.0]"
DiagReachK3,187,KL,RS,raw,shaped,development_DiagReachK3_s187_KL_RS,5,2880,exploration,20,6.5188653356092985,5.610283691312652,0.9085816442966461,0.1,0.4,"[4.655201953649521, 4.359432673454284, 7.644491255283356]","[0.2, 0.25, 0.2]","[0.051053973606654576, 0.027157897215623127, 0.01543756866455077]"
DiagReachK3,187,KL,RS,raw,shaped,development_DiagReachK3_s187_KL_RS,5,2880,selection,12,9.15804215039437,8.760797408875078,0.3972447415192922,0.3333333333333333,0.6666666666666666,"[6.6700485944747925, 6.0831676324208575, 11.669248660405477]","[0.3333333333333333, 0.3333333333333333, 0.08333333333333333]","[0.02490996746789842, 0.028285130476340275, 0.00035376230875651854]"
DiagReachK3,187,KL,RS,raw,shaped,development_DiagReachK3_s187_KL_RS,5,2880,acceptance,8,9.146684848191217,9.146684848191217,0.0,1.0,0.0,"[6.0767035484313965, 5.734846830368042, 10.746959924697876]","[0.0, 0.0, 0.0]","[0.0, 0.0, 0.0]"
DiagReachK3,187,KL,RS,raw,shaped,development_DiagReachK3_s187_KL_RS,6,3360,exploration,20,6.717352115887917,3.256307163614548,3.461044952273369,0.15,0.45,"[4.493240593373775, 4.821450155973435, 8.112840381264686]","[0.3, 0.25, 0.2]","[0.07423004763466971, 0.09705568827115572, 0.05949577331542969]"
DiagReachK3,187,KL,RS,raw,shaped,development_DiagReachK3_s187_KL_RS,6,3360,selection,12,8.950620763772166,8.597140037291682,0.353480726480484,0.6666666666666666,0.3333333333333333,"[6.3433226346969604, 5.379861990610759, 10.665903925895691]","[0.3333333333333333, 0.0, 0.3333333333333333]","[0.04358210450127011, 0.0, 0.012640323638916021]"
DiagReachK3,187,KL,RS,raw,shaped,development_DiagReachK3_s187_KL_RS,6,3360,acceptance,8,9.129526320146397,9.129526320146397,0.0,1.0,0.0,"[6.061309456825256, 5.736585855484009, 10.73622179031372]","[0.0, 0.0, 0.0]","[0.0, 0.0, 0.0]"
DiagReachK3,187,KL,RS,raw,shaped,development_DiagReachK3_s187_KL_RS,7,3840,exploration,20,6.997679265460467,6.39243112715194,0.6052481383085251,0.35,0.4,"[4.218092060089111, 4.865070903301239, 7.793250226974488]","[0.15, 0.25, 0.1]","[0.012329544339861198, 0.03227813427264874, 0.004657981872558592]"
DiagReachK3,187,KL,RS,raw,shaped,development_DiagReachK3_s187_KL_RS,7,3840,selection,12,9.257256903142359,9.181793200861042,0.07546370228131612,0.5,0.5,"[6.726446668306987, 5.983935515085856, 11.621169487635294]","[0.5, 0.08333333333333333, 0.16666666666666666]","[0.012102785564604257, 0.0005150330372345838, 0.0024749183654785103]"
DiagReachK3,187,KL,RS,raw,shaped,development_DiagReachK3_s187_KL_RS,7,3840,acceptance,8,9.138879192061722,9.138879192061722,0.0,1.0,0.0,"[6.094032049179077, 5.715830683708191, 10.758357524871826]","[0.0, 0.0, 0.0]","[0.0, 0.0, 0.0]"
DiagReachK3,187,KL,RS,raw,shaped,development_DiagReachK3_s187_KL_RS,8,4320,exploration,20,6.7382796260248865,4.743307084096595,1.9949725419282913,0.3,0.45,"[5.47247803658247, 4.3501109182834625, 8.416101670265197]","[0.3, 0.2, 0.15]","[0.07820621558598109, 0.046847768930288455, 0.019182750701904294]"
DiagReachK3,187,KL,RS,raw,shaped,development_DiagReachK3_s187_KL_RS,8,4320,selection,12,9.217770339688288,9.115202666958796,0.10256767272949219,0.6666666666666666,0.3333333333333333,"[6.411991477012634, 5.7525655428568525, 11.114856958389282]","[0.3333333333333333, 0.0, 0.08333333333333333]","[0.020028085935683487, 0.0, 0.00048543930053710865]"
DiagReachK3,187,KL,RS,raw,shaped,development_DiagReachK3_s187_KL_RS,8,4320,acceptance,8,9.242954306199682,9.242954306199682,0.0,1.0,0.0,"[5.903149127960205, 5.780385971069336, 10.621866822242737]","[0.0, 0.0, 0.0]","[0.0, 0.0, 0.0]"
DiagReachK3,187,KL,RS,raw,shaped,development_DiagReachK3_s187_KL_RS,9,4800,exploration,20,6.409759147411679,6.139844550138806,0.2699145972728729,0.15,0.3,"[4.409338289499283, 4.301288998126983, 7.330044460296631]","[0.2, 0.1, 0.05]","[0.01013874326433455, 0.012883747540987455, 0.000746971130371099]"
DiagReachK3,187,KL,RS,raw,shaped,development_DiagReachK3_s187_KL_RS,9,4800,selection,12,9.358424339715084,9.26884302896603,0.08958131074905396,0.5,0.5,"[6.580710291862488, 6.066852410634358, 11.57633105913798]","[0.25, 0.3333333333333333, 0.08333333333333333]","[0.005298523675827745, 0.01107381551693648, 0.000835673014322913]"
DiagReachK3,187,KL,RS,raw,shaped,development_DiagReachK3_s187_KL_RS,9,4800,acceptance,8,9.22597566258628,9.22597566258628,0.0,1.0,0.0,"[5.764494776725769, 5.719809412956238, 10.422305345535278]","[0.0, 0.0, 0.0]","[0.0, 0.0, 0.0]"
DiagReachK3,187,KL,RS,raw,shaped,development_DiagReachK3_s187_KL_RS,10,5280,exploration,20,7.30405946122126,5.518325523004096,1.785733938217163,0.3,0.35,"[5.300498700141906, 5.0607586145401005, 9.142643094062805]","[0.15, 0.25, 0.2]","[0.05186879294259207, 0.06601928564218375, 0.03127543258666993]"
DiagReachK3,187,KL,RS,raw,shaped,development_DiagReachK3_s187_KL_RS,10,5280,selection,12,9.083169548378406,8.994085737731076,0.08908381064732869,0.6666666666666666,0.3333333333333333,"[6.000605305035909, 5.4453889926274615, 10.397249698638916]","[0.3333333333333333, 0.0, 0.0]","[0.017816764967782155, 0.0, 0.0]"
DiagReachK3,187,KL,RS,raw,shaped,development_DiagReachK3_s187_KL_RS,10,5280,acceptance,8,9.297268307954074,9.297268307954074,0.0,1.0,0.0,"[5.843990325927734, 5.860979080200195, 10.647754430770874]","[0.0, 0.0, 0.0]","[0.0, 0.0, 0.0]"
DiagReachK3,187,KL,RS,raw,shaped,development_DiagReachK3_s187_KL_RS,11,5760,exploration,20,7.376580567595084,6.105147184368688,1.2714333832263947,0.2,0.45,"[5.684079813957214, 4.8975084036588665, 9.375089025497436]","[0.4, 0.15, 0.25]","[0.06764261041368755, 0.017315138303316567, 0.02676177597045898]"
DiagReachK3,187,KL,RS,raw,shaped,development_DiagReachK3_s187_KL_RS,11,5760,selection,12,9.307681184238753,9.256177555746397,0.05150362849235535,0.6666666666666666,0.3333333333333333,"[6.261361360549927, 5.850684245427449, 11.038519938786825]","[0.3333333333333333, 0.0, 0.16666666666666666]","[0.008893416041419614, 0.0, 0.001407305399576823]"
DiagReachK3,187,KL,RS,raw,shaped,development_DiagReachK3_s187_KL_RS,11,5760,acceptance,8,9.24353016684763,9.24353016684763,0.0,1.0,0.0,"[5.840945839881897, 5.652444958686829, 10.445327758789062]","[0.0, 0.0, 0.0]","[0.0, 0.0, 0.0]"
DiagReachK3,187,KL,RS,raw,shaped,development_DiagReachK3_s187_KL_RS,12,6240,exploration,20,6.979360375353136,5.375029567428865,1.6043308079242706,0.4,0.35,"[4.844356215000152, 4.355393452942371, 7.936719566583633]","[0.25, 0.15, 0.15]","[0.06879378727504185, 0.016249348567082333, 0.028299316406249997]"
DiagReachK3,187,KL,RS,raw,shaped,development_DiagReachK3_s187_KL_RS,12,6240,selection,12,9.132387459233481,9.027510801906464,0.10487665732701619,0.6666666666666666,0.3333333333333333,"[6.07643477121989, 5.633231123288472, 10.664270242055258]","[0.3333333333333333, 0.0, 0.25]","[0.018061149687994105, 0.0, 0.0029141871134440076]"
DiagReachK3,187,KL,RS,raw,shaped,development_DiagReachK3_s187_KL_RS,12,6240,acceptance,8,9.265802988479846,9.265802988479846,0.0,1.0,0.0,"[5.877522110939026, 5.745601654052734, 10.567990779876709]","[0.0, 0.0, 0.0]","[0.0, 0.0, 0.0]"
DiagReachK3,187,KL,RS,raw,shaped,development_DiagReachK3_s187_KL_RS,13,6720,exploration,20,7.450890351053677,6.165460471030674,1.2854298800230026,0.2,0.6,"[5.2966116353869435, 5.344593435525894, 9.324244379997253]","[0.25, 0.45, 0.2]","[0.041740448134286054, 0.05349912276634803, 0.01591202926635743]"
DiagReachK3,187,KL,RS,raw,shaped,development_DiagReachK3_s187_KL_RS,13,6720,selection,12,9.137614943274334,9.137614943274334,0.0,1.0,0.0,"[5.705991784731547, 5.565173069636027, 10.221251090367636]","[0.0, 0.0, 0.0]","[0.0, 0.0, 0.0]"
DiagReachK3,187,KL,RS,raw,shaped,development_DiagReachK3_s187_KL_RS,13,6720,acceptance,8,9.37978214857867,9.37978214857867,0.0,1.0,0.0,"[6.129767179489136, 5.98056161403656, 11.056374669075012]","[0.0, 0.0, 0.0]","[0.0, 0.0, 0.0]"
DiagReachK3,187,KL,RS,raw,shaped,development_DiagReachK3_s187_KL_RS,14,7200,exploration,20,7.206246225039941,5.4786803255486305,1.7275658994913101,0.2,0.45,"[5.4584678411483765, 4.719636422395706, 8.93441095650196]","[0.2, 0.3, 0.25]","[0.04859676361083983, 0.053761786680955145, 0.021923107147216802]"
DiagReachK3,187,KL,RS,raw,shaped,development_DiagReachK3_s187_KL_RS,14,7200,selection,12,9.51747470812067,8.786741184354469,0.7307335237661997,0.6666666666666666,0.3333333333333333,"[6.967951496442159, 6.234065691630046, 12.123814344406128]","[0.3333333333333333, 0.3333333333333333, 0.3333333333333333]","[0.041480172248113734, 0.025912156471839327, 0.033913002014160164]"
DiagReachK3,187,KL,RS,raw,shaped,development_DiagReachK3_s187_KL_RS,14,7200,acceptance,8,9.49530794012826,9.49530794012826,0.0,1.0,0.0,"[6.573499083518982, 6.193390607833862, 11.704748153686523]","[0.0, 0.0, 0.0]","[0.0, 0.0, 0.0]"
DiagReachK3,187,KL,RS,raw,shaped,development_DiagReachK3_s187_KL_RS,15,7680,exploration,20,7.488577516138323,6.115779937565094,1.372797578573227,0.25,0.45,"[4.99651380777359, 5.830253207683564, 9.603163063526154]","[0.2, 0.4, 0.2]","[0.024173930713108617, 0.07218578411982611, 0.020620235443115243]"
DiagReachK3,187,KL,RS,raw,shaped,development_DiagReachK3_s187_KL_RS,15,7680,selection,12,9.47607619514844,8.996154968448293,0.479921226700147,0.6666666666666666,0.3333333333333333,"[7.164777437845866, 5.975393613179524, 12.091283718744913]","[0.3333333333333333, 0.0, 0.3333333333333333]","[0.04895265329451789, 0.0, 0.018647301991780607]"
DiagReachK3,187,KL,RS,raw,shaped,development_DiagReachK3_s187_KL_RS,15,7680,acceptance,8,9.430491448100655,9.430491448100655,0.0,1.0,0.0,"[6.704457521438599, 6.245534181594849, 11.877976179122925]","[0.0, 0.0, 0.0]","[0.0, 0.0, 0.0]"
DiagReachK3,187,KL,RS,raw,shaped,development_DiagReachK3_s187_KL_RS,16,8160,exploration,20,7.674196878499352,5.087517621046864,2.586679257452488,0.4,0.4,"[6.13487429022789, 4.90204327404499, 9.815217339992524]","[0.35, 0.2, 0.2]","[0.08800691195896693, 0.0563193834744967, 0.03595084762573242]"
DiagReachK3,187,KL,RS,raw,shaped,development_DiagReachK3_s187_KL_RS,16,8160,selection,12,9.283917993757251,9.121566564294818,0.16235142946243286,0.6666666666666666,0.3333333333333333,"[6.366974671681722, 5.891848961512248, 11.204493284225464]","[0.3333333333333333, 0.16666666666666666, 0.3333333333333333]","[0.02110614095415388, 0.0013758769402137199, 0.009022579193115221]"
DiagReachK3,187,KL,RS,raw,shaped,development_DiagReachK3_s187_KL_RS,16,8160,acceptance,8,9.461438753595576,9.451645561447368,0.009793192148208618,0.75,0.25,"[6.674374580383301, 6.12779176235199, 11.738145112991333]","[0.25, 0.0, 0.0]","[0.0019586256572178273, 0.0, 0.0]"
DiagReachK3,187,KL,RS,raw,shaped,development_DiagReachK3_s187_KL_RS,17,8640,exploration,20,7.420671716554788,5.564036600514083,1.8566351160407066,0.2,0.4,"[5.131066185235977, 5.317690658569336, 9.268502020835877]","[0.25, 0.25, 0.25]","[0.04518276623317173, 0.06536103395315317, 0.04005985260009766]"
DiagReachK3,187,KL,RS,raw,shaped,development_DiagReachK3_s187_KL_RS,17,8640,selection,12,9.281054583848649,8.860097152651482,0.42095743119716644,0.6666666666666666,0.3333333333333333,"[6.594640692075093, 5.571040193239848, 11.107754389444986]","[0.3333333333333333, 0.0, 0.3333333333333333]","[0.04573670455387659, 0.0, 0.013095245361328112]"
DiagReachK3,187,KL,RS,raw,shaped,development_DiagReachK3_s187_KL_RS,17,8640,acceptance,8,9.464632879220883,9.464632879220883,0.0,1.0,0.0,"[6.768850326538086, 6.247787714004517, 11.93096661567688]","[0.0, 0.0, 0.0]","[0.0, 0.0, 0.0]"
DiagReachK3,187,KL,RS,raw,shaped,development_DiagReachK3_s187_KL_RS,18,9120,exploration,20,7.295053432141431,5.19273203090299,2.1023214012384415,0.35,0.3,"[4.964919367432595, 4.718118661642075, 8.373873579502106]","[0.15, 0.2, 0.1]","[0.029491111210414332, 0.05654735198387732, 0.023584266662597664]"
DiagReachK3,187,KL,RS,raw,shaped,development_DiagReachK3_s187_KL_RS,18,9120,selection,12,9.268837966927094,8.469133797693454,0.7997041692336401,0.5833333333333334,0.4166666666666667,"[6.690958658854167, 5.714974244435628, 11.34563914934794]","[0.4166666666666667, 0.3333333333333333, 0.3333333333333333]","[0.04177682740347727, 0.025846884800837595, 0.03315486272176107]"
DiagReachK3,187,KL,RS,raw,shaped,development_DiagReachK3_s187_KL_RS,18,9120,acceptance,8,9.01002666435088,9.01002666435088,0.0,1.0,0.0,"[5.887530267238617, 5.104169398546219, 9.954883933067322]","[0.0, 0.0, 0.0]","[0.0, 0.0, 0.0]"
DiagReachK3,187,KL,RS,raw,shaped,development_DiagReachK3_s187_KL_RS,19,9600,exploration,20,6.788314478269312,4.578447939625475,2.209866538643837,0.2,0.3,"[4.746975857019424, 4.913427650928497, 8.470028391480446]","[0.3, 0.15, 0.2]","[0.09602525915418353, 0.021282988328200116, 0.053029762268066404]"
DiagReachK3,187,KL,RS,raw,shaped,development_DiagReachK3_s187_KL_RS,19,9600,selection,12,9.171800606947121,8.813437614342547,0.35836299260457355,0.6666666666666666,0.3333333333333333,"[6.234746774037679, 6.143324653307597, 11.297875165939331]","[0.3333333333333333, 0.0, 0.3333333333333333]","[0.0375669002532959, 0.0, 0.015590197245279935]"
DiagReachK3,187,KL,RS,raw,shaped,development_DiagReachK3_s187_KL_RS,19,9600,acceptance,8,9.458583905384875,9.458583905384875,0.0,1.0,0.0,"[6.821991801261902, 6.284885287284851, 12.023597478866577]","[0.0, 0.0, 0.0]","[0.0, 0.0, 0.0]"
DiagReachK3,187,KL,RS,raw,shaped,development_DiagReachK3_s187_KL_RS,20,10080,exploration,20,7.230035218044651,4.664589005156887,2.565446212887764,0.15,0.45,"[5.516254359483719, 5.740582048892975, 9.844541943073272]","[0.3, 0.25, 0.25]","[0.0950425556727818, 0.05422868361839881, 0.05418600082397461]"
DiagReachK3,187,KL,RS,raw,shaped,development_DiagReachK3_s187_KL_RS,20,10080,selection,12,9.231703702838665,8.611411054165607,0.6202926486730576,0.6666666666666666,0.3333333333333333,"[6.651495814323425, 5.735257267951965, 11.329284826914469]","[0.3333333333333333, 0.16666666666666666, 0.3333333333333333]","[0.05523689587910972, 0.0024670148507142664, 0.027567501068115247]"
DiagReachK3,187,KL,RS,raw,shaped,development_DiagReachK3_s187_KL_RS,20,10080,acceptance,8,9.432218830473722,9.432218830473722,0.0,1.0,0.0,"[6.708549857139587, 6.204405903816223, 11.83452320098877]","[0.0, 0.0, 0.0]","[0.0, 0.0, 0.0]"
DiagReachK3,187,KL,RS,raw,shaped,development_DiagReachK3_s187_KL_RS,21,10560,exploration,20,7.145727761781309,5.726666689610576,1.4190610721707344,0.2,0.35,"[5.330445158481598, 4.59109274148941, 8.748811054229737]","[0.3, 0.15, 0.15]","[0.05548527240753174, 0.013884676419771636, 0.021167304992675773]"
DiagReachK3,187,KL,RS,raw,shaped,development_DiagReachK3_s187_KL_RS,21,10560,selection,12,9.430940114990031,8.966880478993213,0.46405963599681854,0.6666666666666666,0.3333333333333333,"[6.773082256317139, 6.124837875366211, 11.809109608332315]","[0.3333333333333333, 0.3333333333333333, 0.3333333333333333]","[0.03996576581682478, 0.00911344626010994, 0.023604818979899096]"
DiagReachK3,187,KL,RS,raw,shaped,development_DiagReachK3_s187_KL_RS,21,10560,acceptance,8,9.475035876291804,9.475035876291804,0.0,1.0,0.0,"[6.616549253463745, 6.208192467689514, 11.755887031555176]","[0.0, 0.0, 0.0]","[0.0, 0.0, 0.0]"
DiagReachK3,187,KL,RS,raw,shaped,development_DiagReachK3_s187_KL_RS,22,11040,exploration,20,7.01550375886698,5.87564187713404,1.1398618817329407,0.35,0.4,"[5.439130449295044, 4.271293047070503, 8.403150415420532]","[0.4, 0.0, 0.05]","[0.08301802703312465, 0.0, 0.00471204376220703]"
DiagReachK3,187,KL,RS,raw,shaped,development_DiagReachK3_s187_KL_RS,22,11040,selection,12,9.426203653845004,8.917200253042392,0.5090034008026123,0.3333333333333333,0.6666666666666666,"[6.451059699058533, 6.732714851697286, 12.095146497090658]","[0.3333333333333333, 0.6666666666666666, 0.3333333333333333]","[0.007862584931509839, 0.050887713065514185, 0.007814331054687504]"
DiagReachK3,187,KL,RS,raw,shaped,development_DiagReachK3_s187_KL_RS,22,11040,acceptance,8,9.453816150850617,9.453816150850617,0.0,1.0,0.0,"[6.6169480085372925, 6.168056607246399, 11.714770078659058]","[0.0, 0.0, 0.0]","[0.0, 0.0, 0.0]"
DiagReachK3,187,KL,RS,raw,shaped,development_DiagReachK3_s187_KL_RS,23,11520,exploration,20,7.836204273015028,3.055346672743325,4.780857600271702,0.2,0.65,"[6.552943842113018, 5.807360661029816, 11.150590527057648]","[0.45, 0.4, 0.45]","[0.16538449014936174, 0.08713089135976938, 0.07429938507080078]"
DiagReachK3,187,KL,RS,raw,shaped,development_DiagReachK3_s187_KL_RS,23,11520,selection,12,9.255360041258365,9.09991236944758,0.15544767181078592,0.6666666666666666,0.3333333333333333,"[6.134771505991618, 5.9554028908411665, 11.01864751180013]","[0.16666666666666666, 0.3333333333333333, 0.16666666666666666]","[0.0011576697939918075, 0.015834600497514766, 0.004462966918945303]"
DiagReachK3,187,KL,RS,raw,shaped,development_DiagReachK3_s187_KL_RS,23,11520,acceptance,8,9.43234420416411,9.43234420416411,0.0,1.0,0.0,"[6.3576754331588745, 6.151286602020264, 11.45763897895813]","[0.0, 0.0, 0.0]","[0.0, 0.0, 0.0]"
DiagReachK3,187,KL,RS,raw,shaped,development_DiagReachK3_s187_KL_RS,24,12000,exploration,20,7.877626113109291,5.728640488795937,2.1489856243133545,0.35,0.5,"[6.2979925036430355, 5.077788978815079, 10.218265056610107]","[0.4, 0.2, 0.1]","[0.08590400900159563, 0.03771770183856671, 0.03519767379760742]"
DiagReachK3,187,KL,RS,raw,shaped,development_DiagReachK3_s187_KL_RS,24,12000,selection,12,9.227213496850888,8.770946075406632,0.4562674214442571,0.6666666666666666,0.3333333333333333,"[6.3532058000564575, 6.023531595865886, 11.310364802678427]","[0.3333333333333333, 0.3333333333333333, 0.3333333333333333]","[0.01951141584487189, 0.027802821917411607, 0.022738577524820964]"
DiagReachK3,187,KL,RS,raw,shaped,development_DiagReachK3_s187_KL_RS,24,12000,acceptance,8,9.472256680461578,9.472256680461578,0.0,1.0,0.0,"[6.689352869987488, 6.223933219909668, 11.838208675384521]","[0.0, 0.0, 0.0]","[0.0, 0.0, 0.0]"
DiagReachK3,187,KL,SR,shaped,raw,development_DiagReachK3_s187_KL_SR,0,480,exploration,20,6.7650091622537,5.203994085318408,1.5610150769352913,0.1,0.45,"[4.237565392255783, 5.660638844966888, 8.544022274017333]","[0.15, 0.3, 0.15]","[0.02293247835976736, 0.08446271969721868, 0.020750148773193356]"
DiagReachK3,187,KL,SR,shaped,raw,development_DiagReachK3_s187_KL_SR,0,480,selection,12,8.411825324975263,8.411825324975263,0.0,1.0,0.0,"[5.927097638448079, 4.105665584405263, 9.03060015042623]","[0.0, 0.0, 0.0]","[0.0, 0.0, 0.0]"
DiagReachK3,187,KL,SR,shaped,raw,development_DiagReachK3_s187_KL_SR,0,480,acceptance,8,8.591416535875759,8.591416535875759,0.0,1.0,0.0,"[5.744553208351135, 4.504747748374939, 9.244760513305664]","[0.0, 0.0, 0.0]","[0.0, 0.0, 0.0]"
DiagReachK3,187,KL,SR,shaped,raw,development_DiagReachK3_s187_KL_SR,1,960,exploration,20,6.361914745119866,4.793485066441353,1.5684296786785126,0.1,0.45,"[4.699011550843716, 3.7219346508383753, 7.032728397846222]","[0.3, 0.15, 0.15]","[0.07202242783137731, 0.03232678266671988, 0.01568001556396483]"
DiagReachK3,187,KL,SR,shaped,raw,development_DiagReachK3_s187_KL_SR,1,960,selection,12,8.32074010191039,8.306435980575044,0.014304121335347494,0.75,0.25,"[5.890190641085307, 3.955431282520294, 8.85625954469045]","[0.25, 0.0, 0.0]","[0.002860818590436668, 0.0, 0.0]"
DiagReachK3,187,KL,SR,shaped,raw,development_DiagReachK3_s187_KL_SR,1,960,acceptance,8,8.66615188049618,8.66615188049618,0.0,1.0,0.0,"[5.617457270622253, 4.552721738815308, 9.156479597091675]","[0.0, 0.0, 0.0]","[0.0, 0.0, 0.0]"
DiagReachK3,187,KL,SR,shaped,raw,development_DiagReachK3_s187_KL_SR,2,1440,exploration,20,6.672931131714139,4.805672031634603,1.8672591000795364,0.2,0.5,"[5.186635898053646, 4.594826823472976, 8.634708964824677]","[0.25, 0.3, 0.15]","[0.06432526111602781, 0.06276852167569673, 0.008733360290527337]"
DiagReachK3,187,KL,SR,shaped,raw,development_DiagReachK3_s187_KL_SR,2,1440,selection,12,8.920250290554637,8.920250290554637,0.0,1.0,0.0,"[5.8735372225443525, 5.030370871225993, 9.887202262878418]","[0.0, 0.0, 0.0]","[0.0, 0.0, 0.0]"
DiagReachK3,187,KL,SR,shaped,raw,development_DiagReachK3_s187_KL_SR,2,1440,acceptance,8,8.89116942922119,8.89116942922119,0.0,1.0,0.0,"[5.871764123439789, 5.119945228099823, 9.959165692329407]","[0.0, 0.0, 0.0]","[0.0, 0.0, 0.0]"
DiagReachK3,187,KL,SR,shaped,raw,development_DiagReachK3_s187_KL_SR,3,1920,exploration,20,6.535205791541375,5.67566497141961,0.8595408201217651,0.15,0.3,"[4.494231560826302, 4.309152391552925, 7.516686114668846]","[0.2, 0.15, 0.05]","[0.054041937419346396, 0.01906482989971454, 0.007181877136230463]"
DiagReachK3,187,KL,SR,shaped,raw,development_DiagReachK3_s187_KL_SR,3,1920,selection,12,9.355157179005134,9.280780739950329,0.07437643905480702,0.6666666666666666,0.3333333333333333,"[6.135837475458781, 6.282384196917216, 11.322939157485962]","[0.0, 0.3333333333333333, 0.0]","[0.0, 0.01125425558823806, 0.0]"
DiagReachK3,187,KL,SR,shaped,raw,development_DiagReachK3_s187_KL_SR,3,1920,acceptance,8,9.241613235534171,9.236826237500647,0.00478699803352356,0.875,0.125,"[6.150878489017487, 6.145221650600433, 11.205383777618408]","[0.0, 0.125, 0.0]","[0.0, 0.0009573973142183723, 0.0]"
DiagReachK3,187,KL,SR,shaped,raw,development_DiagReachK3_s187_KL_SR,4,2400,exploration,20,7.125486374394969,5.834200576441361,1.2912857979536057,0.25,0.5,"[5.223328393697739, 5.011449229717255, 8.75744765996933]","[0.3, 0.25, 0.2]","[0.08874959605080741, 0.018174002720759464, 0.01861936187744141]"
DiagReachK3,187,KL,SR,shaped,raw,development_DiagReachK3_s187_KL_SR,4,2400,selection,12,9.19195075109601,9.19195075109601,0.0,1.0,0.0,"[5.686005473136902, 5.83660074075063, 10.432347695032755]","[0.0, 0.0, 0.0]","[0.0, 0.0, 0.0]"
DiagReachK3,187,KL,SR,shaped,raw,development_DiagReachK3_s187_KL_SR,4,2400,acceptance,8,9.182723860582335,9.178436498483642,0.004287362098693848,0.875,0.125,"[5.832059741020203, 6.025298655033112, 10.779404640197754]","[0.0, 0.125, 0.0]","[0.0, 0.0008574724197387695, 0.0]"
DiagReachK3,187,KL,SR,shaped,raw,development_DiagReachK3_s187_KL_SR,5,2880,exploration,20,6.5188653356092985,5.610283691312652,0.9085816442966461,0.1,0.4,"[4.655201953649521, 4.359432673454284, 7.644491255283356]","[0.2, 0.25, 0.2]","[0.051053973606654576, 0.027157897215623127, 0.01543756866455077]"
DiagReachK3,187,KL,SR,shaped,raw,development_DiagReachK3_s187_KL_SR,5,2880,selection,12,9.179924401268364,8.851990548397104,0.32793385287125904,0.4166666666666667,0.5833333333333334,"[6.56755252679189, 6.1437409321467085, 11.619755665461222]","[0.25, 0.3333333333333333, 0.08333333333333333]","[0.011871985026768284, 0.028285130476340275, 0.00035376230875651854]"
DiagReachK3,187,KL,SR,shaped,raw,development_DiagReachK3_s187_KL_SR,5,2880,acceptance,8,9.146684848191217,9.146684848191217,0.0,1.0,0.0,"[6.0767035484313965, 5.734846830368042, 10.746959924697876]","[0.0, 0.0, 0.0]","[0.0, 0.0, 0.0]"
DiagReachK3,187,KL,SR,shaped,raw,development_DiagReachK3_s187_KL_SR,6,3360,exploration,20,6.717352115887917,3.256307163614548,3.461044952273369,0.15,0.45,"[4.493240593373775, 4.821450155973435, 8.112840381264686]","[0.3, 0.25, 0.2]","[0.07423004763466971, 0.09705568827115572, 0.05949577331542969]"
DiagReachK3,187,KL,SR,shaped,raw,development_DiagReachK3_s187_KL_SR,6,3360,selection,12,8.685732397045165,8.685732397045165,0.0,1.0,0.0,"[5.557847897211711, 4.762694398562114, 9.296908577283224]","[0.0, 0.0, 0.0]","[0.0, 0.0, 0.0]"
DiagReachK3,187,KL,SR,shaped,raw,development_DiagReachK3_s187_KL_SR,6,3360,acceptance,8,9.129526320146397,9.129526320146397,0.0,1.0,0.0,"[6.061309456825256, 5.736585855484009, 10.73622179031372]","[0.0, 0.0, 0.0]","[0.0, 0.0, 0.0]"
DiagReachK3,187,KL,SR,shaped,raw,development_DiagReachK3_s187_KL_SR,7,3840,exploration,20,6.997679265460467,6.39243112715194,0.6052481383085251,0.35,0.4,"[4.218092060089111, 4.865070903301239, 7.793250226974488]","[0.15, 0.25, 0.1]","[0.012329544339861198, 0.03227813427264874, 0.004657981872558592]"
DiagReachK3,187,KL,SR,shaped,raw,development_DiagReachK3_s187_KL_SR,7,3840,selection,12,9.193451836689686,9.145591790461912,0.04786004622777303,0.5,0.5,"[6.7087312539418535, 5.70444385210673, 11.330142339070639]","[0.5, 0.0, 0.0]","[0.00957201208387102, 0.0, 0.0]"
DiagReachK3,187,KL,SR,shaped,raw,development_DiagReachK3_s187_KL_SR,7,3840,acceptance,8,9.138879192061722,9.138879192061722,0.0,1.0,0.0,"[6.094032049179077, 5.715830683708191, 10.758357524871826]","[0.0, 0.0, 0.0]","[0.0, 0.0, 0.0]"
DiagReachK3,187,KL,SR,shaped,raw,development_DiagReachK3_s187_KL_SR,8,4320,exploration,20,6.7382796260248865,4.743307084096595,1.9949725419282913,0.3,0.45,"[5.47247803658247, 4.3501109182834625, 8.416101670265197]","[0.3, 0.2, 0.15]","[0.07820621558598109, 0.046847768930288455, 0.019182750701904294]"
DiagReachK3,187,KL,SR,shaped,raw,development_DiagReachK3_s187_KL_SR,8,4320,selection,12,9.1203775560949,9.1203775560949,0.0,1.0,0.0,"[5.7657069365183515, 5.48959465821584, 10.237143198649088]","[0.0, 0.0, 0.0]","[0.0, 0.0, 0.0]"
DiagReachK3,187,KL,SR,shaped,raw,development_DiagReachK3_s187_KL_SR,8,4320,acceptance,8,9.242954306199682,9.242954306199682,0.0,1.0,0.0,"[5.903149127960205, 5.780385971069336, 10.621866822242737]","[0.0, 0.0, 0.0]","[0.0, 0.0, 0.0]"
DiagReachK3,187,KL,SR,shaped,raw,development_DiagReachK3_s187_KL_SR,9,4800,exploration,20,6.409759147411679,6.139844550138806,0.2699145972728729,0.15,0.3,"[4.409338289499283, 4.301288998126983, 7.330044460296631]","[0.2, 0.1, 0.05]","[0.01013874326433455, 0.012883747540987455, 0.000746971130371099]"
DiagReachK3,187,KL,SR,shaped,raw,development_DiagReachK3_s187_KL_SR,9,4800,selection,12,9.336071263463237,9.310350716820297,0.02572054664293925,0.8333333333333334,0.16666666666666666,"[6.558253010114034, 5.930239240328471, 11.422167857487997]","[0.16666666666666666, 0.0, 0.0]","[0.005144107909429633, 0.0, 0.0]"
DiagReachK3,187,KL,SR,shaped,raw,development_DiagReachK3_s187_KL_SR,9,4800,acceptance,8,9.30789293727139,9.30789293727139,0.0,1.0,0.0,"[6.183786034584045, 5.990394294261932, 11.085558772087097]","[0.0, 0.0, 0.0]","[0.0, 0.0, 0.0]"
DiagReachK3,187,KL,SR,shaped,raw,development_DiagReachK3_s187_KL_SR,10,5280,exploration,20,7.633237022771499,5.5553106776019545,2.077926345169544,0.3,0.35,"[5.776812726259232, 5.406324243545532, 9.980059015750886]","[0.2, 0.25, 0.25]","[0.05519952092851911, 0.07549985005305362, 0.04099570083618163]"
DiagReachK3,187,KL,SR,shaped,raw,development_DiagReachK3_s187_KL_SR,10,5280,selection,12,9.16170674507157,9.16170674507157,0.0,1.0,0.0,"[6.016718626022339, 5.571292599042256, 10.501094182332357]","[0.0, 0.0, 0.0]","[0.0, 0.0, 0.0]"
DiagReachK3,187,KL,SR,shaped,raw,development_DiagReachK3_s187_KL_SR,10,5280,acceptance,8,9.461764906719326,9.449684386327862,0.012080520391464233,0.75,0.25,"[6.656036853790283, 6.399109244346619, 11.944686889648438]","[0.0, 0.25, 0.0]","[0.0, 0.0024160972008338555, 0.0]"
DiagReachK3,187,KL,SR,shaped,raw,development_DiagReachK3_s187_KL_SR,11,5760,exploration,20,7.706199264834578,6.158405191014462,1.5477940738201141,0.3,0.5,"[6.072512674331665, 5.260603404045105, 10.15819970369339]","[0.45, 0.25, 0.3]","[0.08204679829733713, 0.023032558881319488, 0.03669224929809569]"
DiagReachK3,187,KL,SR,shaped,raw,development_DiagReachK3_s187_KL_SR,11,5760,selection,12,9.309717940725385,9.309717940725385,0.0,1.0,0.0,"[6.386157671610515, 5.9046904643376665, 11.205876350402832]","[0.0, 0.0, 0.0]","[0.0, 0.0, 0.0]"
DiagReachK3,187,KL,SR,shaped,raw,development_DiagReachK3_s187_KL_SR,11,5760,acceptance,8,9.413035528035834,9.413035528035834,0.0,1.0,0.0,"[6.670103430747986, 6.2044596672058105, 11.771620273590088]","[0.0, 0.0, 0.0]","[0.0, 0.0, 0.0]"
DiagReachK3,187,KL,SR,shaped,raw,development_DiagReachK3_s187_KL_SR,12,6240,exploration,20,7.438777643442154,5.5865483611822135,1.852229282259941,0.25,0.45,"[5.329676865041256, 4.799394589662552, 8.887106156349182]","[0.3, 0.25, 0.2]","[0.07491570200238909, 0.02481586382939265, 0.03400817489624024]"
DiagReachK3,187,KL,SR,shaped,raw,development_DiagReachK3_s187_KL_SR,12,6240,selection,12,9.215812599555889,9.215812599555889,0.0,1.0,0.0,"[5.741465449333191, 5.995291074117024, 10.644743204116821]","[0.0, 0.0, 0.0]","[0.0, 0.0, 0.0]"
DiagReachK3,187,KL,SR,shaped,raw,development_DiagReachK3_s187_KL_SR,12,6240,acceptance,8,9.430283645167947,9.430283645167947,0.0,1.0,0.0,"[6.69521701335907, 6.292361855506897, 11.880276203155518]","[0.0, 0.0, 0.0]","[0.0, 0.0, 0.0]"
DiagReachK3,187,KL,SR,shaped,raw,development_DiagReachK3_s187_KL_SR,13,6720,exploration,20,7.830788490623235,6.068283257335425,1.7625052332878113,0.15,0.65,"[5.796988373994827, 5.7508648335933685, 10.290238046646119]","[0.35, 0.5, 0.25]","[0.04700284685407367, 0.07523968036358174, 0.02761746215820312]"
DiagReachK3,187,KL,SR,shaped,raw,development_DiagReachK3_s187_KL_SR,13,6720,selection,12,9.29655798212431,9.29655798212431,0.0,1.0,0.0,"[6.150578498840332, 5.759678641955058, 10.81452210744222]","[0.0, 0.0, 0.0]","[0.0, 0.0, 0.0]"
DiagReachK3,187,KL,SR,shaped,raw,development_DiagReachK3_s187_KL_SR,13,6720,acceptance,8,9.450680121639744,9.450680121639744,0.0,1.0,0.0,"[6.580635666847229, 6.30133843421936, 11.78150463104248]","[0.0, 0.0, 0.0]","[0.0, 0.0, 0.0]"
DiagReachK3,187,KL,SR,shaped,raw,development_DiagReachK3_s187_KL_SR,14,7200,exploration,20,7.279516245698323,5.517648379778257,1.7618678659200668,0.2,0.45,"[5.445406095683575, 4.75943032503128, 8.996383622288704]","[0.2, 0.3, 0.2]","[0.04743145533970424, 0.05743260383605956, 0.021280185699462894]"
DiagReachK3,187,KL,SR,shaped,raw,development_DiagReachK3_s187_KL_SR,14,7200,selection,12,9.36737692913739,9.36737692913739,0.0,1.0,0.0,"[6.379602034886678, 5.856427033742269, 11.171399434407553]","[0.0, 0.0, 0.0]","[0.0, 0.0, 0.0]"
DiagReachK3,187,KL,SR,shaped,raw,development_DiagReachK3_s187_KL_SR,14,7200,acceptance,8,9.474004906928167,9.474004906928167,0.0,1.0,0.0,"[6.635571002960205, 6.2945204973220825, 11.830672264099121]","[0.0, 0.0, 0.0]","[0.0, 0.0, 0.0]"
DiagReachK3,187,KL,SR,shaped,raw,development_DiagReachK3_s187_KL_SR,15,7680,exploration,20,7.506582175847145,6.0402934602461755,1.4662887156009674,0.2,0.45,"[5.040480268001557, 5.871102368831634, 9.677767837047577]","[0.15, 0.45, 0.2]","[0.02502513953617641, 0.07791092212383566, 0.023311916351318362]"
DiagReachK3,187,KL,SR,shaped,raw,development_DiagReachK3_s187_KL_SR,15,7680,selection,12,9.286821769767753,9.286821769767753,0.0,1.0,0.0,"[6.748767693837483, 5.679063121477763, 11.348894039789835]","[0.0, 0.0, 0.0]","[0.0, 0.0, 0.0]"
DiagReachK3,187,KL,SR,shaped,raw,development_DiagReachK3_s187_KL_SR,15,7680,acceptance,8,9.406150133209302,9.387506694393231,0.018643438816070557,0.75,0.25,"[6.752397537231445, 6.356720328330994, 11.999467849731445]","[0.0, 0.25, 0.0]","[0.0, 0.0037287015181321492, 0.0]"
DiagReachK3,187,KL,SR,shaped,raw,development_DiagReachK3_s187_KL_SR,16,8160,exploration,20,7.697306106165051,5.161158735230565,2.5361473709344864,0.35,0.45,"[6.1217022895812985, 4.93267043530941, 9.842579436302184]","[0.35, 0.25, 0.2]","[0.08053081035614014, 0.061964493531447194, 0.03447776031494141]"
DiagReachK3,187,KL,SR,shaped,raw,development_DiagReachK3_s187_KL_SR,16,8160,selection,12,9.27571635893158,9.27571635893158,0.0,1.0,0.0,"[6.109954277674357, 5.558167815208435, 10.598673025767008]","[0.0, 0.0, 0.0]","[0.0, 0.0, 0.0]"
DiagReachK3,187,KL,SR,shaped,raw,development_DiagReachK3_s187_KL_SR,16,8160,acceptance,8,9.43701000995934,9.420903195813299,0.01610681414604187,0.75,0.25,"[6.732959985733032, 6.2363444566726685, 11.866854429244995]","[0.25, 0.0, 0.0]","[0.0032213756016322703, 0.0, 0.0]"
DiagReachK3,187,KL,SR,shaped,raw,development_DiagReachK3_s187_KL_SR,17,8640,exploration,20,7.49325216282392,5.626326602885966,1.866925559937954,0.35,0.4,"[5.205937004089355, 5.355052030086517, 9.37486708164215]","[0.25, 0.25, 0.25]","[0.04080442019871303, 0.0687127846937913, 0.04029636764526366]"
DiagReachK3,187,KL,SR,shaped,raw,development_DiagReachK3_s187_KL_SR,17,8640,selection,12,9.034079830689977,9.034079830689977,0.0,1.0,0.0,"[6.203156471252441, 5.072221299012502, 10.2290358543396]","[0.0, 0.0, 0.0]","[0.0, 0.0, 0.0]"
DiagReachK3,187,KL,SR,shaped,raw,development_DiagReachK3_s187_KL_SR,17,8640,acceptance,8,9.43620618879795,9.43620618879795,0.0,1.0,0.0,"[6.813343524932861, 6.3649855852127075, 12.055584907531738]","[0.0, 0.0, 0.0]","[0.0, 0.0, 0.0]"
DiagReachK3,187,KL,SR,shaped,raw,development_DiagReachK3_s187_KL_SR,18,9120,exploration,20,7.049692556670053,5.644162029435973,1.4055305272340775,0.1,0.5,"[5.124335485696792, 4.72245055437088, 8.636837482452393]","[0.15, 0.4, 0.15]","[0.04583430290222168, 0.04847139211801382, 0.017176609039306644]"
DiagReachK3,187,KL,SR,shaped,raw,development_DiagReachK3_s187_KL_SR,18,9120,selection,12,9.415657622735793,9.365793419997985,0.04986420273780823,0.6666666666666666,0.3333333333333333,"[6.423081676165263, 6.198085308074951, 11.495112816492716]","[0.08333333333333333, 0.25, 0.0]","[0.0018237772442045719, 0.007443678684723676, 0.0]"
DiagReachK3,187,KL,SR,shaped,raw,development_DiagReachK3_s187_KL_SR,18,9120,acceptance,8,9.33003150552977,9.33003150552977,0.0,1.0,0.0,"[6.39119815826416, 6.022669315338135, 11.305273294448853]","[0.0, 0.0, 0.0]","[0.0, 0.0, 0.0]"
DiagReachK3,187,KL,SR,shaped,raw,development_DiagReachK3_s187_KL_SR,19,9600,exploration,20,7.425721686943435,6.167000141604804,1.2587215453386307,0.2,0.45,"[5.388157534599304, 5.083885949850083, 9.330786597728729]","[0.2, 0.35, 0.1]","[0.0589158092226301, 0.01978598007789024, 0.02321997833251953]"
DiagReachK3,187,KL,SR,shaped,raw,development_DiagReachK3_s187_KL_SR,19,9600,selection,12,9.323221730223546,9.320539074173817,0.0026826560497283936,0.9166666666666666,0.08333333333333333,"[6.1195679903030396, 6.306758324305217, 11.308786153793335]","[0.0, 0.08333333333333333, 0.0]","[0.0, 0.0005365273891351219, 0.0]"
DiagReachK3,187,KL,SR,shaped,raw,development_DiagReachK3_s187_KL_SR,19,9600,acceptance,8,9.429226283868775,9.401464973529801,0.027761310338974,0.75,0.25,"[6.8626720905303955, 6.403260946273804, 12.150424242019653]","[0.0, 0.25, 0.0]","[0.0, 0.00555227353022647, 0.0]"
DiagReachK3,187,KL,SR,shaped,raw,development_DiagReachK3_s187_KL_SR,20,10080,exploration,20,7.460023233542451,6.12086894536973,1.3391542881727219,0.45,0.35,"[5.173980414867401, 4.726730632781982, 8.75445235967636]","[0.15, 0.25, 0.1]","[0.046207250867571145, 0.033355635863084064, 0.01479956436157227]"
DiagReachK3,187,KL,SR,shaped,raw,development_DiagReachK3_s187_KL_SR,20,10080,selection,12,8.98904519712014,8.988020344923765,0.001024852196375529,0.9166666666666666,0.08333333333333333,"[5.35158892472585, 5.624266982078552, 9.873521089553833]","[0.0, 0.08333333333333333, 0.0]","[0.0, 0.00020496661846454897, 0.0]"
DiagReachK3,187,KL,SR,shaped,raw,development_DiagReachK3_s187_KL_SR,20,10080,acceptance,8,9.213501864758289,9.213501864758289,0.0,1.0,0.0,"[5.957130968570709, 5.8171780705451965, 10.669322609901428]","[0.0, 0.0, 0.0]","[0.0, 0.0, 0.0]"
DiagReachK3,187,KL,SR,shaped,raw,development_DiagReachK3_s187_KL_SR,21,10560,exploration,20,6.988509586984293,5.614018476540222,1.374491110444069,0.25,0.5,"[4.609768319129944, 4.932695493102074, 8.184879505634308]","[0.2, 0.3, 0.05]","[0.026372112546648306, 0.051974975145780124, 0.011482830047607417]"
DiagReachK3,187,KL,SR,shaped,raw,development_DiagReachK3_s187_KL_SR,21,10560,selection,12,9.291647395483837,9.278646082671669,0.013001312812169393,0.6666666666666666,0.3333333333333333,"[6.895113110542297, 5.723123073577881, 11.515013853708902]","[0.25, 0.08333333333333333, 0.0]","[0.002025632631211046, 0.0005746254554161631, 0.0]"
DiagReachK3,187,KL,SR,shaped,raw,development_DiagReachK3_s187_KL_SR,21,10560,acceptance,8,9.276028400240467,9.269767081318424,0.006261318922042847,0.75,0.25,"[6.696122109889984, 5.5840097069740295, 11.193916082382202]","[0.125, 0.125, 0.0]","[0.0005417551313127711, 0.0007104965356680149, 0.0]"
DiagReachK3,187,KL,SR,shaped,raw,development_DiagReachK3_s187_KL_SR,22,11040,exploration,20,7.226762855172856,6.402935871601803,0.8238269835710526,0.25,0.4,"[6.0912764966487885, 3.9425472259521483, 8.869355905056]","[0.4, 0.0, 0.05]","[0.08174028737204417, 0.0, 0.008981025695800782]"
DiagReachK3,187,KL,SR,shaped,raw,development_DiagReachK3_s187_KL_SR,22,11040,selection,12,9.189820855292298,9.189820855292298,0.0,1.0,0.0,"[6.372737844785054, 5.3295738697052, 10.606479247411093]","[0.0, 0.0, 0.0]","[0.0, 0.0, 0.0]"
DiagReachK3,187,KL,SR,shaped,raw,development_DiagReachK3_s187_KL_SR,22,11040,acceptance,8,9.226920921276905,9.226920921276905,0.0,1.0,0.0,"[6.268190979957581, 5.419716060161591, 10.580114603042603]","[0.0, 0.0, 0.0]","[0.0, 0.0, 0.0]"
DiagReachK3,187,KL,SR,shaped,raw,development_DiagReachK3_s187_KL_SR,23,11520,exploration,20,7.822542203972115,6.526480866977946,1.2960613369941711,0.25,0.3,"[6.076568216085434, 5.275668787956238, 10.15534965991974]","[0.3, 0.15, 0.15]","[0.051634533064705966, 0.03051067132216233, 0.02762434768676757]"
DiagReachK3,187,KL,SR,shaped,raw,development_DiagReachK3_s187_KL_SR,23,11520,selection,12,9.08080888476834,9.08080888476834,0.0,1.0,0.0,"[5.629642128944397, 5.590051293373108, 10.102212270100912]","[0.0, 0.0, 0.0]","[0.0, 0.0, 0.0]"
DiagReachK3,187,KL,SR,shaped,raw,development_DiagReachK3_s187_KL_SR,23,11520,acceptance,8,9.396666698125774,9.396666698125774,0.0,1.0,0.0,"[5.629704117774963, 5.98903226852417, 10.487950563430786]","[0.0, 0.0, 0.0]","[0.0, 0.0, 0.0]"
DiagReachK3,187,KL,SR,shaped,raw,development_DiagReachK3_s187_KL_SR,24,12000,exploration,20,7.521644798740162,5.69521975301148,1.8264250457286835,0.45,0.35,"[5.239994359016419, 5.175612652301789, 9.063219714164735]","[0.25, 0.15, 0.2]","[0.07033759525844029, 0.03530880487882173, 0.03333217239379882]"
DiagReachK3,187,KL,SR,shaped,raw,development_DiagReachK3_s187_KL_SR,24,12000,selection,12,8.962362801422811,8.962362801422811,0.0,1.0,0.0,"[5.277938961982727, 5.533194303512573, 9.667824506759644]","[0.0, 0.0, 0.0]","[0.0, 0.0, 0.0]"
DiagReachK3,187,KL,SR,shaped,raw,development_DiagReachK3_s187_KL_SR,24,12000,acceptance,8,9.428275786072483,9.428275786072483,0.0,1.0,0.0,"[5.870277285575867, 6.078256607055664, 10.79754638671875]","[0.0, 0.0, 0.0]","[0.0, 0.0, 0.0]"
DiagReachK3,187,KL,SS,shaped,shaped,development_DiagReachK3_s187_KL_SS,0,480,exploration,20,6.7650091622537,5.203994085318408,1.5610150769352913,0.1,0.45,"[4.237565392255783, 5.660638844966888, 8.544022274017333]","[0.15, 0.3, 0.15]","[0.02293247835976736, 0.08446271969721868, 0.020750148773193356]"
DiagReachK3,187,KL,SS,shaped,shaped,development_DiagReachK3_s187_KL_SS,0,480,selection,12,8.411825324975263,8.411825324975263,0.0,1.0,0.0,"[5.927097638448079, 4.105665584405263, 9.03060015042623]","[0.0, 0.0, 0.0]","[0.0, 0.0, 0.0]"
DiagReachK3,187,KL,SS,shaped,shaped,development_DiagReachK3_s187_KL_SS,0,480,acceptance,8,8.591416535875759,8.591416535875759,0.0,1.0,0.0,"[5.744553208351135, 4.504747748374939, 9.244760513305664]","[0.0, 0.0, 0.0]","[0.0, 0.0, 0.0]"
DiagReachK3,187,KL,SS,shaped,shaped,development_DiagReachK3_s187_KL_SS,1,960,exploration,20,6.361914745119866,4.793485066441353,1.5684296786785126,0.1,0.45,"[4.699011550843716, 3.7219346508383753, 7.032728397846222]","[0.3, 0.15, 0.15]","[0.07202242783137731, 0.03232678266671988, 0.01568001556396483]"
DiagReachK3,187,KL,SS,shaped,shaped,development_DiagReachK3_s187_KL_SS,1,960,selection,12,8.32074010191039,8.306435980575044,0.014304121335347494,0.75,0.25,"[5.890190641085307, 3.955431282520294, 8.85625954469045]","[0.25, 0.0, 0.0]","[0.002860818590436668, 0.0, 0.0]"
DiagReachK3,187,KL,SS,shaped,shaped,development_DiagReachK3_s187_KL_SS,1,960,acceptance,8,8.66615188049618,8.66615188049618,0.0,1.0,0.0,"[5.617457270622253, 4.552721738815308, 9.156479597091675]","[0.0, 0.0, 0.0]","[0.0, 0.0, 0.0]"
DiagReachK3,187,KL,SS,shaped,shaped,development_DiagReachK3_s187_KL_SS,2,1440,exploration,20,6.672931131714139,4.805672031634603,1.8672591000795364,0.2,0.5,"[5.186635898053646, 4.594826823472976, 8.634708964824677]","[0.25, 0.3, 0.15]","[0.06432526111602781, 0.06276852167569673, 0.008733360290527337]"
DiagReachK3,187,KL,SS,shaped,shaped,development_DiagReachK3_s187_KL_SS,2,1440,selection,12,8.920250290554637,8.920250290554637,0.0,1.0,0.0,"[5.8735372225443525, 5.030370871225993, 9.887202262878418]","[0.0, 0.0, 0.0]","[0.0, 0.0, 0.0]"
DiagReachK3,187,KL,SS,shaped,shaped,development_DiagReachK3_s187_KL_SS,2,1440,acceptance,8,8.89116942922119,8.89116942922119,0.0,1.0,0.0,"[5.871764123439789, 5.119945228099823, 9.959165692329407]","[0.0, 0.0, 0.0]","[0.0, 0.0, 0.0]"
DiagReachK3,187,KL,SS,shaped,shaped,development_DiagReachK3_s187_KL_SS,3,1920,exploration,20,6.535205791541375,5.67566497141961,0.8595408201217651,0.15,0.3,"[4.494231560826302, 4.309152391552925, 7.516686114668846]","[0.2, 0.15, 0.05]","[0.054041937419346396, 0.01906482989971454, 0.007181877136230463]"
DiagReachK3,187,KL,SS,shaped,shaped,development_DiagReachK3_s187_KL_SS,3,1920,selection,12,9.355157179005134,9.280780739950329,0.07437643905480702,0.6666666666666666,0.3333333333333333,"[6.135837475458781, 6.282384196917216, 11.322939157485962]","[0.0, 0.3333333333333333, 0.0]","[0.0, 0.01125425558823806, 0.0]"
DiagReachK3,187,KL,SS,shaped,shaped,development_DiagReachK3_s187_KL_SS,3,1920,acceptance,8,9.241613235534171,9.236826237500647,0.00478699803352356,0.875,0.125,"[6.150878489017487, 6.145221650600433, 11.205383777618408]","[0.0, 0.125, 0.0]","[0.0, 0.0009573973142183723, 0.0]"
DiagReachK3,187,KL,SS,shaped,shaped,development_DiagReachK3_s187_KL_SS,4,2400,exploration,20,7.125486374394969,5.834200576441361,1.2912857979536057,0.25,0.5,"[5.223328393697739, 5.011449229717255, 8.75744765996933]","[0.3, 0.25, 0.2]","[0.08874959605080741, 0.018174002720759464, 0.01861936187744141]"
DiagReachK3,187,KL,SS,shaped,shaped,development_DiagReachK3_s187_KL_SS,4,2400,selection,12,9.19195075109601,9.19195075109601,0.0,1.0,0.0,"[5.686005473136902, 5.83660074075063, 10.432347695032755]","[0.0, 0.0, 0.0]","[0.0, 0.0, 0.0]"
DiagReachK3,187,KL,SS,shaped,shaped,development_DiagReachK3_s187_KL_SS,4,2400,acceptance,8,9.182723860582335,9.178436498483642,0.004287362098693848,0.875,0.125,"[5.832059741020203, 6.025298655033112, 10.779404640197754]","[0.0, 0.125, 0.0]","[0.0, 0.0008574724197387695, 0.0]"
DiagReachK3,187,KL,SS,shaped,shaped,development_DiagReachK3_s187_KL_SS,5,2880,exploration,20,6.5188653356092985,5.610283691312652,0.9085816442966461,0.1,0.4,"[4.655201953649521, 4.359432673454284, 7.644491255283356]","[0.2, 0.25, 0.2]","[0.051053973606654576, 0.027157897215623127, 0.01543756866455077]"
DiagReachK3,187,KL,SS,shaped,shaped,development_DiagReachK3_s187_KL_SS,5,2880,selection,12,9.179924401268364,8.851990548397104,0.32793385287125904,0.4166666666666667,0.5833333333333334,"[6.56755252679189, 6.1437409321467085, 11.619755665461222]","[0.25, 0.3333333333333333, 0.08333333333333333]","[0.011871985026768284, 0.028285130476340275, 0.00035376230875651854]"
DiagReachK3,187,KL,SS,shaped,shaped,development_DiagReachK3_s187_KL_SS,5,2880,acceptance,8,9.146684848191217,9.146684848191217,0.0,1.0,0.0,"[6.0767035484313965, 5.734846830368042, 10.746959924697876]","[0.0, 0.0, 0.0]","[0.0, 0.0, 0.0]"
DiagReachK3,187,KL,SS,shaped,shaped,development_DiagReachK3_s187_KL_SS,6,3360,exploration,20,6.717352115887917,3.256307163614548,3.461044952273369,0.15,0.45,"[4.493240593373775, 4.821450155973435, 8.112840381264686]","[0.3, 0.25, 0.2]","[0.07423004763466971, 0.09705568827115572, 0.05949577331542969]"
DiagReachK3,187,KL,SS,shaped,shaped,development_DiagReachK3_s187_KL_SS,6,3360,selection,12,8.685732397045165,8.685732397045165,0.0,1.0,0.0,"[5.557847897211711, 4.762694398562114, 9.296908577283224]","[0.0, 0.0, 0.0]","[0.0, 0.0, 0.0]"
DiagReachK3,187,KL,SS,shaped,shaped,development_DiagReachK3_s187_KL_SS,6,3360,acceptance,8,9.129526320146397,9.129526320146397,0.0,1.0,0.0,"[6.061309456825256, 5.736585855484009, 10.73622179031372]","[0.0, 0.0, 0.0]","[0.0, 0.0, 0.0]"
DiagReachK3,187,KL,SS,shaped,shaped,development_DiagReachK3_s187_KL_SS,7,3840,exploration,20,6.997679265460467,6.39243112715194,0.6052481383085251,0.35,0.4,"[4.218092060089111, 4.865070903301239, 7.793250226974488]","[0.15, 0.25, 0.1]","[0.012329544339861198, 0.03227813427264874, 0.004657981872558592]"
DiagReachK3,187,KL,SS,shaped,shaped,development_DiagReachK3_s187_KL_SS,7,3840,selection,12,9.193451836689686,9.145591790461912,0.04786004622777303,0.5,0.5,"[6.7087312539418535, 5.70444385210673, 11.330142339070639]","[0.5, 0.0, 0.0]","[0.00957201208387102, 0.0, 0.0]"
DiagReachK3,187,KL,SS,shaped,shaped,development_DiagReachK3_s187_KL_SS,7,3840,acceptance,8,9.138879192061722,9.138879192061722,0.0,1.0,0.0,"[6.094032049179077, 5.715830683708191, 10.758357524871826]","[0.0, 0.0, 0.0]","[0.0, 0.0, 0.0]"
DiagReachK3,187,KL,SS,shaped,shaped,development_DiagReachK3_s187_KL_SS,8,4320,exploration,20,6.7382796260248865,4.743307084096595,1.9949725419282913,0.3,0.45,"[5.47247803658247, 4.3501109182834625, 8.416101670265197]","[0.3, 0.2, 0.15]","[0.07820621558598109, 0.046847768930288455, 0.019182750701904294]"
DiagReachK3,187,KL,SS,shaped,shaped,development_DiagReachK3_s187_KL_SS,8,4320,selection,12,9.1203775560949,9.1203775560949,0.0,1.0,0.0,"[5.7657069365183515, 5.48959465821584, 10.237143198649088]","[0.0, 0.0, 0.0]","[0.0, 0.0, 0.0]"
DiagReachK3,187,KL,SS,shaped,shaped,development_DiagReachK3_s187_KL_SS,8,4320,acceptance,8,9.242954306199682,9.242954306199682,0.0,1.0,0.0,"[5.903149127960205, 5.780385971069336, 10.621866822242737]","[0.0, 0.0, 0.0]","[0.0, 0.0, 0.0]"
DiagReachK3,187,KL,SS,shaped,shaped,development_DiagReachK3_s187_KL_SS,9,4800,exploration,20,6.409759147411679,6.139844550138806,0.2699145972728729,0.15,0.3,"[4.409338289499283, 4.301288998126983, 7.330044460296631]","[0.2, 0.1, 0.05]","[0.01013874326433455, 0.012883747540987455, 0.000746971130371099]"
DiagReachK3,187,KL,SS,shaped,shaped,development_DiagReachK3_s187_KL_SS,9,4800,selection,12,9.336071263463237,9.310350716820297,0.02572054664293925,0.8333333333333334,0.16666666666666666,"[6.558253010114034, 5.930239240328471, 11.422167857487997]","[0.16666666666666666, 0.0, 0.0]","[0.005144107909429633, 0.0, 0.0]"
DiagReachK3,187,KL,SS,shaped,shaped,development_DiagReachK3_s187_KL_SS,9,4800,acceptance,8,9.30789293727139,9.30789293727139,0.0,1.0,0.0,"[6.183786034584045, 5.990394294261932, 11.085558772087097]","[0.0, 0.0, 0.0]","[0.0, 0.0, 0.0]"
DiagReachK3,187,KL,SS,shaped,shaped,development_DiagReachK3_s187_KL_SS,10,5280,exploration,20,7.633237022771499,5.5553106776019545,2.077926345169544,0.3,0.35,"[5.776812726259232, 5.406324243545532, 9.980059015750886]","[0.2, 0.25, 0.25]","[0.05519952092851911, 0.07549985005305362, 0.04099570083618163]"
DiagReachK3,187,KL,SS,shaped,shaped,development_DiagReachK3_s187_KL_SS,10,5280,selection,12,9.16170674507157,9.16170674507157,0.0,1.0,0.0,"[6.016718626022339, 5.571292599042256, 10.501094182332357]","[0.0, 0.0, 0.0]","[0.0, 0.0, 0.0]"
DiagReachK3,187,KL,SS,shaped,shaped,development_DiagReachK3_s187_KL_SS,10,5280,acceptance,8,9.461764906719326,9.449684386327862,0.012080520391464233,0.75,0.25,"[6.656036853790283, 6.399109244346619, 11.944686889648438]","[0.0, 0.25, 0.0]","[0.0, 0.0024160972008338555, 0.0]"
DiagReachK3,187,KL,SS,shaped,shaped,development_DiagReachK3_s187_KL_SS,11,5760,exploration,20,7.706199264834578,6.158405191014462,1.5477940738201141,0.3,0.5,"[6.072512674331665, 5.260603404045105, 10.15819970369339]","[0.45, 0.25, 0.3]","[0.08204679829733713, 0.023032558881319488, 0.03669224929809569]"
DiagReachK3,187,KL,SS,shaped,shaped,development_DiagReachK3_s187_KL_SS,11,5760,selection,12,9.309717940725385,9.309717940725385,0.0,1.0,0.0,"[6.386157671610515, 5.9046904643376665, 11.205876350402832]","[0.0, 0.0, 0.0]","[0.0, 0.0, 0.0]"
DiagReachK3,187,KL,SS,shaped,shaped,development_DiagReachK3_s187_KL_SS,11,5760,acceptance,8,9.413035528035834,9.413035528035834,0.0,1.0,0.0,"[6.670103430747986, 6.2044596672058105, 11.771620273590088]","[0.0, 0.0, 0.0]","[0.0, 0.0, 0.0]"
DiagReachK3,187,KL,SS,shaped,shaped,development_DiagReachK3_s187_KL_SS,12,6240,exploration,20,7.438777643442154,5.5865483611822135,1.852229282259941,0.25,0.45,"[5.329676865041256, 4.799394589662552, 8.887106156349182]","[0.3, 0.25, 0.2]","[0.07491570200238909, 0.02481586382939265, 0.03400817489624024]"
DiagReachK3,187,KL,SS,shaped,shaped,development_DiagReachK3_s187_KL_SS,12,6240,selection,12,9.215812599555889,9.215812599555889,0.0,1.0,0.0,"[5.741465449333191, 5.995291074117024, 10.644743204116821]","[0.0, 0.0, 0.0]","[0.0, 0.0, 0.0]"
DiagReachK3,187,KL,SS,shaped,shaped,development_DiagReachK3_s187_KL_SS,12,6240,acceptance,8,9.430283645167947,9.430283645167947,0.0,1.0,0.0,"[6.69521701335907, 6.292361855506897, 11.880276203155518]","[0.0, 0.0, 0.0]","[0.0, 0.0, 0.0]"
DiagReachK3,187,KL,SS,shaped,shaped,development_DiagReachK3_s187_KL_SS,13,6720,exploration,20,7.830788490623235,6.068283257335425,1.7625052332878113,0.15,0.65,"[5.796988373994827, 5.7508648335933685, 10.290238046646119]","[0.35, 0.5, 0.25]","[0.04700284685407367, 0.07523968036358174, 0.02761746215820312]"
DiagReachK3,187,KL,SS,shaped,shaped,development_DiagReachK3_s187_KL_SS,13,6720,selection,12,9.29655798212431,9.29655798212431,0.0,1.0,0.0,"[6.150578498840332, 5.759678641955058, 10.81452210744222]","[0.0, 0.0, 0.0]","[0.0, 0.0, 0.0]"
DiagReachK3,187,KL,SS,shaped,shaped,development_DiagReachK3_s187_KL_SS,13,6720,acceptance,8,9.450680121639744,9.450680121639744,0.0,1.0,0.0,"[6.580635666847229, 6.30133843421936, 11.78150463104248]","[0.0, 0.0, 0.0]","[0.0, 0.0, 0.0]"
DiagReachK3,187,KL,SS,shaped,shaped,development_DiagReachK3_s187_KL_SS,14,7200,exploration,20,7.279516245698323,5.517648379778257,1.7618678659200668,0.2,0.45,"[5.445406095683575, 4.75943032503128, 8.996383622288704]","[0.2, 0.3, 0.2]","[0.04743145533970424, 0.05743260383605956, 0.021280185699462894]"
DiagReachK3,187,KL,SS,shaped,shaped,development_DiagReachK3_s187_KL_SS,14,7200,selection,12,9.36737692913739,9.36737692913739,0.0,1.0,0.0,"[6.379602034886678, 5.856427033742269, 11.171399434407553]","[0.0, 0.0, 0.0]","[0.0, 0.0, 0.0]"
DiagReachK3,187,KL,SS,shaped,shaped,development_DiagReachK3_s187_KL_SS,14,7200,acceptance,8,9.474004906928167,9.474004906928167,0.0,1.0,0.0,"[6.635571002960205, 6.2945204973220825, 11.830672264099121]","[0.0, 0.0, 0.0]","[0.0, 0.0, 0.0]"
DiagReachK3,187,KL,SS,shaped,shaped,development_DiagReachK3_s187_KL_SS,15,7680,exploration,20,7.506582175847145,6.0402934602461755,1.4662887156009674,0.2,0.45,"[5.040480268001557, 5.871102368831634, 9.677767837047577]","[0.15, 0.45, 0.2]","[0.02502513953617641, 0.07791092212383566, 0.023311916351318362]"
DiagReachK3,187,KL,SS,shaped,shaped,development_DiagReachK3_s187_KL_SS,15,7680,selection,12,9.286821769767753,9.286821769767753,0.0,1.0,0.0,"[6.748767693837483, 5.679063121477763, 11.348894039789835]","[0.0, 0.0, 0.0]","[0.0, 0.0, 0.0]"
DiagReachK3,187,KL,SS,shaped,shaped,development_DiagReachK3_s187_KL_SS,15,7680,acceptance,8,9.406150133209302,9.387506694393231,0.018643438816070557,0.75,0.25,"[6.752397537231445, 6.356720328330994, 11.999467849731445]","[0.0, 0.25, 0.0]","[0.0, 0.0037287015181321492, 0.0]"
DiagReachK3,187,KL,SS,shaped,shaped,development_DiagReachK3_s187_KL_SS,16,8160,exploration,20,7.697306106165051,5.161158735230565,2.5361473709344864,0.35,0.45,"[6.1217022895812985, 4.93267043530941, 9.842579436302184]","[0.35, 0.25, 0.2]","[0.08053081035614014, 0.061964493531447194, 0.03447776031494141]"
DiagReachK3,187,KL,SS,shaped,shaped,development_DiagReachK3_s187_KL_SS,16,8160,selection,12,9.27571635893158,9.27571635893158,0.0,1.0,0.0,"[6.109954277674357, 5.558167815208435, 10.598673025767008]","[0.0, 0.0, 0.0]","[0.0, 0.0, 0.0]"
DiagReachK3,187,KL,SS,shaped,shaped,development_DiagReachK3_s187_KL_SS,16,8160,acceptance,8,9.43701000995934,9.420903195813299,0.01610681414604187,0.75,0.25,"[6.732959985733032, 6.2363444566726685, 11.866854429244995]","[0.25, 0.0, 0.0]","[0.0032213756016322703, 0.0, 0.0]"
DiagReachK3,187,KL,SS,shaped,shaped,development_DiagReachK3_s187_KL_SS,17,8640,exploration,20,7.49325216282392,5.626326602885966,1.866925559937954,0.35,0.4,"[5.205937004089355, 5.355052030086517, 9.37486708164215]","[0.25, 0.25, 0.25]","[0.04080442019871303, 0.0687127846937913, 0.04029636764526366]"
DiagReachK3,187,KL,SS,shaped,shaped,development_DiagReachK3_s187_KL_SS,17,8640,selection,12,9.034079830689977,9.034079830689977,0.0,1.0,0.0,"[6.203156471252441, 5.072221299012502, 10.2290358543396]","[0.0, 0.0, 0.0]","[0.0, 0.0, 0.0]"
DiagReachK3,187,KL,SS,shaped,shaped,development_DiagReachK3_s187_KL_SS,17,8640,acceptance,8,9.43620618879795,9.43620618879795,0.0,1.0,0.0,"[6.813343524932861, 6.3649855852127075, 12.055584907531738]","[0.0, 0.0, 0.0]","[0.0, 0.0, 0.0]"
DiagReachK3,187,KL,SS,shaped,shaped,development_DiagReachK3_s187_KL_SS,18,9120,exploration,20,7.049692556670053,5.644162029435973,1.4055305272340775,0.1,0.5,"[5.124335485696792, 4.72245055437088, 8.636837482452393]","[0.15, 0.4, 0.15]","[0.04583430290222168, 0.04847139211801382, 0.017176609039306644]"
DiagReachK3,187,KL,SS,shaped,shaped,development_DiagReachK3_s187_KL_SS,18,9120,selection,12,9.415657622735793,9.365793419997985,0.04986420273780823,0.6666666666666666,0.3333333333333333,"[6.423081676165263, 6.198085308074951, 11.495112816492716]","[0.08333333333333333, 0.25, 0.0]","[0.0018237772442045719, 0.007443678684723676, 0.0]"
DiagReachK3,187,KL,SS,shaped,shaped,development_DiagReachK3_s187_KL_SS,18,9120,acceptance,8,9.33003150552977,9.33003150552977,0.0,1.0,0.0,"[6.39119815826416, 6.022669315338135, 11.305273294448853]","[0.0, 0.0, 0.0]","[0.0, 0.0, 0.0]"
DiagReachK3,187,KL,SS,shaped,shaped,development_DiagReachK3_s187_KL_SS,19,9600,exploration,20,7.425721686943435,6.167000141604804,1.2587215453386307,0.2,0.45,"[5.388157534599304, 5.083885949850083, 9.330786597728729]","[0.2, 0.35, 0.1]","[0.0589158092226301, 0.01978598007789024, 0.02321997833251953]"
DiagReachK3,187,KL,SS,shaped,shaped,development_DiagReachK3_s187_KL_SS,19,9600,selection,12,9.323221730223546,9.320539074173817,0.0026826560497283936,0.9166666666666666,0.08333333333333333,"[6.1195679903030396, 6.306758324305217, 11.308786153793335]","[0.0, 0.08333333333333333, 0.0]","[0.0, 0.0005365273891351219, 0.0]"
DiagReachK3,187,KL,SS,shaped,shaped,development_DiagReachK3_s187_KL_SS,19,9600,acceptance,8,9.429226283868775,9.401464973529801,0.027761310338974,0.75,0.25,"[6.8626720905303955, 6.403260946273804, 12.150424242019653]","[0.0, 0.25, 0.0]","[0.0, 0.00555227353022647, 0.0]"
DiagReachK3,187,KL,SS,shaped,shaped,development_DiagReachK3_s187_KL_SS,20,10080,exploration,20,7.460023233542451,6.12086894536973,1.3391542881727219,0.45,0.35,"[5.173980414867401, 4.726730632781982, 8.75445235967636]","[0.15, 0.25, 0.1]","[0.046207250867571145, 0.033355635863084064, 0.01479956436157227]"
DiagReachK3,187,KL,SS,shaped,shaped,development_DiagReachK3_s187_KL_SS,20,10080,selection,12,8.98904519712014,8.988020344923765,0.001024852196375529,0.9166666666666666,0.08333333333333333,"[5.35158892472585, 5.624266982078552, 9.873521089553833]","[0.0, 0.08333333333333333, 0.0]","[0.0, 0.00020496661846454897, 0.0]"
DiagReachK3,187,KL,SS,shaped,shaped,development_DiagReachK3_s187_KL_SS,20,10080,acceptance,8,9.213501864758289,9.213501864758289,0.0,1.0,0.0,"[5.957130968570709, 5.8171780705451965, 10.669322609901428]","[0.0, 0.0, 0.0]","[0.0, 0.0, 0.0]"
DiagReachK3,187,KL,SS,shaped,shaped,development_DiagReachK3_s187_KL_SS,21,10560,exploration,20,6.988509586984293,5.614018476540222,1.374491110444069,0.25,0.5,"[4.609768319129944, 4.932695493102074, 8.184879505634308]","[0.2, 0.3, 0.05]","[0.026372112546648306, 0.051974975145780124, 0.011482830047607417]"
DiagReachK3,187,KL,SS,shaped,shaped,development_DiagReachK3_s187_KL_SS,21,10560,selection,12,9.291647395483837,9.278646082671669,0.013001312812169393,0.6666666666666666,0.3333333333333333,"[6.895113110542297, 5.723123073577881, 11.515013853708902]","[0.25, 0.08333333333333333, 0.0]","[0.002025632631211046, 0.0005746254554161631, 0.0]"
DiagReachK3,187,KL,SS,shaped,shaped,development_DiagReachK3_s187_KL_SS,21,10560,acceptance,8,9.276028400240467,9.269767081318424,0.006261318922042847,0.75,0.25,"[6.696122109889984, 5.5840097069740295, 11.193916082382202]","[0.125, 0.125, 0.0]","[0.0005417551313127711, 0.0007104965356680149, 0.0]"
DiagReachK3,187,KL,SS,shaped,shaped,development_DiagReachK3_s187_KL_SS,22,11040,exploration,20,7.226762855172856,6.402935871601803,0.8238269835710526,0.25,0.4,"[6.0912764966487885, 3.9425472259521483, 8.869355905056]","[0.4, 0.0, 0.05]","[0.08174028737204417, 0.0, 0.008981025695800782]"
DiagReachK3,187,KL,SS,shaped,shaped,development_DiagReachK3_s187_KL_SS,22,11040,selection,12,9.189820855292298,9.189820855292298,0.0,1.0,0.0,"[6.372737844785054, 5.3295738697052, 10.606479247411093]","[0.0, 0.0, 0.0]","[0.0, 0.0, 0.0]"
DiagReachK3,187,KL,SS,shaped,shaped,development_DiagReachK3_s187_KL_SS,22,11040,acceptance,8,9.226920921276905,9.226920921276905,0.0,1.0,0.0,"[6.268190979957581, 5.419716060161591, 10.580114603042603]","[0.0, 0.0, 0.0]","[0.0, 0.0, 0.0]"
DiagReachK3,187,KL,SS,shaped,shaped,development_DiagReachK3_s187_KL_SS,23,11520,exploration,20,7.822542203972115,6.526480866977946,1.2960613369941711,0.25,0.3,"[6.076568216085434, 5.275668787956238, 10.15534965991974]","[0.3, 0.15, 0.15]","[0.051634533064705966, 0.03051067132216233, 0.02762434768676757]"
DiagReachK3,187,KL,SS,shaped,shaped,development_DiagReachK3_s187_KL_SS,23,11520,selection,12,9.08080888476834,9.08080888476834,0.0,1.0,0.0,"[5.629642128944397, 5.590051293373108, 10.102212270100912]","[0.0, 0.0, 0.0]","[0.0, 0.0, 0.0]"
DiagReachK3,187,KL,SS,shaped,shaped,development_DiagReachK3_s187_KL_SS,23,11520,acceptance,8,9.396666698125774,9.396666698125774,0.0,1.0,0.0,"[5.629704117774963, 5.98903226852417, 10.487950563430786]","[0.0, 0.0, 0.0]","[0.0, 0.0, 0.0]"
DiagReachK3,187,KL,SS,shaped,shaped,development_DiagReachK3_s187_KL_SS,24,12000,exploration,20,7.521644798740162,5.69521975301148,1.8264250457286835,0.45,0.35,"[5.239994359016419, 5.175612652301789, 9.063219714164735]","[0.25, 0.15, 0.2]","[0.07033759525844029, 0.03530880487882173, 0.03333217239379882]"
DiagReachK3,187,KL,SS,shaped,shaped,development_DiagReachK3_s187_KL_SS,24,12000,selection,12,8.962362801422811,8.962362801422811,0.0,1.0,0.0,"[5.277938961982727, 5.533194303512573, 9.667824506759644]","[0.0, 0.0, 0.0]","[0.0, 0.0, 0.0]"
DiagReachK3,187,KL,SS,shaped,shaped,development_DiagReachK3_s187_KL_SS,24,12000,acceptance,8,9.428275786072483,9.428275786072483,0.0,1.0,0.0,"[5.870277285575867, 6.078256607055664, 10.79754638671875]","[0.0, 0.0, 0.0]","[0.0, 0.0, 0.0]"
DiagReachK3,187,W2,RR,raw,raw,development_DiagReachK3_s187_W2_RR,0,480,exploration,20,6.7650091622537,5.203994085318408,1.5610150769352913,0.1,0.45,"[4.237565392255783, 5.660638844966888, 8.544022274017333]","[0.15, 0.3, 0.15]","[0.02293247835976736, 0.08446271969721868, 0.020750148773193356]"
DiagReachK3,187,W2,RR,raw,raw,development_DiagReachK3_s187_W2_RR,0,480,selection,12,8.625661543112559,8.625661543112559,0.0,1.0,0.0,"[6.186271786689758, 4.56137893597285, 9.731075843175253]","[0.0, 0.0, 0.0]","[0.0, 0.0, 0.0]"
DiagReachK3,187,W2,RR,raw,raw,development_DiagReachK3_s187_W2_RR,0,480,acceptance,8,8.745320700469893,8.74035734719364,0.004963353276252747,0.875,0.125,"[6.304773449897766, 4.776624500751495, 10.067149043083191]","[0.125, 0.0, 0.0]","[0.0009926642690386012, 0.0, 0.0]"
DiagReachK3,187,W2,RR,raw,raw,development_DiagReachK3_s187_W2_RR,1,960,exploration,20,6.361914745119866,4.793485066441353,1.5684296786785126,0.1,0.45,"[4.699011550843716, 3.7219346508383753, 7.032728397846222]","[0.3, 0.15, 0.15]","[0.07202242783137731, 0.03232678266671988, 0.01568001556396483]"
DiagReachK3,187,W2,RR,raw,raw,development_DiagReachK3_s187_W2_RR,1,960,selection,12,8.556173481753406,8.376330870599487,0.1798426111539205,0.4166666666666667,0.5833333333333334,"[6.776344617207845, 4.3832449316978455, 10.164265473683676]","[0.5833333333333334, 0.0, 0.0]","[0.03394767783937001, 0.0, 0.0]"
DiagReachK3,187,W2,RR,raw,raw,development_DiagReachK3_s187_W2_RR,1,960,acceptance,8,8.66615188049618,8.66615188049618,0.0,1.0,0.0,"[5.617457270622253, 4.552721738815308, 9.156479597091675]","[0.0, 0.0, 0.0]","[0.0, 0.0, 0.0]"
DiagReachK3,187,W2,RR,raw,raw,development_DiagReachK3_s187_W2_RR,2,1440,exploration,20,6.672931131714139,4.805672031634603,1.8672591000795364,0.2,0.5,"[5.186635898053646, 4.594826823472976, 8.634708964824677]","[0.25, 0.3, 0.15]","[0.06432526111602781, 0.06276852167569673, 0.008733360290527337]"
DiagReachK3,187,W2,RR,raw,raw,development_DiagReachK3_s187_W2_RR,2,1440,selection,12,8.813003904690655,8.813003904690655,0.0,1.0,0.0,"[6.25666360060374, 4.845785299936931, 10.085850477218628]","[0.0, 0.0, 0.0]","[0.0, 0.0, 0.0]"
DiagReachK3,187,W2,RR,raw,raw,development_DiagReachK3_s187_W2_RR,2,1440,acceptance,8,8.89116942922119,8.89116942922119,0.0,1.0,0.0,"[5.871764123439789, 5.119945228099823, 9.959165692329407]","[0.0, 0.0, 0.0]","[0.0, 0.0, 0.0]"
DiagReachK3,187,W2,RR,raw,raw,development_DiagReachK3_s187_W2_RR,3,1920,exploration,20,6.535205791541375,5.67566497141961,0.8595408201217651,0.15,0.3,"[4.494231560826302, 4.309152391552925, 7.516686114668846]","[0.2, 0.15, 0.05]","[0.054041937419346396, 0.01906482989971454, 0.007181877136230463]"
DiagReachK3,187,W2,RR,raw,raw,development_DiagReachK3_s187_W2_RR,3,1920,selection,12,9.299033063665654,9.126430554206793,0.17260250945885977,0.3333333333333333,0.6666666666666666,"[6.589036663373311, 6.096825202306111, 11.593278725941977]","[0.3333333333333333, 0.3333333333333333, 0.0]","[0.0196452084041777, 0.01125425558823806, 0.0]"
DiagReachK3,187,W2,RR,raw,raw,development_DiagReachK3_s187_W2_RR,3,1920,acceptance,8,9.115474043833093,9.115474043833093,0.0,1.0,0.0,"[6.207599759101868, 5.8394306898117065, 10.977094173431396]","[0.0, 0.0, 0.0]","[0.0, 0.0, 0.0]"
DiagReachK3,187,W2,RR,raw,raw,development_DiagReachK3_s187_W2_RR,4,2400,exploration,20,7.125486374394969,5.834200576441361,1.2912857979536057,0.25,0.5,"[5.223328393697739, 5.011449229717255, 8.75744765996933]","[0.3, 0.25, 0.2]","[0.08874959605080741, 0.018174002720759464, 0.01861936187744141]"
DiagReachK3,187,W2,RR,raw,raw,development_DiagReachK3_s187_W2_RR,4,2400,selection,12,9.20232017772893,9.187619884187976,0.01470029354095459,0.8333333333333334,0.16666666666666666,"[6.2151520649592085, 5.785851081212361, 10.928434371948242]","[0.16666666666666666, 0.0, 0.0]","[0.0029400643848237484, 0.0, 0.0]"
DiagReachK3,187,W2,RR,raw,raw,development_DiagReachK3_s187_W2_RR,4,2400,acceptance,8,9.119139791186898,9.119139791186898,0.0,1.0,0.0,"[6.1508400440216064, 5.68143093585968, 10.794214248657227]","[0.0, 0.0, 0.0]","[0.0, 0.0, 0.0]"
DiagReachK3,187,W2,RR,raw,raw,development_DiagReachK3_s187_W2_RR,5,2880,exploration,20,6.5188653356092985,5.610283691312652,0.9085816442966461,0.1,0.4,"[4.655201953649521, 4.359432673454284, 7.644491255283356]","[0.2, 0.25, 0.2]","[0.051053973606654576, 0.027157897215623127, 0.01543756866455077]"
DiagReachK3,187,W2,RR,raw,raw,development_DiagReachK3_s187_W2_RR,5,2880,selection,12,9.216756897792221,8.904930405442913,0.31182649234930676,0.4166666666666667,0.5833333333333334,"[6.539583047231038, 6.203375736872355, 11.655233224232992]","[0.25, 0.3333333333333333, 0.08333333333333333]","[0.00865051859901067, 0.028285130476340275, 0.00035376230875651854]"
DiagReachK3,187,W2,RR,raw,raw,development_DiagReachK3_s187_W2_RR,5,2880,acceptance,8,9.146684848191217,9.146684848191217,0.0,1.0,0.0,"[6.0767035484313965, 5.734846830368042, 10.746959924697876]","[0.0, 0.0, 0.0]","[0.0, 0.0, 0.0]"
DiagReachK3,187,W2,RR,raw,raw,development_DiagReachK3_s187_W2_RR,6,3360,exploration,20,6.717352115887917,3.256307163614548,3.461044952273369,0.15,0.45,"[4.493240593373775, 4.821450155973435, 8.112840381264686]","[0.3, 0.25, 0.2]","[0.07423004763466971, 0.09705568827115572, 0.05949577331542969]"
DiagReachK3,187,W2,RR,raw,raw,development_DiagReachK3_s187_W2_RR,6,3360,selection,12,8.937741782539524,8.768182015690643,0.16955976684888205,0.6666666666666666,0.3333333333333333,"[6.232173999150594, 5.323882102966309, 10.501166621843973]","[0.3333333333333333, 0.0, 0.16666666666666666]","[0.02770372799464634, 0.0, 0.0027184041341145973]"
DiagReachK3,187,W2,RR,raw,raw,development_DiagReachK3_s187_W2_RR,6,3360,acceptance,8,9.129526320146397,9.129526320146397,0.0,1.0,0.0,"[6.061309456825256, 5.736585855484009, 10.73622179031372]","[0.0, 0.0, 0.0]","[0.0, 0.0, 0.0]"
DiagReachK3,187,W2,RR,raw,raw,development_DiagReachK3_s187_W2_RR,7,3840,exploration,20,6.997679265460467,6.39243112715194,0.6052481383085251,0.35,0.4,"[4.218092060089111, 4.865070903301239, 7.793250226974488]","[0.15, 0.25, 0.1]","[0.012329544339861198, 0.03227813427264874, 0.004657981872558592]"
DiagReachK3,187,W2,RR,raw,raw,development_DiagReachK3_s187_W2_RR,7,3840,selection,12,9.260274375711258,9.224846070244288,0.03542830546696981,0.6666666666666666,0.3333333333333333,"[6.676633954048157, 5.978421012560527, 11.567808389663696]","[0.3333333333333333, 0.08333333333333333, 0.08333333333333333]","[0.006018899735950285, 0.00033634136884639715, 0.000730425516764314]"
DiagReachK3,187,W2,RR,raw,raw,development_DiagReachK3_s187_W2_RR,7,3840,acceptance,8,9.138879192061722,9.138879192061722,0.0,1.0,0.0,"[6.094032049179077, 5.715830683708191, 10.758357524871826]","[0.0, 0.0, 0.0]","[0.0, 0.0, 0.0]"
DiagReachK3,187,W2,RR,raw,raw,development_DiagReachK3_s187_W2_RR,8,4320,exploration,20,6.7382796260248865,4.743307084096595,1.9949725419282913,0.3,0.45,"[5.47247803658247, 4.3501109182834625, 8.416101670265197]","[0.3, 0.2, 0.15]","[0.07820621558598109, 0.046847768930288455, 0.019182750701904294]"
DiagReachK3,187,W2,RR,raw,raw,development_DiagReachK3_s187_W2_RR,8,4320,selection,12,9.20175013144811,9.20175013144811,0.0,1.0,0.0,"[6.23734438419342, 5.717309315999349, 10.908291657765707]","[0.0, 0.0, 0.0]","[0.0, 0.0, 0.0]"
DiagReachK3,187,W2,RR,raw,raw,development_DiagReachK3_s187_W2_RR,8,4320,acceptance,8,9.255311443191022,9.253242640476675,0.0020688027143478394,0.875,0.125,"[6.4585080742836, 5.987622916698456, 11.359023094177246]","[0.125, 0.0, 0.0]","[0.00041375841413224257, 0.0, 0.0]"
DiagReachK3,187,W2,RR,raw,raw,development_DiagReachK3_s187_W2_RR,9,4800,exploration,20,6.277820626446046,5.891221935101785,0.38659869134426117,0.15,0.35,"[4.474638602137565, 4.2264776706695555, 7.268336924910545]","[0.25, 0.1, 0.05]","[0.01892763546534946, 0.01544517003572905, 0.000481941223144533]"
DiagReachK3,187,W2,RR,raw,raw,development_DiagReachK3_s187_W2_RR,9,4800,selection,12,9.276941597585878,8.932822451119623,0.3441191464662552,0.3333333333333333,0.6666666666666666,"[6.9062618017196655, 6.244701464970906, 12.064459005991617]","[0.4166666666666667, 0.3333333333333333, 0.4166666666666667]","[0.038441953204927014, 0.0086511220687475, 0.01393635431925457]"
DiagReachK3,187,W2,RR,raw,raw,development_DiagReachK3_s187_W2_RR,9,4800,acceptance,8,9.10006987247616,9.10006987247616,0.0,1.0,0.0,"[5.986939907073975, 5.740238308906555, 10.663008451461792]","[0.0, 0.0, 0.0]","[0.0, 0.0, 0.0]"
DiagReachK3,187,W2,RR,raw,raw,development_DiagReachK3_s187_W2_RR,10,5280,exploration,20,7.215769611163415,5.173141464455403,2.0426281467080116,0.25,0.35,"[5.411705398559571, 5.018936830759048, 9.188164949417114]","[0.2, 0.25, 0.2]","[0.05998194558279855, 0.0717666956094595, 0.03601165771484375]"
DiagReachK3,187,W2,RR,raw,raw,development_DiagReachK3_s187_W2_RR,10,5280,selection,12,9.000912707915996,8.858627852669452,0.14228485524654388,0.6666666666666666,0.3333333333333333,"[6.169772187868754, 5.515768090883891, 10.615828514099121]","[0.3333333333333333, 0.0, 0.08333333333333333]","[0.02754495825086321, 0.0, 0.00016481399536133479]"
DiagReachK3,187,W2,RR,raw,raw,development_DiagReachK3_s187_W2_RR,10,5280,acceptance,8,9.173687264882028,9.173687264882028,0.0,1.0,0.0,"[6.072587966918945, 5.885896921157837, 10.900243759155273]","[0.0, 0.0, 0.0]","[0.0, 0.0, 0.0]"
DiagReachK3,187,W2,RR,raw,raw,development_DiagReachK3_s187_W2_RR,11,5760,exploration,20,6.860744585190114,5.16541207293063,1.6953325122594833,0.3,0.4,"[4.966187991201878, 4.415451166033745, 7.946860110759735]","[0.2, 0.2, 0.1]","[0.05992405414581298, 0.05490927329430213, 0.00934796142578126]"
DiagReachK3,187,W2,RR,raw,raw,development_DiagReachK3_s187_W2_RR,11,5760,selection,12,9.247022117006905,9.050015802014,0.19700631499290466,0.5,0.5,"[6.371277968088786, 6.246466199556987, 11.524721622467041]","[0.3333333333333333, 0.3333333333333333, 0.3333333333333333]","[0.02393490359896705, 0.003324258021819293, 0.010828196207682309]"
DiagReachK3,187,W2,RR,raw,raw,development_DiagReachK3_s187_W2_RR,11,5760,acceptance,8,9.112487800978123,9.112487800978123,0.0,1.0,0.0,"[6.070468425750732, 5.659599304199219, 10.681269645690918]","[0.0, 0.0, 0.0]","[0.0, 0.0, 0.0]"
DiagReachK3,187,W2,RR,raw,raw,development_DiagReachK3_s187_W2_RR,12,6240,exploration,20,7.1283661811449575,4.820523479471449,2.3078427016735077,0.25,0.4,"[4.761219170689583, 5.402012646198273, 8.81844084262848]","[0.25, 0.35, 0.15]","[0.050370308331080846, 0.08357173112722545, 0.042349784851074226]"
DiagReachK3,187,W2,RR,raw,raw,development_DiagReachK3_s187_W2_RR,12,6240,selection,12,8.99011233232838,8.79973902088823,0.19037331144014993,0.6666666666666666,0.3333333333333333,"[6.406170686086019, 5.423696537812551, 10.793709993362427]","[0.3333333333333333, 0.3333333333333333, 0.3333333333333333]","[0.0115619670777094, 0.013034441532232821, 0.011342366536458351]"
DiagReachK3,187,W2,RR,raw,raw,development_DiagReachK3_s187_W2_RR,12,6240,acceptance,8,9.13850424522534,9.13850424522534,0.0,1.0,0.0,"[6.112073183059692, 5.758426666259766, 10.810398817062378]","[0.0, 0.0, 0.0]","[0.0, 0.0, 0.0]"
DiagReachK3,187,W2,RR,raw,raw,development_DiagReachK3_s187_W2_RR,13,6720,exploration,20,6.856235526249511,5.573353521273239,1.2828820049762726,0.15,0.45,"[4.724130529165268, 5.118963634967804, 8.741115820407867]","[0.2, 0.3, 0.1]","[0.033116269111633304, 0.05520327274615947, 0.012046657562255859]"
DiagReachK3,187,W2,RR,raw,raw,development_DiagReachK3_s187_W2_RR,13,6720,selection,12,9.147307522470753,8.904587474837898,0.24272004763285318,0.5,0.5,"[6.943443735440572, 5.598764936129252, 11.475177844365438]","[0.5, 0.0, 0.0]","[0.040339327993847096, 0.0, 0.0]"
DiagReachK3,187,W2,RR,raw,raw,development_DiagReachK3_s187_W2_RR,13,6720,acceptance,8,9.160411610221491,9.160411610221491,0.0,1.0,0.0,"[5.965397834777832, 5.775456666946411, 10.693518161773682]","[0.0, 0.0, 0.0]","[0.0, 0.0, 0.0]"
DiagReachK3,187,W2,RR,raw,raw,development_DiagReachK3_s187_W2_RR,14,7200,exploration,20,7.277376062660478,4.647559634833597,2.6298164278268814,0.15,0.5,"[5.617012760043144, 5.177446316182613, 9.488394320011139]","[0.3, 0.3, 0.25]","[0.10494634083339147, 0.0555104292356051, 0.03752069091796876]"
DiagReachK3,187,W2,RR,raw,raw,development_DiagReachK3_s187_W2_RR,14,7200,selection,12,9.18598975193454,9.069258848348788,0.11673090358575185,0.6666666666666666,0.3333333333333333,"[6.279780467351277, 5.876316467920939, 11.076696634292603]","[0.3333333333333333, 0.0, 0.08333333333333333]","[0.02242111592065719, 0.0, 0.000591284434000657]"
DiagReachK3,187,W2,RR,raw,raw,development_DiagReachK3_s187_W2_RR,14,7200,acceptance,8,9.198266009590588,9.198266009590588,0.0,1.0,0.0,"[5.544997990131378, 5.817529559135437, 10.283811330795288]","[0.0, 0.0, 0.0]","[0.0, 0.0, 0.0]"
DiagReachK3,187,W2,RR,raw,raw,development_DiagReachK3_s187_W2_RR,15,7680,exploration,20,6.89981350765098,5.815560032580979,1.0842534750699997,0.2,0.35,"[4.141065117716789, 5.317968642711639, 8.24813871383667]","[0.1, 0.3, 0.1]","[0.012898697171892437, 0.05406139080341046, 0.012850070953369142]"
DiagReachK3,187,W2,RR,raw,raw,development_DiagReachK3_s187_W2_RR,15,7680,selection,12,9.017440446464267,9.017440446464267,0.0,1.0,0.0,"[5.492920835812886, 5.464657823244731, 9.868232250213623]","[0.0, 0.0, 0.0]","[0.0, 0.0, 0.0]"
DiagReachK3,187,W2,RR,raw,raw,development_DiagReachK3_s187_W2_RR,15,7680,acceptance,8,9.230996318638791,9.230996318638791,0.0,1.0,0.0,"[5.770144522190094, 6.045968115329742, 10.712456107139587]","[0.0, 0.0, 0.0]","[0.0, 0.0, 0.0]"
DiagReachK3,187,W2,RR,raw,raw,development_DiagReachK3_s187_W2_RR,16,8160,exploration,20,7.333162693756167,5.0214175269776025,2.3117451667785645,0.15,0.5,"[5.5915987834334375, 4.880204552412033, 9.23045482635498]","[0.25, 0.35, 0.2]","[0.07138423238481793, 0.055066471833449135, 0.03137093734741211]"
DiagReachK3,187,W2,RR,raw,raw,development_DiagReachK3_s187_W2_RR,16,8160,selection,12,9.016700443745746,8.887631155174072,0.12906928857167563,0.6666666666666666,0.3333333333333333,"[6.294053276379903, 5.4013212124506635, 10.617117245992025]","[0.3333333333333333, 0.0, 0.25]","[0.021180113156636537, 0.0, 0.0037456766764322933]"
DiagReachK3,187,W2,RR,raw,raw,development_DiagReachK3_s187_W2_RR,16,8160,acceptance,8,9.29785129497759,9.29785129497759,0.0,1.0,0.0,"[6.292980432510376, 6.048418641090393, 11.249446630477905]","[0.0, 0.0, 0.0]","[0.0, 0.0, 0.0]"
DiagReachK3,187,W2,RR,raw,raw,development_DiagReachK3_s187_W2_RR,17,8640,exploration,20,7.446719150040299,3.7451882315613325,3.7015309184789658,0.2,0.45,"[5.281114560365677, 5.455307900905609, 9.40109679698944]","[0.3, 0.25, 0.3]","[0.08568006583622524, 0.09025920354402982, 0.0574705810546875]"
DiagReachK3,187,W2,RR,raw,raw,development_DiagReachK3_s187_W2_RR,17,8640,selection,12,9.067460756444296,9.067460756444296,0.0,1.0,0.0,"[5.906854867935181, 5.423755208651225, 10.24534293015798]","[0.0, 0.0, 0.0]","[0.0, 0.0, 0.0]"
DiagReachK3,187,W2,RR,raw,raw,development_DiagReachK3_s187_W2_RR,17,8640,acceptance,8,9.422410428541479,9.422410428541479,0.0,1.0,0.0,"[6.51645427942276, 6.270901381969452, 11.6510089635849]","[0.0, 0.0, 0.0]","[0.0, 0.0, 0.0]"
DiagReachK3,187,W2,RR,raw,raw,development_DiagReachK3_s187_W2_RR,18,9120,exploration,20,6.986094709398456,5.303356092335888,1.6827386170625687,0.25,0.25,"[4.521841686964035, 4.920912571251392, 8.300366413593292]","[0.05, 0.25, 0.05]","[0.031358582632882256, 0.04252258814298189, 0.02541205596923828]"
DiagReachK3,187,W2,RR,raw,raw,development_DiagReachK3_s187_W2_RR,18,9120,selection,12,9.237883484562918,8.35822929561206,0.8796541889508566,0.6666666666666666,0.3333333333333333,"[6.445160746574402, 6.191330671310425, 11.502608935038248]","[0.3333333333333333, 0.3333333333333333, 0.3333333333333333]","[0.03496666749318441, 0.03962540626525879, 0.03722157160441083]"
DiagReachK3,187,W2,RR,raw,raw,development_DiagReachK3_s187_W2_RR,18,9120,acceptance,8,9.509816949430387,9.509816949430387,0.0,1.0,0.0,"[6.434981465339661, 6.310295820236206, 11.591315269470215]","[0.0, 0.0, 0.0]","[0.0, 0.0, 0.0]"
DiagReachK3,187,W2,RR,raw,raw,development_DiagReachK3_s187_W2_RR,19,9600,exploration,20,7.7666284308873585,5.376885929807323,2.389742501080036,0.55,0.4,"[5.777640068531037, 5.448992729187012, 9.903245043754577]","[0.25, 0.3, 0.15]","[0.04544968264443535, 0.08029390481802134, 0.045594451904296875]"
DiagReachK3,187,W2,RR,raw,raw,development_DiagReachK3_s187_W2_RR,19,9600,selection,12,9.171900393396694,9.123663993507702,0.04823639988899231,0.6666666666666666,0.3333333333333333,"[6.4526586929957075, 5.499627470970154, 10.84986678759257]","[0.3333333333333333, 0.0, 0.0]","[0.009647278558640246, 0.0, 0.0]"
DiagReachK3,187,W2,RR,raw,raw,development_DiagReachK3_s187_W2_RR,19,9600,acceptance,8,9.54776108158985,9.5298455644981,0.0179155170917511,0.5,0.5,"[6.675135016441345, 6.408280372619629, 11.94172716140747]","[0.0, 0.5, 0.0]","[0.0, 0.0035831011258638523, 0.0]"
DiagReachK3,187,W2,RR,raw,raw,development_DiagReachK3_s187_W2_RR,20,10080,exploration,20,7.6567342548456505,6.527903151401551,1.1288311034440994,0.35,0.4,"[5.711526870727539, 4.894151994585991, 9.349121975898743]","[0.15, 0.25, 0.1]","[0.05969781875610351, 0.018176827063927294, 0.010348800659179692]"
DiagReachK3,187,W2,RR,raw,raw,development_DiagReachK3_s187_W2_RR,20,10080,selection,12,9.321890040781971,9.320479447192824,0.001410593589146932,0.9166666666666666,0.08333333333333333,"[6.0007123947143555, 6.1171122789382935, 10.952852408091227]","[0.0, 0.08333333333333333, 0.0]","[0.0, 0.000282116425343056, 0.0]"
DiagReachK3,187,W2,RR,raw,raw,development_DiagReachK3_s187_W2_RR,20,10080,acceptance,8,9.517490211914993,9.517490211914993,0.0,1.0,0.0,"[6.7109121680259705, 6.204085052013397, 11.76394009590149]","[0.0, 0.0, 0.0]","[0.0, 0.0, 0.0]"
DiagReachK3,187,W2,RR,raw,raw,development_DiagReachK3_s187_W2_RR,21,10560,exploration,20,7.761233762688936,5.787997522242367,1.9732362404465675,0.25,0.55,"[5.809698855876922, 5.680206549167633, 10.172461771965027]","[0.35, 0.35, 0.2]","[0.04312628677913122, 0.057311446850116445, 0.028082004547119142]"
DiagReachK3,187,W2,RR,raw,raw,development_DiagReachK3_s187_W2_RR,21,10560,selection,12,9.382920407490262,8.435257368521222,0.9476630389690399,0.5833333333333334,0.4166666666666667,"[6.803631703058879, 6.004067063331604, 11.705050547917685]","[0.3333333333333333, 0.4166666666666667, 0.3333333333333333]","[0.04454381692977177, 0.03247899886889335, 0.03909509658813476]"
DiagReachK3,187,W2,RR,raw,raw,development_DiagReachK3_s187_W2_RR,21,10560,acceptance,8,9.196222167785162,9.195334058578009,0.0008881092071533203,0.875,0.125,"[6.101056694984436, 5.391262710094452, 10.400832653045654]","[0.0, 0.125, 0.0]","[0.0, 0.00017762184143066406, 0.0]"
DiagReachK3,187,W2,RR,raw,raw,development_DiagReachK3_s187_W2_RR,22,11040,exploration,20,7.149023619671352,5.41582286097575,1.7332007586956024,0.25,0.4,"[5.26006965637207, 4.728715974092483, 8.765747225284576]","[0.25, 0.2, 0.1]","[0.07270998954772948, 0.028631811875563407, 0.01808377838134766]"
DiagReachK3,187,W2,RR,raw,raw,development_DiagReachK3_s187_W2_RR,22,11040,selection,12,8.720557323217994,8.71216777078371,0.008389552434285482,0.9166666666666666,0.08333333333333333,"[5.530650238196055, 4.8350175221761065, 9.303979992866516]","[0.08333333333333333, 0.0, 0.0]","[0.0016779104868570964, 0.0, 0.0]"
DiagReachK3,187,W2,RR,raw,raw,development_DiagReachK3_s187_W2_RR,22,11040,acceptance,8,8.765315810061292,8.765315810061292,0.0,1.0,0.0,"[5.715352177619934, 4.406240463256836, 9.078280925750732]","[0.0, 0.0, 0.0]","[0.0, 0.0, 0.0]"
DiagReachK3,187,W2,RR,raw,raw,development_DiagReachK3_s187_W2_RR,23,11520,exploration,20,7.5859639275271915,6.236574180742028,1.3493897467851639,0.35,0.3,"[6.138449704647064, 4.3762334287166595, 9.271714782714843]","[0.3, 0.05, 0.15]","[0.06481847763061524, 0.01063963449918307, 0.013181735992431642]"
DiagReachK3,187,W2,RR,raw,raw,development_DiagReachK3_s187_W2_RR,23,11520,selection,12,8.53209269354314,8.53209269354314,0.0,1.0,0.0,"[5.282115717728932, 4.387178341547648, 8.619994560877482]","[0.0, 0.0, 0.0]","[0.0, 0.0, 0.0]"
DiagReachK3,187,W2,RR,raw,raw,development_DiagReachK3_s187_W2_RR,23,11520,acceptance,8,8.965118191350484,8.965118191350484,0.0,1.0,0.0,"[5.821274280548096, 4.630087494850159, 9.400099873542786]","[0.0, 0.0, 0.0]","[0.0, 0.0, 0.0]"
DiagReachK3,187,W2,RR,raw,raw,development_DiagReachK3_s187_W2_RR,24,12000,exploration,20,7.317885355059988,6.7991930404352035,0.5186923146247864,0.2,0.4,"[5.481541907787323, 4.542682105302811, 8.731961631774903]","[0.25, 0.15, 0.0]","[0.027609954561506, 0.014560956221360433, 0.0]"
DiagReachK3,187,W2,RR,raw,raw,development_DiagReachK3_s187_W2_RR,24,12000,selection,12,9.052678705962412,9.052678705962412,0.0,1.0,0.0,"[6.1152563492457075, 5.005582690238953, 10.009684642155966]","[0.0, 0.0, 0.0]","[0.0, 0.0, 0.0]"
DiagReachK3,187,W2,RR,raw,raw,development_DiagReachK3_s187_W2_RR,24,12000,acceptance,8,9.181200399441877,9.181200399441877,0.0,1.0,0.0,"[6.327347040176392, 5.1114919781684875, 10.3333238363266]","[0.0, 0.0, 0.0]","[0.0, 0.0, 0.0]"
DiagReachK3,187,W2,RS,raw,shaped,development_DiagReachK3_s187_W2_RS,0,480,exploration,20,6.7650091622537,5.203994085318408,1.5610150769352913,0.1,0.45,"[4.237565392255783, 5.660638844966888, 8.544022274017333]","[0.15, 0.3, 0.15]","[0.02293247835976736, 0.08446271969721868, 0.020750148773193356]"
DiagReachK3,187,W2,RS,raw,shaped,development_DiagReachK3_s187_W2_RS,0,480,selection,12,8.625661543112559,8.625661543112559,0.0,1.0,0.0,"[6.186271786689758, 4.56137893597285, 9.731075843175253]","[0.0, 0.0, 0.0]","[0.0, 0.0, 0.0]"
DiagReachK3,187,W2,RS,raw,shaped,development_DiagReachK3_s187_W2_RS,0,480,acceptance,8,8.745320700469893,8.74035734719364,0.004963353276252747,0.875,0.125,"[6.304773449897766, 4.776624500751495, 10.067149043083191]","[0.125, 0.0, 0.0]","[0.0009926642690386012, 0.0, 0.0]"
DiagReachK3,187,W2,RS,raw,shaped,development_DiagReachK3_s187_W2_RS,1,960,exploration,20,6.361914745119866,4.793485066441353,1.5684296786785126,0.1,0.45,"[4.699011550843716, 3.7219346508383753, 7.032728397846222]","[0.3, 0.15, 0.15]","[0.07202242783137731, 0.03232678266671988, 0.01568001556396483]"
DiagReachK3,187,W2,RS,raw,shaped,development_DiagReachK3_s187_W2_RS,1,960,selection,12,8.556173481753406,8.376330870599487,0.1798426111539205,0.4166666666666667,0.5833333333333334,"[6.776344617207845, 4.3832449316978455, 10.164265473683676]","[0.5833333333333334, 0.0, 0.0]","[0.03394767783937001, 0.0, 0.0]"
DiagReachK3,187,W2,RS,raw,shaped,development_DiagReachK3_s187_W2_RS,1,960,acceptance,8,8.66615188049618,8.66615188049618,0.0,1.0,0.0,"[5.617457270622253, 4.552721738815308, 9.156479597091675]","[0.0, 0.0, 0.0]","[0.0, 0.0, 0.0]"
DiagReachK3,187,W2,RS,raw,shaped,development_DiagReachK3_s187_W2_RS,2,1440,exploration,20,6.672931131714139,4.805672031634603,1.8672591000795364,0.2,0.5,"[5.186635898053646, 4.594826823472976, 8.634708964824677]","[0.25, 0.3, 0.15]","[0.06432526111602781, 0.06276852167569673, 0.008733360290527337]"
DiagReachK3,187,W2,RS,raw,shaped,development_DiagReachK3_s187_W2_RS,2,1440,selection,12,8.813003904690655,8.813003904690655,0.0,1.0,0.0,"[6.25666360060374, 4.845785299936931, 10.085850477218628]","[0.0, 0.0, 0.0]","[0.0, 0.0, 0.0]"
DiagReachK3,187,W2,RS,raw,shaped,development_DiagReachK3_s187_W2_RS,2,1440,acceptance,8,8.89116942922119,8.89116942922119,0.0,1.0,0.0,"[5.871764123439789, 5.119945228099823, 9.959165692329407]","[0.0, 0.0, 0.0]","[0.0, 0.0, 0.0]"
DiagReachK3,187,W2,RS,raw,shaped,development_DiagReachK3_s187_W2_RS,3,1920,exploration,20,6.535205791541375,5.67566497141961,0.8595408201217651,0.15,0.3,"[4.494231560826302, 4.309152391552925, 7.516686114668846]","[0.2, 0.15, 0.05]","[0.054041937419346396, 0.01906482989971454, 0.007181877136230463]"
DiagReachK3,187,W2,RS,raw,shaped,development_DiagReachK3_s187_W2_RS,3,1920,selection,12,9.299033063665654,9.126430554206793,0.17260250945885977,0.3333333333333333,0.6666666666666666,"[6.589036663373311, 6.096825202306111, 11.593278725941977]","[0.3333333333333333, 0.3333333333333333, 0.0]","[0.0196452084041777, 0.01125425558823806, 0.0]"
DiagReachK3,187,W2,RS,raw,shaped,development_DiagReachK3_s187_W2_RS,3,1920,acceptance,8,9.115474043833093,9.115474043833093,0.0,1.0,0.0,"[6.207599759101868, 5.8394306898117065, 10.977094173431396]","[0.0, 0.0, 0.0]","[0.0, 0.0, 0.0]"
DiagReachK3,187,W2,RS,raw,shaped,development_DiagReachK3_s187_W2_RS,4,2400,exploration,20,7.125486374394969,5.834200576441361,1.2912857979536057,0.25,0.5,"[5.223328393697739, 5.011449229717255, 8.75744765996933]","[0.3, 0.25, 0.2]","[0.08874959605080741, 0.018174002720759464, 0.01861936187744141]"
DiagReachK3,187,W2,RS,raw,shaped,development_DiagReachK3_s187_W2_RS,4,2400,selection,12,9.20232017772893,9.187619884187976,0.01470029354095459,0.8333333333333334,0.16666666666666666,"[6.2151520649592085, 5.785851081212361, 10.928434371948242]","[0.16666666666666666, 0.0, 0.0]","[0.0029400643848237484, 0.0, 0.0]"
DiagReachK3,187,W2,RS,raw,shaped,development_DiagReachK3_s187_W2_RS,4,2400,acceptance,8,9.119139791186898,9.119139791186898,0.0,1.0,0.0,"[6.1508400440216064, 5.68143093585968, 10.794214248657227]","[0.0, 0.0, 0.0]","[0.0, 0.0, 0.0]"
DiagReachK3,187,W2,RS,raw,shaped,development_DiagReachK3_s187_W2_RS,5,2880,exploration,20,6.5188653356092985,5.610283691312652,0.9085816442966461,0.1,0.4,"[4.655201953649521, 4.359432673454284, 7.644491255283356]","[0.2, 0.25, 0.2]","[0.051053973606654576, 0.027157897215623127, 0.01543756866455077]"
DiagReachK3,187,W2,RS,raw,shaped,development_DiagReachK3_s187_W2_RS,5,2880,selection,12,9.216756897792221,8.904930405442913,0.31182649234930676,0.4166666666666667,0.5833333333333334,"[6.539583047231038, 6.203375736872355, 11.655233224232992]","[0.25, 0.3333333333333333, 0.08333333333333333]","[0.00865051859901067, 0.028285130476340275, 0.00035376230875651854]"
DiagReachK3,187,W2,RS,raw,shaped,development_DiagReachK3_s187_W2_RS,5,2880,acceptance,8,9.146684848191217,9.146684848191217,0.0,1.0,0.0,"[6.0767035484313965, 5.734846830368042, 10.746959924697876]","[0.0, 0.0, 0.0]","[0.0, 0.0, 0.0]"
DiagReachK3,187,W2,RS,raw,shaped,development_DiagReachK3_s187_W2_RS,6,3360,exploration,20,6.717352115887917,3.256307163614548,3.461044952273369,0.15,0.45,"[4.493240593373775, 4.821450155973435, 8.112840381264686]","[0.3, 0.25, 0.2]","[0.07423004763466971, 0.09705568827115572, 0.05949577331542969]"
DiagReachK3,187,W2,RS,raw,shaped,development_DiagReachK3_s187_W2_RS,6,3360,selection,12,8.937741782539524,8.768182015690643,0.16955976684888205,0.6666666666666666,0.3333333333333333,"[6.232173999150594, 5.323882102966309, 10.501166621843973]","[0.3333333333333333, 0.0, 0.16666666666666666]","[0.02770372799464634, 0.0, 0.0027184041341145973]"
DiagReachK3,187,W2,RS,raw,shaped,development_DiagReachK3_s187_W2_RS,6,3360,acceptance,8,9.129526320146397,9.129526320146397,0.0,1.0,0.0,"[6.061309456825256, 5.736585855484009, 10.73622179031372]","[0.0, 0.0, 0.0]","[0.0, 0.0, 0.0]"
DiagReachK3,187,W2,RS,raw,shaped,development_DiagReachK3_s187_W2_RS,7,3840,exploration,20,6.997679265460467,6.39243112715194,0.6052481383085251,0.35,0.4,"[4.218092060089111, 4.865070903301239, 7.793250226974488]","[0.15, 0.25, 0.1]","[0.012329544339861198, 0.03227813427264874, 0.004657981872558592]"
DiagReachK3,187,W2,RS,raw,shaped,development_DiagReachK3_s187_W2_RS,7,3840,selection,12,9.260274375711258,9.224846070244288,0.03542830546696981,0.6666666666666666,0.3333333333333333,"[6.676633954048157, 5.978421012560527, 11.567808389663696]","[0.3333333333333333, 0.08333333333333333, 0.08333333333333333]","[0.006018899735950285, 0.00033634136884639715, 0.000730425516764314]"
DiagReachK3,187,W2,RS,raw,shaped,development_DiagReachK3_s187_W2_RS,7,3840,acceptance,8,9.138879192061722,9.138879192061722,0.0,1.0,0.0,"[6.094032049179077, 5.715830683708191, 10.758357524871826]","[0.0, 0.0, 0.0]","[0.0, 0.0, 0.0]"
DiagReachK3,187,W2,RS,raw,shaped,development_DiagReachK3_s187_W2_RS,8,4320,exploration,20,6.7382796260248865,4.743307084096595,1.9949725419282913,0.3,0.45,"[5.47247803658247, 4.3501109182834625, 8.416101670265197]","[0.3, 0.2, 0.15]","[0.07820621558598109, 0.046847768930288455, 0.019182750701904294]"
DiagReachK3,187,W2,RS,raw,shaped,development_DiagReachK3_s187_W2_RS,8,4320,selection,12,9.20175013144811,9.20175013144811,0.0,1.0,0.0,"[6.23734438419342, 5.717309315999349, 10.908291657765707]","[0.0, 0.0, 0.0]","[0.0, 0.0, 0.0]"
DiagReachK3,187,W2,RS,raw,shaped,development_DiagReachK3_s187_W2_RS,8,4320,acceptance,8,9.255311443191022,9.253242640476675,0.0020688027143478394,0.875,0.125,"[6.4585080742836, 5.987622916698456, 11.359023094177246]","[0.125, 0.0, 0.0]","[0.00041375841413224257, 0.0, 0.0]"
DiagReachK3,187,W2,RS,raw,shaped,development_DiagReachK3_s187_W2_RS,9,4800,exploration,20,6.277820626446046,5.891221935101785,0.38659869134426117,0.15,0.35,"[4.474638602137565, 4.2264776706695555, 7.268336924910545]","[0.25, 0.1, 0.05]","[0.01892763546534946, 0.01544517003572905, 0.000481941223144533]"
DiagReachK3,187,W2,RS,raw,shaped,development_DiagReachK3_s187_W2_RS,9,4800,selection,12,9.276941597585878,8.932822451119623,0.3441191464662552,0.3333333333333333,0.6666666666666666,"[6.9062618017196655, 6.244701464970906, 12.064459005991617]","[0.4166666666666667, 0.3333333333333333, 0.4166666666666667]","[0.038441953204927014, 0.0086511220687475, 0.01393635431925457]"
DiagReachK3,187,W2,RS,raw,shaped,development_DiagReachK3_s187_W2_RS,9,4800,acceptance,8,9.10006987247616,9.10006987247616,0.0,1.0,0.0,"[5.986939907073975, 5.740238308906555, 10.663008451461792]","[0.0, 0.0, 0.0]","[0.0, 0.0, 0.0]"
DiagReachK3,187,W2,RS,raw,shaped,development_DiagReachK3_s187_W2_RS,10,5280,exploration,20,7.215769611163415,5.173141464455403,2.0426281467080116,0.25,0.35,"[5.411705398559571, 5.018936830759048, 9.188164949417114]","[0.2, 0.25, 0.2]","[0.05998194558279855, 0.0717666956094595, 0.03601165771484375]"
DiagReachK3,187,W2,RS,raw,shaped,development_DiagReachK3_s187_W2_RS,10,5280,selection,12,9.000912707915996,8.858627852669452,0.14228485524654388,0.6666666666666666,0.3333333333333333,"[6.169772187868754, 5.515768090883891, 10.615828514099121]","[0.3333333333333333, 0.0, 0.08333333333333333]","[0.02754495825086321, 0.0, 0.00016481399536133479]"
DiagReachK3,187,W2,RS,raw,shaped,development_DiagReachK3_s187_W2_RS,10,5280,acceptance,8,9.173687264882028,9.173687264882028,0.0,1.0,0.0,"[6.072587966918945, 5.885896921157837, 10.900243759155273]","[0.0, 0.0, 0.0]","[0.0, 0.0, 0.0]"
DiagReachK3,187,W2,RS,raw,shaped,development_DiagReachK3_s187_W2_RS,11,5760,exploration,20,6.860744585190114,5.16541207293063,1.6953325122594833,0.3,0.4,"[4.966187991201878, 4.415451166033745, 7.946860110759735]","[0.2, 0.2, 0.1]","[0.05992405414581298, 0.05490927329430213, 0.00934796142578126]"
DiagReachK3,187,W2,RS,raw,shaped,development_DiagReachK3_s187_W2_RS,11,5760,selection,12,9.247022117006905,9.050015802014,0.19700631499290466,0.5,0.5,"[6.371277968088786, 6.246466199556987, 11.524721622467041]","[0.3333333333333333, 0.3333333333333333, 0.3333333333333333]","[0.02393490359896705, 0.003324258021819293, 0.010828196207682309]"
DiagReachK3,187,W2,RS,raw,shaped,development_DiagReachK3_s187_W2_RS,11,5760,acceptance,8,9.112487800978123,9.112487800978123,0.0,1.0,0.0,"[6.070468425750732, 5.659599304199219, 10.681269645690918]","[0.0, 0.0, 0.0]","[0.0, 0.0, 0.0]"
DiagReachK3,187,W2,RS,raw,shaped,development_DiagReachK3_s187_W2_RS,12,6240,exploration,20,7.1283661811449575,4.820523479471449,2.3078427016735077,0.25,0.4,"[4.761219170689583, 5.402012646198273, 8.81844084262848]","[0.25, 0.35, 0.15]","[0.050370308331080846, 0.08357173112722545, 0.042349784851074226]"
DiagReachK3,187,W2,RS,raw,shaped,development_DiagReachK3_s187_W2_RS,12,6240,selection,12,8.99011233232838,8.79973902088823,0.19037331144014993,0.6666666666666666,0.3333333333333333,"[6.406170686086019, 5.423696537812551, 10.793709993362427]","[0.3333333333333333, 0.3333333333333333, 0.3333333333333333]","[0.0115619670777094, 0.013034441532232821, 0.011342366536458351]"
DiagReachK3,187,W2,RS,raw,shaped,development_DiagReachK3_s187_W2_RS,12,6240,acceptance,8,9.13850424522534,9.13850424522534,0.0,1.0,0.0,"[6.112073183059692, 5.758426666259766, 10.810398817062378]","[0.0, 0.0, 0.0]","[0.0, 0.0, 0.0]"
DiagReachK3,187,W2,RS,raw,shaped,development_DiagReachK3_s187_W2_RS,13,6720,exploration,20,6.856235526249511,5.573353521273239,1.2828820049762726,0.15,0.45,"[4.724130529165268, 5.118963634967804, 8.741115820407867]","[0.2, 0.3, 0.1]","[0.033116269111633304, 0.05520327274615947, 0.012046657562255859]"
DiagReachK3,187,W2,RS,raw,shaped,development_DiagReachK3_s187_W2_RS,13,6720,selection,12,9.147307522470753,8.904587474837898,0.24272004763285318,0.5,0.5,"[6.943443735440572, 5.598764936129252, 11.475177844365438]","[0.5, 0.0, 0.0]","[0.040339327993847096, 0.0, 0.0]"
DiagReachK3,187,W2,RS,raw,shaped,development_DiagReachK3_s187_W2_RS,13,6720,acceptance,8,9.160411610221491,9.160411610221491,0.0,1.0,0.0,"[5.965397834777832, 5.775456666946411, 10.693518161773682]","[0.0, 0.0, 0.0]","[0.0, 0.0, 0.0]"
DiagReachK3,187,W2,RS,raw,shaped,development_DiagReachK3_s187_W2_RS,14,7200,exploration,20,7.277376062660478,4.647559634833597,2.6298164278268814,0.15,0.5,"[5.617012760043144, 5.177446316182613, 9.488394320011139]","[0.3, 0.3, 0.25]","[0.10494634083339147, 0.0555104292356051, 0.03752069091796876]"
DiagReachK3,187,W2,RS,raw,shaped,development_DiagReachK3_s187_W2_RS,14,7200,selection,12,9.18598975193454,9.069258848348788,0.11673090358575185,0.6666666666666666,0.3333333333333333,"[6.279780467351277, 5.876316467920939, 11.076696634292603]","[0.3333333333333333, 0.0, 0.08333333333333333]","[0.02242111592065719, 0.0, 0.000591284434000657]"
DiagReachK3,187,W2,RS,raw,shaped,development_DiagReachK3_s187_W2_RS,14,7200,acceptance,8,9.198266009590588,9.198266009590588,0.0,1.0,0.0,"[5.544997990131378, 5.817529559135437, 10.283811330795288]","[0.0, 0.0, 0.0]","[0.0, 0.0, 0.0]"
DiagReachK3,187,W2,RS,raw,shaped,development_DiagReachK3_s187_W2_RS,15,7680,exploration,20,6.89981350765098,5.815560032580979,1.0842534750699997,0.2,0.35,"[4.141065117716789, 5.317968642711639, 8.24813871383667]","[0.1, 0.3, 0.1]","[0.012898697171892437, 0.05406139080341046, 0.012850070953369142]"
DiagReachK3,187,W2,RS,raw,shaped,development_DiagReachK3_s187_W2_RS,15,7680,selection,12,9.017440446464267,9.017440446464267,0.0,1.0,0.0,"[5.492920835812886, 5.464657823244731, 9.868232250213623]","[0.0, 0.0, 0.0]","[0.0, 0.0, 0.0]"
DiagReachK3,187,W2,RS,raw,shaped,development_DiagReachK3_s187_W2_RS,15,7680,acceptance,8,9.230996318638791,9.230996318638791,0.0,1.0,0.0,"[5.770144522190094, 6.045968115329742, 10.712456107139587]","[0.0, 0.0, 0.0]","[0.0, 0.0, 0.0]"
DiagReachK3,187,W2,RS,raw,shaped,development_DiagReachK3_s187_W2_RS,16,8160,exploration,20,7.333162693756167,5.0214175269776025,2.3117451667785645,0.15,0.5,"[5.5915987834334375, 4.880204552412033, 9.23045482635498]","[0.25, 0.35, 0.2]","[0.07138423238481793, 0.055066471833449135, 0.03137093734741211]"
DiagReachK3,187,W2,RS,raw,shaped,development_DiagReachK3_s187_W2_RS,16,8160,selection,12,9.016700443745746,8.887631155174072,0.12906928857167563,0.6666666666666666,0.3333333333333333,"[6.294053276379903, 5.4013212124506635, 10.617117245992025]","[0.3333333333333333, 0.0, 0.25]","[0.021180113156636537, 0.0, 0.0037456766764322933]"
DiagReachK3,187,W2,RS,raw,shaped,development_DiagReachK3_s187_W2_RS,16,8160,acceptance,8,9.29785129497759,9.29785129497759,0.0,1.0,0.0,"[6.292980432510376, 6.048418641090393, 11.249446630477905]","[0.0, 0.0, 0.0]","[0.0, 0.0, 0.0]"
DiagReachK3,187,W2,RS,raw,shaped,development_DiagReachK3_s187_W2_RS,17,8640,exploration,20,7.446719150040299,3.7451882315613325,3.7015309184789658,0.2,0.45,"[5.281114560365677, 5.455307900905609, 9.40109679698944]","[0.3, 0.25, 0.3]","[0.08568006583622524, 0.09025920354402982, 0.0574705810546875]"
DiagReachK3,187,W2,RS,raw,shaped,development_DiagReachK3_s187_W2_RS,17,8640,selection,12,9.067460756444296,9.067460756444296,0.0,1.0,0.0,"[5.906854867935181, 5.423755208651225, 10.24534293015798]","[0.0, 0.0, 0.0]","[0.0, 0.0, 0.0]"
DiagReachK3,187,W2,RS,raw,shaped,development_DiagReachK3_s187_W2_RS,17,8640,acceptance,8,9.422410428541479,9.422410428541479,0.0,1.0,0.0,"[6.51645427942276, 6.270901381969452, 11.6510089635849]","[0.0, 0.0, 0.0]","[0.0, 0.0, 0.0]"
DiagReachK3,187,W2,RS,raw,shaped,development_DiagReachK3_s187_W2_RS,18,9120,exploration,20,6.986094709398456,5.303356092335888,1.6827386170625687,0.25,0.25,"[4.521841686964035, 4.920912571251392, 8.300366413593292]","[0.05, 0.25, 0.05]","[0.031358582632882256, 0.04252258814298189, 0.02541205596923828]"
DiagReachK3,187,W2,RS,raw,shaped,development_DiagReachK3_s187_W2_RS,18,9120,selection,12,9.237883484562918,8.35822929561206,0.8796541889508566,0.6666666666666666,0.3333333333333333,"[6.445160746574402, 6.191330671310425, 11.502608935038248]","[0.3333333333333333, 0.3333333333333333, 0.3333333333333333]","[0.03496666749318441, 0.03962540626525879, 0.03722157160441083]"
DiagReachK3,187,W2,RS,raw,shaped,development_DiagReachK3_s187_W2_RS,18,9120,acceptance,8,9.509816949430387,9.509816949430387,0.0,1.0,0.0,"[6.434981465339661, 6.310295820236206, 11.591315269470215]","[0.0, 0.0, 0.0]","[0.0, 0.0, 0.0]"
DiagReachK3,187,W2,RS,raw,shaped,development_DiagReachK3_s187_W2_RS,19,9600,exploration,20,7.7666284308873585,5.376885929807323,2.389742501080036,0.55,0.4,"[5.777640068531037, 5.448992729187012, 9.903245043754577]","[0.25, 0.3, 0.15]","[0.04544968264443535, 0.08029390481802134, 0.045594451904296875]"
DiagReachK3,187,W2,RS,raw,shaped,development_DiagReachK3_s187_W2_RS,19,9600,selection,12,9.171900393396694,9.123663993507702,0.04823639988899231,0.6666666666666666,0.3333333333333333,"[6.4526586929957075, 5.499627470970154, 10.84986678759257]","[0.3333333333333333, 0.0, 0.0]","[0.009647278558640246, 0.0, 0.0]"
DiagReachK3,187,W2,RS,raw,shaped,development_DiagReachK3_s187_W2_RS,19,9600,acceptance,8,9.54776108158985,9.5298455644981,0.0179155170917511,0.5,0.5,"[6.675135016441345, 6.408280372619629, 11.94172716140747]","[0.0, 0.5, 0.0]","[0.0, 0.0035831011258638523, 0.0]"
DiagReachK3,187,W2,RS,raw,shaped,development_DiagReachK3_s187_W2_RS,20,10080,exploration,20,7.6567342548456505,6.527903151401551,1.1288311034440994,0.35,0.4,"[5.711526870727539, 4.894151994585991, 9.349121975898743]","[0.15, 0.25, 0.1]","[0.05969781875610351, 0.018176827063927294, 0.010348800659179692]"
DiagReachK3,187,W2,RS,raw,shaped,development_DiagReachK3_s187_W2_RS,20,10080,selection,12,9.321890040781971,9.320479447192824,0.001410593589146932,0.9166666666666666,0.08333333333333333,"[6.0007123947143555, 6.1171122789382935, 10.952852408091227]","[0.0, 0.08333333333333333, 0.0]","[0.0, 0.000282116425343056, 0.0]"
DiagReachK3,187,W2,RS,raw,shaped,development_DiagReachK3_s187_W2_RS,20,10080,acceptance,8,9.517490211914993,9.517490211914993,0.0,1.0,0.0,"[6.7109121680259705, 6.204085052013397, 11.76394009590149]","[0.0, 0.0, 0.0]","[0.0, 0.0, 0.0]"
DiagReachK3,187,W2,RS,raw,shaped,development_DiagReachK3_s187_W2_RS,21,10560,exploration,20,7.761233762688936,5.787997522242367,1.9732362404465675,0.25,0.55,"[5.809698855876922, 5.680206549167633, 10.172461771965027]","[0.35, 0.35, 0.2]","[0.04312628677913122, 0.057311446850116445, 0.028082004547119142]"
DiagReachK3,187,W2,RS,raw,shaped,development_DiagReachK3_s187_W2_RS,21,10560,selection,12,9.382920407490262,8.435257368521222,0.9476630389690399,0.5833333333333334,0.4166666666666667,"[6.803631703058879, 6.004067063331604, 11.705050547917685]","[0.3333333333333333, 0.4166666666666667, 0.3333333333333333]","[0.04454381692977177, 0.03247899886889335, 0.03909509658813476]"
DiagReachK3,187,W2,RS,raw,shaped,development_DiagReachK3_s187_W2_RS,21,10560,acceptance,8,9.196222167785162,9.195334058578009,0.0008881092071533203,0.875,0.125,"[6.101056694984436, 5.391262710094452, 10.400832653045654]","[0.0, 0.125, 0.0]","[0.0, 0.00017762184143066406, 0.0]"
DiagReachK3,187,W2,RS,raw,shaped,development_DiagReachK3_s187_W2_RS,22,11040,exploration,20,7.149023619671352,5.41582286097575,1.7332007586956024,0.25,0.4,"[5.26006965637207, 4.728715974092483, 8.765747225284576]","[0.25, 0.2, 0.1]","[0.07270998954772948, 0.028631811875563407, 0.01808377838134766]"
DiagReachK3,187,W2,RS,raw,shaped,development_DiagReachK3_s187_W2_RS,22,11040,selection,12,8.720557323217994,8.71216777078371,0.008389552434285482,0.9166666666666666,0.08333333333333333,"[5.530650238196055, 4.8350175221761065, 9.303979992866516]","[0.08333333333333333, 0.0, 0.0]","[0.0016779104868570964, 0.0, 0.0]"
DiagReachK3,187,W2,RS,raw,shaped,development_DiagReachK3_s187_W2_RS,22,11040,acceptance,8,8.765315810061292,8.765315810061292,0.0,1.0,0.0,"[5.715352177619934, 4.406240463256836, 9.078280925750732]","[0.0, 0.0, 0.0]","[0.0, 0.0, 0.0]"
DiagReachK3,187,W2,RS,raw,shaped,development_DiagReachK3_s187_W2_RS,23,11520,exploration,20,7.5859639275271915,6.236574180742028,1.3493897467851639,0.35,0.3,"[6.138449704647064, 4.3762334287166595, 9.271714782714843]","[0.3, 0.05, 0.15]","[0.06481847763061524, 0.01063963449918307, 0.013181735992431642]"
DiagReachK3,187,W2,RS,raw,shaped,development_DiagReachK3_s187_W2_RS,23,11520,selection,12,8.53209269354314,8.53209269354314,0.0,1.0,0.0,"[5.282115717728932, 4.387178341547648, 8.619994560877482]","[0.0, 0.0, 0.0]","[0.0, 0.0, 0.0]"
DiagReachK3,187,W2,RS,raw,shaped,development_DiagReachK3_s187_W2_RS,23,11520,acceptance,8,8.965118191350484,8.965118191350484,0.0,1.0,0.0,"[5.821274280548096, 4.630087494850159, 9.400099873542786]","[0.0, 0.0, 0.0]","[0.0, 0.0, 0.0]"
DiagReachK3,187,W2,RS,raw,shaped,development_DiagReachK3_s187_W2_RS,24,12000,exploration,20,7.317885355059988,6.7991930404352035,0.5186923146247864,0.2,0.4,"[5.481541907787323, 4.542682105302811, 8.731961631774903]","[0.25, 0.15, 0.0]","[0.027609954561506, 0.014560956221360433, 0.0]"
DiagReachK3,187,W2,RS,raw,shaped,development_DiagReachK3_s187_W2_RS,24,12000,selection,12,9.052678705962412,9.052678705962412,0.0,1.0,0.0,"[6.1152563492457075, 5.005582690238953, 10.009684642155966]","[0.0, 0.0, 0.0]","[0.0, 0.0, 0.0]"
DiagReachK3,187,W2,RS,raw,shaped,development_DiagReachK3_s187_W2_RS,24,12000,acceptance,8,9.181200399441877,9.181200399441877,0.0,1.0,0.0,"[6.327347040176392, 5.1114919781684875, 10.3333238363266]","[0.0, 0.0, 0.0]","[0.0, 0.0, 0.0]"
DiagReachK3,187,W2,SR,shaped,raw,development_DiagReachK3_s187_W2_SR,0,480,exploration,20,6.7650091622537,5.203994085318408,1.5610150769352913,0.1,0.45,"[4.237565392255783, 5.660638844966888, 8.544022274017333]","[0.15, 0.3, 0.15]","[0.02293247835976736, 0.08446271969721868, 0.020750148773193356]"
DiagReachK3,187,W2,SR,shaped,raw,development_DiagReachK3_s187_W2_SR,0,480,selection,12,8.405712247686461,8.405712247686461,0.0,1.0,0.0,"[5.93476680914561, 4.106037437915802, 9.038187821706137]","[0.0, 0.0, 0.0]","[0.0, 0.0, 0.0]"
DiagReachK3,187,W2,SR,shaped,raw,development_DiagReachK3_s187_W2_SR,0,480,acceptance,8,8.591416535875759,8.591416535875759,0.0,1.0,0.0,"[5.744553208351135, 4.504747748374939, 9.244760513305664]","[0.0, 0.0, 0.0]","[0.0, 0.0, 0.0]"
DiagReachK3,187,W2,SR,shaped,raw,development_DiagReachK3_s187_W2_SR,1,960,exploration,20,6.361914745119866,4.793485066441353,1.5684296786785126,0.1,0.45,"[4.699011550843716, 3.7219346508383753, 7.032728397846222]","[0.3, 0.15, 0.15]","[0.07202242783137731, 0.03232678266671988, 0.01568001556396483]"
DiagReachK3,187,W2,SR,shaped,raw,development_DiagReachK3_s187_W2_SR,1,960,selection,12,8.331139820003107,8.31683569866776,0.014304121335347494,0.75,0.25,"[5.940794785817464, 3.980883161226908, 8.93355425198873]","[0.25, 0.0, 0.0]","[0.002860818590436668, 0.0, 0.0]"
DiagReachK3,187,W2,SR,shaped,raw,development_DiagReachK3_s187_W2_SR,1,960,acceptance,8,8.66615188049618,8.66615188049618,0.0,1.0,0.0,"[5.617457270622253, 4.552721738815308, 9.156479597091675]","[0.0, 0.0, 0.0]","[0.0, 0.0, 0.0]"
DiagReachK3,187,W2,SR,shaped,raw,development_DiagReachK3_s187_W2_SR,2,1440,exploration,20,6.672931131714139,4.805672031634603,1.8672591000795364,0.2,0.5,"[5.186635898053646, 4.594826823472976, 8.634708964824677]","[0.25, 0.3, 0.15]","[0.06432526111602781, 0.06276852167569673, 0.008733360290527337]"
DiagReachK3,187,W2,SR,shaped,raw,development_DiagReachK3_s187_W2_SR,2,1440,selection,12,8.903846574163374,8.903846574163374,0.0,1.0,0.0,"[5.868279139200847, 4.980381766955058, 9.833672285079956]","[0.0, 0.0, 0.0]","[0.0, 0.0, 0.0]"
DiagReachK3,187,W2,SR,shaped,raw,development_DiagReachK3_s187_W2_SR,2,1440,acceptance,8,8.89116942922119,8.89116942922119,0.0,1.0,0.0,"[5.871764123439789, 5.119945228099823, 9.959165692329407]","[0.0, 0.0, 0.0]","[0.0, 0.0, 0.0]"
DiagReachK3,187,W2,SR,shaped,raw,development_DiagReachK3_s187_W2_SR,3,1920,exploration,20,6.535205791541375,5.67566497141961,0.8595408201217651,0.15,0.3,"[4.494231560826302, 4.309152391552925, 7.516686114668846]","[0.2, 0.15, 0.05]","[0.054041937419346396, 0.01906482989971454, 0.007181877136230463]"
DiagReachK3,187,W2,SR,shaped,raw,development_DiagReachK3_s187_W2_SR,3,1920,selection,12,9.343427863212613,9.269051424157807,0.07437643905480702,0.6666666666666666,0.3333333333333333,"[6.157166679700215, 6.233656088511149, 11.297772804896036]","[0.0, 0.3333333333333333, 0.0]","[0.0, 0.01125425558823806, 0.0]"
DiagReachK3,187,W2,SR,shaped,raw,development_DiagReachK3_s187_W2_SR,3,1920,acceptance,8,9.224526508711278,9.224526508711278,0.0,1.0,0.0,"[6.182754814624786, 6.072169542312622, 11.167667984962463]","[0.0, 0.0, 0.0]","[0.0, 0.0, 0.0]"
DiagReachK3,187,W2,SR,shaped,raw,development_DiagReachK3_s187_W2_SR,4,2400,exploration,20,7.358990215801168,6.284328916214871,1.074661299586296,0.15,0.55,"[5.235738927125931, 5.374787425994873, 9.198986077308655]","[0.3, 0.3, 0.15]","[0.06941898209708078, 0.026832771301269532, 0.017102542877197268]"
DiagReachK3,187,W2,SR,shaped,raw,development_DiagReachK3_s187_W2_SR,4,2400,selection,12,9.352463659648008,9.163390176498796,0.1890734831492106,0.6666666666666666,0.3333333333333333,"[5.7708150545756025, 6.214399377504985, 10.888869047164917]","[0.0, 0.3333333333333333, 0.0]","[0.0, 0.02181002421256824, 0.0]"
DiagReachK3,187,W2,SR,shaped,raw,development_DiagReachK3_s187_W2_SR,4,2400,acceptance,8,9.336973585141822,9.336973585141822,0.0,1.0,0.0,"[6.098306894302368, 6.178097724914551, 11.198296308517456]","[0.0, 0.0, 0.0]","[0.0, 0.0, 0.0]"
DiagReachK3,187,W2,SR,shaped,raw,development_DiagReachK3_s187_W2_SR,5,2880,exploration,20,6.781620326340199,5.937585669457913,0.8440346568822861,0.15,0.4,"[4.749249130487442, 4.727224186062813, 8.12085577249527]","[0.2, 0.25, 0.15]","[0.041917630604335246, 0.0336612481337327, 0.011240409851074218]"
DiagReachK3,187,W2,SR,shaped,raw,development_DiagReachK3_s187_W2_SR,5,2880,selection,12,9.376947854172128,8.788241792928117,0.5887060612440109,0.6666666666666666,0.3333333333333333,"[6.3048166036605835, 6.486058235168457, 11.670643965403238]","[0.0, 0.3333333333333333, 0.0]","[0.0, 0.038452796446971416, 0.0]"
DiagReachK3,187,W2,SR,shaped,raw,development_DiagReachK3_s187_W2_SR,5,2880,acceptance,8,9.364060417516157,9.364060417516157,0.0,1.0,0.0,"[6.06608247756958, 6.219559550285339, 11.182602405548096]","[0.0, 0.0, 0.0]","[0.0, 0.0, 0.0]"
DiagReachK3,187,W2,SR,shaped,raw,development_DiagReachK3_s187_W2_SR,6,3360,exploration,20,7.102040651327696,3.7352052136126437,3.3668354377150536,0.25,0.4,"[4.556197911500931, 5.206693112850189, 8.563115194439888]","[0.25, 0.25, 0.2]","[0.06114289419991631, 0.09887795815101036, 0.05488531112670898]"
DiagReachK3,187,W2,SR,shaped,raw,development_DiagReachK3_s187_W2_SR,6,3360,selection,12,8.94336945093916,8.94336945093916,0.0,1.0,0.0,"[5.573511203130086, 5.209124485651652, 9.747462431589762]","[0.0, 0.0, 0.0]","[0.0, 0.0, 0.0]"
DiagReachK3,187,W2,SR,shaped,raw,development_DiagReachK3_s187_W2_SR,6,3360,acceptance,8,9.319040563493036,9.319040563493036,0.0,1.0,0.0,"[6.031312465667725, 6.213823914527893, 11.14383578300476]","[0.0, 0.0, 0.0]","[0.0, 0.0, 0.0]"
DiagReachK3,187,W2,SR,shaped,raw,development_DiagReachK3_s187_W2_SR,7,3840,exploration,20,7.239662926985185,6.569169130517404,0.6704937964677811,0.35,0.35,"[4.384219735860825, 5.216730380058289, 8.317848575115203]","[0.1, 0.3, 0.1]","[0.003696611949375694, 0.03924040060776931, 0.002990634918212898]"
DiagReachK3,187,W2,SR,shaped,raw,development_DiagReachK3_s187_W2_SR,7,3840,selection,12,9.249678163661153,9.240527310901475,0.009150852759679159,0.8333333333333334,0.16666666666666666,"[6.028869390487671, 5.80403486887614, 10.739731152852377]","[0.16666666666666666, 0.0, 0.0]","[0.0018301691327776333, 0.0, 0.0]"
DiagReachK3,187,W2,SR,shaped,raw,development_DiagReachK3_s187_W2_SR,7,3840,acceptance,8,9.352715429151433,9.352715429151433,0.0,1.0,0.0,"[6.071561098098755, 6.203249216079712, 11.1837637424469]","[0.0, 0.0, 0.0]","[0.0, 0.0, 0.0]"
DiagReachK3,187,W2,SR,shaped,raw,development_DiagReachK3_s187_W2_SR,8,4320,exploration,20,7.64953269265592,5.003667118176817,2.645865574479103,0.2,0.55,"[5.43653062582016, 5.785392343997955, 9.982467925548553]","[0.25, 0.4, 0.15]","[0.08702308791024344, 0.06146284616910493, 0.037386688232421875]"
DiagReachK3,187,W2,SR,shaped,raw,development_DiagReachK3_s187_W2_SR,8,4320,selection,12,8.726934282014069,8.726934282014069,0.0,1.0,0.0,"[5.016584058602651, 5.3824648062388105, 9.344457507133484]","[0.0, 0.0, 0.0]","[0.0, 0.0, 0.0]"
DiagReachK3,187,W2,SR,shaped,raw,development_DiagReachK3_s187_W2_SR,8,4320,acceptance,8,9.406328139081598,9.406328139081598,0.0,1.0,0.0,"[6.0195653438568115, 6.273086190223694, 11.20327615737915]","[0.0, 0.0, 0.0]","[0.0, 0.0, 0.0]"
DiagReachK3,187,W2,SR,shaped,raw,development_DiagReachK3_s187_W2_SR,9,4800,exploration,20,6.756371708484366,6.101911099525169,0.654460608959198,0.35,0.3,"[4.575286114215851, 4.197985142469406, 7.614172005653382]","[0.15, 0.2, 0.05]","[0.028226593562534874, 0.022182075793926538, 0.011235809326171875]"
DiagReachK3,187,W2,SR,shaped,raw,development_DiagReachK3_s187_W2_SR,9,4800,selection,12,9.382428618318713,9.380349161274111,0.0020794570446014404,0.9166666666666666,0.08333333333333333,"[6.189941803614299, 6.251298268636067, 11.354849576950073]","[0.08333333333333333, 0.0, 0.0]","[0.00041588715144565597, 0.0, 0.0]"
DiagReachK3,187,W2,SR,shaped,raw,development_DiagReachK3_s187_W2_SR,9,4800,acceptance,8,9.351535169163254,9.351535169163254,0.0,1.0,0.0,"[5.7871949672698975, 6.287067353725433, 10.998358011245728]","[0.0, 0.0, 0.0]","[0.0, 0.0, 0.0]"
DiagReachK3,187,W2,SR,shaped,raw,development_DiagReachK3_s187_W2_SR,10,5280,exploration,20,7.433068549179007,5.491059681319166,1.9420088678598404,0.25,0.35,"[5.34123587012291, 5.334785795211792, 9.475581967830658]","[0.2, 0.25, 0.2]","[0.04820038250514439, 0.0760027188521165, 0.031927177429199205]"
DiagReachK3,187,W2,SR,shaped,raw,development_DiagReachK3_s187_W2_SR,10,5280,selection,12,9.046916519322743,9.046916519322743,0.0,1.0,0.0,"[5.205862323443095, 5.689977725346883, 9.853299061457315]","[0.0, 0.0, 0.0]","[0.0, 0.0, 0.0]"
DiagReachK3,187,W2,SR,shaped,raw,development_DiagReachK3_s187_W2_SR,10,5280,acceptance,8,9.452599855954759,9.406323331291787,0.0462765246629715,0.5,0.5,"[5.6331000328063965, 6.482579469680786, 11.070918798446655]","[0.0, 0.5, 0.0]","[0.0, 0.008680196908804116, 0.0]"
DiagReachK3,187,W2,SR,shaped,raw,development_DiagReachK3_s187_W2_SR,11,5760,exploration,20,7.018761329617119,6.528626911606406,0.49013441801071167,0.2,0.3,"[3.905813840031624, 5.389507430791855, 7.971834433078766]","[0.05, 0.25, 0.05]","[0.0036260945456368598, 0.0273082659794734, 0.0034881210327148415]"
DiagReachK3,187,W2,SR,shaped,raw,development_DiagReachK3_s187_W2_SR,11,5760,selection,12,9.244926894751066,9.05109584336169,0.1938310513893763,0.6666666666666666,0.3333333333333333,"[6.472325245539348, 6.085722247759501, 11.523143847783407]","[0.3333333333333333, 0.0, 0.16666666666666666]","[0.03325502645401729, 0.0, 0.0010124778747558534]"
DiagReachK3,187,W2,SR,shaped,raw,development_DiagReachK3_s187_W2_SR,11,5760,acceptance,8,9.398819732642734,9.398819732642734,0.0,1.0,0.0,"[5.664033055305481, 6.284318447113037, 10.912362098693848]","[0.0, 0.0, 0.0]","[0.0, 0.0, 0.0]"
DiagReachK3,187,W2,SR,shaped,raw,development_DiagReachK3_s187_W2_SR,12,6240,exploration,20,7.267924755805869,5.253517568105599,2.0144071877002716,0.25,0.35,"[5.2028489232063295, 4.7451184570789335, 8.799005806446075]","[0.2, 0.2, 0.15]","[0.05314928122929165, 0.05253762098459097, 0.029129554748535146]"
DiagReachK3,187,W2,SR,shaped,raw,development_DiagReachK3_s187_W2_SR,12,6240,selection,12,8.957057777639662,8.957057777639662,0.0,1.0,0.0,"[5.125355084737142, 5.53923233350118, 9.66405693689982]","[0.0, 0.0, 0.0]","[0.0, 0.0, 0.0]"
DiagReachK3,187,W2,SR,shaped,raw,development_DiagReachK3_s187_W2_SR,12,6240,acceptance,8,9.418998917192223,9.418998917192223,0.0,1.0,0.0,"[5.681348562240601, 6.369877099990845, 11.010101318359375]","[0.0, 0.0, 0.0]","[0.0, 0.0, 0.0]"
DiagReachK3,187,W2,SR,shaped,raw,development_DiagReachK3_s187_W2_SR,13,6720,exploration,20,7.170947275273503,5.64086802970618,1.5300792455673218,0.15,0.4,"[5.464484167098999, 5.151733887195587, 9.430077314376831]","[0.3, 0.1, 0.2]","[0.07954302855900355, 0.025329344089214622, 0.011269920349121087]"
DiagReachK3,187,W2,SR,shaped,raw,development_DiagReachK3_s187_W2_SR,13,6720,selection,12,9.116074097558158,9.090653809313276,0.02542028824488322,0.6666666666666666,0.3333333333333333,"[4.991476893424988, 6.12417737642924, 10.086677074432373]","[0.0, 0.3333333333333333, 0.0]","[0.0, 0.005084068347246211, 0.0]"
DiagReachK3,187,W2,SR,shaped,raw,development_DiagReachK3_s187_W2_SR,13,6720,acceptance,8,9.437216884666121,9.434223390393889,0.0029934942722320557,0.75,0.25,"[5.5627201795578, 6.391732335090637, 10.920760154724121]","[0.0, 0.25, 0.0]","[0.0, 0.0005987057319054023, 0.0]"
DiagReachK3,187,W2,SR,shaped,raw,development_DiagReachK3_s187_W2_SR,14,7200,exploration,20,6.884645941361088,5.976984816297191,0.9076611250638962,0.25,0.35,"[5.255789417028427, 4.19020888209343, 8.215959137678146]","[0.25, 0.15, 0.1]","[0.0586179256439209, 0.019661569595336915, 0.020482372283935547]"
DiagReachK3,187,W2,SR,shaped,raw,development_DiagReachK3_s187_W2_SR,14,7200,selection,12,9.334934939048253,8.971655010284545,0.36327992876370746,0.5833333333333334,0.4166666666666667,"[5.458271821339925, 6.359288851420085, 10.734586318333944]","[0.0, 0.4166666666666667, 0.0]","[0.0, 0.027963558832804363, 0.0]"
DiagReachK3,187,W2,SR,shaped,raw,development_DiagReachK3_s187_W2_SR,14,7200,acceptance,8,9.338572038456913,9.338572038456913,0.0,1.0,0.0,"[5.5909921526908875, 6.010499179363251, 10.577371001243591]","[0.0, 0.0, 0.0]","[0.0, 0.0, 0.0]"
DiagReachK3,187,W2,SR,shaped,raw,development_DiagReachK3_s187_W2_SR,15,7680,exploration,20,7.051719795211976,6.724923054918472,0.3267967402935028,0.45,0.2,"[4.975345265865326, 3.911215117573738, 7.717172920703888]","[0.15, 0.05, 0.1]","[0.021276027815682552, 0.008542181895329404, 0.0029902839660644553]"
DiagReachK3,187,W2,SR,shaped,raw,development_DiagReachK3_s187_W2_SR,15,7680,selection,12,9.523070486122743,8.46490669422783,1.0581637918949127,0.25,0.75,"[5.689082662264506, 7.013023376464844, 11.632676680882772]","[0.0, 0.75, 0.0]","[0.0, 0.08525329369765061, 0.0]"
DiagReachK3,187,W2,SR,shaped,raw,development_DiagReachK3_s187_W2_SR,15,7680,acceptance,8,9.396593967801891,9.345843145973049,0.05075082182884216,0.5,0.5,"[5.734992146492004, 6.439526677131653, 11.129719972610474]","[0.0, 0.5, 0.0]","[0.0, 0.009126314750084519, 0.0]"
DiagReachK3,187,W2,SR,shaped,raw,development_DiagReachK3_s187_W2_SR,16,8160,exploration,20,7.170804417701437,5.400441779764369,1.770362637937069,0.25,0.4,"[4.764465820789337, 5.477120649814606, 9.10457365512848]","[0.2, 0.3, 0.15]","[0.015344786643981922, 0.07684782468355619, 0.02286056137084961]"
DiagReachK3,187,W2,SR,shaped,raw,development_DiagReachK3_s187_W2_SR,16,8160,selection,12,8.995645478746154,8.995645478746154,0.0,1.0,0.0,"[5.399834831555684, 5.415143966674805, 9.804116090138754]","[0.0, 0.0, 0.0]","[0.0, 0.0, 0.0]"
DiagReachK3,187,W2,SR,shaped,raw,development_DiagReachK3_s187_W2_SR,16,8160,acceptance,8,9.417672664229759,9.417672664229759,0.0,1.0,0.0,"[5.728722929954529, 6.307817339897156, 11.001160144805908]","[0.0, 0.0, 0.0]","[0.0, 0.0, 0.0]"
DiagReachK3,187,W2,SR,shaped,raw,development_DiagReachK3_s187_W2_SR,17,8640,exploration,20,7.240052665491239,4.287852498610155,2.9522001668810844,0.3,0.35,"[5.542221164703369, 4.766558639705181, 8.97296404838562]","[0.2, 0.25, 0.1]","[0.06509045873369489, 0.08359918227562538, 0.03946656036376953]"
DiagReachK3,187,W2,SR,shaped,raw,development_DiagReachK3_s187_W2_SR,17,8640,selection,12,8.925723486931323,8.925723486931323,0.0,1.0,0.0,"[5.1357576449712115, 5.407659530639648, 9.525529146194458]","[0.0, 0.0, 0.0]","[0.0, 0.0, 0.0]"
DiagReachK3,187,W2,SR,shaped,raw,development_DiagReachK3_s187_W2_SR,17,8640,acceptance,8,9.419816417060794,9.419816417060794,0.0,1.0,0.0,"[5.8024338483810425, 6.436829090118408, 11.18200159072876]","[0.0, 0.0, 0.0]","[0.0, 0.0, 0.0]"
DiagReachK3,187,W2,SR,shaped,raw,development_DiagReachK3_s187_W2_SR,18,9120,exploration,20,7.4218530533090235,6.257692563273013,1.1641604900360107,0.3,0.4,"[5.153809118270874, 5.268319594860077, 9.120805788040162]","[0.25, 0.25, 0.2]","[0.029121191161019466, 0.04850395275996281, 0.01753520584106445]"
DiagReachK3,187,W2,SR,shaped,raw,development_DiagReachK3_s187_W2_SR,18,9120,selection,12,9.12690170359953,9.125357396923937,0.0015443066755930583,0.9166666666666666,0.08333333333333333,"[6.235129912694295, 5.6672645807266235, 10.870311737060547]","[0.08333333333333333, 0.0, 0.0]","[0.00030886559259324375, 0.0, 0.0]"
DiagReachK3,187,W2,SR,shaped,raw,development_DiagReachK3_s187_W2_SR,18,9120,acceptance,8,9.371041402849368,9.371041402849368,0.0,1.0,0.0,"[5.6152743101119995, 6.357599496841431, 10.926035642623901]","[0.0, 0.0, 0.0]","[0.0, 0.0, 0.0]"
DiagReachK3,187,W2,SR,shaped,raw,development_DiagReachK3_s187_W2_SR,19,9600,exploration,20,6.96382102124393,5.93138912819326,1.0324318930506706,0.35,0.25,"[4.562726378440857, 4.607046982645988, 7.940263080596924]","[0.1, 0.15, 0.05]","[0.014981702395847863, 0.04882740607628455, 0.004187530517578119]"
DiagReachK3,187,W2,SR,shaped,raw,development_DiagReachK3_s187_W2_SR,19,9600,selection,12,9.228965246956795,9.072805001617718,0.15616024533907572,0.4166666666666667,0.5833333333333334,"[6.3175225257873535, 6.059833645820618, 11.35028076171875]","[0.16666666666666666, 0.4166666666666667, 0.0]","[0.003132723626636321, 0.021322323725773733, 0.0]"
DiagReachK3,187,W2,SR,shaped,raw,development_DiagReachK3_s187_W2_SR,19,9600,acceptance,8,9.408674287213943,9.34053567291703,0.06813861429691315,0.5,0.5,"[5.847549676895142, 6.480643391609192, 11.271059513092041]","[0.0, 0.5, 0.0]","[0.0, 0.01112006260798526, 0.0]"
DiagReachK3,187,W2,SR,shaped,raw,development_DiagReachK3_s187_W2_SR,20,10080,exploration,20,6.915573742843698,4.670914214707445,2.2446595281362534,0.25,0.25,"[4.488733257353306, 4.888044655323029, 8.284014880657196]","[0.2, 0.15, 0.25]","[0.08012264456067766, 0.025744819641113283, 0.0506687126159668]"
DiagReachK3,187,W2,SR,shaped,raw,development_DiagReachK3_s187_W2_SR,20,10080,selection,12,8.863641548655869,8.84676722536727,0.01687432328859965,0.75,0.25,"[4.590073724587758, 6.1328920523325605, 9.67877201239268]","[0.0, 0.25, 0.0]","[0.0, 0.003374863893557826, 0.0]"
DiagReachK3,187,W2,SR,shaped,raw,development_DiagReachK3_s187_W2_SR,20,10080,acceptance,8,8.7125804386058,8.7125804386058,0.0,1.0,0.0,"[4.596720576286316, 5.958143889904022, 9.514369130134583]","[0.0, 0.0, 0.0]","[0.0, 0.0, 0.0]"
DiagReachK3,187,W2,SR,shaped,raw,development_DiagReachK3_s187_W2_SR,21,10560,exploration,20,7.199821267854422,5.599450860749931,1.6003704071044922,0.15,0.35,"[6.049774712324142, 4.598539310693741, 9.510531175136567]","[0.3, 0.15, 0.1]","[0.0455263648714338, 0.035600830958439765, 0.024685920715332033]"
DiagReachK3,187,W2,SR,shaped,raw,development_DiagReachK3_s187_W2_SR,21,10560,selection,12,9.284558498905971,9.2763605257341,0.008197973171869913,0.9166666666666666,0.08333333333333333,"[5.609916726748149, 6.0475287437438965, 10.624950488408407]","[0.0, 0.08333333333333333, 0.0]","[0.0, 0.0016395984551845395, 0.0]"
DiagReachK3,187,W2,SR,shaped,raw,development_DiagReachK3_s187_W2_SR,21,10560,acceptance,8,9.37018315695459,9.35999664865667,0.010186508297920227,0.875,0.125,"[5.496218979358673, 6.181640565395355, 10.651598572731018]","[0.0, 0.125, 0.0]","[0.0, 0.002037305098313541, 0.0]"
DiagReachK3,187,W2,SR,shaped,raw,development_DiagReachK3_s187_W2_SR,22,11040,exploration,20,6.943635291591782,5.3650296397363135,1.5786056518554688,0.35,0.35,"[4.947472620010376, 4.5477455139160154, 8.315961372852325]","[0.25, 0.1, 0.15]","[0.04983721120016915, 0.034241060110238884, 0.0158289451599121]"
DiagReachK3,187,W2,SR,shaped,raw,development_DiagReachK3_s187_W2_SR,22,11040,selection,12,8.747669047087848,8.747669047087848,0.0,1.0,0.0,"[4.488850037256877, 5.792316198348999, 9.247570872306824]","[0.0, 0.0, 0.0]","[0.0, 0.0, 0.0]"
DiagReachK3,187,W2,SR,shaped,raw,development_DiagReachK3_s187_W2_SR,22,11040,acceptance,8,9.28372793730814,9.28372793730814,0.0,1.0,0.0,"[5.3415608406066895, 5.919819951057434, 10.245766639709473]","[0.0, 0.0, 0.0]","[0.0, 0.0, 0.0]"
DiagReachK3,187,W2,SR,shaped,raw,development_DiagReachK3_s187_W2_SR,23,11520,exploration,20,7.432702465380279,5.457291869844048,1.975410595536232,0.3,0.45,"[5.1384118556976315, 5.206339931488037, 9.172898483276366]","[0.2, 0.25, 0.25]","[0.06648910045623779, 0.048262819877037635, 0.021330921173095697]"
DiagReachK3,187,W2,SR,shaped,raw,development_DiagReachK3_s187_W2_SR,23,11520,selection,12,8.72908277504339,8.72908277504339,0.0,1.0,0.0,"[4.64358635743459, 5.2767930428187055, 8.885142962137857]","[0.0, 0.0, 0.0]","[0.0, 0.0, 0.0]"
DiagReachK3,187,W2,SR,shaped,raw,development_DiagReachK3_s187_W2_SR,23,11520,acceptance,8,9.231087187840604,9.231087187840604,0.0,1.0,0.0,"[5.144452810287476, 5.899817109107971, 10.039919137954712]","[0.0, 0.0, 0.0]","[0.0, 0.0, 0.0]"
DiagReachK3,187,W2,SR,shaped,raw,development_DiagReachK3_s187_W2_SR,24,12000,exploration,20,7.704140628690366,6.439448426479939,1.2646922022104263,0.35,0.35,"[5.857246208190918, 4.9952010154724125, 9.733397614955901]","[0.2, 0.2, 0.1]","[0.05264687878744943, 0.017144327897291922, 0.01299087524414062]"
DiagReachK3,187,W2,SR,shaped,raw,development_DiagReachK3_s187_W2_SR,24,12000,selection,12,8.868948169659902,8.868948169659902,0.0,1.0,0.0,"[4.557473599910736, 5.839776158332825, 9.355578422546387]","[0.0, 0.0, 0.0]","[0.0, 0.0, 0.0]"
DiagReachK3,187,W2,SR,shaped,raw,development_DiagReachK3_s187_W2_SR,24,12000,acceptance,8,9.300693839485756,9.300693839485756,0.0,1.0,0.0,"[5.392908334732056, 5.983461380004883, 10.359300136566162]","[0.0, 0.0, 0.0]","[0.0, 0.0, 0.0]"
DiagReachK3,187,W2,SS,shaped,shaped,development_DiagReachK3_s187_W2_SS,0,480,exploration,20,6.7650091622537,5.203994085318408,1.5610150769352913,0.1,0.45,"[4.237565392255783, 5.660638844966888, 8.544022274017333]","[0.15, 0.3, 0.15]","[0.02293247835976736, 0.08446271969721868, 0.020750148773193356]"
DiagReachK3,187,W2,SS,shaped,shaped,development_DiagReachK3_s187_W2_SS,0,480,selection,12,8.405712247686461,8.405712247686461,0.0,1.0,0.0,"[5.93476680914561, 4.106037437915802, 9.038187821706137]","[0.0, 0.0, 0.0]","[0.0, 0.0, 0.0]"
DiagReachK3,187,W2,SS,shaped,shaped,development_DiagReachK3_s187_W2_SS,0,480,acceptance,8,8.591416535875759,8.591416535875759,0.0,1.0,0.0,"[5.744553208351135, 4.504747748374939, 9.244760513305664]","[0.0, 0.0, 0.0]","[0.0, 0.0, 0.0]"
DiagReachK3,187,W2,SS,shaped,shaped,development_DiagReachK3_s187_W2_SS,1,960,exploration,20,6.361914745119866,4.793485066441353,1.5684296786785126,0.1,0.45,"[4.699011550843716, 3.7219346508383753, 7.032728397846222]","[0.3, 0.15, 0.15]","[0.07202242783137731, 0.03232678266671988, 0.01568001556396483]"
DiagReachK3,187,W2,SS,shaped,shaped,development_DiagReachK3_s187_W2_SS,1,960,selection,12,8.331139820003107,8.31683569866776,0.014304121335347494,0.75,0.25,"[5.940794785817464, 3.980883161226908, 8.93355425198873]","[0.25, 0.0, 0.0]","[0.002860818590436668, 0.0, 0.0]"
DiagReachK3,187,W2,SS,shaped,shaped,development_DiagReachK3_s187_W2_SS,1,960,acceptance,8,8.66615188049618,8.66615188049618,0.0,1.0,0.0,"[5.617457270622253, 4.552721738815308, 9.156479597091675]","[0.0, 0.0, 0.0]","[0.0, 0.0, 0.0]"
DiagReachK3,187,W2,SS,shaped,shaped,development_DiagReachK3_s187_W2_SS,2,1440,exploration,20,6.672931131714139,4.805672031634603,1.8672591000795364,0.2,0.5,"[5.186635898053646, 4.594826823472976, 8.634708964824677]","[0.25, 0.3, 0.15]","[0.06432526111602781, 0.06276852167569673, 0.008733360290527337]"
DiagReachK3,187,W2,SS,shaped,shaped,development_DiagReachK3_s187_W2_SS,2,1440,selection,12,8.903846574163374,8.903846574163374,0.0,1.0,0.0,"[5.868279139200847, 4.980381766955058, 9.833672285079956]","[0.0, 0.0, 0.0]","[0.0, 0.0, 0.0]"
DiagReachK3,187,W2,SS,shaped,shaped,development_DiagReachK3_s187_W2_SS,2,1440,acceptance,8,8.89116942922119,8.89116942922119,0.0,1.0,0.0,"[5.871764123439789, 5.119945228099823, 9.959165692329407]","[0.0, 0.0, 0.0]","[0.0, 0.0, 0.0]"
DiagReachK3,187,W2,SS,shaped,shaped,development_DiagReachK3_s187_W2_SS,3,1920,exploration,20,6.535205791541375,5.67566497141961,0.8595408201217651,0.15,0.3,"[4.494231560826302, 4.309152391552925, 7.516686114668846]","[0.2, 0.15, 0.05]","[0.054041937419346396, 0.01906482989971454, 0.007181877136230463]"
DiagReachK3,187,W2,SS,shaped,shaped,development_DiagReachK3_s187_W2_SS,3,1920,selection,12,9.343427863212613,9.269051424157807,0.07437643905480702,0.6666666666666666,0.3333333333333333,"[6.157166679700215, 6.233656088511149, 11.297772804896036]","[0.0, 0.3333333333333333, 0.0]","[0.0, 0.01125425558823806, 0.0]"
DiagReachK3,187,W2,SS,shaped,shaped,development_DiagReachK3_s187_W2_SS,3,1920,acceptance,8,9.224526508711278,9.224526508711278,0.0,1.0,0.0,"[6.182754814624786, 6.072169542312622, 11.167667984962463]","[0.0, 0.0, 0.0]","[0.0, 0.0, 0.0]"
DiagReachK3,187,W2,SS,shaped,shaped,development_DiagReachK3_s187_W2_SS,4,2400,exploration,20,7.358990215801168,6.284328916214871,1.074661299586296,0.15,0.55,"[5.235738927125931, 5.374787425994873, 9.198986077308655]","[0.3, 0.3, 0.15]","[0.06941898209708078, 0.026832771301269532, 0.017102542877197268]"
DiagReachK3,187,W2,SS,shaped,shaped,development_DiagReachK3_s187_W2_SS,4,2400,selection,12,9.352463659648008,9.163390176498796,0.1890734831492106,0.6666666666666666,0.3333333333333333,"[5.7708150545756025, 6.214399377504985, 10.888869047164917]","[0.0, 0.3333333333333333, 0.0]","[0.0, 0.02181002421256824, 0.0]"
DiagReachK3,187,W2,SS,shaped,shaped,development_DiagReachK3_s187_W2_SS,4,2400,acceptance,8,9.336973585141822,9.336973585141822,0.0,1.0,0.0,"[6.098306894302368, 6.178097724914551, 11.198296308517456]","[0.0, 0.0, 0.0]","[0.0, 0.0, 0.0]"
DiagReachK3,187,W2,SS,shaped,shaped,development_DiagReachK3_s187_W2_SS,5,2880,exploration,20,6.781620326340199,5.937585669457913,0.8440346568822861,0.15,0.4,"[4.749249130487442, 4.727224186062813, 8.12085577249527]","[0.2, 0.25, 0.15]","[0.041917630604335246, 0.0336612481337327, 0.011240409851074218]"
DiagReachK3,187,W2,SS,shaped,shaped,development_DiagReachK3_s187_W2_SS,5,2880,selection,12,9.376947854172128,8.788241792928117,0.5887060612440109,0.6666666666666666,0.3333333333333333,"[6.3048166036605835, 6.486058235168457, 11.670643965403238]","[0.0, 0.3333333333333333, 0.0]","[0.0, 0.038452796446971416, 0.0]"
DiagReachK3,187,W2,SS,shaped,shaped,development_DiagReachK3_s187_W2_SS,5,2880,acceptance,8,9.364060417516157,9.364060417516157,0.0,1.0,0.0,"[6.06608247756958, 6.219559550285339, 11.182602405548096]","[0.0, 0.0, 0.0]","[0.0, 0.0, 0.0]"
DiagReachK3,187,W2,SS,shaped,shaped,development_DiagReachK3_s187_W2_SS,6,3360,exploration,20,7.102040651327696,3.7352052136126437,3.3668354377150536,0.25,0.4,"[4.556197911500931, 5.206693112850189, 8.563115194439888]","[0.25, 0.25, 0.2]","[0.06114289419991631, 0.09887795815101036, 0.05488531112670898]"
DiagReachK3,187,W2,SS,shaped,shaped,development_DiagReachK3_s187_W2_SS,6,3360,selection,12,8.94336945093916,8.94336945093916,0.0,1.0,0.0,"[5.573511203130086, 5.209124485651652, 9.747462431589762]","[0.0, 0.0, 0.0]","[0.0, 0.0, 0.0]"
DiagReachK3,187,W2,SS,shaped,shaped,development_DiagReachK3_s187_W2_SS,6,3360,acceptance,8,9.319040563493036,9.319040563493036,0.0,1.0,0.0,"[6.031312465667725, 6.213823914527893, 11.14383578300476]","[0.0, 0.0, 0.0]","[0.0, 0.0, 0.0]"
DiagReachK3,187,W2,SS,shaped,shaped,development_DiagReachK3_s187_W2_SS,7,3840,exploration,20,7.239662926985185,6.569169130517404,0.6704937964677811,0.35,0.35,"[4.384219735860825, 5.216730380058289, 8.317848575115203]","[0.1, 0.3, 0.1]","[0.003696611949375694, 0.03924040060776931, 0.002990634918212898]"
DiagReachK3,187,W2,SS,shaped,shaped,development_DiagReachK3_s187_W2_SS,7,3840,selection,12,9.249678163661153,9.240527310901475,0.009150852759679159,0.8333333333333334,0.16666666666666666,"[6.028869390487671, 5.80403486887614, 10.739731152852377]","[0.16666666666666666, 0.0, 0.0]","[0.0018301691327776333, 0.0, 0.0]"
DiagReachK3,187,W2,SS,shaped,shaped,development_DiagReachK3_s187_W2_SS,7,3840,acceptance,8,9.352715429151433,9.352715429151433,0.0,1.0,0.0,"[6.071561098098755, 6.203249216079712, 11.1837637424469]","[0.0, 0.0, 0.0]","[0.0, 0.0, 0.0]"
DiagReachK3,187,W2,SS,shaped,shaped,development_DiagReachK3_s187_W2_SS,8,4320,exploration,20,7.64953269265592,5.003667118176817,2.645865574479103,0.2,0.55,"[5.43653062582016, 5.785392343997955, 9.982467925548553]","[0.25, 0.4, 0.15]","[0.08702308791024344, 0.06146284616910493, 0.037386688232421875]"
DiagReachK3,187,W2,SS,shaped,shaped,development_DiagReachK3_s187_W2_SS,8,4320,selection,12,8.726934282014069,8.726934282014069,0.0,1.0,0.0,"[5.016584058602651, 5.3824648062388105, 9.344457507133484]","[0.0, 0.0, 0.0]","[0.0, 0.0, 0.0]"
DiagReachK3,187,W2,SS,shaped,shaped,development_DiagReachK3_s187_W2_SS,8,4320,acceptance,8,9.406328139081598,9.406328139081598,0.0,1.0,0.0,"[6.0195653438568115, 6.273086190223694, 11.20327615737915]","[0.0, 0.0, 0.0]","[0.0, 0.0, 0.0]"
DiagReachK3,187,W2,SS,shaped,shaped,development_DiagReachK3_s187_W2_SS,9,4800,exploration,20,6.756371708484366,6.101911099525169,0.654460608959198,0.35,0.3,"[4.575286114215851, 4.197985142469406, 7.614172005653382]","[0.15, 0.2, 0.05]","[0.028226593562534874, 0.022182075793926538, 0.011235809326171875]"
DiagReachK3,187,W2,SS,shaped,shaped,development_DiagReachK3_s187_W2_SS,9,4800,selection,12,9.382428618318713,9.380349161274111,0.0020794570446014404,0.9166666666666666,0.08333333333333333,"[6.189941803614299, 6.251298268636067, 11.354849576950073]","[0.08333333333333333, 0.0, 0.0]","[0.00041588715144565597, 0.0, 0.0]"
DiagReachK3,187,W2,SS,shaped,shaped,development_DiagReachK3_s187_W2_SS,9,4800,acceptance,8,9.351535169163254,9.351535169163254,0.0,1.0,0.0,"[5.7871949672698975, 6.287067353725433, 10.998358011245728]","[0.0, 0.0, 0.0]","[0.0, 0.0, 0.0]"
DiagReachK3,187,W2,SS,shaped,shaped,development_DiagReachK3_s187_W2_SS,10,5280,exploration,20,7.433068549179007,5.491059681319166,1.9420088678598404,0.25,0.35,"[5.34123587012291, 5.334785795211792, 9.475581967830658]","[0.2, 0.25, 0.2]","[0.04820038250514439, 0.0760027188521165, 0.031927177429199205]"
DiagReachK3,187,W2,SS,shaped,shaped,development_DiagReachK3_s187_W2_SS,10,5280,selection,12,9.046916519322743,9.046916519322743,0.0,1.0,0.0,"[5.205862323443095, 5.689977725346883, 9.853299061457315]","[0.0, 0.0, 0.0]","[0.0, 0.0, 0.0]"
DiagReachK3,187,W2,SS,shaped,shaped,development_DiagReachK3_s187_W2_SS,10,5280,acceptance,8,9.452599855954759,9.406323331291787,0.0462765246629715,0.5,0.5,"[5.6331000328063965, 6.482579469680786, 11.070918798446655]","[0.0, 0.5, 0.0]","[0.0, 0.008680196908804116, 0.0]"
DiagReachK3,187,W2,SS,shaped,shaped,development_DiagReachK3_s187_W2_SS,11,5760,exploration,20,7.018761329617119,6.528626911606406,0.49013441801071167,0.2,0.3,"[3.905813840031624, 5.389507430791855, 7.971834433078766]","[0.05, 0.25, 0.05]","[0.0036260945456368598, 0.0273082659794734, 0.0034881210327148415]"
DiagReachK3,187,W2,SS,shaped,shaped,development_DiagReachK3_s187_W2_SS,11,5760,selection,12,9.244926894751066,9.05109584336169,0.1938310513893763,0.6666666666666666,0.3333333333333333,"[6.472325245539348, 6.085722247759501, 11.523143847783407]","[0.3333333333333333, 0.0, 0.16666666666666666]","[0.03325502645401729, 0.0, 0.0010124778747558534]"
DiagReachK3,187,W2,SS,shaped,shaped,development_DiagReachK3_s187_W2_SS,11,5760,acceptance,8,9.398819732642734,9.398819732642734,0.0,1.0,0.0,"[5.664033055305481, 6.284318447113037, 10.912362098693848]","[0.0, 0.0, 0.0]","[0.0, 0.0, 0.0]"
DiagReachK3,187,W2,SS,shaped,shaped,development_DiagReachK3_s187_W2_SS,12,6240,exploration,20,7.267924755805869,5.253517568105599,2.0144071877002716,0.25,0.35,"[5.2028489232063295, 4.7451184570789335, 8.799005806446075]","[0.2, 0.2, 0.15]","[0.05314928122929165, 0.05253762098459097, 0.029129554748535146]"
DiagReachK3,187,W2,SS,shaped,shaped,development_DiagReachK3_s187_W2_SS,12,6240,selection,12,8.957057777639662,8.957057777639662,0.0,1.0,0.0,"[5.125355084737142, 5.53923233350118, 9.66405693689982]","[0.0, 0.0, 0.0]","[0.0, 0.0, 0.0]"
DiagReachK3,187,W2,SS,shaped,shaped,development_DiagReachK3_s187_W2_SS,12,6240,acceptance,8,9.418998917192223,9.418998917192223,0.0,1.0,0.0,"[5.681348562240601, 6.369877099990845, 11.010101318359375]","[0.0, 0.0, 0.0]","[0.0, 0.0, 0.0]"
DiagReachK3,187,W2,SS,shaped,shaped,development_DiagReachK3_s187_W2_SS,13,6720,exploration,20,7.170947275273503,5.64086802970618,1.5300792455673218,0.15,0.4,"[5.464484167098999, 5.151733887195587, 9.430077314376831]","[0.3, 0.1, 0.2]","[0.07954302855900355, 0.025329344089214622, 0.011269920349121087]"
DiagReachK3,187,W2,SS,shaped,shaped,development_DiagReachK3_s187_W2_SS,13,6720,selection,12,9.116074097558158,9.090653809313276,0.02542028824488322,0.6666666666666666,0.3333333333333333,"[4.991476893424988, 6.12417737642924, 10.086677074432373]","[0.0, 0.3333333333333333, 0.0]","[0.0, 0.005084068347246211, 0.0]"
DiagReachK3,187,W2,SS,shaped,shaped,development_DiagReachK3_s187_W2_SS,13,6720,acceptance,8,9.437216884666121,9.434223390393889,0.0029934942722320557,0.75,0.25,"[5.5627201795578, 6.391732335090637, 10.920760154724121]","[0.0, 0.25, 0.0]","[0.0, 0.0005987057319054023, 0.0]"
DiagReachK3,187,W2,SS,shaped,shaped,development_DiagReachK3_s187_W2_SS,14,7200,exploration,20,6.884645941361088,5.976984816297191,0.9076611250638962,0.25,0.35,"[5.255789417028427, 4.19020888209343, 8.215959137678146]","[0.25, 0.15, 0.1]","[0.0586179256439209, 0.019661569595336915, 0.020482372283935547]"
DiagReachK3,187,W2,SS,shaped,shaped,development_DiagReachK3_s187_W2_SS,14,7200,selection,12,9.334934939048253,8.971655010284545,0.36327992876370746,0.5833333333333334,0.4166666666666667,"[5.458271821339925, 6.359288851420085, 10.734586318333944]","[0.0, 0.4166666666666667, 0.0]","[0.0, 0.027963558832804363, 0.0]"
DiagReachK3,187,W2,SS,shaped,shaped,development_DiagReachK3_s187_W2_SS,14,7200,acceptance,8,9.338572038456913,9.338572038456913,0.0,1.0,0.0,"[5.5909921526908875, 6.010499179363251, 10.577371001243591]","[0.0, 0.0, 0.0]","[0.0, 0.0, 0.0]"
DiagReachK3,187,W2,SS,shaped,shaped,development_DiagReachK3_s187_W2_SS,15,7680,exploration,20,7.051719795211976,6.724923054918472,0.3267967402935028,0.45,0.2,"[4.975345265865326, 3.911215117573738, 7.717172920703888]","[0.15, 0.05, 0.1]","[0.021276027815682552, 0.008542181895329404, 0.0029902839660644553]"
DiagReachK3,187,W2,SS,shaped,shaped,development_DiagReachK3_s187_W2_SS,15,7680,selection,12,9.523070486122743,8.46490669422783,1.0581637918949127,0.25,0.75,"[5.689082662264506, 7.013023376464844, 11.632676680882772]","[0.0, 0.75, 0.0]","[0.0, 0.08525329369765061, 0.0]"
DiagReachK3,187,W2,SS,shaped,shaped,development_DiagReachK3_s187_W2_SS,15,7680,acceptance,8,9.396593967801891,9.345843145973049,0.05075082182884216,0.5,0.5,"[5.734992146492004, 6.439526677131653, 11.129719972610474]","[0.0, 0.5, 0.0]","[0.0, 0.009126314750084519, 0.0]"
DiagReachK3,187,W2,SS,shaped,shaped,development_DiagReachK3_s187_W2_SS,16,8160,exploration,20,7.170804417701437,5.400441779764369,1.770362637937069,0.25,0.4,"[4.764465820789337, 5.477120649814606, 9.10457365512848]","[0.2, 0.3, 0.15]","[0.015344786643981922, 0.07684782468355619, 0.02286056137084961]"
DiagReachK3,187,W2,SS,shaped,shaped,development_DiagReachK3_s187_W2_SS,16,8160,selection,12,8.995645478746154,8.995645478746154,0.0,1.0,0.0,"[5.399834831555684, 5.415143966674805, 9.804116090138754]","[0.0, 0.0, 0.0]","[0.0, 0.0, 0.0]"
DiagReachK3,187,W2,SS,shaped,shaped,development_DiagReachK3_s187_W2_SS,16,8160,acceptance,8,9.417672664229759,9.417672664229759,0.0,1.0,0.0,"[5.728722929954529, 6.307817339897156, 11.001160144805908]","[0.0, 0.0, 0.0]","[0.0, 0.0, 0.0]"
DiagReachK3,187,W2,SS,shaped,shaped,development_DiagReachK3_s187_W2_SS,17,8640,exploration,20,7.240052665491239,4.287852498610155,2.9522001668810844,0.3,0.35,"[5.542221164703369, 4.766558639705181, 8.97296404838562]","[0.2, 0.25, 0.1]","[0.06509045873369489, 0.08359918227562538, 0.03946656036376953]"
DiagReachK3,187,W2,SS,shaped,shaped,development_DiagReachK3_s187_W2_SS,17,8640,selection,12,8.925723486931323,8.925723486931323,0.0,1.0,0.0,"[5.1357576449712115, 5.407659530639648, 9.525529146194458]","[0.0, 0.0, 0.0]","[0.0, 0.0, 0.0]"
DiagReachK3,187,W2,SS,shaped,shaped,development_DiagReachK3_s187_W2_SS,17,8640,acceptance,8,9.419816417060794,9.419816417060794,0.0,1.0,0.0,"[5.8024338483810425, 6.436829090118408, 11.18200159072876]","[0.0, 0.0, 0.0]","[0.0, 0.0, 0.0]"
DiagReachK3,187,W2,SS,shaped,shaped,development_DiagReachK3_s187_W2_SS,18,9120,exploration,20,7.4218530533090235,6.257692563273013,1.1641604900360107,0.3,0.4,"[5.153809118270874, 5.268319594860077, 9.120805788040162]","[0.25, 0.25, 0.2]","[0.029121191161019466, 0.04850395275996281, 0.01753520584106445]"
DiagReachK3,187,W2,SS,shaped,shaped,development_DiagReachK3_s187_W2_SS,18,9120,selection,12,9.12690170359953,9.125357396923937,0.0015443066755930583,0.9166666666666666,0.08333333333333333,"[6.235129912694295, 5.6672645807266235, 10.870311737060547]","[0.08333333333333333, 0.0, 0.0]","[0.00030886559259324375, 0.0, 0.0]"
DiagReachK3,187,W2,SS,shaped,shaped,development_DiagReachK3_s187_W2_SS,18,9120,acceptance,8,9.371041402849368,9.371041402849368,0.0,1.0,0.0,"[5.6152743101119995, 6.357599496841431, 10.926035642623901]","[0.0, 0.0, 0.0]","[0.0, 0.0, 0.0]"
DiagReachK3,187,W2,SS,shaped,shaped,development_DiagReachK3_s187_W2_SS,19,9600,exploration,20,6.96382102124393,5.93138912819326,1.0324318930506706,0.35,0.25,"[4.562726378440857, 4.607046982645988, 7.940263080596924]","[0.1, 0.15, 0.05]","[0.014981702395847863, 0.04882740607628455, 0.004187530517578119]"
DiagReachK3,187,W2,SS,shaped,shaped,development_DiagReachK3_s187_W2_SS,19,9600,selection,12,9.228965246956795,9.072805001617718,0.15616024533907572,0.4166666666666667,0.5833333333333334,"[6.3175225257873535, 6.059833645820618, 11.35028076171875]","[0.16666666666666666, 0.4166666666666667, 0.0]","[0.003132723626636321, 0.021322323725773733, 0.0]"
DiagReachK3,187,W2,SS,shaped,shaped,development_DiagReachK3_s187_W2_SS,19,9600,acceptance,8,9.408674287213943,9.34053567291703,0.06813861429691315,0.5,0.5,"[5.847549676895142, 6.480643391609192, 11.271059513092041]","[0.0, 0.5, 0.0]","[0.0, 0.01112006260798526, 0.0]"
DiagReachK3,187,W2,SS,shaped,shaped,development_DiagReachK3_s187_W2_SS,20,10080,exploration,20,6.915573742843698,4.670914214707445,2.2446595281362534,0.25,0.25,"[4.488733257353306, 4.888044655323029, 8.284014880657196]","[0.2, 0.15, 0.25]","[0.08012264456067766, 0.025744819641113283, 0.0506687126159668]"
DiagReachK3,187,W2,SS,shaped,shaped,development_DiagReachK3_s187_W2_SS,20,10080,selection,12,8.863641548655869,8.84676722536727,0.01687432328859965,0.75,0.25,"[4.590073724587758, 6.1328920523325605, 9.67877201239268]","[0.0, 0.25, 0.0]","[0.0, 0.003374863893557826, 0.0]"
DiagReachK3,187,W2,SS,shaped,shaped,development_DiagReachK3_s187_W2_SS,20,10080,acceptance,8,8.7125804386058,8.7125804386058,0.0,1.0,0.0,"[4.596720576286316, 5.958143889904022, 9.514369130134583]","[0.0, 0.0, 0.0]","[0.0, 0.0, 0.0]"
DiagReachK3,187,W2,SS,shaped,shaped,development_DiagReachK3_s187_W2_SS,21,10560,exploration,20,7.199821267854422,5.599450860749931,1.6003704071044922,0.15,0.35,"[6.049774712324142, 4.598539310693741, 9.510531175136567]","[0.3, 0.15, 0.1]","[0.0455263648714338, 0.035600830958439765, 0.024685920715332033]"
DiagReachK3,187,W2,SS,shaped,shaped,development_DiagReachK3_s187_W2_SS,21,10560,selection,12,9.284558498905971,9.2763605257341,0.008197973171869913,0.9166666666666666,0.08333333333333333,"[5.609916726748149, 6.0475287437438965, 10.624950488408407]","[0.0, 0.08333333333333333, 0.0]","[0.0, 0.0016395984551845395, 0.0]"
DiagReachK3,187,W2,SS,shaped,shaped,development_DiagReachK3_s187_W2_SS,21,10560,acceptance,8,9.37018315695459,9.35999664865667,0.010186508297920227,0.875,0.125,"[5.496218979358673, 6.181640565395355, 10.651598572731018]","[0.0, 0.125, 0.0]","[0.0, 0.002037305098313541, 0.0]"
DiagReachK3,187,W2,SS,shaped,shaped,development_DiagReachK3_s187_W2_SS,22,11040,exploration,20,6.943635291591782,5.3650296397363135,1.5786056518554688,0.35,0.35,"[4.947472620010376, 4.5477455139160154, 8.315961372852325]","[0.25, 0.1, 0.15]","[0.04983721120016915, 0.034241060110238884, 0.0158289451599121]"
DiagReachK3,187,W2,SS,shaped,shaped,development_DiagReachK3_s187_W2_SS,22,11040,selection,12,8.747669047087848,8.747669047087848,0.0,1.0,0.0,"[4.488850037256877, 5.792316198348999, 9.247570872306824]","[0.0, 0.0, 0.0]","[0.0, 0.0, 0.0]"
DiagReachK3,187,W2,SS,shaped,shaped,development_DiagReachK3_s187_W2_SS,22,11040,acceptance,8,9.28372793730814,9.28372793730814,0.0,1.0,0.0,"[5.3415608406066895, 5.919819951057434, 10.245766639709473]","[0.0, 0.0, 0.0]","[0.0, 0.0, 0.0]"
DiagReachK3,187,W2,SS,shaped,shaped,development_DiagReachK3_s187_W2_SS,23,11520,exploration,20,7.432702465380279,5.457291869844048,1.975410595536232,0.3,0.45,"[5.1384118556976315, 5.206339931488037, 9.172898483276366]","[0.2, 0.25, 0.25]","[0.06648910045623779, 0.048262819877037635, 0.021330921173095697]"
DiagReachK3,187,W2,SS,shaped,shaped,development_DiagReachK3_s187_W2_SS,23,11520,selection,12,8.72908277504339,8.72908277504339,0.0,1.0,0.0,"[4.64358635743459, 5.2767930428187055, 8.885142962137857]","[0.0, 0.0, 0.0]","[0.0, 0.0, 0.0]"
DiagReachK3,187,W2,SS,shaped,shaped,development_DiagReachK3_s187_W2_SS,23,11520,acceptance,8,9.231087187840604,9.231087187840604,0.0,1.0,0.0,"[5.144452810287476, 5.899817109107971, 10.039919137954712]","[0.0, 0.0, 0.0]","[0.0, 0.0, 0.0]"
DiagReachK3,187,W2,SS,shaped,shaped,development_DiagReachK3_s187_W2_SS,24,12000,exploration,20,7.704140628690366,6.439448426479939,1.2646922022104263,0.35,0.35,"[5.857246208190918, 4.9952010154724125, 9.733397614955901]","[0.2, 0.2, 0.1]","[0.05264687878744943, 0.017144327897291922, 0.01299087524414062]"
DiagReachK3,187,W2,SS,shaped,shaped,development_DiagReachK3_s187_W2_SS,24,12000,selection,12,8.868948169659902,8.868948169659902,0.0,1.0,0.0,"[4.557473599910736, 5.839776158332825, 9.355578422546387]","[0.0, 0.0, 0.0]","[0.0, 0.0, 0.0]"
DiagReachK3,187,W2,SS,shaped,shaped,development_DiagReachK3_s187_W2_SS,24,12000,acceptance,8,9.300693839485756,9.300693839485756,0.0,1.0,0.0,"[5.392908334732056, 5.983461380004883, 10.359300136566162]","[0.0, 0.0, 0.0]","[0.0, 0.0, 0.0]"
