anchor,env,seed,cycle,candidate,channel,quantity,value,conditional_ci95_low,conditional_ci95_high
1,DiagReachK2,180,6,shapedKL,shaped,optimism_sample,3.015216407156808,2.7064355692273825,3.2864998123710842
1,DiagReachK2,180,6,shapedKL,shaped,optimism_det,4.20840507190413,4.192805359475638,4.226385917825914
1,DiagReachK2,180,6,shapedKL,shaped,Gsample,0.5279801652906828,0.25669676007640657,0.8367610032201085
1,DiagReachK2,180,6,shapedKL,shaped,Gdet,-0.6652084994566392,-0.6831893453784232,-0.6496087870281465
1,DiagReachK2,180,6,shapedKL,shaped,Ghold_timeLOO,0.4194431848219746,0.12568447460984017,0.7315604748820734
1,DiagReachK2,180,6,shapedKL,raw,optimism_sample,-0.050874497188546475,-0.10690945674373263,0.002947818645330476
1,DiagReachK2,180,6,shapedKL,raw,optimism_det,0.30134992707111036,0.28575021464261774,0.3193307729928944
1,DiagReachK2,180,6,shapedKL,raw,Gsample,-0.31298407519698235,-0.36680639103085944,-0.2569491156417963
1,DiagReachK2,180,6,shapedKL,raw,Gdet,-0.6652084994566392,-0.6831893453784232,-0.6496087870281465
1,DiagReachK2,180,6,shapedKL,raw,Ghold_timeLOO,-0.26297504462833016,-0.36361899694098504,-0.1605105045508237
1,DiagReachK2,180,6,shapedKL,penalty,optimism_sample,-3.0660909273152015,-3.347496321397159,-2.7387446296357325
1,DiagReachK2,180,6,shapedKL,penalty,optimism_det,-3.9070551678028664,-3.9070551678028664,-3.9070551678028664
1,DiagReachK2,180,6,shapedKL,penalty,Gsample,-0.8409642404876649,-1.168310538167134,-0.5595588464057074
1,DiagReachK2,180,6,shapedKL,penalty,Gdet,0.0,0.0,0.0
1,DiagReachK2,180,6,shapedKL,penalty,Ghold_timeLOO,-0.6824181775376174,-0.9753051007588621,-0.37707158598504653
1,DiagReachK2,180,6,shapedKL,cost_0,optimism_sample,-0.6728123124522076,-0.7366846209690825,-0.6127938491358341
1,DiagReachK2,180,6,shapedKL,cost_0,optimism_det,-0.23090966379464728,-0.23785283303083044,-0.22346969245196444
1,DiagReachK2,180,6,shapedKL,cost_0,Gsample,-0.5903786011040211,-0.6503970644203946,-0.5265062925871462
1,DiagReachK2,180,6,shapedKL,cost_0,Gdet,-1.0322812497615814,-1.0397212211042643,-1.0253380805253982
1,DiagReachK2,180,6,shapedKL,cost_0,Ghold_timeLOO,-0.6513877769033496,-0.8680454318189694,-0.42956370858991055
1,DiagReachK2,180,6,shapedKL,cost_1,optimism_sample,-0.49184945668171787,-0.5880339118194177,-0.4084261553835467
1,DiagReachK2,180,6,shapedKL,cost_1,optimism_det,-0.18298482778560066,-0.19070449578653717,-0.17528946450989388
1,DiagReachK2,180,6,shapedKL,cost_1,Gsample,-0.49832296557724476,-0.5817462668754161,-0.4021385104395451
1,DiagReachK2,180,6,shapedKL,cost_1,Gdet,-0.807187594473362,-0.8148829577490687,-0.7994679264724255
1,DiagReachK2,180,6,shapedKL,cost_1,Ghold_timeLOO,-0.4100259198171137,-0.5710444291678284,-0.2684913848685519
1,DiagReachK2,180,6,shapedW2,shaped,optimism_sample,2.9460954657971357,2.639229729332957,3.213573888944876
1,DiagReachK2,180,6,shapedW2,shaped,optimism_det,4.111971917464418,4.096297474419981,4.12996227851306
1,DiagReachK2,180,6,shapedW2,shaped,Gsample,0.5223097321297248,0.2548313089819841,0.8291754685939032
1,DiagReachK2,180,6,shapedW2,shaped,Gdet,-0.643566719537557,-0.6615570805861988,-0.6278922764931213
1,DiagReachK2,180,6,shapedW2,shaped,Ghold_timeLOO,0.4117371901541623,0.12322541643449776,0.7138519661057915
1,DiagReachK2,180,6,shapedW2,raw,optimism_sample,-0.04884569795014876,-0.10402841204443829,0.0039515080823522685
1,DiagReachK2,180,6,shapedW2,raw,optimism_det,0.28814019072831526,0.27246574768387954,0.30613055177695714
1,DiagReachK2,180,6,shapedW2,raw,Gsample,-0.30658083085909293,-0.3593780368915941,-0.2513981167648035
1,DiagReachK2,180,6,shapedW2,raw,Gdet,-0.643566719537557,-0.6615570805861988,-0.6278922764931213
1,DiagReachK2,180,6,shapedW2,raw,Ghold_timeLOO,-0.2569644188676227,-0.35729945750957537,-0.15495484230922252
1,DiagReachK2,180,6,shapedW2,penalty,optimism_sample,-2.9949411852920775,-3.271929927000997,-2.6699493160175507
1,DiagReachK2,180,6,shapedW2,penalty,optimism_det,-3.8238317482808952,-3.8238317482808952,-3.8238317482808952
1,DiagReachK2,180,6,shapedW2,penalty,Gsample,-0.8288905629888177,-1.1538824322633445,-0.5519018212798985
1,DiagReachK2,180,6,shapedW2,penalty,Gdet,0.0,0.0,0.0
1,DiagReachK2,180,6,shapedW2,penalty,Ghold_timeLOO,-0.6687015565140522,-0.968883387243903,-0.36549137179592306
1,DiagReachK2,180,6,shapedW2,cost_0,optimism_sample,-0.6655876828237584,-0.7283062271653822,-0.6058469873965865
1,DiagReachK2,180,6,shapedW2,cost_0,optimism_det,-0.23424097764037155,-0.24109873276866578,-0.22676651662878297
1,DiagReachK2,180,6,shapedW2,cost_0,Gsample,-0.5763755720108747,-0.6361162674380466,-0.513657027669251
1,DiagReachK2,180,6,shapedW2,cost_0,Gdet,-1.0077222771942616,-1.0151967382058502,-1.0008645220659673
1,DiagReachK2,180,6,shapedW2,cost_0,Ghold_timeLOO,-0.6365751695481048,-0.8567995715594364,-0.41613463567355435
1,DiagReachK2,180,6,shapedW2,cost_1,optimism_sample,-0.4758760772195967,-0.5688373536586152,-0.39400509216518587
1,DiagReachK2,180,6,shapedW2,cost_1,optimism_det,-0.18095777942960578,-0.1885012855303796,-0.17362530413245278
1,DiagReachK2,180,6,shapedW2,cost_1,Gsample,-0.48877125326544046,-0.5706422383198515,-0.3958099768264221
1,DiagReachK2,180,6,shapedW2,cost_1,Gdet,-0.7836895510554314,-0.7910220263525843,-0.7761460449546576
1,DiagReachK2,180,6,shapedW2,cost_1,Ghold_timeLOO,-0.4057279341048937,-0.5676166026311753,-0.2634350783374756
1,DiagReachK2,180,6,rawKL,shaped,optimism_sample,-0.12959652787836257,-0.380072320599039,0.13051348205963553
1,DiagReachK2,180,6,rawKL,shaped,optimism_det,-0.17009709836843842,-0.20861764128364135,-0.1282806224699346
1,DiagReachK2,180,6,rawKL,shaped,Gsample,-0.27826301194818365,-0.538373021886182,-0.02778721922750737
1,DiagReachK2,180,6,rawKL,shaped,Gdet,-0.2377624414581078,-0.2795789173566116,-0.1992418985429049
1,DiagReachK2,180,6,rawKL,shaped,Ghold_timeLOO,0.09873862472229848,-0.17242425084190652,0.37236818977382513
1,DiagReachK2,180,6,rawKL,raw,optimism_sample,-0.02943677341423656,-0.09955890382881137,0.03200678060815293
1,DiagReachK2,180,6,rawKL,raw,optimism_det,0.29647884544960057,0.2883660389151097,0.3022849015710194
1,DiagReachK2,180,6,rawKL,raw,Gsample,0.41893854131831176,0.3574949872959223,0.4890606717328866
1,DiagReachK2,180,6,rawKL,raw,Gdet,0.0930229224544746,0.08721686633305581,0.1011357289889655
1,DiagReachK2,180,6,rawKL,raw,Ghold_timeLOO,0.3820699663228591,0.2731602456030154,0.49266572413056037
1,DiagReachK2,180,6,rawKL,penalty,optimism_sample,0.10015972858018674,-0.13556827951033168,0.3238401710121281
1,DiagReachK2,180,6,rawKL,penalty,optimism_det,0.4665759179340998,0.42603904919888325,0.5027495133988882
1,DiagReachK2,180,6,rawKL,penalty,Gsample,0.6972015532664955,0.47352111083455384,0.9329295613570137
1,DiagReachK2,180,6,rawKL,penalty,Gdet,0.3307853639125824,0.294611768447794,0.37132223264779896
1,DiagReachK2,180,6,rawKL,penalty,Ghold_timeLOO,0.28333134475396965,0.036278677930024136,0.5212694861851741
1,DiagReachK2,180,6,rawKL,cost_0,optimism_sample,-0.26985414716819206,-0.3118384291830836,-0.22690530465388578
1,DiagReachK2,180,6,rawKL,cost_0,optimism_det,-0.7272162239014535,-0.7289526210113793,-0.7254273210599451
1,DiagReachK2,180,6,rawKL,cost_0,Gsample,0.6722901850007474,0.6293413424864411,0.7142744670156389
1,DiagReachK2,180,6,rawKL,cost_0,Gdet,1.1296522617340088,1.1278633588925004,1.1313886588439346
1,DiagReachK2,180,6,rawKL,cost_0,Ghold_timeLOO,0.6951198327425921,0.49028480840763916,0.9011956769407273
1,DiagReachK2,180,6,rawKL,cost_1,optimism_sample,-0.054032988487175804,-0.08796099993809234,-0.020543580841637373
1,DiagReachK2,180,6,rawKL,cost_1,optimism_det,-0.3262784645095385,-0.330040807662896,-0.3227344608068384
1,DiagReachK2,180,6,rawKL,cost_1,Gsample,0.4665959384292364,0.433106530783698,0.5005239498801529
1,DiagReachK2,180,6,rawKL,cost_1,Gdet,0.7388414144515991,0.735297410748899,0.7426037576049567
1,DiagReachK2,180,6,rawKL,cost_1,Ghold_timeLOO,0.2409089590987046,0.05919918080970125,0.40302879376652834
1,DiagReachK2,180,6,rawW2,shaped,optimism_sample,-0.06239689273500301,-0.2938711642907607,0.18216537536780153
1,DiagReachK2,180,6,rawW2,shaped,optimism_det,-0.08027352210649732,-0.11694057953961196,-0.043563641013568286
1,DiagReachK2,180,6,rawW2,shaped,Gsample,-0.22945028266240106,-0.47401255076520565,0.0020239888933562826
1,DiagReachK2,180,6,rawW2,shaped,Gdet,-0.21157365329090674,-0.2482835343838358,-0.1749065958577921
1,DiagReachK2,180,6,rawW2,shaped,Ghold_timeLOO,0.07158138035121586,-0.2004779816493137,0.33723536656573166
1,DiagReachK2,180,6,rawW2,raw,optimism_sample,-0.024912239620597076,-0.09122711850953542,0.03490551553250179
1,DiagReachK2,180,6,rawW2,raw,optimism_det,0.29211172066771873,0.2842008960830131,0.2977363761167108
1,DiagReachK2,180,6,rawW2,raw,Gsample,0.4024520329914596,0.3426342778383607,0.46876691188039793
1,DiagReachK2,180,6,rawW2,raw,Gdet,0.08542807270314376,0.07980341725415178,0.09333889728784946
1,DiagReachK2,180,6,rawW2,raw,Ghold_timeLOO,0.36200632838875807,0.2517753358575526,0.47305882021424195
1,DiagReachK2,180,6,rawW2,penalty,optimism_sample,0.03748461632844624,-0.1920213527665976,0.24462684319209857
1,DiagReachK2,180,6,rawW2,penalty,optimism_det,0.3723852059882563,0.3378610950274822,0.4058424090579581
1,DiagReachK2,180,6,rawW2,penalty,Gsample,0.6319023156538606,0.4247600887902081,0.8614082847489043
1,DiagReachK2,180,6,rawW2,penalty,Gdet,0.2970017259940505,0.2635445229243487,0.3315258369548246
1,DiagReachK2,180,6,rawW2,penalty,Ghold_timeLOO,0.2904249495467153,0.05257734023994516,0.5424537619197827
1,DiagReachK2,180,6,rawW2,cost_0,optimism_sample,-0.271162632471338,-0.3133915706914068,-0.2286191321354509
1,DiagReachK2,180,6,rawW2,cost_0,optimism_det,-0.7177044712849111,-0.7195222672917099,-0.7160128419198245
1,DiagReachK2,180,6,rawW2,cost_0,Gsample,0.673598914872855,0.6310554145369679,0.7158278530929236
1,DiagReachK2,180,6,rawW2,cost_0,Gdet,1.120140753686428,1.1184491243213415,1.1219585496932267
1,DiagReachK2,180,6,rawW2,cost_0,Ghold_timeLOO,0.7160793727877197,0.5104912363428423,0.9331891588358027
1,DiagReachK2,180,6,rawW2,cost_1,optimism_sample,-0.09732929057885487,-0.1317213632117637,-0.06619581351500534
1,DiagReachK2,180,6,rawW2,cost_1,optimism_det,-0.2966669406693109,-0.30021934005875667,-0.2931624347295292
1,DiagReachK2,180,6,rawW2,cost_1,Gsample,0.3894557096064091,0.3583222325425595,0.4238477822393179
1,DiagReachK2,180,6,rawW2,cost_1,Gdet,0.5887933596968651,0.5852888537570834,0.5923457590863108
1,DiagReachK2,180,6,rawW2,cost_1,Ghold_timeLOO,0.1713206003668851,-0.0077812201566087764,0.33075907098387514
3,DiagReachK2,180,18,shapedKL,shaped,optimism_sample,2.175735268674118,1.9495470458252042,2.401928051560761
3,DiagReachK2,180,18,shapedKL,shaped,optimism_det,2.559404515896114,2.543538126139885,2.575517452342521
3,DiagReachK2,180,18,shapedKL,shaped,Gsample,0.2986452467869184,0.07245246390027542,0.5248334696358322
3,DiagReachK2,180,18,shapedKL,shaped,Gdet,-0.08502400043507771,-0.10113693688148463,-0.06915761067884879
3,DiagReachK2,180,18,shapedKL,shaped,Ghold_timeLOO,0.5348119436266262,-0.11548919922135334,1.5308872912397573
3,DiagReachK2,180,18,shapedKL,raw,optimism_sample,0.01663217826614785,-0.025636470136891847,0.05713095125964775
3,DiagReachK2,180,18,shapedKL,raw,optimism_det,0.08715095254912958,0.08185959108246837,0.09227306543580426
3,DiagReachK2,180,18,shapedKL,raw,Gsample,0.01961318032249431,-0.020885592671005627,0.061881828725534
3,DiagReachK2,180,18,shapedKL,raw,Gdet,-0.05090559396048741,-0.056027706847162094,-0.045614232493826214
3,DiagReachK2,180,18,shapedKL,raw,Ghold_timeLOO,0.02593687444657874,-0.09443490318434901,0.11785268570273759
3,DiagReachK2,180,18,shapedKL,penalty,optimism_sample,-2.159102909207057,-2.397503995742362,-1.9101559988322592
3,DiagReachK2,180,18,shapedKL,penalty,optimism_det,-2.4722533821460715,-2.4879917664785793,-2.4580915171519777
3,DiagReachK2,180,18,shapedKL,penalty,Gsample,-0.27903206646442413,-0.527978976839222,-0.04063097992911957
3,DiagReachK2,180,18,shapedKL,penalty,Gdet,0.0341184064745903,0.019956541480496526,0.049856790807098136
3,DiagReachK2,180,18,shapedKL,penalty,Ghold_timeLOO,-0.5088750662407642,-1.5477898410541273,0.15248078216987784
3,DiagReachK2,180,18,shapedKL,cost_0,optimism_sample,0.04014786662898451,0.0015546013078787892,0.08065903772964567
3,DiagReachK2,180,18,shapedKL,cost_0,optimism_det,-0.04160111812510103,-0.046381579391737884,-0.0364370741472444
3,DiagReachK2,180,18,shapedKL,cost_0,Gsample,0.1585322543978691,0.11802108329720795,0.1971255197189748
3,DiagReachK2,180,18,shapedKL,cost_0,Gdet,0.24028123915195465,0.23511719517409801,0.2450617004185915
3,DiagReachK2,180,18,shapedKL,cost_0,Ghold_timeLOO,0.22526378853620693,0.03715870510649438,0.4022349922191841
3,DiagReachK2,180,18,shapedKL,cost_1,optimism_sample,-0.38273473984047723,-0.4866306440690341,-0.2631570312911454
3,DiagReachK2,180,18,shapedKL,cost_1,optimism_det,-0.4601359592419858,-0.4708817861643429,-0.4499548209500308
3,DiagReachK2,180,18,shapedKL,cost_1,Gsample,-0.21462455997243524,-0.3342022685217671,-0.11072865574387838
3,DiagReachK2,180,18,shapedKL,cost_1,Gdet,-0.13722334057092667,-0.14740447886288166,-0.1264775136485696
3,DiagReachK2,180,18,shapedKL,cost_1,Ghold_timeLOO,-0.3057102856678244,-0.6676687703341063,-0.0482748276518853
3,DiagReachK2,180,18,shapedW2,shaped,optimism_sample,2.274411121074853,2.0279349794358326,2.5123408196155115
3,DiagReachK2,180,18,shapedW2,shaped,optimism_det,2.6696704260051307,2.655116421252559,2.6848727045514793
3,DiagReachK2,180,18,shapedW2,shaped,Gsample,0.3031707323642878,0.06524103382362913,0.5496468740033081
3,DiagReachK2,180,18,shapedW2,shaped,Gdet,-0.09208857256598985,-0.1072908511123382,-0.077534567813418
3,DiagReachK2,180,18,shapedW2,shaped,Ghold_timeLOO,0.5569630536162744,-0.1261903988644343,1.6040523716376198
3,DiagReachK2,180,18,shapedW2,raw,optimism_sample,0.01783969166694055,-0.02519878876898723,0.06192865135798879
3,DiagReachK2,180,18,shapedW2,raw,optimism_det,0.08043931806354493,0.07463294777087819,0.0860305539831459
3,DiagReachK2,180,18,shapedW2,raw,Gsample,0.001145056590667208,-0.04294390310038109,0.044183537026594936
3,DiagReachK2,180,18,shapedW2,raw,Gdet,-0.061454569805937165,-0.06704580572553814,-0.05564819951327043
3,DiagReachK2,180,18,shapedW2,raw,Ghold_timeLOO,0.00786562027796908,-0.11703835707169993,0.10409843959875736
3,DiagReachK2,180,18,shapedW2,penalty,optimism_sample,-2.2565712370063005,-2.5080431979234157,-1.9999935932076365
3,DiagReachK2,180,18,shapedW2,penalty,optimism_det,-2.5892309155399738,-2.603832272821182,-2.5762490637219337
3,DiagReachK2,180,18,shapedW2,penalty,Gsample,-0.3020256757736206,-0.5586033195722848,-0.05055371485650587
3,DiagReachK2,180,18,shapedW2,penalty,Gdet,0.03063400276005268,0.017652150942012668,0.04523536004126071
3,DiagReachK2,180,18,shapedW2,penalty,Ghold_timeLOO,-0.5490974310358346,-1.6452158982838052,0.1533119082059873
3,DiagReachK2,180,18,shapedW2,cost_0,optimism_sample,0.05352145311500714,0.01420907992016361,0.09658971823829994
3,DiagReachK2,180,18,shapedW2,cost_0,optimism_det,-0.02869242365393951,-0.03359008702371433,-0.02325575678531244
3,DiagReachK2,180,18,shapedW2,cost_0,Gsample,0.14468947239220142,0.10162120726890862,0.18400184558704494
3,DiagReachK2,180,18,shapedW2,cost_0,Gdet,0.22690334916114807,0.221466682292521,0.2318010125309229
3,DiagReachK2,180,18,shapedW2,cost_0,Ghold_timeLOO,0.22098620184057194,0.02020849170513922,0.41226199946499154
3,DiagReachK2,180,18,shapedW2,cost_1,optimism_sample,-0.38592609090297203,-0.496693365648712,-0.25879284143480197
3,DiagReachK2,180,18,shapedW2,cost_1,optimism_det,-0.4681409613931058,-0.4795184375488637,-0.4574996115410207
3,DiagReachK2,180,18,shapedW2,cost_1,Gsample,-0.25128354225307703,-0.37841679172124715,-0.14051626750733703
3,DiagReachK2,180,18,shapedW2,cost_1,Gdet,-0.16906867176294327,-0.1797100216150284,-0.15769119560718536
3,DiagReachK2,180,18,shapedW2,cost_1,Ghold_timeLOO,-0.34230292574897,-0.7206824065200836,-0.07233710787486386
3,DiagReachK2,180,18,rawKL,shaped,optimism_sample,-1.2620364481536401,-1.4857801482261104,-1.0553895491698844
3,DiagReachK2,180,18,rawKL,shaped,optimism_det,-1.6383096738504945,-1.669682254928234,-1.6028278669190739
3,DiagReachK2,180,18,rawKL,shaped,Gsample,-0.5077155644038384,-0.7143624633875941,-0.2839718643313682
3,DiagReachK2,180,18,rawKL,shaped,Gdet,-0.13144233870698388,-0.16692414563840446,-0.10006975762924439
3,DiagReachK2,180,18,rawKL,shaped,Ghold_timeLOO,-0.3336883821282937,-0.8556391464527071,0.026883162384223065
3,DiagReachK2,180,18,rawKL,raw,optimism_sample,0.13402920463465665,0.10769850573022924,0.15935638755075973
3,DiagReachK2,180,18,rawKL,raw,optimism_det,0.2025088835242961,0.19933590531194467,0.20532382234248778
3,DiagReachK2,180,18,rawKL,raw,Gsample,0.16804484073429657,0.14271765781819348,0.19437553963872398
3,DiagReachK2,180,18,rawKL,raw,Gdet,0.09956516184465711,0.09675022302646544,0.10273814005700854
3,DiagReachK2,180,18,rawKL,raw,Ghold_timeLOO,0.2343650757204583,0.13917415681229756,0.3241007941868186
3,DiagReachK2,180,18,rawKL,penalty,optimism_sample,1.3960655452014246,1.2025700608996042,1.6067491218476855
3,DiagReachK2,180,18,rawKL,penalty,optimism_det,1.8408184497879185,1.806218341508072,1.870757077055175
3,DiagReachK2,180,18,rawKL,penalty,Gsample,0.675760405138135,0.46507682849187404,0.8692558894399552
3,DiagReachK2,180,18,rawKL,penalty,Gdet,0.231007500551641,0.2010688732843846,0.2656076088314876
3,DiagReachK2,180,18,rawKL,penalty,Ghold_timeLOO,0.5680534362921934,0.17441178046941802,1.134164788158034
3,DiagReachK2,180,18,rawKL,cost_0,optimism_sample,0.20387871176642514,0.18249988848981596,0.22663836660501693
3,DiagReachK2,180,18,rawKL,cost_0,optimism_det,-0.016553707563456532,-0.01910191509234571,-0.013980189853486062
3,DiagReachK2,180,18,rawKL,cost_0,Gsample,0.31248341873288155,0.2897237638942897,0.3338622420094907
3,DiagReachK2,180,18,rawKL,cost_0,Gdet,0.5329158380627632,0.5303423203527927,0.5354640455916524
3,DiagReachK2,180,18,rawKL,cost_0,Ghold_timeLOO,0.42956042007809175,0.25231433973933487,0.6108781162830154
3,DiagReachK2,180,18,rawKL,cost_1,optimism_sample,0.4909211781500572,0.44814163415419994,0.529566355810567
3,DiagReachK2,180,18,rawKL,cost_1,optimism_det,0.36953619892436207,0.3654904653011555,0.3734004540993565
3,DiagReachK2,180,18,rawKL,cost_1,Gsample,0.3150990894064307,0.27645391174592077,0.3578786334022879
3,DiagReachK2,180,18,rawKL,cost_1,Gdet,0.43648406863212585,0.4326198134571314,0.44052980225533245
3,DiagReachK2,180,18,rawKL,cost_1,Ghold_timeLOO,0.35157321955493753,0.16021931305389286,0.5715783295575556
3,DiagReachK2,180,18,rawW2,shaped,optimism_sample,-1.2620364481536401,-1.4857801482261104,-1.0553895491698844
3,DiagReachK2,180,18,rawW2,shaped,optimism_det,-1.6383096738504945,-1.669682254928234,-1.6028278669190739
3,DiagReachK2,180,18,rawW2,shaped,Gsample,-0.5077155644038384,-0.7143624633875941,-0.2839718643313682
3,DiagReachK2,180,18,rawW2,shaped,Gdet,-0.13144233870698388,-0.16692414563840446,-0.10006975762924439
3,DiagReachK2,180,18,rawW2,shaped,Ghold_timeLOO,-0.3336883821282937,-0.8556391464527071,0.026883162384223065
3,DiagReachK2,180,18,rawW2,raw,optimism_sample,0.13402920463465665,0.10769850573022924,0.15935638755075973
3,DiagReachK2,180,18,rawW2,raw,optimism_det,0.2025088835242961,0.19933590531194467,0.20532382234248778
3,DiagReachK2,180,18,rawW2,raw,Gsample,0.16804484073429657,0.14271765781819348,0.19437553963872398
3,DiagReachK2,180,18,rawW2,raw,Gdet,0.09956516184465711,0.09675022302646544,0.10273814005700854
3,DiagReachK2,180,18,rawW2,raw,Ghold_timeLOO,0.2343650757204583,0.13917415681229756,0.3241007941868186
3,DiagReachK2,180,18,rawW2,penalty,optimism_sample,1.3960655452014246,1.2025700608996042,1.6067491218476855
3,DiagReachK2,180,18,rawW2,penalty,optimism_det,1.8408184497879185,1.806218341508072,1.870757077055175
3,DiagReachK2,180,18,rawW2,penalty,Gsample,0.675760405138135,0.46507682849187404,0.8692558894399552
3,DiagReachK2,180,18,rawW2,penalty,Gdet,0.231007500551641,0.2010688732843846,0.2656076088314876
3,DiagReachK2,180,18,rawW2,penalty,Ghold_timeLOO,0.5680534362921934,0.17441178046941802,1.134164788158034
3,DiagReachK2,180,18,rawW2,cost_0,optimism_sample,0.20387871176642514,0.18249988848981596,0.22663836660501693
3,DiagReachK2,180,18,rawW2,cost_0,optimism_det,-0.016553707563456532,-0.01910191509234571,-0.013980189853486062
3,DiagReachK2,180,18,rawW2,cost_0,Gsample,0.31248341873288155,0.2897237638942897,0.3338622420094907
3,DiagReachK2,180,18,rawW2,cost_0,Gdet,0.5329158380627632,0.5303423203527927,0.5354640455916524
3,DiagReachK2,180,18,rawW2,cost_0,Ghold_timeLOO,0.42956042007809175,0.25231433973933487,0.6108781162830154
3,DiagReachK2,180,18,rawW2,cost_1,optimism_sample,0.4909211781500572,0.44814163415419994,0.529566355810567
3,DiagReachK2,180,18,rawW2,cost_1,optimism_det,0.36953619892436207,0.3654904653011555,0.3734004540993565
3,DiagReachK2,180,18,rawW2,cost_1,Gsample,0.3150990894064307,0.27645391174592077,0.3578786334022879
3,DiagReachK2,180,18,rawW2,cost_1,Gdet,0.43648406863212585,0.4326198134571314,0.44052980225533245
3,DiagReachK2,180,18,rawW2,cost_1,Ghold_timeLOO,0.35157321955493753,0.16021931305389286,0.5715783295575556
6,DiagReachK2,186,6,shapedKL,shaped,optimism_sample,0.3549378107169504,0.22549906179427032,0.47523028614212076
6,DiagReachK2,186,6,shapedKL,shaped,optimism_det,0.6283619214871521,0.6178085006427989,0.6387474811451366
6,DiagReachK2,186,6,shapedKL,shaped,Gsample,0.1531142344386808,0.03282175901351039,0.28255298336136087
6,DiagReachK2,186,6,shapedKL,shaped,Gdet,-0.12030987633152093,-0.13069543598950537,-0.10975645548716774
6,DiagReachK2,186,6,shapedKL,shaped,Ghold_timeLOO,0.21685579117552467,-0.06017242220038826,0.55810005176452
6,DiagReachK2,186,6,shapedKL,raw,optimism_sample,0.23905072941841238,0.20142255477095092,0.2775761059803709
6,DiagReachK2,186,6,shapedKL,raw,optimism_det,0.31773157385944495,0.3071781530150918,0.3281171335174294
6,DiagReachK2,186,6,shapedKL,raw,Gsample,-0.04162903189048834,-0.08015440845244692,-0.004000857243026871
6,DiagReachK2,186,6,shapedKL,raw,Gdet,-0.12030987633152093,-0.13069543598950537,-0.10975645548716774
6,DiagReachK2,186,6,shapedKL,raw,Ghold_timeLOO,-0.028833512295087863,-0.13477658697489522,0.07547104564588566
6,DiagReachK2,186,6,shapedKL,penalty,optimism_sample,-0.1158870596127255,-0.22075797141675335,0.005168608607198379
6,DiagReachK2,186,6,shapedKL,penalty,optimism_det,-0.31063032594189477,-0.31063032594189477,-0.31063032594189477
6,DiagReachK2,186,6,shapedKL,penalty,Gsample,-0.19474326632916927,-0.31579893454909325,-0.08987235452514143
6,DiagReachK2,186,6,shapedKL,penalty,Gdet,0.0,0.0,0.0
6,DiagReachK2,186,6,shapedKL,penalty,Ghold_timeLOO,-0.24568930189937288,-0.5497210953950554,-0.016975548584169952
6,DiagReachK2,186,6,shapedKL,cost_0,optimism_sample,0.12373331929234449,0.09609313562655483,0.15573897766558112
6,DiagReachK2,186,6,shapedKL,cost_0,optimism_det,-0.04726187051596459,-0.04867967856439169,-0.04573058584096249
6,DiagReachK2,186,6,shapedKL,cost_0,Gsample,0.07993125263601542,0.04792559426277876,0.10757143630180507
6,DiagReachK2,186,6,shapedKL,cost_0,Gdet,0.2509264424443245,0.2493951577693224,0.2523442504927516
6,DiagReachK2,186,6,shapedKL,cost_0,Ghold_timeLOO,0.056744832877054854,-0.12473175257965971,0.23035134338254112
6,DiagReachK2,186,6,shapedKL,cost_1,optimism_sample,0.12667800001285362,0.0867174326623543,0.16647289841852472
6,DiagReachK2,186,6,shapedKL,cost_1,optimism_det,0.3525060124643831,0.3506631365925758,0.3544085523993461
6,DiagReachK2,186,6,shapedKL,cost_1,Gsample,-0.34158781729638577,-0.3813827157020569,-0.3016272499458864
6,DiagReachK2,186,6,shapedKL,cost_1,Gdet,-0.5674158297479153,-0.5693183696828783,-0.565572953876108
6,DiagReachK2,186,6,shapedKL,cost_1,Ghold_timeLOO,-0.5130091309361039,-0.6802340397236801,-0.327171765208717
6,DiagReachK2,186,6,shapedW2,shaped,optimism_sample,0.3969458153738863,0.24480502988246122,0.5476007729444365
6,DiagReachK2,186,6,shapedW2,shaped,optimism_det,0.7377582528332489,0.7259082095073409,0.7495885237305706
6,DiagReachK2,186,6,shapedW2,shaped,Gsample,0.15968859797490076,0.009033640404350417,0.3118293834663257
6,DiagReachK2,186,6,shapedW2,shaped,Gdet,-0.18112383948446184,-0.19295411038178356,-0.16927379615855392
6,DiagReachK2,186,6,shapedW2,shaped,Ghold_timeLOO,0.2704065190858993,-0.08003073916198764,0.7126903379071806
6,DiagReachK2,186,6,shapedW2,raw,optimism_sample,0.3064024096269841,0.25922899243755093,0.35261200272270476
6,DiagReachK2,186,6,shapedW2,raw,optimism_det,0.41459540410933543,0.4027453607834275,0.4264256750066572
6,DiagReachK2,186,6,shapedW2,raw,Gsample,-0.07293084500211051,-0.11914043809783118,-0.025757427812677345
6,DiagReachK2,186,6,shapedW2,raw,Gdet,-0.18112383948446184,-0.19295411038178356,-0.16927379615855392
6,DiagReachK2,186,6,shapedW2,raw,Ghold_timeLOO,-0.040996876290022785,-0.1796662277560679,0.09877207532060264
6,DiagReachK2,186,6,shapedW2,penalty,optimism_sample,-0.09054337953961733,-0.2166026702597672,0.0590853921622102
6,DiagReachK2,186,6,shapedW2,penalty,optimism_det,-0.32316282251662853,-0.32316282251662853,-0.32316282251662853
6,DiagReachK2,186,6,shapedW2,penalty,Gsample,-0.2326194429770112,-0.38224821467883885,-0.10656015225686133
6,DiagReachK2,186,6,shapedW2,penalty,Gdet,0.0,0.0,0.0
6,DiagReachK2,186,6,shapedW2,penalty,Ghold_timeLOO,-0.31140339024528096,-0.7162397692630978,-0.028003780367130072
6,DiagReachK2,186,6,shapedW2,cost_0,optimism_sample,0.21571202498141334,0.1818460065520148,0.2540841610750894
6,DiagReachK2,186,6,shapedW2,cost_0,optimism_det,0.018712646479044415,0.016714398900304295,0.02069592528257177
6,DiagReachK2,186,6,shapedW2,cost_0,Gsample,0.09988522529602051,0.06151308920234442,0.13375124372541905
6,DiagReachK2,186,6,shapedW2,cost_0,Gdet,0.29688460379838943,0.2949013249948621,0.29888285137712955
6,DiagReachK2,186,6,shapedW2,cost_0,Ghold_timeLOO,0.05005978072965124,-0.17905640728727434,0.2667049320757245
6,DiagReachK2,186,6,shapedW2,cost_1,optimism_sample,0.1910504368905716,0.14086297390319336,0.24396215372987018
6,DiagReachK2,186,6,shapedW2,cost_1,optimism_det,0.4903447978039079,0.4882436003376536,0.492647733895927
6,DiagReachK2,186,6,shapedW2,cost_1,Gsample,-0.47631397377699614,-0.5292256906162948,-0.4261265107896179
6,DiagReachK2,186,6,shapedW2,cost_1,Gdet,-0.7756083346903324,-0.7779112707823514,-0.7735071372240782
6,DiagReachK2,186,6,shapedW2,cost_1,Ghold_timeLOO,-0.6856065859522799,-0.9073927427439009,-0.4484955165374827
6,DiagReachK2,186,6,rawKL,shaped,optimism_sample,0.46591923301409993,0.3521382843380419,0.6015187711308075
6,DiagReachK2,186,6,rawKL,shaped,optimism_det,0.23140140563635042,0.22520871055540556,0.23764109568203662
6,DiagReachK2,186,6,rawKL,shaped,Gsample,-0.023875257869621913,-0.15947479598632958,0.08990569080643597
6,DiagReachK2,186,6,rawKL,shaped,Gdet,0.2106425695081276,0.2044028794624414,0.21683526458907246
6,DiagReachK2,186,6,rawKL,shaped,Ghold_timeLOO,0.28569034383367264,-0.051954991561086586,0.690632353562453
6,DiagReachK2,186,6,rawKL,raw,optimism_sample,0.44274657346624463,0.4082487651202218,0.48253042291007364
6,DiagReachK2,186,6,rawKL,raw,optimism_det,0.49966792448823666,0.4934752294072918,0.5059076145339229
6,DiagReachK2,186,6,rawKL,raw,Gsample,0.2675639205301196,0.22778007108629056,0.30206172887614247
6,DiagReachK2,186,6,rawKL,raw,Gdet,0.2106425695081276,0.2044028794624414,0.21683526458907246
6,DiagReachK2,186,6,rawKL,raw,Ghold_timeLOO,0.3610270600972497,0.2515361907007229,0.46435709146874854
6,DiagReachK2,186,6,rawKL,penalty,optimism_sample,-0.023172676287617322,-0.16530927371143156,0.09803230005406961
6,DiagReachK2,186,6,rawKL,penalty,optimism_det,0.2682665021121243,0.2682665021121243,0.2682665021121243
6,DiagReachK2,186,6,rawKL,penalty,Gsample,0.29143917839974165,0.1702342020580545,0.4335757758235559
6,DiagReachK2,186,6,rawKL,penalty,Gdet,0.0,0.0,0.0
6,DiagReachK2,186,6,rawKL,penalty,Ghold_timeLOO,0.07533672904390519,-0.30524266862318045,0.3774420813732594
6,DiagReachK2,186,6,rawKL,cost_0,optimism_sample,0.31705601408708495,0.2714540680181573,0.3705989230200986
6,DiagReachK2,186,6,rawKL,cost_0,optimism_det,-0.018518569994684042,-0.02287406504523355,-0.01382881340008575
6,DiagReachK2,186,6,rawKL,cost_0,Gsample,0.3673680406063795,0.31382513167336584,0.41296998667530715
6,DiagReachK2,186,6,rawKL,cost_0,Gdet,0.7029426246881485,0.6982528680935502,0.707298119738698
6,DiagReachK2,186,6,rawKL,cost_0,Ghold_timeLOO,0.35377868415444114,0.1988482871613731,0.5145956648403701
6,DiagReachK2,186,6,rawKL,cost_1,optimism_sample,0.08908828041452799,0.04351128366246704,0.13120742622699472
6,DiagReachK2,186,6,rawKL,cost_1,optimism_det,-0.1303168100218114,-0.13296226010721293,-0.12776020531606044
6,DiagReachK2,186,6,rawKL,cost_1,Gsample,0.18856601603329182,0.1464468702208251,0.23414301278535268
6,DiagReachK2,186,6,rawKL,cost_1,Gdet,0.4079711064696312,0.4054145017638803,0.4106165565550327
6,DiagReachK2,186,6,rawKL,cost_1,Ghold_timeLOO,0.253914645750321,0.04955864121025,0.5107456248689972
6,DiagReachK2,186,6,rawW2,shaped,optimism_sample,0.46481955675465486,0.3671833799548261,0.566498013869927
6,DiagReachK2,186,6,rawW2,shaped,optimism_det,0.32263665732355484,0.31650367459644624,0.3286477264187709
6,DiagReachK2,186,6,rawW2,shaped,Gsample,0.0794841453158372,-0.02219431179943499,0.17712032211566595
6,DiagReachK2,186,6,rawW2,shaped,Gdet,0.22166704474693724,0.21565597565172115,0.22780002747404582
6,DiagReachK2,186,6,rawW2,shaped,Ghold_timeLOO,0.3575953888054375,-0.00480569312262592,0.8464239428481621
6,DiagReachK2,186,6,rawW2,raw,optimism_sample,0.489291312054269,0.45449310748642724,0.530616132068025
6,DiagReachK2,186,6,rawW2,raw,optimism_det,0.5472724513111134,0.5411394685840049,0.5532835204063294
6,DiagReachK2,186,6,rawW2,raw,Gsample,0.27964818400378155,0.2383233639900256,0.31444638857162327
6,DiagReachK2,186,6,rawW2,raw,Gdet,0.22166704474693724,0.21565597565172115,0.22780002747404582
6,DiagReachK2,186,6,rawW2,raw,Ghold_timeLOO,0.37762735879452963,0.25064494846688706,0.5075240501150506
6,DiagReachK2,186,6,rawW2,penalty,optimism_sample,0.024471739073916587,-0.08448409719888189,0.1169723281633847
6,DiagReachK2,186,6,rawW2,penalty,optimism_det,0.224635777761861,0.224635777761861,0.224635777761861
6,DiagReachK2,186,6,rawW2,penalty,Gsample,0.2001640386879444,0.10766344959847629,0.3091198749607429
6,DiagReachK2,186,6,rawW2,penalty,Gdet,0.0,0.0,0.0
6,DiagReachK2,186,6,rawW2,penalty,Ghold_timeLOO,0.020031994104265642,-0.4449728926847187,0.35826598076022503
6,DiagReachK2,186,6,rawW2,cost_0,optimism_sample,0.3418997143002891,0.29061146330355786,0.3972867269840755
6,DiagReachK2,186,6,rawW2,cost_0,optimism_det,0.10008879551465744,0.09591193651582235,0.10484566656674378
6,DiagReachK2,186,6,rawW2,cost_0,Gsample,0.33915848191827536,0.2837714692344889,0.39044673291500653
6,DiagReachK2,186,6,rawW2,cost_0,Gdet,0.580969400703907,0.5762125296518207,0.5851462597027421
6,DiagReachK2,186,6,rawW2,cost_0,Ghold_timeLOO,0.27175929529467907,0.07431618207228342,0.4508400844183135
6,DiagReachK2,186,6,rawW2,cost_1,optimism_sample,0.07373070544049137,0.02662168374003836,0.11527564608909183
6,DiagReachK2,186,6,rawW2,cost_1,optimism_det,-0.14531913432806737,-0.14821398645222195,-0.14245089660912758
6,DiagReachK2,186,6,rawW2,cost_1,Gsample,0.1784121780656278,0.13686723741702736,0.22552119976608082
6,DiagReachK2,186,6,rawW2,cost_1,Gdet,0.39746201783418655,0.39459378011524676,0.40035686995834113
6,DiagReachK2,186,6,rawW2,cost_1,Ghold_timeLOO,0.25039538154904756,0.018571404220484533,0.5508928728463853
8,DiagReachK2,186,18,shapedKL,shaped,optimism_sample,2.1293679260448517,1.926583358770644,2.3295191756250735
8,DiagReachK2,186,18,shapedKL,shaped,optimism_det,2.4533432617174458,2.450100721682993,2.4556779178960553
8,DiagReachK2,186,18,shapedKL,shaped,Gsample,0.2278218346049926,0.02767058502477081,0.43060640187920046
8,DiagReachK2,186,18,shapedKL,shaped,Gdet,-0.09615350106760143,-0.09848815724621088,-0.09291096103314861
8,DiagReachK2,186,18,shapedKL,shaped,Ghold_timeLOO,0.6265367732427088,-0.030868024484587687,1.391102804601284
8,DiagReachK2,186,18,shapedKL,raw,optimism_sample,0.04310005100570949,0.0068615615575470645,0.07841247742396708
8,DiagReachK2,186,18,shapedKL,raw,optimism_det,0.0849464770755421,0.08352448074258571,0.08636218883666141
8,DiagReachK2,186,18,shapedKL,raw,Gsample,-0.0559943986723284,-0.09130682509058605,-0.01975590922416598
8,DiagReachK2,186,18,shapedKL,raw,Gdet,-0.09784082474216102,-0.09925653650328033,-0.09641882840920463
8,DiagReachK2,186,18,shapedKL,raw,Ghold_timeLOO,-0.07124642089037446,-0.17689701633632196,0.05178940915401588
8,DiagReachK2,186,18,shapedKL,penalty,optimism_sample,-2.086267966262892,-2.303484445331048,-1.8687180786024666
8,DiagReachK2,186,18,shapedKL,penalty,optimism_det,-2.368396875865653,-2.3700841995402127,-2.3660573951880335
8,DiagReachK2,186,18,shapedKL,penalty,Gsample,-0.28381623327732086,-0.501366120937746,-0.06659975420916463
8,DiagReachK2,186,18,shapedKL,penalty,Gdet,-0.0016873236745595932,-0.00402680435217917,0.0
8,DiagReachK2,186,18,shapedKL,penalty,Ghold_timeLOO,-0.6977832059890378,-1.4545610492146552,-0.015083349040363875
8,DiagReachK2,186,18,shapedKL,cost_0,optimism_sample,-0.46872265259992885,-0.5147123977567684,-0.4217407973974626
8,DiagReachK2,186,18,shapedKL,cost_0,optimism_det,-0.39537084284496116,-0.3982794295556526,-0.3925426566533427
8,DiagReachK2,186,18,shapedKL,cost_0,Gsample,0.09899250604212284,0.05201065083965659,0.14498225119896227
8,DiagReachK2,186,18,shapedKL,cost_0,Gdet,0.02564069628715515,0.022812510095536708,0.028549282997846603
8,DiagReachK2,186,18,shapedKL,cost_0,Ghold_timeLOO,0.2045850527774719,0.023105944894691043,0.3644904699590763
8,DiagReachK2,186,18,shapedKL,cost_1,optimism_sample,-0.18418431326018636,-0.2532495313996262,-0.11539846297556526
8,DiagReachK2,186,18,shapedKL,cost_1,optimism_det,0.051514600895177676,0.04707616616768773,0.0564452021641844
8,DiagReachK2,186,18,shapedKL,cost_1,Gsample,-0.24805240519344807,-0.3168382554780692,-0.17898718705400837
8,DiagReachK2,186,18,shapedKL,cost_1,Gdet,-0.4837513193488121,-0.48868192061781884,-0.47931288462132215
8,DiagReachK2,186,18,shapedKL,cost_1,Ghold_timeLOO,-0.12075307294741974,-0.34896824849623614,0.11309398550569406
8,DiagReachK2,186,18,shapedW2,shaped,optimism_sample,2.677280197690168,2.417623003314673,2.9364556752861986
8,DiagReachK2,186,18,shapedW2,shaped,optimism_det,3.0773589535140835,3.0738472791749314,3.0801743247093305
8,DiagReachK2,186,18,shapedW2,shaped,Gsample,0.25197294257391145,-0.0072025350221190405,0.5116301369494065
8,DiagReachK2,186,18,shapedW2,shaped,Gdet,-0.14810581325000374,-0.15092118444525093,-0.14459413891085204
8,DiagReachK2,186,18,shapedW2,shaped,Ghold_timeLOO,0.7486058341183905,-0.08080856559689546,1.7056157351337928
8,DiagReachK2,186,18,shapedW2,raw,optimism_sample,0.05583956162551921,0.012768814721369339,0.09801592799033347
8,DiagReachK2,186,18,shapedW2,raw,optimism_det,0.10533191568513076,0.10326441460711284,0.10731424511750705
8,DiagReachK2,186,18,shapedW2,raw,Gsample,-0.1003007828649518,-0.14247714922976606,-0.057230035960801964
8,DiagReachK2,186,18,shapedW2,raw,Gdet,-0.14979313692456334,-0.15177546635693961,-0.14772563584654544
8,DiagReachK2,186,18,shapedW2,raw,Ghold_timeLOO,-0.11527237377838713,-0.2533834704565017,0.04276642716403648
8,DiagReachK2,186,18,shapedW2,penalty,optimism_sample,-2.6214407500098758,-2.9000395923955664,-2.3459249788881578
8,DiagReachK2,186,18,shapedW2,penalty,optimism_det,-2.972027151774179,-2.973714475448739,-2.9696876710965596
8,DiagReachK2,186,18,shapedW2,penalty,Gsample,-0.35227372543886304,-0.627789496560581,-0.07367488305317277
8,DiagReachK2,186,18,shapedW2,penalty,Gdet,-0.0016873236745595932,-0.00402680435217917,0.0
8,DiagReachK2,186,18,shapedW2,penalty,Ghold_timeLOO,-0.8638782222354954,-1.816561267743291,-0.03213567096340511
8,DiagReachK2,186,18,shapedW2,cost_0,optimism_sample,-0.6376011057196929,-0.6971656368485464,-0.5827661914656682
8,DiagReachK2,186,18,shapedW2,cost_0,optimism_det,-0.5696862230448796,-0.5732005278019978,-0.5663181523232533
8,DiagReachK2,186,18,shapedW2,cost_0,Gsample,0.0951280239969492,0.04029310974292457,0.1546925551258027
8,DiagReachK2,186,18,shapedW2,cost_0,Gdet,0.027213141322135925,0.023845070600509645,0.030727446079254147
8,DiagReachK2,186,18,shapedW2,cost_0,Ghold_timeLOO,0.24559421920446722,0.006904443233012049,0.4604351321848414
8,DiagReachK2,186,18,shapedW2,cost_1,optimism_sample,-0.24949531007261494,-0.3349237590719155,-0.16331023680215248
8,DiagReachK2,186,18,shapedW2,cost_1,optimism_det,0.029886668252930848,0.024020420464859214,0.036006083230660166
8,DiagReachK2,186,18,shapedW2,cost_1,Gsample,-0.35111330915242434,-0.43729838242288677,-0.26568486015312387
8,DiagReachK2,186,18,shapedW2,cost_1,Gdet,-0.6304952874779701,-0.6366147024556994,-0.6246290396898985
8,DiagReachK2,186,18,shapedW2,cost_1,Ghold_timeLOO,-0.17165925860838072,-0.4506915119072755,0.13713299863730988
8,DiagReachK2,186,18,rawKL,shaped,optimism_sample,0.4990638574681803,0.27987889653002607,0.7434509938113414
8,DiagReachK2,186,18,rawKL,shaped,optimism_det,0.06791313426548022,0.03711353229597834,0.10243946136434542
8,DiagReachK2,186,18,rawKL,shaped,Gsample,-0.6031004801143358,-0.8474876164574972,-0.3839155191761816
8,DiagReachK2,186,18,rawKL,shaped,Gdet,-0.17194975691163572,-0.20647608401050094,-0.14115015494213384
8,DiagReachK2,186,18,rawKL,shaped,Ghold_timeLOO,-1.1056706804254877,-1.7577723189789802,-0.4581460291086604
8,DiagReachK2,186,18,rawKL,raw,optimism_sample,0.36898244659103474,0.33141696221538347,0.4048982665366528
8,DiagReachK2,186,18,rawKL,raw,optimism_det,0.4339670541473237,0.4301697517424869,0.43753434143716696
8,DiagReachK2,186,18,rawKL,raw,Gsample,0.1612627649928979,0.12534694504727986,0.19882824936854912
8,DiagReachK2,186,18,rawKL,raw,Gdet,0.09627815743660895,0.09271087014676571,0.10007545984144575
8,DiagReachK2,186,18,rawKL,raw,Ghold_timeLOO,0.09449475426883618,-0.07278840021905808,0.245875345116277
8,DiagReachK2,186,18,rawKL,penalty,optimism_sample,-0.13008137680393728,-0.3834114852225323,0.08851951408629213
8,DiagReachK2,186,18,rawKL,penalty,optimism_det,0.3660539539550516,0.3295248249332505,0.3977128105024892
8,DiagReachK2,186,18,rawKL,penalty,Gsample,0.7643632451072335,0.545762354217004,1.0176933535258286
8,DiagReachK2,186,18,rawKL,penalty,Gdet,0.26822791434824467,0.23656905780080706,0.3047570433700457
8,DiagReachK2,186,18,rawKL,penalty,Ghold_timeLOO,1.2001654463560711,0.5243024432435769,1.8709247174087416
8,DiagReachK2,186,18,rawKL,cost_0,optimism_sample,0.04001360982723029,-0.010456873103310749,0.0854324597871998
8,DiagReachK2,186,18,rawKL,cost_0,optimism_det,-0.20716203898124902,-0.21072622667931526,-0.20419160183452575
8,DiagReachK2,186,18,rawKL,cost_0,Gsample,0.3943452835083008,0.34892643354833125,0.4448157664388418
8,DiagReachK2,186,18,rawKL,cost_0,Gdet,0.6415209323167801,0.6385504951700568,0.6450851200148463
8,DiagReachK2,186,18,rawKL,cost_0,Ghold_timeLOO,0.36288407909555076,0.12882790988295187,0.6521387124209967
8,DiagReachK2,186,18,rawKL,cost_1,optimism_sample,0.0850483343943148,0.04657532828926436,0.1271871808457314
8,DiagReachK2,186,18,rawKL,cost_1,optimism_det,-0.10012586070158191,-0.10429817577757546,-0.09637787332691856
8,DiagReachK2,186,18,rawKL,cost_1,Gsample,0.22597181983292103,0.18383297338150442,0.2644448259379714
8,DiagReachK2,186,18,rawKL,cost_1,Gdet,0.41114601492881775,0.4073980275541544,0.4153183300048113
8,DiagReachK2,186,18,rawKL,cost_1,Ghold_timeLOO,0.16101816731545696,-0.13326369001810764,0.46642196006715114
8,DiagReachK2,186,18,rawW2,shaped,optimism_sample,0.711057055449804,0.4506256956970843,1.0095868180294054
8,DiagReachK2,186,18,rawW2,shaped,optimism_det,0.3415645793020065,0.2999849588226916,0.3866707518185959
8,DiagReachK2,186,18,rawW2,shaped,Gsample,-0.7470633074177838,-1.0455930699973852,-0.48663194766506407
8,DiagReachK2,186,18,rawW2,shaped,Gdet,-0.37757083126998625,-0.4226770037865757,-0.33599121079067135
8,DiagReachK2,186,18,rawW2,shaped,Ghold_timeLOO,-1.4096622700737287,-2.246985262428101,-0.5848384073850823
8,DiagReachK2,186,18,rawW2,raw,optimism_sample,0.4203778719049461,0.3727589728400862,0.465001016754257
8,DiagReachK2,186,18,rawW2,raw,optimism_det,0.5048270827673768,0.5004494368273372,0.5090766740906184
8,DiagReachK2,186,18,rawW2,raw,Gsample,0.18175972313597394,0.13713657828666304,0.22937862220083374
8,DiagReachK2,186,18,rawW2,raw,Gdet,0.09731051227354323,0.09306092095030169,0.10168815821358283
8,DiagReachK2,186,18,rawW2,raw,Ghold_timeLOO,0.09255443334514,-0.12593239095775355,0.2877560085637087
8,DiagReachK2,186,18,rawW2,penalty,optimism_sample,-0.2906791299842796,-0.5985740821720599,-0.028647001404830754
8,DiagReachK2,186,18,rawW2,penalty,optimism_det,0.16326255702594905,0.11594676053798436,0.20468935267715385
8,DiagReachK2,186,18,rawW2,penalty,Gsample,0.9288230305537581,0.6667909019743092,1.2367179827415384
8,DiagReachK2,186,18,rawW2,penalty,Gdet,0.4748813435435295,0.4334545478923246,0.5221971400314942
8,DiagReachK2,186,18,rawW2,penalty,Ghold_timeLOO,1.5022167180151065,0.6451392033138083,2.3803305961656656
8,DiagReachK2,186,18,rawW2,cost_0,optimism_sample,0.04480454459785077,-0.015504815811304718,0.1005770870856806
8,DiagReachK2,186,18,rawW2,cost_0,optimism_det,-0.25749534793199447,-0.26188831698150783,-0.25381945200265793
8,DiagReachK2,186,18,rawW2,cost_0,Gsample,0.4742711801081896,0.41849863762035966,0.534580540517345
8,DiagReachK2,186,18,rawW2,cost_0,Gdet,0.7765710726380348,0.7728951767086982,0.7809640416875482
8,DiagReachK2,186,18,rawW2,cost_0,Ghold_timeLOO,0.41079362534381636,0.121632808805683,0.7690280969666047
8,DiagReachK2,186,18,rawW2,cost_1,optimism_sample,0.05098105075539733,0.004578339159523048,0.10165575223745488
8,DiagReachK2,186,18,rawW2,cost_1,optimism_det,-0.2004735889588139,-0.2054070056159637,-0.1960756587539456
8,DiagReachK2,186,18,rawW2,cost_1,Gsample,0.2626967024989426,0.21202200101688504,0.3090994140948169
8,DiagReachK2,186,18,rawW2,cost_1,Gdet,0.5141513422131538,0.5097534120082855,0.5190847588703036
8,DiagReachK2,186,18,rawW2,cost_1,Ghold_timeLOO,0.17916246982525977,-0.20552324047170129,0.5768970166673502
11,DiagReachK2,187,6,shapedKL,shaped,optimism_sample,1.8956984448215934,1.5544234888643513,2.249358484168035
11,DiagReachK2,187,6,shapedKL,shaped,optimism_det,3.007585340484931,3.005450206481602,3.0099079296208053
11,DiagReachK2,187,6,shapedKL,shaped,Gsample,0.8845467072052997,0.5308866678588584,1.2258216631625416
11,DiagReachK2,187,6,shapedKL,shaped,Gdet,-0.22734018845803808,-0.22966277759391227,-0.22520505445470915
11,DiagReachK2,187,6,shapedKL,shaped,Ghold_timeLOO,1.1704455646630223,0.4110143659342426,1.8915693486651743
11,DiagReachK2,187,6,shapedKL,raw,optimism_sample,0.008772056396893435,-0.02321979289454125,0.04477414419014279
11,DiagReachK2,187,6,shapedKL,raw,optimism_det,0.052532986520865216,0.050416126520695964,0.054687247085577075
11,DiagReachK2,187,6,shapedKL,raw,Gsample,-0.18391732842865172,-0.2199194162219011,-0.1519254791372171
11,DiagReachK2,187,6,shapedKL,raw,Gdet,-0.2276782585526235,-0.22983251911733535,-0.22556139855245425
11,DiagReachK2,187,6,shapedKL,raw,Ghold_timeLOO,-0.11245018799741742,-0.2299282000144358,0.010360785555299292
11,DiagReachK2,187,6,shapedKL,penalty,optimism_sample,-1.8869265682412322,-2.249255757674017,-1.549991382821371
11,DiagReachK2,187,6,shapedKL,penalty,optimism_det,-2.955052533780598,-2.9553906038751836,-2.9543763935914273
11,DiagReachK2,187,6,shapedKL,penalty,Gsample,-1.0684640356339514,-1.4053992210538127,-0.7061348462011667
11,DiagReachK2,187,6,shapedKL,penalty,Gdet,-0.0003380700945854187,-0.001014210283756256,0.0
11,DiagReachK2,187,6,shapedKL,penalty,Ghold_timeLOO,-1.282895703995051,-2.0142601141373633,-0.534198311975677
11,DiagReachK2,187,6,shapedKL,cost_0,optimism_sample,-0.4495686247560864,-0.5558370323584152,-0.3452664286911225
11,DiagReachK2,187,6,shapedKL,cost_0,optimism_det,-0.2172077369492238,-0.23115773094703607,-0.20400088956465176
11,DiagReachK2,187,6,shapedKL,cost_0,Gsample,-0.5407429528422654,-0.6450451489072293,-0.43447454523993667
11,DiagReachK2,187,6,shapedKL,cost_0,Gdet,-0.773103840649128,-0.7863106880337,-0.7591538466513157
11,DiagReachK2,187,6,shapedKL,cost_0,Ghold_timeLOO,-0.7286453345865148,-1.0758473649683162,-0.4218540819536029
11,DiagReachK2,187,6,shapedKL,cost_1,optimism_sample,-0.3354373008385638,-0.37059200906896617,-0.29337050267731424
11,DiagReachK2,187,6,shapedKL,cost_1,optimism_det,-0.10196867700669565,-0.10709243904802598,-0.09661929387602605
11,DiagReachK2,187,6,shapedKL,cost_1,Gsample,-0.1945160012692213,-0.23658279943047092,-0.159361293038819
11,DiagReachK2,187,6,shapedKL,cost_1,Gdet,-0.4279846251010895,-0.43333400823175905,-0.4228608630597591
11,DiagReachK2,187,6,shapedKL,cost_1,Ghold_timeLOO,-0.0856258518837247,-0.3238495152230805,0.15391476177558996
11,DiagReachK2,187,6,shapedW2,shaped,optimism_sample,1.876895061735509,1.5797030054751853,2.1918957291538663
11,DiagReachK2,187,6,shapedW2,shaped,optimism_det,2.816405607654583,2.8137985391160925,2.8195224806745185
11,DiagReachK2,187,6,shapedW2,shaped,Gsample,0.806186065834663,0.4911853984163051,1.103378122094986
11,DiagReachK2,187,6,shapedW2,shaped,Gdet,-0.13332448008441153,-0.13644135310434666,-0.13071741154592048
11,DiagReachK2,187,6,shapedW2,shaped,Ghold_timeLOO,1.0582321866209892,0.3547629256228651,1.7268371008255126
11,DiagReachK2,187,6,shapedW2,raw,optimism_sample,-0.01644108323799355,-0.05084517339137815,0.02109457468772065
11,DiagReachK2,187,6,shapedW2,raw,optimism_det,0.02367230228882644,0.020942097226537122,0.026728961554866013
11,DiagReachK2,187,6,shapedW2,raw,Gsample,-0.09354916465217696,-0.13108482257789122,-0.059145074498792354
11,DiagReachK2,187,6,shapedW2,raw,Gdet,-0.13366255017899695,-0.13671920944503652,-0.13093234511670762
11,DiagReachK2,187,6,shapedW2,raw,Ghold_timeLOO,0.004175858481732223,-0.10349000286476275,0.10944992011819642
11,DiagReachK2,187,6,shapedW2,penalty,optimism_sample,-1.8933363202159006,-2.2103937776191804,-1.586335576641438
11,DiagReachK2,187,6,shapedW2,penalty,optimism_det,-2.792733480608155,-2.7930715507027406,-2.7920573404189843
11,DiagReachK2,187,6,shapedW2,penalty,Gsample,-0.89973523048684,-1.2067359740613028,-0.5826777730835605
11,DiagReachK2,187,6,shapedW2,penalty,Gdet,-0.0003380700945854187,-0.001014210283756256,0.0
11,DiagReachK2,187,6,shapedW2,penalty,Ghold_timeLOO,-1.054056281031292,-1.7184399261387275,-0.3799766655555105
11,DiagReachK2,187,6,shapedW2,cost_0,optimism_sample,-0.4638626282612929,-0.5662650902100974,-0.3664067093676092
11,DiagReachK2,187,6,shapedW2,cost_0,optimism_det,-0.32667925074204296,-0.3407601363535175,-0.31303685489549726
11,DiagReachK2,187,6,shapedW2,cost_0,Gsample,-0.43285333923995495,-0.5303092581336386,-0.33045087729115064
11,DiagReachK2,187,6,shapedW2,cost_0,Gdet,-0.5700367167592049,-0.5836791126057506,-0.5559558311477304
11,DiagReachK2,187,6,shapedW2,cost_0,Ghold_timeLOO,-0.5881058057994145,-0.9014874237333937,-0.30852449545772426
11,DiagReachK2,187,6,shapedW2,cost_1,optimism_sample,-0.32887599331129924,-0.3588201447766146,-0.29407551517047575
11,DiagReachK2,187,6,shapedW2,cost_1,optimism_det,-0.22577055024717585,-0.23069026249264019,-0.22069904676441685
11,DiagReachK2,187,6,shapedW2,cost_1,Gsample,-0.06746379053220153,-0.10226426867302507,-0.037519639066886164
11,DiagReachK2,187,6,shapedW2,cost_1,Gdet,-0.17056923359632492,-0.17564073707908393,-0.16564952135086058
11,DiagReachK2,187,6,shapedW2,cost_1,Ghold_timeLOO,0.06508819497691401,-0.14445684017324573,0.29568543660940394
11,DiagReachK2,187,6,rawKL,shaped,optimism_sample,-0.6463295932580159,-0.8382998905312982,-0.4597867079578654
11,DiagReachK2,187,6,rawKL,shaped,optimism_det,-0.5853351375687815,-0.6367511678589834,-0.5336547274587248
11,DiagReachK2,187,6,rawKL,shaped,Gsample,-0.29726362053535815,-0.48380650583550866,-0.10529332326207601
11,DiagReachK2,187,6,rawKL,shaped,Gdet,-0.3582580762245925,-0.40993848633464935,-0.3068420459343905
11,DiagReachK2,187,6,rawKL,shaped,Ghold_timeLOO,-0.4478568415567603,-1.1015189149173472,0.02899517218226165
11,DiagReachK2,187,6,rawKL,raw,optimism_sample,0.23000706965775708,0.18257226079719527,0.27585462311525494
11,DiagReachK2,187,6,rawKL,raw,optimism_det,0.45135977083152223,0.4499165912194159,0.45289442553742393
11,DiagReachK2,187,6,rawKL,raw,Gsample,0.30904375750340585,0.26319620404590793,0.3564785663639677
11,DiagReachK2,187,6,rawKL,raw,Gdet,0.0876910563296407,0.086156401623739,0.08913423594174706
11,DiagReachK2,187,6,rawKL,raw,Ghold_timeLOO,0.24745070287575746,0.12646152693841603,0.3581542648602363
11,DiagReachK2,187,6,rawKL,penalty,optimism_sample,0.8763368125589808,0.712494900850976,1.0406524999350553
11,DiagReachK2,187,6,rawKL,penalty,optimism_det,1.0366950580435117,0.985558545035707,1.0867670822706317
11,DiagReachK2,187,6,rawKL,penalty,Gsample,0.606307378038764,0.4419916906626895,0.7701492897467688
11,DiagReachK2,187,6,rawKL,penalty,Gdet,0.4459491325542331,0.3958771083271131,0.4970856455620378
11,DiagReachK2,187,6,rawKL,penalty,Ghold_timeLOO,0.695307512021773,0.203518077487058,1.3403399767110669
11,DiagReachK2,187,6,rawKL,cost_0,optimism_sample,-0.02902045497954886,-0.06428915344928454,0.00911262383400398
11,DiagReachK2,187,6,rawKL,cost_0,optimism_det,-0.40303920699567597,-0.405904171488295,-0.3999744229605893
11,DiagReachK2,187,6,rawKL,cost_0,Gsample,0.36051373835653067,0.3223806595429778,0.39578243682626635
11,DiagReachK2,187,6,rawKL,cost_0,Gdet,0.7345324903726578,0.7314677063375712,0.7373974548652769
11,DiagReachK2,187,6,rawKL,cost_0,Ghold_timeLOO,0.4122273100794076,0.18567145978070482,0.635650449871318
11,DiagReachK2,187,6,rawKL,cost_1,optimism_sample,0.5886422096514039,0.5408545519453369,0.6324513575057394
11,DiagReachK2,187,6,rawKL,cost_1,optimism_det,0.22375114716076183,0.2175891362824373,0.22966786834829378
11,DiagReachK2,187,6,rawKL,cost_1,Gsample,0.4283570097759366,0.384547861921601,0.47614466748200357
11,DiagReachK2,187,6,rawKL,cost_1,Gdet,0.7932480722665787,0.7873313510790467,0.7994100831449031
11,DiagReachK2,187,6,rawKL,cost_1,Ghold_timeLOO,0.38740568310531215,0.2047186555550308,0.5672348125869155
11,DiagReachK2,187,6,rawW2,shaped,optimism_sample,-0.6622988778993142,-0.8860749609372208,-0.4530316874749265
11,DiagReachK2,187,6,rawW2,shaped,optimism_det,-0.648178535137502,-0.6968712350621518,-0.5953989806397457
11,DiagReachK2,187,6,rawW2,shaped,Gsample,-0.42628396802283963,-0.6355511584472275,-0.202507884984933
11,DiagReachK2,187,6,rawW2,shaped,Gdet,-0.4404043107846518,-0.49318386528240826,-0.39171161086000206
11,DiagReachK2,187,6,rawW2,shaped,Ghold_timeLOO,-0.62256392707885,-1.3301847419116646,-0.08368521594226538
11,DiagReachK2,187,6,rawW2,raw,optimism_sample,0.1924539107388873,0.14328075816336375,0.24020236319349
11,DiagReachK2,187,6,rawW2,raw,optimism_det,0.4570052151058609,0.4557484818887006,0.4583825942592069
11,DiagReachK2,187,6,rawW2,raw,Gsample,0.3160981155309812,0.2683496630763785,0.3652712681065048
11,DiagReachK2,187,6,rawW2,raw,Gdet,0.05154681116400764,0.050169432010661576,0.052803544381167904
11,DiagReachK2,187,6,rawW2,raw,Ghold_timeLOO,0.2560914727714606,0.14356158999415658,0.3702865148629796
11,DiagReachK2,187,6,rawW2,penalty,optimism_sample,0.8547529210283376,0.6740218553406141,1.0446302358124357
11,DiagReachK2,187,6,rawW2,penalty,optimism_det,1.105183882633499,1.0523451999708033,1.1535109837952024
11,DiagReachK2,187,6,rawW2,penalty,Gsample,0.7423820835538208,0.5525047687697224,0.9231131492415442
11,DiagReachK2,187,6,rawW2,penalty,Gdet,0.4919511219486594,0.44362402078695595,0.5447898046113551
11,DiagReachK2,187,6,rawW2,penalty,Ghold_timeLOO,0.8786553648730615,0.3280974042444074,1.585465339922436
11,DiagReachK2,187,6,rawW2,cost_0,optimism_sample,0.0013547839292572528,-0.04533963694253325,0.048870263660630714
11,DiagReachK2,187,6,rawW2,cost_0,optimism_det,-0.4681214358030571,-0.47065283277320996,-0.46556872421193257
11,DiagReachK2,187,6,rawW2,cost_0,Gsample,0.47027047304436564,0.42275499331299216,0.5169648939161562
11,DiagReachK2,187,6,rawW2,cost_0,Gdet,0.93974669277668,0.9371939811855554,0.9422780897468328
11,DiagReachK2,187,6,rawW2,cost_0,Ghold_timeLOO,0.5368738013630576,0.30673680182527546,0.7739651139038409
11,DiagReachK2,187,6,rawW2,cost_1,optimism_sample,0.5162460805249529,0.47202290304537287,0.5567733540532308
11,DiagReachK2,187,6,rawW2,cost_1,optimism_det,0.22695300275060704,0.22149747194323113,0.2323235218745785
11,DiagReachK2,187,6,rawW2,cost_1,Gsample,0.37720498722046614,0.33667771369218824,0.4214281647000462
11,DiagReachK2,187,6,rawW2,cost_1,Gdet,0.666498064994812,0.6611275458708405,0.6719535958021879
11,DiagReachK2,187,6,rawW2,cost_1,Ghold_timeLOO,0.3273247627652241,0.13973930885348365,0.5191726284498582
13,DiagReachK2,187,18,shapedKL,shaped,optimism_sample,2.4504745327210182,2.3304433505745368,2.552365715031594
13,DiagReachK2,187,18,shapedKL,shaped,optimism_det,2.535518844043833,2.5267468279827856,2.543615031636802
13,DiagReachK2,187,18,shapedKL,shaped,Gsample,0.21964320101842522,0.11775201870784938,0.3396743831649062
13,DiagReachK2,187,18,shapedKL,shaped,Gdet,0.13459888969560987,0.1265027021026414,0.1433709057566578
13,DiagReachK2,187,18,shapedKL,shaped,Ghold_timeLOO,0.6354723984275322,-0.03556863059699582,1.8050634242201158
13,DiagReachK2,187,18,shapedKL,raw,optimism_sample,-0.2445847368576862,-0.29867019898132563,-0.1946624254635746
13,DiagReachK2,187,18,shapedKL,raw,optimism_det,-0.38160790225076346,-0.39037991831181135,-0.3735117146577949
13,DiagReachK2,187,18,shapedKL,raw,Gsample,-0.002424275697467358,-0.05234658709157895,0.05166118642617201
13,DiagReachK2,187,18,shapedKL,raw,Gdet,0.13459888969560987,0.1265027021026414,0.1433709057566578
13,DiagReachK2,187,18,shapedKL,raw,Ghold_timeLOO,-0.08262814450419614,-0.17201178596800726,0.01043614765688075
13,DiagReachK2,187,18,shapedKL,penalty,optimism_sample,-2.6950592685622548,-2.8081913510702003,-2.5621838262902026
13,DiagReachK2,187,18,shapedKL,penalty,optimism_det,-2.9171267452781473,-2.9171267452781473,-2.9171267452781473
13,DiagReachK2,187,18,shapedKL,penalty,Gsample,-0.22206747671589255,-0.3549429189879447,-0.10893539420794698
13,DiagReachK2,187,18,shapedKL,penalty,Gdet,0.0,0.0,0.0
13,DiagReachK2,187,18,shapedKL,penalty,Ghold_timeLOO,-0.7181005289165833,-1.8914567436244145,-0.044685978996889676
13,DiagReachK2,187,18,shapedKL,cost_0,optimism_sample,-0.8936771755770095,-0.9733218672999427,-0.8252565445808941
13,DiagReachK2,187,18,shapedKL,cost_0,optimism_det,-1.2364877388544628,-1.2470247405313204,-1.2259794695034871
13,DiagReachK2,187,18,shapedKL,cost_0,Gsample,-0.10271801752969623,-0.17113864852581173,-0.02307332580676308
13,DiagReachK2,187,18,shapedKL,cost_0,Gdet,0.24009254574775696,0.2295842763967812,0.2506295474246144
13,DiagReachK2,187,18,shapedKL,cost_0,Ghold_timeLOO,-0.34008504824868785,-0.7883519306606807,0.03293458608237709
13,DiagReachK2,187,18,shapedKL,cost_1,optimism_sample,-0.1988516522947868,-0.21847263978833162,-0.18085195330476217
13,DiagReachK2,187,18,shapedKL,cost_1,optimism_det,-0.2605338598046621,-0.26202121250370347,-0.2590584639836272
13,DiagReachK2,187,18,shapedKL,cost_1,Gsample,-0.012526800855994225,-0.03052649984601885,0.0070941866375505876
13,DiagReachK2,187,18,shapedKL,cost_1,Gdet,0.04915540665388107,0.04768001083284616,0.05064275935292244
13,DiagReachK2,187,18,shapedKL,cost_1,Ghold_timeLOO,-0.03844446483658981,-0.12559013821572956,0.04605835308372572
13,DiagReachK2,187,18,shapedW2,shaped,optimism_sample,2.435500302952048,2.319321947858505,2.5357477327255062
13,DiagReachK2,187,18,shapedW2,shaped,optimism_det,2.504215686869575,2.4948739177143406,2.512867399403428
13,DiagReachK2,187,18,shapedW2,shaped,Gsample,0.23122504559159993,0.1309776158181419,0.3474034006851431
13,DiagReachK2,187,18,shapedW2,shaped,Gdet,0.16250966167407335,0.1538579491402199,0.1718514308293077
13,DiagReachK2,187,18,shapedW2,shaped,Ghold_timeLOO,0.646919915078636,-0.02128407846195755,1.8132365633331857
13,DiagReachK2,187,18,shapedW2,raw,optimism_sample,-0.2339715031472321,-0.29207721134929726,-0.1815149656214003
13,DiagReachK2,187,18,shapedW2,raw,optimism_det,-0.3727899416246131,-0.3821317107798474,-0.36413822909075966
13,DiagReachK2,187,18,shapedW2,raw,Gsample,0.023691223196692375,-0.02876531432913946,0.08179693139875749
13,DiagReachK2,187,18,shapedW2,raw,Gdet,0.16250966167407335,0.1538579491402199,0.1718514308293077
13,DiagReachK2,187,18,shapedW2,raw,Ghold_timeLOO,-0.05786851904249045,-0.14806358584774362,0.034620359984786526
13,DiagReachK2,187,18,shapedW2,penalty,optimism_sample,-2.6694718009209697,-2.7798281910479505,-2.5447492411010404
13,DiagReachK2,187,18,shapedW2,penalty,optimism_det,-2.877005623315877,-2.877005623315877,-2.877005623315877
13,DiagReachK2,187,18,shapedW2,penalty,Gsample,-0.20753382239490747,-0.3322563822148368,-0.09717743226792666
13,DiagReachK2,187,18,shapedW2,penalty,Gdet,0.0,0.0,0.0
13,DiagReachK2,187,18,shapedW2,penalty,Ghold_timeLOO,-0.7047884191605774,-1.876925904418641,-0.03644639725806437
13,DiagReachK2,187,18,shapedW2,cost_0,optimism_sample,-0.8954907681707646,-0.9752609664838182,-0.8249833998650665
13,DiagReachK2,187,18,shapedW2,cost_0,optimism_det,-1.2729916985061371,-1.2836510470982994,-1.2624698907051588
13,DiagReachK2,187,18,shapedW2,cost_0,Gsample,-0.061809712555259466,-0.1323170808609575,0.017960485757794208
13,DiagReachK2,187,18,shapedW2,cost_0,Gdet,0.3156912177801132,0.3051694099791348,0.32635056637227533
13,DiagReachK2,187,18,shapedW2,cost_0,Ghold_timeLOO,-0.3049181618676859,-0.7556498866547254,0.06584077632237342
13,DiagReachK2,187,18,shapedW2,cost_1,optimism_sample,-0.18044429662724287,-0.20138699410337285,-0.1612182183339566
13,DiagReachK2,187,18,shapedW2,cost_1,optimism_det,-0.24740165722643287,-0.2490568497133747,-0.2457696447995797
13,DiagReachK2,187,18,shapedW2,cost_1,Gsample,0.0021751089952886105,-0.017050969297997653,0.02311780647141859
13,DiagReachK2,187,18,shapedW2,cost_1,Gdet,0.06913246959447861,0.06750045716762543,0.07078766208142041
13,DiagReachK2,187,18,shapedW2,cost_1,Ghold_timeLOO,-0.029702920407818943,-0.1185811698251051,0.05680721812985127
13,DiagReachK2,187,18,rawKL,shaped,optimism_sample,-1.08524095463268,-1.2411223261774633,-0.9007881653147009
13,DiagReachK2,187,18,rawKL,shaped,optimism_det,-1.3487436482013855,-1.3621233538013153,-1.336193020850373
13,DiagReachK2,187,18,rawKL,shaped,Gsample,-0.017767942038881344,-0.20222073135686064,0.13811342950590177
13,DiagReachK2,187,18,rawKL,shaped,Gdet,0.24573475152982396,0.23318412417881157,0.2591144571297538
13,DiagReachK2,187,18,rawKL,shaped,Ghold_timeLOO,-0.04706469472647005,-0.3515166581917926,0.16922504516496192
13,DiagReachK2,187,18,rawKL,raw,optimism_sample,0.4674846081462394,0.4119043462775807,0.5312831116312936
13,DiagReachK2,187,18,rawKL,raw,optimism_det,0.48977046555047254,0.4763907599505427,0.5023210929014849
13,DiagReachK2,187,18,rawKL,raw,Gsample,0.2680206089340571,0.2042221054490028,0.32360087080271577
13,DiagReachK2,187,18,rawKL,raw,Gdet,0.24573475152982396,0.23318412417881157,0.2591144571297538
13,DiagReachK2,187,18,rawKL,raw,Ghold_timeLOO,0.2128138101157977,0.13335218387495315,0.28772504177182595
13,DiagReachK2,187,18,rawKL,penalty,optimism_sample,1.5527254562780741,1.4034224447982866,1.6768420069434227
13,DiagReachK2,187,18,rawKL,penalty,optimism_det,1.8385140072510127,1.8385140072510127,1.8385140072510127
13,DiagReachK2,187,18,rawKL,penalty,Gsample,0.28578855097293854,0.16167200030758977,0.4350915624527259
13,DiagReachK2,187,18,rawKL,penalty,Gdet,0.0,0.0,0.0
13,DiagReachK2,187,18,rawKL,penalty,Ghold_timeLOO,0.25987851398207334,0.03181602660734476,0.5642225530360164
13,DiagReachK2,187,18,rawKL,cost_0,optimism_sample,0.19767813100671217,0.14918371995637014,0.2531072619273868
13,DiagReachK2,187,18,rawKL,cost_0,optimism_det,-0.47676340075949386,-0.47989537524799064,-0.47384888059267954
13,DiagReachK2,187,18,rawKL,cost_0,Gsample,0.6225109356455505,0.5670818047248758,0.6710053466958925
13,DiagReachK2,187,18,rawKL,cost_0,Gdet,1.2969524674117565,1.2940379472449421,1.3000844419002533
13,DiagReachK2,187,18,rawKL,cost_0,Ghold_timeLOO,0.5236815266306236,0.36610127597226183,0.6970834816224626
13,DiagReachK2,187,18,rawKL,cost_1,optimism_sample,0.1837588052684164,0.16384981285777897,0.2054686490515901
13,DiagReachK2,187,18,rawKL,cost_1,optimism_det,0.24290409427599072,0.2411148302675879,0.24476797827051042
13,DiagReachK2,187,18,rawKL,cost_1,Gsample,-0.11543825035914779,-0.13714809414232149,-0.09552925794851036
13,DiagReachK2,187,18,rawKL,cost_1,Gdet,-0.1745835393667221,-0.1764474233612418,-0.1727942753583193
13,DiagReachK2,187,18,rawKL,cost_1,Ghold_timeLOO,-0.11553151732174034,-0.22089387079015826,0.011426214716328846
13,DiagReachK2,187,18,rawW2,shaped,optimism_sample,-0.9064077831537818,-1.0412216589891023,-0.7498372563297473
13,DiagReachK2,187,18,rawW2,shaped,optimism_det,-1.1830555993680152,-1.1964526512081106,-1.17045624389576
13,DiagReachK2,187,18,rawW2,shaped,Gsample,0.01737138844009664,-0.13919913838393785,0.15218526427541737
13,DiagReachK2,187,18,rawW2,shaped,Gdet,0.29401920465433007,0.28141984918207474,0.30741625649442533
13,DiagReachK2,187,18,rawW2,shaped,Ghold_timeLOO,-0.022666533583747397,-0.3104935812514023,0.17496246343559488
13,DiagReachK2,187,18,rawW2,raw,optimism_sample,0.42446289421014216,0.3731607393783363,0.48234521776956657
13,DiagReachK2,187,18,rawW2,raw,optimism_det,0.39375895071963707,0.3803618988795418,0.4063583061918924
13,DiagReachK2,187,18,rawW2,raw,Gsample,0.263315261163825,0.20543293760440054,0.3146174159956308
13,DiagReachK2,187,18,rawW2,raw,Gdet,0.29401920465433007,0.28141984918207474,0.30741625649442533
13,DiagReachK2,187,18,rawW2,raw,Ghold_timeLOO,0.20645029865591358,0.13449126523329744,0.2724370168098025
13,DiagReachK2,187,18,rawW2,penalty,optimism_sample,1.3308705816202635,1.2086806782212878,1.4392845191218728
13,DiagReachK2,187,18,rawW2,penalty,optimism_det,1.576814454343992,1.576814454343992,1.576814454343992
13,DiagReachK2,187,18,rawW2,penalty,Gsample,0.24594387272372842,0.1375299352221191,0.36813377612270415
13,DiagReachK2,187,18,rawW2,penalty,Gdet,0.0,0.0,0.0
13,DiagReachK2,187,18,rawW2,penalty,Ghold_timeLOO,0.229116839590745,0.025025234741654606,0.5199351970201079
13,DiagReachK2,187,18,rawW2,cost_0,optimism_sample,0.14014158397762455,0.09502709953662358,0.19061766716035433
13,DiagReachK2,187,18,rawW2,cost_0,optimism_det,-0.4673133934863063,-0.4705799448318931,-0.4643962197020801
13,DiagReachK2,187,18,rawW2,cost_0,Gsample,0.5446187970228493,0.49414271384011954,0.5897332814638503
13,DiagReachK2,187,18,rawW2,cost_0,Gdet,1.1520737744867802,1.149156600702554,1.155340325832367
13,DiagReachK2,187,18,rawW2,cost_0,Ghold_timeLOO,0.4498677483399214,0.3070549195027024,0.6007044835159113
13,DiagReachK2,187,18,rawW2,cost_1,optimism_sample,0.17064786166992182,0.1518277296807259,0.19008518026784205
13,DiagReachK2,187,18,rawW2,cost_1,optimism_det,0.16642965073805446,0.16469419668536778,0.1681461169860899
13,DiagReachK2,187,18,rawW2,cost_1,Gsample,-0.043182437773793936,-0.06261975637171417,-0.024362305784597995
13,DiagReachK2,187,18,rawW2,cost_1,Gdet,-0.038964226841926575,-0.04068069308996201,-0.03722877278923988
13,DiagReachK2,187,18,rawW2,cost_1,Ghold_timeLOO,-0.0541006090795658,-0.15355511138904532,0.06872691607708013
16,DiagReachK3,180,6,shapedKL,shaped,optimism_sample,2.100922127133934,1.938142753272637,2.223463767009999
16,DiagReachK3,180,6,shapedKL,shaped,optimism_det,2.5216396323351074,2.513838303759556,2.5290250060323234
16,DiagReachK3,180,6,shapedKL,shaped,Gsample,0.4072622986190253,0.2847206587429603,0.570041672480322
16,DiagReachK3,180,6,shapedKL,shaped,Gdet,-0.013455206582148244,-0.02084058027936425,-0.005653878006596988
16,DiagReachK3,180,6,shapedKL,shaped,Ghold_timeLOO,0.4758628041438546,0.17767796293186766,0.8524872840856152
16,DiagReachK3,180,6,shapedKL,raw,optimism_sample,-0.03670278455712615,-0.09576142290800169,0.014417839234331428
16,DiagReachK3,180,6,shapedKL,raw,optimism_det,0.1384187225133086,0.13052541161734746,0.14578721924848873
16,DiagReachK3,180,6,shapedKL,raw,Gsample,0.16157007623987724,0.11044945244841964,0.22062871459075273
16,DiagReachK3,180,6,shapedKL,raw,Gdet,-0.013551430830557515,-0.020919927565737628,-0.005658119934596383
16,DiagReachK3,180,6,shapedKL,raw,Ghold_timeLOO,0.16074762529115078,0.0747979587111867,0.24260263408861937
16,DiagReachK3,180,6,shapedKL,penalty,optimism_sample,-2.1376248863403706,-2.266439297224304,-1.9589192999870537
16,DiagReachK3,180,6,shapedKL,penalty,optimism_det,-2.3832208844711094,-2.3833171087195186,-2.3830321798910408
16,DiagReachK3,180,6,shapedKL,penalty,Gsample,-0.245692222379148,-0.4243978087324649,-0.1168778114952147
16,DiagReachK3,180,6,shapedKL,penalty,Gdet,-9.622424840927124e-05,-0.0002849288284778595,0.0
16,DiagReachK3,180,6,shapedKL,penalty,Ghold_timeLOO,-0.31511517395258437,-0.7279494453717477,-0.006891188466526206
16,DiagReachK3,180,6,shapedKL,cost_0,optimism_sample,-0.6604058981342618,-0.7363052535271648,-0.5761170481266831
16,DiagReachK3,180,6,shapedKL,cost_0,optimism_det,-0.495133069942743,-0.5019268244905774,-0.48862918079182543
16,DiagReachK3,180,6,shapedKL,cost_0,Gsample,0.007968317717313766,-0.07632053229026496,0.08386767311021685
16,DiagReachK3,180,6,shapedKL,cost_0,Gdet,-0.15730451047420502,-0.16380839962512256,-0.15051075592637062
16,DiagReachK3,180,6,shapedKL,cost_0,Ghold_timeLOO,0.037469498177213637,-0.16528790439490693,0.20481287198051748
16,DiagReachK3,180,6,shapedKL,cost_1,optimism_sample,0.08079895582421603,0.029464057766822305,0.13461102182417095
16,DiagReachK3,180,6,shapedKL,cost_1,optimism_det,-0.1428850915245813,-0.1470602158419889,-0.13835739362613378
16,DiagReachK3,180,6,shapedKL,cost_1,Gsample,0.23983036261051893,0.186018296610564,0.29116526066791265
16,DiagReachK3,180,6,shapedKL,cost_1,Gdet,0.46351440995931625,0.4589867120608687,0.4676895342767239
16,DiagReachK3,180,6,shapedKL,cost_1,Ghold_timeLOO,0.30787211482784504,0.12914349230643787,0.4646381953947498
16,DiagReachK3,180,6,shapedKL,cost_2,optimism_sample,-0.5825997019130047,-0.6770393595974202,-0.4771707382927891
16,DiagReachK3,180,6,shapedKL,cost_2,optimism_det,-0.6205977635401543,-0.6257422545868214,-0.6150141226071175
16,DiagReachK3,180,6,shapedKL,cost_2,Gsample,0.2692371644079685,0.16380820078775288,0.36367682209238406
16,DiagReachK3,180,6,shapedKL,cost_2,Gdet,0.3072352260351181,0.3016515851020813,0.3123797170817852
16,DiagReachK3,180,6,shapedKL,cost_2,Ghold_timeLOO,0.371663106096545,0.04851782626202315,0.6547214207404954
16,DiagReachK3,180,6,shapedW2,shaped,optimism_sample,2.281373302625518,2.073144683147543,2.433382144228239
16,DiagReachK3,180,6,shapedW2,shaped,optimism_det,2.8106232605860826,2.8039744292807995,2.8171530466747683
16,DiagReachK3,180,6,shapedW2,shaped,Gsample,0.4404672142103662,0.2884583726076449,0.6486958336883408
16,DiagReachK3,180,6,shapedW2,shaped,Gdet,-0.08878274375019835,-0.09531252983888422,-0.0821339124449154
16,DiagReachK3,180,6,shapedW2,shaped,Ghold_timeLOO,0.5718712229003653,0.20323379506836337,1.049843168828735
16,DiagReachK3,180,6,shapedW2,raw,optimism_sample,0.018275637207215686,-0.042797456081082895,0.072159795260706
16,DiagReachK3,180,6,shapedW2,raw,optimism_det,0.23083861567279132,0.22409398130973346,0.2373680543757193
16,DiagReachK3,180,6,shapedW2,raw,Gsample,0.12368401046696802,0.06979985241347769,0.18475710375526658
16,DiagReachK3,180,6,shapedW2,raw,Gdet,-0.08887896799860762,-0.09540840670153562,-0.08213433363554977
16,DiagReachK3,180,6,shapedW2,raw,Ghold_timeLOO,0.14633065636498185,0.05311335787137928,0.24142533400634092
16,DiagReachK3,180,6,shapedW2,penalty,optimism_sample,-2.263097620209435,-2.428580228810886,-2.0408603808504884
16,DiagReachK3,180,6,shapedW2,penalty,optimism_det,-2.579784599704424,-2.5798808239528332,-2.5795958951243554
16,DiagReachK3,180,6,shapedW2,penalty,Gsample,-0.3167832037433982,-0.5390204431023449,-0.1513005951419473
16,DiagReachK3,180,6,shapedW2,penalty,Gdet,-9.622424840927124e-05,-0.0002849288284778595,0.0
16,DiagReachK3,180,6,shapedW2,penalty,Ghold_timeLOO,-0.4255405619743111,-0.9465880483230695,-0.04978791397190754
16,DiagReachK3,180,6,shapedW2,cost_0,optimism_sample,-0.624934255259058,-0.7014903784468235,-0.5353631064034463
16,DiagReachK3,180,6,shapedW2,cost_0,optimism_det,-0.39546516828419875,-0.4024499687570543,-0.388820501716754
16,DiagReachK3,180,6,shapedW2,cost_0,Gsample,-0.029072877019643784,-0.11864402587525547,0.047483246168121655
16,DiagReachK3,180,6,shapedW2,cost_0,Gdet,-0.258541963994503,-0.2651866305619478,-0.2515571635216475
16,DiagReachK3,180,6,shapedW2,cost_0,Ghold_timeLOO,0.019837778236618104,-0.21601725298797758,0.2185577503587689
16,DiagReachK3,180,6,shapedW2,cost_1,optimism_sample,0.128190046765892,0.07450513216485657,0.18581766475276476
16,DiagReachK3,180,6,shapedW2,cost_1,optimism_det,0.005132596598057232,0.0015709640766067125,0.00902291241386362
16,DiagReachK3,180,6,shapedW2,cost_1,Gsample,0.11329614091664553,0.055668522929772736,0.1669810555176809
16,DiagReachK3,180,6,shapedW2,cost_1,Gdet,0.23635359108448029,0.23246327526867389,0.2399152236059308
16,DiagReachK3,180,6,shapedW2,cost_1,Ghold_timeLOO,0.19553514555169288,-0.012040776235476442,0.3848577281442912
16,DiagReachK3,180,6,shapedW2,cost_2,optimism_sample,-0.4941020277805069,-0.6020117667048611,-0.37590345726454644
16,DiagReachK3,180,6,shapedW2,cost_2,optimism_det,-0.3739915532536247,-0.3809565020270088,-0.3668019098705986
16,DiagReachK3,180,6,shapedW2,cost_2,Gsample,0.10087079554796219,-0.017327774967998266,0.20878053447231648
16,DiagReachK3,180,6,shapedW2,cost_2,Gdet,-0.019239678978919983,-0.026429322361946107,-0.01227473020553589
16,DiagReachK3,180,6,shapedW2,cost_2,Ghold_timeLOO,0.2379786600470923,-0.14243050546372713,0.5911514885832286
16,DiagReachK3,180,6,rawKL,shaped,optimism_sample,0.1978662632409567,0.07784985815422828,0.3363522002381582
16,DiagReachK3,180,6,rawKL,shaped,optimism_det,0.32377390058128974,0.3022168592486911,0.34702878618638244
16,DiagReachK3,180,6,rawKL,shaped,Gsample,0.10507503999533549,-0.033410897001866086,0.22509144508206388
16,DiagReachK3,180,6,rawKL,shaped,Gdet,-0.020832597344997567,-0.04408748295009025,0.000724443987601085
16,DiagReachK3,180,6,rawKL,shaped,Ghold_timeLOO,-0.0004420360115906099,-0.48580081388517243,0.31659765420185193
16,DiagReachK3,180,6,rawKL,raw,optimism_sample,0.24113511544981575,0.19364786735835038,0.283710408106463
16,DiagReachK3,180,6,rawKL,raw,optimism_det,0.43553131154447355,0.4331087167386432,0.43790439885018767
16,DiagReachK3,180,6,rawKL,raw,Gsample,0.3257600638097751,0.28318477115312785,0.3732473119012405
16,DiagReachK3,180,6,rawKL,raw,Gdet,0.1313638677151173,0.1289907804094032,0.1337864625209477
16,DiagReachK3,180,6,rawKL,raw,Ghold_timeLOO,0.4235762207257313,0.2906265980620512,0.554905166116849
16,DiagReachK3,180,6,rawKL,penalty,optimism_sample,0.0432688344739488,-0.06920183706058947,0.13489161129147914
16,DiagReachK3,180,6,rawKL,penalty,optimism_det,0.11175739322827372,0.08939021267035219,0.13145054224916905
16,DiagReachK3,180,6,rawKL,penalty,Gsample,0.22068502381443977,0.12906224699690938,0.33315569534897793
16,DiagReachK3,180,6,rawKL,penalty,Gdet,0.15219646506011486,0.1325033160392195,0.1745636456180364
16,DiagReachK3,180,6,rawKL,penalty,Ghold_timeLOO,0.4240182316957441,0.07864261931338384,0.9940475210423177
16,DiagReachK3,180,6,rawKL,cost_0,optimism_sample,-0.017522184410809938,-0.052231138990938134,0.019405960990369852
16,DiagReachK3,180,6,rawKL,cost_0,optimism_det,-0.14386900723886437,-0.1471992206291551,-0.140570208662867
16,DiagReachK3,180,6,rawKL,cost_0,Gsample,0.43497346714138985,0.39804532174021007,0.46968242172151803
16,DiagReachK3,180,6,rawKL,cost_0,Gdet,0.5613202899694443,0.5580214913934469,0.564650503359735
16,DiagReachK3,180,6,rawKL,cost_0,Ghold_timeLOO,0.5095116806372436,0.3027267967339538,0.7494983368781193
16,DiagReachK3,180,6,rawKL,cost_1,optimism_sample,0.06026977138387418,0.011521043891817396,0.10664910260381555
16,DiagReachK3,180,6,rawKL,cost_1,optimism_det,0.09955743444877124,0.09463856635408854,0.10413610512184358
16,DiagReachK3,180,6,rawKL,cost_1,Gsample,0.38888320978730917,0.3425038785673678,0.43763193727936595
16,DiagReachK3,180,6,rawKL,cost_1,Gdet,0.3495955467224121,0.3450168760493398,0.3545144148170948
16,DiagReachK3,180,6,rawKL,cost_1,Ghold_timeLOO,0.4113202844808106,0.18141950582661634,0.6777308269425335
16,DiagReachK3,180,6,rawKL,cost_2,optimism_sample,0.028738033069850344,-0.03762213406470285,0.09729083007815607
16,DiagReachK3,180,6,rawKL,cost_2,optimism_det,-0.03602049495410786,-0.04331241990756855,-0.028772612990258798
16,DiagReachK3,180,6,rawKL,cost_2,Gsample,0.8252921663224697,0.756739369314164,0.8916523334570229
16,DiagReachK3,180,6,rawKL,cost_2,Gdet,0.8900506943464279,0.8828028123825788,0.8973426192998886
16,DiagReachK3,180,6,rawKL,cost_2,Ghold_timeLOO,0.9170976078243258,0.5325191910104544,1.4141612699867798
16,DiagReachK3,180,6,rawW2,shaped,optimism_sample,0.3954037978417845,0.2701039094769456,0.5340204036309256
16,DiagReachK3,180,6,rawW2,shaped,optimism_det,0.5638155074971412,0.5422309027834245,0.5872037041496274
16,DiagReachK3,180,6,rawW2,shaped,Gsample,0.13229655860968703,-0.0063200471794541396,0.2575964469745259
16,DiagReachK3,180,6,rawW2,shaped,Gdet,-0.03611515104566962,-0.05950334769815581,-0.014530546331953
16,DiagReachK3,180,6,rawW2,shaped,Ghold_timeLOO,0.014614781224319553,-0.4998249373142656,0.3666602343840285
16,DiagReachK3,180,6,rawW2,raw,optimism_sample,0.29023265523336467,0.23715889232965986,0.3381345352544849
16,DiagReachK3,180,6,rawW2,raw,optimism_det,0.5282001354945239,0.5254049647616262,0.530864873456274
16,DiagReachK3,180,6,rawW2,raw,Gsample,0.35228177267172217,0.30437989265060195,0.4053555355754269
16,DiagReachK3,180,6,rawW2,raw,Gdet,0.11431429241056293,0.11164955444881276,0.11710946314346068
16,DiagReachK3,180,6,rawW2,raw,Ghold_timeLOO,0.4616798227398168,0.31197809811880345,0.6093894627468268
16,DiagReachK3,180,6,rawW2,penalty,optimism_sample,-0.10517115496250488,-0.2118057011502112,-0.013888171768399593
16,DiagReachK3,180,6,rawW2,penalty,optimism_det,-0.03561538435670235,-0.05756481877679624,-0.016258012397798415
16,DiagReachK3,180,6,rawW2,penalty,Gsample,0.21998521406203508,0.12870223086792976,0.326619760249741
16,DiagReachK3,180,6,rawW2,penalty,Gdet,0.15042944345623255,0.13107207149732858,0.17237887787632641
16,DiagReachK3,180,6,rawW2,penalty,Ghold_timeLOO,0.44706501297832335,0.06644560593821165,1.0788078152027252
16,DiagReachK3,180,6,rawW2,cost_0,optimism_sample,-0.07216234318073733,-0.11221909596677763,-0.030070511010474425
16,DiagReachK3,180,6,rawW2,cost_0,optimism_det,-0.19059420003648742,-0.1941929675554846,-0.18700724206026537
16,DiagReachK3,180,6,rawW2,cost_0,Gsample,0.4407039973884821,0.3986121652182192,0.4807607501745224
16,DiagReachK3,180,6,rawW2,cost_0,Gdet,0.5591358542442322,0.5555488962680102,0.5627346217632294
16,DiagReachK3,180,6,rawW2,cost_0,Ghold_timeLOO,0.5372776975062362,0.293548607085316,0.8246075778278648
16,DiagReachK3,180,6,rawW2,cost_1,optimism_sample,0.07340647700745984,0.01592653292734547,0.12703969889823719
16,DiagReachK3,180,6,rawW2,cost_1,optimism_det,0.12507208205331488,0.11917338698674365,0.1304519669296257
16,DiagReachK3,180,6,rawW2,cost_1,Gsample,0.43871418479830027,0.3850809629075229,0.49619412887841463
16,DiagReachK3,180,6,rawW2,cost_1,Gdet,0.3870485797524452,0.3816686948761344,0.3929472748190165
16,DiagReachK3,180,6,rawW2,cost_1,Ghold_timeLOO,0.46475918039438424,0.20871787649191315,0.7613245166136874
16,DiagReachK3,180,6,rawW2,cost_2,optimism_sample,-0.014059132329444446,-0.08795859496227935,0.06448369678922458
16,DiagReachK3,180,6,rawW2,cost_2,optimism_det,-0.05124258845231966,-0.05940323210440115,-0.04313339999995665
16,DiagReachK3,180,6,rawW2,cost_2,Gsample,0.882477380335331,0.8039345512166619,0.9563768429681658
16,DiagReachK3,180,6,rawW2,cost_2,Gdet,0.9196608364582062,0.9115516480058432,0.9278214801102876
16,DiagReachK3,180,6,rawW2,cost_2,Ghold_timeLOO,0.9988789249817972,0.5614876117221153,1.5655713560204387
18,DiagReachK3,180,18,shapedKL,shaped,optimism_sample,1.8817353029068478,1.6072862179185994,2.0945742097039055
18,DiagReachK3,180,18,shapedKL,shaped,optimism_det,2.292907613195323,2.2804275846091357,2.306241054458672
18,DiagReachK3,180,18,shapedKL,shaped,Gsample,0.3436483196487641,0.13080941285170614,0.6180974046370117
18,DiagReachK3,180,18,shapedKL,shaped,Gdet,-0.06752399063971115,-0.08085743190305984,-0.05504396205352364
18,DiagReachK3,180,18,shapedKL,shaped,Ghold_timeLOO,0.6089395935836331,0.03113956442171565,1.32672791118681
18,DiagReachK3,180,18,shapedKL,raw,optimism_sample,-0.20910872869627026,-0.254890379160955,-0.16902118791701806
18,DiagReachK3,180,18,shapedKL,raw,optimism_det,-0.18365271979683356,-0.19613274838302108,-0.17031927853348489
18,DiagReachK3,180,18,shapedKL,raw,Gsample,-0.04206798174027446,-0.08215552251952675,0.0037136687244103406
18,DiagReachK3,180,18,shapedKL,raw,Gdet,-0.06752399063971115,-0.08085743190305984,-0.05504396205352364
18,DiagReachK3,180,18,shapedKL,raw,Ghold_timeLOO,-0.031853527850234487,-0.11515531121195516,0.04524738795957591
18,DiagReachK3,180,18,shapedKL,penalty,optimism_sample,-2.0908440632062875,-2.3233381956831463,-1.795285390691544
18,DiagReachK3,180,18,shapedKL,penalty,optimism_det,-2.476560364595326,-2.476560364595326,-2.476560364595326
18,DiagReachK3,180,18,shapedKL,penalty,Gsample,-0.38571630138903856,-0.6812749739037827,-0.15322216891217977
18,DiagReachK3,180,18,shapedKL,penalty,Gdet,0.0,0.0,0.0
18,DiagReachK3,180,18,shapedKL,penalty,Ghold_timeLOO,-0.6407931634049466,-1.3262381196743942,-0.05363289099250526
18,DiagReachK3,180,18,shapedKL,cost_0,optimism_sample,-0.8351216472737606,-0.9000150656379874,-0.769130880670261
18,DiagReachK3,180,18,shapedKL,cost_0,optimism_det,-0.6018219001643474,-0.6059008542500551,-0.5977497546054538
18,DiagReachK3,180,18,shapedKL,cost_0,Gsample,-0.12908553332090378,-0.19507629992440342,-0.06419211495667697
18,DiagReachK3,180,18,shapedKL,cost_0,Gdet,-0.3623852804303169,-0.3664574259892106,-0.35830632634460924
18,DiagReachK3,180,18,shapedKL,cost_0,Ghold_timeLOO,-0.2206992254630331,-0.46279717287329925,0.009655996070037863
18,DiagReachK3,180,18,shapedKL,cost_1,optimism_sample,-0.7290389499804716,-0.8086748672943341,-0.6484803117174437
18,DiagReachK3,180,18,shapedKL,cost_1,optimism_det,-0.2648157136692445,-0.2749923547907512,-0.2544517260222475
18,DiagReachK3,180,18,shapedKL,cost_1,Gsample,-0.1420436124317348,-0.22260225069476292,-0.06240769511787222
18,DiagReachK3,180,18,shapedKL,cost_1,Gdet,-0.6062668487429619,-0.6166308363899589,-0.5960902076214551
18,DiagReachK3,180,18,shapedKL,cost_1,Ghold_timeLOO,-0.24588685693942824,-0.4749081264335597,-0.016209068471515643
18,DiagReachK3,180,18,shapedKL,cost_2,optimism_sample,-1.5730382256715565,-1.72226938871136,-1.4193812713532714
18,DiagReachK3,180,18,shapedKL,cost_2,optimism_det,-0.9001043938606053,-0.9141949080436497,-0.8859458834438592
18,DiagReachK3,180,18,shapedKL,cost_2,Gsample,-0.29481688141822815,-0.4484738357365131,-0.14558571837842468
18,DiagReachK3,180,18,shapedKL,cost_2,Gdet,-0.9677507132291794,-0.9819092236459255,-0.953660199046135
18,DiagReachK3,180,18,shapedKL,cost_2,Ghold_timeLOO,-0.4717431908860329,-0.7908688279237409,-0.12055859365297153
18,DiagReachK3,180,18,shapedW2,shaped,optimism_sample,1.7969675803922602,1.541166113528806,1.9915837622536166
18,DiagReachK3,180,18,shapedW2,shaped,optimism_det,2.155391161915935,2.146419633700429,2.16644433710694
18,DiagReachK3,180,18,shapedW2,shaped,Gsample,0.3303306950894694,0.13571451322811295,0.5861321619529233
18,DiagReachK3,180,18,shapedW2,shaped,Gdet,-0.028092886434205627,-0.03914606162521034,-0.019121358218699196
18,DiagReachK3,180,18,shapedW2,shaped,Ghold_timeLOO,0.5850792361112754,0.03443677433198354,1.2526343686629233
18,DiagReachK3,180,18,shapedW2,raw,optimism_sample,-0.16216102500351826,-0.20576239983860248,-0.12313157101359402
18,DiagReachK3,180,18,shapedW2,raw,optimism_det,-0.1415285883277131,-0.15050011654321954,-0.13047541313670838
18,DiagReachK3,180,18,shapedW2,raw,Gsample,-0.007460449758400461,-0.04648990374832471,0.03614092507668374
18,DiagReachK3,180,18,shapedW2,raw,Gdet,-0.028092886434205627,-0.03914606162521034,-0.019121358218699196
18,DiagReachK3,180,18,shapedW2,raw,Ghold_timeLOO,-0.00023094901689928258,-0.07363573319448051,0.07027544787685552
18,DiagReachK3,180,18,shapedW2,penalty,optimism_sample,-1.9591286183026897,-2.173137244132282,-1.6863905906834924
18,DiagReachK3,180,18,shapedW2,penalty,optimism_det,-2.2969197631505596,-2.2969197631505596,-2.2969197631505596
18,DiagReachK3,180,18,shapedW2,penalty,Gsample,-0.3377911448478699,-0.6105291724670678,-0.12378251901827755
18,DiagReachK3,180,18,shapedW2,penalty,Gdet,0.0,0.0,0.0
18,DiagReachK3,180,18,shapedW2,penalty,Ghold_timeLOO,-0.5853102207263782,-1.2304405390892361,-0.0448040534311091
18,DiagReachK3,180,18,shapedW2,cost_0,optimism_sample,-0.7724136504202253,-0.8363133421025342,-0.7089154244258171
18,DiagReachK3,180,18,shapedW2,cost_0,optimism_det,-0.5342753379463321,-0.5387800440981155,-0.5300393898828989
18,DiagReachK3,180,18,shapedW2,cost_0,Gsample,-0.1080740001052618,-0.17157222609966993,-0.0441743084229529
18,DiagReachK3,180,18,shapedW2,cost_0,Gdet,-0.34621231257915497,-0.35044826064258816,-0.3417076064273715
18,DiagReachK3,180,18,shapedW2,cost_0,Ghold_timeLOO,-0.2087826682395678,-0.4393170219356152,0.011960771071652039
18,DiagReachK3,180,18,shapedW2,cost_1,optimism_sample,-0.6051110652010945,-0.6827046839372312,-0.5251396612581855
18,DiagReachK3,180,18,shapedW2,cost_1,optimism_det,-0.19565317907520208,-0.2056477585543004,-0.18587889035381946
18,DiagReachK3,180,18,shapedW2,cost_1,Gsample,-0.059972493443638086,-0.13994389738654717,0.017621125292498617
18,DiagReachK3,180,18,shapedW2,cost_1,Gdet,-0.4694303795695305,-0.4792046682909131,-0.45943580009043217
18,DiagReachK3,180,18,shapedW2,cost_1,Ghold_timeLOO,-0.14395204416012916,-0.3470365492104189,0.06262833839289264
18,DiagReachK3,180,18,shapedW2,cost_2,optimism_sample,-1.3875806155409212,-1.5277946935761268,-1.244723164735317
18,DiagReachK3,180,18,shapedW2,cost_2,optimism_det,-0.7537669176961774,-0.7678848064299221,-0.7398737261797781
18,DiagReachK3,180,18,shapedW2,cost_2,Gsample,-0.18109285458922386,-0.32395030539482833,-0.04087877655401842
18,DiagReachK3,180,18,shapedW2,cost_2,Gdet,-0.8149065524339676,-0.8287997439503669,-0.800788663700223
18,DiagReachK3,180,18,shapedW2,cost_2,Ghold_timeLOO,-0.3514855146385854,-0.650376671103936,-0.012603874881687651
18,DiagReachK3,180,18,rawKL,shaped,optimism_sample,0.025972173501585955,-0.14204192643605712,0.20742460259575576
18,DiagReachK3,180,18,rawKL,shaped,optimism_det,-0.4224313766085205,-0.4273272169555794,-0.4169032223486361
18,DiagReachK3,180,18,rawKL,shaped,Gsample,-0.1979138517204319,-0.3793662808146017,-0.029899751782788874
18,DiagReachK3,180,18,rawKL,shaped,Gdet,0.2504896983896745,0.2449615441297901,0.2553855387367334
18,DiagReachK3,180,18,rawKL,shaped,Ghold_timeLOO,-0.23140669909822362,-0.7346346269735862,0.2293556443908526
18,DiagReachK3,180,18,rawKL,raw,optimism_sample,0.5103165139524856,0.4763238640229145,0.5454711944518396
18,DiagReachK3,180,18,rawKL,raw,optimism_det,0.4119936225240698,0.407914313135295,0.4156781520962708
18,DiagReachK3,180,18,rawKL,raw,Gsample,0.15710656983669646,0.12195188933734245,0.19109921976626748
18,DiagReachK3,180,18,rawKL,raw,Gdet,0.25542946126511223,0.25174493169291123,0.259508770653887
18,DiagReachK3,180,18,rawKL,raw,Ghold_timeLOO,0.13298819885064678,-0.0905680877045537,0.2968634015169533
18,DiagReachK3,180,18,rawKL,penalty,optimism_sample,0.48434428067961155,0.30070168269415765,0.6477182121070977
18,DiagReachK3,180,18,rawKL,penalty,optimism_det,0.8344249393613022,0.8293933154837173,0.8383139056441319
18,DiagReachK3,180,18,rawKL,penalty,Gsample,0.35502042155712843,0.1916464901296422,0.5386630195425823
18,DiagReachK3,180,18,rawKL,penalty,Gdet,0.0049397628754377365,0.0010507965926080942,0.009971386753022662
18,DiagReachK3,180,18,rawKL,penalty,Ghold_timeLOO,0.3643949124885834,0.00016840487699920203,0.811944861216271
18,DiagReachK3,180,18,rawKL,cost_0,optimism_sample,0.4765143470879175,0.437256210999889,0.5118552340235092
18,DiagReachK3,180,18,rawKL,cost_0,optimism_det,0.4927990680600979,0.4905558278824665,0.4944029059301593
18,DiagReachK3,180,18,rawKL,cost_0,Gsample,0.23956369794905186,0.20422281101346015,0.2788218340370804
18,DiagReachK3,180,18,rawKL,cost_0,Gdet,0.2232789769768715,0.22167513910681008,0.22552221715450288
18,DiagReachK3,180,18,rawKL,cost_0,Ghold_timeLOO,0.44071960028535234,0.18034534454824058,0.7362719777802498
18,DiagReachK3,180,18,rawKL,cost_1,optimism_sample,0.2972427220370142,0.22348068489762823,0.3768595567841535
18,DiagReachK3,180,18,rawKL,cost_1,optimism_det,-0.18603146445867735,-0.19290152636286934,-0.17901110329595524
18,DiagReachK3,180,18,rawKL,cost_1,Gsample,0.24469069158658385,0.16507385683944448,0.3184527287259698
18,DiagReachK3,180,18,rawKL,cost_1,Gdet,0.7279648780822754,0.7209445169195533,0.7348349399864673
18,DiagReachK3,180,18,rawKL,cost_1,Ghold_timeLOO,0.17352725824438958,-0.14009364241405853,0.42966093392675686
18,DiagReachK3,180,18,rawKL,cost_2,optimism_sample,0.7882000371758877,0.6947787106913565,0.88930387980687
18,DiagReachK3,180,18,rawKL,cost_2,optimism_det,0.35577552169012416,0.34962332024621356,0.3620668441002308
18,DiagReachK3,180,18,rawKL,cost_2,Gsample,0.5155264139175415,0.4144225712865591,0.6089477404020726
18,DiagReachK3,180,18,rawKL,cost_2,Gdet,0.947950929403305,0.9416596069931984,0.9541031308472157
18,DiagReachK3,180,18,rawKL,cost_2,Ghold_timeLOO,0.643009568864431,0.35241563625982425,0.9135107283881176
18,DiagReachK3,180,18,rawW2,shaped,optimism_sample,-0.1559542964581182,-0.3328327079624538,0.05331376938222864
18,DiagReachK3,180,18,rawW2,shaped,optimism_det,-0.6751536943473655,-0.6800616327537684,-0.6696305733017165
18,DiagReachK3,180,18,rawW2,shaped,Gsample,-0.24809231658828146,-0.45736038242862836,-0.07121390508394591
18,DiagReachK3,180,18,rawW2,shaped,Gdet,0.27110708130096584,0.2655839602553169,0.2760150197073688
18,DiagReachK3,180,18,rawW2,shaped,Ghold_timeLOO,-0.3179598456148252,-0.8278562966850355,0.1320809059563
18,DiagReachK3,180,18,rawW2,raw,optimism_sample,0.4899333643944095,0.4558548737253519,0.5225651271008037
18,DiagReachK3,180,18,rawW2,raw,optimism_det,0.38296158966981597,0.37914687870536473,0.3863918107747115
18,DiagReachK3,180,18,rawW2,raw,Gsample,0.16934612157392614,0.13671435886753197,0.20342461224298372
18,DiagReachK3,180,18,rawW2,raw,Gdet,0.27631789629851966,0.2728876751936241,0.2801326072629709
18,DiagReachK3,180,18,rawW2,raw,Ghold_timeLOO,0.1401680846355123,-0.07210933899232591,0.29692785542498346
18,DiagReachK3,180,18,rawW2,penalty,optimism_sample,0.6458875996660329,0.44720753258037194,0.8246331460442282
18,DiagReachK3,180,18,rawW2,penalty,optimism_det,1.0581152228306867,1.0528264659125246,1.0620020799007155
18,DiagReachK3,180,18,rawW2,penalty,Gsample,0.4174384381622076,0.23869289178401232,0.6161185052478683
18,DiagReachK3,180,18,rawW2,penalty,Gdet,0.005210814997553825,0.0013239579275250435,0.010499571915715924
18,DiagReachK3,180,18,rawW2,penalty,Ghold_timeLOO,0.45812794465751316,0.07606712236530469,0.939591538269887
18,DiagReachK3,180,18,rawW2,cost_0,optimism_sample,0.5046114524574582,0.46334288485623937,0.5448030504611884
18,DiagReachK3,180,18,rawW2,cost_0,optimism_det,0.5032472716392581,0.5003873416902129,0.5053836313755814
18,DiagReachK3,180,18,rawW2,cost_0,Gsample,0.3039614763110876,0.26376987830735743,0.3452300439123064
18,DiagReachK3,180,18,rawW2,cost_0,Gdet,0.3053256571292877,0.30318929739296435,0.3081855870783329
18,DiagReachK3,180,18,rawW2,cost_0,Ghold_timeLOO,0.5168570697805815,0.2606832651243545,0.801988891349573
18,DiagReachK3,180,18,rawW2,cost_1,optimism_sample,0.33995300755043867,0.26949328923504223,0.4149796895347477
18,DiagReachK3,180,18,rawW2,cost_1,optimism_det,-0.15410168943787572,-0.16110915252799746,-0.14703744957084416
18,DiagReachK3,180,18,rawW2,cost_1,Gsample,0.2329534743912518,0.15792679240694268,0.30341319270664824
18,DiagReachK3,180,18,rawW2,cost_1,Gdet,0.7270081713795662,0.7199439315125347,0.734015634469688
18,DiagReachK3,180,18,rawW2,cost_1,Ghold_timeLOO,0.16878201543923704,-0.13680898982681153,0.4284394177348692
18,DiagReachK3,180,18,rawW2,cost_2,optimism_sample,0.8596465337889114,0.7666426319496551,0.9656716520765641
18,DiagReachK3,180,18,rawW2,cost_2,optimism_det,0.39325290656255874,0.38697050436007174,0.39954411013590485
18,DiagReachK3,180,18,rawW2,cost_2,Gsample,0.5603657141327858,0.4543405958451331,0.653369615972042
18,DiagReachK3,180,18,rawW2,cost_2,Gdet,1.0267593413591385,1.0204681377857923,1.0330417435616255
18,DiagReachK3,180,18,rawW2,cost_2,Ghold_timeLOO,0.7036922907470587,0.40332914237832457,0.9817183376375486
21,DiagReachK3,186,6,shapedKL,shaped,optimism_sample,0.690787835627211,0.5965403958143768,0.7801480473585795
21,DiagReachK3,186,6,shapedKL,shaped,optimism_det,0.7657655055993788,0.7543290534924446,0.7772481970101273
21,DiagReachK3,186,6,shapedKL,shaped,Gsample,0.04618079573911017,-0.04317941599225839,0.14042823555194447
21,DiagReachK3,186,6,shapedKL,shaped,Gdet,-0.0287968742330576,-0.04027956564380603,-0.01736042212612344
21,DiagReachK3,186,6,shapedKL,shaped,Ghold_timeLOO,0.001240571578369279,-0.5427415258867333,0.4008474750093169
21,DiagReachK3,186,6,shapedKL,raw,optimism_sample,0.1475341268852062,0.10997055147353545,0.18476341512090033
21,DiagReachK3,186,6,shapedKL,raw,optimism_det,0.20528601726438309,0.19384956515744892,0.2167687086751315
21,DiagReachK3,186,6,shapedKL,raw,Gsample,0.028955016146119283,-0.008274272089574847,0.06651859155779002
21,DiagReachK3,186,6,shapedKL,raw,Gdet,-0.0287968742330576,-0.04027956564380603,-0.01736042212612344
21,DiagReachK3,186,6,shapedKL,raw,Ghold_timeLOO,0.05133276517651178,-0.07020439309774038,0.18284658509839308
21,DiagReachK3,186,6,shapedKL,penalty,optimism_sample,-0.5432536907964781,-0.6236804547724709,-0.45429017823240014
21,DiagReachK3,186,6,shapedKL,penalty,optimism_det,-0.560479470389469,-0.560479470389469,-0.560479470389469
21,DiagReachK3,186,6,shapedKL,penalty,Gsample,-0.017225779592990875,-0.10618929215706885,0.06320098438300192
21,DiagReachK3,186,6,shapedKL,penalty,Gdet,0.0,0.0,0.0
21,DiagReachK3,186,6,shapedKL,penalty,Ghold_timeLOO,0.05009222884421664,-0.3304278344463738,0.5798476995452949
21,DiagReachK3,186,6,shapedKL,cost_0,optimism_sample,0.16388507114939324,0.10956838850147954,0.21991223033733598
21,DiagReachK3,186,6,shapedKL,cost_0,optimism_det,0.21310659425549142,0.20593870973430506,0.22003907880030504
21,DiagReachK3,186,6,shapedKL,cost_0,Gsample,0.044843800365924835,-0.011183358822017908,0.09916048301383854
21,DiagReachK3,186,6,shapedKL,cost_0,Gdet,-0.00437772274017334,-0.011310207284986972,0.0027901617810130105
21,DiagReachK3,186,6,shapedKL,cost_0,Ghold_timeLOO,0.22672913537699788,0.005423972539740218,0.48155129970860444
21,DiagReachK3,186,6,shapedKL,cost_1,optimism_sample,-0.1704026192520512,-0.2254978424963308,-0.11779523998040237
21,DiagReachK3,186,6,shapedKL,cost_1,optimism_det,0.04317690598771445,0.038120201220666096,0.0481617176811444
21,DiagReachK3,186,6,shapedKL,cost_1,Gsample,0.04048450756818056,-0.012122871703468263,0.09557973081246016
21,DiagReachK3,186,6,shapedKL,cost_1,Gdet,-0.17309501767158508,-0.17807982936501504,-0.16803831290453672
21,DiagReachK3,186,6,shapedKL,cost_1,Ghold_timeLOO,0.016790137621618843,-0.20052264200290518,0.21332882436530326
21,DiagReachK3,186,6,shapedKL,cost_2,optimism_sample,0.009729107473555057,-0.06504427277990893,0.08102471428415461
21,DiagReachK3,186,6,shapedKL,cost_2,optimism_det,0.2855838701171307,0.27698008306747957,0.2951427996200947
21,DiagReachK3,186,6,shapedKL,cost_2,Gsample,0.06061385199427605,-0.010681754816323519,0.1353872322477398
21,DiagReachK3,186,6,shapedKL,cost_2,Gdet,-0.21524091064929962,-0.22479984015226365,-0.2066371235996485
21,DiagReachK3,186,6,shapedKL,cost_2,Ghold_timeLOO,0.2187462362128838,-0.14527894016707374,0.6451010172788018
21,DiagReachK3,186,6,shapedW2,shaped,optimism_sample,0.9652451564653137,0.8652737311859796,1.0816840786791537
21,DiagReachK3,186,6,shapedW2,shaped,optimism_det,0.9289761266725028,0.9178550970354215,0.9401779328760411
21,DiagReachK3,186,6,shapedW2,shaped,Gsample,-0.013568302293151674,-0.1300072245069917,0.08640312298618251
21,DiagReachK3,186,6,shapedW2,shaped,Gdet,0.022700727499659235,0.011498921296120904,0.0338217571367406
21,DiagReachK3,186,6,shapedW2,shaped,Ghold_timeLOO,-0.09555647638135813,-0.9186986240365027,0.4746099314093215
21,DiagReachK3,186,6,shapedW2,raw,optimism_sample,0.26418645447331834,0.2204866738891345,0.3056033186973248
21,DiagReachK3,186,6,shapedW2,raw,optimism_det,0.30614127060196433,0.29502024096488294,0.31734307680550267
21,DiagReachK3,186,6,shapedW2,raw,Gsample,0.0646555436283052,0.023238679404298756,0.10835532421248904
21,DiagReachK3,186,6,shapedW2,raw,Gdet,0.022700727499659235,0.011498921296120904,0.0338217571367406
21,DiagReachK3,186,6,shapedW2,raw,Ghold_timeLOO,0.12700974623046962,-0.03777741645291048,0.29871987792510707
21,DiagReachK3,186,6,shapedW2,penalty,optimism_sample,-0.7010586908190881,-0.7996908246177619,-0.6039684547913631
21,DiagReachK3,186,6,shapedW2,penalty,optimism_det,-0.6228348448976313,-0.6228348448976313,-0.6228348448976313
21,DiagReachK3,186,6,shapedW2,penalty,Gsample,0.07822384592145681,-0.018866390106268227,0.17685597972013054
21,DiagReachK3,186,6,shapedW2,penalty,Gdet,0.0,0.0,0.0
21,DiagReachK3,186,6,shapedW2,penalty,Ghold_timeLOO,0.22256627858665898,-0.3150407322149491,1.068001884097535
21,DiagReachK3,186,6,shapedW2,cost_0,optimism_sample,0.22501778492296193,0.15751253051275466,0.2934286060888514
21,DiagReachK3,186,6,shapedW2,cost_0,optimism_det,0.28262011223996136,0.2741506196703956,0.29091859833860845
21,DiagReachK3,186,6,shapedW2,cost_0,Gsample,0.06933122500777245,0.0009204038418829441,0.13683647941797972
21,DiagReachK3,186,6,shapedW2,cost_0,Gdet,0.01172889769077301,0.0034304115921258926,0.02019839026033877
21,DiagReachK3,186,6,shapedW2,cost_0,Ghold_timeLOO,0.36457973610712663,0.07856380232028116,0.7142115737024242
21,DiagReachK3,186,6,shapedW2,cost_1,optimism_sample,-0.12632061023562283,-0.18825510545232402,-0.06631499263987947
21,DiagReachK3,186,6,shapedW2,cost_1,optimism_det,0.03698879765049488,0.03137357147113353,0.04267143612430364
21,DiagReachK3,186,6,shapedW2,cost_1,Gsample,0.16092436527833343,0.10091874768259004,0.22285886049503453
21,DiagReachK3,186,6,shapedW2,cost_1,Gdet,-0.0023850426077842712,-0.008067681081593036,0.00323018357157707
21,DiagReachK3,186,6,shapedW2,cost_1,Ghold_timeLOO,0.16415232884668307,-0.10432097814009493,0.41611033697901967
21,DiagReachK3,186,6,shapedW2,cost_2,optimism_sample,0.12885818075316746,0.04079451871963937,0.21124598322364288
21,DiagReachK3,186,6,shapedW2,cost_2,optimism_det,0.3744696360446771,0.36480246711450415,0.3852186411984523
21,DiagReachK3,186,6,shapedW2,cost_2,Gsample,0.2042003534734249,0.12181255100294948,0.2922640155069529
21,DiagReachK3,186,6,shapedW2,cost_2,Gdet,-0.04141110181808472,-0.05216010697185993,-0.031743932887911795
21,DiagReachK3,186,6,shapedW2,cost_2,Ghold_timeLOO,0.5027648490178741,0.030334832011490443,1.0745554430183697
21,DiagReachK3,186,6,rawKL,shaped,optimism_sample,0.2467316741427575,0.04731151647770011,0.48946765002171166
21,DiagReachK3,186,6,rawKL,shaped,optimism_det,-0.20866903177220525,-0.21467352500635029,-0.20302002594249602
21,DiagReachK3,186,6,rawKL,shaped,Gsample,-0.24151164656254892,-0.48424762244150343,-0.04209148889749171
21,DiagReachK3,186,6,rawKL,shaped,Gdet,0.21388905935241384,0.2082400535227046,0.21989355258655885
21,DiagReachK3,186,6,rawKL,shaped,Ghold_timeLOO,-0.24431454269152375,-0.7185913675909147,0.1234945730239184
21,DiagReachK3,186,6,rawKL,raw,optimism_sample,0.44245943190241044,0.4127152336258856,0.47648180356267616
21,DiagReachK3,186,6,rawKL,raw,optimism_det,0.5229583641857638,0.5170403069997689,0.5284557804257746
21,DiagReachK3,186,6,rawKL,raw,Gsample,0.2944744276839173,0.2604520560236515,0.32421862596044215
21,DiagReachK3,186,6,rawKL,raw,Gdet,0.2139754954005639,0.2084780791605532,0.21989355258655885
21,DiagReachK3,186,6,rawKL,raw,Ghold_timeLOO,0.3642713025676145,0.2421348824639582,0.4983013931256061
21,DiagReachK3,186,6,rawKL,penalty,optimism_sample,0.19572765457751606,-0.03331458607380833,0.37889722276786697
21,DiagReachK3,186,6,rawKL,penalty,optimism_det,0.7316272927758322,0.731454420679532,0.7317137288239822
21,DiagReachK3,186,6,rawKL,penalty,Gsample,0.5359860742464662,0.35281650605611503,0.7650283148977903
21,DiagReachK3,186,6,rawKL,penalty,Gdet,8.643604815006256e-05,0.0,0.0002593081444501877
21,DiagReachK3,186,6,rawKL,penalty,Ghold_timeLOO,0.6085858230874089,0.21706104192473455,1.105765809094595
21,DiagReachK3,186,6,rawKL,cost_0,optimism_sample,0.25129711109885544,0.2106071892541048,0.2954262197364268
21,DiagReachK3,186,6,rawKL,cost_0,optimism_det,0.2615787670362887,0.25875427838155596,0.26455609615632864
21,DiagReachK3,186,6,rawKL,cost_0,Gsample,0.25428683683276176,0.21015772819519044,0.2949767586775124
21,DiagReachK3,186,6,rawKL,cost_0,Gdet,0.24400518089532852,0.24102785177528857,0.24682966955006122
21,DiagReachK3,186,6,rawKL,cost_0,Ghold_timeLOO,0.43542018244929986,0.21994956310275013,0.6530969224724202
21,DiagReachK3,186,6,rawKL,cost_1,optimism_sample,0.6396127344386164,0.5918270760725696,0.6842885006030534
21,DiagReachK3,186,6,rawKL,cost_1,optimism_det,0.11651127518131177,0.1131155290917937,0.1197442316727225
21,DiagReachK3,186,6,rawKL,cost_1,Gsample,0.5568391056731343,0.5121633395086974,0.6046247640391812
21,DiagReachK3,186,6,rawKL,cost_1,Gdet,1.079940564930439,1.0767076084390284,1.083336311019957
21,DiagReachK3,186,6,rawKL,cost_1,Ghold_timeLOO,0.8158060649897526,0.5690842085820844,1.0490895021326538
21,DiagReachK3,186,6,rawKL,cost_2,optimism_sample,0.919077648681085,0.870466778886001,0.9687430602428125
21,DiagReachK3,186,6,rawKL,cost_2,optimism_det,0.44941050456134546,0.44672100664345493,0.4519984659668611
21,DiagReachK3,186,6,rawKL,cost_2,Gsample,0.8210913762450218,0.7714259646832943,0.8697022460401058
21,DiagReachK3,186,6,rawKL,cost_2,Gdet,1.2907585203647614,1.2881705589592456,1.293448018282652
21,DiagReachK3,186,6,rawKL,cost_2,Ghold_timeLOO,1.2656751721631716,0.8574989416316481,1.6909241431745448
21,DiagReachK3,186,6,rawW2,shaped,optimism_sample,0.3310469042741441,0.056177409821906055,0.6502551364905349
21,DiagReachK3,186,6,rawW2,shaped,optimism_det,-0.32345096059730055,-0.3355891468392189,-0.31041395016839285
21,DiagReachK3,186,6,rawW2,shaped,Gsample,-0.4032295794539719,-0.7224378116703628,-0.12836008500173413
21,DiagReachK3,186,6,rawW2,shaped,Gdet,0.25126828541747276,0.23823127498856503,0.26340647165939113
21,DiagReachK3,186,6,rawW2,shaped,Ghold_timeLOO,-0.38819732825712966,-1.0620255683995365,0.1067943827838873
21,DiagReachK3,186,6,rawW2,raw,optimism_sample,0.4912839929713774,0.451992723984365,0.5347200941529325
21,DiagReachK3,186,6,rawW2,raw,optimism_det,0.6128584542161966,0.605783706942105,0.6193047288714076
21,DiagReachK3,186,6,rawW2,raw,Gsample,0.4028328143678039,0.3593967131862487,0.4421240833548163
21,DiagReachK3,186,6,rawW2,raw,Gdet,0.2812583531229848,0.27481207846777367,0.28833310039707627
21,DiagReachK3,186,6,rawW2,raw,Ghold_timeLOO,0.504793944963498,0.3399351064056763,0.675647293713737
21,DiagReachK3,186,6,rawW2,penalty,optimism_sample,0.16023695571736096,-0.14266120597797782,0.4287452584637015
21,DiagReachK3,186,6,rawW2,penalty,optimism_det,0.9363092818336248,0.9259740983640462,0.9457692055536121
21,DiagReachK3,186,6,rawW2,penalty,Gsample,0.8060623938217759,0.5375540910754353,1.1089605555171145
21,DiagReachK3,186,6,rawW2,penalty,Gdet,0.029990067705512047,0.020530143985524774,0.04032525117509067
21,DiagReachK3,186,6,rawW2,penalty,Ghold_timeLOO,0.8929912377840762,0.35572453370197493,1.6070075637784247
21,DiagReachK3,186,6,rawW2,cost_0,optimism_sample,0.32819398984059345,0.2747169073459471,0.38790907131254326
21,DiagReachK3,186,6,rawW2,cost_0,optimism_det,0.3057370235000516,0.3021234339822794,0.30947483040138735
21,DiagReachK3,186,6,rawW2,cost_0,Gsample,0.43327291309833527,0.37355783162638545,0.48674999559298154
21,DiagReachK3,186,6,rawW2,cost_0,Gdet,0.4557298794388771,0.45199207253754137,0.4593434689566493
21,DiagReachK3,186,6,rawW2,cost_0,Ghold_timeLOO,0.698732504245986,0.4093821264879668,1.0022654222735796
21,DiagReachK3,186,6,rawW2,cost_1,optimism_sample,0.7558764868670573,0.7024601490025839,0.8075440627078956
21,DiagReachK3,186,6,rawW2,cost_1,optimism_det,0.15202571146874333,0.14842089947997236,0.15553656995980644
21,DiagReachK3,186,6,rawW2,cost_1,Gsample,0.6791142811998725,0.6274467053590342,0.7325306190643459
21,DiagReachK3,186,6,rawW2,cost_1,Gdet,1.2829650565981865,1.2794541981071235,1.2865698685869575
21,DiagReachK3,186,6,rawW2,cost_1,Ghold_timeLOO,1.0132807886332253,0.7029286329075886,1.3190720569431977
21,DiagReachK3,186,6,rawW2,cost_2,optimism_sample,1.1199518650234461,1.0574417800106823,1.185163359383565
21,DiagReachK3,186,6,rawW2,cost_2,optimism_det,0.5539708457351447,0.5509359560371161,0.5571369036496401
21,DiagReachK3,186,6,rawW2,cost_2,Gsample,1.1184061728417873,1.0531946784816681,1.1809162578545511
21,DiagReachK3,186,6,rawW2,cost_2,Gdet,1.6843871921300888,1.6812211342155934,1.6874220818281174
21,DiagReachK3,186,6,rawW2,cost_2,Ghold_timeLOO,1.7240517043310122,1.1917298319967553,2.2809418108228603
23,DiagReachK3,186,18,shapedKL,shaped,optimism_sample,0.6579662528703617,0.5957259858258308,0.7293113150885769
23,DiagReachK3,186,18,shapedKL,shaped,optimism_det,0.645798003333736,0.6266090545094486,0.6647044206277942
23,DiagReachK3,186,18,shapedKL,shaped,Gsample,0.025192410331601404,-0.046152651886614014,0.08743267737613217
23,DiagReachK3,186,18,shapedKL,shaped,Gdet,0.037360659868227064,0.01845424257416887,0.05654960869251448
23,DiagReachK3,186,18,shapedKL,shaped,Ghold_timeLOO,0.22883807405845136,-0.007547237314814752,0.5199920832911636
23,DiagReachK3,186,18,shapedKL,raw,optimism_sample,0.22305905836149098,0.19126581157204306,0.2544850673208906
23,DiagReachK3,186,18,shapedKL,raw,optimism_det,0.23138443402242498,0.2275117479680286,0.2353260386250873
23,DiagReachK3,186,18,shapedKL,raw,Gsample,0.14533978618719634,0.1139137772277967,0.17713303297664423
23,DiagReachK3,186,18,shapedKL,raw,Gdet,0.13701441052626234,0.13307280592360002,0.14088709658065873
23,DiagReachK3,186,18,shapedKL,raw,Ghold_timeLOO,0.21501702853694513,0.1302063357629393,0.282825834841721
23,DiagReachK3,186,18,shapedKL,penalty,optimism_sample,-0.4349071538965713,-0.4909388696034934,-0.37830985425557306
23,DiagReachK3,186,18,shapedKL,penalty,optimism_det,-0.4144135286990117,-0.43246953475340566,-0.39704073052439204
23,DiagReachK3,186,18,shapedKL,penalty,Gsample,0.12014737585559487,0.06355007621459663,0.17617909156251696
23,DiagReachK3,186,18,shapedKL,penalty,Gdet,0.09965375065803528,0.0822809524834156,0.11770975671242923
23,DiagReachK3,186,18,shapedKL,penalty,Ghold_timeLOO,-0.01382104376549027,-0.3466078322352354,0.24625919298332563
23,DiagReachK3,186,18,shapedKL,cost_0,optimism_sample,0.12313702086129907,0.08383203705915931,0.15950244067379954
23,DiagReachK3,186,18,shapedKL,cost_0,optimism_det,0.07118710631647829,0.06736344656118873,0.07535982949802403
23,DiagReachK3,186,18,shapedKL,cost_0,Gsample,0.3550581969320774,0.31869277711957694,0.39436318073421717
23,DiagReachK3,186,18,shapedKL,cost_0,Gdet,0.4070081114768982,0.4028353882953525,0.4108317712321877
23,DiagReachK3,186,18,shapedKL,cost_0,Ghold_timeLOO,0.23812082192614425,0.09468725469021809,0.3619113862209656
23,DiagReachK3,186,18,shapedKL,cost_1,optimism_sample,0.25925489644092575,0.20396661929358795,0.31423458641898877
23,DiagReachK3,186,18,shapedKL,cost_1,optimism_det,0.349485268243971,0.3443699378384377,0.3549122333390738
23,DiagReachK3,186,18,shapedKL,cost_1,Gsample,0.02873476967215538,-0.026244920305907724,0.08402304681949314
23,DiagReachK3,186,18,shapedKL,cost_1,Gdet,-0.06149560213088989,-0.06692256722599269,-0.05638027172535658
23,DiagReachK3,186,18,shapedKL,cost_1,Ghold_timeLOO,0.15680610435786244,0.03884465389504147,0.270366190433497
23,DiagReachK3,186,18,shapedKL,cost_2,optimism_sample,0.45395053096127236,0.3641520277784439,0.5459924780951114
23,DiagReachK3,186,18,shapedKL,cost_2,optimism_det,0.49866846121859276,0.4922192874551984,0.505782892480609
23,DiagReachK3,186,18,shapedKL,cost_2,Gsample,0.37505731731653214,0.283015370182693,0.4648558204993605
23,DiagReachK3,186,18,shapedKL,cost_2,Gdet,0.33033938705921173,0.32322495579719546,0.3367885608226061
23,DiagReachK3,186,18,shapedKL,cost_2,Ghold_timeLOO,0.39078988376889023,0.21054969036416682,0.5495535774959078
23,DiagReachK3,186,18,shapedW2,shaped,optimism_sample,0.8285691980983652,0.7415904526332303,0.9312674959148792
23,DiagReachK3,186,18,shapedW2,shaped,optimism_det,0.911632994000855,0.8847724152027704,0.9383385320743887
23,DiagReachK3,186,18,shapedW2,shaped,Gsample,0.02031923183058098,-0.08237906598593317,0.10729797729571569
23,DiagReachK3,186,18,shapedW2,shaped,Gdet,-0.06274456407190893,-0.08945010214544258,-0.03588398527382433
23,DiagReachK3,186,18,shapedW2,shaped,Ghold_timeLOO,0.3476415310141127,-0.011909033554295193,0.8209089802337816
23,DiagReachK3,186,18,shapedW2,raw,optimism_sample,0.2978448855306323,0.25259144945401396,0.34400786209033585
23,DiagReachK3,186,18,shapedW2,raw,optimism_det,0.32818914845533265,0.3223019615877249,0.3338685689075983
23,DiagReachK3,186,18,shapedW2,raw,Gsample,0.1627924214564701,0.11662944489676655,0.20804585753308844
23,DiagReachK3,186,18,shapedW2,raw,Gdet,0.13244815853176978,0.12676873807950412,0.13833534539937753
23,DiagReachK3,186,18,shapedW2,raw,Ghold_timeLOO,0.25840548695174187,0.15104477421405602,0.3510092343261623
23,DiagReachK3,186,18,shapedW2,penalty,optimism_sample,-0.5307242459800485,-0.6088502311447095,-0.45273808935390963
23,DiagReachK3,186,18,shapedW2,penalty,optimism_det,-0.5834437789578382,-0.6082974950965885,-0.5590713690450806
23,DiagReachK3,186,18,shapedW2,penalty,Gsample,0.14247318962588906,0.06448703299975023,0.22059917479054997
23,DiagReachK3,186,18,shapedW2,penalty,Gdet,0.1951927226036787,0.17082031269092113,0.22004643874242902
23,DiagReachK3,186,18,shapedW2,penalty,Ghold_timeLOO,-0.08923605229756425,-0.6102863596173834,0.30301493040136435
23,DiagReachK3,186,18,shapedW2,cost_0,optimism_sample,0.21860492926827013,0.17192858419185816,0.2632068406677836
23,DiagReachK3,186,18,shapedW2,cost_0,optimism_det,0.17267223027339518,0.16835482892385065,0.17739492588481248
23,DiagReachK3,186,18,shapedW2,cost_0,Gsample,0.45637858286499977,0.4117766714654863,0.5030549279414117
23,DiagReachK3,186,18,shapedW2,cost_0,Gdet,0.5023112818598747,0.4975885862484574,0.5066286832094192
23,DiagReachK3,186,18,shapedW2,cost_0,Ghold_timeLOO,0.30757427281076566,0.09077236775665497,0.5099793930548646
23,DiagReachK3,186,18,shapedW2,cost_1,optimism_sample,0.4214676038002313,0.3488375180972458,0.4880760860269607
23,DiagReachK3,186,18,shapedW2,cost_1,optimism_det,0.5743081845914663,0.5680040138413848,0.5810450479959787
23,DiagReachK3,186,18,shapedW2,cost_1,Gsample,-0.04287571832537651,-0.1094842005521059,0.029754367377608986
23,DiagReachK3,186,18,shapedW2,cost_1,Gdet,-0.19571629911661148,-0.20245316252112389,-0.18941212836652993
23,DiagReachK3,186,18,shapedW2,cost_1,Ghold_timeLOO,0.12951641361167912,-0.04200978703857396,0.3022285332461759
23,DiagReachK3,186,18,shapedW2,cost_2,optimism_sample,0.7489812917000547,0.6347041667363539,0.8656227004638806
23,DiagReachK3,186,18,shapedW2,cost_2,optimism_det,0.8604492342955365,0.8526008373982206,0.8691030460334316
23,DiagReachK3,186,18,shapedW2,cost_2,Gsample,0.39888931810855865,0.28224790934473276,0.5131664430722591
23,DiagReachK3,186,18,shapedW2,cost_2,Gdet,0.2874213755130768,0.27876756377518175,0.29526977241039276
23,DiagReachK3,186,18,shapedW2,cost_2,Ghold_timeLOO,0.43302194385293674,0.19398661292757374,0.6593563308233006
23,DiagReachK3,186,18,rawKL,shaped,optimism_sample,0.548086953751775,0.2886118830059589,0.8223593120768948
23,DiagReachK3,186,18,rawKL,shaped,optimism_det,0.4964310764183241,0.4164448313986429,0.5777403389507327
23,DiagReachK3,186,18,rawKL,shaped,Gsample,-0.6082432016345591,-0.8825155599596792,-0.3487681308887432
23,DiagReachK3,186,18,rawKL,shaped,Gdet,-0.5565873243011084,-0.6378965868335171,-0.47660107928142725
23,DiagReachK3,186,18,rawKL,shaped,Ghold_timeLOO,-0.31505135450781635,-0.662481475606682,-0.013474492404537632
23,DiagReachK3,186,18,rawKL,raw,optimism_sample,0.24873235470067345,0.22524197910123814,0.2714044944619194
23,DiagReachK3,186,18,rawKL,raw,optimism_det,0.2160038741079871,0.21433687417623778,0.2179194150081776
23,DiagReachK3,186,18,rawKL,raw,Gsample,0.28623897371935547,0.26356683395810954,0.3097293493187908
23,DiagReachK3,186,18,rawKL,raw,Gdet,0.3189674543120418,0.31705191341185135,0.32063445424379117
23,DiagReachK3,186,18,rawKL,raw,Ghold_timeLOO,0.29621423004981373,0.23577114193924378,0.35781416676725847
23,DiagReachK3,186,18,rawKL,penalty,optimism_sample,-0.2993545705508176,-0.5639475252651345,-0.042720813577502625
23,DiagReachK3,186,18,rawKL,penalty,optimism_det,-0.2804271738100532,-0.36140403138098454,-0.20203115055893703
23,DiagReachK3,186,18,rawKL,penalty,Gsample,0.8944821753539145,0.6378484183805995,1.1590751300682314
23,DiagReachK3,186,18,rawKL,penalty,Gdet,0.8755547786131501,0.7971587553620338,0.9565316361840814
23,DiagReachK3,186,18,rawKL,penalty,Ghold_timeLOO,0.6112655812592088,0.28391259459101464,1.0075879487783876
23,DiagReachK3,186,18,rawKL,cost_0,optimism_sample,0.19266592751857647,0.16232672132220874,0.22319381538447747
23,DiagReachK3,186,18,rawKL,cost_0,optimism_det,0.08466069068428883,0.08263793889102349,0.08654879241850981
23,DiagReachK3,186,18,rawKL,cost_0,Gsample,0.603338960558176,0.572811072692275,0.6336781667545438
23,DiagReachK3,186,18,rawKL,cost_0,Gdet,0.7113441973924637,0.7094560956582427,0.7133669491857291
23,DiagReachK3,186,18,rawKL,cost_0,Ghold_timeLOO,0.5327694742524589,0.33467571494929144,0.7503546899845732
23,DiagReachK3,186,18,rawKL,cost_1,optimism_sample,0.027563749042219754,0.0013278370470472534,0.05295355745858633
23,DiagReachK3,186,18,rawKL,cost_1,optimism_det,-0.09910044244223154,-0.10158716703497685,-0.09667380622320688
23,DiagReachK3,186,18,rawKL,cost_1,Gsample,0.34368623048067093,0.31829642206430436,0.36992214247584343
23,DiagReachK3,186,18,rawKL,cost_1,Gdet,0.4703504219651222,0.46792378574609755,0.4728371465578675
23,DiagReachK3,186,18,rawKL,cost_1,Ghold_timeLOO,0.2739199084348259,0.14750953927051763,0.39045497408532776
23,DiagReachK3,186,18,rawKL,cost_2,optimism_sample,0.25350490415019156,0.20643282753897071,0.30076950823438525
23,DiagReachK3,186,18,rawKL,cost_2,optimism_det,0.019457923411551725,0.015725489496413482,0.023967067687932265
23,DiagReachK3,186,18,rawKL,cost_2,Gsample,0.9369005113840103,0.8896359072998166,0.9839725879952311
23,DiagReachK3,186,18,rawKL,cost_2,Gdet,1.1709474921226501,1.1664383478462697,1.1746799260377885
23,DiagReachK3,186,18,rawKL,cost_2,Ghold_timeLOO,0.7984005795618347,0.5580479233240797,1.0354341087783379
23,DiagReachK3,186,18,rawW2,shaped,optimism_sample,0.9675197513034429,0.6404757709163726,1.3272371023567833
23,DiagReachK3,186,18,rawW2,shaped,optimism_det,1.0324588319949533,0.9413969406699826,1.1259666476017622
23,DiagReachK3,186,18,rawW2,shaped,Gsample,-0.7968308543935567,-1.1565482054468974,-0.46978687400648644
23,DiagReachK3,186,18,rawW2,shaped,Gdet,-0.861769935085067,-0.9552777506918759,-0.7707080437600964
23,DiagReachK3,186,18,rawW2,shaped,Ghold_timeLOO,-0.9531950270954888,-2.494282641835056,-0.02336649045925317
23,DiagReachK3,186,18,rawW2,raw,optimism_sample,0.4063657164330551,0.3718901362082565,0.4396069937422803
23,DiagReachK3,186,18,rawW2,raw,optimism_det,0.44832590736866107,0.44718321681305434,0.449402493649935
23,DiagReachK3,186,18,rawW2,raw,Gsample,0.37061096167562924,0.337369684366404,0.4050865419004278
23,DiagReachK3,186,18,rawW2,raw,Gdet,0.32865077074002325,0.3275741844587493,0.32979346129563
23,DiagReachK3,186,18,rawW2,raw,Ghold_timeLOO,0.49526749193110764,0.326417097904304,0.7521617915014235
23,DiagReachK3,186,18,rawW2,penalty,optimism_sample,-0.5611540093824805,-0.9232232837977425,-0.24134592730948506
23,DiagReachK3,186,18,rawW2,penalty,optimism_det,-0.5841328991383852,-0.6764463610753955,-0.49439555379027295
23,DiagReachK3,186,18,rawW2,penalty,Gsample,1.1674418160691857,0.8476337339961901,1.5295110904844478
23,DiagReachK3,186,18,rawW2,penalty,Gdet,1.1904207058250904,1.1006833604769781,1.2827341677621005
23,DiagReachK3,186,18,rawW2,penalty,Ghold_timeLOO,1.4484624496222398,0.3979332365238221,3.2464191918640766
23,DiagReachK3,186,18,rawW2,cost_0,optimism_sample,0.24639062132507838,0.2039007838425068,0.28972068490281977
23,DiagReachK3,186,18,rawW2,cost_0,optimism_det,0.20878064554006137,0.20589579805553235,0.2113150303792981
23,DiagReachK3,186,18,rawW2,cost_0,Gsample,0.7184991575777531,0.6751690940000117,0.7609889950603247
23,DiagReachK3,186,18,rawW2,cost_0,Gdet,0.7561091333627701,0.7535747485235333,0.7589939808472991
23,DiagReachK3,186,18,rawW2,cost_0,Ghold_timeLOO,0.8535229342227989,0.40773587165022046,1.437948597233866
23,DiagReachK3,186,18,rawW2,cost_1,optimism_sample,-0.025370588717762932,-0.0630276633480234,0.014035275479997878
23,DiagReachK3,186,18,rawW2,cost_1,optimism_det,-0.09982311558515261,-0.10327590965271424,-0.09658710379690359
23,DiagReachK3,186,18,rawW2,cost_1,Gsample,0.48300154507160187,0.44359568087384105,0.5206586197018623
23,DiagReachK3,186,18,rawW2,cost_1,Gdet,0.5574540719389915,0.5542180601507425,0.5609068660065532
23,DiagReachK3,186,18,rawW2,cost_1,Ghold_timeLOO,0.3127429635877776,-0.009857087574949753,0.5703449679853253
23,DiagReachK3,186,18,rawW2,cost_2,optimism_sample,0.29788982335888137,0.2266697284620284,0.36910505172275293
23,DiagReachK3,186,18,rawW2,cost_2,optimism_det,0.18607885603271712,0.18252020318471182,0.19024176288806188
23,DiagReachK3,186,18,rawW2,cost_2,Gsample,1.1922216266393661,1.1210063982754945,1.263441721536219
23,DiagReachK3,186,18,rawW2,cost_2,Gdet,1.3040325939655304,1.2998696871101856,1.3075912468135358
23,DiagReachK3,186,18,rawW2,cost_2,Ghold_timeLOO,1.1572514605916915,0.7824464435113146,1.5743989122755402
26,DiagReachK3,187,6,shapedKL,shaped,optimism_sample,4.247284616343688,3.9682186724207202,4.4781910888121335
26,DiagReachK3,187,6,shapedKL,shaped,optimism_det,5.190173680538747,5.181362661543417,5.199990321768756
26,DiagReachK3,187,6,shapedKL,shaped,Gsample,0.2778842980861555,0.04697782561770968,0.5569502420091225
26,DiagReachK3,187,6,shapedKL,shaped,Gdet,-0.6650047661089042,-0.6748214073389135,-0.6561937471135753
26,DiagReachK3,187,6,shapedKL,shaped,Ghold_timeLOO,0.4628740326734542,-0.16818958889876123,1.2874494290586993
26,DiagReachK3,187,6,shapedKL,raw,optimism_sample,-0.09504764870748988,-0.14388296753692098,-0.04470981225805283
26,DiagReachK3,187,6,shapedKL,raw,optimism_det,0.33105491001938014,0.3222438910240511,0.34087155124938945
26,DiagReachK3,187,6,shapedKL,raw,Gsample,-0.23890220738203422,-0.2892400438314713,-0.19006688855260315
26,DiagReachK3,187,6,shapedKL,raw,Gdet,-0.6650047661089042,-0.6748214073389135,-0.6561937471135753
26,DiagReachK3,187,6,shapedKL,raw,Ghold_timeLOO,-0.2222916988605503,-0.3008495584440576,-0.13880097958421259
26,DiagReachK3,187,6,shapedKL,penalty,optimism_sample,-4.342332280492,-4.562360865780674,-4.078669038503021
26,DiagReachK3,187,6,shapedKL,penalty,optimism_det,-4.85911878596019,-4.85911878596019,-4.85911878596019
26,DiagReachK3,187,6,shapedKL,penalty,Gsample,-0.5167865054681897,-0.780449747457169,-0.2967579201795161
26,DiagReachK3,187,6,shapedKL,penalty,Gdet,0.0,0.0,0.0
26,DiagReachK3,187,6,shapedKL,penalty,Ghold_timeLOO,-0.6851657009435281,-1.5292659155111645,-0.04806931978182887
26,DiagReachK3,187,6,shapedKL,cost_0,optimism_sample,-0.7274523165472484,-0.7558998624724037,-0.6959138125576712
26,DiagReachK3,187,6,shapedKL,cost_0,optimism_det,-0.3793348513939119,-0.38311173845312363,-0.3756054688640571
26,DiagReachK3,187,6,shapedKL,cost_0,Gsample,-0.22411864809691906,-0.25565715208649636,-0.19567110217176378
26,DiagReachK3,187,6,shapedKL,cost_0,Gdet,-0.5722361132502556,-0.5759654957801104,-0.5684592261910438
26,DiagReachK3,187,6,shapedKL,cost_0,Ghold_timeLOO,-0.1200834454630805,-0.3612925062200134,0.06628811824006449
26,DiagReachK3,187,6,shapedKL,cost_1,optimism_sample,-0.5788119317628717,-0.639556782053811,-0.513100038994131
26,DiagReachK3,187,6,shapedKL,cost_1,optimism_det,0.1941829348318005,0.18730202637237553,0.20084903541577104
26,DiagReachK3,187,6,shapedKL,cost_1,Gsample,-0.6673984471708536,-0.7331103399395943,-0.6066535968799144
26,DiagReachK3,187,6,shapedKL,cost_1,Gdet,-1.4403933137655258,-1.4470594143494964,-1.4335124053061008
26,DiagReachK3,187,6,shapedKL,cost_1,Ghold_timeLOO,-0.687615389559429,-0.8842204403648976,-0.5058226977457628
26,DiagReachK3,187,6,shapedKL,cost_2,optimism_sample,-1.3132519765223232,-1.4031683686586884,-1.223223799599972
26,DiagReachK3,187,6,shapedKL,cost_2,optimism_det,-0.21959939286362795,-0.22702216156077054,-0.21227265246462493
26,DiagReachK3,187,6,shapedKL,cost_2,Gsample,-0.8945167735219002,-0.9845449504442513,-0.804600381385535
26,DiagReachK3,187,6,shapedKL,cost_2,Gdet,-1.9881693571805954,-1.9954960975795983,-1.9807465884834528
26,DiagReachK3,187,6,shapedKL,cost_2,Ghold_timeLOO,-0.8044031088260946,-1.1367472395216451,-0.49419535965794253
26,DiagReachK3,187,6,shapedW2,shaped,optimism_sample,3.9348182154290767,3.6939585674381346,4.138183003767667
26,DiagReachK3,187,6,shapedW2,shaped,optimism_det,4.629625484394346,4.621983923789012,4.637839137228257
26,DiagReachK3,187,6,shapedW2,shaped,Gsample,0.28646065339507887,0.08309586505648876,0.5273203013860213
26,DiagReachK3,187,6,shapedW2,shaped,Gdet,-0.40834661557019003,-0.41656026840410065,-0.4007050549648557
26,DiagReachK3,187,6,shapedW2,shaped,Ghold_timeLOO,0.4486813208137781,-0.0965452976637676,1.2278970188788747
26,DiagReachK3,187,6,shapedW2,raw,optimism_sample,0.006991174691415386,-0.03196173375822177,0.044517807194792536
26,DiagReachK3,187,6,shapedW2,raw,optimism_det,0.2844879366199389,0.27684637601460454,0.29270158945384944
26,DiagReachK3,187,6,shapedW2,raw,Gsample,-0.13084985364166657,-0.16837648614504375,-0.09189694519202946
26,DiagReachK3,187,6,shapedW2,raw,Gdet,-0.40834661557019003,-0.41656026840410065,-0.4007050549648557
26,DiagReachK3,187,6,shapedW2,raw,Ghold_timeLOO,-0.13315716141644582,-0.19505742221358588,-0.06674447601085985
26,DiagReachK3,187,6,shapedW2,penalty,optimism_sample,-3.927827071394579,-4.126731151245342,-3.6865676153644857
26,DiagReachK3,187,6,shapedW2,penalty,optimism_det,-4.345137578431324,-4.345137578431324,-4.345137578431324
26,DiagReachK3,187,6,shapedW2,penalty,Gsample,-0.41731050703674555,-0.6585699630668387,-0.21840642718598258
26,DiagReachK3,187,6,shapedW2,penalty,Gdet,0.0,0.0,0.0
26,DiagReachK3,187,6,shapedW2,penalty,Ghold_timeLOO,-0.5818384625242882,-1.3731373769359185,-0.024711661502088825
26,DiagReachK3,187,6,shapedW2,cost_0,optimism_sample,-0.45372877144950485,-0.48808697302124504,-0.4171342203230322
26,DiagReachK3,187,6,shapedW2,cost_0,optimism_det,-0.23228569855677939,-0.23788034138965464,-0.22669819934058047
26,DiagReachK3,187,6,shapedW2,cost_0,Gsample,-0.09768938925117254,-0.13428394037764518,-0.06333118767943237
26,DiagReachK3,187,6,shapedW2,cost_0,Gdet,-0.319132462143898,-0.32471996136009695,-0.31353781931102276
26,DiagReachK3,187,6,shapedW2,cost_0,Ghold_timeLOO,-0.11795047468746744,-0.3273071023292439,0.034642011020209466
26,DiagReachK3,187,6,shapedW2,cost_1,optimism_sample,-0.2789437506726864,-0.33737954736285986,-0.21857674456265902
26,DiagReachK3,187,6,shapedW2,cost_1,optimism_det,0.35236137859458894,0.3462132580199358,0.3581469732889053
26,DiagReachK3,187,6,shapedW2,cost_1,Gsample,-0.4875753289088607,-0.5479423350188881,-0.4291395322186873
26,DiagReachK3,187,6,shapedW2,cost_1,Gdet,-1.118880458176136,-1.1246660528704524,-1.1127323376014828
26,DiagReachK3,187,6,shapedW2,cost_1,Ghold_timeLOO,-0.4866141966827838,-0.6492255490444423,-0.33687951254419163
26,DiagReachK3,187,6,shapedW2,cost_2,optimism_sample,-0.7330997610050913,-0.8171664827089485,-0.6449833465326307
26,DiagReachK3,187,6,shapedW2,cost_2,optimism_det,0.07671591774041686,0.06662388839240108,0.08634612024242912
26,DiagReachK3,187,6,shapedW2,cost_2,Gsample,-0.6061562262475491,-0.6942726407200098,-0.522089504543692
26,DiagReachK3,187,6,shapedW2,cost_2,Gdet,-1.4159719049930573,-1.4256021074950695,-1.4058798756450415
26,DiagReachK3,187,6,shapedW2,cost_2,Ghold_timeLOO,-0.6139623237115464,-0.8830233375719174,-0.3721029143655254
26,DiagReachK3,187,6,rawKL,shaped,optimism_sample,-1.9596675295693016,-2.195036608814703,-1.7023485855187626
26,DiagReachK3,187,6,rawKL,shaped,optimism_det,-1.3295308715573042,-1.396496289991424,-1.258176102850862
26,DiagReachK3,187,6,rawKL,shaped,Gsample,-0.24921014086639842,-0.5065290849169378,-0.013841061620996983
26,DiagReachK3,187,6,rawKL,shaped,Gdet,-0.8793467988783958,-0.9507015675848383,-0.812381380444276
26,DiagReachK3,187,6,rawKL,shaped,Ghold_timeLOO,-0.47781374576319136,-1.416911604489097,0.1761355782154785
26,DiagReachK3,187,6,rawKL,raw,optimism_sample,0.5528614523417632,0.4860823873528582,0.6135791412707664
26,DiagReachK3,187,6,rawKL,raw,optimism_det,0.8226806566117334,0.821132359342478,0.8243008873369722
26,DiagReachK3,187,6,rawKL,raw,Gsample,0.4095119319733384,0.3487942430443352,0.4762909969622434
26,DiagReachK3,187,6,rawKL,raw,Gdet,0.13969272770336827,0.13807249697812948,0.14124102497262375
26,DiagReachK3,187,6,rawKL,raw,Ghold_timeLOO,0.39464916909742004,0.2740260724291428,0.5198894429991564
26,DiagReachK3,187,6,rawKL,penalty,optimism_sample,2.51252905982469,2.286900350404128,2.7140634855480563
26,DiagReachK3,187,6,rawKL,penalty,optimism_det,2.1522116060826626,2.0807074779171195,2.2198850822627243
26,DiagReachK3,187,6,rawKL,penalty,Gsample,0.6587220728397369,0.4571876471163705,0.8843507822602987
26,DiagReachK3,187,6,rawKL,penalty,Gdet,1.0190395265817642,0.9513660504017025,1.0905436547473073
26,DiagReachK3,187,6,rawKL,penalty,Ghold_timeLOO,0.8724628969417875,0.14211945146029398,1.8538200041547235
26,DiagReachK3,187,6,rawKL,cost_0,optimism_sample,0.6469393011137257,0.5848749367707754,0.7125643066085289
26,DiagReachK3,187,6,rawKL,cost_0,optimism_det,-0.20084005622646117,-0.2047267789997747,-0.19682719512364172
26,DiagReachK3,187,6,rawKL,cost_0,Gsample,0.9306332529522479,0.8650082474574446,0.9926976172951981
26,DiagReachK3,187,6,rawKL,cost_0,Gdet,1.7784126102924347,1.7743997491896153,1.7822993330657482
26,DiagReachK3,187,6,rawKL,cost_0,Ghold_timeLOO,0.7026525747192113,0.454573077554692,1.0006855156336683
26,DiagReachK3,187,6,rawKL,cost_1,optimism_sample,0.8532315157009678,0.8038833618751184,0.9027608403591828
26,DiagReachK3,187,6,rawKL,cost_1,optimism_det,0.7920801490201073,0.7885487915603833,0.7956925281910615
26,DiagReachK3,187,6,rawKL,cost_1,Gsample,0.34786834195256233,0.2983390172943473,0.3972164957784116
26,DiagReachK3,187,6,rawKL,cost_1,Gdet,0.40901970863342285,0.4054073294624686,0.4125510660931468
26,DiagReachK3,187,6,rawKL,cost_1,Ghold_timeLOO,0.22988283063760723,0.020852555303204273,0.4760771885880093
26,DiagReachK3,187,6,rawKL,cost_2,optimism_sample,1.466864999163577,1.378250893637219,1.5622811143879383
26,DiagReachK3,187,6,rawKL,cost_2,optimism_det,0.6370783110742062,0.6314904058013647,0.642674383673498
26,DiagReachK3,187,6,rawKL,cost_2,Gsample,1.2910317927598953,1.195615677535534,1.3796458982862532
26,DiagReachK3,187,6,rawKL,cost_2,Gdet,2.120818480849266,2.1152224082499744,2.1264063861221074
26,DiagReachK3,187,6,rawKL,cost_2,Ghold_timeLOO,0.9234944194199391,0.5374225186845413,1.3482922321742734
26,DiagReachK3,187,6,rawW2,shaped,optimism_sample,-1.4112914150316067,-1.5926433076750675,-1.2059241254562154
26,DiagReachK3,187,6,rawW2,shaped,optimism_det,-1.1852006819848118,-1.2291613189054131,-1.1382986751240478
26,DiagReachK3,187,6,rawW2,shaped,Gsample,-0.12771678237427292,-0.3330840719496643,0.05363511026918789
26,DiagReachK3,187,6,rawW2,shaped,Gdet,-0.3538075154210677,-0.4007095222818318,-0.3098468785004665
26,DiagReachK3,187,6,rawW2,shaped,Ghold_timeLOO,-0.35832610443969065,-1.0661264105217916,0.16032208625866268
26,DiagReachK3,187,6,rawW2,raw,optimism_sample,0.5047322616173051,0.44857313773688007,0.5568889293342081
26,DiagReachK3,187,6,rawW2,raw,optimism_det,0.7450459295062092,0.7432567647818132,0.7469539715918428
26,DiagReachK3,187,6,rawW2,raw,Gsample,0.3409006066043274,0.2887439388874245,0.3970597304847524
26,DiagReachK3,187,6,rawW2,raw,Gdet,0.10058693871542332,0.0986788966297897,0.10237610343981927
26,DiagReachK3,187,6,rawW2,raw,Ghold_timeLOO,0.3233957691192233,0.22454335526251248,0.43722509401335885
26,DiagReachK3,187,6,rawW2,penalty,optimism_sample,1.9160237465331225,1.748658080752742,2.0693877219965575
26,DiagReachK3,187,6,rawW2,penalty,optimism_det,1.9302466813752321,1.8837880534630163,1.9750494873661442
26,DiagReachK3,187,6,rawW2,penalty,Gsample,0.4686173889786005,0.31525341351516545,0.6359830547589809
26,DiagReachK3,187,6,rawW2,penalty,Gdet,0.4543944541364908,0.4095916481455788,0.5008530820487067
26,DiagReachK3,187,6,rawW2,penalty,Ghold_timeLOO,0.681721865049761,0.0949216151641722,1.4097681760527705
26,DiagReachK3,187,6,rawW2,cost_0,optimism_sample,0.4912429948937267,0.43784615540822297,0.548221988756594
26,DiagReachK3,187,6,rawW2,cost_0,optimism_det,-0.1925173803564042,-0.19634148081353606,-0.18825481304487884
26,DiagReachK3,187,6,rawW2,cost_0,Gsample,0.7603842089883983,0.703405215125531,0.813781048473902
26,DiagReachK3,187,6,rawW2,cost_0,Gdet,1.4441445842385292,1.439882016927004,1.447968684695661
26,DiagReachK3,187,6,rawW2,cost_0,Ghold_timeLOO,0.562865060527962,0.3721352075311542,0.7809122938736973
26,DiagReachK3,187,6,rawW2,cost_1,optimism_sample,0.6849210072408146,0.6406997128023482,0.7304722147627449
26,DiagReachK3,187,6,rawW2,cost_1,optimism_det,0.7092305306444592,0.7056448271597452,0.7128534805128998
26,DiagReachK3,187,6,rawW2,cost_1,Gsample,0.2654203772544861,0.21986916973255574,0.30964167169295237
26,DiagReachK3,187,6,rawW2,cost_1,Gdet,0.24111085385084152,0.23748790398240088,0.24469655733555556
26,DiagReachK3,187,6,rawW2,cost_1,Ghold_timeLOO,0.19082853321837265,0.017580793528489156,0.40951631165189006
26,DiagReachK3,187,6,rawW2,cost_2,optimism_sample,1.1430219703604,1.068050811651023,1.2286535149690228
26,DiagReachK3,187,6,rawW2,cost_2,optimism_det,0.5524372116912621,0.5458168504078407,0.5586821128864307
26,DiagReachK3,187,6,rawW2,cost_2,Gsample,1.0363121889531612,0.9506806443445385,1.1112833476625383
26,DiagReachK3,187,6,rawW2,cost_2,Gdet,1.6268969476222992,1.6206520464271308,1.6335173089057207
26,DiagReachK3,187,6,rawW2,cost_2,Ghold_timeLOO,0.7448822567968436,0.4237800654356113,1.1223905521248134
28,DiagReachK3,187,18,shapedKL,shaped,optimism_sample,0.6303856437438367,0.3546593552515394,0.8616272994973969
28,DiagReachK3,187,18,shapedKL,shaped,optimism_det,1.3030498654732874,1.2964942239094595,1.3094588262254838
28,DiagReachK3,187,18,shapedKL,shaped,Gsample,0.55081651861949,0.31957486286592934,0.826542807111787
28,DiagReachK3,187,18,shapedKL,shaped,Gdet,-0.12184770310996068,-0.1282566638621573,-0.11529206154613297
28,DiagReachK3,187,18,shapedKL,shaped,Ghold_timeLOO,0.3521873973523136,-0.14252467653695572,1.0187419104900726
28,DiagReachK3,187,18,shapedKL,raw,optimism_sample,0.06852406000297907,0.033835823768368044,0.09808084177736559
28,DiagReachK3,187,18,shapedKL,raw,optimism_det,0.1294587483208674,0.12376605312303626,0.13503080169866777
28,DiagReachK3,187,18,shapedKL,raw,Gsample,-0.06326159612106041,-0.09281837789544699,-0.028573359886449393
28,DiagReachK3,187,18,shapedKL,raw,Gdet,-0.12419628443894876,-0.1297683378167491,-0.1185035892411176
28,DiagReachK3,187,18,shapedKL,raw,Ghold_timeLOO,-0.09820733958753838,-0.19943075994529424,-0.010481258283532397
28,DiagReachK3,187,18,shapedKL,penalty,optimism_sample,-0.5618614852462576,-0.8045182504026831,-0.28102465113966335
28,DiagReachK3,187,18,shapedKL,penalty,optimism_det,-1.17359101865782,-1.1756313880939648,-1.1710638222318754
28,DiagReachK3,187,18,shapedKL,penalty,Gsample,-0.6140781147405505,-0.8949149488471448,-0.37142134958412504
28,DiagReachK3,187,18,shapedKL,penalty,Gdet,-0.0023485813289880753,-0.004875777754932642,-0.00030821189284324646
28,DiagReachK3,187,18,shapedKL,penalty,Ghold_timeLOO,-0.4503947697285433,-1.1093207371499003,0.007777730202650347
28,DiagReachK3,187,18,shapedKL,cost_0,optimism_sample,-0.12846019653146062,-0.1719108243101174,-0.07673779501122331
28,DiagReachK3,187,18,shapedKL,cost_0,optimism_det,0.15372622596557345,0.14964795938219036,0.1579024317347547
28,DiagReachK3,187,18,shapedKL,cost_0,Gsample,-0.20468612387776375,-0.2564085253980011,-0.16123549609910703
28,DiagReachK3,187,18,shapedKL,cost_0,Gdet,-0.4868725463747978,-0.4910487521439791,-0.48279427979141476
28,DiagReachK3,187,18,shapedKL,cost_0,Ghold_timeLOO,-0.23283699545147113,-0.5394348130533704,0.04756674268205124
28,DiagReachK3,187,18,shapedKL,cost_1,optimism_sample,0.004701818878016267,-0.056580018458702766,0.06407493453305103
28,DiagReachK3,187,18,shapedKL,cost_1,optimism_det,0.30605920364912487,0.3008928308060381,0.3108877405321214
28,DiagReachK3,187,18,shapedKL,cost_1,Gsample,-0.21244116500020027,-0.27181428065523505,-0.15115932766348125
28,DiagReachK3,187,18,shapedKL,cost_1,Gdet,-0.5137985497713089,-0.5186270866543055,-0.5086321769282222
28,DiagReachK3,187,18,shapedKL,cost_1,Ghold_timeLOO,-0.11636659659731925,-0.26984211061518115,0.042024458882293156
28,DiagReachK3,187,18,shapedKL,cost_2,optimism_sample,-0.10828512461182571,-0.20147585837428367,-0.007183242321730635
28,DiagReachK3,187,18,shapedKL,cost_2,optimism_det,0.47631923368874096,0.4673825815201094,0.48513475729825994
28,DiagReachK3,187,18,shapedKL,cost_2,Gsample,-0.4077570531517267,-0.5088589354418218,-0.3145663193892688
28,DiagReachK3,187,18,shapedKL,cost_2,Gdet,-0.9923614114522934,-1.0011769350618125,-0.9834247592836618
28,DiagReachK3,187,18,shapedKL,cost_2,Ghold_timeLOO,-0.32527749992200294,-0.701172607480354,0.03975626909397718
28,DiagReachK3,187,18,shapedW2,shaped,optimism_sample,0.661971534738161,0.34713881396246404,0.9352138478946977
28,DiagReachK3,187,18,shapedW2,shaped,optimism_det,1.4364688737398303,1.4289652854228354,1.4439017581144236
28,DiagReachK3,187,18,shapedW2,shaped,Gsample,0.6398767142326565,0.36663440107611944,0.9547094350083529
28,DiagReachK3,187,18,shapedW2,shaped,Gdet,-0.13462062476901301,-0.14205350914360615,-0.12711703645201802
28,DiagReachK3,187,18,shapedW2,shaped,Ghold_timeLOO,0.43526219356033236,-0.128623029253582,1.1800938148143312
28,DiagReachK3,187,18,shapedW2,raw,optimism_sample,0.03403951635626654,-0.0052851631477207036,0.06887153154035468
28,DiagReachK3,187,18,shapedW2,raw,optimism_det,0.0949877946109085,0.08800536912454146,0.10163925498443165
28,DiagReachK3,187,18,shapedW2,raw,Gsample,-0.07602092784335913,-0.1108529430274473,-0.03669624833937189
28,DiagReachK3,187,18,shapedW2,raw,Gdet,-0.1369692060980011,-0.14362066647152424,-0.12998678061163405
28,DiagReachK3,187,18,shapedW2,raw,Ghold_timeLOO,-0.11640174346581823,-0.23146412626186819,-0.010795735758968701
28,DiagReachK3,187,18,shapedW2,penalty,optimism_sample,-0.6279319093507678,-0.9025375700500757,-0.31083011668556965
28,DiagReachK3,187,18,shapedW2,penalty,optimism_det,-1.3414809700977952,-1.34352133953394,-1.3389537736718506
28,DiagReachK3,187,18,shapedW2,penalty,Gsample,-0.7158976420760155,-1.032999434741214,-0.44129198137670783
28,DiagReachK3,187,18,shapedW2,penalty,Gdet,-0.0023485813289880753,-0.004875777754932642,-0.00030821189284324646
28,DiagReachK3,187,18,shapedW2,penalty,Ghold_timeLOO,-0.551663974309797,-1.281429886513227,-0.028143897169415597
28,DiagReachK3,187,18,shapedW2,cost_0,optimism_sample,-0.196398426439585,-0.25194495787003063,-0.13061418920845713
28,DiagReachK3,187,18,shapedW2,cost_0,optimism_det,0.14924552604931424,0.14418541599440404,0.1544401928447468
28,DiagReachK3,187,18,shapedW2,cost_0,Gsample,-0.24688784033060074,-0.31267207756172866,-0.19134130890015516
28,DiagReachK3,187,18,shapedW2,cost_0,Gdet,-0.5925317928195,-0.5977264596149325,-0.5874716827645898
28,DiagReachK3,187,18,shapedW2,cost_0,Ghold_timeLOO,-0.2901768641364211,-0.6309465653534247,0.015477347878896545
28,DiagReachK3,187,18,shapedW2,cost_1,optimism_sample,-0.0054082960888971465,-0.06969135180788533,0.05736903966662987
28,DiagReachK3,187,18,shapedW2,cost_1,optimism_det,0.31436843638566836,0.30902300336656674,0.3194578661516081
28,DiagReachK3,187,18,shapedW2,cost_1,Gsample,-0.25363000854849815,-0.3164073443040252,-0.18934695282951003
28,DiagReachK3,187,18,shapedW2,cost_1,Gdet,-0.5734067410230637,-0.5784961707890034,-0.568061308003962
28,DiagReachK3,187,18,shapedW2,cost_1,Ghold_timeLOO,-0.14082089624647706,-0.3152130331063597,0.03975665406044492
28,DiagReachK3,187,18,shapedW2,cost_2,optimism_sample,-0.18986070963339574,-0.2977738415521539,-0.07655703061511444
28,DiagReachK3,187,18,shapedW2,cost_2,optimism_det,0.47899061099840634,0.46913504109932413,0.4887826937551641
28,DiagReachK3,187,18,shapedW2,cost_2,Gsample,-0.4836685312911868,-0.5969722103094682,-0.3757553993724287
28,DiagReachK3,187,18,shapedW2,cost_2,Gdet,-1.152519851922989,-1.1623119346797466,-1.1426642820239068
28,DiagReachK3,187,18,shapedW2,cost_2,Ghold_timeLOO,-0.39797137584580344,-0.8088447596552334,0.012471848729282677
28,DiagReachK3,187,18,rawKL,shaped,optimism_sample,0.6550422155279576,0.3847223936678501,0.9618567009917154
28,DiagReachK3,187,18,rawKL,shaped,optimism_det,0.920853229441529,0.848223447563689,0.9904078793841858
28,DiagReachK3,187,18,rawKL,shaped,Gsample,-0.5190458897573081,-0.8258603752210658,-0.24872606789720061
28,DiagReachK3,187,18,rawKL,shaped,Gdet,-0.7848569036708796,-0.8544115536135364,-0.7122271217930395
28,DiagReachK3,187,18,rawKL,shaped,Ghold_timeLOO,-0.356741380211815,-0.6140531801163548,-0.11363449704728869
28,DiagReachK3,187,18,rawKL,raw,optimism_sample,0.4201855071065825,0.36835637861154735,0.4660312288609678
28,DiagReachK3,187,18,rawKL,raw,optimism_det,0.4819629627632296,0.48094167276087535,0.4830118219143535
28,DiagReachK3,187,18,rawKL,raw,Gsample,0.3406822118836315,0.2948364901292462,0.39251134037866664
28,DiagReachK3,187,18,rawKL,raw,Gdet,0.2789047562269844,0.2778558970758605,0.27992604622933864
28,DiagReachK3,187,18,rawKL,raw,Ghold_timeLOO,0.32020463001152344,0.20014721481240905,0.44217188950062225
28,DiagReachK3,187,18,rawKL,penalty,optimism_sample,-0.23485678101504792,-0.5218782306656857,0.009754578186323746
28,DiagReachK3,187,18,rawKL,penalty,optimism_det,-0.4388903392719721,-0.5086198369281982,-0.3662253026160096
28,DiagReachK3,187,18,rawKL,penalty,Gsample,0.8597281016409397,0.615116742439568,1.1467495512915775
28,DiagReachK3,187,18,rawKL,penalty,Gdet,1.0637616598978639,0.9910966232419014,1.13349115755409
28,DiagReachK3,187,18,rawKL,penalty,Ghold_timeLOO,0.67694602436749,0.4255045258220528,0.9568257577237153
28,DiagReachK3,187,18,rawKL,cost_0,optimism_sample,0.11271362260815315,0.08119485269200616,0.14502245330151728
28,DiagReachK3,187,18,rawKL,cost_0,optimism_det,0.04125665382382088,0.039463826016454026,0.04318225842800551
28,DiagReachK3,187,18,rawKL,cost_0,Gsample,0.3275056853890419,0.29519685469567775,0.35902445530518884
28,DiagReachK3,187,18,rawKL,cost_0,Gdet,0.3989626541733742,0.39703704956918956,0.400755481980741
28,DiagReachK3,187,18,rawKL,cost_0,Ghold_timeLOO,0.35972591234572004,0.14272550936102826,0.5919883688013684
28,DiagReachK3,187,18,rawKL,cost_1,optimism_sample,0.7941960381436144,0.7318658402281796,0.8512754685803299
28,DiagReachK3,187,18,rawKL,cost_1,optimism_det,0.6967212563472782,0.6927373832183872,0.7005036583262478
28,DiagReachK3,187,18,rawKL,cost_1,Gsample,0.6217883620411158,0.5647089316044003,0.6841185599565506
28,DiagReachK3,187,18,rawKL,cost_1,Gdet,0.7192631438374519,0.7154807418584823,0.723247016966343
28,DiagReachK3,187,18,rawKL,cost_1,Ghold_timeLOO,0.7033930344230588,0.47021094029783905,0.9422692894017266
28,DiagReachK3,187,18,rawKL,cost_2,optimism_sample,0.9488874523616064,0.8813578310138215,1.011258503533401
28,DiagReachK3,187,18,rawKL,cost_2,optimism_det,0.8050785408070911,0.8014373962483037,0.8086752653768886
28,DiagReachK3,187,18,rawKL,cost_2,Gsample,0.9261332498863339,0.8637621987145394,0.9936628712341189
28,DiagReachK3,187,18,rawKL,cost_2,Gdet,1.0699421614408493,1.0663454368710519,1.0735833059996367
28,DiagReachK3,187,18,rawKL,cost_2,Ghold_timeLOO,1.017574050368597,0.6764738587411637,1.3908240096271167
28,DiagReachK3,187,18,rawW2,shaped,optimism_sample,0.5216258423020301,0.28976707162363013,0.7792548105692387
28,DiagReachK3,187,18,rawW2,shaped,optimism_det,0.6319289326074179,0.5695311327631245,0.692664163038073
28,DiagReachK3,187,18,rawW2,shaped,Gsample,-0.3841402926722365,-0.6417692609394452,-0.1522815219938366
28,DiagReachK3,187,18,rawW2,shaped,Gdet,-0.4944433829776243,-0.5551786134082795,-0.432045583133331
28,DiagReachK3,187,18,rawW2,shaped,Ghold_timeLOO,-0.3617818770047928,-0.641928470129632,-0.10423997047808187
28,DiagReachK3,187,18,rawW2,raw,optimism_sample,0.42744834441855234,0.374266449650103,0.4723845252120544
28,DiagReachK3,187,18,rawW2,raw,optimism_det,0.5080124189882544,0.5066910585372886,0.5094089611457446
28,DiagReachK3,187,18,rawW2,raw,Gsample,0.34761403358934356,0.30267785279584153,0.40079592835779293
28,DiagReachK3,187,18,rawW2,raw,Gdet,0.2670499590196415,0.26565341686215127,0.26837131947060733
28,DiagReachK3,187,18,rawW2,raw,Ghold_timeLOO,0.3194668999441981,0.20853047856298523,0.4339013616318364
28,DiagReachK3,187,18,rawW2,penalty,optimism_sample,-0.09417756102823982,-0.32943881690346966,0.11059503580133093
28,DiagReachK3,187,18,rawW2,penalty,optimism_det,-0.12391657676392565,-0.1845637923416994,-0.061929881720183114
28,DiagReachK3,187,18,rawW2,penalty,Gsample,0.73175432626158,0.5269817294320092,0.9670155821368097
28,DiagReachK3,187,18,rawW2,penalty,Gdet,0.7614933419972658,0.6995066469535232,0.8221405575750396
28,DiagReachK3,187,18,rawW2,penalty,Ghold_timeLOO,0.6812487835976738,0.4006902278929225,0.9827697752616484
28,DiagReachK3,187,18,rawW2,cost_0,optimism_sample,0.16578029201952404,0.13358665840821005,0.19678180630905218
28,DiagReachK3,187,18,rawW2,cost_0,optimism_det,0.10105436494229025,0.09935549920079893,0.10264965513376183
28,DiagReachK3,187,18,rawW2,cost_0,Gsample,0.3527141297236085,0.32171261543408036,0.3849077633349225
28,DiagReachK3,187,18,rawW2,cost_0,Gdet,0.4174400568008423,0.4158447666093707,0.4191389225423336
28,DiagReachK3,187,18,rawW2,cost_0,Ghold_timeLOO,0.4156092243162454,0.20195241495546912,0.6715995176581858
28,DiagReachK3,187,18,rawW2,cost_1,optimism_sample,0.8023984467857401,0.7433047844809364,0.8592504492741893
28,DiagReachK3,187,18,rawW2,cost_1,optimism_det,0.763828046458296,0.7594822099679034,0.7681241516270558
28,DiagReachK3,187,18,rawW2,cost_1,Gsample,0.54979083314538,0.4929388306569308,0.6088844954501837
28,DiagReachK3,187,18,rawW2,cost_1,Gdet,0.5883612334728241,0.5840651283040643,0.5927070699632168
28,DiagReachK3,187,18,rawW2,cost_1,Ghold_timeLOO,0.6435911076354618,0.4051886393491796,0.8964543351905574
28,DiagReachK3,187,18,rawW2,cost_2,optimism_sample,1.0081992464453495,0.9352334345073021,1.077109709413401
28,DiagReachK3,187,18,rawW2,cost_2,optimism_det,0.9415002454385675,0.938093042032472,0.9450114675179637
28,DiagReachK3,187,18,rawW2,cost_2,Gsample,0.8921898575499654,0.8232793945819139,0.9651556694880127
28,DiagReachK3,187,18,rawW2,cost_2,Gdet,0.9588888585567474,0.9553776364773512,0.9622960619628429
28,DiagReachK3,187,18,rawW2,cost_2,Ghold_timeLOO,1.035034695649178,0.6781840558688882,1.4235843081418749
