job,env,metric,combo,seed,cycle,channel,episodes,events,zero_event,all_event,firsthit_adv_zero,continuous_adv_zero,firsthit_adv_std,continuous_adv_std
development_DiagReachK2_s180_KL_RS,DiagReachK2,KL,RS,180,0,0,20,1,False,False,False,False,0.22941575944423676,1.4737643003463745
development_DiagReachK2_s180_KL_RS,DiagReachK2,KL,RS,180,0,1,20,1,False,False,False,False,0.21964886784553528,1.624749779701233
development_DiagReachK2_s180_KL_RS,DiagReachK2,KL,RS,180,1,0,20,1,False,False,False,False,0.22941577434539795,1.6552553176879883
development_DiagReachK2_s180_KL_RS,DiagReachK2,KL,RS,180,1,1,20,2,False,False,False,False,0.2882750630378723,1.990466594696045
development_DiagReachK2_s180_KL_RS,DiagReachK2,KL,RS,180,2,0,20,6,False,False,False,False,0.47538676857948303,1.705540657043457
development_DiagReachK2_s180_KL_RS,DiagReachK2,KL,RS,180,2,1,20,4,False,False,False,False,0.38616418838500977,1.8763158321380615
development_DiagReachK2_s180_KL_RS,DiagReachK2,KL,RS,180,3,0,20,5,False,False,False,False,0.4395603537559509,1.3493443727493286
development_DiagReachK2_s180_KL_RS,DiagReachK2,KL,RS,180,3,1,20,3,False,False,False,False,0.33287131786346436,1.9549164772033691
development_DiagReachK2_s180_KL_RS,DiagReachK2,KL,RS,180,4,0,20,6,False,False,False,False,0.47050586342811584,1.4515939950942993
development_DiagReachK2_s180_KL_RS,DiagReachK2,KL,RS,180,4,1,20,3,False,False,False,False,0.371229887008667,1.4631483554840088
development_DiagReachK2_s180_KL_RS,DiagReachK2,KL,RS,180,5,0,20,4,False,False,False,False,0.4133059084415436,1.2068861722946167
development_DiagReachK2_s180_KL_RS,DiagReachK2,KL,RS,180,5,1,20,7,False,False,False,False,0.4854769706726074,1.4610912799835205
development_DiagReachK2_s180_KL_RS,DiagReachK2,KL,RS,180,6,0,20,6,False,False,False,False,0.4775668680667877,1.7131046056747437
development_DiagReachK2_s180_KL_RS,DiagReachK2,KL,RS,180,6,1,20,8,False,False,False,False,0.5061942934989929,1.2422149181365967
development_DiagReachK2_s180_KL_RS,DiagReachK2,KL,RS,180,7,0,20,5,False,False,False,False,0.4406093955039978,1.691097617149353
development_DiagReachK2_s180_KL_RS,DiagReachK2,KL,RS,180,7,1,20,5,False,False,False,False,0.428120493888855,1.6708608865737915
development_DiagReachK2_s180_KL_RS,DiagReachK2,KL,RS,180,8,0,20,6,False,False,False,False,0.4685392677783966,1.4059622287750244
development_DiagReachK2_s180_KL_RS,DiagReachK2,KL,RS,180,8,1,20,6,False,False,False,False,0.46582165360450745,1.4454230070114136
development_DiagReachK2_s180_KL_RS,DiagReachK2,KL,RS,180,9,0,20,9,False,False,False,False,0.520361065864563,0.9668925404548645
development_DiagReachK2_s180_KL_RS,DiagReachK2,KL,RS,180,9,1,20,8,False,False,False,False,0.5043668746948242,1.3934826850891113
development_DiagReachK2_s180_KL_RS,DiagReachK2,KL,RS,180,10,0,20,9,False,False,False,False,0.5125389695167542,1.452960729598999
development_DiagReachK2_s180_KL_RS,DiagReachK2,KL,RS,180,10,1,20,6,False,False,False,False,0.4613400995731354,1.6512607336044312
development_DiagReachK2_s180_KL_RS,DiagReachK2,KL,RS,180,11,0,20,6,False,False,False,False,0.4603383243083954,1.8267260789871216
development_DiagReachK2_s180_KL_RS,DiagReachK2,KL,RS,180,11,1,20,4,False,False,False,False,0.4096594452857971,1.5492678880691528
development_DiagReachK2_s180_KL_RS,DiagReachK2,KL,RS,180,12,0,20,7,False,False,False,False,0.49838152527809143,1.5243788957595825
development_DiagReachK2_s180_KL_RS,DiagReachK2,KL,RS,180,12,1,20,5,False,False,False,False,0.44968435168266296,1.7144074440002441
development_DiagReachK2_s180_KL_RS,DiagReachK2,KL,RS,180,13,0,20,6,False,False,False,False,0.4673059582710266,1.4641773700714111
development_DiagReachK2_s180_KL_RS,DiagReachK2,KL,RS,180,13,1,20,10,False,False,False,False,0.5225744247436523,1.4021586179733276
development_DiagReachK2_s180_KL_RS,DiagReachK2,KL,RS,180,14,0,20,10,False,False,False,False,0.5174695253372192,1.4569239616394043
development_DiagReachK2_s180_KL_RS,DiagReachK2,KL,RS,180,14,1,20,1,False,False,False,False,0.22941572964191437,0.9618894457817078
development_DiagReachK2_s180_KL_RS,DiagReachK2,KL,RS,180,15,0,20,9,False,False,False,False,0.5098295211791992,1.670510172843933
development_DiagReachK2_s180_KL_RS,DiagReachK2,KL,RS,180,15,1,20,6,False,False,False,False,0.46358630061149597,1.4610928297042847
development_DiagReachK2_s180_KL_RS,DiagReachK2,KL,RS,180,16,0,20,6,False,False,False,False,0.46582165360450745,1.431544542312622
development_DiagReachK2_s180_KL_RS,DiagReachK2,KL,RS,180,16,1,20,2,False,False,False,False,0.3095136880874634,0.9275195598602295
development_DiagReachK2_s180_KL_RS,DiagReachK2,KL,RS,180,17,0,20,5,False,False,False,False,0.4468521177768707,1.4039974212646484
development_DiagReachK2_s180_KL_RS,DiagReachK2,KL,RS,180,17,1,20,4,False,False,False,False,0.39561304450035095,1.2811808586120605
development_DiagReachK2_s180_KL_RS,DiagReachK2,KL,RS,180,18,0,20,3,False,False,False,False,0.3556690216064453,1.359108567237854
development_DiagReachK2_s180_KL_RS,DiagReachK2,KL,RS,180,18,1,20,6,False,False,False,False,0.460338294506073,1.7275028228759766
development_DiagReachK2_s180_KL_RS,DiagReachK2,KL,RS,180,19,0,20,7,False,False,False,False,0.4780500531196594,1.674676775932312
development_DiagReachK2_s180_KL_RS,DiagReachK2,KL,RS,180,19,1,20,6,False,False,False,False,0.46458113193511963,1.3495463132858276
development_DiagReachK2_s180_KL_RS,DiagReachK2,KL,RS,180,20,0,20,5,False,False,False,False,0.4558028280735016,1.2014340162277222
development_DiagReachK2_s180_KL_RS,DiagReachK2,KL,RS,180,20,1,20,3,False,False,False,False,0.34445881843566895,1.6772831678390503
development_DiagReachK2_s180_KL_RS,DiagReachK2,KL,RS,180,21,0,20,7,False,False,False,False,0.49208885431289673,1.5425673723220825
development_DiagReachK2_s180_KL_RS,DiagReachK2,KL,RS,180,21,1,20,7,False,False,False,False,0.4833325445652008,1.4074499607086182
development_DiagReachK2_s180_KL_RS,DiagReachK2,KL,RS,180,22,0,20,9,False,False,False,False,0.5089231729507446,1.5850480794906616
development_DiagReachK2_s180_KL_RS,DiagReachK2,KL,RS,180,22,1,20,4,False,False,False,False,0.39561304450035095,1.4462968111038208
development_DiagReachK2_s180_KL_RS,DiagReachK2,KL,RS,180,23,0,20,7,False,False,False,False,0.4854769706726074,1.433463215827942
development_DiagReachK2_s180_KL_RS,DiagReachK2,KL,RS,180,23,1,20,4,False,False,False,False,0.4096594452857971,1.2646385431289673
development_DiagReachK2_s180_KL_RS,DiagReachK2,KL,RS,180,24,0,20,7,False,False,False,False,0.48642703890800476,1.6460760831832886
development_DiagReachK2_s180_KL_RS,DiagReachK2,KL,RS,180,24,1,20,5,False,False,False,False,0.4468521177768707,1.4770476818084717
development_DiagReachK2_s180_KL_SS,DiagReachK2,KL,SS,180,0,0,20,1,False,False,False,False,0.22941575944423676,1.4737643003463745
development_DiagReachK2_s180_KL_SS,DiagReachK2,KL,SS,180,0,1,20,1,False,False,False,False,0.21964886784553528,1.624749779701233
development_DiagReachK2_s180_KL_SS,DiagReachK2,KL,SS,180,1,0,20,1,False,False,False,False,0.22941577434539795,1.6552553176879883
development_DiagReachK2_s180_KL_SS,DiagReachK2,KL,SS,180,1,1,20,2,False,False,False,False,0.2882750630378723,1.990466594696045
development_DiagReachK2_s180_KL_SS,DiagReachK2,KL,SS,180,2,0,20,6,False,False,False,False,0.47538676857948303,1.705540657043457
development_DiagReachK2_s180_KL_SS,DiagReachK2,KL,SS,180,2,1,20,4,False,False,False,False,0.38616418838500977,1.8763158321380615
development_DiagReachK2_s180_KL_SS,DiagReachK2,KL,SS,180,3,0,20,3,False,False,False,False,0.35501939058303833,1.3652914762496948
development_DiagReachK2_s180_KL_SS,DiagReachK2,KL,SS,180,3,1,20,3,False,False,False,False,0.3393954634666443,2.04099178314209
development_DiagReachK2_s180_KL_SS,DiagReachK2,KL,SS,180,4,0,20,2,False,False,False,False,0.28907468914985657,1.4675079584121704
development_DiagReachK2_s180_KL_SS,DiagReachK2,KL,SS,180,4,1,20,1,False,False,False,False,0.21964886784553528,1.505807876586914
development_DiagReachK2_s180_KL_SS,DiagReachK2,KL,SS,180,5,0,20,4,False,False,False,False,0.40853095054626465,1.7125957012176514
development_DiagReachK2_s180_KL_SS,DiagReachK2,KL,SS,180,5,1,20,7,False,False,False,False,0.48141834139823914,2.018080472946167
development_DiagReachK2_s180_KL_SS,DiagReachK2,KL,SS,180,6,0,20,7,False,False,False,False,0.4873752295970917,1.741288423538208
development_DiagReachK2_s180_KL_SS,DiagReachK2,KL,SS,180,6,1,20,5,False,False,False,False,0.4371907413005829,1.5166513919830322
development_DiagReachK2_s180_KL_SS,DiagReachK2,KL,SS,180,7,0,20,4,False,False,False,False,0.4138640761375427,1.74924898147583
development_DiagReachK2_s180_KL_SS,DiagReachK2,KL,SS,180,7,1,20,7,False,False,False,False,0.49114975333213806,1.818891167640686
development_DiagReachK2_s180_KL_SS,DiagReachK2,KL,SS,180,8,0,20,6,False,False,False,False,0.46433261036872864,1.572344422340393
development_DiagReachK2_s180_KL_SS,DiagReachK2,KL,SS,180,8,1,20,5,False,False,False,False,0.4468521177768707,1.569865345954895
development_DiagReachK2_s180_KL_SS,DiagReachK2,KL,SS,180,9,0,20,10,False,False,False,False,0.5254378914833069,1.0079410076141357
development_DiagReachK2_s180_KL_SS,DiagReachK2,KL,SS,180,9,1,20,7,False,False,False,False,0.4890301525592804,1.5058717727661133
development_DiagReachK2_s180_KL_SS,DiagReachK2,KL,SS,180,10,0,20,9,False,False,False,False,0.5105081796646118,1.5877240896224976
development_DiagReachK2_s180_KL_SS,DiagReachK2,KL,SS,180,10,1,20,5,False,False,False,False,0.4326793849468231,1.7748782634735107
development_DiagReachK2_s180_KL_SS,DiagReachK2,KL,SS,180,11,0,20,5,False,False,False,False,0.42812052369117737,1.9732519388198853
development_DiagReachK2_s180_KL_SS,DiagReachK2,KL,SS,180,11,1,20,4,False,False,False,False,0.41747382283210754,1.6987379789352417
development_DiagReachK2_s180_KL_SS,DiagReachK2,KL,SS,180,12,0,20,3,False,False,False,False,0.3659062087535858,1.3933649063110352
development_DiagReachK2_s180_KL_SS,DiagReachK2,KL,SS,180,12,1,20,7,False,False,False,False,0.49582746624946594,1.8257631063461304
development_DiagReachK2_s180_KL_SS,DiagReachK2,KL,SS,180,13,0,20,4,False,False,False,False,0.41747382283210754,1.4182368516921997
development_DiagReachK2_s180_KL_SS,DiagReachK2,KL,SS,180,13,1,20,6,False,False,False,False,0.4522438049316406,1.640684962272644
development_DiagReachK2_s180_KL_SS,DiagReachK2,KL,SS,180,14,0,20,5,False,False,False,False,0.4458177387714386,1.4789555072784424
development_DiagReachK2_s180_KL_SS,DiagReachK2,KL,SS,180,14,1,20,5,False,False,False,False,0.43214553594589233,1.6013166904449463
development_DiagReachK2_s180_KL_SS,DiagReachK2,KL,SS,180,15,0,20,5,False,False,False,False,0.44968441128730774,1.4347730875015259
development_DiagReachK2_s180_KL_SS,DiagReachK2,KL,SS,180,15,1,20,4,False,False,False,False,0.4138640761375427,1.2944307327270508
development_DiagReachK2_s180_KL_SS,DiagReachK2,KL,SS,180,16,0,20,11,False,False,False,False,0.5183609127998352,1.4245362281799316
development_DiagReachK2_s180_KL_SS,DiagReachK2,KL,SS,180,16,1,20,7,False,False,False,False,0.478773832321167,1.4171249866485596
development_DiagReachK2_s180_KL_SS,DiagReachK2,KL,SS,180,17,0,20,9,False,False,False,False,0.4847632050514221,2.0814361572265625
development_DiagReachK2_s180_KL_SS,DiagReachK2,KL,SS,180,17,1,20,6,False,False,False,False,0.4613400995731354,2.032428741455078
development_DiagReachK2_s180_KL_SS,DiagReachK2,KL,SS,180,18,0,20,6,False,False,False,False,0.45605596899986267,1.5009926557540894
development_DiagReachK2_s180_KL_SS,DiagReachK2,KL,SS,180,18,1,20,4,False,False,False,False,0.4102225601673126,1.3717622756958008
development_DiagReachK2_s180_KL_SS,DiagReachK2,KL,SS,180,19,0,20,2,False,False,False,False,0.28907468914985657,1.8006315231323242
development_DiagReachK2_s180_KL_SS,DiagReachK2,KL,SS,180,19,1,20,7,False,False,False,False,0.49582743644714355,1.2828902006149292
development_DiagReachK2_s180_KL_SS,DiagReachK2,KL,SS,180,20,0,20,8,False,False,False,False,0.501613199710846,1.9660208225250244
development_DiagReachK2_s180_KL_SS,DiagReachK2,KL,SS,180,20,1,20,6,False,False,False,False,0.4775668680667877,1.5536365509033203
development_DiagReachK2_s180_KL_SS,DiagReachK2,KL,SS,180,21,0,20,7,False,False,False,False,0.49838149547576904,1.3695869445800781
development_DiagReachK2_s180_KL_SS,DiagReachK2,KL,SS,180,21,1,20,6,False,False,False,False,0.45453494787216187,1.8873827457427979
development_DiagReachK2_s180_KL_SS,DiagReachK2,KL,SS,180,22,0,20,6,False,False,False,False,0.468539297580719,1.8606284856796265
development_DiagReachK2_s180_KL_SS,DiagReachK2,KL,SS,180,22,1,20,9,False,False,False,False,0.5152342319488525,1.3246852159500122
development_DiagReachK2_s180_KL_SS,DiagReachK2,KL,SS,180,23,0,20,5,False,False,False,False,0.4468521177768707,1.528767704963684
development_DiagReachK2_s180_KL_SS,DiagReachK2,KL,SS,180,23,1,20,4,False,False,False,False,0.40484145283699036,1.5674046277999878
development_DiagReachK2_s180_KL_SS,DiagReachK2,KL,SS,180,24,0,20,8,False,False,False,False,0.5084693431854248,1.511472463607788
development_DiagReachK2_s180_KL_SS,DiagReachK2,KL,SS,180,24,1,20,8,False,False,False,False,0.5061943531036377,1.2512913942337036
development_DiagReachK2_s180_W2_RS,DiagReachK2,W2,RS,180,0,0,20,1,False,False,False,False,0.22941575944423676,1.4737643003463745
development_DiagReachK2_s180_W2_RS,DiagReachK2,W2,RS,180,0,1,20,1,False,False,False,False,0.21964886784553528,1.624749779701233
development_DiagReachK2_s180_W2_RS,DiagReachK2,W2,RS,180,1,0,20,1,False,False,False,False,0.22941577434539795,1.6552553176879883
development_DiagReachK2_s180_W2_RS,DiagReachK2,W2,RS,180,1,1,20,2,False,False,False,False,0.2882750630378723,1.990466594696045
development_DiagReachK2_s180_W2_RS,DiagReachK2,W2,RS,180,2,0,20,6,False,False,False,False,0.47538676857948303,1.705540657043457
development_DiagReachK2_s180_W2_RS,DiagReachK2,W2,RS,180,2,1,20,4,False,False,False,False,0.38616418838500977,1.8763158321380615
development_DiagReachK2_s180_W2_RS,DiagReachK2,W2,RS,180,3,0,20,5,False,False,False,False,0.4395603537559509,1.3508601188659668
development_DiagReachK2_s180_W2_RS,DiagReachK2,W2,RS,180,3,1,20,3,False,False,False,False,0.33287131786346436,1.9701093435287476
development_DiagReachK2_s180_W2_RS,DiagReachK2,W2,RS,180,4,0,20,6,False,False,False,False,0.47050586342811584,1.4543540477752686
development_DiagReachK2_s180_W2_RS,DiagReachK2,W2,RS,180,4,1,20,3,False,False,False,False,0.371229887008667,1.4755504131317139
development_DiagReachK2_s180_W2_RS,DiagReachK2,W2,RS,180,5,0,20,4,False,False,False,False,0.4133059084415436,1.208390712738037
development_DiagReachK2_s180_W2_RS,DiagReachK2,W2,RS,180,5,1,20,7,False,False,False,False,0.4854769706726074,1.4716695547103882
development_DiagReachK2_s180_W2_RS,DiagReachK2,W2,RS,180,6,0,20,6,False,False,False,False,0.4775668680667877,1.692145824432373
development_DiagReachK2_s180_W2_RS,DiagReachK2,W2,RS,180,6,1,20,8,False,False,False,False,0.5045956969261169,1.2466720342636108
development_DiagReachK2_s180_W2_RS,DiagReachK2,W2,RS,180,7,0,20,4,False,False,False,False,0.40169310569763184,1.7077252864837646
development_DiagReachK2_s180_W2_RS,DiagReachK2,W2,RS,180,7,1,20,5,False,False,False,False,0.428120493888855,1.6739873886108398
development_DiagReachK2_s180_W2_RS,DiagReachK2,W2,RS,180,8,0,20,6,False,False,False,False,0.4685392677783966,1.4257018566131592
development_DiagReachK2_s180_W2_RS,DiagReachK2,W2,RS,180,8,1,20,7,False,False,False,False,0.4890301823616028,1.446627140045166
development_DiagReachK2_s180_W2_RS,DiagReachK2,W2,RS,180,9,0,20,9,False,False,False,False,0.5183609127998352,0.9904831051826477
development_DiagReachK2_s180_W2_RS,DiagReachK2,W2,RS,180,9,1,20,9,False,False,False,False,0.5152341723442078,1.3912585973739624
development_DiagReachK2_s180_W2_RS,DiagReachK2,W2,RS,180,10,0,20,9,False,False,False,False,0.5125389695167542,1.495652437210083
development_DiagReachK2_s180_W2_RS,DiagReachK2,W2,RS,180,10,1,20,6,False,False,False,False,0.453263521194458,1.6518560647964478
development_DiagReachK2_s180_W2_RS,DiagReachK2,W2,RS,180,11,0,20,6,False,False,False,False,0.4603383243083954,1.8556956052780151
development_DiagReachK2_s180_W2_RS,DiagReachK2,W2,RS,180,11,1,20,4,False,False,False,False,0.4096594452857971,1.5506004095077515
development_DiagReachK2_s180_W2_RS,DiagReachK2,W2,RS,180,12,0,20,9,False,False,False,False,0.5016132593154907,1.7992223501205444
development_DiagReachK2_s180_W2_RS,DiagReachK2,W2,RS,180,12,1,20,3,False,False,False,False,0.371229887008667,1.2178492546081543
development_DiagReachK2_s180_W2_RS,DiagReachK2,W2,RS,180,13,0,20,3,False,False,False,False,0.3758646547794342,1.7019826173782349
development_DiagReachK2_s180_W2_RS,DiagReachK2,W2,RS,180,13,1,20,8,False,False,False,False,0.5011528134346008,1.4905142784118652
development_DiagReachK2_s180_W2_RS,DiagReachK2,W2,RS,180,14,0,20,3,False,False,False,False,0.371229887008667,1.3692734241485596
development_DiagReachK2_s180_W2_RS,DiagReachK2,W2,RS,180,14,1,20,8,False,False,False,False,0.4934941232204437,1.755417823791504
development_DiagReachK2_s180_W2_RS,DiagReachK2,W2,RS,180,15,0,20,6,False,False,False,False,0.4700149893760681,1.6584018468856812
development_DiagReachK2_s180_W2_RS,DiagReachK2,W2,RS,180,15,1,20,2,False,False,False,False,0.3095136880874634,0.9911255240440369
development_DiagReachK2_s180_W2_RS,DiagReachK2,W2,RS,180,16,0,20,6,False,False,False,False,0.474414587020874,1.4185888767242432
development_DiagReachK2_s180_W2_RS,DiagReachK2,W2,RS,180,16,1,20,6,False,False,False,False,0.4775668978691101,1.787748098373413
development_DiagReachK2_s180_W2_RS,DiagReachK2,W2,RS,180,17,0,20,5,False,False,False,False,0.4468521177768707,1.5477538108825684
development_DiagReachK2_s180_W2_RS,DiagReachK2,W2,RS,180,17,1,20,4,False,False,False,False,0.3900304138660431,1.647605061531067
development_DiagReachK2_s180_W2_RS,DiagReachK2,W2,RS,180,18,0,20,4,False,False,False,False,0.4096594452857971,1.854143500328064
development_DiagReachK2_s180_W2_RS,DiagReachK2,W2,RS,180,18,1,20,6,False,False,False,False,0.47538676857948303,1.5174299478530884
development_DiagReachK2_s180_W2_RS,DiagReachK2,W2,RS,180,19,0,20,11,False,False,False,False,0.5185835361480713,1.5360110998153687
development_DiagReachK2_s180_W2_RS,DiagReachK2,W2,RS,180,19,1,20,2,False,False,False,False,0.31578949093818665,0.99135822057724
development_DiagReachK2_s180_W2_RS,DiagReachK2,W2,RS,180,20,0,20,8,False,False,False,False,0.5073330998420715,1.3077445030212402
development_DiagReachK2_s180_W2_RS,DiagReachK2,W2,RS,180,20,1,20,4,False,False,False,False,0.41747382283210754,1.2729721069335938
development_DiagReachK2_s180_W2_RS,DiagReachK2,W2,RS,180,21,0,20,8,False,False,False,False,0.5043668746948242,1.0906751155853271
development_DiagReachK2_s180_W2_RS,DiagReachK2,W2,RS,180,21,1,20,5,False,False,False,False,0.44348153471946716,1.3061407804489136
development_DiagReachK2_s180_W2_RS,DiagReachK2,W2,RS,180,22,0,20,2,False,False,False,False,0.30310797691345215,1.4480613470077515
development_DiagReachK2_s180_W2_RS,DiagReachK2,W2,RS,180,22,1,20,9,False,False,False,False,0.5107342004776001,1.8359519243240356
development_DiagReachK2_s180_W2_RS,DiagReachK2,W2,RS,180,23,0,20,10,False,False,False,False,0.5174695253372192,1.4871563911437988
development_DiagReachK2_s180_W2_RS,DiagReachK2,W2,RS,180,23,1,20,2,False,False,False,False,0.31578946113586426,1.1231164932250977
development_DiagReachK2_s180_W2_RS,DiagReachK2,W2,RS,180,24,0,20,5,False,False,False,False,0.44348159432411194,1.1866285800933838
development_DiagReachK2_s180_W2_RS,DiagReachK2,W2,RS,180,24,1,20,8,False,False,False,False,0.5006920099258423,1.5209376811981201
development_DiagReachK2_s180_W2_SS,DiagReachK2,W2,SS,180,0,0,20,1,False,False,False,False,0.22941575944423676,1.4737643003463745
development_DiagReachK2_s180_W2_SS,DiagReachK2,W2,SS,180,0,1,20,1,False,False,False,False,0.21964886784553528,1.624749779701233
development_DiagReachK2_s180_W2_SS,DiagReachK2,W2,SS,180,1,0,20,1,False,False,False,False,0.22941577434539795,1.6552553176879883
development_DiagReachK2_s180_W2_SS,DiagReachK2,W2,SS,180,1,1,20,2,False,False,False,False,0.2882750630378723,1.990466594696045
development_DiagReachK2_s180_W2_SS,DiagReachK2,W2,SS,180,2,0,20,6,False,False,False,False,0.47538676857948303,1.705540657043457
development_DiagReachK2_s180_W2_SS,DiagReachK2,W2,SS,180,2,1,20,4,False,False,False,False,0.38616418838500977,1.8763158321380615
development_DiagReachK2_s180_W2_SS,DiagReachK2,W2,SS,180,3,0,20,3,False,False,False,False,0.35501939058303833,1.3652914762496948
development_DiagReachK2_s180_W2_SS,DiagReachK2,W2,SS,180,3,1,20,3,False,False,False,False,0.3393954634666443,2.04099178314209
development_DiagReachK2_s180_W2_SS,DiagReachK2,W2,SS,180,4,0,20,2,False,False,False,False,0.28907468914985657,1.4675079584121704
development_DiagReachK2_s180_W2_SS,DiagReachK2,W2,SS,180,4,1,20,1,False,False,False,False,0.21964886784553528,1.505807876586914
development_DiagReachK2_s180_W2_SS,DiagReachK2,W2,SS,180,5,0,20,4,False,False,False,False,0.40853095054626465,1.7125957012176514
development_DiagReachK2_s180_W2_SS,DiagReachK2,W2,SS,180,5,1,20,7,False,False,False,False,0.48141834139823914,2.018080472946167
development_DiagReachK2_s180_W2_SS,DiagReachK2,W2,SS,180,6,0,20,7,False,False,False,False,0.4873752295970917,1.741288423538208
development_DiagReachK2_s180_W2_SS,DiagReachK2,W2,SS,180,6,1,20,5,False,False,False,False,0.4371907413005829,1.5166513919830322
development_DiagReachK2_s180_W2_SS,DiagReachK2,W2,SS,180,7,0,20,4,False,False,False,False,0.4138640761375427,1.74924898147583
development_DiagReachK2_s180_W2_SS,DiagReachK2,W2,SS,180,7,1,20,7,False,False,False,False,0.49114975333213806,1.818891167640686
development_DiagReachK2_s180_W2_SS,DiagReachK2,W2,SS,180,8,0,20,5,False,False,False,False,0.4458177387714386,1.755983591079712
development_DiagReachK2_s180_W2_SS,DiagReachK2,W2,SS,180,8,1,20,5,False,False,False,False,0.4468521177768707,1.5895103216171265
development_DiagReachK2_s180_W2_SS,DiagReachK2,W2,SS,180,9,0,20,8,False,False,False,False,0.5145617127418518,1.1860356330871582
development_DiagReachK2_s180_W2_SS,DiagReachK2,W2,SS,180,9,1,20,7,False,False,False,False,0.49114975333213806,1.5358620882034302
development_DiagReachK2_s180_W2_SS,DiagReachK2,W2,SS,180,10,0,20,6,False,False,False,False,0.46582165360450745,2.0277249813079834
development_DiagReachK2_s180_W2_SS,DiagReachK2,W2,SS,180,10,1,20,3,False,False,False,False,0.36114364862442017,1.6988189220428467
development_DiagReachK2_s180_W2_SS,DiagReachK2,W2,SS,180,11,0,20,4,False,False,False,False,0.3923906981945038,1.7659311294555664
development_DiagReachK2_s180_W2_SS,DiagReachK2,W2,SS,180,11,1,20,3,False,False,False,False,0.3598629832267761,1.4416203498840332
development_DiagReachK2_s180_W2_SS,DiagReachK2,W2,SS,180,12,0,20,7,False,False,False,False,0.5004614591598511,1.8162177801132202
development_DiagReachK2_s180_W2_SS,DiagReachK2,W2,SS,180,12,1,20,9,False,False,False,False,0.5141128897666931,1.6345226764678955
development_DiagReachK2_s180_W2_SS,DiagReachK2,W2,SS,180,13,0,20,5,False,False,False,False,0.43214553594589233,1.6578307151794434
development_DiagReachK2_s180_W2_SS,DiagReachK2,W2,SS,180,13,1,20,8,False,False,False,False,0.4995381236076355,1.8406363725662231
development_DiagReachK2_s180_W2_SS,DiagReachK2,W2,SS,180,14,0,20,6,False,False,False,False,0.45605596899986267,1.9070297479629517
development_DiagReachK2_s180_W2_SS,DiagReachK2,W2,SS,180,14,1,20,6,False,False,False,False,0.46582165360450745,1.4903090000152588
development_DiagReachK2_s180_W2_SS,DiagReachK2,W2,SS,180,15,0,20,5,False,False,False,False,0.4468521177768707,1.5281460285186768
development_DiagReachK2_s180_W2_SS,DiagReachK2,W2,SS,180,15,1,20,4,False,False,False,False,0.4138640761375427,1.80802583694458
development_DiagReachK2_s180_W2_SS,DiagReachK2,W2,SS,180,16,0,20,3,False,False,False,False,0.36590614914894104,1.721553921699524
development_DiagReachK2_s180_W2_SS,DiagReachK2,W2,SS,180,16,1,20,5,False,False,False,False,0.4385087490081787,1.5238159894943237
development_DiagReachK2_s180_W2_SS,DiagReachK2,W2,SS,180,17,0,20,5,False,False,False,False,0.4429607391357422,1.9269099235534668
development_DiagReachK2_s180_W2_SS,DiagReachK2,W2,SS,180,17,1,20,4,False,False,False,False,0.41330593824386597,1.363632321357727
development_DiagReachK2_s180_W2_SS,DiagReachK2,W2,SS,180,18,0,20,10,False,False,False,False,0.5061942934989929,1.9104173183441162
development_DiagReachK2_s180_W2_SS,DiagReachK2,W2,SS,180,18,1,20,3,False,False,False,False,0.3712299168109894,1.0107643604278564
development_DiagReachK2_s180_W2_SS,DiagReachK2,W2,SS,180,19,0,20,8,False,False,False,False,0.5043668746948242,1.726370930671692
development_DiagReachK2_s180_W2_SS,DiagReachK2,W2,SS,180,19,1,20,5,False,False,False,False,0.4468521177768707,1.4989144802093506
development_DiagReachK2_s180_W2_SS,DiagReachK2,W2,SS,180,20,0,20,6,False,False,False,False,0.4615902304649353,1.4677799940109253
development_DiagReachK2_s180_W2_SS,DiagReachK2,W2,SS,180,20,1,20,4,False,False,False,False,0.40054214000701904,1.3412880897521973
development_DiagReachK2_s180_W2_SS,DiagReachK2,W2,SS,180,21,0,20,4,False,False,False,False,0.41747382283210754,1.5767254829406738
development_DiagReachK2_s180_W2_SS,DiagReachK2,W2,SS,180,21,1,20,9,False,False,False,False,0.5111860036849976,1.8164969682693481
development_DiagReachK2_s180_W2_SS,DiagReachK2,W2,SS,180,22,0,20,7,False,False,False,False,0.4878486394882202,1.9928630590438843
development_DiagReachK2_s180_W2_SS,DiagReachK2,W2,SS,180,22,1,20,5,False,False,False,False,0.45300883054733276,1.3439997434616089
development_DiagReachK2_s180_W2_SS,DiagReachK2,W2,SS,180,23,0,20,8,False,False,False,False,0.5084693431854248,1.9030539989471436
development_DiagReachK2_s180_W2_SS,DiagReachK2,W2,SS,180,23,1,20,1,False,False,False,False,0.20942695438861847,1.0887089967727661
development_DiagReachK2_s180_W2_SS,DiagReachK2,W2,SS,180,24,0,20,3,False,False,False,False,0.3712298572063446,1.325586199760437
development_DiagReachK2_s180_W2_SS,DiagReachK2,W2,SS,180,24,1,20,8,False,False,False,False,0.5082422494888306,1.3143177032470703
development_DiagReachK2_s186_KL_RS,DiagReachK2,KL,RS,186,0,0,20,3,False,False,False,False,0.3556690216064453,1.8187236785888672
development_DiagReachK2_s186_KL_RS,DiagReachK2,KL,RS,186,0,1,20,2,False,False,False,False,0.29656389355659485,1.823671579360962
development_DiagReachK2_s186_KL_RS,DiagReachK2,KL,RS,186,1,0,20,8,False,False,False,False,0.4892660975456238,2.44718074798584
development_DiagReachK2_s186_KL_RS,DiagReachK2,KL,RS,186,1,1,20,1,False,False,False,False,0.21964886784553528,1.2965879440307617
development_DiagReachK2_s186_KL_RS,DiagReachK2,KL,RS,186,2,0,20,7,False,False,False,False,0.4873752295970917,2.419006586074829
development_DiagReachK2_s186_KL_RS,DiagReachK2,KL,RS,186,2,1,20,0,True,False,True,False,0.0,1.0851103067398071
development_DiagReachK2_s186_KL_RS,DiagReachK2,KL,RS,186,3,0,20,7,False,False,False,False,0.4756295382976532,2.48540997505188
development_DiagReachK2_s186_KL_RS,DiagReachK2,KL,RS,186,3,1,20,1,False,False,False,False,0.21964886784553528,1.478205919265747
development_DiagReachK2_s186_KL_RS,DiagReachK2,KL,RS,186,4,0,20,8,False,False,False,False,0.4967576861381531,2.4428884983062744
development_DiagReachK2_s186_KL_RS,DiagReachK2,KL,RS,186,4,1,20,1,False,False,False,False,0.22941575944423676,1.4316939115524292
development_DiagReachK2_s186_KL_RS,DiagReachK2,KL,RS,186,5,0,20,5,False,False,False,False,0.4385087490081787,1.9913991689682007
development_DiagReachK2_s186_KL_RS,DiagReachK2,KL,RS,186,5,1,20,1,False,False,False,False,0.21964886784553528,1.3227343559265137
development_DiagReachK2_s186_KL_RS,DiagReachK2,KL,RS,186,6,0,20,5,False,False,False,False,0.4458177387714386,1.481963872909546
development_DiagReachK2_s186_KL_RS,DiagReachK2,KL,RS,186,6,1,20,2,False,False,False,False,0.31578949093818665,1.3245538473129272
development_DiagReachK2_s186_KL_RS,DiagReachK2,KL,RS,186,7,0,20,5,False,False,False,False,0.42514458298683167,2.208164691925049
development_DiagReachK2_s186_KL_RS,DiagReachK2,KL,RS,186,7,1,20,1,False,False,False,False,0.22941577434539795,1.3386578559875488
development_DiagReachK2_s186_KL_RS,DiagReachK2,KL,RS,186,8,0,20,4,False,False,False,False,0.3979402184486389,1.6959165334701538
development_DiagReachK2_s186_KL_RS,DiagReachK2,KL,RS,186,8,1,20,3,False,False,False,False,0.371229887008667,1.6093008518218994
development_DiagReachK2_s186_KL_RS,DiagReachK2,KL,RS,186,9,0,20,2,False,False,False,False,0.3023454248905182,1.5340219736099243
development_DiagReachK2_s186_KL_RS,DiagReachK2,KL,RS,186,9,1,20,4,False,False,False,False,0.42105263471603394,1.5129362344741821
development_DiagReachK2_s186_KL_RS,DiagReachK2,KL,RS,186,10,0,20,1,False,False,False,False,0.20942695438861847,1.4859400987625122
development_DiagReachK2_s186_KL_RS,DiagReachK2,KL,RS,186,10,1,20,0,True,False,True,False,0.0,1.1988760232925415
development_DiagReachK2_s186_KL_RS,DiagReachK2,KL,RS,186,11,0,20,7,False,False,False,False,0.49208882451057434,1.29090416431427
development_DiagReachK2_s186_KL_RS,DiagReachK2,KL,RS,186,11,1,20,4,False,False,False,False,0.40169307589530945,1.23640775680542
development_DiagReachK2_s186_KL_RS,DiagReachK2,KL,RS,186,12,0,20,8,False,False,False,False,0.4923233091831207,1.744802713394165
development_DiagReachK2_s186_KL_RS,DiagReachK2,KL,RS,186,12,1,20,4,False,False,False,False,0.41330593824386597,1.4493447542190552
development_DiagReachK2_s186_KL_RS,DiagReachK2,KL,RS,186,13,0,20,6,False,False,False,False,0.4685392379760742,1.34187912940979
development_DiagReachK2_s186_KL_RS,DiagReachK2,KL,RS,186,13,1,20,3,False,False,False,False,0.34445881843566895,1.5473318099975586
development_DiagReachK2_s186_KL_RS,DiagReachK2,KL,RS,186,14,0,20,4,False,False,False,False,0.4065484404563904,1.5051720142364502
development_DiagReachK2_s186_KL_RS,DiagReachK2,KL,RS,186,14,1,20,2,False,False,False,False,0.30310794711112976,1.308576226234436
development_DiagReachK2_s186_KL_RS,DiagReachK2,KL,RS,186,15,0,20,4,False,False,False,False,0.41747382283210754,1.1891028881072998
development_DiagReachK2_s186_KL_RS,DiagReachK2,KL,RS,186,15,1,20,8,False,False,False,False,0.5004614591598511,1.64897882938385
development_DiagReachK2_s186_KL_RS,DiagReachK2,KL,RS,186,16,0,20,6,False,False,False,False,0.46582165360450745,1.1230978965759277
development_DiagReachK2_s186_KL_RS,DiagReachK2,KL,RS,186,16,1,20,4,False,False,False,False,0.39938780665397644,1.4035488367080688
development_DiagReachK2_s186_KL_RS,DiagReachK2,KL,RS,186,17,0,20,10,False,False,False,False,0.5055097937583923,1.828205943107605
development_DiagReachK2_s186_KL_RS,DiagReachK2,KL,RS,186,17,1,20,5,False,False,False,False,0.4291975498199463,1.767890214920044
development_DiagReachK2_s186_KL_RS,DiagReachK2,KL,RS,186,18,0,20,5,False,False,False,False,0.44008520245552063,1.3445570468902588
development_DiagReachK2_s186_KL_RS,DiagReachK2,KL,RS,186,18,1,20,4,False,False,False,False,0.40484142303466797,1.2787048816680908
development_DiagReachK2_s186_KL_RS,DiagReachK2,KL,RS,186,19,0,20,8,False,False,False,False,0.5073330998420715,1.2419734001159668
development_DiagReachK2_s186_KL_RS,DiagReachK2,KL,RS,186,19,1,20,5,False,False,False,False,0.42568719387054443,1.699220895767212
development_DiagReachK2_s186_KL_RS,DiagReachK2,KL,RS,186,20,0,20,11,False,False,False,False,0.5185835361480713,1.642157793045044
development_DiagReachK2_s186_KL_RS,DiagReachK2,KL,RS,186,20,1,20,5,False,False,False,False,0.44348153471946716,1.6537408828735352
development_DiagReachK2_s186_KL_RS,DiagReachK2,KL,RS,186,21,0,20,7,False,False,False,False,0.49255773425102234,1.3245068788528442
development_DiagReachK2_s186_KL_RS,DiagReachK2,KL,RS,186,21,1,20,7,False,False,False,False,0.49114975333213806,1.4454679489135742
development_DiagReachK2_s186_KL_RS,DiagReachK2,KL,RS,186,22,0,20,6,False,False,False,False,0.4775669276714325,1.4329562187194824
development_DiagReachK2_s186_KL_RS,DiagReachK2,KL,RS,186,22,1,20,6,False,False,False,False,0.4640839993953705,1.6395503282546997
development_DiagReachK2_s186_KL_RS,DiagReachK2,KL,RS,186,23,0,20,7,False,False,False,False,0.49255770444869995,1.625038504600525
development_DiagReachK2_s186_KL_RS,DiagReachK2,KL,RS,186,23,1,20,10,False,False,False,False,0.5219113826751709,1.8050084114074707
development_DiagReachK2_s186_KL_RS,DiagReachK2,KL,RS,186,24,0,20,6,False,False,False,False,0.47221991419792175,1.0700032711029053
development_DiagReachK2_s186_KL_RS,DiagReachK2,KL,RS,186,24,1,20,7,False,False,False,False,0.478773832321167,1.532751441001892
development_DiagReachK2_s186_KL_SS,DiagReachK2,KL,SS,186,0,0,20,3,False,False,False,False,0.3556690216064453,1.8187236785888672
development_DiagReachK2_s186_KL_SS,DiagReachK2,KL,SS,186,0,1,20,2,False,False,False,False,0.29656389355659485,1.823671579360962
development_DiagReachK2_s186_KL_SS,DiagReachK2,KL,SS,186,1,0,20,8,False,False,False,False,0.4923233091831207,2.4334323406219482
development_DiagReachK2_s186_KL_SS,DiagReachK2,KL,SS,186,1,1,20,1,False,False,False,False,0.21964886784553528,1.3113486766815186
development_DiagReachK2_s186_KL_SS,DiagReachK2,KL,SS,186,2,0,20,5,False,False,False,False,0.4429607391357422,2.343595027923584
development_DiagReachK2_s186_KL_SS,DiagReachK2,KL,SS,186,2,1,20,0,True,False,True,False,0.0,1.0286126136779785
development_DiagReachK2_s186_KL_SS,DiagReachK2,KL,SS,186,3,0,20,6,False,False,False,False,0.468539297580719,2.0242695808410645
development_DiagReachK2_s186_KL_SS,DiagReachK2,KL,SS,186,3,1,20,3,False,False,False,False,0.3507675230503082,2.1683995723724365
development_DiagReachK2_s186_KL_SS,DiagReachK2,KL,SS,186,4,0,20,2,False,False,False,False,0.29578450322151184,1.4967374801635742
development_DiagReachK2_s186_KL_SS,DiagReachK2,KL,SS,186,4,1,20,0,True,False,True,False,0.0,1.2540422677993774
development_DiagReachK2_s186_KL_SS,DiagReachK2,KL,SS,186,5,0,20,6,False,False,False,False,0.46631693840026855,1.4980438947677612
development_DiagReachK2_s186_KL_SS,DiagReachK2,KL,SS,186,5,1,20,1,False,False,False,False,0.21964886784553528,1.2802292108535767
development_DiagReachK2_s186_KL_SS,DiagReachK2,KL,SS,186,6,0,20,1,False,False,False,False,0.20942696928977966,1.7722506523132324
development_DiagReachK2_s186_KL_SS,DiagReachK2,KL,SS,186,6,1,20,1,False,False,False,False,0.21964885294437408,1.2105309963226318
development_DiagReachK2_s186_KL_SS,DiagReachK2,KL,SS,186,7,0,20,6,False,False,False,False,0.4615902304649353,1.4870725870132446
development_DiagReachK2_s186_KL_SS,DiagReachK2,KL,SS,186,7,1,20,5,False,False,False,False,0.4356038272380829,1.6064445972442627
development_DiagReachK2_s186_KL_SS,DiagReachK2,KL,SS,186,8,0,20,9,False,False,False,False,0.5143373608589172,1.5115967988967896
development_DiagReachK2_s186_KL_SS,DiagReachK2,KL,SS,186,8,1,20,4,False,False,False,False,0.41330593824386597,1.443036437034607
development_DiagReachK2_s186_KL_SS,DiagReachK2,KL,SS,186,9,0,20,4,False,False,False,False,0.4096594452857971,1.1801693439483643
development_DiagReachK2_s186_KL_SS,DiagReachK2,KL,SS,186,9,1,20,3,False,False,False,False,0.35501939058303833,1.4721481800079346
development_DiagReachK2_s186_KL_SS,DiagReachK2,KL,SS,186,10,0,20,3,False,False,False,False,0.3611436188220978,1.3146085739135742
development_DiagReachK2_s186_KL_SS,DiagReachK2,KL,SS,186,10,1,20,4,False,False,False,False,0.41747382283210754,1.7428408861160278
development_DiagReachK2_s186_KL_SS,DiagReachK2,KL,SS,186,11,0,20,10,False,False,False,False,0.5170232057571411,1.7845216989517212
development_DiagReachK2_s186_KL_SS,DiagReachK2,KL,SS,186,11,1,20,5,False,False,False,False,0.4429607689380646,1.5593982934951782
development_DiagReachK2_s186_KL_SS,DiagReachK2,KL,SS,186,12,0,20,3,False,False,False,False,0.3617822527885437,1.3392112255096436
development_DiagReachK2_s186_KL_SS,DiagReachK2,KL,SS,186,12,1,20,5,False,False,False,False,0.4356037974357605,1.4735418558120728
development_DiagReachK2_s186_KL_SS,DiagReachK2,KL,SS,186,13,0,20,3,False,False,False,False,0.3659061789512634,1.097672700881958
development_DiagReachK2_s186_KL_SS,DiagReachK2,KL,SS,186,13,1,20,0,True,False,True,False,0.0,1.163670301437378
development_DiagReachK2_s186_KL_SS,DiagReachK2,KL,SS,186,14,0,20,7,False,False,False,False,0.47708332538604736,1.552100419998169
development_DiagReachK2_s186_KL_SS,DiagReachK2,KL,SS,186,14,1,20,5,False,False,False,False,0.453008770942688,1.678819179534912
development_DiagReachK2_s186_KL_SS,DiagReachK2,KL,SS,186,15,0,20,5,False,False,False,False,0.45300883054733276,1.2008050680160522
development_DiagReachK2_s186_KL_SS,DiagReachK2,KL,SS,186,15,1,20,5,False,False,False,False,0.44968441128730774,1.3265050649642944
development_DiagReachK2_s186_KL_SS,DiagReachK2,KL,SS,186,16,0,20,1,False,False,False,False,0.22941577434539795,1.017702579498291
development_DiagReachK2_s186_KL_SS,DiagReachK2,KL,SS,186,16,1,20,4,False,False,False,False,0.41747385263442993,1.1321805715560913
development_DiagReachK2_s186_KL_SS,DiagReachK2,KL,SS,186,17,0,20,8,False,False,False,False,0.5084693431854248,1.6134535074234009
development_DiagReachK2_s186_KL_SS,DiagReachK2,KL,SS,186,17,1,20,1,False,False,False,False,0.22941577434539795,1.104293942451477
development_DiagReachK2_s186_KL_SS,DiagReachK2,KL,SS,186,18,0,20,4,False,False,False,False,0.4138640761375427,1.0948941707611084
development_DiagReachK2_s186_KL_SS,DiagReachK2,KL,SS,186,18,1,20,8,False,False,False,False,0.5034506320953369,1.189725637435913
development_DiagReachK2_s186_KL_SS,DiagReachK2,KL,SS,186,19,0,20,8,False,False,False,False,0.5145617127418518,1.0337843894958496
development_DiagReachK2_s186_KL_SS,DiagReachK2,KL,SS,186,19,1,20,6,False,False,False,False,0.47805002331733704,1.0516231060028076
development_DiagReachK2_s186_KL_SS,DiagReachK2,KL,SS,186,20,0,20,5,False,False,False,False,0.455802857875824,1.2337737083435059
development_DiagReachK2_s186_KL_SS,DiagReachK2,KL,SS,186,20,1,20,8,False,False,False,False,0.5073330402374268,1.5878345966339111
development_DiagReachK2_s186_KL_SS,DiagReachK2,KL,SS,186,21,0,20,7,False,False,False,False,0.4988444745540619,1.076302170753479
development_DiagReachK2_s186_KL_SS,DiagReachK2,KL,SS,186,21,1,20,3,False,False,False,False,0.3611436188220978,1.18701171875
development_DiagReachK2_s186_KL_SS,DiagReachK2,KL,SS,186,22,0,20,3,False,False,False,False,0.3712298572063446,1.1688200235366821
development_DiagReachK2_s186_KL_SS,DiagReachK2,KL,SS,186,22,1,20,2,False,False,False,False,0.31578949093818665,0.8918861150741577
development_DiagReachK2_s186_KL_SS,DiagReachK2,KL,SS,186,23,0,20,5,False,False,False,False,0.4366624057292938,1.3956791162490845
development_DiagReachK2_s186_KL_SS,DiagReachK2,KL,SS,186,23,1,20,5,False,False,False,False,0.4356038272380829,1.5174531936645508
development_DiagReachK2_s186_KL_SS,DiagReachK2,KL,SS,186,24,0,20,5,False,False,False,False,0.4530088007450104,0.994834303855896
development_DiagReachK2_s186_KL_SS,DiagReachK2,KL,SS,186,24,1,20,5,False,False,False,False,0.44400179386138916,1.2799996137619019
development_DiagReachK2_s186_W2_RS,DiagReachK2,W2,RS,186,0,0,20,3,False,False,False,False,0.3556690216064453,1.8187236785888672
development_DiagReachK2_s186_W2_RS,DiagReachK2,W2,RS,186,0,1,20,2,False,False,False,False,0.29656389355659485,1.823671579360962
development_DiagReachK2_s186_W2_RS,DiagReachK2,W2,RS,186,1,0,20,8,False,False,False,False,0.4892660975456238,2.44718074798584
development_DiagReachK2_s186_W2_RS,DiagReachK2,W2,RS,186,1,1,20,1,False,False,False,False,0.21964886784553528,1.2965879440307617
development_DiagReachK2_s186_W2_RS,DiagReachK2,W2,RS,186,2,0,20,7,False,False,False,False,0.4873752295970917,2.419006586074829
development_DiagReachK2_s186_W2_RS,DiagReachK2,W2,RS,186,2,1,20,0,True,False,True,False,0.0,1.0851103067398071
development_DiagReachK2_s186_W2_RS,DiagReachK2,W2,RS,186,3,0,20,7,False,False,False,False,0.4756295382976532,2.48540997505188
development_DiagReachK2_s186_W2_RS,DiagReachK2,W2,RS,186,3,1,20,1,False,False,False,False,0.21964886784553528,1.478205919265747
development_DiagReachK2_s186_W2_RS,DiagReachK2,W2,RS,186,4,0,20,8,False,False,False,False,0.4967576861381531,2.4428884983062744
development_DiagReachK2_s186_W2_RS,DiagReachK2,W2,RS,186,4,1,20,1,False,False,False,False,0.22941575944423676,1.4316939115524292
development_DiagReachK2_s186_W2_RS,DiagReachK2,W2,RS,186,5,0,20,5,False,False,False,False,0.4385087490081787,1.9913991689682007
development_DiagReachK2_s186_W2_RS,DiagReachK2,W2,RS,186,5,1,20,1,False,False,False,False,0.21964886784553528,1.3227343559265137
development_DiagReachK2_s186_W2_RS,DiagReachK2,W2,RS,186,6,0,20,5,False,False,False,False,0.4458177387714386,1.481963872909546
development_DiagReachK2_s186_W2_RS,DiagReachK2,W2,RS,186,6,1,20,2,False,False,False,False,0.31578949093818665,1.3245538473129272
development_DiagReachK2_s186_W2_RS,DiagReachK2,W2,RS,186,7,0,20,5,False,False,False,False,0.42514458298683167,2.208164691925049
development_DiagReachK2_s186_W2_RS,DiagReachK2,W2,RS,186,7,1,20,1,False,False,False,False,0.22941577434539795,1.3386578559875488
development_DiagReachK2_s186_W2_RS,DiagReachK2,W2,RS,186,8,0,20,4,False,False,False,False,0.3979402184486389,1.6959165334701538
development_DiagReachK2_s186_W2_RS,DiagReachK2,W2,RS,186,8,1,20,3,False,False,False,False,0.371229887008667,1.6093008518218994
development_DiagReachK2_s186_W2_RS,DiagReachK2,W2,RS,186,9,0,20,2,False,False,False,False,0.3023454248905182,1.5340219736099243
development_DiagReachK2_s186_W2_RS,DiagReachK2,W2,RS,186,9,1,20,4,False,False,False,False,0.42105263471603394,1.5129362344741821
development_DiagReachK2_s186_W2_RS,DiagReachK2,W2,RS,186,10,0,20,2,False,False,False,False,0.30310794711112976,1.4882783889770508
development_DiagReachK2_s186_W2_RS,DiagReachK2,W2,RS,186,10,1,20,0,True,False,True,False,0.0,1.1616348028182983
development_DiagReachK2_s186_W2_RS,DiagReachK2,W2,RS,186,11,0,20,4,False,False,False,False,0.4096594452857971,1.2729440927505493
development_DiagReachK2_s186_W2_RS,DiagReachK2,W2,RS,186,11,1,20,4,False,False,False,False,0.40169307589530945,1.318178415298462
development_DiagReachK2_s186_W2_RS,DiagReachK2,W2,RS,186,12,0,20,7,False,False,False,False,0.4828546941280365,1.6433905363082886
development_DiagReachK2_s186_W2_RS,DiagReachK2,W2,RS,186,12,1,20,3,False,False,False,False,0.3659061789512634,1.5725631713867188
development_DiagReachK2_s186_W2_RS,DiagReachK2,W2,RS,186,13,0,20,5,False,False,False,False,0.4458177387714386,1.1280691623687744
development_DiagReachK2_s186_W2_RS,DiagReachK2,W2,RS,186,13,1,20,5,False,False,False,False,0.4366624057292938,1.605118751525879
development_DiagReachK2_s186_W2_RS,DiagReachK2,W2,RS,186,14,0,20,1,False,False,False,False,0.1986798644065857,1.4916760921478271
development_DiagReachK2_s186_W2_RS,DiagReachK2,W2,RS,186,14,1,20,2,False,False,False,False,0.30310794711112976,1.375254511833191
development_DiagReachK2_s186_W2_RS,DiagReachK2,W2,RS,186,15,0,20,5,False,False,False,False,0.4558028280735016,1.1327157020568848
development_DiagReachK2_s186_W2_RS,DiagReachK2,W2,RS,186,15,1,20,9,False,False,False,False,0.5082423090934753,1.6714327335357666
development_DiagReachK2_s186_W2_RS,DiagReachK2,W2,RS,186,16,0,20,2,False,False,False,False,0.3095136880874634,1.0114152431488037
development_DiagReachK2_s186_W2_RS,DiagReachK2,W2,RS,186,16,1,20,4,False,False,False,False,0.40484142303466797,0.956052839756012
development_DiagReachK2_s186_W2_RS,DiagReachK2,W2,RS,186,17,0,20,5,False,False,False,False,0.44968441128730774,1.43155837059021
development_DiagReachK2_s186_W2_RS,DiagReachK2,W2,RS,186,17,1,20,8,False,False,False,False,0.5084693431854248,1.5247474908828735
development_DiagReachK2_s186_W2_RS,DiagReachK2,W2,RS,186,18,0,20,5,False,False,False,False,0.4496844410896301,1.0247235298156738
development_DiagReachK2_s186_W2_RS,DiagReachK2,W2,RS,186,18,1,20,3,False,False,False,False,0.3598629832267761,1.4177442789077759
development_DiagReachK2_s186_W2_RS,DiagReachK2,W2,RS,186,19,0,20,7,False,False,False,False,0.49838149547576904,0.8611838221549988
development_DiagReachK2_s186_W2_RS,DiagReachK2,W2,RS,186,19,1,20,7,False,False,False,False,0.4857146739959717,1.6337968111038208
development_DiagReachK2_s186_W2_RS,DiagReachK2,W2,RS,186,20,0,20,9,False,False,False,False,0.5159057974815369,1.2794514894485474
development_DiagReachK2_s186_W2_RS,DiagReachK2,W2,RS,186,20,1,20,7,False,False,False,False,0.49208882451057434,1.6177895069122314
development_DiagReachK2_s186_W2_RS,DiagReachK2,W2,RS,186,21,0,20,8,False,False,False,False,0.50846928358078,0.9414582252502441
development_DiagReachK2_s186_W2_RS,DiagReachK2,W2,RS,186,21,1,20,5,False,False,False,False,0.4468521177768707,1.2644983530044556
development_DiagReachK2_s186_W2_RS,DiagReachK2,W2,RS,186,22,0,20,9,False,False,False,False,0.512313723564148,1.2628309726715088
development_DiagReachK2_s186_W2_RS,DiagReachK2,W2,RS,186,22,1,20,8,False,False,False,False,0.5071055293083191,0.9902564287185669
development_DiagReachK2_s186_W2_RS,DiagReachK2,W2,RS,186,23,0,20,9,False,False,False,False,0.5165765285491943,0.9922167658805847
development_DiagReachK2_s186_W2_RS,DiagReachK2,W2,RS,186,23,1,20,2,False,False,False,False,0.2882750332355499,1.3542286157608032
development_DiagReachK2_s186_W2_RS,DiagReachK2,W2,RS,186,24,0,20,6,False,False,False,False,0.4802180230617523,0.8801347613334656
development_DiagReachK2_s186_W2_RS,DiagReachK2,W2,RS,186,24,1,20,7,False,False,False,False,0.4890301823616028,1.3429205417633057
development_DiagReachK2_s186_W2_SS,DiagReachK2,W2,SS,186,0,0,20,3,False,False,False,False,0.3556690216064453,1.8187236785888672
development_DiagReachK2_s186_W2_SS,DiagReachK2,W2,SS,186,0,1,20,2,False,False,False,False,0.29656389355659485,1.823671579360962
development_DiagReachK2_s186_W2_SS,DiagReachK2,W2,SS,186,1,0,20,8,False,False,False,False,0.4923233091831207,2.433228015899658
development_DiagReachK2_s186_W2_SS,DiagReachK2,W2,SS,186,1,1,20,1,False,False,False,False,0.21964886784553528,1.310739278793335
development_DiagReachK2_s186_W2_SS,DiagReachK2,W2,SS,186,2,0,20,6,False,False,False,False,0.47221994400024414,2.338338613510132
development_DiagReachK2_s186_W2_SS,DiagReachK2,W2,SS,186,2,1,20,0,True,False,True,False,0.0,1.196506142616272
development_DiagReachK2_s186_W2_SS,DiagReachK2,W2,SS,186,3,0,20,7,False,False,False,False,0.4828546941280365,2.3882553577423096
development_DiagReachK2_s186_W2_SS,DiagReachK2,W2,SS,186,3,1,20,2,False,False,False,False,0.30310797691345215,1.6955299377441406
development_DiagReachK2_s186_W2_SS,DiagReachK2,W2,SS,186,4,0,20,6,False,False,False,False,0.4532635509967804,2.114738702774048
development_DiagReachK2_s186_W2_SS,DiagReachK2,W2,SS,186,4,1,20,1,False,False,False,False,0.22941575944423676,1.5100525617599487
development_DiagReachK2_s186_W2_SS,DiagReachK2,W2,SS,186,5,0,20,4,False,False,False,False,0.41330593824386597,1.653361439704895
development_DiagReachK2_s186_W2_SS,DiagReachK2,W2,SS,186,5,1,20,1,False,False,False,False,0.21964886784553528,1.3238775730133057
development_DiagReachK2_s186_W2_SS,DiagReachK2,W2,SS,186,6,0,20,6,False,False,False,False,0.4775668978691101,1.188995122909546
development_DiagReachK2_s186_W2_SS,DiagReachK2,W2,SS,186,6,1,20,1,False,False,False,False,0.22941572964191437,1.3122711181640625
development_DiagReachK2_s186_W2_SS,DiagReachK2,W2,SS,186,7,0,20,7,False,False,False,False,0.4878486394882202,1.873901128768921
development_DiagReachK2_s186_W2_SS,DiagReachK2,W2,SS,186,7,1,20,1,False,False,False,False,0.22941577434539795,1.2941901683807373
development_DiagReachK2_s186_W2_SS,DiagReachK2,W2,SS,186,8,0,20,5,False,False,False,False,0.4440017640590668,1.1949177980422974
development_DiagReachK2_s186_W2_SS,DiagReachK2,W2,SS,186,8,1,20,4,False,False,False,False,0.41747382283210754,1.5926570892333984
development_DiagReachK2_s186_W2_SS,DiagReachK2,W2,SS,186,9,0,20,2,False,False,False,False,0.3095136880874634,1.3236712217330933
development_DiagReachK2_s186_W2_SS,DiagReachK2,W2,SS,186,9,1,20,4,False,False,False,False,0.41747382283210754,1.4224858283996582
development_DiagReachK2_s186_W2_SS,DiagReachK2,W2,SS,186,10,0,20,1,False,False,False,False,0.22941572964191437,1.310520887374878
development_DiagReachK2_s186_W2_SS,DiagReachK2,W2,SS,186,10,1,20,1,False,False,False,False,0.22941572964191437,1.2741620540618896
development_DiagReachK2_s186_W2_SS,DiagReachK2,W2,SS,186,11,0,20,4,False,False,False,False,0.4138640761375427,1.1395899057388306
development_DiagReachK2_s186_W2_SS,DiagReachK2,W2,SS,186,11,1,20,4,False,False,False,False,0.40169307589530945,1.3790171146392822
development_DiagReachK2_s186_W2_SS,DiagReachK2,W2,SS,186,12,0,20,7,False,False,False,False,0.4847632348537445,1.543419361114502
development_DiagReachK2_s186_W2_SS,DiagReachK2,W2,SS,186,12,1,20,3,False,False,False,False,0.3659061789512634,1.5929265022277832
development_DiagReachK2_s186_W2_SS,DiagReachK2,W2,SS,186,13,0,20,5,False,False,False,False,0.4429607391357422,1.2184780836105347
development_DiagReachK2_s186_W2_SS,DiagReachK2,W2,SS,186,13,1,20,1,False,False,False,False,0.20942695438861847,1.0332573652267456
development_DiagReachK2_s186_W2_SS,DiagReachK2,W2,SS,186,14,0,20,8,False,False,False,False,0.5027624368667603,1.1555873155593872
development_DiagReachK2_s186_W2_SS,DiagReachK2,W2,SS,186,14,1,20,2,False,False,False,False,0.31578949093818665,1.0647695064544678
development_DiagReachK2_s186_W2_SS,DiagReachK2,W2,SS,186,15,0,20,6,False,False,False,False,0.47221997380256653,1.453877329826355
development_DiagReachK2_s186_W2_SS,DiagReachK2,W2,SS,186,15,1,20,4,False,False,False,False,0.39938780665397644,1.8100056648254395
development_DiagReachK2_s186_W2_SS,DiagReachK2,W2,SS,186,16,0,20,6,False,False,False,False,0.4673059582710266,1.6246925592422485
development_DiagReachK2_s186_W2_SS,DiagReachK2,W2,SS,186,16,1,20,4,False,False,False,False,0.42105260491371155,1.3424839973449707
development_DiagReachK2_s186_W2_SS,DiagReachK2,W2,SS,186,17,0,20,8,False,False,False,False,0.5098294615745544,1.2505135536193848
development_DiagReachK2_s186_W2_SS,DiagReachK2,W2,SS,186,17,1,20,5,False,False,False,False,0.4310758709907532,1.3805452585220337
development_DiagReachK2_s186_W2_SS,DiagReachK2,W2,SS,186,18,0,20,5,False,False,False,False,0.4413945972919464,0.8461026549339294
development_DiagReachK2_s186_W2_SS,DiagReachK2,W2,SS,186,18,1,20,3,False,False,False,False,0.36653652787208557,1.3894716501235962
development_DiagReachK2_s186_W2_SS,DiagReachK2,W2,SS,186,19,0,20,5,False,False,False,False,0.4458177387714386,0.8791543245315552
development_DiagReachK2_s186_W2_SS,DiagReachK2,W2,SS,186,19,1,20,3,False,False,False,False,0.3659061789512634,1.3326070308685303
development_DiagReachK2_s186_W2_SS,DiagReachK2,W2,SS,186,20,0,20,4,False,False,False,False,0.40853092074394226,0.8838418126106262
development_DiagReachK2_s186_W2_SS,DiagReachK2,W2,SS,186,20,1,20,4,False,False,False,False,0.4138640761375427,1.2510560750961304
development_DiagReachK2_s186_W2_SS,DiagReachK2,W2,SS,186,21,0,20,4,False,False,False,False,0.42105260491371155,1.3199912309646606
development_DiagReachK2_s186_W2_SS,DiagReachK2,W2,SS,186,21,1,20,10,False,False,False,False,0.5199172496795654,1.3298194408416748
development_DiagReachK2_s186_W2_SS,DiagReachK2,W2,SS,186,22,0,20,7,False,False,False,False,0.48261559009552,1.4925788640975952
development_DiagReachK2_s186_W2_SS,DiagReachK2,W2,SS,186,22,1,20,6,False,False,False,False,0.47221997380256653,1.2260961532592773
development_DiagReachK2_s186_W2_SS,DiagReachK2,W2,SS,186,23,0,20,3,False,False,False,False,0.3598629832267761,1.2953952550888062
development_DiagReachK2_s186_W2_SS,DiagReachK2,W2,SS,186,23,1,20,5,False,False,False,False,0.4468521177768707,1.3439494371414185
development_DiagReachK2_s186_W2_SS,DiagReachK2,W2,SS,186,24,0,20,5,False,False,False,False,0.4413945972919464,1.4934338331222534
development_DiagReachK2_s186_W2_SS,DiagReachK2,W2,SS,186,24,1,20,6,False,False,False,False,0.46358630061149597,1.42246675491333
development_DiagReachK2_s187_KL_RS,DiagReachK2,KL,RS,187,0,0,20,4,False,False,False,False,0.3804429769515991,2.252372980117798
development_DiagReachK2_s187_KL_RS,DiagReachK2,KL,RS,187,0,1,20,4,False,False,False,False,0.40054211020469666,1.9539366960525513
development_DiagReachK2_s187_KL_RS,DiagReachK2,KL,RS,187,1,0,20,7,False,False,False,False,0.4680463671684265,2.9330673217773438
development_DiagReachK2_s187_KL_RS,DiagReachK2,KL,RS,187,1,1,20,6,False,False,False,False,0.46631696820259094,1.7612600326538086
development_DiagReachK2_s187_KL_RS,DiagReachK2,KL,RS,187,2,0,20,2,False,False,False,False,0.3023454248905182,1.9034441709518433
development_DiagReachK2_s187_KL_RS,DiagReachK2,KL,RS,187,2,1,20,3,False,False,False,False,0.35696470737457275,1.9759602546691895
development_DiagReachK2_s187_KL_RS,DiagReachK2,KL,RS,187,3,0,20,2,False,False,False,False,0.3023454248905182,1.3518705368041992
development_DiagReachK2_s187_KL_RS,DiagReachK2,KL,RS,187,3,1,20,3,False,False,False,False,0.33803242444992065,1.9483553171157837
development_DiagReachK2_s187_KL_RS,DiagReachK2,KL,RS,187,4,0,20,9,False,False,False,False,0.5159058570861816,2.29085636138916
development_DiagReachK2_s187_KL_RS,DiagReachK2,KL,RS,187,4,1,20,2,False,False,False,False,0.29578450322151184,1.4762461185455322
development_DiagReachK2_s187_KL_RS,DiagReachK2,KL,RS,187,5,0,20,2,False,False,False,False,0.309513658285141,1.435721516609192
development_DiagReachK2_s187_KL_RS,DiagReachK2,KL,RS,187,5,1,20,0,True,False,True,False,0.0,1.151611566543579
development_DiagReachK2_s187_KL_RS,DiagReachK2,KL,RS,187,6,0,20,1,False,False,False,False,0.1873171478509903,1.9795401096343994
development_DiagReachK2_s187_KL_RS,DiagReachK2,KL,RS,187,6,1,20,6,False,False,False,False,0.451221764087677,2.205078125
development_DiagReachK2_s187_KL_RS,DiagReachK2,KL,RS,187,7,0,20,8,False,False,False,False,0.4918542206287384,1.8510359525680542
development_DiagReachK2_s187_KL_RS,DiagReachK2,KL,RS,187,7,1,20,3,False,False,False,False,0.3617822825908661,1.603552222251892
development_DiagReachK2_s187_KL_RS,DiagReachK2,KL,RS,187,8,0,20,5,False,False,False,False,0.43214553594589233,2.2151429653167725
development_DiagReachK2_s187_KL_RS,DiagReachK2,KL,RS,187,8,1,20,4,False,False,False,False,0.4054112434387207,1.5430481433868408
development_DiagReachK2_s187_KL_RS,DiagReachK2,KL,RS,187,9,0,20,8,False,False,False,False,0.49582743644714355,2.678471803665161
development_DiagReachK2_s187_KL_RS,DiagReachK2,KL,RS,187,9,1,20,7,False,False,False,False,0.49208882451057434,1.617133617401123
development_DiagReachK2_s187_KL_RS,DiagReachK2,KL,RS,187,10,0,20,3,False,False,False,False,0.3507675230503082,2.093993663787842
development_DiagReachK2_s187_KL_RS,DiagReachK2,KL,RS,187,10,1,20,8,False,False,False,False,0.5071055293083191,1.7203198671340942
development_DiagReachK2_s187_KL_RS,DiagReachK2,KL,RS,187,11,0,20,5,False,False,False,False,0.4216005206108093,2.3762154579162598
development_DiagReachK2_s187_KL_RS,DiagReachK2,KL,RS,187,11,1,20,6,False,False,False,False,0.46358630061149597,1.6560406684875488
development_DiagReachK2_s187_KL_RS,DiagReachK2,KL,RS,187,12,0,20,8,False,False,False,False,0.49466219544410706,2.2218849658966064
development_DiagReachK2_s187_KL_RS,DiagReachK2,KL,RS,187,12,1,20,6,False,False,False,False,0.4565618634223938,1.527809977531433
development_DiagReachK2_s187_KL_RS,DiagReachK2,KL,RS,187,13,0,20,6,False,False,False,False,0.4673059582710266,2.227842330932617
development_DiagReachK2_s187_KL_RS,DiagReachK2,KL,RS,187,13,1,20,4,False,False,False,False,0.4048413932323456,1.8359371423721313
development_DiagReachK2_s187_KL_RS,DiagReachK2,KL,RS,187,14,0,20,5,False,False,False,False,0.4468521177768707,1.596773386001587
development_DiagReachK2_s187_KL_RS,DiagReachK2,KL,RS,187,14,1,20,6,False,False,False,False,0.46433261036872864,2.0332040786743164
development_DiagReachK2_s187_KL_RS,DiagReachK2,KL,RS,187,15,0,20,6,False,False,False,False,0.4512217938899994,2.0940165519714355
development_DiagReachK2_s187_KL_RS,DiagReachK2,KL,RS,187,15,1,20,6,False,False,False,False,0.45453497767448425,1.983401894569397
development_DiagReachK2_s187_KL_RS,DiagReachK2,KL,RS,187,16,0,20,6,False,False,False,False,0.467305988073349,2.36342716217041
development_DiagReachK2_s187_KL_RS,DiagReachK2,KL,RS,187,16,1,20,2,False,False,False,False,0.30310797691345215,1.6493598222732544
development_DiagReachK2_s187_KL_RS,DiagReachK2,KL,RS,187,17,0,20,7,False,False,False,False,0.4876120090484619,2.04776668548584
development_DiagReachK2_s187_KL_RS,DiagReachK2,KL,RS,187,17,1,20,9,False,False,False,False,0.4876120090484619,2.091594934463501
development_DiagReachK2_s187_KL_RS,DiagReachK2,KL,RS,187,18,0,20,6,False,False,False,False,0.4695236384868622,1.9547032117843628
development_DiagReachK2_s187_KL_RS,DiagReachK2,KL,RS,187,18,1,20,3,False,False,False,False,0.33803242444992065,1.8552370071411133
development_DiagReachK2_s187_KL_RS,DiagReachK2,KL,RS,187,19,0,20,6,False,False,False,False,0.45706719160079956,2.3348231315612793
development_DiagReachK2_s187_KL_RS,DiagReachK2,KL,RS,187,19,1,20,4,False,False,False,False,0.4096594452857971,1.5839040279388428
development_DiagReachK2_s187_KL_RS,DiagReachK2,KL,RS,187,20,0,20,1,False,False,False,False,0.20942695438861847,1.8353084325790405
development_DiagReachK2_s187_KL_RS,DiagReachK2,KL,RS,187,20,1,20,5,False,False,False,False,0.4468521177768707,1.6450886726379395
development_DiagReachK2_s187_KL_RS,DiagReachK2,KL,RS,187,21,0,20,1,False,False,False,False,0.21964886784553528,1.8215683698654175
development_DiagReachK2_s187_KL_RS,DiagReachK2,KL,RS,187,21,1,20,4,False,False,False,False,0.41330593824386597,1.5822887420654297
development_DiagReachK2_s187_KL_RS,DiagReachK2,KL,RS,187,22,0,20,9,False,False,False,False,0.5057380795478821,2.360793113708496
development_DiagReachK2_s187_KL_RS,DiagReachK2,KL,RS,187,22,1,20,6,False,False,False,False,0.46083948016166687,1.8828285932540894
development_DiagReachK2_s187_KL_RS,DiagReachK2,KL,RS,187,23,0,20,7,False,False,False,False,0.4941953122615814,1.6621201038360596
development_DiagReachK2_s187_KL_RS,DiagReachK2,KL,RS,187,23,1,20,6,False,False,False,False,0.4780500531196594,1.7148851156234741
development_DiagReachK2_s187_KL_RS,DiagReachK2,KL,RS,187,24,0,20,6,False,False,False,False,0.4707511365413666,1.8554444313049316
development_DiagReachK2_s187_KL_RS,DiagReachK2,KL,RS,187,24,1,20,8,False,False,False,False,0.49606016278266907,1.7341153621673584
development_DiagReachK2_s187_KL_SS,DiagReachK2,KL,SS,187,0,0,20,4,False,False,False,False,0.3804429769515991,2.252372980117798
development_DiagReachK2_s187_KL_SS,DiagReachK2,KL,SS,187,0,1,20,4,False,False,False,False,0.40054211020469666,1.9539366960525513
development_DiagReachK2_s187_KL_SS,DiagReachK2,KL,SS,187,1,0,20,7,False,False,False,False,0.4680463671684265,2.9330673217773438
development_DiagReachK2_s187_KL_SS,DiagReachK2,KL,SS,187,1,1,20,6,False,False,False,False,0.46631696820259094,1.7612600326538086
development_DiagReachK2_s187_KL_SS,DiagReachK2,KL,SS,187,2,0,20,2,False,False,False,False,0.3023454248905182,1.9034441709518433
development_DiagReachK2_s187_KL_SS,DiagReachK2,KL,SS,187,2,1,20,3,False,False,False,False,0.35696470737457275,1.9759602546691895
development_DiagReachK2_s187_KL_SS,DiagReachK2,KL,SS,187,3,0,20,2,False,False,False,False,0.3023454248905182,1.3518705368041992
development_DiagReachK2_s187_KL_SS,DiagReachK2,KL,SS,187,3,1,20,3,False,False,False,False,0.33803242444992065,1.9483553171157837
development_DiagReachK2_s187_KL_SS,DiagReachK2,KL,SS,187,4,0,20,9,False,False,False,False,0.5159058570861816,2.29085636138916
development_DiagReachK2_s187_KL_SS,DiagReachK2,KL,SS,187,4,1,20,2,False,False,False,False,0.29578450322151184,1.4762461185455322
development_DiagReachK2_s187_KL_SS,DiagReachK2,KL,SS,187,5,0,20,2,False,False,False,False,0.309513658285141,1.435721516609192
development_DiagReachK2_s187_KL_SS,DiagReachK2,KL,SS,187,5,1,20,0,True,False,True,False,0.0,1.151611566543579
development_DiagReachK2_s187_KL_SS,DiagReachK2,KL,SS,187,6,0,20,1,False,False,False,False,0.1873171478509903,1.9795401096343994
development_DiagReachK2_s187_KL_SS,DiagReachK2,KL,SS,187,6,1,20,6,False,False,False,False,0.451221764087677,2.205078125
development_DiagReachK2_s187_KL_SS,DiagReachK2,KL,SS,187,7,0,20,8,False,False,False,False,0.4918542206287384,1.8510359525680542
development_DiagReachK2_s187_KL_SS,DiagReachK2,KL,SS,187,7,1,20,3,False,False,False,False,0.3617822825908661,1.603552222251892
development_DiagReachK2_s187_KL_SS,DiagReachK2,KL,SS,187,8,0,20,5,False,False,False,False,0.43214553594589233,2.2151429653167725
development_DiagReachK2_s187_KL_SS,DiagReachK2,KL,SS,187,8,1,20,4,False,False,False,False,0.4054112434387207,1.5430481433868408
development_DiagReachK2_s187_KL_SS,DiagReachK2,KL,SS,187,9,0,20,8,False,False,False,False,0.49582743644714355,2.678471803665161
development_DiagReachK2_s187_KL_SS,DiagReachK2,KL,SS,187,9,1,20,7,False,False,False,False,0.49208882451057434,1.617133617401123
development_DiagReachK2_s187_KL_SS,DiagReachK2,KL,SS,187,10,0,20,3,False,False,False,False,0.3507675230503082,2.093993663787842
development_DiagReachK2_s187_KL_SS,DiagReachK2,KL,SS,187,10,1,20,8,False,False,False,False,0.5071055293083191,1.7203198671340942
development_DiagReachK2_s187_KL_SS,DiagReachK2,KL,SS,187,11,0,20,5,False,False,False,False,0.4216005206108093,2.3762154579162598
development_DiagReachK2_s187_KL_SS,DiagReachK2,KL,SS,187,11,1,20,6,False,False,False,False,0.46358630061149597,1.6560406684875488
development_DiagReachK2_s187_KL_SS,DiagReachK2,KL,SS,187,12,0,20,8,False,False,False,False,0.49466219544410706,2.2218849658966064
development_DiagReachK2_s187_KL_SS,DiagReachK2,KL,SS,187,12,1,20,6,False,False,False,False,0.4565618634223938,1.527809977531433
development_DiagReachK2_s187_KL_SS,DiagReachK2,KL,SS,187,13,0,20,6,False,False,False,False,0.4673059582710266,2.227842330932617
development_DiagReachK2_s187_KL_SS,DiagReachK2,KL,SS,187,13,1,20,4,False,False,False,False,0.4048413932323456,1.8359371423721313
development_DiagReachK2_s187_KL_SS,DiagReachK2,KL,SS,187,14,0,20,5,False,False,False,False,0.4468521177768707,1.596773386001587
development_DiagReachK2_s187_KL_SS,DiagReachK2,KL,SS,187,14,1,20,6,False,False,False,False,0.46433261036872864,2.0332040786743164
development_DiagReachK2_s187_KL_SS,DiagReachK2,KL,SS,187,15,0,20,6,False,False,False,False,0.4512217938899994,2.0940165519714355
development_DiagReachK2_s187_KL_SS,DiagReachK2,KL,SS,187,15,1,20,6,False,False,False,False,0.45453497767448425,1.983401894569397
development_DiagReachK2_s187_KL_SS,DiagReachK2,KL,SS,187,16,0,20,6,False,False,False,False,0.467305988073349,2.36342716217041
development_DiagReachK2_s187_KL_SS,DiagReachK2,KL,SS,187,16,1,20,2,False,False,False,False,0.30310797691345215,1.6493598222732544
development_DiagReachK2_s187_KL_SS,DiagReachK2,KL,SS,187,17,0,20,5,False,False,False,False,0.4429607391357422,2.0562562942504883
development_DiagReachK2_s187_KL_SS,DiagReachK2,KL,SS,187,17,1,20,9,False,False,False,False,0.4830936789512634,1.9483062028884888
development_DiagReachK2_s187_KL_SS,DiagReachK2,KL,SS,187,18,0,20,4,False,False,False,False,0.39356550574302673,2.006045341491699
development_DiagReachK2_s187_KL_SS,DiagReachK2,KL,SS,187,18,1,20,0,True,False,True,False,0.0,1.3590362071990967
development_DiagReachK2_s187_KL_SS,DiagReachK2,KL,SS,187,19,0,20,6,False,False,False,False,0.4650777578353882,2.4329404830932617
development_DiagReachK2_s187_KL_SS,DiagReachK2,KL,SS,187,19,1,20,5,False,False,False,False,0.455802857875824,1.2246006727218628
development_DiagReachK2_s187_KL_SS,DiagReachK2,KL,SS,187,20,0,20,3,False,False,False,False,0.3659061789512634,1.574535608291626
development_DiagReachK2_s187_KL_SS,DiagReachK2,KL,SS,187,20,1,20,5,False,False,False,False,0.4395603537559509,1.6789213418960571
development_DiagReachK2_s187_KL_SS,DiagReachK2,KL,SS,187,21,0,20,4,False,False,False,False,0.40054211020469666,1.7579325437545776
development_DiagReachK2_s187_KL_SS,DiagReachK2,KL,SS,187,21,1,20,5,False,False,False,False,0.44008520245552063,1.530258059501648
development_DiagReachK2_s187_KL_SS,DiagReachK2,KL,SS,187,22,0,20,5,False,False,False,False,0.4496844410896301,1.706066608428955
development_DiagReachK2_s187_KL_SS,DiagReachK2,KL,SS,187,22,1,20,5,False,False,False,False,0.4530088007450104,1.5629215240478516
development_DiagReachK2_s187_KL_SS,DiagReachK2,KL,SS,187,23,0,20,5,False,False,False,False,0.4458177387714386,1.666998028755188
development_DiagReachK2_s187_KL_SS,DiagReachK2,KL,SS,187,23,1,20,5,False,False,False,False,0.4356038272380829,1.4739927053451538
development_DiagReachK2_s187_KL_SS,DiagReachK2,KL,SS,187,24,0,20,6,False,False,False,False,0.46582165360450745,1.667220950126648
development_DiagReachK2_s187_KL_SS,DiagReachK2,KL,SS,187,24,1,20,6,False,False,False,False,0.46853935718536377,1.7001802921295166
development_DiagReachK2_s187_W2_RS,DiagReachK2,W2,RS,187,0,0,20,4,False,False,False,False,0.3804429769515991,2.252372980117798
development_DiagReachK2_s187_W2_RS,DiagReachK2,W2,RS,187,0,1,20,4,False,False,False,False,0.40054211020469666,1.9539366960525513
development_DiagReachK2_s187_W2_RS,DiagReachK2,W2,RS,187,1,0,20,7,False,False,False,False,0.4680463671684265,2.9330673217773438
development_DiagReachK2_s187_W2_RS,DiagReachK2,W2,RS,187,1,1,20,6,False,False,False,False,0.46631696820259094,1.7612600326538086
development_DiagReachK2_s187_W2_RS,DiagReachK2,W2,RS,187,2,0,20,2,False,False,False,False,0.3023454248905182,1.9034441709518433
development_DiagReachK2_s187_W2_RS,DiagReachK2,W2,RS,187,2,1,20,3,False,False,False,False,0.35696470737457275,1.9759602546691895
development_DiagReachK2_s187_W2_RS,DiagReachK2,W2,RS,187,3,0,20,2,False,False,False,False,0.3023454248905182,1.3518705368041992
development_DiagReachK2_s187_W2_RS,DiagReachK2,W2,RS,187,3,1,20,3,False,False,False,False,0.33803242444992065,1.9483553171157837
development_DiagReachK2_s187_W2_RS,DiagReachK2,W2,RS,187,4,0,20,9,False,False,False,False,0.5159058570861816,2.29085636138916
development_DiagReachK2_s187_W2_RS,DiagReachK2,W2,RS,187,4,1,20,2,False,False,False,False,0.29578450322151184,1.4762461185455322
development_DiagReachK2_s187_W2_RS,DiagReachK2,W2,RS,187,5,0,20,2,False,False,False,False,0.309513658285141,1.435721516609192
development_DiagReachK2_s187_W2_RS,DiagReachK2,W2,RS,187,5,1,20,0,True,False,True,False,0.0,1.151611566543579
development_DiagReachK2_s187_W2_RS,DiagReachK2,W2,RS,187,6,0,20,1,False,False,False,False,0.1873171478509903,1.9795401096343994
development_DiagReachK2_s187_W2_RS,DiagReachK2,W2,RS,187,6,1,20,6,False,False,False,False,0.451221764087677,2.205078125
development_DiagReachK2_s187_W2_RS,DiagReachK2,W2,RS,187,7,0,20,8,False,False,False,False,0.4918542206287384,1.8510359525680542
development_DiagReachK2_s187_W2_RS,DiagReachK2,W2,RS,187,7,1,20,3,False,False,False,False,0.3617822825908661,1.603552222251892
development_DiagReachK2_s187_W2_RS,DiagReachK2,W2,RS,187,8,0,20,5,False,False,False,False,0.43214553594589233,2.2151429653167725
development_DiagReachK2_s187_W2_RS,DiagReachK2,W2,RS,187,8,1,20,4,False,False,False,False,0.4054112434387207,1.5430481433868408
development_DiagReachK2_s187_W2_RS,DiagReachK2,W2,RS,187,9,0,20,8,False,False,False,False,0.49582743644714355,2.678471803665161
development_DiagReachK2_s187_W2_RS,DiagReachK2,W2,RS,187,9,1,20,7,False,False,False,False,0.49208882451057434,1.617133617401123
development_DiagReachK2_s187_W2_RS,DiagReachK2,W2,RS,187,10,0,20,3,False,False,False,False,0.3507675230503082,2.093993663787842
development_DiagReachK2_s187_W2_RS,DiagReachK2,W2,RS,187,10,1,20,8,False,False,False,False,0.5071055293083191,1.7203198671340942
development_DiagReachK2_s187_W2_RS,DiagReachK2,W2,RS,187,11,0,20,5,False,False,False,False,0.4216005206108093,2.3762154579162598
development_DiagReachK2_s187_W2_RS,DiagReachK2,W2,RS,187,11,1,20,6,False,False,False,False,0.46358630061149597,1.6560406684875488
development_DiagReachK2_s187_W2_RS,DiagReachK2,W2,RS,187,12,0,20,8,False,False,False,False,0.49466219544410706,2.2218849658966064
development_DiagReachK2_s187_W2_RS,DiagReachK2,W2,RS,187,12,1,20,6,False,False,False,False,0.4565618634223938,1.527809977531433
development_DiagReachK2_s187_W2_RS,DiagReachK2,W2,RS,187,13,0,20,6,False,False,False,False,0.4673059582710266,2.227842330932617
development_DiagReachK2_s187_W2_RS,DiagReachK2,W2,RS,187,13,1,20,4,False,False,False,False,0.4048413932323456,1.8359371423721313
development_DiagReachK2_s187_W2_RS,DiagReachK2,W2,RS,187,14,0,20,5,False,False,False,False,0.4468521177768707,1.596773386001587
development_DiagReachK2_s187_W2_RS,DiagReachK2,W2,RS,187,14,1,20,6,False,False,False,False,0.46433261036872864,2.0332040786743164
development_DiagReachK2_s187_W2_RS,DiagReachK2,W2,RS,187,15,0,20,6,False,False,False,False,0.4512217938899994,2.0940165519714355
development_DiagReachK2_s187_W2_RS,DiagReachK2,W2,RS,187,15,1,20,6,False,False,False,False,0.45453497767448425,1.983401894569397
development_DiagReachK2_s187_W2_RS,DiagReachK2,W2,RS,187,16,0,20,6,False,False,False,False,0.467305988073349,2.36342716217041
development_DiagReachK2_s187_W2_RS,DiagReachK2,W2,RS,187,16,1,20,2,False,False,False,False,0.30310797691345215,1.6493598222732544
development_DiagReachK2_s187_W2_RS,DiagReachK2,W2,RS,187,17,0,20,7,False,False,False,False,0.4876120090484619,2.04776668548584
development_DiagReachK2_s187_W2_RS,DiagReachK2,W2,RS,187,17,1,20,9,False,False,False,False,0.4876120090484619,2.091594934463501
development_DiagReachK2_s187_W2_RS,DiagReachK2,W2,RS,187,18,0,20,6,False,False,False,False,0.4695236384868622,1.9547032117843628
development_DiagReachK2_s187_W2_RS,DiagReachK2,W2,RS,187,18,1,20,3,False,False,False,False,0.33803242444992065,1.8552370071411133
development_DiagReachK2_s187_W2_RS,DiagReachK2,W2,RS,187,19,0,20,6,False,False,False,False,0.45706719160079956,2.3348231315612793
development_DiagReachK2_s187_W2_RS,DiagReachK2,W2,RS,187,19,1,20,4,False,False,False,False,0.4096594452857971,1.5839040279388428
development_DiagReachK2_s187_W2_RS,DiagReachK2,W2,RS,187,20,0,20,1,False,False,False,False,0.20942695438861847,1.8353084325790405
development_DiagReachK2_s187_W2_RS,DiagReachK2,W2,RS,187,20,1,20,5,False,False,False,False,0.4468521177768707,1.6450886726379395
development_DiagReachK2_s187_W2_RS,DiagReachK2,W2,RS,187,21,0,20,1,False,False,False,False,0.21964886784553528,1.8215683698654175
development_DiagReachK2_s187_W2_RS,DiagReachK2,W2,RS,187,21,1,20,4,False,False,False,False,0.41330593824386597,1.5822887420654297
development_DiagReachK2_s187_W2_RS,DiagReachK2,W2,RS,187,22,0,20,9,False,False,False,False,0.5057380795478821,2.360793113708496
development_DiagReachK2_s187_W2_RS,DiagReachK2,W2,RS,187,22,1,20,6,False,False,False,False,0.46083948016166687,1.8828285932540894
development_DiagReachK2_s187_W2_RS,DiagReachK2,W2,RS,187,23,0,20,7,False,False,False,False,0.4941953122615814,1.6621201038360596
development_DiagReachK2_s187_W2_RS,DiagReachK2,W2,RS,187,23,1,20,6,False,False,False,False,0.4780500531196594,1.7148851156234741
development_DiagReachK2_s187_W2_RS,DiagReachK2,W2,RS,187,24,0,20,6,False,False,False,False,0.4707511365413666,1.8554444313049316
development_DiagReachK2_s187_W2_RS,DiagReachK2,W2,RS,187,24,1,20,8,False,False,False,False,0.49606016278266907,1.7341153621673584
development_DiagReachK2_s187_W2_SS,DiagReachK2,W2,SS,187,0,0,20,4,False,False,False,False,0.3804429769515991,2.252372980117798
development_DiagReachK2_s187_W2_SS,DiagReachK2,W2,SS,187,0,1,20,4,False,False,False,False,0.40054211020469666,1.9539366960525513
development_DiagReachK2_s187_W2_SS,DiagReachK2,W2,SS,187,1,0,20,7,False,False,False,False,0.4680463671684265,2.9330673217773438
development_DiagReachK2_s187_W2_SS,DiagReachK2,W2,SS,187,1,1,20,6,False,False,False,False,0.46631696820259094,1.7612600326538086
development_DiagReachK2_s187_W2_SS,DiagReachK2,W2,SS,187,2,0,20,2,False,False,False,False,0.3023454248905182,1.9034441709518433
development_DiagReachK2_s187_W2_SS,DiagReachK2,W2,SS,187,2,1,20,3,False,False,False,False,0.35696470737457275,1.9759602546691895
development_DiagReachK2_s187_W2_SS,DiagReachK2,W2,SS,187,3,0,20,2,False,False,False,False,0.3023454248905182,1.3518705368041992
development_DiagReachK2_s187_W2_SS,DiagReachK2,W2,SS,187,3,1,20,3,False,False,False,False,0.33803242444992065,1.9483553171157837
development_DiagReachK2_s187_W2_SS,DiagReachK2,W2,SS,187,4,0,20,9,False,False,False,False,0.5159058570861816,2.29085636138916
development_DiagReachK2_s187_W2_SS,DiagReachK2,W2,SS,187,4,1,20,2,False,False,False,False,0.29578450322151184,1.4762461185455322
development_DiagReachK2_s187_W2_SS,DiagReachK2,W2,SS,187,5,0,20,1,False,False,False,False,0.22941575944423676,1.3044548034667969
development_DiagReachK2_s187_W2_SS,DiagReachK2,W2,SS,187,5,1,20,0,True,False,True,False,0.0,1.0739319324493408
development_DiagReachK2_s187_W2_SS,DiagReachK2,W2,SS,187,6,0,20,1,False,False,False,False,0.1873171478509903,1.852347731590271
development_DiagReachK2_s187_W2_SS,DiagReachK2,W2,SS,187,6,1,20,6,False,False,False,False,0.46209004521369934,2.0624265670776367
development_DiagReachK2_s187_W2_SS,DiagReachK2,W2,SS,187,7,0,20,8,False,False,False,False,0.49442875385284424,1.6657449007034302
development_DiagReachK2_s187_W2_SS,DiagReachK2,W2,SS,187,7,1,20,3,False,False,False,False,0.3617822825908661,1.5750995874404907
development_DiagReachK2_s187_W2_SS,DiagReachK2,W2,SS,187,8,0,20,5,False,False,False,False,0.43214553594589233,2.0264179706573486
development_DiagReachK2_s187_W2_SS,DiagReachK2,W2,SS,187,8,1,20,4,False,False,False,False,0.4054112434387207,1.5034782886505127
development_DiagReachK2_s187_W2_SS,DiagReachK2,W2,SS,187,9,0,20,8,False,False,False,False,0.49976906180381775,2.5052154064178467
development_DiagReachK2_s187_W2_SS,DiagReachK2,W2,SS,187,9,1,20,5,False,False,False,False,0.44348153471946716,1.533373236656189
development_DiagReachK2_s187_W2_SS,DiagReachK2,W2,SS,187,10,0,20,3,False,False,False,False,0.3507675230503082,1.9094983339309692
development_DiagReachK2_s187_W2_SS,DiagReachK2,W2,SS,187,10,1,20,7,False,False,False,False,0.49255773425102234,1.488324761390686
development_DiagReachK2_s187_W2_SS,DiagReachK2,W2,SS,187,11,0,20,6,False,False,False,False,0.4625893831253052,1.9191129207611084
development_DiagReachK2_s187_W2_SS,DiagReachK2,W2,SS,187,11,1,20,1,False,False,False,False,0.21964886784553528,1.368416666984558
development_DiagReachK2_s187_W2_SS,DiagReachK2,W2,SS,187,12,0,20,8,False,False,False,False,0.4895019829273224,2.3710250854492188
development_DiagReachK2_s187_W2_SS,DiagReachK2,W2,SS,187,12,1,20,3,False,False,False,False,0.35501939058303833,1.3885680437088013
development_DiagReachK2_s187_W2_SS,DiagReachK2,W2,SS,187,13,0,20,5,False,False,False,False,0.4366624057292938,1.446553349494934
development_DiagReachK2_s187_W2_SS,DiagReachK2,W2,SS,187,13,1,20,2,False,False,False,False,0.30310797691345215,1.5452134609222412
development_DiagReachK2_s187_W2_SS,DiagReachK2,W2,SS,187,14,0,20,4,False,False,False,False,0.4133059084415436,1.605261206626892
development_DiagReachK2_s187_W2_SS,DiagReachK2,W2,SS,187,14,1,20,2,False,False,False,False,0.28907471895217896,1.4197940826416016
development_DiagReachK2_s187_W2_SS,DiagReachK2,W2,SS,187,15,0,20,6,False,False,False,False,0.4775669276714325,2.1541824340820312
development_DiagReachK2_s187_W2_SS,DiagReachK2,W2,SS,187,15,1,20,2,False,False,False,False,0.3095136880874634,1.4431564807891846
development_DiagReachK2_s187_W2_SS,DiagReachK2,W2,SS,187,16,0,20,4,False,False,False,False,0.4011180102825165,1.7220059633255005
development_DiagReachK2_s187_W2_SS,DiagReachK2,W2,SS,187,16,1,20,6,False,False,False,False,0.4635862708091736,1.6510902643203735
development_DiagReachK2_s187_W2_SS,DiagReachK2,W2,SS,187,17,0,20,2,False,False,False,False,0.31578949093818665,1.1067421436309814
development_DiagReachK2_s187_W2_SS,DiagReachK2,W2,SS,187,17,1,20,7,False,False,False,False,0.4854769706726074,1.4873696565628052
development_DiagReachK2_s187_W2_SS,DiagReachK2,W2,SS,187,18,0,20,6,False,False,False,False,0.46358630061149597,1.8613743782043457
development_DiagReachK2_s187_W2_SS,DiagReachK2,W2,SS,187,18,1,20,5,False,False,False,False,0.4429607391357422,1.6359357833862305
development_DiagReachK2_s187_W2_SS,DiagReachK2,W2,SS,187,19,0,20,6,False,False,False,False,0.4585798680782318,2.40765380859375
development_DiagReachK2_s187_W2_SS,DiagReachK2,W2,SS,187,19,1,20,6,False,False,False,False,0.4802180826663971,1.1654611825942993
development_DiagReachK2_s187_W2_SS,DiagReachK2,W2,SS,187,20,0,20,4,False,False,False,False,0.4096594452857971,1.5659189224243164
development_DiagReachK2_s187_W2_SS,DiagReachK2,W2,SS,187,20,1,20,5,False,False,False,False,0.43214553594589233,1.5653085708618164
development_DiagReachK2_s187_W2_SS,DiagReachK2,W2,SS,187,21,0,20,4,False,False,False,False,0.38616418838500977,1.9161267280578613
development_DiagReachK2_s187_W2_SS,DiagReachK2,W2,SS,187,21,1,20,6,False,False,False,False,0.47221994400024414,1.5882993936538696
development_DiagReachK2_s187_W2_SS,DiagReachK2,W2,SS,187,22,0,20,5,False,False,False,False,0.4496844410896301,1.941318154335022
development_DiagReachK2_s187_W2_SS,DiagReachK2,W2,SS,187,22,1,20,6,False,False,False,False,0.4775669276714325,1.6300150156021118
development_DiagReachK2_s187_W2_SS,DiagReachK2,W2,SS,187,23,0,20,4,False,False,False,False,0.4085308909416199,1.8949187994003296
development_DiagReachK2_s187_W2_SS,DiagReachK2,W2,SS,187,23,1,20,5,False,False,False,False,0.4334788918495178,1.4866567850112915
development_DiagReachK2_s187_W2_SS,DiagReachK2,W2,SS,187,24,0,20,6,False,False,False,False,0.460338294506073,1.9394277334213257
development_DiagReachK2_s187_W2_SS,DiagReachK2,W2,SS,187,24,1,20,7,False,False,False,False,0.4890301525592804,1.7282074689865112
development_DiagReachK3_s180_KL_RS,DiagReachK3,KL,RS,180,0,0,20,0,True,False,True,False,0.0,1.386932611465454
development_DiagReachK3_s180_KL_RS,DiagReachK3,KL,RS,180,0,1,20,3,False,False,False,False,0.3712299168109894,1.702218770980835
development_DiagReachK3_s180_KL_RS,DiagReachK3,KL,RS,180,0,2,20,1,False,False,False,False,0.22941572964191437,2.8259057998657227
development_DiagReachK3_s180_KL_RS,DiagReachK3,KL,RS,180,1,0,20,1,False,False,False,False,0.22941577434539795,1.4024873971939087
development_DiagReachK3_s180_KL_RS,DiagReachK3,KL,RS,180,1,1,20,1,False,False,False,False,0.21964886784553528,1.3320000171661377
development_DiagReachK3_s180_KL_RS,DiagReachK3,KL,RS,180,1,2,20,0,True,False,True,False,0.0,1.8831347227096558
development_DiagReachK3_s180_KL_RS,DiagReachK3,KL,RS,180,2,0,20,3,False,False,False,False,0.36114364862442017,1.9099611043930054
development_DiagReachK3_s180_KL_RS,DiagReachK3,KL,RS,180,2,1,20,2,False,False,False,False,0.3023454546928406,1.4670149087905884
development_DiagReachK3_s180_KL_RS,DiagReachK3,KL,RS,180,2,2,20,2,False,False,False,False,0.31578949093818665,2.5345675945281982
development_DiagReachK3_s180_KL_RS,DiagReachK3,KL,RS,180,3,0,20,3,False,False,False,False,0.34445881843566895,2.0936880111694336
development_DiagReachK3_s180_KL_RS,DiagReachK3,KL,RS,180,3,1,20,2,False,False,False,False,0.31578949093818665,1.5865097045898438
development_DiagReachK3_s180_KL_RS,DiagReachK3,KL,RS,180,3,2,20,2,False,False,False,False,0.3023454248905182,3.1877458095550537
development_DiagReachK3_s180_KL_RS,DiagReachK3,KL,RS,180,4,0,20,5,False,False,False,False,0.4468521177768707,2.065626382827759
development_DiagReachK3_s180_KL_RS,DiagReachK3,KL,RS,180,4,1,20,3,False,False,False,False,0.36653652787208557,1.7823280096054077
development_DiagReachK3_s180_KL_RS,DiagReachK3,KL,RS,180,4,2,20,1,False,False,False,False,0.22941577434539795,3.020254373550415
development_DiagReachK3_s180_KL_RS,DiagReachK3,KL,RS,180,5,0,20,5,False,False,False,False,0.4530088007450104,1.7705104351043701
development_DiagReachK3_s180_KL_RS,DiagReachK3,KL,RS,180,5,1,20,2,False,False,False,False,0.30310794711112976,1.7358442544937134
development_DiagReachK3_s180_KL_RS,DiagReachK3,KL,RS,180,5,2,20,1,False,False,False,False,0.20942695438861847,3.209529161453247
development_DiagReachK3_s180_KL_RS,DiagReachK3,KL,RS,180,6,0,20,4,False,False,False,False,0.39561304450035095,2.087585687637329
development_DiagReachK3_s180_KL_RS,DiagReachK3,KL,RS,180,6,1,20,3,False,False,False,False,0.3611436188220978,2.171111822128296
development_DiagReachK3_s180_KL_RS,DiagReachK3,KL,RS,180,6,2,20,3,False,False,False,False,0.371229887008667,3.512683391571045
development_DiagReachK3_s180_KL_RS,DiagReachK3,KL,RS,180,7,0,20,9,False,False,False,False,0.5118629336357117,2.415560007095337
development_DiagReachK3_s180_KL_RS,DiagReachK3,KL,RS,180,7,1,20,3,False,False,False,False,0.3611436188220978,1.4067000150680542
development_DiagReachK3_s180_KL_RS,DiagReachK3,KL,RS,180,7,2,20,5,False,False,False,False,0.4530088007450104,3.0196423530578613
development_DiagReachK3_s180_KL_RS,DiagReachK3,KL,RS,180,8,0,20,5,False,False,False,False,0.4429607391357422,1.4429422616958618
development_DiagReachK3_s180_KL_RS,DiagReachK3,KL,RS,180,8,1,20,2,False,False,False,False,0.29578450322151184,1.5446642637252808
development_DiagReachK3_s180_KL_RS,DiagReachK3,KL,RS,180,8,2,20,2,False,False,False,False,0.31578949093818665,1.9619196653366089
development_DiagReachK3_s180_KL_RS,DiagReachK3,KL,RS,180,9,0,20,2,False,False,False,False,0.31578949093818665,1.1789745092391968
development_DiagReachK3_s180_KL_RS,DiagReachK3,KL,RS,180,9,1,20,5,False,False,False,False,0.4458177387714386,1.6731349229812622
development_DiagReachK3_s180_KL_RS,DiagReachK3,KL,RS,180,9,2,20,2,False,False,False,False,0.31578949093818665,2.027190685272217
development_DiagReachK3_s180_KL_RS,DiagReachK3,KL,RS,180,10,0,20,2,False,False,False,False,0.3095136880874634,1.2338906526565552
development_DiagReachK3_s180_KL_RS,DiagReachK3,KL,RS,180,10,1,20,2,False,False,False,False,0.3031079173088074,1.4593998193740845
development_DiagReachK3_s180_KL_RS,DiagReachK3,KL,RS,180,10,2,20,2,False,False,False,False,0.31578952074050903,2.3840763568878174
development_DiagReachK3_s180_KL_RS,DiagReachK3,KL,RS,180,11,0,20,2,False,False,False,False,0.3095136880874634,1.4507774114608765
development_DiagReachK3_s180_KL_RS,DiagReachK3,KL,RS,180,11,1,20,6,False,False,False,False,0.474414587020874,1.6436612606048584
development_DiagReachK3_s180_KL_RS,DiagReachK3,KL,RS,180,11,2,20,3,False,False,False,False,0.371229887008667,2.4526121616363525
development_DiagReachK3_s180_KL_RS,DiagReachK3,KL,RS,180,12,0,20,6,False,False,False,False,0.4615902304649353,2.1279184818267822
development_DiagReachK3_s180_KL_RS,DiagReachK3,KL,RS,180,12,1,20,3,False,False,False,False,0.36653652787208557,1.5426054000854492
development_DiagReachK3_s180_KL_RS,DiagReachK3,KL,RS,180,12,2,20,1,False,False,False,False,0.22941577434539795,2.541105270385742
development_DiagReachK3_s180_KL_RS,DiagReachK3,KL,RS,180,13,0,20,5,False,False,False,False,0.435073584318161,1.84114408493042
development_DiagReachK3_s180_KL_RS,DiagReachK3,KL,RS,180,13,1,20,9,False,False,False,False,0.512313723564148,1.7363895177841187
development_DiagReachK3_s180_KL_RS,DiagReachK3,KL,RS,180,13,2,20,5,False,False,False,False,0.4429607391357422,2.9124484062194824
development_DiagReachK3_s180_KL_RS,DiagReachK3,KL,RS,180,14,0,20,5,False,False,False,False,0.4385088086128235,1.9972652196884155
development_DiagReachK3_s180_KL_RS,DiagReachK3,KL,RS,180,14,1,20,1,False,False,False,False,0.22941575944423676,1.2121247053146362
development_DiagReachK3_s180_KL_RS,DiagReachK3,KL,RS,180,14,2,20,2,False,False,False,False,0.3095136880874634,2.492450475692749
development_DiagReachK3_s180_KL_RS,DiagReachK3,KL,RS,180,15,0,20,3,False,False,False,False,0.371229887008667,1.5138033628463745
development_DiagReachK3_s180_KL_RS,DiagReachK3,KL,RS,180,15,1,20,3,False,False,False,False,0.34445881843566895,1.6778229475021362
development_DiagReachK3_s180_KL_RS,DiagReachK3,KL,RS,180,15,2,20,2,False,False,False,False,0.3095136880874634,2.4783565998077393
development_DiagReachK3_s180_KL_RS,DiagReachK3,KL,RS,180,16,0,20,5,False,False,False,False,0.4501974582672119,1.7962852716445923
development_DiagReachK3_s180_KL_RS,DiagReachK3,KL,RS,180,16,1,20,5,False,False,False,False,0.445817768573761,1.3961583375930786
development_DiagReachK3_s180_KL_RS,DiagReachK3,KL,RS,180,16,2,20,2,False,False,False,False,0.31578946113586426,2.235516309738159
development_DiagReachK3_s180_KL_RS,DiagReachK3,KL,RS,180,17,0,20,4,False,False,False,False,0.4102225601673126,1.5849051475524902
development_DiagReachK3_s180_KL_RS,DiagReachK3,KL,RS,180,17,1,20,7,False,False,False,False,0.4854769706726074,1.5970877408981323
development_DiagReachK3_s180_KL_RS,DiagReachK3,KL,RS,180,17,2,20,5,False,False,False,False,0.4429607391357422,2.6363027095794678
development_DiagReachK3_s180_KL_RS,DiagReachK3,KL,RS,180,18,0,20,5,False,False,False,False,0.44968441128730774,1.0391743183135986
development_DiagReachK3_s180_KL_RS,DiagReachK3,KL,RS,180,18,1,20,3,False,False,False,False,0.35501939058303833,1.061266541481018
development_DiagReachK3_s180_KL_RS,DiagReachK3,KL,RS,180,18,2,20,4,False,False,False,False,0.41747382283210754,1.6899981498718262
development_DiagReachK3_s180_KL_RS,DiagReachK3,KL,RS,180,19,0,20,4,False,False,False,False,0.42105260491371155,0.9962361454963684
development_DiagReachK3_s180_KL_RS,DiagReachK3,KL,RS,180,19,1,20,4,False,False,False,False,0.39938780665397644,1.6900391578674316
development_DiagReachK3_s180_KL_RS,DiagReachK3,KL,RS,180,19,2,20,2,False,False,False,False,0.3023454248905182,2.025581121444702
development_DiagReachK3_s180_KL_RS,DiagReachK3,KL,RS,180,20,0,20,3,False,False,False,False,0.371229887008667,0.9463427662849426
development_DiagReachK3_s180_KL_RS,DiagReachK3,KL,RS,180,20,1,20,5,False,False,False,False,0.4385087490081787,1.3468831777572632
development_DiagReachK3_s180_KL_RS,DiagReachK3,KL,RS,180,20,2,20,1,False,False,False,False,0.21964886784553528,1.740041732788086
development_DiagReachK3_s180_KL_RS,DiagReachK3,KL,RS,180,21,0,20,4,False,False,False,False,0.4096594452857971,1.5131791830062866
development_DiagReachK3_s180_KL_RS,DiagReachK3,KL,RS,180,21,1,20,5,False,False,False,False,0.4385087490081787,1.5945913791656494
development_DiagReachK3_s180_KL_RS,DiagReachK3,KL,RS,180,21,2,20,3,False,False,False,False,0.3712298572063446,2.637617826461792
development_DiagReachK3_s180_KL_RS,DiagReachK3,KL,RS,180,22,0,20,2,False,False,False,False,0.3095136880874634,1.2066479921340942
development_DiagReachK3_s180_KL_RS,DiagReachK3,KL,RS,180,22,1,20,4,False,False,False,False,0.40484142303466797,1.435929298400879
development_DiagReachK3_s180_KL_RS,DiagReachK3,KL,RS,180,22,2,20,3,False,False,False,False,0.371229887008667,2.170215606689453
development_DiagReachK3_s180_KL_RS,DiagReachK3,KL,RS,180,23,0,20,9,False,False,False,False,0.5165765285491943,1.386673092842102
development_DiagReachK3_s180_KL_RS,DiagReachK3,KL,RS,180,23,1,20,5,False,False,False,False,0.41830241680145264,1.6943663358688354
development_DiagReachK3_s180_KL_RS,DiagReachK3,KL,RS,180,23,2,20,7,False,False,False,False,0.4890301823616028,2.8337178230285645
development_DiagReachK3_s180_KL_RS,DiagReachK3,KL,RS,180,24,0,20,6,False,False,False,False,0.47804999351501465,1.249569058418274
development_DiagReachK3_s180_KL_RS,DiagReachK3,KL,RS,180,24,1,20,5,False,False,False,False,0.4468521177768707,1.1223355531692505
development_DiagReachK3_s180_KL_RS,DiagReachK3,KL,RS,180,24,2,20,4,False,False,False,False,0.4138640761375427,1.8702014684677124
development_DiagReachK3_s180_KL_SS,DiagReachK3,KL,SS,180,0,0,20,0,True,False,True,False,0.0,1.386932611465454
development_DiagReachK3_s180_KL_SS,DiagReachK3,KL,SS,180,0,1,20,3,False,False,False,False,0.3712299168109894,1.702218770980835
development_DiagReachK3_s180_KL_SS,DiagReachK3,KL,SS,180,0,2,20,1,False,False,False,False,0.22941572964191437,2.8259057998657227
development_DiagReachK3_s180_KL_SS,DiagReachK3,KL,SS,180,1,0,20,1,False,False,False,False,0.22941577434539795,1.4024873971939087
development_DiagReachK3_s180_KL_SS,DiagReachK3,KL,SS,180,1,1,20,1,False,False,False,False,0.21964886784553528,1.3320000171661377
development_DiagReachK3_s180_KL_SS,DiagReachK3,KL,SS,180,1,2,20,0,True,False,True,False,0.0,1.8831347227096558
development_DiagReachK3_s180_KL_SS,DiagReachK3,KL,SS,180,2,0,20,3,False,False,False,False,0.36114364862442017,1.9099611043930054
development_DiagReachK3_s180_KL_SS,DiagReachK3,KL,SS,180,2,1,20,2,False,False,False,False,0.3023454546928406,1.4670149087905884
development_DiagReachK3_s180_KL_SS,DiagReachK3,KL,SS,180,2,2,20,2,False,False,False,False,0.31578949093818665,2.5345675945281982
development_DiagReachK3_s180_KL_SS,DiagReachK3,KL,SS,180,3,0,20,3,False,False,False,False,0.3387146294116974,2.055650234222412
development_DiagReachK3_s180_KL_SS,DiagReachK3,KL,SS,180,3,1,20,2,False,False,False,False,0.31578949093818665,1.5343412160873413
development_DiagReachK3_s180_KL_SS,DiagReachK3,KL,SS,180,3,2,20,2,False,False,False,False,0.2882750332355499,3.1382477283477783
development_DiagReachK3_s180_KL_SS,DiagReachK3,KL,SS,180,4,0,20,4,False,False,False,False,0.41386404633522034,1.9863691329956055
development_DiagReachK3_s180_KL_SS,DiagReachK3,KL,SS,180,4,1,20,2,False,False,False,False,0.3095136880874634,1.5657750368118286
development_DiagReachK3_s180_KL_SS,DiagReachK3,KL,SS,180,4,2,20,1,False,False,False,False,0.22941577434539795,2.786187171936035
development_DiagReachK3_s180_KL_SS,DiagReachK3,KL,SS,180,5,0,20,5,False,False,False,False,0.4468521177768707,2.048015832901001
development_DiagReachK3_s180_KL_SS,DiagReachK3,KL,SS,180,5,1,20,4,False,False,False,False,0.4096594452857971,1.8605003356933594
development_DiagReachK3_s180_KL_SS,DiagReachK3,KL,SS,180,5,2,20,2,False,False,False,False,0.3095136880874634,2.792586088180542
development_DiagReachK3_s180_KL_SS,DiagReachK3,KL,SS,180,6,0,20,6,False,False,False,False,0.45377251505851746,1.8398019075393677
development_DiagReachK3_s180_KL_SS,DiagReachK3,KL,SS,180,6,1,20,5,False,False,False,False,0.4468521177768707,1.6078342199325562
development_DiagReachK3_s180_KL_SS,DiagReachK3,KL,SS,180,6,2,20,4,False,False,False,False,0.41330593824386597,2.2124624252319336
development_DiagReachK3_s180_KL_SS,DiagReachK3,KL,SS,180,7,0,20,3,False,False,False,False,0.3598629832267761,1.304372787475586
development_DiagReachK3_s180_KL_SS,DiagReachK3,KL,SS,180,7,1,20,5,False,False,False,False,0.44968441128730774,1.801060438156128
development_DiagReachK3_s180_KL_SS,DiagReachK3,KL,SS,180,7,2,20,1,False,False,False,False,0.21964886784553528,2.3210291862487793
development_DiagReachK3_s180_KL_SS,DiagReachK3,KL,SS,180,8,0,20,5,False,False,False,False,0.4259582757949829,2.0943760871887207
development_DiagReachK3_s180_KL_SS,DiagReachK3,KL,SS,180,8,1,20,1,False,False,False,False,0.22941577434539795,1.1903778314590454
development_DiagReachK3_s180_KL_SS,DiagReachK3,KL,SS,180,8,2,20,2,False,False,False,False,0.3095136880874634,2.5603835582733154
development_DiagReachK3_s180_KL_SS,DiagReachK3,KL,SS,180,9,0,20,7,False,False,False,False,0.4847632348537445,2.287902355194092
development_DiagReachK3_s180_KL_SS,DiagReachK3,KL,SS,180,9,1,20,3,False,False,False,False,0.33803242444992065,2.009453773498535
development_DiagReachK3_s180_KL_SS,DiagReachK3,KL,SS,180,9,2,20,3,False,False,False,False,0.36114364862442017,3.145508289337158
development_DiagReachK3_s180_KL_SS,DiagReachK3,KL,SS,180,10,0,20,6,False,False,False,False,0.4615902304649353,1.6994545459747314
development_DiagReachK3_s180_KL_SS,DiagReachK3,KL,SS,180,10,1,20,3,False,False,False,False,0.36653652787208557,1.6615568399429321
development_DiagReachK3_s180_KL_SS,DiagReachK3,KL,SS,180,10,2,20,3,False,False,False,False,0.3758646547794342,2.519437551498413
development_DiagReachK3_s180_KL_SS,DiagReachK3,KL,SS,180,11,0,20,2,False,False,False,False,0.3095136880874634,1.4094858169555664
development_DiagReachK3_s180_KL_SS,DiagReachK3,KL,SS,180,11,1,20,2,False,False,False,False,0.3095136880874634,1.6310858726501465
development_DiagReachK3_s180_KL_SS,DiagReachK3,KL,SS,180,11,2,20,2,False,False,False,False,0.31578946113586426,2.4570581912994385
development_DiagReachK3_s180_KL_SS,DiagReachK3,KL,SS,180,12,0,20,6,False,False,False,False,0.46582165360450745,2.0610389709472656
development_DiagReachK3_s180_KL_SS,DiagReachK3,KL,SS,180,12,1,20,1,False,False,False,False,0.21964885294437408,1.4703422784805298
development_DiagReachK3_s180_KL_SS,DiagReachK3,KL,SS,180,12,2,20,1,False,False,False,False,0.22941577434539795,2.5171003341674805
development_DiagReachK3_s180_KL_SS,DiagReachK3,KL,SS,180,13,0,20,5,False,False,False,False,0.4385087490081787,1.8465478420257568
development_DiagReachK3_s180_KL_SS,DiagReachK3,KL,SS,180,13,1,20,9,False,False,False,False,0.5183609127998352,1.9728014469146729
development_DiagReachK3_s180_KL_SS,DiagReachK3,KL,SS,180,13,2,20,3,False,False,False,False,0.3494488000869751,3.125427007675171
development_DiagReachK3_s180_KL_SS,DiagReachK3,KL,SS,180,14,0,20,2,False,False,False,False,0.3023454248905182,1.6135296821594238
development_DiagReachK3_s180_KL_SS,DiagReachK3,KL,SS,180,14,1,20,4,False,False,False,False,0.41747382283210754,1.4485915899276733
development_DiagReachK3_s180_KL_SS,DiagReachK3,KL,SS,180,14,2,20,0,True,False,True,False,0.0,2.373715400695801
development_DiagReachK3_s180_KL_SS,DiagReachK3,KL,SS,180,15,0,20,5,False,False,False,False,0.4385087192058563,1.4784748554229736
development_DiagReachK3_s180_KL_SS,DiagReachK3,KL,SS,180,15,1,20,3,False,False,False,False,0.3712298572063446,1.2797545194625854
development_DiagReachK3_s180_KL_SS,DiagReachK3,KL,SS,180,15,2,20,2,False,False,False,False,0.3095136880874634,2.180821418762207
development_DiagReachK3_s180_KL_SS,DiagReachK3,KL,SS,180,16,0,20,7,False,False,False,False,0.49255773425102234,1.5055750608444214
development_DiagReachK3_s180_KL_SS,DiagReachK3,KL,SS,180,16,1,20,5,False,False,False,False,0.435073584318161,1.6835155487060547
development_DiagReachK3_s180_KL_SS,DiagReachK3,KL,SS,180,16,2,20,5,False,False,False,False,0.44968441128730774,2.4530749320983887
development_DiagReachK3_s180_KL_SS,DiagReachK3,KL,SS,180,17,0,20,7,False,False,False,False,0.4972221851348877,1.244295597076416
development_DiagReachK3_s180_KL_SS,DiagReachK3,KL,SS,180,17,1,20,2,False,False,False,False,0.28220540285110474,1.7099143266677856
development_DiagReachK3_s180_KL_SS,DiagReachK3,KL,SS,180,17,2,20,3,False,False,False,False,0.36653652787208557,2.2637078762054443
development_DiagReachK3_s180_KL_SS,DiagReachK3,KL,SS,180,18,0,20,6,False,False,False,False,0.4753868281841278,1.503464698791504
development_DiagReachK3_s180_KL_SS,DiagReachK3,KL,SS,180,18,1,20,5,False,False,False,False,0.4259582459926605,1.8901946544647217
development_DiagReachK3_s180_KL_SS,DiagReachK3,KL,SS,180,18,2,20,6,False,False,False,False,0.47221991419792175,2.7973556518554688
development_DiagReachK3_s180_KL_SS,DiagReachK3,KL,SS,180,19,0,20,7,False,False,False,False,0.49675771594047546,1.2823678255081177
development_DiagReachK3_s180_KL_SS,DiagReachK3,KL,SS,180,19,1,20,1,False,False,False,False,0.21964886784553528,1.084179401397705
development_DiagReachK3_s180_KL_SS,DiagReachK3,KL,SS,180,19,2,20,3,False,False,False,False,0.3758646547794342,1.804500699043274
development_DiagReachK3_s180_KL_SS,DiagReachK3,KL,SS,180,20,0,20,1,False,False,False,False,0.22941577434539795,1.0841386318206787
development_DiagReachK3_s180_KL_SS,DiagReachK3,KL,SS,180,20,1,20,4,False,False,False,False,0.40169310569763184,1.819313645362854
development_DiagReachK3_s180_KL_SS,DiagReachK3,KL,SS,180,20,2,20,2,False,False,False,False,0.3023454248905182,2.2670583724975586
development_DiagReachK3_s180_KL_SS,DiagReachK3,KL,SS,180,21,0,20,1,False,False,False,False,0.22941575944423676,1.0372077226638794
development_DiagReachK3_s180_KL_SS,DiagReachK3,KL,SS,180,21,1,20,4,False,False,False,False,0.41747382283210754,1.317323088645935
development_DiagReachK3_s180_KL_SS,DiagReachK3,KL,SS,180,21,2,20,0,True,False,True,False,0.0,1.7555981874465942
development_DiagReachK3_s180_KL_SS,DiagReachK3,KL,SS,180,22,0,20,3,False,False,False,False,0.35501939058303833,1.4775409698486328
development_DiagReachK3_s180_KL_SS,DiagReachK3,KL,SS,180,22,1,20,4,False,False,False,False,0.41747382283210754,1.7499725818634033
development_DiagReachK3_s180_KL_SS,DiagReachK3,KL,SS,180,22,2,20,4,False,False,False,False,0.41747382283210754,2.751094341278076
development_DiagReachK3_s180_KL_SS,DiagReachK3,KL,SS,180,23,0,20,5,False,False,False,False,0.435073584318161,1.446869134902954
development_DiagReachK3_s180_KL_SS,DiagReachK3,KL,SS,180,23,1,20,3,False,False,False,False,0.3563174605369568,1.7316020727157593
development_DiagReachK3_s180_KL_SS,DiagReachK3,KL,SS,180,23,2,20,3,False,False,False,False,0.3659061789512634,2.235037088394165
development_DiagReachK3_s180_KL_SS,DiagReachK3,KL,SS,180,24,0,20,5,False,False,False,False,0.4530088007450104,1.0098813772201538
development_DiagReachK3_s180_KL_SS,DiagReachK3,KL,SS,180,24,1,20,5,False,False,False,False,0.4458177387714386,1.3263635635375977
development_DiagReachK3_s180_KL_SS,DiagReachK3,KL,SS,180,24,2,20,3,False,False,False,False,0.371229887008667,1.933506965637207
development_DiagReachK3_s180_W2_RS,DiagReachK3,W2,RS,180,0,0,20,0,True,False,True,False,0.0,1.386932611465454
development_DiagReachK3_s180_W2_RS,DiagReachK3,W2,RS,180,0,1,20,3,False,False,False,False,0.3712299168109894,1.702218770980835
development_DiagReachK3_s180_W2_RS,DiagReachK3,W2,RS,180,0,2,20,1,False,False,False,False,0.22941572964191437,2.8259057998657227
development_DiagReachK3_s180_W2_RS,DiagReachK3,W2,RS,180,1,0,20,1,False,False,False,False,0.22941577434539795,1.4024873971939087
development_DiagReachK3_s180_W2_RS,DiagReachK3,W2,RS,180,1,1,20,1,False,False,False,False,0.21964886784553528,1.3320000171661377
development_DiagReachK3_s180_W2_RS,DiagReachK3,W2,RS,180,1,2,20,0,True,False,True,False,0.0,1.8831347227096558
development_DiagReachK3_s180_W2_RS,DiagReachK3,W2,RS,180,2,0,20,3,False,False,False,False,0.36114364862442017,1.9099611043930054
development_DiagReachK3_s180_W2_RS,DiagReachK3,W2,RS,180,2,1,20,2,False,False,False,False,0.3023454546928406,1.4670149087905884
development_DiagReachK3_s180_W2_RS,DiagReachK3,W2,RS,180,2,2,20,2,False,False,False,False,0.31578949093818665,2.5345675945281982
development_DiagReachK3_s180_W2_RS,DiagReachK3,W2,RS,180,3,0,20,3,False,False,False,False,0.34445881843566895,2.0936880111694336
development_DiagReachK3_s180_W2_RS,DiagReachK3,W2,RS,180,3,1,20,2,False,False,False,False,0.31578949093818665,1.5865097045898438
development_DiagReachK3_s180_W2_RS,DiagReachK3,W2,RS,180,3,2,20,2,False,False,False,False,0.3023454248905182,3.1877458095550537
development_DiagReachK3_s180_W2_RS,DiagReachK3,W2,RS,180,4,0,20,5,False,False,False,False,0.4501974582672119,2.0350043773651123
development_DiagReachK3_s180_W2_RS,DiagReachK3,W2,RS,180,4,1,20,2,False,False,False,False,0.30310797691345215,1.7696340084075928
development_DiagReachK3_s180_W2_RS,DiagReachK3,W2,RS,180,4,2,20,1,False,False,False,False,0.22941577434539795,3.0153777599334717
development_DiagReachK3_s180_W2_RS,DiagReachK3,W2,RS,180,5,0,20,5,False,False,False,False,0.4530088007450104,1.748521327972412
development_DiagReachK3_s180_W2_RS,DiagReachK3,W2,RS,180,5,1,20,1,False,False,False,False,0.20942695438861847,1.722702980041504
development_DiagReachK3_s180_W2_RS,DiagReachK3,W2,RS,180,5,2,20,1,False,False,False,False,0.21964885294437408,3.2056009769439697
development_DiagReachK3_s180_W2_RS,DiagReachK3,W2,RS,180,6,0,20,4,False,False,False,False,0.39561304450035095,2.0650248527526855
development_DiagReachK3_s180_W2_RS,DiagReachK3,W2,RS,180,6,1,20,3,False,False,False,False,0.3611436188220978,2.1497340202331543
development_DiagReachK3_s180_W2_RS,DiagReachK3,W2,RS,180,6,2,20,3,False,False,False,False,0.371229887008667,3.509425163269043
development_DiagReachK3_s180_W2_RS,DiagReachK3,W2,RS,180,7,0,20,9,False,False,False,False,0.5118629336357117,2.3840112686157227
development_DiagReachK3_s180_W2_RS,DiagReachK3,W2,RS,180,7,1,20,3,False,False,False,False,0.3611436188220978,1.4015812873840332
development_DiagReachK3_s180_W2_RS,DiagReachK3,W2,RS,180,7,2,20,4,False,False,False,False,0.42105263471603394,3.0183470249176025
development_DiagReachK3_s180_W2_RS,DiagReachK3,W2,RS,180,8,0,20,3,False,False,False,False,0.371229887008667,1.3516217470169067
development_DiagReachK3_s180_W2_RS,DiagReachK3,W2,RS,180,8,1,20,2,False,False,False,False,0.29578450322151184,1.5394281148910522
development_DiagReachK3_s180_W2_RS,DiagReachK3,W2,RS,180,8,2,20,0,True,False,True,False,0.0,1.966673731803894
development_DiagReachK3_s180_W2_RS,DiagReachK3,W2,RS,180,9,0,20,7,False,False,False,False,0.49838152527809143,1.2238709926605225
development_DiagReachK3_s180_W2_RS,DiagReachK3,W2,RS,180,9,1,20,3,False,False,False,False,0.36653652787208557,1.5595428943634033
development_DiagReachK3_s180_W2_RS,DiagReachK3,W2,RS,180,9,2,20,3,False,False,False,False,0.3758646249771118,2.2696826457977295
development_DiagReachK3_s180_W2_RS,DiagReachK3,W2,RS,180,10,0,20,5,False,False,False,False,0.43956032395362854,1.4306087493896484
development_DiagReachK3_s180_W2_RS,DiagReachK3,W2,RS,180,10,1,20,5,False,False,False,False,0.44968441128730774,1.2893528938293457
development_DiagReachK3_s180_W2_RS,DiagReachK3,W2,RS,180,10,2,20,4,False,False,False,False,0.41747382283210754,1.915416955947876
development_DiagReachK3_s180_W2_RS,DiagReachK3,W2,RS,180,11,0,20,3,False,False,False,False,0.3712298572063446,1.6674635410308838
development_DiagReachK3_s180_W2_RS,DiagReachK3,W2,RS,180,11,1,20,1,False,False,False,False,0.22941574454307556,1.5033726692199707
development_DiagReachK3_s180_W2_RS,DiagReachK3,W2,RS,180,11,2,20,0,True,False,True,False,0.0,2.819721221923828
development_DiagReachK3_s180_W2_RS,DiagReachK3,W2,RS,180,12,0,20,7,False,False,False,False,0.49675771594047546,1.5925543308258057
development_DiagReachK3_s180_W2_RS,DiagReachK3,W2,RS,180,12,1,20,10,False,False,False,False,0.5199172496795654,1.4093513488769531
development_DiagReachK3_s180_W2_RS,DiagReachK3,W2,RS,180,12,2,20,8,False,False,False,False,0.5129891037940979,2.370067596435547
development_DiagReachK3_s180_W2_RS,DiagReachK3,W2,RS,180,13,0,20,3,False,False,False,False,0.371229887008667,1.2338846921920776
development_DiagReachK3_s180_W2_RS,DiagReachK3,W2,RS,180,13,1,20,4,False,False,False,False,0.41330593824386597,1.5991339683532715
development_DiagReachK3_s180_W2_RS,DiagReachK3,W2,RS,180,13,2,20,2,False,False,False,False,0.31578949093818665,2.2178757190704346
development_DiagReachK3_s180_W2_RS,DiagReachK3,W2,RS,180,14,0,20,7,False,False,False,False,0.48141834139823914,1.5632742643356323
development_DiagReachK3_s180_W2_RS,DiagReachK3,W2,RS,180,14,1,20,5,False,False,False,False,0.424057275056839,1.668174147605896
development_DiagReachK3_s180_W2_RS,DiagReachK3,W2,RS,180,14,2,20,4,False,False,False,False,0.4096594750881195,2.1595394611358643
development_DiagReachK3_s180_W2_RS,DiagReachK3,W2,RS,180,15,0,20,5,False,False,False,False,0.4356038272380829,1.2090330123901367
development_DiagReachK3_s180_W2_RS,DiagReachK3,W2,RS,180,15,1,20,4,False,False,False,False,0.4011180102825165,1.4529920816421509
development_DiagReachK3_s180_W2_RS,DiagReachK3,W2,RS,180,15,2,20,5,False,False,False,False,0.4468521177768707,2.241924285888672
development_DiagReachK3_s180_W2_RS,DiagReachK3,W2,RS,180,16,0,20,4,False,False,False,False,0.4133059084415436,1.2077096700668335
development_DiagReachK3_s180_W2_RS,DiagReachK3,W2,RS,180,16,1,20,6,False,False,False,False,0.4707511365413666,1.6520198583602905
development_DiagReachK3_s180_W2_RS,DiagReachK3,W2,RS,180,16,2,20,4,False,False,False,False,0.42105260491371155,2.10727596282959
development_DiagReachK3_s180_W2_RS,DiagReachK3,W2,RS,180,17,0,20,3,False,False,False,False,0.3611436188220978,1.2946171760559082
development_DiagReachK3_s180_W2_RS,DiagReachK3,W2,RS,180,17,1,20,2,False,False,False,False,0.31578949093818665,1.3379837274551392
development_DiagReachK3_s180_W2_RS,DiagReachK3,W2,RS,180,17,2,20,0,True,False,True,False,0.0,1.2825533151626587
development_DiagReachK3_s180_W2_RS,DiagReachK3,W2,RS,180,18,0,20,5,False,False,False,False,0.4501974582672119,1.1857680082321167
development_DiagReachK3_s180_W2_RS,DiagReachK3,W2,RS,180,18,1,20,3,False,False,False,False,0.3659061789512634,1.3105051517486572
development_DiagReachK3_s180_W2_RS,DiagReachK3,W2,RS,180,18,2,20,2,False,False,False,False,0.31578949093818665,1.6873509883880615
development_DiagReachK3_s180_W2_RS,DiagReachK3,W2,RS,180,19,0,20,6,False,False,False,False,0.468539297580719,1.4439972639083862
development_DiagReachK3_s180_W2_RS,DiagReachK3,W2,RS,180,19,1,20,6,False,False,False,False,0.472708523273468,1.3772927522659302
development_DiagReachK3_s180_W2_RS,DiagReachK3,W2,RS,180,19,2,20,4,False,False,False,False,0.42105260491371155,1.8107939958572388
development_DiagReachK3_s180_W2_RS,DiagReachK3,W2,RS,180,20,0,20,6,False,False,False,False,0.4775669276714325,1.0566496849060059
development_DiagReachK3_s180_W2_RS,DiagReachK3,W2,RS,180,20,1,20,7,False,False,False,False,0.5004614591598511,1.4758297204971313
development_DiagReachK3_s180_W2_RS,DiagReachK3,W2,RS,180,20,2,20,4,False,False,False,False,0.42105260491371155,1.6838269233703613
development_DiagReachK3_s180_W2_RS,DiagReachK3,W2,RS,180,21,0,20,7,False,False,False,False,0.49582746624946594,1.1305387020111084
development_DiagReachK3_s180_W2_RS,DiagReachK3,W2,RS,180,21,1,20,6,False,False,False,False,0.45933428406715393,1.4180277585983276
development_DiagReachK3_s180_W2_RS,DiagReachK3,W2,RS,180,21,2,20,4,False,False,False,False,0.41330593824386597,2.0517220497131348
development_DiagReachK3_s180_W2_RS,DiagReachK3,W2,RS,180,22,0,20,6,False,False,False,False,0.4775668680667877,1.3000928163528442
development_DiagReachK3_s180_W2_RS,DiagReachK3,W2,RS,180,22,1,20,6,False,False,False,False,0.472708523273468,1.5353882312774658
development_DiagReachK3_s180_W2_RS,DiagReachK3,W2,RS,180,22,2,20,2,False,False,False,False,0.3023454248905182,2.2391107082366943
development_DiagReachK3_s180_W2_RS,DiagReachK3,W2,RS,180,23,0,20,4,False,False,False,False,0.39502912759780884,1.4413282871246338
development_DiagReachK3_s180_W2_RS,DiagReachK3,W2,RS,180,23,1,20,3,False,False,False,False,0.3501087725162506,1.7617897987365723
development_DiagReachK3_s180_W2_RS,DiagReachK3,W2,RS,180,23,2,20,3,False,False,False,False,0.3659061789512634,2.311413526535034
development_DiagReachK3_s180_W2_RS,DiagReachK3,W2,RS,180,24,0,20,4,False,False,False,False,0.41747382283210754,1.0643430948257446
development_DiagReachK3_s180_W2_RS,DiagReachK3,W2,RS,180,24,1,20,6,False,False,False,False,0.466564416885376,1.3517040014266968
development_DiagReachK3_s180_W2_RS,DiagReachK3,W2,RS,180,24,2,20,5,False,False,False,False,0.45300883054733276,1.9236860275268555
development_DiagReachK3_s180_W2_SS,DiagReachK3,W2,SS,180,0,0,20,0,True,False,True,False,0.0,1.386932611465454
development_DiagReachK3_s180_W2_SS,DiagReachK3,W2,SS,180,0,1,20,3,False,False,False,False,0.3712299168109894,1.702218770980835
development_DiagReachK3_s180_W2_SS,DiagReachK3,W2,SS,180,0,2,20,1,False,False,False,False,0.22941572964191437,2.8259057998657227
development_DiagReachK3_s180_W2_SS,DiagReachK3,W2,SS,180,1,0,20,1,False,False,False,False,0.22941577434539795,1.4024873971939087
development_DiagReachK3_s180_W2_SS,DiagReachK3,W2,SS,180,1,1,20,1,False,False,False,False,0.21964886784553528,1.3320000171661377
development_DiagReachK3_s180_W2_SS,DiagReachK3,W2,SS,180,1,2,20,0,True,False,True,False,0.0,1.8831347227096558
development_DiagReachK3_s180_W2_SS,DiagReachK3,W2,SS,180,2,0,20,3,False,False,False,False,0.36114364862442017,1.9099611043930054
development_DiagReachK3_s180_W2_SS,DiagReachK3,W2,SS,180,2,1,20,2,False,False,False,False,0.3023454546928406,1.4670149087905884
development_DiagReachK3_s180_W2_SS,DiagReachK3,W2,SS,180,2,2,20,2,False,False,False,False,0.31578949093818665,2.5345675945281982
development_DiagReachK3_s180_W2_SS,DiagReachK3,W2,SS,180,3,0,20,3,False,False,False,False,0.3387146294116974,2.006739377975464
development_DiagReachK3_s180_W2_SS,DiagReachK3,W2,SS,180,3,1,20,2,False,False,False,False,0.31578949093818665,1.5457886457443237
development_DiagReachK3_s180_W2_SS,DiagReachK3,W2,SS,180,3,2,20,2,False,False,False,False,0.3023454248905182,3.1329429149627686
development_DiagReachK3_s180_W2_SS,DiagReachK3,W2,SS,180,4,0,20,4,False,False,False,False,0.41386404633522034,1.9424480199813843
development_DiagReachK3_s180_W2_SS,DiagReachK3,W2,SS,180,4,1,20,2,False,False,False,False,0.3095136880874634,1.554030179977417
development_DiagReachK3_s180_W2_SS,DiagReachK3,W2,SS,180,4,2,20,1,False,False,False,False,0.22941577434539795,2.7788279056549072
development_DiagReachK3_s180_W2_SS,DiagReachK3,W2,SS,180,5,0,20,5,False,False,False,False,0.4429607391357422,1.9963679313659668
development_DiagReachK3_s180_W2_SS,DiagReachK3,W2,SS,180,5,1,20,4,False,False,False,False,0.40484142303466797,1.6556576490402222
development_DiagReachK3_s180_W2_SS,DiagReachK3,W2,SS,180,5,2,20,3,False,False,False,False,0.371229887008667,2.7454888820648193
development_DiagReachK3_s180_W2_SS,DiagReachK3,W2,SS,180,6,0,20,2,False,False,False,False,0.3095136880874634,1.6996413469314575
development_DiagReachK3_s180_W2_SS,DiagReachK3,W2,SS,180,6,1,20,3,False,False,False,False,0.35696470737457275,1.3625911474227905
development_DiagReachK3_s180_W2_SS,DiagReachK3,W2,SS,180,6,2,20,2,False,False,False,False,0.3095136880874634,2.7669310569763184
development_DiagReachK3_s180_W2_SS,DiagReachK3,W2,SS,180,7,0,20,2,False,False,False,False,0.31578952074050903,1.3061355352401733
development_DiagReachK3_s180_W2_SS,DiagReachK3,W2,SS,180,7,1,20,5,False,False,False,False,0.4458177387714386,1.6950079202651978
development_DiagReachK3_s180_W2_SS,DiagReachK3,W2,SS,180,7,2,20,1,False,False,False,False,0.21964886784553528,2.2904932498931885
development_DiagReachK3_s180_W2_SS,DiagReachK3,W2,SS,180,8,0,20,4,False,False,False,False,0.40054211020469666,2.100116014480591
development_DiagReachK3_s180_W2_SS,DiagReachK3,W2,SS,180,8,1,20,2,False,False,False,False,0.31578949093818665,1.1322499513626099
development_DiagReachK3_s180_W2_SS,DiagReachK3,W2,SS,180,8,2,20,2,False,False,False,False,0.31578949093818665,2.588982105255127
development_DiagReachK3_s180_W2_SS,DiagReachK3,W2,SS,180,9,0,20,5,False,False,False,False,0.4356038272380829,2.201127052307129
development_DiagReachK3_s180_W2_SS,DiagReachK3,W2,SS,180,9,1,20,3,False,False,False,False,0.3321771025657654,1.867073893547058
development_DiagReachK3_s180_W2_SS,DiagReachK3,W2,SS,180,9,2,20,3,False,False,False,False,0.36653652787208557,3.1082019805908203
development_DiagReachK3_s180_W2_SS,DiagReachK3,W2,SS,180,10,0,20,5,False,False,False,False,0.4458177387714386,1.927181601524353
development_DiagReachK3_s180_W2_SS,DiagReachK3,W2,SS,180,10,1,20,3,False,False,False,False,0.36653652787208557,1.6704856157302856
development_DiagReachK3_s180_W2_SS,DiagReachK3,W2,SS,180,10,2,20,1,False,False,False,False,0.22941575944423676,2.726702928543091
development_DiagReachK3_s180_W2_SS,DiagReachK3,W2,SS,180,11,0,20,4,False,False,False,False,0.42105260491371155,1.453214168548584
development_DiagReachK3_s180_W2_SS,DiagReachK3,W2,SS,180,11,1,20,6,False,False,False,False,0.468539297580719,1.7719507217407227
development_DiagReachK3_s180_W2_SS,DiagReachK3,W2,SS,180,11,2,20,2,False,False,False,False,0.309513658285141,2.375678777694702
development_DiagReachK3_s180_W2_SS,DiagReachK3,W2,SS,180,12,0,20,0,True,False,True,False,0.0,1.2254865169525146
development_DiagReachK3_s180_W2_SS,DiagReachK3,W2,SS,180,12,1,20,1,False,False,False,False,0.22941577434539795,1.111545443534851
development_DiagReachK3_s180_W2_SS,DiagReachK3,W2,SS,180,12,2,20,0,True,False,True,False,0.0,1.7358102798461914
development_DiagReachK3_s180_W2_SS,DiagReachK3,W2,SS,180,13,0,20,3,False,False,False,False,0.3758646547794342,1.2543540000915527
development_DiagReachK3_s180_W2_SS,DiagReachK3,W2,SS,180,13,1,20,3,False,False,False,False,0.371229887008667,1.5400581359863281
development_DiagReachK3_s180_W2_SS,DiagReachK3,W2,SS,180,13,2,20,2,False,False,False,False,0.31578949093818665,2.207454204559326
development_DiagReachK3_s180_W2_SS,DiagReachK3,W2,SS,180,14,0,20,4,False,False,False,False,0.3967783451080322,2.0013463497161865
development_DiagReachK3_s180_W2_SS,DiagReachK3,W2,SS,180,14,1,20,2,False,False,False,False,0.29578447341918945,1.2720953226089478
development_DiagReachK3_s180_W2_SS,DiagReachK3,W2,SS,180,14,2,20,3,False,False,False,False,0.3712298572063446,2.6143836975097656
development_DiagReachK3_s180_W2_SS,DiagReachK3,W2,SS,180,15,0,20,8,False,False,False,False,0.5129891037940979,1.3250319957733154
development_DiagReachK3_s180_W2_SS,DiagReachK3,W2,SS,180,15,1,20,5,False,False,False,False,0.44685208797454834,1.3762290477752686
development_DiagReachK3_s180_W2_SS,DiagReachK3,W2,SS,180,15,2,20,3,False,False,False,False,0.3712298572063446,1.8509681224822998
development_DiagReachK3_s180_W2_SS,DiagReachK3,W2,SS,180,16,0,20,3,False,False,False,False,0.3712298572063446,1.1005009412765503
development_DiagReachK3_s180_W2_SS,DiagReachK3,W2,SS,180,16,1,20,3,False,False,False,False,0.3611436188220978,1.5339123010635376
development_DiagReachK3_s180_W2_SS,DiagReachK3,W2,SS,180,16,2,20,3,False,False,False,False,0.37586459517478943,2.1439874172210693
development_DiagReachK3_s180_W2_SS,DiagReachK3,W2,SS,180,17,0,20,3,False,False,False,False,0.3617822825908661,1.5994510650634766
development_DiagReachK3_s180_W2_SS,DiagReachK3,W2,SS,180,17,1,20,6,False,False,False,False,0.46209007501602173,1.4502626657485962
development_DiagReachK3_s180_W2_SS,DiagReachK3,W2,SS,180,17,2,20,3,False,False,False,False,0.371229887008667,2.3219974040985107
development_DiagReachK3_s180_W2_SS,DiagReachK3,W2,SS,180,18,0,20,2,False,False,False,False,0.31578949093818665,1.0432425737380981
development_DiagReachK3_s180_W2_SS,DiagReachK3,W2,SS,180,18,1,20,6,False,False,False,False,0.453263521194458,1.826701045036316
development_DiagReachK3_s180_W2_SS,DiagReachK3,W2,SS,180,18,2,20,3,False,False,False,False,0.3712298572063446,1.9445534944534302
development_DiagReachK3_s180_W2_SS,DiagReachK3,W2,SS,180,19,0,20,4,False,False,False,False,0.4011180102825165,1.0470988750457764
development_DiagReachK3_s180_W2_SS,DiagReachK3,W2,SS,180,19,1,20,3,False,False,False,False,0.3611436188220978,1.1353740692138672
development_DiagReachK3_s180_W2_SS,DiagReachK3,W2,SS,180,19,2,20,3,False,False,False,False,0.3758646547794342,1.425032377243042
development_DiagReachK3_s180_W2_SS,DiagReachK3,W2,SS,180,20,0,20,4,False,False,False,False,0.42105263471603394,1.3188672065734863
development_DiagReachK3_s180_W2_SS,DiagReachK3,W2,SS,180,20,1,20,4,False,False,False,False,0.40054211020469666,1.2939144372940063
development_DiagReachK3_s180_W2_SS,DiagReachK3,W2,SS,180,20,2,20,3,False,False,False,False,0.3712298572063446,2.0509192943573
development_DiagReachK3_s180_W2_SS,DiagReachK3,W2,SS,180,21,0,20,4,False,False,False,False,0.40484142303466797,1.1964137554168701
development_DiagReachK3_s180_W2_SS,DiagReachK3,W2,SS,180,21,1,20,2,False,False,False,False,0.30310794711112976,1.337716817855835
development_DiagReachK3_s180_W2_SS,DiagReachK3,W2,SS,180,21,2,20,4,False,False,False,False,0.41330593824386597,1.9326152801513672
development_DiagReachK3_s180_W2_SS,DiagReachK3,W2,SS,180,22,0,20,4,False,False,False,False,0.41330593824386597,1.4830849170684814
development_DiagReachK3_s180_W2_SS,DiagReachK3,W2,SS,180,22,1,20,0,True,False,True,False,0.0,1.2430380582809448
development_DiagReachK3_s180_W2_SS,DiagReachK3,W2,SS,180,22,2,20,1,False,False,False,False,0.22941577434539795,1.993054986000061
development_DiagReachK3_s180_W2_SS,DiagReachK3,W2,SS,180,23,0,20,8,False,False,False,False,0.5084694027900696,1.441999912261963
development_DiagReachK3_s180_W2_SS,DiagReachK3,W2,SS,180,23,1,20,6,False,False,False,False,0.47538676857948303,1.4426854848861694
development_DiagReachK3_s180_W2_SS,DiagReachK3,W2,SS,180,23,2,20,3,False,False,False,False,0.371229887008667,2.3127496242523193
development_DiagReachK3_s180_W2_SS,DiagReachK3,W2,SS,180,24,0,20,3,False,False,False,False,0.3712299168109894,0.9517115354537964
development_DiagReachK3_s180_W2_SS,DiagReachK3,W2,SS,180,24,1,20,1,False,False,False,False,0.22941577434539795,1.0078802108764648
development_DiagReachK3_s180_W2_SS,DiagReachK3,W2,SS,180,24,2,20,0,True,False,True,False,0.0,1.4496335983276367
development_DiagReachK3_s186_KL_RS,DiagReachK3,KL,RS,186,0,0,20,8,False,False,False,False,0.5073330998420715,2.306664228439331
development_DiagReachK3_s186_KL_RS,DiagReachK3,KL,RS,186,0,1,20,0,True,False,True,False,0.0,1.062630295753479
development_DiagReachK3_s186_KL_RS,DiagReachK3,KL,RS,186,0,2,20,0,True,False,True,False,0.0,2.556851625442505
development_DiagReachK3_s186_KL_RS,DiagReachK3,KL,RS,186,1,0,20,4,False,False,False,False,0.40853092074394226,2.104308843612671
development_DiagReachK3_s186_KL_RS,DiagReachK3,KL,RS,186,1,1,20,1,False,False,False,False,0.22941577434539795,1.6942932605743408
development_DiagReachK3_s186_KL_RS,DiagReachK3,KL,RS,186,1,2,20,1,False,False,False,False,0.22941577434539795,2.9889557361602783
development_DiagReachK3_s186_KL_RS,DiagReachK3,KL,RS,186,2,0,20,6,False,False,False,False,0.4753867983818054,2.0847976207733154
development_DiagReachK3_s186_KL_RS,DiagReachK3,KL,RS,186,2,1,20,0,True,False,True,False,0.0,1.3877679109573364
development_DiagReachK3_s186_KL_RS,DiagReachK3,KL,RS,186,2,2,20,2,False,False,False,False,0.31578946113586426,3.0785651206970215
development_DiagReachK3_s186_KL_RS,DiagReachK3,KL,RS,186,3,0,20,2,False,False,False,False,0.31578949093818665,1.5319658517837524
development_DiagReachK3_s186_KL_RS,DiagReachK3,KL,RS,186,3,1,20,3,False,False,False,False,0.3659062087535858,1.9250075817108154
development_DiagReachK3_s186_KL_RS,DiagReachK3,KL,RS,186,3,2,20,1,False,False,False,False,0.21964885294437408,2.804605722427368
development_DiagReachK3_s186_KL_RS,DiagReachK3,KL,RS,186,4,0,20,5,False,False,False,False,0.4429607391357422,2.2543747425079346
development_DiagReachK3_s186_KL_RS,DiagReachK3,KL,RS,186,4,1,20,2,False,False,False,False,0.3095136880874634,1.6851485967636108
development_DiagReachK3_s186_KL_RS,DiagReachK3,KL,RS,186,4,2,20,3,False,False,False,False,0.37586459517478943,3.0012102127075195
development_DiagReachK3_s186_KL_RS,DiagReachK3,KL,RS,186,5,0,20,1,False,False,False,False,0.22941572964191437,1.5800708532333374
development_DiagReachK3_s186_KL_RS,DiagReachK3,KL,RS,186,5,1,20,4,False,False,False,False,0.42105260491371155,1.2568581104278564
development_DiagReachK3_s186_KL_RS,DiagReachK3,KL,RS,186,5,2,20,0,True,False,True,False,0.0,1.6057158708572388
development_DiagReachK3_s186_KL_RS,DiagReachK3,KL,RS,186,6,0,20,2,False,False,False,False,0.3095136880874634,1.4378162622451782
development_DiagReachK3_s186_KL_RS,DiagReachK3,KL,RS,186,6,1,20,3,False,False,False,False,0.3712299168109894,1.299529790878296
development_DiagReachK3_s186_KL_RS,DiagReachK3,KL,RS,186,6,2,20,0,True,False,True,False,0.0,1.6247406005859375
development_DiagReachK3_s186_KL_RS,DiagReachK3,KL,RS,186,7,0,20,5,False,False,False,False,0.45300886034965515,0.9804900884628296
development_DiagReachK3_s186_KL_RS,DiagReachK3,KL,RS,186,7,1,20,10,False,False,False,False,0.5216901898384094,1.3755252361297607
development_DiagReachK3_s186_KL_RS,DiagReachK3,KL,RS,186,7,2,20,6,False,False,False,False,0.4802180528640747,1.7171552181243896
development_DiagReachK3_s186_KL_RS,DiagReachK3,KL,RS,186,8,0,20,9,False,False,False,False,0.5152342319488525,1.5060569047927856
development_DiagReachK3_s186_KL_RS,DiagReachK3,KL,RS,186,8,1,20,8,False,False,False,False,0.49791809916496277,1.6907758712768555
development_DiagReachK3_s186_KL_RS,DiagReachK3,KL,RS,186,8,2,20,8,False,False,False,False,0.5098295211791992,2.5540835857391357
development_DiagReachK3_s186_KL_RS,DiagReachK3,KL,RS,186,9,0,20,6,False,False,False,False,0.46582165360450745,1.8823624849319458
development_DiagReachK3_s186_KL_RS,DiagReachK3,KL,RS,186,9,1,20,7,False,False,False,False,0.4739278256893158,1.494917631149292
development_DiagReachK3_s186_KL_RS,DiagReachK3,KL,RS,186,9,2,20,7,False,False,False,False,0.48926612734794617,2.6952764987945557
development_DiagReachK3_s186_KL_RS,DiagReachK3,KL,RS,186,10,0,20,8,False,False,False,False,0.5027623772621155,1.5616872310638428
development_DiagReachK3_s186_KL_RS,DiagReachK3,KL,RS,186,10,1,20,3,False,False,False,False,0.3611436188220978,1.2722326517105103
development_DiagReachK3_s186_KL_RS,DiagReachK3,KL,RS,186,10,2,20,5,False,False,False,False,0.4501974284648895,2.2966501712799072
development_DiagReachK3_s186_KL_RS,DiagReachK3,KL,RS,186,11,0,20,7,False,False,False,False,0.4927919805049896,1.3349003791809082
development_DiagReachK3_s186_KL_RS,DiagReachK3,KL,RS,186,11,1,20,6,False,False,False,False,0.4775668978691101,1.1837025880813599
development_DiagReachK3_s186_KL_RS,DiagReachK3,KL,RS,186,11,2,20,5,False,False,False,False,0.4530088007450104,1.9105960130691528
development_DiagReachK3_s186_KL_RS,DiagReachK3,KL,RS,186,12,0,20,3,False,False,False,False,0.3659061789512634,1.6120957136154175
development_DiagReachK3_s186_KL_RS,DiagReachK3,KL,RS,186,12,1,20,7,False,False,False,False,0.48261559009552,1.4409054517745972
development_DiagReachK3_s186_KL_RS,DiagReachK3,KL,RS,186,12,2,20,6,False,False,False,False,0.47805002331733704,2.800076484680176
development_DiagReachK3_s186_KL_RS,DiagReachK3,KL,RS,186,13,0,20,8,False,False,False,False,0.5084693431854248,1.3075295686721802
development_DiagReachK3_s186_KL_RS,DiagReachK3,KL,RS,186,13,1,20,7,False,False,False,False,0.4828546941280365,1.6299712657928467
development_DiagReachK3_s186_KL_RS,DiagReachK3,KL,RS,186,13,2,20,7,False,False,False,False,0.49582746624946594,2.32273268699646
development_DiagReachK3_s186_KL_RS,DiagReachK3,KL,RS,186,14,0,20,4,False,False,False,False,0.4138640761375427,1.3871514797210693
development_DiagReachK3_s186_KL_RS,DiagReachK3,KL,RS,186,14,1,20,3,False,False,False,False,0.3563174605369568,1.5461735725402832
development_DiagReachK3_s186_KL_RS,DiagReachK3,KL,RS,186,14,2,20,3,False,False,False,False,0.371229887008667,2.075397253036499
development_DiagReachK3_s186_KL_RS,DiagReachK3,KL,RS,186,15,0,20,5,False,False,False,False,0.435073584318161,1.4582412242889404
development_DiagReachK3_s186_KL_RS,DiagReachK3,KL,RS,186,15,1,20,5,False,False,False,False,0.4501974284648895,1.2407459020614624
development_DiagReachK3_s186_KL_RS,DiagReachK3,KL,RS,186,15,2,20,4,False,False,False,False,0.41747382283210754,2.3274264335632324
development_DiagReachK3_s186_KL_RS,DiagReachK3,KL,RS,186,16,0,20,6,False,False,False,False,0.4823763966560364,1.3478107452392578
development_DiagReachK3_s186_KL_RS,DiagReachK3,KL,RS,186,16,1,20,5,False,False,False,False,0.4468521177768707,1.1595044136047363
development_DiagReachK3_s186_KL_RS,DiagReachK3,KL,RS,186,16,2,20,5,False,False,False,False,0.455802857875824,2.0361390113830566
development_DiagReachK3_s186_KL_RS,DiagReachK3,KL,RS,186,17,0,20,4,False,False,False,False,0.41747382283210754,1.1616162061691284
development_DiagReachK3_s186_KL_RS,DiagReachK3,KL,RS,186,17,1,20,4,False,False,False,False,0.42105263471603394,1.2683448791503906
development_DiagReachK3_s186_KL_RS,DiagReachK3,KL,RS,186,17,2,20,4,False,False,False,False,0.42105263471603394,1.6444634199142456
development_DiagReachK3_s186_KL_RS,DiagReachK3,KL,RS,186,18,0,20,4,False,False,False,False,0.40484142303466797,1.5742530822753906
development_DiagReachK3_s186_KL_RS,DiagReachK3,KL,RS,186,18,1,20,2,False,False,False,False,0.31578946113586426,0.9339819550514221
development_DiagReachK3_s186_KL_RS,DiagReachK3,KL,RS,186,18,2,20,3,False,False,False,False,0.3758646547794342,1.9726669788360596
development_DiagReachK3_s186_KL_RS,DiagReachK3,KL,RS,186,19,0,20,9,False,False,False,False,0.5145617127418518,1.7974838018417358
development_DiagReachK3_s186_KL_RS,DiagReachK3,KL,RS,186,19,1,20,7,False,False,False,False,0.5004614591598511,1.3008555173873901
development_DiagReachK3_s186_KL_RS,DiagReachK3,KL,RS,186,19,2,20,7,False,False,False,False,0.5004614591598511,2.198899984359741
development_DiagReachK3_s186_KL_RS,DiagReachK3,KL,RS,186,20,0,20,5,False,False,False,False,0.455802857875824,0.9141918420791626
development_DiagReachK3_s186_KL_RS,DiagReachK3,KL,RS,186,20,1,20,5,False,False,False,False,0.4440017640590668,1.098227858543396
development_DiagReachK3_s186_KL_RS,DiagReachK3,KL,RS,186,20,2,20,3,False,False,False,False,0.3712298572063446,1.6034045219421387
development_DiagReachK3_s186_KL_RS,DiagReachK3,KL,RS,186,21,0,20,4,False,False,False,False,0.41747385263442993,1.2862520217895508
development_DiagReachK3_s186_KL_RS,DiagReachK3,KL,RS,186,21,1,20,4,False,False,False,False,0.41386404633522034,1.264060378074646
development_DiagReachK3_s186_KL_RS,DiagReachK3,KL,RS,186,21,2,20,2,False,False,False,False,0.309513658285141,2.01495361328125
development_DiagReachK3_s186_KL_RS,DiagReachK3,KL,RS,186,22,0,20,8,False,False,False,False,0.4988444745540619,1.8906826972961426
development_DiagReachK3_s186_KL_RS,DiagReachK3,KL,RS,186,22,1,20,6,False,False,False,False,0.468539297580719,1.2360130548477173
development_DiagReachK3_s186_KL_RS,DiagReachK3,KL,RS,186,22,2,20,5,False,False,False,False,0.44348159432411194,2.5475759506225586
development_DiagReachK3_s186_KL_RS,DiagReachK3,KL,RS,186,23,0,20,5,False,False,False,False,0.4429607391357422,1.3600126504898071
development_DiagReachK3_s186_KL_RS,DiagReachK3,KL,RS,186,23,1,20,5,False,False,False,False,0.4350735545158386,1.070386528968811
development_DiagReachK3_s186_KL_RS,DiagReachK3,KL,RS,186,23,2,20,4,False,False,False,False,0.4133059084415436,1.6937628984451294
development_DiagReachK3_s186_KL_RS,DiagReachK3,KL,RS,186,24,0,20,9,False,False,False,False,0.5143373608589172,1.6976486444473267
development_DiagReachK3_s186_KL_RS,DiagReachK3,KL,RS,186,24,1,20,8,False,False,False,False,0.5082423090934753,1.1356266736984253
development_DiagReachK3_s186_KL_RS,DiagReachK3,KL,RS,186,24,2,20,7,False,False,False,False,0.49208882451057434,2.3309214115142822
development_DiagReachK3_s186_KL_SS,DiagReachK3,KL,SS,186,0,0,20,8,False,False,False,False,0.5073330998420715,2.306664228439331
development_DiagReachK3_s186_KL_SS,DiagReachK3,KL,SS,186,0,1,20,0,True,False,True,False,0.0,1.062630295753479
development_DiagReachK3_s186_KL_SS,DiagReachK3,KL,SS,186,0,2,20,0,True,False,True,False,0.0,2.556851625442505
development_DiagReachK3_s186_KL_SS,DiagReachK3,KL,SS,186,1,0,20,4,False,False,False,False,0.40853092074394226,2.104308843612671
development_DiagReachK3_s186_KL_SS,DiagReachK3,KL,SS,186,1,1,20,1,False,False,False,False,0.22941577434539795,1.6942932605743408
development_DiagReachK3_s186_KL_SS,DiagReachK3,KL,SS,186,1,2,20,1,False,False,False,False,0.22941577434539795,2.9889557361602783
development_DiagReachK3_s186_KL_SS,DiagReachK3,KL,SS,186,2,0,20,5,False,False,False,False,0.4468521177768707,1.9046590328216553
development_DiagReachK3_s186_KL_SS,DiagReachK3,KL,SS,186,2,1,20,0,True,False,True,False,0.0,1.42511785030365
development_DiagReachK3_s186_KL_SS,DiagReachK3,KL,SS,186,2,2,20,2,False,False,False,False,0.31578946113586426,3.0446901321411133
development_DiagReachK3_s186_KL_SS,DiagReachK3,KL,SS,186,3,0,20,6,False,False,False,False,0.4744146168231964,1.628661036491394
development_DiagReachK3_s186_KL_SS,DiagReachK3,KL,SS,186,3,1,20,5,False,False,False,False,0.4468521177768707,1.6660187244415283
development_DiagReachK3_s186_KL_SS,DiagReachK3,KL,SS,186,3,2,20,3,False,False,False,False,0.3758646547794342,2.5977725982666016
development_DiagReachK3_s186_KL_SS,DiagReachK3,KL,SS,186,4,0,20,7,False,False,False,False,0.4847632348537445,1.5111390352249146
development_DiagReachK3_s186_KL_SS,DiagReachK3,KL,SS,186,4,1,20,3,False,False,False,False,0.3611436188220978,1.7141393423080444
development_DiagReachK3_s186_KL_SS,DiagReachK3,KL,SS,186,4,2,20,4,False,False,False,False,0.4138640761375427,2.6509056091308594
development_DiagReachK3_s186_KL_SS,DiagReachK3,KL,SS,186,5,0,20,5,False,False,False,False,0.4458177089691162,1.4352731704711914
development_DiagReachK3_s186_KL_SS,DiagReachK3,KL,SS,186,5,1,20,1,False,False,False,False,0.22941575944423676,1.3212122917175293
development_DiagReachK3_s186_KL_SS,DiagReachK3,KL,SS,186,5,2,20,1,False,False,False,False,0.22941575944423676,2.2497646808624268
development_DiagReachK3_s186_KL_SS,DiagReachK3,KL,SS,186,6,0,20,5,False,False,False,False,0.44968441128730774,1.2787331342697144
development_DiagReachK3_s186_KL_SS,DiagReachK3,KL,SS,186,6,1,20,3,False,False,False,False,0.3598629832267761,1.710675597190857
development_DiagReachK3_s186_KL_SS,DiagReachK3,KL,SS,186,6,2,20,2,False,False,False,False,0.3095136880874634,2.4578733444213867
development_DiagReachK3_s186_KL_SS,DiagReachK3,KL,SS,186,7,0,20,9,False,False,False,False,0.5077878832817078,1.6061071157455444
development_DiagReachK3_s186_KL_SS,DiagReachK3,KL,SS,186,7,1,20,2,False,False,False,False,0.309513658285141,1.1664897203445435
development_DiagReachK3_s186_KL_SS,DiagReachK3,KL,SS,186,7,2,20,2,False,False,False,False,0.3023454248905182,1.9625087976455688
development_DiagReachK3_s186_KL_SS,DiagReachK3,KL,SS,186,8,0,20,10,False,False,False,False,0.5205827951431274,1.5404469966888428
development_DiagReachK3_s186_KL_SS,DiagReachK3,KL,SS,186,8,1,20,4,False,False,False,False,0.3900304138660431,1.8951760530471802
development_DiagReachK3_s186_KL_SS,DiagReachK3,KL,SS,186,8,2,20,5,False,False,False,False,0.4429607391357422,2.8788392543792725
development_DiagReachK3_s186_KL_SS,DiagReachK3,KL,SS,186,9,0,20,7,False,False,False,False,0.4854770004749298,1.8530981540679932
development_DiagReachK3_s186_KL_SS,DiagReachK3,KL,SS,186,9,1,20,6,False,False,False,False,0.46582168340682983,1.6626734733581543
development_DiagReachK3_s186_KL_SS,DiagReachK3,KL,SS,186,9,2,20,7,False,False,False,False,0.49582746624946594,2.842848777770996
development_DiagReachK3_s186_KL_SS,DiagReachK3,KL,SS,186,10,0,20,8,False,False,False,False,0.504366934299469,1.6198588609695435
development_DiagReachK3_s186_KL_SS,DiagReachK3,KL,SS,186,10,1,20,1,False,False,False,False,0.21964885294437408,1.4229464530944824
development_DiagReachK3_s186_KL_SS,DiagReachK3,KL,SS,186,10,2,20,2,False,False,False,False,0.30310797691345215,2.5601916313171387
development_DiagReachK3_s186_KL_SS,DiagReachK3,KL,SS,186,11,0,20,8,False,False,False,False,0.5055097341537476,1.383167028427124
development_DiagReachK3_s186_KL_SS,DiagReachK3,KL,SS,186,11,1,20,2,False,False,False,False,0.31578949093818665,1.3752920627593994
development_DiagReachK3_s186_KL_SS,DiagReachK3,KL,SS,186,11,2,20,3,False,False,False,False,0.37586459517478943,2.120319366455078
development_DiagReachK3_s186_KL_SS,DiagReachK3,KL,SS,186,12,0,20,2,False,False,False,False,0.3023454248905182,1.5258057117462158
development_DiagReachK3_s186_KL_SS,DiagReachK3,KL,SS,186,12,1,20,7,False,False,False,False,0.4857146739959717,1.6388217210769653
development_DiagReachK3_s186_KL_SS,DiagReachK3,KL,SS,186,12,2,20,4,False,False,False,False,0.4138640761375427,2.880192518234253
development_DiagReachK3_s186_KL_SS,DiagReachK3,KL,SS,186,13,0,20,6,False,False,False,False,0.4700150191783905,1.419311285018921
development_DiagReachK3_s186_KL_SS,DiagReachK3,KL,SS,186,13,1,20,3,False,False,False,False,0.36653652787208557,1.2776124477386475
development_DiagReachK3_s186_KL_SS,DiagReachK3,KL,SS,186,13,2,20,3,False,False,False,False,0.3659061789512634,2.1351356506347656
development_DiagReachK3_s186_KL_SS,DiagReachK3,KL,SS,186,14,0,20,6,False,False,False,False,0.47221994400024414,1.6174297332763672
development_DiagReachK3_s186_KL_SS,DiagReachK3,KL,SS,186,14,1,20,6,False,False,False,False,0.47221994400024414,1.7028487920761108
development_DiagReachK3_s186_KL_SS,DiagReachK3,KL,SS,186,14,2,20,5,False,False,False,False,0.44968441128730774,2.940692663192749
development_DiagReachK3_s186_KL_SS,DiagReachK3,KL,SS,186,15,0,20,12,False,False,False,False,0.5118628740310669,1.3159171342849731
development_DiagReachK3_s186_KL_SS,DiagReachK3,KL,SS,186,15,1,20,6,False,False,False,False,0.4673059582710266,1.767407774925232
development_DiagReachK3_s186_KL_SS,DiagReachK3,KL,SS,186,15,2,20,6,False,False,False,False,0.4695236086845398,2.2299675941467285
development_DiagReachK3_s186_KL_SS,DiagReachK3,KL,SS,186,16,0,20,6,False,False,False,False,0.4802180528640747,1.2252681255340576
development_DiagReachK3_s186_KL_SS,DiagReachK3,KL,SS,186,16,1,20,3,False,False,False,False,0.36653652787208557,1.259110927581787
development_DiagReachK3_s186_KL_SS,DiagReachK3,KL,SS,186,16,2,20,3,False,False,False,False,0.3712299168109894,1.8409959077835083
development_DiagReachK3_s186_KL_SS,DiagReachK3,KL,SS,186,17,0,20,7,False,False,False,False,0.4927919805049896,1.3800740242004395
development_DiagReachK3_s186_KL_SS,DiagReachK3,KL,SS,186,17,1,20,8,False,False,False,False,0.5043668746948242,1.7954646348953247
development_DiagReachK3_s186_KL_SS,DiagReachK3,KL,SS,186,17,2,20,6,False,False,False,False,0.4775669276714325,2.6425273418426514
development_DiagReachK3_s186_KL_SS,DiagReachK3,KL,SS,186,18,0,20,6,False,False,False,False,0.47538676857948303,1.364154577255249
development_DiagReachK3_s186_KL_SS,DiagReachK3,KL,SS,186,18,1,20,2,False,False,False,False,0.2882750332355499,1.2936396598815918
development_DiagReachK3_s186_KL_SS,DiagReachK3,KL,SS,186,18,2,20,4,False,False,False,False,0.41747382283210754,2.0494017601013184
development_DiagReachK3_s186_KL_SS,DiagReachK3,KL,SS,186,19,0,20,6,False,False,False,False,0.46433261036872864,1.33403480052948
development_DiagReachK3_s186_KL_SS,DiagReachK3,KL,SS,186,19,1,20,5,False,False,False,False,0.44736844301223755,1.628055453300476
development_DiagReachK3_s186_KL_SS,DiagReachK3,KL,SS,186,19,2,20,6,False,False,False,False,0.4775669574737549,1.9501070976257324
development_DiagReachK3_s186_KL_SS,DiagReachK3,KL,SS,186,20,0,20,5,False,False,False,False,0.4429607391357422,1.299598217010498
development_DiagReachK3_s186_KL_SS,DiagReachK3,KL,SS,186,20,1,20,2,False,False,False,False,0.31578946113586426,0.9374035596847534
development_DiagReachK3_s186_KL_SS,DiagReachK3,KL,SS,186,20,2,20,2,False,False,False,False,0.31578943133354187,1.6566157341003418
development_DiagReachK3_s186_KL_SS,DiagReachK3,KL,SS,186,21,0,20,10,False,False,False,False,0.5109602212905884,1.230884313583374
development_DiagReachK3_s186_KL_SS,DiagReachK3,KL,SS,186,21,1,20,8,False,False,False,False,0.5109601616859436,1.5048412084579468
development_DiagReachK3_s186_KL_SS,DiagReachK3,KL,SS,186,21,2,20,7,False,False,False,False,0.49114975333213806,2.1258628368377686
development_DiagReachK3_s186_KL_SS,DiagReachK3,KL,SS,186,22,0,20,5,False,False,False,False,0.4366624057292938,1.422791600227356
development_DiagReachK3_s186_KL_SS,DiagReachK3,KL,SS,186,22,1,20,7,False,False,False,False,0.4890301525592804,1.4616501331329346
development_DiagReachK3_s186_KL_SS,DiagReachK3,KL,SS,186,22,2,20,4,False,False,False,False,0.39938780665397644,2.141376256942749
development_DiagReachK3_s186_KL_SS,DiagReachK3,KL,SS,186,23,0,20,4,False,False,False,False,0.41747382283210754,0.8549656271934509
development_DiagReachK3_s186_KL_SS,DiagReachK3,KL,SS,186,23,1,20,5,False,False,False,False,0.44968441128730774,1.169538974761963
development_DiagReachK3_s186_KL_SS,DiagReachK3,KL,SS,186,23,2,20,2,False,False,False,False,0.31578949093818665,1.444733738899231
development_DiagReachK3_s186_KL_SS,DiagReachK3,KL,SS,186,24,0,20,6,False,False,False,False,0.4583280682563782,1.720736026763916
development_DiagReachK3_s186_KL_SS,DiagReachK3,KL,SS,186,24,1,20,7,False,False,False,False,0.49114975333213806,1.5080740451812744
development_DiagReachK3_s186_KL_SS,DiagReachK3,KL,SS,186,24,2,20,4,False,False,False,False,0.40312719345092773,2.5301449298858643
development_DiagReachK3_s186_W2_RS,DiagReachK3,W2,RS,186,0,0,20,8,False,False,False,False,0.5073330998420715,2.306664228439331
development_DiagReachK3_s186_W2_RS,DiagReachK3,W2,RS,186,0,1,20,0,True,False,True,False,0.0,1.062630295753479
development_DiagReachK3_s186_W2_RS,DiagReachK3,W2,RS,186,0,2,20,0,True,False,True,False,0.0,2.556851625442505
development_DiagReachK3_s186_W2_RS,DiagReachK3,W2,RS,186,1,0,20,4,False,False,False,False,0.40853092074394226,2.104308843612671
development_DiagReachK3_s186_W2_RS,DiagReachK3,W2,RS,186,1,1,20,1,False,False,False,False,0.22941577434539795,1.6942932605743408
development_DiagReachK3_s186_W2_RS,DiagReachK3,W2,RS,186,1,2,20,1,False,False,False,False,0.22941577434539795,2.9889557361602783
development_DiagReachK3_s186_W2_RS,DiagReachK3,W2,RS,186,2,0,20,6,False,False,False,False,0.4753867983818054,2.0847976207733154
development_DiagReachK3_s186_W2_RS,DiagReachK3,W2,RS,186,2,1,20,0,True,False,True,False,0.0,1.3877679109573364
development_DiagReachK3_s186_W2_RS,DiagReachK3,W2,RS,186,2,2,20,2,False,False,False,False,0.31578946113586426,3.0785651206970215
development_DiagReachK3_s186_W2_RS,DiagReachK3,W2,RS,186,3,0,20,2,False,False,False,False,0.31578949093818665,1.5319658517837524
development_DiagReachK3_s186_W2_RS,DiagReachK3,W2,RS,186,3,1,20,3,False,False,False,False,0.3659062087535858,1.9250075817108154
development_DiagReachK3_s186_W2_RS,DiagReachK3,W2,RS,186,3,2,20,1,False,False,False,False,0.21964885294437408,2.804605722427368
development_DiagReachK3_s186_W2_RS,DiagReachK3,W2,RS,186,4,0,20,5,False,False,False,False,0.4429607391357422,2.2543747425079346
development_DiagReachK3_s186_W2_RS,DiagReachK3,W2,RS,186,4,1,20,2,False,False,False,False,0.3095136880874634,1.6851485967636108
development_DiagReachK3_s186_W2_RS,DiagReachK3,W2,RS,186,4,2,20,3,False,False,False,False,0.37586459517478943,3.0012102127075195
development_DiagReachK3_s186_W2_RS,DiagReachK3,W2,RS,186,5,0,20,1,False,False,False,False,0.22941572964191437,1.5800708532333374
development_DiagReachK3_s186_W2_RS,DiagReachK3,W2,RS,186,5,1,20,4,False,False,False,False,0.42105260491371155,1.2568581104278564
development_DiagReachK3_s186_W2_RS,DiagReachK3,W2,RS,186,5,2,20,0,True,False,True,False,0.0,1.6057158708572388
development_DiagReachK3_s186_W2_RS,DiagReachK3,W2,RS,186,6,0,20,2,False,False,False,False,0.3095136880874634,1.4055849313735962
development_DiagReachK3_s186_W2_RS,DiagReachK3,W2,RS,186,6,1,20,3,False,False,False,False,0.3712299168109894,1.2567280530929565
development_DiagReachK3_s186_W2_RS,DiagReachK3,W2,RS,186,6,2,20,0,True,False,True,False,0.0,1.5952244997024536
development_DiagReachK3_s186_W2_RS,DiagReachK3,W2,RS,186,7,0,20,5,False,False,False,False,0.45300886034965515,0.9691619873046875
development_DiagReachK3_s186_W2_RS,DiagReachK3,W2,RS,186,7,1,20,9,False,False,False,False,0.5165765285491943,1.3461062908172607
development_DiagReachK3_s186_W2_RS,DiagReachK3,W2,RS,186,7,2,20,5,False,False,False,False,0.45300883054733276,1.7029491662979126
development_DiagReachK3_s186_W2_RS,DiagReachK3,W2,RS,186,8,0,20,10,False,False,False,False,0.5225744247436523,1.321441411972046
development_DiagReachK3_s186_W2_RS,DiagReachK3,W2,RS,186,8,1,20,8,False,False,False,False,0.5036798715591431,1.3652831315994263
development_DiagReachK3_s186_W2_RS,DiagReachK3,W2,RS,186,8,2,20,8,False,False,False,False,0.5098295211791992,2.183143138885498
development_DiagReachK3_s186_W2_RS,DiagReachK3,W2,RS,186,9,0,20,5,False,False,False,False,0.4458177387714386,1.2343416213989258
development_DiagReachK3_s186_W2_RS,DiagReachK3,W2,RS,186,9,1,20,6,False,False,False,False,0.46582165360450745,1.3477516174316406
development_DiagReachK3_s186_W2_RS,DiagReachK3,W2,RS,186,9,2,20,5,False,False,False,False,0.44968441128730774,2.084099292755127
development_DiagReachK3_s186_W2_RS,DiagReachK3,W2,RS,186,10,0,20,4,False,False,False,False,0.41747382283210754,1.0576015710830688
development_DiagReachK3_s186_W2_RS,DiagReachK3,W2,RS,186,10,1,20,3,False,False,False,False,0.3712298572063446,1.1604217290878296
development_DiagReachK3_s186_W2_RS,DiagReachK3,W2,RS,186,10,2,20,2,False,False,False,False,0.31578946113586426,1.7664215564727783
development_DiagReachK3_s186_W2_RS,DiagReachK3,W2,RS,186,11,0,20,9,False,False,False,False,0.5179153680801392,1.1669597625732422
development_DiagReachK3_s186_W2_RS,DiagReachK3,W2,RS,186,11,1,20,5,False,False,False,False,0.45300883054733276,1.0400928258895874
development_DiagReachK3_s186_W2_RS,DiagReachK3,W2,RS,186,11,2,20,8,False,False,False,False,0.5098294615745544,1.9465073347091675
development_DiagReachK3_s186_W2_RS,DiagReachK3,W2,RS,186,12,0,20,8,False,False,False,False,0.5107342600822449,1.1265788078308105
development_DiagReachK3_s186_W2_RS,DiagReachK3,W2,RS,186,12,1,20,5,False,False,False,False,0.4501974582672119,1.194392442703247
development_DiagReachK3_s186_W2_RS,DiagReachK3,W2,RS,186,12,2,20,5,False,False,False,False,0.44968441128730774,1.6867610216140747
development_DiagReachK3_s186_W2_RS,DiagReachK3,W2,RS,186,13,0,20,7,False,False,False,False,0.49838146567344666,1.1367583274841309
development_DiagReachK3_s186_W2_RS,DiagReachK3,W2,RS,186,13,1,20,8,False,False,False,False,0.5043668746948242,1.41718590259552
development_DiagReachK3_s186_W2_RS,DiagReachK3,W2,RS,186,13,2,20,7,False,False,False,False,0.49582746624946594,2.0311522483825684
development_DiagReachK3_s186_W2_RS,DiagReachK3,W2,RS,186,14,0,20,4,False,False,False,False,0.41747385263442993,1.2019391059875488
development_DiagReachK3_s186_W2_RS,DiagReachK3,W2,RS,186,14,1,20,3,False,False,False,False,0.3617822825908661,1.371880054473877
development_DiagReachK3_s186_W2_RS,DiagReachK3,W2,RS,186,14,2,20,3,False,False,False,False,0.371229887008667,1.8445206880569458
development_DiagReachK3_s186_W2_RS,DiagReachK3,W2,RS,186,15,0,20,10,False,False,False,False,0.5199172496795654,1.512358546257019
development_DiagReachK3_s186_W2_RS,DiagReachK3,W2,RS,186,15,1,20,5,False,False,False,False,0.44685208797454834,1.1751054525375366
development_DiagReachK3_s186_W2_RS,DiagReachK3,W2,RS,186,15,2,20,7,False,False,False,False,0.49838149547576904,1.7116553783416748
development_DiagReachK3_s186_W2_RS,DiagReachK3,W2,RS,186,16,0,20,2,False,False,False,False,0.3023454546928406,0.9344337582588196
development_DiagReachK3_s186_W2_RS,DiagReachK3,W2,RS,186,16,1,20,4,False,False,False,False,0.40484145283699036,1.3262841701507568
development_DiagReachK3_s186_W2_RS,DiagReachK3,W2,RS,186,16,2,20,3,False,False,False,False,0.3758646547794342,1.6348601579666138
development_DiagReachK3_s186_W2_RS,DiagReachK3,W2,RS,186,17,0,20,6,False,False,False,False,0.468539297580719,1.4687403440475464
development_DiagReachK3_s186_W2_RS,DiagReachK3,W2,RS,186,17,1,20,5,False,False,False,False,0.44685208797454834,1.2549092769622803
development_DiagReachK3_s186_W2_RS,DiagReachK3,W2,RS,186,17,2,20,5,False,False,False,False,0.4458177089691162,2.298161745071411
development_DiagReachK3_s186_W2_RS,DiagReachK3,W2,RS,186,18,0,20,3,False,False,False,False,0.371229887008667,1.1031354665756226
development_DiagReachK3_s186_W2_RS,DiagReachK3,W2,RS,186,18,1,20,3,False,False,False,False,0.3712298572063446,1.1239705085754395
development_DiagReachK3_s186_W2_RS,DiagReachK3,W2,RS,186,18,2,20,1,False,False,False,False,0.22941575944423676,1.8233038187026978
development_DiagReachK3_s186_W2_RS,DiagReachK3,W2,RS,186,19,0,20,8,False,False,False,False,0.510282039642334,1.032220482826233
development_DiagReachK3_s186_W2_RS,DiagReachK3,W2,RS,186,19,1,20,4,False,False,False,False,0.4096594452857971,1.155195951461792
development_DiagReachK3_s186_W2_RS,DiagReachK3,W2,RS,186,19,2,20,5,False,False,False,False,0.44968441128730774,1.634238600730896
development_DiagReachK3_s186_W2_RS,DiagReachK3,W2,RS,186,20,0,20,6,False,False,False,False,0.4707511365413666,1.185012936592102
development_DiagReachK3_s186_W2_RS,DiagReachK3,W2,RS,186,20,1,20,8,False,False,False,False,0.5043668746948242,1.1265790462493896
development_DiagReachK3_s186_W2_RS,DiagReachK3,W2,RS,186,20,2,20,6,False,False,False,False,0.4802180826663971,1.699712872505188
development_DiagReachK3_s186_W2_RS,DiagReachK3,W2,RS,186,21,0,20,6,False,False,False,False,0.46433261036872864,1.538657307624817
development_DiagReachK3_s186_W2_RS,DiagReachK3,W2,RS,186,21,1,20,4,False,False,False,False,0.39561304450035095,1.1306579113006592
development_DiagReachK3_s186_W2_RS,DiagReachK3,W2,RS,186,21,2,20,5,False,False,False,False,0.4385088086128235,2.209092855453491
development_DiagReachK3_s186_W2_RS,DiagReachK3,W2,RS,186,22,0,20,5,False,False,False,False,0.4458177387714386,1.3711668252944946
development_DiagReachK3_s186_W2_RS,DiagReachK3,W2,RS,186,22,1,20,7,False,False,False,False,0.49419528245925903,1.2399629354476929
development_DiagReachK3_s186_W2_RS,DiagReachK3,W2,RS,186,22,2,20,5,False,False,False,False,0.45300886034965515,2.035947799682617
development_DiagReachK3_s186_W2_RS,DiagReachK3,W2,RS,186,23,0,20,8,False,False,False,False,0.5057380199432373,1.4946448802947998
development_DiagReachK3_s186_W2_RS,DiagReachK3,W2,RS,186,23,1,20,5,False,False,False,False,0.44008520245552063,1.056471824645996
development_DiagReachK3_s186_W2_RS,DiagReachK3,W2,RS,186,23,2,20,5,False,False,False,False,0.44968441128730774,1.9831761121749878
development_DiagReachK3_s186_W2_RS,DiagReachK3,W2,RS,186,24,0,20,6,False,False,False,False,0.47221991419792175,1.3122884035110474
development_DiagReachK3_s186_W2_RS,DiagReachK3,W2,RS,186,24,1,20,7,False,False,False,False,0.49582746624946594,1.048008680343628
development_DiagReachK3_s186_W2_RS,DiagReachK3,W2,RS,186,24,2,20,4,False,False,False,False,0.41330593824386597,1.7362067699432373
development_DiagReachK3_s186_W2_SS,DiagReachK3,W2,SS,186,0,0,20,8,False,False,False,False,0.5073330998420715,2.306664228439331
development_DiagReachK3_s186_W2_SS,DiagReachK3,W2,SS,186,0,1,20,0,True,False,True,False,0.0,1.062630295753479
development_DiagReachK3_s186_W2_SS,DiagReachK3,W2,SS,186,0,2,20,0,True,False,True,False,0.0,2.556851625442505
development_DiagReachK3_s186_W2_SS,DiagReachK3,W2,SS,186,1,0,20,4,False,False,False,False,0.40853092074394226,2.104308843612671
development_DiagReachK3_s186_W2_SS,DiagReachK3,W2,SS,186,1,1,20,1,False,False,False,False,0.22941577434539795,1.6942932605743408
development_DiagReachK3_s186_W2_SS,DiagReachK3,W2,SS,186,1,2,20,1,False,False,False,False,0.22941577434539795,2.9889557361602783
development_DiagReachK3_s186_W2_SS,DiagReachK3,W2,SS,186,2,0,20,5,False,False,False,False,0.44400179386138916,1.8888969421386719
development_DiagReachK3_s186_W2_SS,DiagReachK3,W2,SS,186,2,1,20,0,True,False,True,False,0.0,1.422189712524414
development_DiagReachK3_s186_W2_SS,DiagReachK3,W2,SS,186,2,2,20,2,False,False,False,False,0.31578946113586426,3.049184799194336
development_DiagReachK3_s186_W2_SS,DiagReachK3,W2,SS,186,3,0,20,7,False,False,False,False,0.4927919805049896,1.5998907089233398
development_DiagReachK3_s186_W2_SS,DiagReachK3,W2,SS,186,3,1,20,5,False,False,False,False,0.4468521177768707,1.6627254486083984
development_DiagReachK3_s186_W2_SS,DiagReachK3,W2,SS,186,3,2,20,3,False,False,False,False,0.3758646547794342,2.602353096008301
development_DiagReachK3_s186_W2_SS,DiagReachK3,W2,SS,186,4,0,20,7,False,False,False,False,0.4847632348537445,1.4748203754425049
development_DiagReachK3_s186_W2_SS,DiagReachK3,W2,SS,186,4,1,20,4,False,False,False,False,0.4096594452857971,1.7159687280654907
development_DiagReachK3_s186_W2_SS,DiagReachK3,W2,SS,186,4,2,20,4,False,False,False,False,0.4138640761375427,2.6331820487976074
development_DiagReachK3_s186_W2_SS,DiagReachK3,W2,SS,186,5,0,20,4,False,False,False,False,0.4085308909416199,1.401678204536438
development_DiagReachK3_s186_W2_SS,DiagReachK3,W2,SS,186,5,1,20,1,False,False,False,False,0.22941575944423676,1.3300387859344482
development_DiagReachK3_s186_W2_SS,DiagReachK3,W2,SS,186,5,2,20,1,False,False,False,False,0.22941575944423676,2.2403836250305176
development_DiagReachK3_s186_W2_SS,DiagReachK3,W2,SS,186,6,0,20,5,False,False,False,False,0.44968441128730774,1.2425990104675293
development_DiagReachK3_s186_W2_SS,DiagReachK3,W2,SS,186,6,1,20,4,False,False,False,False,0.40853092074394226,1.7138442993164062
development_DiagReachK3_s186_W2_SS,DiagReachK3,W2,SS,186,6,2,20,2,False,False,False,False,0.3095136880874634,2.437502145767212
development_DiagReachK3_s186_W2_SS,DiagReachK3,W2,SS,186,7,0,20,10,False,False,False,False,0.5143373608589172,1.6536290645599365
development_DiagReachK3_s186_W2_SS,DiagReachK3,W2,SS,186,7,1,20,2,False,False,False,False,0.3023453950881958,1.1872586011886597
development_DiagReachK3_s186_W2_SS,DiagReachK3,W2,SS,186,7,2,20,3,False,False,False,False,0.3659062087535858,1.8872787952423096
development_DiagReachK3_s186_W2_SS,DiagReachK3,W2,SS,186,8,0,20,4,False,False,False,False,0.41747382283210754,1.10358464717865
development_DiagReachK3_s186_W2_SS,DiagReachK3,W2,SS,186,8,1,20,4,False,False,False,False,0.41747382283210754,1.4383549690246582
development_DiagReachK3_s186_W2_SS,DiagReachK3,W2,SS,186,8,2,20,2,False,False,False,False,0.31578949093818665,2.1692452430725098
development_DiagReachK3_s186_W2_SS,DiagReachK3,W2,SS,186,9,0,20,7,False,False,False,False,0.49419528245925903,1.5274641513824463
development_DiagReachK3_s186_W2_SS,DiagReachK3,W2,SS,186,9,1,20,4,False,False,False,False,0.40054211020469666,1.7451380491256714
development_DiagReachK3_s186_W2_SS,DiagReachK3,W2,SS,186,9,2,20,3,False,False,False,False,0.3598629832267761,2.6561527252197266
development_DiagReachK3_s186_W2_SS,DiagReachK3,W2,SS,186,10,0,20,5,False,False,False,False,0.4530088007450104,1.2972394227981567
development_DiagReachK3_s186_W2_SS,DiagReachK3,W2,SS,186,10,1,20,3,False,False,False,False,0.3758646249771118,1.5625149011611938
development_DiagReachK3_s186_W2_SS,DiagReachK3,W2,SS,186,10,2,20,1,False,False,False,False,0.22941575944423676,2.2252843379974365
development_DiagReachK3_s186_W2_SS,DiagReachK3,W2,SS,186,11,0,20,10,False,False,False,False,0.517246425151825,1.3520971536636353
development_DiagReachK3_s186_W2_SS,DiagReachK3,W2,SS,186,11,1,20,0,True,False,True,False,0.0,1.2572529315948486
development_DiagReachK3_s186_W2_SS,DiagReachK3,W2,SS,186,11,2,20,5,False,False,False,False,0.4468521177768707,2.281405210494995
development_DiagReachK3_s186_W2_SS,DiagReachK3,W2,SS,186,12,0,20,8,False,False,False,False,0.5071055293083191,1.302496075630188
development_DiagReachK3_s186_W2_SS,DiagReachK3,W2,SS,186,12,1,20,1,False,False,False,False,0.20942696928977966,1.5359587669372559
development_DiagReachK3_s186_W2_SS,DiagReachK3,W2,SS,186,12,2,20,3,False,False,False,False,0.36590614914894104,2.0230915546417236
development_DiagReachK3_s186_W2_SS,DiagReachK3,W2,SS,186,13,0,20,11,False,False,False,False,0.5205827951431274,1.509944200515747
development_DiagReachK3_s186_W2_SS,DiagReachK3,W2,SS,186,13,1,20,5,False,False,False,False,0.4300035536289215,1.8411868810653687
development_DiagReachK3_s186_W2_SS,DiagReachK3,W2,SS,186,13,2,20,4,False,False,False,False,0.41330593824386597,2.6619129180908203
development_DiagReachK3_s186_W2_SS,DiagReachK3,W2,SS,186,14,0,20,5,False,False,False,False,0.4501974582672119,1.4466410875320435
development_DiagReachK3_s186_W2_SS,DiagReachK3,W2,SS,186,14,1,20,2,False,False,False,False,0.30310797691345215,1.6627413034439087
development_DiagReachK3_s186_W2_SS,DiagReachK3,W2,SS,186,14,2,20,2,False,False,False,False,0.3095136880874634,2.130528450012207
development_DiagReachK3_s186_W2_SS,DiagReachK3,W2,SS,186,15,0,20,5,False,False,False,False,0.4326793849468231,1.5901235342025757
development_DiagReachK3_s186_W2_SS,DiagReachK3,W2,SS,186,15,1,20,1,False,False,False,False,0.22941575944423676,1.3005467653274536
development_DiagReachK3_s186_W2_SS,DiagReachK3,W2,SS,186,15,2,20,2,False,False,False,False,0.3095136880874634,2.475470542907715
development_DiagReachK3_s186_W2_SS,DiagReachK3,W2,SS,186,16,0,20,7,False,False,False,False,0.5020732283592224,1.515092372894287
development_DiagReachK3_s186_W2_SS,DiagReachK3,W2,SS,186,16,1,20,1,False,False,False,False,0.20942695438861847,1.249735713005066
development_DiagReachK3_s186_W2_SS,DiagReachK3,W2,SS,186,16,2,20,3,False,False,False,False,0.3758646249771118,2.234980821609497
development_DiagReachK3_s186_W2_SS,DiagReachK3,W2,SS,186,17,0,20,7,False,False,False,False,0.49838149547576904,1.2776004076004028
development_DiagReachK3_s186_W2_SS,DiagReachK3,W2,SS,186,17,1,20,0,True,False,True,False,0.0,1.4057447910308838
development_DiagReachK3_s186_W2_SS,DiagReachK3,W2,SS,186,17,2,20,1,False,False,False,False,0.22941577434539795,1.8239766359329224
development_DiagReachK3_s186_W2_SS,DiagReachK3,W2,SS,186,18,0,20,4,False,False,False,False,0.40484142303466797,1.5800580978393555
development_DiagReachK3_s186_W2_SS,DiagReachK3,W2,SS,186,18,1,20,0,True,False,True,False,0.0,1.0862839221954346
development_DiagReachK3_s186_W2_SS,DiagReachK3,W2,SS,186,18,2,20,2,False,False,False,False,0.31578949093818665,1.9918664693832397
development_DiagReachK3_s186_W2_SS,DiagReachK3,W2,SS,186,19,0,20,9,False,False,False,False,0.5134389400482178,1.8639369010925293
development_DiagReachK3_s186_W2_SS,DiagReachK3,W2,SS,186,19,1,20,1,False,False,False,False,0.22941575944423676,1.5564318895339966
development_DiagReachK3_s186_W2_SS,DiagReachK3,W2,SS,186,19,2,20,2,False,False,False,False,0.31578949093818665,2.3815057277679443
development_DiagReachK3_s186_W2_SS,DiagReachK3,W2,SS,186,20,0,20,2,False,False,False,False,0.31578952074050903,0.825354814529419
development_DiagReachK3_s186_W2_SS,DiagReachK3,W2,SS,186,20,1,20,6,False,False,False,False,0.4731965959072113,1.369894027709961
development_DiagReachK3_s186_W2_SS,DiagReachK3,W2,SS,186,20,2,20,3,False,False,False,False,0.371229887008667,1.7856519222259521
development_DiagReachK3_s186_W2_SS,DiagReachK3,W2,SS,186,21,0,20,5,False,False,False,False,0.44736841320991516,1.516700267791748
development_DiagReachK3_s186_W2_SS,DiagReachK3,W2,SS,186,21,1,20,6,False,False,False,False,0.4695236086845398,1.6202507019042969
development_DiagReachK3_s186_W2_SS,DiagReachK3,W2,SS,186,21,2,20,3,False,False,False,False,0.35501939058303833,2.252516031265259
development_DiagReachK3_s186_W2_SS,DiagReachK3,W2,SS,186,22,0,20,9,False,False,False,False,0.5105081796646118,1.551695704460144
development_DiagReachK3_s186_W2_SS,DiagReachK3,W2,SS,186,22,1,20,10,False,False,False,False,0.5185835957527161,1.7967960834503174
development_DiagReachK3_s186_W2_SS,DiagReachK3,W2,SS,186,22,2,20,6,False,False,False,False,0.4665643870830536,2.3432512283325195
development_DiagReachK3_s186_W2_SS,DiagReachK3,W2,SS,186,23,0,20,4,False,False,False,False,0.40054211020469666,1.458630919456482
development_DiagReachK3_s186_W2_SS,DiagReachK3,W2,SS,186,23,1,20,5,False,False,False,False,0.44968441128730774,1.7391053438186646
development_DiagReachK3_s186_W2_SS,DiagReachK3,W2,SS,186,23,2,20,4,False,False,False,False,0.40853092074394226,2.468132495880127
development_DiagReachK3_s186_W2_SS,DiagReachK3,W2,SS,186,24,0,20,2,False,False,False,False,0.3095136880874634,0.9852877855300903
development_DiagReachK3_s186_W2_SS,DiagReachK3,W2,SS,186,24,1,20,1,False,False,False,False,0.21964885294437408,1.3261114358901978
development_DiagReachK3_s186_W2_SS,DiagReachK3,W2,SS,186,24,2,20,0,True,False,True,False,0.0,1.6986925601959229
development_DiagReachK3_s187_KL_RS,DiagReachK3,KL,RS,187,0,0,20,3,False,False,False,False,0.3712298572063446,2.1016647815704346
development_DiagReachK3_s187_KL_RS,DiagReachK3,KL,RS,187,0,1,20,6,False,False,False,False,0.46209004521369934,1.8186588287353516
development_DiagReachK3_s187_KL_RS,DiagReachK3,KL,RS,187,0,2,20,3,False,False,False,False,0.371229887008667,3.041412830352783
development_DiagReachK3_s187_KL_RS,DiagReachK3,KL,RS,187,1,0,20,6,False,False,False,False,0.46582165360450745,2.3988935947418213
development_DiagReachK3_s187_KL_RS,DiagReachK3,KL,RS,187,1,1,20,3,False,False,False,False,0.3611436188220978,2.0214200019836426
development_DiagReachK3_s187_KL_RS,DiagReachK3,KL,RS,187,1,2,20,3,False,False,False,False,0.3758646249771118,3.38314151763916
development_DiagReachK3_s187_KL_RS,DiagReachK3,KL,RS,187,2,0,20,5,False,False,False,False,0.4440017640590668,2.2940127849578857
development_DiagReachK3_s187_KL_RS,DiagReachK3,KL,RS,187,2,1,20,6,False,False,False,False,0.467305988073349,2.177192211151123
development_DiagReachK3_s187_KL_RS,DiagReachK3,KL,RS,187,2,2,20,3,False,False,False,False,0.3758646547794342,3.1121957302093506
development_DiagReachK3_s187_KL_RS,DiagReachK3,KL,RS,187,3,0,20,4,False,False,False,False,0.39938780665397644,2.212458848953247
development_DiagReachK3_s187_KL_RS,DiagReachK3,KL,RS,187,3,1,20,3,False,False,False,False,0.3659061789512634,1.6946213245391846
development_DiagReachK3_s187_KL_RS,DiagReachK3,KL,RS,187,3,2,20,1,False,False,False,False,0.22941572964191437,3.0400259494781494
development_DiagReachK3_s187_KL_RS,DiagReachK3,KL,RS,187,4,0,20,6,False,False,False,False,0.4615902304649353,2.276853322982788
development_DiagReachK3_s187_KL_RS,DiagReachK3,KL,RS,187,4,1,20,5,False,False,False,False,0.45300886034965515,1.3993123769760132
development_DiagReachK3_s187_KL_RS,DiagReachK3,KL,RS,187,4,2,20,4,False,False,False,False,0.41747382283210754,2.6610898971557617
development_DiagReachK3_s187_KL_RS,DiagReachK3,KL,RS,187,5,0,20,4,False,False,False,False,0.40853092074394226,2.0659701824188232
development_DiagReachK3_s187_KL_RS,DiagReachK3,KL,RS,187,5,1,20,5,False,False,False,False,0.45300883054733276,1.881215214729309
development_DiagReachK3_s187_KL_RS,DiagReachK3,KL,RS,187,5,2,20,4,False,False,False,False,0.41330593824386597,3.1691038608551025
development_DiagReachK3_s187_KL_RS,DiagReachK3,KL,RS,187,6,0,20,6,False,False,False,False,0.4695236384868622,2.6608762741088867
development_DiagReachK3_s187_KL_RS,DiagReachK3,KL,RS,187,6,1,20,5,False,False,False,False,0.4216005206108093,2.2987124919891357
development_DiagReachK3_s187_KL_RS,DiagReachK3,KL,RS,187,6,2,20,4,False,False,False,False,0.40169310569763184,4.133882522583008
development_DiagReachK3_s187_KL_RS,DiagReachK3,KL,RS,187,7,0,20,3,False,False,False,False,0.3758646547794342,1.5577008724212646
development_DiagReachK3_s187_KL_RS,DiagReachK3,KL,RS,187,7,1,20,5,False,False,False,False,0.4496844410896301,1.4903662204742432
development_DiagReachK3_s187_KL_RS,DiagReachK3,KL,RS,187,7,2,20,2,False,False,False,False,0.31578949093818665,2.309485673904419
development_DiagReachK3_s187_KL_RS,DiagReachK3,KL,RS,187,8,0,20,6,False,False,False,False,0.46209004521369934,2.383342742919922
development_DiagReachK3_s187_KL_RS,DiagReachK3,KL,RS,187,8,1,20,4,False,False,False,False,0.4011179804801941,1.994676113128662
development_DiagReachK3_s187_KL_RS,DiagReachK3,KL,RS,187,8,2,20,3,False,False,False,False,0.371229887008667,3.2424943447113037
development_DiagReachK3_s187_KL_RS,DiagReachK3,KL,RS,187,9,0,20,4,False,False,False,False,0.42105263471603394,1.946042537689209
development_DiagReachK3_s187_KL_RS,DiagReachK3,KL,RS,187,9,1,20,2,False,False,False,False,0.3095136880874634,1.1258221864700317
development_DiagReachK3_s187_KL_RS,DiagReachK3,KL,RS,187,9,2,20,1,False,False,False,False,0.22941572964191437,2.6159188747406006
development_DiagReachK3_s187_KL_RS,DiagReachK3,KL,RS,187,10,0,20,3,False,False,False,False,0.35501939058303833,1.746854543685913
development_DiagReachK3_s187_KL_RS,DiagReachK3,KL,RS,187,10,1,20,5,False,False,False,False,0.43956032395362854,1.8762800693511963
development_DiagReachK3_s187_KL_RS,DiagReachK3,KL,RS,187,10,2,20,4,False,False,False,False,0.41330593824386597,2.8457045555114746
development_DiagReachK3_s187_KL_RS,DiagReachK3,KL,RS,187,11,0,20,8,False,False,False,False,0.5107342004776001,2.181626796722412
development_DiagReachK3_s187_KL_RS,DiagReachK3,KL,RS,187,11,1,20,3,False,False,False,False,0.371229887008667,1.3130854368209839
development_DiagReachK3_s187_KL_RS,DiagReachK3,KL,RS,187,11,2,20,5,False,False,False,False,0.45300886034965515,2.8806793689727783
development_DiagReachK3_s187_KL_RS,DiagReachK3,KL,RS,187,12,0,20,5,False,False,False,False,0.4326794147491455,2.281761407852173
development_DiagReachK3_s187_KL_RS,DiagReachK3,KL,RS,187,12,1,20,3,False,False,False,False,0.36590614914894104,1.5434224605560303
development_DiagReachK3_s187_KL_RS,DiagReachK3,KL,RS,187,12,2,20,3,False,False,False,False,0.36114364862442017,3.2741501331329346
development_DiagReachK3_s187_KL_RS,DiagReachK3,KL,RS,187,13,0,20,5,False,False,False,False,0.4429607093334198,1.8333467245101929
development_DiagReachK3_s187_KL_RS,DiagReachK3,KL,RS,187,13,1,20,9,False,False,False,False,0.5176924467086792,1.6550408601760864
development_DiagReachK3_s187_KL_RS,DiagReachK3,KL,RS,187,13,2,20,4,False,False,False,False,0.41747382283210754,2.317537546157837
development_DiagReachK3_s187_KL_RS,DiagReachK3,KL,RS,187,14,0,20,4,False,False,False,False,0.40484142303466797,1.9680132865905762
development_DiagReachK3_s187_KL_RS,DiagReachK3,KL,RS,187,14,1,20,6,False,False,False,False,0.46631693840026855,1.7387161254882812
development_DiagReachK3_s187_KL_RS,DiagReachK3,KL,RS,187,14,2,20,5,False,False,False,False,0.4530088007450104,3.1359410285949707
development_DiagReachK3_s187_KL_RS,DiagReachK3,KL,RS,187,15,0,20,4,False,False,False,False,0.41386404633522034,1.7305115461349487
development_DiagReachK3_s187_KL_RS,DiagReachK3,KL,RS,187,15,1,20,8,False,False,False,False,0.5057380795478821,1.5952513217926025
development_DiagReachK3_s187_KL_RS,DiagReachK3,KL,RS,187,15,2,20,4,False,False,False,False,0.41747382283210754,2.657680034637451
development_DiagReachK3_s187_KL_RS,DiagReachK3,KL,RS,187,16,0,20,7,False,False,False,False,0.489501953125,1.8128154277801514
development_DiagReachK3_s187_KL_RS,DiagReachK3,KL,RS,187,16,1,20,4,False,False,False,False,0.3973597288131714,1.8624955415725708
development_DiagReachK3_s187_KL_RS,DiagReachK3,KL,RS,187,16,2,20,4,False,False,False,False,0.4096594452857971,2.9431357383728027
development_DiagReachK3_s187_KL_RS,DiagReachK3,KL,RS,187,17,0,20,5,False,False,False,False,0.4458177387714386,1.8375478982925415
development_DiagReachK3_s187_KL_RS,DiagReachK3,KL,RS,187,17,1,20,5,False,False,False,False,0.4334788918495178,1.450399398803711
development_DiagReachK3_s187_KL_RS,DiagReachK3,KL,RS,187,17,2,20,5,False,False,False,False,0.44968441128730774,2.7982027530670166
development_DiagReachK3_s187_KL_RS,DiagReachK3,KL,RS,187,18,0,20,3,False,False,False,False,0.3563174605369568,1.4201762676239014
development_DiagReachK3_s187_KL_RS,DiagReachK3,KL,RS,187,18,1,20,4,False,False,False,False,0.39356550574302673,1.8242747783660889
development_DiagReachK3_s187_KL_RS,DiagReachK3,KL,RS,187,18,2,20,2,False,False,False,False,0.3023454546928406,2.6275904178619385
development_DiagReachK3_s187_KL_RS,DiagReachK3,KL,RS,187,19,0,20,6,False,False,False,False,0.4673059582710266,2.670473098754883
development_DiagReachK3_s187_KL_RS,DiagReachK3,KL,RS,187,19,1,20,3,False,False,False,False,0.36590614914894104,1.1882394552230835
development_DiagReachK3_s187_KL_RS,DiagReachK3,KL,RS,187,19,2,20,4,False,False,False,False,0.4085308909416199,3.575924873352051
development_DiagReachK3_s187_KL_RS,DiagReachK3,KL,RS,187,20,0,20,6,False,False,False,False,0.4625893235206604,2.267589807510376
development_DiagReachK3_s187_KL_RS,DiagReachK3,KL,RS,187,20,1,20,5,False,False,False,False,0.435073584318161,1.3115357160568237
development_DiagReachK3_s187_KL_RS,DiagReachK3,KL,RS,187,20,2,20,5,False,False,False,False,0.43956032395362854,2.799832344055176
development_DiagReachK3_s187_KL_RS,DiagReachK3,KL,RS,187,21,0,20,6,False,False,False,False,0.47221994400024414,1.9339990615844727
development_DiagReachK3_s187_KL_RS,DiagReachK3,KL,RS,187,21,1,20,3,False,False,False,False,0.371229887008667,1.3824331760406494
development_DiagReachK3_s187_KL_RS,DiagReachK3,KL,RS,187,21,2,20,3,False,False,False,False,0.36653652787208557,2.78594708442688
development_DiagReachK3_s187_KL_RS,DiagReachK3,KL,RS,187,22,0,20,8,False,False,False,False,0.5045956373214722,2.1634137630462646
development_DiagReachK3_s187_KL_RS,DiagReachK3,KL,RS,187,22,1,20,0,True,False,True,False,0.0,1.3688700199127197
development_DiagReachK3_s187_KL_RS,DiagReachK3,KL,RS,187,22,2,20,1,False,False,False,False,0.22941575944423676,2.4572761058807373
development_DiagReachK3_s187_KL_RS,DiagReachK3,KL,RS,187,23,0,20,9,False,False,False,False,0.4951286017894745,2.4992966651916504
development_DiagReachK3_s187_KL_RS,DiagReachK3,KL,RS,187,23,1,20,8,False,False,False,False,0.49536165595054626,1.5681195259094238
development_DiagReachK3_s187_KL_RS,DiagReachK3,KL,RS,187,23,2,20,9,False,False,False,False,0.5150101780891418,3.3627824783325195
development_DiagReachK3_s187_KL_RS,DiagReachK3,KL,RS,187,24,0,20,8,False,False,False,False,0.5027623772621155,1.7135623693466187
development_DiagReachK3_s187_KL_RS,DiagReachK3,KL,RS,187,24,1,20,4,False,False,False,False,0.4054112136363983,1.4244190454483032
development_DiagReachK3_s187_KL_RS,DiagReachK3,KL,RS,187,24,2,20,2,False,False,False,False,0.29578447341918945,2.3619399070739746
development_DiagReachK3_s187_KL_SS,DiagReachK3,KL,SS,187,0,0,20,3,False,False,False,False,0.3712298572063446,2.1016647815704346
development_DiagReachK3_s187_KL_SS,DiagReachK3,KL,SS,187,0,1,20,6,False,False,False,False,0.46209004521369934,1.8186588287353516
development_DiagReachK3_s187_KL_SS,DiagReachK3,KL,SS,187,0,2,20,3,False,False,False,False,0.371229887008667,3.041412830352783
development_DiagReachK3_s187_KL_SS,DiagReachK3,KL,SS,187,1,0,20,6,False,False,False,False,0.46582165360450745,2.3988935947418213
development_DiagReachK3_s187_KL_SS,DiagReachK3,KL,SS,187,1,1,20,3,False,False,False,False,0.3611436188220978,2.0214200019836426
development_DiagReachK3_s187_KL_SS,DiagReachK3,KL,SS,187,1,2,20,3,False,False,False,False,0.3758646249771118,3.38314151763916
development_DiagReachK3_s187_KL_SS,DiagReachK3,KL,SS,187,2,0,20,5,False,False,False,False,0.4440017640590668,2.2940127849578857
development_DiagReachK3_s187_KL_SS,DiagReachK3,KL,SS,187,2,1,20,6,False,False,False,False,0.467305988073349,2.177192211151123
development_DiagReachK3_s187_KL_SS,DiagReachK3,KL,SS,187,2,2,20,3,False,False,False,False,0.3758646547794342,3.1121957302093506
development_DiagReachK3_s187_KL_SS,DiagReachK3,KL,SS,187,3,0,20,4,False,False,False,False,0.39938780665397644,2.212458848953247
development_DiagReachK3_s187_KL_SS,DiagReachK3,KL,SS,187,3,1,20,3,False,False,False,False,0.3659061789512634,1.6946213245391846
development_DiagReachK3_s187_KL_SS,DiagReachK3,KL,SS,187,3,2,20,1,False,False,False,False,0.22941572964191437,3.0400259494781494
development_DiagReachK3_s187_KL_SS,DiagReachK3,KL,SS,187,4,0,20,6,False,False,False,False,0.4615902304649353,2.276853322982788
development_DiagReachK3_s187_KL_SS,DiagReachK3,KL,SS,187,4,1,20,5,False,False,False,False,0.45300886034965515,1.3993123769760132
development_DiagReachK3_s187_KL_SS,DiagReachK3,KL,SS,187,4,2,20,4,False,False,False,False,0.41747382283210754,2.6610898971557617
development_DiagReachK3_s187_KL_SS,DiagReachK3,KL,SS,187,5,0,20,4,False,False,False,False,0.40853092074394226,2.0659701824188232
development_DiagReachK3_s187_KL_SS,DiagReachK3,KL,SS,187,5,1,20,5,False,False,False,False,0.45300883054733276,1.881215214729309
development_DiagReachK3_s187_KL_SS,DiagReachK3,KL,SS,187,5,2,20,4,False,False,False,False,0.41330593824386597,3.1691038608551025
development_DiagReachK3_s187_KL_SS,DiagReachK3,KL,SS,187,6,0,20,6,False,False,False,False,0.4695236384868622,2.6608762741088867
development_DiagReachK3_s187_KL_SS,DiagReachK3,KL,SS,187,6,1,20,5,False,False,False,False,0.4216005206108093,2.2987124919891357
development_DiagReachK3_s187_KL_SS,DiagReachK3,KL,SS,187,6,2,20,4,False,False,False,False,0.40169310569763184,4.133882522583008
development_DiagReachK3_s187_KL_SS,DiagReachK3,KL,SS,187,7,0,20,3,False,False,False,False,0.3758646547794342,1.5577008724212646
development_DiagReachK3_s187_KL_SS,DiagReachK3,KL,SS,187,7,1,20,5,False,False,False,False,0.4496844410896301,1.4903662204742432
development_DiagReachK3_s187_KL_SS,DiagReachK3,KL,SS,187,7,2,20,2,False,False,False,False,0.31578949093818665,2.309485673904419
development_DiagReachK3_s187_KL_SS,DiagReachK3,KL,SS,187,8,0,20,6,False,False,False,False,0.46209004521369934,2.383342742919922
development_DiagReachK3_s187_KL_SS,DiagReachK3,KL,SS,187,8,1,20,4,False,False,False,False,0.4011179804801941,1.994676113128662
development_DiagReachK3_s187_KL_SS,DiagReachK3,KL,SS,187,8,2,20,3,False,False,False,False,0.371229887008667,3.2424943447113037
development_DiagReachK3_s187_KL_SS,DiagReachK3,KL,SS,187,9,0,20,4,False,False,False,False,0.42105263471603394,1.946042537689209
development_DiagReachK3_s187_KL_SS,DiagReachK3,KL,SS,187,9,1,20,2,False,False,False,False,0.3095136880874634,1.1258221864700317
development_DiagReachK3_s187_KL_SS,DiagReachK3,KL,SS,187,9,2,20,1,False,False,False,False,0.22941572964191437,2.6159188747406006
development_DiagReachK3_s187_KL_SS,DiagReachK3,KL,SS,187,10,0,20,4,False,False,False,False,0.40484142303466797,1.5823420286178589
development_DiagReachK3_s187_KL_SS,DiagReachK3,KL,SS,187,10,1,20,5,False,False,False,False,0.4310758411884308,1.810101866722107
development_DiagReachK3_s187_KL_SS,DiagReachK3,KL,SS,187,10,2,20,5,False,False,False,False,0.44968441128730774,2.673786163330078
development_DiagReachK3_s187_KL_SS,DiagReachK3,KL,SS,187,11,0,20,9,False,False,False,False,0.5190284848213196,2.0161948204040527
development_DiagReachK3_s187_KL_SS,DiagReachK3,KL,SS,187,11,1,20,5,False,False,False,False,0.4496844410896301,1.2518587112426758
development_DiagReachK3_s187_KL_SS,DiagReachK3,KL,SS,187,11,2,20,6,False,False,False,False,0.4775669276714325,2.642265796661377
development_DiagReachK3_s187_KL_SS,DiagReachK3,KL,SS,187,12,0,20,6,False,False,False,False,0.4640839695930481,2.125566244125366
development_DiagReachK3_s187_KL_SS,DiagReachK3,KL,SS,187,12,1,20,5,False,False,False,False,0.4496844410896301,1.4880691766738892
development_DiagReachK3_s187_KL_SS,DiagReachK3,KL,SS,187,12,2,20,4,False,False,False,False,0.4096594452857971,3.031458854675293
development_DiagReachK3_s187_KL_SS,DiagReachK3,KL,SS,187,13,0,20,7,False,False,False,False,0.4941953122615814,1.6851366758346558
development_DiagReachK3_s187_KL_SS,DiagReachK3,KL,SS,187,13,1,20,10,False,False,False,False,0.5181382298469543,1.5567009449005127
development_DiagReachK3_s187_KL_SS,DiagReachK3,KL,SS,187,13,2,20,5,False,False,False,False,0.44968441128730774,2.042437791824341
development_DiagReachK3_s187_KL_SS,DiagReachK3,KL,SS,187,14,0,20,4,False,False,False,False,0.40484142303466797,1.944050908088684
development_DiagReachK3_s187_KL_SS,DiagReachK3,KL,SS,187,14,1,20,6,False,False,False,False,0.46631693840026855,1.7807857990264893
development_DiagReachK3_s187_KL_SS,DiagReachK3,KL,SS,187,14,2,20,4,False,False,False,False,0.41747382283210754,3.066500425338745
development_DiagReachK3_s187_KL_SS,DiagReachK3,KL,SS,187,15,0,20,3,False,False,False,False,0.36653652787208557,1.716610312461853
development_DiagReachK3_s187_KL_SS,DiagReachK3,KL,SS,187,15,1,20,9,False,False,False,False,0.5165765285491943,1.6316039562225342
development_DiagReachK3_s187_KL_SS,DiagReachK3,KL,SS,187,15,2,20,4,False,False,False,False,0.41747382283210754,2.6857001781463623
development_DiagReachK3_s187_KL_SS,DiagReachK3,KL,SS,187,16,0,20,7,False,False,False,False,0.489501953125,1.7189452648162842
development_DiagReachK3_s187_KL_SS,DiagReachK3,KL,SS,187,16,1,20,5,False,False,False,False,0.4371907413005829,1.9161263704299927
development_DiagReachK3_s187_KL_SS,DiagReachK3,KL,SS,187,16,2,20,4,False,False,False,False,0.4096594452857971,2.8784241676330566
development_DiagReachK3_s187_KL_SS,DiagReachK3,KL,SS,187,17,0,20,5,False,False,False,False,0.4458177387714386,1.7142021656036377
development_DiagReachK3_s187_KL_SS,DiagReachK3,KL,SS,187,17,1,20,5,False,False,False,False,0.4334788918495178,1.4740184545516968
development_DiagReachK3_s187_KL_SS,DiagReachK3,KL,SS,187,17,2,20,5,False,False,False,False,0.44968441128730774,2.7082035541534424
development_DiagReachK3_s187_KL_SS,DiagReachK3,KL,SS,187,18,0,20,3,False,False,False,False,0.36114364862442017,1.7492437362670898
development_DiagReachK3_s187_KL_SS,DiagReachK3,KL,SS,187,18,1,20,8,False,False,False,False,0.5073330402374268,2.022185802459717
development_DiagReachK3_s187_KL_SS,DiagReachK3,KL,SS,187,18,2,20,3,False,False,False,False,0.3712298572063446,3.141838550567627
development_DiagReachK3_s187_KL_SS,DiagReachK3,KL,SS,187,19,0,20,4,False,False,False,False,0.40054211020469666,1.7970784902572632
development_DiagReachK3_s187_KL_SS,DiagReachK3,KL,SS,187,19,1,20,7,False,False,False,False,0.5004614591598511,1.32258939743042
development_DiagReachK3_s187_KL_SS,DiagReachK3,KL,SS,187,19,2,20,2,False,False,False,False,0.3023454248905182,2.3690202236175537
development_DiagReachK3_s187_KL_SS,DiagReachK3,KL,SS,187,20,0,20,3,False,False,False,False,0.3494488298892975,1.5087870359420776
development_DiagReachK3_s187_KL_SS,DiagReachK3,KL,SS,187,20,1,20,5,False,False,False,False,0.4458177387714386,1.449827790260315
development_DiagReachK3_s187_KL_SS,DiagReachK3,KL,SS,187,20,2,20,2,False,False,False,False,0.30310794711112976,2.3680427074432373
development_DiagReachK3_s187_KL_SS,DiagReachK3,KL,SS,187,21,0,20,4,False,False,False,False,0.41330593824386597,1.797113299369812
development_DiagReachK3_s187_KL_SS,DiagReachK3,KL,SS,187,21,1,20,6,False,False,False,False,0.4731965959072113,1.7740256786346436
development_DiagReachK3_s187_KL_SS,DiagReachK3,KL,SS,187,21,2,20,1,False,False,False,False,0.21964885294437408,2.8095548152923584
development_DiagReachK3_s187_KL_SS,DiagReachK3,KL,SS,187,22,0,20,8,False,False,False,False,0.5084694027900696,1.911924123764038
development_DiagReachK3_s187_KL_SS,DiagReachK3,KL,SS,187,22,1,20,0,True,False,True,False,0.0,1.1521461009979248
development_DiagReachK3_s187_KL_SS,DiagReachK3,KL,SS,187,22,2,20,1,False,False,False,False,0.22941577434539795,2.530442237854004
development_DiagReachK3_s187_KL_SS,DiagReachK3,KL,SS,187,23,0,20,6,False,False,False,False,0.468539297580719,1.6023833751678467
development_DiagReachK3_s187_KL_SS,DiagReachK3,KL,SS,187,23,1,20,3,False,False,False,False,0.3611436188220978,1.2095787525177002
development_DiagReachK3_s187_KL_SS,DiagReachK3,KL,SS,187,23,2,20,3,False,False,False,False,0.36590614914894104,2.1551520824432373
development_DiagReachK3_s187_KL_SS,DiagReachK3,KL,SS,187,24,0,20,5,False,False,False,False,0.4350735545158386,1.8958661556243896
development_DiagReachK3_s187_KL_SS,DiagReachK3,KL,SS,187,24,1,20,3,False,False,False,False,0.3611436188220978,1.4999972581863403
development_DiagReachK3_s187_KL_SS,DiagReachK3,KL,SS,187,24,2,20,4,False,False,False,False,0.41330593824386597,2.598024845123291
development_DiagReachK3_s187_W2_RS,DiagReachK3,W2,RS,187,0,0,20,3,False,False,False,False,0.3712298572063446,2.1016647815704346
development_DiagReachK3_s187_W2_RS,DiagReachK3,W2,RS,187,0,1,20,6,False,False,False,False,0.46209004521369934,1.8186588287353516
development_DiagReachK3_s187_W2_RS,DiagReachK3,W2,RS,187,0,2,20,3,False,False,False,False,0.371229887008667,3.041412830352783
development_DiagReachK3_s187_W2_RS,DiagReachK3,W2,RS,187,1,0,20,6,False,False,False,False,0.46582165360450745,2.3988935947418213
development_DiagReachK3_s187_W2_RS,DiagReachK3,W2,RS,187,1,1,20,3,False,False,False,False,0.3611436188220978,2.0214200019836426
development_DiagReachK3_s187_W2_RS,DiagReachK3,W2,RS,187,1,2,20,3,False,False,False,False,0.3758646249771118,3.38314151763916
development_DiagReachK3_s187_W2_RS,DiagReachK3,W2,RS,187,2,0,20,5,False,False,False,False,0.4440017640590668,2.2940127849578857
development_DiagReachK3_s187_W2_RS,DiagReachK3,W2,RS,187,2,1,20,6,False,False,False,False,0.467305988073349,2.177192211151123
development_DiagReachK3_s187_W2_RS,DiagReachK3,W2,RS,187,2,2,20,3,False,False,False,False,0.3758646547794342,3.1121957302093506
development_DiagReachK3_s187_W2_RS,DiagReachK3,W2,RS,187,3,0,20,4,False,False,False,False,0.39938780665397644,2.212458848953247
development_DiagReachK3_s187_W2_RS,DiagReachK3,W2,RS,187,3,1,20,3,False,False,False,False,0.3659061789512634,1.6946213245391846
development_DiagReachK3_s187_W2_RS,DiagReachK3,W2,RS,187,3,2,20,1,False,False,False,False,0.22941572964191437,3.0400259494781494
development_DiagReachK3_s187_W2_RS,DiagReachK3,W2,RS,187,4,0,20,6,False,False,False,False,0.4615902304649353,2.276853322982788
development_DiagReachK3_s187_W2_RS,DiagReachK3,W2,RS,187,4,1,20,5,False,False,False,False,0.45300886034965515,1.3993123769760132
development_DiagReachK3_s187_W2_RS,DiagReachK3,W2,RS,187,4,2,20,4,False,False,False,False,0.41747382283210754,2.6610898971557617
development_DiagReachK3_s187_W2_RS,DiagReachK3,W2,RS,187,5,0,20,4,False,False,False,False,0.40853092074394226,2.0659701824188232
development_DiagReachK3_s187_W2_RS,DiagReachK3,W2,RS,187,5,1,20,5,False,False,False,False,0.45300883054733276,1.881215214729309
development_DiagReachK3_s187_W2_RS,DiagReachK3,W2,RS,187,5,2,20,4,False,False,False,False,0.41330593824386597,3.1691038608551025
development_DiagReachK3_s187_W2_RS,DiagReachK3,W2,RS,187,6,0,20,6,False,False,False,False,0.4695236384868622,2.6608762741088867
development_DiagReachK3_s187_W2_RS,DiagReachK3,W2,RS,187,6,1,20,5,False,False,False,False,0.4216005206108093,2.2987124919891357
development_DiagReachK3_s187_W2_RS,DiagReachK3,W2,RS,187,6,2,20,4,False,False,False,False,0.40169310569763184,4.133882522583008
development_DiagReachK3_s187_W2_RS,DiagReachK3,W2,RS,187,7,0,20,3,False,False,False,False,0.3758646547794342,1.5577008724212646
development_DiagReachK3_s187_W2_RS,DiagReachK3,W2,RS,187,7,1,20,5,False,False,False,False,0.4496844410896301,1.4903662204742432
development_DiagReachK3_s187_W2_RS,DiagReachK3,W2,RS,187,7,2,20,2,False,False,False,False,0.31578949093818665,2.309485673904419
development_DiagReachK3_s187_W2_RS,DiagReachK3,W2,RS,187,8,0,20,6,False,False,False,False,0.46209004521369934,2.383342742919922
development_DiagReachK3_s187_W2_RS,DiagReachK3,W2,RS,187,8,1,20,4,False,False,False,False,0.4011179804801941,1.994676113128662
development_DiagReachK3_s187_W2_RS,DiagReachK3,W2,RS,187,8,2,20,3,False,False,False,False,0.371229887008667,3.2424943447113037
development_DiagReachK3_s187_W2_RS,DiagReachK3,W2,RS,187,9,0,20,5,False,False,False,False,0.455802857875824,2.03157377243042
development_DiagReachK3_s187_W2_RS,DiagReachK3,W2,RS,187,9,1,20,2,False,False,False,False,0.3023454248905182,1.2067822217941284
development_DiagReachK3_s187_W2_RS,DiagReachK3,W2,RS,187,9,2,20,1,False,False,False,False,0.22941572964191437,2.720329761505127
development_DiagReachK3_s187_W2_RS,DiagReachK3,W2,RS,187,10,0,20,4,False,False,False,False,0.39677831530570984,1.8582040071487427
development_DiagReachK3_s187_W2_RS,DiagReachK3,W2,RS,187,10,1,20,5,False,False,False,False,0.4356038272380829,1.9850343465805054
development_DiagReachK3_s187_W2_RS,DiagReachK3,W2,RS,187,10,2,20,4,False,False,False,False,0.41330593824386597,2.983144760131836
development_DiagReachK3_s187_W2_RS,DiagReachK3,W2,RS,187,11,0,20,4,False,False,False,False,0.3967783451080322,2.4132025241851807
development_DiagReachK3_s187_W2_RS,DiagReachK3,W2,RS,187,11,1,20,4,False,False,False,False,0.39561304450035095,2.0265493392944336
development_DiagReachK3_s187_W2_RS,DiagReachK3,W2,RS,187,11,2,20,2,False,False,False,False,0.31578949093818665,2.8730626106262207
development_DiagReachK3_s187_W2_RS,DiagReachK3,W2,RS,187,12,0,20,5,False,False,False,False,0.4468521177768707,2.114006757736206
development_DiagReachK3_s187_W2_RS,DiagReachK3,W2,RS,187,12,1,20,7,False,False,False,False,0.4873752295970917,1.853551983833313
development_DiagReachK3_s187_W2_RS,DiagReachK3,W2,RS,187,12,2,20,3,False,False,False,False,0.36114364862442017,3.4521470069885254
development_DiagReachK3_s187_W2_RS,DiagReachK3,W2,RS,187,13,0,20,4,False,False,False,False,0.4096594452857971,1.8948389291763306
development_DiagReachK3_s187_W2_RS,DiagReachK3,W2,RS,187,13,1,20,6,False,False,False,False,0.47221991419792175,1.7319468259811401
development_DiagReachK3_s187_W2_RS,DiagReachK3,W2,RS,187,13,2,20,2,False,False,False,False,0.31578949093818665,3.0319204330444336
development_DiagReachK3_s187_W2_RS,DiagReachK3,W2,RS,187,14,0,20,6,False,False,False,False,0.4501974284648895,2.3093090057373047
development_DiagReachK3_s187_W2_RS,DiagReachK3,W2,RS,187,14,1,20,6,False,False,False,False,0.4685393273830414,1.6436740159988403
development_DiagReachK3_s187_W2_RS,DiagReachK3,W2,RS,187,14,2,20,5,False,False,False,False,0.4429607391357422,3.2905869483947754
development_DiagReachK3_s187_W2_RS,DiagReachK3,W2,RS,187,15,0,20,2,False,False,False,False,0.3095136880874634,1.637101650238037
development_DiagReachK3_s187_W2_RS,DiagReachK3,W2,RS,187,15,1,20,6,False,False,False,False,0.4758721590042114,1.6023427248001099
development_DiagReachK3_s187_W2_RS,DiagReachK3,W2,RS,187,15,2,20,2,False,False,False,False,0.309513658285141,2.693324089050293
development_DiagReachK3_s187_W2_RS,DiagReachK3,W2,RS,187,16,0,20,5,False,False,False,False,0.4350735545158386,1.8528510332107544
development_DiagReachK3_s187_W2_RS,DiagReachK3,W2,RS,187,16,1,20,7,False,False,False,False,0.49255773425102234,1.8181434869766235
development_DiagReachK3_s187_W2_RS,DiagReachK3,W2,RS,187,16,2,20,4,False,False,False,False,0.41330593824386597,3.0026440620422363
development_DiagReachK3_s187_W2_RS,DiagReachK3,W2,RS,187,17,0,20,6,False,False,False,False,0.4615902304649353,2.329847812652588
development_DiagReachK3_s187_W2_RS,DiagReachK3,W2,RS,187,17,1,20,5,False,False,False,False,0.41995474696159363,1.8323166370391846
development_DiagReachK3_s187_W2_RS,DiagReachK3,W2,RS,187,17,2,20,6,False,False,False,False,0.47050586342811584,3.7377281188964844
development_DiagReachK3_s187_W2_RS,DiagReachK3,W2,RS,187,18,0,20,1,False,False,False,False,0.1986798644065857,1.7906115055084229
development_DiagReachK3_s187_W2_RS,DiagReachK3,W2,RS,187,18,1,20,5,False,False,False,False,0.4429607391357422,1.608243703842163
development_DiagReachK3_s187_W2_RS,DiagReachK3,W2,RS,187,18,2,20,1,False,False,False,False,0.20942695438861847,2.685142993927002
development_DiagReachK3_s187_W2_RS,DiagReachK3,W2,RS,187,19,0,20,5,False,False,False,False,0.4458177089691162,1.4538272619247437
development_DiagReachK3_s187_W2_RS,DiagReachK3,W2,RS,187,19,1,20,6,False,False,False,False,0.45757198333740234,1.551327109336853
development_DiagReachK3_s187_W2_RS,DiagReachK3,W2,RS,187,19,2,20,3,False,False,False,False,0.35501939058303833,2.629696846008301
development_DiagReachK3_s187_W2_RS,DiagReachK3,W2,RS,187,20,0,20,3,False,False,False,False,0.3494488596916199,1.8086861371994019
development_DiagReachK3_s187_W2_RS,DiagReachK3,W2,RS,187,20,1,20,5,False,False,False,False,0.44968441128730774,1.3427109718322754
development_DiagReachK3_s187_W2_RS,DiagReachK3,W2,RS,187,20,2,20,2,False,False,False,False,0.31578949093818665,2.5092663764953613
development_DiagReachK3_s187_W2_RS,DiagReachK3,W2,RS,187,21,0,20,7,False,False,False,False,0.49582746624946594,1.6299333572387695
development_DiagReachK3_s187_W2_RS,DiagReachK3,W2,RS,187,21,1,20,7,False,False,False,False,0.4838098883628845,1.2329851388931274
development_DiagReachK3_s187_W2_RS,DiagReachK3,W2,RS,187,21,2,20,4,False,False,False,False,0.4096594452857971,2.2215421199798584
development_DiagReachK3_s187_W2_RS,DiagReachK3,W2,RS,187,22,0,20,5,False,False,False,False,0.43214553594589233,1.8406808376312256
development_DiagReachK3_s187_W2_RS,DiagReachK3,W2,RS,187,22,1,20,4,False,False,False,False,0.41330593824386597,1.4962761402130127
development_DiagReachK3_s187_W2_RS,DiagReachK3,W2,RS,187,22,2,20,2,False,False,False,False,0.3023454248905182,2.3844451904296875
development_DiagReachK3_s187_W2_RS,DiagReachK3,W2,RS,187,23,0,20,6,False,False,False,False,0.46631693840026855,1.523460865020752
development_DiagReachK3_s187_W2_RS,DiagReachK3,W2,RS,187,23,1,20,1,False,False,False,False,0.20942696928977966,1.2565670013427734
development_DiagReachK3_s187_W2_RS,DiagReachK3,W2,RS,187,23,2,20,3,False,False,False,False,0.371229887008667,2.055006980895996
development_DiagReachK3_s187_W2_RS,DiagReachK3,W2,RS,187,24,0,20,5,False,False,False,False,0.44968441128730774,1.4252322912216187
development_DiagReachK3_s187_W2_RS,DiagReachK3,W2,RS,187,24,1,20,3,False,False,False,False,0.3659061789512634,1.3766177892684937
development_DiagReachK3_s187_W2_RS,DiagReachK3,W2,RS,187,24,2,20,0,True,False,True,False,0.0,1.399449110031128
development_DiagReachK3_s187_W2_SS,DiagReachK3,W2,SS,187,0,0,20,3,False,False,False,False,0.3712298572063446,2.1016647815704346
development_DiagReachK3_s187_W2_SS,DiagReachK3,W2,SS,187,0,1,20,6,False,False,False,False,0.46209004521369934,1.8186588287353516
development_DiagReachK3_s187_W2_SS,DiagReachK3,W2,SS,187,0,2,20,3,False,False,False,False,0.371229887008667,3.041412830352783
development_DiagReachK3_s187_W2_SS,DiagReachK3,W2,SS,187,1,0,20,6,False,False,False,False,0.46582165360450745,2.3988935947418213
development_DiagReachK3_s187_W2_SS,DiagReachK3,W2,SS,187,1,1,20,3,False,False,False,False,0.3611436188220978,2.0214200019836426
development_DiagReachK3_s187_W2_SS,DiagReachK3,W2,SS,187,1,2,20,3,False,False,False,False,0.3758646249771118,3.38314151763916
development_DiagReachK3_s187_W2_SS,DiagReachK3,W2,SS,187,2,0,20,5,False,False,False,False,0.4440017640590668,2.2940127849578857
development_DiagReachK3_s187_W2_SS,DiagReachK3,W2,SS,187,2,1,20,6,False,False,False,False,0.467305988073349,2.177192211151123
development_DiagReachK3_s187_W2_SS,DiagReachK3,W2,SS,187,2,2,20,3,False,False,False,False,0.3758646547794342,3.1121957302093506
development_DiagReachK3_s187_W2_SS,DiagReachK3,W2,SS,187,3,0,20,4,False,False,False,False,0.39938780665397644,2.212458848953247
development_DiagReachK3_s187_W2_SS,DiagReachK3,W2,SS,187,3,1,20,3,False,False,False,False,0.3659061789512634,1.6946213245391846
development_DiagReachK3_s187_W2_SS,DiagReachK3,W2,SS,187,3,2,20,1,False,False,False,False,0.22941572964191437,3.0400259494781494
development_DiagReachK3_s187_W2_SS,DiagReachK3,W2,SS,187,4,0,20,6,False,False,False,False,0.4685392677783966,2.040184497833252
development_DiagReachK3_s187_W2_SS,DiagReachK3,W2,SS,187,4,1,20,6,False,False,False,False,0.4802180826663971,1.310901403427124
development_DiagReachK3_s187_W2_SS,DiagReachK3,W2,SS,187,4,2,20,3,False,False,False,False,0.3712298572063446,2.3696353435516357
development_DiagReachK3_s187_W2_SS,DiagReachK3,W2,SS,187,5,0,20,4,False,False,False,False,0.41330593824386597,1.8734232187271118
development_DiagReachK3_s187_W2_SS,DiagReachK3,W2,SS,187,5,1,20,5,False,False,False,False,0.4501974582672119,1.8090115785598755
development_DiagReachK3_s187_W2_SS,DiagReachK3,W2,SS,187,5,2,20,3,False,False,False,False,0.3758646547794342,2.8962340354919434
development_DiagReachK3_s187_W2_SS,DiagReachK3,W2,SS,187,6,0,20,5,False,False,False,False,0.4429607391357422,2.438462495803833
development_DiagReachK3_s187_W2_SS,DiagReachK3,W2,SS,187,6,1,20,5,False,False,False,False,0.41636648774147034,2.101465940475464
development_DiagReachK3_s187_W2_SS,DiagReachK3,W2,SS,187,6,2,20,4,False,False,False,False,0.40169310569763184,3.7809982299804688
development_DiagReachK3_s187_W2_SS,DiagReachK3,W2,SS,187,7,0,20,2,False,False,False,False,0.31578949093818665,1.3248403072357178
development_DiagReachK3_s187_W2_SS,DiagReachK3,W2,SS,187,7,1,20,6,False,False,False,False,0.4753867983818054,1.376322865486145
development_DiagReachK3_s187_W2_SS,DiagReachK3,W2,SS,187,7,2,20,2,False,False,False,False,0.31578949093818665,2.072749137878418
development_DiagReachK3_s187_W2_SS,DiagReachK3,W2,SS,187,8,0,20,5,False,False,False,False,0.4356038272380829,2.19545316696167
development_DiagReachK3_s187_W2_SS,DiagReachK3,W2,SS,187,8,1,20,8,False,False,False,False,0.5061942934989929,1.2470594644546509
development_DiagReachK3_s187_W2_SS,DiagReachK3,W2,SS,187,8,2,20,3,False,False,False,False,0.35501939058303833,2.5902018547058105
development_DiagReachK3_s187_W2_SS,DiagReachK3,W2,SS,187,9,0,20,3,False,False,False,False,0.3659061789512634,1.7762629985809326
development_DiagReachK3_s187_W2_SS,DiagReachK3,W2,SS,187,9,1,20,4,False,False,False,False,0.41330593824386597,1.7048075199127197
development_DiagReachK3_s187_W2_SS,DiagReachK3,W2,SS,187,9,2,20,1,False,False,False,False,0.21964886784553528,2.818300247192383
development_DiagReachK3_s187_W2_SS,DiagReachK3,W2,SS,187,10,0,20,4,False,False,False,False,0.40484142303466797,1.6366629600524902
development_DiagReachK3_s187_W2_SS,DiagReachK3,W2,SS,187,10,1,20,5,False,False,False,False,0.4356038272380829,1.903834342956543
development_DiagReachK3_s187_W2_SS,DiagReachK3,W2,SS,187,10,2,20,4,False,False,False,False,0.41330593824386597,2.714536428451538
development_DiagReachK3_s187_W2_SS,DiagReachK3,W2,SS,187,11,0,20,1,False,False,False,False,0.21964885294437408,1.8061578273773193
development_DiagReachK3_s187_W2_SS,DiagReachK3,W2,SS,187,11,1,20,5,False,False,False,False,0.4501974582672119,1.2105886936187744
development_DiagReachK3_s187_W2_SS,DiagReachK3,W2,SS,187,11,2,20,1,False,False,False,False,0.22941572964191437,2.2909932136535645
development_DiagReachK3_s187_W2_SS,DiagReachK3,W2,SS,187,12,0,20,4,False,False,False,False,0.40169310569763184,1.858504056930542
development_DiagReachK3_s187_W2_SS,DiagReachK3,W2,SS,187,12,1,20,4,False,False,False,False,0.39938780665397644,1.869118332862854
development_DiagReachK3_s187_W2_SS,DiagReachK3,W2,SS,187,12,2,20,3,False,False,False,False,0.36114367842674255,2.8994624614715576
development_DiagReachK3_s187_W2_SS,DiagReachK3,W2,SS,187,13,0,20,6,False,False,False,False,0.468539297580719,2.0562222003936768
development_DiagReachK3_s187_W2_SS,DiagReachK3,W2,SS,187,13,1,20,2,False,False,False,False,0.29656389355659485,1.3141144514083862
development_DiagReachK3_s187_W2_SS,DiagReachK3,W2,SS,187,13,2,20,4,False,False,False,False,0.41747382283210754,2.3459367752075195
development_DiagReachK3_s187_W2_SS,DiagReachK3,W2,SS,187,14,0,20,5,False,False,False,False,0.4429607391357422,2.032163381576538
development_DiagReachK3_s187_W2_SS,DiagReachK3,W2,SS,187,14,1,20,3,False,False,False,False,0.3712298572063446,1.8039549589157104
development_DiagReachK3_s187_W2_SS,DiagReachK3,W2,SS,187,14,2,20,2,False,False,False,False,0.3095136880874634,3.008708953857422
development_DiagReachK3_s187_W2_SS,DiagReachK3,W2,SS,187,15,0,20,3,False,False,False,False,0.3712298572063446,1.406973123550415
development_DiagReachK3_s187_W2_SS,DiagReachK3,W2,SS,187,15,1,20,1,False,False,False,False,0.21964885294437408,1.3464993238449097
development_DiagReachK3_s187_W2_SS,DiagReachK3,W2,SS,187,15,2,20,2,False,False,False,False,0.31578946113586426,1.9941051006317139
development_DiagReachK3_s187_W2_SS,DiagReachK3,W2,SS,187,16,0,20,4,False,False,False,False,0.4138640761375427,1.5452189445495605
development_DiagReachK3_s187_W2_SS,DiagReachK3,W2,SS,187,16,1,20,6,False,False,False,False,0.46209007501602173,1.737196445465088
development_DiagReachK3_s187_W2_SS,DiagReachK3,W2,SS,187,16,2,20,3,False,False,False,False,0.36653652787208557,2.6070709228515625
development_DiagReachK3_s187_W2_SS,DiagReachK3,W2,SS,187,17,0,20,4,False,False,False,False,0.40054211020469666,1.7663859128952026
development_DiagReachK3_s187_W2_SS,DiagReachK3,W2,SS,187,17,1,20,5,False,False,False,False,0.4326794147491455,2.206930637359619
development_DiagReachK3_s187_W2_SS,DiagReachK3,W2,SS,187,17,2,20,2,False,False,False,False,0.2882750332355499,3.1712839603424072
development_DiagReachK3_s187_W2_SS,DiagReachK3,W2,SS,187,18,0,20,5,False,False,False,False,0.44968441128730774,1.7785754203796387
development_DiagReachK3_s187_W2_SS,DiagReachK3,W2,SS,187,18,1,20,5,False,False,False,False,0.44348159432411194,1.4429882764816284
development_DiagReachK3_s187_W2_SS,DiagReachK3,W2,SS,187,18,2,20,4,False,False,False,False,0.41747382283210754,2.6017723083496094
development_DiagReachK3_s187_W2_SS,DiagReachK3,W2,SS,187,19,0,20,2,False,False,False,False,0.31578949093818665,1.6863723993301392
development_DiagReachK3_s187_W2_SS,DiagReachK3,W2,SS,187,19,1,20,3,False,False,False,False,0.34445881843566895,1.6805485486984253
development_DiagReachK3_s187_W2_SS,DiagReachK3,W2,SS,187,19,2,20,1,False,False,False,False,0.22941572964191437,2.390427350997925
development_DiagReachK3_s187_W2_SS,DiagReachK3,W2,SS,187,20,0,20,4,False,False,False,False,0.3967783451080322,2.5490729808807373
development_DiagReachK3_s187_W2_SS,DiagReachK3,W2,SS,187,20,1,20,3,False,False,False,False,0.36114364862442017,1.3766138553619385
development_DiagReachK3_s187_W2_SS,DiagReachK3,W2,SS,187,20,2,20,5,False,False,False,False,0.4385088086128235,3.5096967220306396
development_DiagReachK3_s187_W2_SS,DiagReachK3,W2,SS,187,21,0,20,6,False,False,False,False,0.4758721590042114,1.629676342010498
development_DiagReachK3_s187_W2_SS,DiagReachK3,W2,SS,187,21,1,20,3,False,False,False,False,0.35501939058303833,1.7079427242279053
development_DiagReachK3_s187_W2_SS,DiagReachK3,W2,SS,187,21,2,20,2,False,False,False,False,0.29578447341918945,2.4252185821533203
development_DiagReachK3_s187_W2_SS,DiagReachK3,W2,SS,187,22,0,20,5,False,False,False,False,0.44348159432411194,1.942443609237671
development_DiagReachK3_s187_W2_SS,DiagReachK3,W2,SS,187,22,1,20,2,False,False,False,False,0.29656389355659485,1.6317479610443115
development_DiagReachK3_s187_W2_SS,DiagReachK3,W2,SS,187,22,2,20,3,False,False,False,False,0.371229887008667,2.833223342895508
development_DiagReachK3_s187_W2_SS,DiagReachK3,W2,SS,187,23,0,20,4,False,False,False,False,0.3912123143672943,1.8750722408294678
development_DiagReachK3_s187_W2_SS,DiagReachK3,W2,SS,187,23,1,20,5,False,False,False,False,0.44348159432411194,1.6479753255844116
development_DiagReachK3_s187_W2_SS,DiagReachK3,W2,SS,187,23,2,20,5,False,False,False,False,0.44968441128730774,2.437577724456787
development_DiagReachK3_s187_W2_SS,DiagReachK3,W2,SS,187,24,0,20,4,False,False,False,False,0.40054208040237427,1.518820881843567
development_DiagReachK3_s187_W2_SS,DiagReachK3,W2,SS,187,24,1,20,4,False,False,False,False,0.4138640761375427,1.3342585563659668
development_DiagReachK3_s187_W2_SS,DiagReachK3,W2,SS,187,24,2,20,2,False,False,False,False,0.309513658285141,1.9732120037078857
