id,task,arm,seed,host,status,live,observed_steps,training_reward,training_cost,reward_mean,cost_mean,final_artifact_audit,error
SafetyAntButton0-v0__safeot_eps0.1__s1,SafetyAntButton0-v0,safeot_eps0.1,1,30109,training,True,1740000,7.981369346187643,0.0,,,,
SafetyAntButton1-v0__safeot_eps0.1__s1,SafetyAntButton1-v0,safeot_eps0.1,1,5090,training,True,1100000,-0.14477457659449666,3.34,,,,
SafetyAntButton2-v0__safeot_eps0.1__s1,SafetyAntButton2-v0,safeot_eps0.1,1,aliyun,training,True,840000,-0.09399940873470923,6.04,,,,
SafetyAntCircle0-v0__safeot_eps0.1__s1,SafetyAntCircle0-v0,safeot_eps0.1,1,30109,training,True,1540000,3.0705835574225495,0.0,,,,
SafetyAntCircle1-v0__safeot_eps0.1__s1,SafetyAntCircle1-v0,safeot_eps0.1,1,5090,training,True,1340000,0.09262661712157383,4.86,,,,
SafetyAntCircle2-v0__safeot_eps0.1__s1,SafetyAntCircle2-v0,safeot_eps0.1,1,aliyun,training,True,1060000,0.03639731601120667,6.24,,,,
SafetyAntGoal0-v0__safeot_eps0.1__s1,SafetyAntGoal0-v0,safeot_eps0.1,1,30109,training,True,1520000,5.4877525118328485,0.0,,,,
SafetyAntGoal1-v0__safeot_eps0.1__s1,SafetyAntGoal1-v0,safeot_eps0.1,1,5090,complete,False,2000000,9.046764486628431,32.38,0.819661737525082,27.147435897435898,passed,
SafetyAntGoal2-v0__safeot_eps0.1__s1,SafetyAntGoal2-v0,safeot_eps0.1,1,aliyun,training,True,1080000,-0.04461351316594339,1.8,,,,
SafetyAntPush0-v0__safeot_eps0.1__s1,SafetyAntPush0-v0,safeot_eps0.1,1,30109,training,True,1200000,-0.7694519615187122,0.0,,,,
SafetyAntPush1-v0__safeot_eps0.1__s1,SafetyAntPush1-v0,safeot_eps0.1,1,5090,complete,False,2000000,-0.37568428902978335,19.76,0.008903547909792317,0.0,passed,
SafetyAntPush2-v0__safeot_eps0.1__s1,SafetyAntPush2-v0,safeot_eps0.1,1,aliyun,training,True,1960000,-0.21252036226894702,36.7,,,,
SafetyAntRun0-v0__safeot_eps0.1__s1,SafetyAntRun0-v0,safeot_eps0.1,1,30109,training,True,720000,3.178457426617679,10.68,,,,
SafetyAntVelocity-v0__safeot_eps0.1__s1,SafetyAntVelocity-v0,safeot_eps0.1,1,5090,complete,False,2000000,2470.6166308057545,37.1,2756.4674853774814,12.33974358974359,passed,
SafetyAntVelocity-v1__safeot_eps0.1__s1,SafetyAntVelocity-v1,safeot_eps0.1,1,aliyun,complete,False,2000000,2780.8520029444,28.22,2956.8372479826326,13.51602564102564,passed,
SafetyCarButton0-v0__safeot_eps0.1__s1,SafetyCarButton0-v0,safeot_eps0.1,1,30109,evaluating,True,2000000,21.286263307385795,0.0,,,,
SafetyCarButton1-v0__safeot_eps0.1__s1,SafetyCarButton1-v0,safeot_eps0.1,1,5090,complete,False,2000000,-0.7828470567640948,35.32,-7.296017999759845,24.682692307692307,passed,
SafetyCarButton2-v0__safeot_eps0.1__s1,SafetyCarButton2-v0,safeot_eps0.1,1,aliyun,complete,False,2000000,0.12273119509128999,42.36,-2.5921730212519796,34.032051282051285,passed,
SafetyCarCircle0-v0__safeot_eps0.1__s1,SafetyCarCircle0-v0,safeot_eps0.1,1,30109,evaluating,True,2000000,19.947133615706406,0.0,,,,
SafetyCarCircle1-v0__safeot_eps0.1__s1,SafetyCarCircle1-v0,safeot_eps0.1,1,5090,complete,False,2000000,15.78747187120654,22.4,16.970188046003578,64.01923076923077,passed,
SafetyCarCircle2-v0__safeot_eps0.1__s1,SafetyCarCircle2-v0,safeot_eps0.1,1,aliyun,complete,False,2000000,15.129687172100029,22.32,15.560720167350155,44.63782051282051,passed,
SafetyCarGoal0-v0__safeot_eps0.1__s1,SafetyCarGoal0-v0,safeot_eps0.1,1,30109,complete,False,2000000,38.58176601864118,0.0,38.20281048853454,0.0,passed,
SafetyCarGoal1-v0__safeot_eps0.1__s1,SafetyCarGoal1-v0,safeot_eps0.1,1,5090,complete,False,2000000,20.5905279583229,32.9,8.748295371858072,25.78525641025641,passed,
SafetyCarGoal2-v0__safeot_eps0.1__s1,SafetyCarGoal2-v0,safeot_eps0.1,1,aliyun,complete,False,2000000,2.393433853379613,27.16,2.4536539949787914,27.368589743589745,passed,
SafetyCarPush0-v0__safeot_eps0.1__s1,SafetyCarPush0-v0,safeot_eps0.1,1,30109,complete,False,2000000,-0.10210638163651463,0.0,-0.015409797241656017,0.0,passed,
SafetyCarPush1-v0__safeot_eps0.1__s1,SafetyCarPush1-v0,safeot_eps0.1,1,5090,complete,False,2000000,0.4065211640178205,25.54,0.3662853556278318,38.36217948717949,passed,
SafetyCarPush2-v0__safeot_eps0.1__s1,SafetyCarPush2-v0,safeot_eps0.1,1,aliyun,complete,False,2000000,0.5493773321693477,43.92,0.2773202345103402,69.69551282051282,passed,
SafetyCarRun0-v0__safeot_eps0.1__s1,SafetyCarRun0-v0,safeot_eps0.1,1,30109,complete,False,2000000,192.92407921252655,97.04,356.33564828038044,121.84294871794872,passed,
SafetyDoggoButton0-v0__safeot_eps0.1__s1,SafetyDoggoButton0-v0,safeot_eps0.1,1,5090,complete,False,2000000,3.7003661776487995,0.0,0.8512571614324624,0.0,passed,
SafetyDoggoButton1-v0__safeot_eps0.1__s1,SafetyDoggoButton1-v0,safeot_eps0.1,1,aliyun,complete,False,2000000,0.342146288995174,32.68,0.005231761081565627,0.0,passed,
SafetyDoggoButton2-v0__safeot_eps0.1__s1,SafetyDoggoButton2-v0,safeot_eps0.1,1,30109,training,True,1060000,0.9501431982593316,67.56,,,,
SafetyDoggoCircle0-v0__safeot_eps0.1__s1,SafetyDoggoCircle0-v0,safeot_eps0.1,1,5090,complete,False,2000000,6.114874200405777,0.0,8.935302836288255,0.0,passed,
SafetyDoggoCircle1-v0__safeot_eps0.1__s1,SafetyDoggoCircle1-v0,safeot_eps0.1,1,aliyun,complete,False,2000000,2.26782684172225,27.7,1.8990988068496542,70.01282051282051,passed,
SafetyDoggoCircle2-v0__safeot_eps0.1__s1,SafetyDoggoCircle2-v0,safeot_eps0.1,1,30109,training,True,1760000,3.321480450859122,20.14,,,,
SafetyDoggoGoal0-v0__safeot_eps0.1__s1,SafetyDoggoGoal0-v0,safeot_eps0.1,1,5090,complete,False,2000000,7.148887545496999,0.0,2.153214486778723,0.0,passed,
SafetyDoggoGoal1-v0__safeot_eps0.1__s1,SafetyDoggoGoal1-v0,safeot_eps0.1,1,aliyun,complete,False,2000000,0.5349670027244355,11.4,0.03178772368397382,0.0,passed,
SafetyDoggoGoal2-v0__safeot_eps0.1__s1,SafetyDoggoGoal2-v0,safeot_eps0.1,1,30109,training,True,1160000,0.44322821042923466,33.26,,,,
SafetyDoggoPush0-v0__safeot_eps0.1__s1,SafetyDoggoPush0-v0,safeot_eps0.1,1,5090,pending,False,0,,,,,,
SafetyDoggoPush1-v0__safeot_eps0.1__s1,SafetyDoggoPush1-v0,safeot_eps0.1,1,aliyun,complete,False,2000000,0.5581644108611349,9.22,0.12890318306773343,2.66025641025641,passed,
SafetyDoggoPush2-v0__safeot_eps0.1__s1,SafetyDoggoPush2-v0,safeot_eps0.1,1,30109,training,True,1440000,0.4182047605714165,11.46,,,,
SafetyDoggoRun0-v0__safeot_eps0.1__s1,SafetyDoggoRun0-v0,safeot_eps0.1,1,5090,pending,False,0,,,,,,
SafetyHalfCheetahVelocity-v0__safeot_eps0.1__s1,SafetyHalfCheetahVelocity-v0,safeot_eps0.1,1,aliyun,complete,False,2000000,1402.8877040160216,6.18,1528.9470530408398,3.4166666666666665,passed,
SafetyHalfCheetahVelocity-v1__safeot_eps0.1__s1,SafetyHalfCheetahVelocity-v1,safeot_eps0.1,1,30109,complete,False,2000000,1435.915330958728,18.08,1533.0016843775027,25.791666666666668,passed,
SafetyHopperVelocity-v0__safeot_eps0.1__s1,SafetyHopperVelocity-v0,safeot_eps0.1,1,5090,training,True,1840000,947.3799715226683,41.86,,,,
SafetyHopperVelocity-v1__safeot_eps0.1__s1,SafetyHopperVelocity-v1,safeot_eps0.1,1,aliyun,complete,False,2000000,334.0482773537614,9.2,380.6148148909526,17.137820512820515,passed,
SafetyHumanoidVelocity-v0__safeot_eps0.1__s1,SafetyHumanoidVelocity-v0,safeot_eps0.1,1,30109,complete,False,2000000,646.377375658527,0.18,770.9401351345674,0.038461538461538464,passed,
SafetyHumanoidVelocity-v1__safeot_eps0.1__s1,SafetyHumanoidVelocity-v1,safeot_eps0.1,1,5090,complete,False,2000000,590.4084558043211,2.32,747.7768670819738,4.471153846153846,passed,
SafetyPointButton0-v0__safeot_eps0.1__s1,SafetyPointButton0-v0,safeot_eps0.1,1,aliyun,complete,False,2000000,35.55258854981602,0.0,35.35282587619102,0.0,passed,
SafetyPointButton1-v0__safeot_eps0.1__s1,SafetyPointButton1-v0,safeot_eps0.1,1,30109,training,True,1860000,6.396756816409336,32.28,,,,
SafetyPointButton2-v0__safeot_eps0.1__s1,SafetyPointButton2-v0,safeot_eps0.1,1,5090,complete,False,2000000,3.3854667376059977,24.32,3.9928610548066104,37.169871794871796,passed,
SafetyPointCircle0-v0__safeot_eps0.1__s1,SafetyPointCircle0-v0,safeot_eps0.1,1,aliyun,complete,False,2000000,51.43727957349499,0.0,52.109515187015504,0.0,passed,
SafetyPointCircle1-v0__safeot_eps0.1__s1,SafetyPointCircle1-v0,safeot_eps0.1,1,30109,complete,False,2000000,45.871768131390226,18.16,45.1791365919618,3.753205128205128,passed,
SafetyPointCircle2-v0__safeot_eps0.1__s1,SafetyPointCircle2-v0,safeot_eps0.1,1,5090,evaluating,True,2000000,42.38989620084358,12.86,,,,
SafetyPointGoal0-v0__safeot_eps0.1__s1,SafetyPointGoal0-v0,safeot_eps0.1,1,aliyun,complete,False,2000000,27.219423336327495,0.0,27.109958392053503,0.0,passed,
SafetyPointGoal1-v0__safeot_eps0.1__s1,SafetyPointGoal1-v0,safeot_eps0.1,1,30109,pending,False,0,,,,,,
SafetyPointGoal2-v0__safeot_eps0.1__s1,SafetyPointGoal2-v0,safeot_eps0.1,1,5090,complete,False,2000000,1.5956030424672754,28.48,1.8124846004635264,39.43910256410256,passed,
SafetyPointPush0-v0__safeot_eps0.1__s1,SafetyPointPush0-v0,safeot_eps0.1,1,aliyun,complete,False,2000000,0.41628464745814037,0.0,0.3764729706254676,0.0,passed,
SafetyPointPush1-v0__safeot_eps0.1__s1,SafetyPointPush1-v0,safeot_eps0.1,1,30109,pending,False,0,,,,,,
SafetyPointPush2-v0__safeot_eps0.1__s1,SafetyPointPush2-v0,safeot_eps0.1,1,5090,complete,False,2000000,0.4557876195735629,23.38,0.3879526331368146,28.025641025641026,passed,
SafetyPointRun0-v0__safeot_eps0.1__s1,SafetyPointRun0-v0,safeot_eps0.1,1,aliyun,complete,False,2000000,168.0423827477725,163.58,145.75538591928793,296.20512820512823,passed,
SafetyRacecarButton0-v0__safeot_eps0.1__s1,SafetyRacecarButton0-v0,safeot_eps0.1,1,30109,pending,False,0,,,,,,
SafetyRacecarButton1-v0__safeot_eps0.1__s1,SafetyRacecarButton1-v0,safeot_eps0.1,1,5090,evaluating,True,2000000,-0.7501340334940281,18.4,,,,
SafetyRacecarButton2-v0__safeot_eps0.1__s1,SafetyRacecarButton2-v0,safeot_eps0.1,1,aliyun,training,True,1720000,-1.0553724743348183,21.52,,,,
SafetyRacecarCircle0-v0__safeot_eps0.1__s1,SafetyRacecarCircle0-v0,safeot_eps0.1,1,30109,pending,False,0,,,,,,
SafetyRacecarCircle1-v0__safeot_eps0.1__s1,SafetyRacecarCircle1-v0,safeot_eps0.1,1,5090,complete,False,2000000,30.05092304411241,33.84,30.128141101178734,15.195512820512821,passed,
SafetyRacecarCircle2-v0__safeot_eps0.1__s1,SafetyRacecarCircle2-v0,safeot_eps0.1,1,aliyun,complete,False,2000000,18.988547497426353,16.22,16.046613798755025,21.897435897435898,passed,
SafetyRacecarGoal0-v0__safeot_eps0.1__s1,SafetyRacecarGoal0-v0,safeot_eps0.1,1,30109,pending,False,0,,,,,,
SafetyRacecarGoal1-v0__safeot_eps0.1__s1,SafetyRacecarGoal1-v0,safeot_eps0.1,1,5090,evaluating,True,2000000,2.405187275678675,37.7,,,,
SafetyRacecarGoal2-v0__safeot_eps0.1__s1,SafetyRacecarGoal2-v0,safeot_eps0.1,1,aliyun,training,True,1560000,0.7766517096961907,81.16,,,,
SafetyRacecarPush0-v0__safeot_eps0.1__s1,SafetyRacecarPush0-v0,safeot_eps0.1,1,30109,pending,False,0,,,,,,
SafetyRacecarPush1-v0__safeot_eps0.1__s1,SafetyRacecarPush1-v0,safeot_eps0.1,1,5090,complete,False,2000000,0.06907636340686465,30.0,-0.19482119186462926,17.689102564102566,passed,
SafetyRacecarPush2-v0__safeot_eps0.1__s1,SafetyRacecarPush2-v0,safeot_eps0.1,1,aliyun,complete,False,2000000,0.06950984755297944,14.56,-0.2540579872255795,29.618589743589745,passed,
SafetyRacecarRun0-v0__safeot_eps0.1__s1,SafetyRacecarRun0-v0,safeot_eps0.1,1,30109,pending,False,0,,,,,,
SafetySwimmerVelocity-v0__safeot_eps0.1__s1,SafetySwimmerVelocity-v0,safeot_eps0.1,1,5090,pending,False,0,,,,,,
SafetySwimmerVelocity-v1__safeot_eps0.1__s1,SafetySwimmerVelocity-v1,safeot_eps0.1,1,aliyun,pending,False,0,,,,,,
SafetyWalker2dVelocity-v0__safeot_eps0.1__s1,SafetyWalker2dVelocity-v0,safeot_eps0.1,1,30109,training,True,1580000,1865.6879473441377,13.92,,,,
SafetyWalker2dVelocity-v1__safeot_eps0.1__s1,SafetyWalker2dVelocity-v1,safeot_eps0.1,1,5090,pending,False,0,,,,,,
SafetyAntButton0-v0__safeot_eps1__s1,SafetyAntButton0-v0,safeot_eps1,1,30109,training,True,40000,-0.04117083980751332,0.0,,,,
SafetyAntButton1-v0__safeot_eps1__s1,SafetyAntButton1-v0,safeot_eps1,1,5090,pending,False,0,,,,,,
SafetyAntButton2-v0__safeot_eps1__s1,SafetyAntButton2-v0,safeot_eps1,1,aliyun,pending,False,0,,,,,,
SafetyAntCircle0-v0__safeot_eps1__s1,SafetyAntCircle0-v0,safeot_eps1,1,30109,training,True,80000,-0.07281516170860469,0.0,,,,
SafetyAntCircle1-v0__safeot_eps1__s1,SafetyAntCircle1-v0,safeot_eps1,1,5090,training,True,300000,-0.03453363077118353,11.92,,,,
SafetyAntCircle2-v0__safeot_eps1__s1,SafetyAntCircle2-v0,safeot_eps1,1,aliyun,pending,False,0,,,,,,
SafetyAntGoal0-v0__safeot_eps1__s1,SafetyAntGoal0-v0,safeot_eps1,1,30109,pending,False,0,,,,,,
SafetyAntGoal1-v0__safeot_eps1__s1,SafetyAntGoal1-v0,safeot_eps1,1,5090,training,True,880000,-0.14213266445771772,15.54,,,,
SafetyAntGoal2-v0__safeot_eps1__s1,SafetyAntGoal2-v0,safeot_eps1,1,aliyun,pending,False,0,,,,,,
SafetyAntPush0-v0__safeot_eps1__s1,SafetyAntPush0-v0,safeot_eps1,1,30109,pending,False,0,,,,,,
SafetyAntPush1-v0__safeot_eps1__s1,SafetyAntPush1-v0,safeot_eps1,1,5090,pending,False,0,,,,,,
SafetyAntPush2-v0__safeot_eps1__s1,SafetyAntPush2-v0,safeot_eps1,1,aliyun,training,True,1420000,0.09163373747432875,13.1,,,,
SafetyAntRun0-v0__safeot_eps1__s1,SafetyAntRun0-v0,safeot_eps1,1,30109,pending,False,0,,,,,,
SafetyAntVelocity-v0__safeot_eps1__s1,SafetyAntVelocity-v0,safeot_eps1,1,5090,training,True,1060000,1519.9804273920693,19.92,,,,
SafetyAntVelocity-v1__safeot_eps1__s1,SafetyAntVelocity-v1,safeot_eps1,1,aliyun,training,True,700000,813.6485253497334,0.6,,,,
SafetyCarButton0-v0__safeot_eps1__s1,SafetyCarButton0-v0,safeot_eps1,1,30109,pending,False,0,,,,,,
SafetyCarButton1-v0__safeot_eps1__s1,SafetyCarButton1-v0,safeot_eps1,1,5090,training,True,1160000,1.2764421565955968,51.44,,,,
SafetyCarButton2-v0__safeot_eps1__s1,SafetyCarButton2-v0,safeot_eps1,1,aliyun,training,True,920000,1.6840816068309739,77.0,,,,
SafetyCarCircle0-v0__safeot_eps1__s1,SafetyCarCircle0-v0,safeot_eps1,1,30109,training,True,1700000,19.548294703075275,0.0,,,,
SafetyCarCircle1-v0__safeot_eps1__s1,SafetyCarCircle1-v0,safeot_eps1,1,5090,pending,False,0,,,,,,
SafetyCarCircle2-v0__safeot_eps1__s1,SafetyCarCircle2-v0,safeot_eps1,1,aliyun,training,True,520000,10.786578615729322,5.24,,,,
SafetyCarGoal0-v0__safeot_eps1__s1,SafetyCarGoal0-v0,safeot_eps1,1,30109,training,True,1460000,38.03677772215192,0.0,,,,
SafetyCarGoal1-v0__safeot_eps1__s1,SafetyCarGoal1-v0,safeot_eps1,1,5090,training,True,480000,7.061742656712889,31.46,,,,
SafetyCarGoal2-v0__safeot_eps1__s1,SafetyCarGoal2-v0,safeot_eps1,1,aliyun,training,True,980000,1.7059754986144053,20.04,,,,
SafetyCarPush0-v0__safeot_eps1__s1,SafetyCarPush0-v0,safeot_eps1,1,30109,pending,False,0,,,,,,
SafetyCarPush1-v0__safeot_eps1__s1,SafetyCarPush1-v0,safeot_eps1,1,5090,pending,False,0,,,,,,
SafetyCarPush2-v0__safeot_eps1__s1,SafetyCarPush2-v0,safeot_eps1,1,aliyun,training,True,60000,-0.26410558110982607,22.14,,,,
SafetyCarRun0-v0__safeot_eps1__s1,SafetyCarRun0-v0,safeot_eps1,1,30109,training,True,560000,249.72356654092437,133.92,,,,
SafetyDoggoButton0-v0__safeot_eps1__s1,SafetyDoggoButton0-v0,safeot_eps1,1,5090,training,True,320000,0.6657452653282726,0.0,,,,
SafetyDoggoButton1-v0__safeot_eps1__s1,SafetyDoggoButton1-v0,safeot_eps1,1,aliyun,training,True,460000,0.3841793948504382,39.08,,,,
SafetyDoggoButton2-v0__safeot_eps1__s1,SafetyDoggoButton2-v0,safeot_eps1,1,30109,pending,False,0,,,,,,
SafetyDoggoCircle0-v0__safeot_eps1__s1,SafetyDoggoCircle0-v0,safeot_eps1,1,5090,pending,False,0,,,,,,
SafetyDoggoCircle1-v0__safeot_eps1__s1,SafetyDoggoCircle1-v0,safeot_eps1,1,aliyun,training,True,820000,0.28924918151935924,1.88,,,,
SafetyDoggoCircle2-v0__safeot_eps1__s1,SafetyDoggoCircle2-v0,safeot_eps1,1,30109,pending,False,0,,,,,,
SafetyDoggoGoal0-v0__safeot_eps1__s1,SafetyDoggoGoal0-v0,safeot_eps1,1,5090,pending,False,0,,,,,,
SafetyDoggoGoal1-v0__safeot_eps1__s1,SafetyDoggoGoal1-v0,safeot_eps1,1,aliyun,training,True,460000,0.285491788691999,38.32,,,,
SafetyDoggoGoal2-v0__safeot_eps1__s1,SafetyDoggoGoal2-v0,safeot_eps1,1,30109,pending,False,0,,,,,,
SafetyDoggoPush0-v0__safeot_eps1__s1,SafetyDoggoPush0-v0,safeot_eps1,1,5090,pending,False,0,,,,,,
SafetyDoggoPush1-v0__safeot_eps1__s1,SafetyDoggoPush1-v0,safeot_eps1,1,aliyun,complete,False,2000000,0.32890047362962294,9.4,0.08294862592495503,3.0128205128205128,passed,
SafetyDoggoPush2-v0__safeot_eps1__s1,SafetyDoggoPush2-v0,safeot_eps1,1,30109,pending,False,0,,,,,,
SafetyDoggoRun0-v0__safeot_eps1__s1,SafetyDoggoRun0-v0,safeot_eps1,1,5090,pending,False,0,,,,,,
SafetyHalfCheetahVelocity-v0__safeot_eps1__s1,SafetyHalfCheetahVelocity-v0,safeot_eps1,1,aliyun,complete,False,2000000,1372.183171700922,20.8,1523.3187510929426,32.73076923076923,passed,
SafetyHalfCheetahVelocity-v1__safeot_eps1__s1,SafetyHalfCheetahVelocity-v1,safeot_eps1,1,30109,pending,False,0,,,,,,
SafetyHopperVelocity-v0__safeot_eps1__s1,SafetyHopperVelocity-v0,safeot_eps1,1,5090,pending,False,0,,,,,,
SafetyHopperVelocity-v1__safeot_eps1__s1,SafetyHopperVelocity-v1,safeot_eps1,1,aliyun,complete,False,2000000,604.8142705298653,46.64,831.7203408657653,37.032051282051285,passed,
SafetyHumanoidVelocity-v0__safeot_eps1__s1,SafetyHumanoidVelocity-v0,safeot_eps1,1,30109,pending,False,0,,,,,,
SafetyHumanoidVelocity-v1__safeot_eps1__s1,SafetyHumanoidVelocity-v1,safeot_eps1,1,5090,pending,False,0,,,,,,
SafetyPointButton0-v0__safeot_eps1__s1,SafetyPointButton0-v0,safeot_eps1,1,aliyun,training,True,1960000,36.19180949610088,0.0,,,,
SafetyPointButton1-v0__safeot_eps1__s1,SafetyPointButton1-v0,safeot_eps1,1,30109,pending,False,0,,,,,,
SafetyPointButton2-v0__safeot_eps1__s1,SafetyPointButton2-v0,safeot_eps1,1,5090,pending,False,0,,,,,,
SafetyPointCircle0-v0__safeot_eps1__s1,SafetyPointCircle0-v0,safeot_eps1,1,aliyun,complete,False,2000000,51.43727957349499,0.0,52.109515187015504,0.0,passed,
SafetyPointCircle1-v0__safeot_eps1__s1,SafetyPointCircle1-v0,safeot_eps1,1,30109,pending,False,0,,,,,,
SafetyPointCircle2-v0__safeot_eps1__s1,SafetyPointCircle2-v0,safeot_eps1,1,5090,pending,False,0,,,,,,
SafetyPointGoal0-v0__safeot_eps1__s1,SafetyPointGoal0-v0,safeot_eps1,1,aliyun,complete,False,2000000,27.219423336327495,0.0,27.109958392053503,0.0,passed,
SafetyPointGoal1-v0__safeot_eps1__s1,SafetyPointGoal1-v0,safeot_eps1,1,30109,pending,False,0,,,,,,
SafetyPointGoal2-v0__safeot_eps1__s1,SafetyPointGoal2-v0,safeot_eps1,1,5090,pending,False,0,,,,,,
SafetyPointPush0-v0__safeot_eps1__s1,SafetyPointPush0-v0,safeot_eps1,1,aliyun,evaluating,True,2000000,0.41628464745814037,0.0,,,,
SafetyPointPush1-v0__safeot_eps1__s1,SafetyPointPush1-v0,safeot_eps1,1,30109,pending,False,0,,,,,,
SafetyPointPush2-v0__safeot_eps1__s1,SafetyPointPush2-v0,safeot_eps1,1,5090,pending,False,0,,,,,,
SafetyPointRun0-v0__safeot_eps1__s1,SafetyPointRun0-v0,safeot_eps1,1,aliyun,pending,False,0,,,,,,
SafetyRacecarButton0-v0__safeot_eps1__s1,SafetyRacecarButton0-v0,safeot_eps1,1,30109,pending,False,0,,,,,,
SafetyRacecarButton1-v0__safeot_eps1__s1,SafetyRacecarButton1-v0,safeot_eps1,1,5090,pending,False,0,,,,,,
SafetyRacecarButton2-v0__safeot_eps1__s1,SafetyRacecarButton2-v0,safeot_eps1,1,aliyun,training,True,400000,-0.13136824224657168,94.26,,,,
SafetyRacecarCircle0-v0__safeot_eps1__s1,SafetyRacecarCircle0-v0,safeot_eps1,1,30109,pending,False,0,,,,,,
SafetyRacecarCircle1-v0__safeot_eps1__s1,SafetyRacecarCircle1-v0,safeot_eps1,1,5090,pending,False,0,,,,,,
SafetyRacecarCircle2-v0__safeot_eps1__s1,SafetyRacecarCircle2-v0,safeot_eps1,1,aliyun,pending,False,0,,,,,,
SafetyRacecarGoal0-v0__safeot_eps1__s1,SafetyRacecarGoal0-v0,safeot_eps1,1,30109,pending,False,0,,,,,,
SafetyRacecarGoal1-v0__safeot_eps1__s1,SafetyRacecarGoal1-v0,safeot_eps1,1,5090,pending,False,0,,,,,,
SafetyRacecarGoal2-v0__safeot_eps1__s1,SafetyRacecarGoal2-v0,safeot_eps1,1,aliyun,training,True,0,,,,,,
SafetyRacecarPush0-v0__safeot_eps1__s1,SafetyRacecarPush0-v0,safeot_eps1,1,30109,pending,False,0,,,,,,
SafetyRacecarPush1-v0__safeot_eps1__s1,SafetyRacecarPush1-v0,safeot_eps1,1,5090,pending,False,0,,,,,,
SafetyRacecarPush2-v0__safeot_eps1__s1,SafetyRacecarPush2-v0,safeot_eps1,1,aliyun,pending,False,0,,,,,,
SafetyRacecarRun0-v0__safeot_eps1__s1,SafetyRacecarRun0-v0,safeot_eps1,1,30109,pending,False,0,,,,,,
SafetySwimmerVelocity-v0__safeot_eps1__s1,SafetySwimmerVelocity-v0,safeot_eps1,1,5090,pending,False,0,,,,,,
SafetySwimmerVelocity-v1__safeot_eps1__s1,SafetySwimmerVelocity-v1,safeot_eps1,1,aliyun,pending,False,0,,,,,,
SafetyWalker2dVelocity-v0__safeot_eps1__s1,SafetyWalker2dVelocity-v0,safeot_eps1,1,30109,pending,False,0,,,,,,
SafetyWalker2dVelocity-v1__safeot_eps1__s1,SafetyWalker2dVelocity-v1,safeot_eps1,1,5090,pending,False,0,,,,,,
SafetyAntButton0-v0__safeot_eps3__s1,SafetyAntButton0-v0,safeot_eps3,1,30109,pending,False,0,,,,,,
SafetyAntButton1-v0__safeot_eps3__s1,SafetyAntButton1-v0,safeot_eps3,1,5090,pending,False,0,,,,,,
SafetyAntButton2-v0__safeot_eps3__s1,SafetyAntButton2-v0,safeot_eps3,1,aliyun,pending,False,0,,,,,,
SafetyAntCircle0-v0__safeot_eps3__s1,SafetyAntCircle0-v0,safeot_eps3,1,30109,pending,False,0,,,,,,
SafetyAntCircle1-v0__safeot_eps3__s1,SafetyAntCircle1-v0,safeot_eps3,1,5090,pending,False,0,,,,,,
SafetyAntCircle2-v0__safeot_eps3__s1,SafetyAntCircle2-v0,safeot_eps3,1,aliyun,pending,False,0,,,,,,
SafetyAntGoal0-v0__safeot_eps3__s1,SafetyAntGoal0-v0,safeot_eps3,1,30109,pending,False,0,,,,,,
SafetyAntGoal1-v0__safeot_eps3__s1,SafetyAntGoal1-v0,safeot_eps3,1,5090,pending,False,0,,,,,,
SafetyAntGoal2-v0__safeot_eps3__s1,SafetyAntGoal2-v0,safeot_eps3,1,aliyun,pending,False,0,,,,,,
SafetyAntPush0-v0__safeot_eps3__s1,SafetyAntPush0-v0,safeot_eps3,1,30109,pending,False,0,,,,,,
SafetyAntPush1-v0__safeot_eps3__s1,SafetyAntPush1-v0,safeot_eps3,1,5090,pending,False,0,,,,,,
SafetyAntPush2-v0__safeot_eps3__s1,SafetyAntPush2-v0,safeot_eps3,1,aliyun,pending,False,0,,,,,,
SafetyAntRun0-v0__safeot_eps3__s1,SafetyAntRun0-v0,safeot_eps3,1,30109,pending,False,0,,,,,,
SafetyAntVelocity-v0__safeot_eps3__s1,SafetyAntVelocity-v0,safeot_eps3,1,5090,pending,False,0,,,,,,
SafetyAntVelocity-v1__safeot_eps3__s1,SafetyAntVelocity-v1,safeot_eps3,1,aliyun,pending,False,0,,,,,,
SafetyCarButton0-v0__safeot_eps3__s1,SafetyCarButton0-v0,safeot_eps3,1,30109,pending,False,0,,,,,,
SafetyCarButton1-v0__safeot_eps3__s1,SafetyCarButton1-v0,safeot_eps3,1,5090,pending,False,0,,,,,,
SafetyCarButton2-v0__safeot_eps3__s1,SafetyCarButton2-v0,safeot_eps3,1,aliyun,pending,False,0,,,,,,
SafetyCarCircle0-v0__safeot_eps3__s1,SafetyCarCircle0-v0,safeot_eps3,1,30109,pending,False,0,,,,,,
SafetyCarCircle1-v0__safeot_eps3__s1,SafetyCarCircle1-v0,safeot_eps3,1,5090,pending,False,0,,,,,,
SafetyCarCircle2-v0__safeot_eps3__s1,SafetyCarCircle2-v0,safeot_eps3,1,aliyun,pending,False,0,,,,,,
SafetyCarGoal0-v0__safeot_eps3__s1,SafetyCarGoal0-v0,safeot_eps3,1,30109,pending,False,0,,,,,,
SafetyCarGoal1-v0__safeot_eps3__s1,SafetyCarGoal1-v0,safeot_eps3,1,5090,pending,False,0,,,,,,
SafetyCarGoal2-v0__safeot_eps3__s1,SafetyCarGoal2-v0,safeot_eps3,1,aliyun,pending,False,0,,,,,,
SafetyCarPush0-v0__safeot_eps3__s1,SafetyCarPush0-v0,safeot_eps3,1,30109,pending,False,0,,,,,,
SafetyCarPush1-v0__safeot_eps3__s1,SafetyCarPush1-v0,safeot_eps3,1,5090,pending,False,0,,,,,,
SafetyCarPush2-v0__safeot_eps3__s1,SafetyCarPush2-v0,safeot_eps3,1,aliyun,pending,False,0,,,,,,
SafetyCarRun0-v0__safeot_eps3__s1,SafetyCarRun0-v0,safeot_eps3,1,30109,pending,False,0,,,,,,
SafetyDoggoButton0-v0__safeot_eps3__s1,SafetyDoggoButton0-v0,safeot_eps3,1,5090,pending,False,0,,,,,,
SafetyDoggoButton1-v0__safeot_eps3__s1,SafetyDoggoButton1-v0,safeot_eps3,1,aliyun,pending,False,0,,,,,,
SafetyDoggoButton2-v0__safeot_eps3__s1,SafetyDoggoButton2-v0,safeot_eps3,1,30109,pending,False,0,,,,,,
SafetyDoggoCircle0-v0__safeot_eps3__s1,SafetyDoggoCircle0-v0,safeot_eps3,1,5090,pending,False,0,,,,,,
SafetyDoggoCircle1-v0__safeot_eps3__s1,SafetyDoggoCircle1-v0,safeot_eps3,1,aliyun,pending,False,0,,,,,,
SafetyDoggoCircle2-v0__safeot_eps3__s1,SafetyDoggoCircle2-v0,safeot_eps3,1,30109,pending,False,0,,,,,,
SafetyDoggoGoal0-v0__safeot_eps3__s1,SafetyDoggoGoal0-v0,safeot_eps3,1,5090,pending,False,0,,,,,,
SafetyDoggoGoal1-v0__safeot_eps3__s1,SafetyDoggoGoal1-v0,safeot_eps3,1,aliyun,training,True,80000,0.014112204122539818,7.44,,,,
SafetyDoggoGoal2-v0__safeot_eps3__s1,SafetyDoggoGoal2-v0,safeot_eps3,1,30109,pending,False,0,,,,,,
SafetyDoggoPush0-v0__safeot_eps3__s1,SafetyDoggoPush0-v0,safeot_eps3,1,5090,pending,False,0,,,,,,
SafetyDoggoPush1-v0__safeot_eps3__s1,SafetyDoggoPush1-v0,safeot_eps3,1,aliyun,training,True,1900000,0.30426927019401495,12.2,,,,
SafetyDoggoPush2-v0__safeot_eps3__s1,SafetyDoggoPush2-v0,safeot_eps3,1,30109,pending,False,0,,,,,,
SafetyDoggoRun0-v0__safeot_eps3__s1,SafetyDoggoRun0-v0,safeot_eps3,1,5090,pending,False,0,,,,,,
SafetyHalfCheetahVelocity-v0__safeot_eps3__s1,SafetyHalfCheetahVelocity-v0,safeot_eps3,1,aliyun,complete,False,2000000,1415.6452977511517,19.96,1517.7749123255717,15.64423076923077,passed,
SafetyHalfCheetahVelocity-v1__safeot_eps3__s1,SafetyHalfCheetahVelocity-v1,safeot_eps3,1,30109,pending,False,0,,,,,,
SafetyHopperVelocity-v0__safeot_eps3__s1,SafetyHopperVelocity-v0,safeot_eps3,1,5090,pending,False,0,,,,,,
SafetyHopperVelocity-v1__safeot_eps3__s1,SafetyHopperVelocity-v1,safeot_eps3,1,aliyun,pending,False,0,,,,,,
SafetyHumanoidVelocity-v0__safeot_eps3__s1,SafetyHumanoidVelocity-v0,safeot_eps3,1,30109,pending,False,0,,,,,,
SafetyHumanoidVelocity-v1__safeot_eps3__s1,SafetyHumanoidVelocity-v1,safeot_eps3,1,5090,pending,False,0,,,,,,
SafetyPointButton0-v0__safeot_eps3__s1,SafetyPointButton0-v0,safeot_eps3,1,aliyun,training,True,20000,-0.6827525099588017,0.0,,,,
SafetyPointButton1-v0__safeot_eps3__s1,SafetyPointButton1-v0,safeot_eps3,1,30109,pending,False,0,,,,,,
SafetyPointButton2-v0__safeot_eps3__s1,SafetyPointButton2-v0,safeot_eps3,1,5090,pending,False,0,,,,,,
SafetyPointCircle0-v0__safeot_eps3__s1,SafetyPointCircle0-v0,safeot_eps3,1,aliyun,training,True,220000,23.30560526197136,0.0,,,,
SafetyPointCircle1-v0__safeot_eps3__s1,SafetyPointCircle1-v0,safeot_eps3,1,30109,pending,False,0,,,,,,
SafetyPointCircle2-v0__safeot_eps3__s1,SafetyPointCircle2-v0,safeot_eps3,1,5090,pending,False,0,,,,,,
SafetyPointGoal0-v0__safeot_eps3__s1,SafetyPointGoal0-v0,safeot_eps3,1,aliyun,pending,False,0,,,,,,
SafetyPointGoal1-v0__safeot_eps3__s1,SafetyPointGoal1-v0,safeot_eps3,1,30109,pending,False,0,,,,,,
SafetyPointGoal2-v0__safeot_eps3__s1,SafetyPointGoal2-v0,safeot_eps3,1,5090,pending,False,0,,,,,,
SafetyPointPush0-v0__safeot_eps3__s1,SafetyPointPush0-v0,safeot_eps3,1,aliyun,pending,False,0,,,,,,
SafetyPointPush1-v0__safeot_eps3__s1,SafetyPointPush1-v0,safeot_eps3,1,30109,pending,False,0,,,,,,
SafetyPointPush2-v0__safeot_eps3__s1,SafetyPointPush2-v0,safeot_eps3,1,5090,pending,False,0,,,,,,
SafetyPointRun0-v0__safeot_eps3__s1,SafetyPointRun0-v0,safeot_eps3,1,aliyun,pending,False,0,,,,,,
SafetyRacecarButton0-v0__safeot_eps3__s1,SafetyRacecarButton0-v0,safeot_eps3,1,30109,pending,False,0,,,,,,
SafetyRacecarButton1-v0__safeot_eps3__s1,SafetyRacecarButton1-v0,safeot_eps3,1,5090,pending,False,0,,,,,,
SafetyRacecarButton2-v0__safeot_eps3__s1,SafetyRacecarButton2-v0,safeot_eps3,1,aliyun,pending,False,0,,,,,,
SafetyRacecarCircle0-v0__safeot_eps3__s1,SafetyRacecarCircle0-v0,safeot_eps3,1,30109,pending,False,0,,,,,,
SafetyRacecarCircle1-v0__safeot_eps3__s1,SafetyRacecarCircle1-v0,safeot_eps3,1,5090,pending,False,0,,,,,,
SafetyRacecarCircle2-v0__safeot_eps3__s1,SafetyRacecarCircle2-v0,safeot_eps3,1,aliyun,pending,False,0,,,,,,
SafetyRacecarGoal0-v0__safeot_eps3__s1,SafetyRacecarGoal0-v0,safeot_eps3,1,30109,pending,False,0,,,,,,
SafetyRacecarGoal1-v0__safeot_eps3__s1,SafetyRacecarGoal1-v0,safeot_eps3,1,5090,pending,False,0,,,,,,
SafetyRacecarGoal2-v0__safeot_eps3__s1,SafetyRacecarGoal2-v0,safeot_eps3,1,aliyun,pending,False,0,,,,,,
SafetyRacecarPush0-v0__safeot_eps3__s1,SafetyRacecarPush0-v0,safeot_eps3,1,30109,pending,False,0,,,,,,
SafetyRacecarPush1-v0__safeot_eps3__s1,SafetyRacecarPush1-v0,safeot_eps3,1,5090,pending,False,0,,,,,,
SafetyRacecarPush2-v0__safeot_eps3__s1,SafetyRacecarPush2-v0,safeot_eps3,1,aliyun,pending,False,0,,,,,,
SafetyRacecarRun0-v0__safeot_eps3__s1,SafetyRacecarRun0-v0,safeot_eps3,1,30109,pending,False,0,,,,,,
SafetySwimmerVelocity-v0__safeot_eps3__s1,SafetySwimmerVelocity-v0,safeot_eps3,1,5090,pending,False,0,,,,,,
SafetySwimmerVelocity-v1__safeot_eps3__s1,SafetySwimmerVelocity-v1,safeot_eps3,1,aliyun,pending,False,0,,,,,,
SafetyWalker2dVelocity-v0__safeot_eps3__s1,SafetyWalker2dVelocity-v0,safeot_eps3,1,30109,pending,False,0,,,,,,
SafetyWalker2dVelocity-v1__safeot_eps3__s1,SafetyWalker2dVelocity-v1,safeot_eps3,1,5090,pending,False,0,,,,,,
SafetyAntButton0-v0__penalty_lambda0.1__s1,SafetyAntButton0-v0,penalty_lambda0.1,1,30109,pending,False,0,,,,,,
SafetyAntButton1-v0__penalty_lambda0.1__s1,SafetyAntButton1-v0,penalty_lambda0.1,1,5090,pending,False,0,,,,,,
SafetyAntButton2-v0__penalty_lambda0.1__s1,SafetyAntButton2-v0,penalty_lambda0.1,1,aliyun,pending,False,0,,,,,,
SafetyAntCircle0-v0__penalty_lambda0.1__s1,SafetyAntCircle0-v0,penalty_lambda0.1,1,30109,pending,False,0,,,,,,
SafetyAntCircle1-v0__penalty_lambda0.1__s1,SafetyAntCircle1-v0,penalty_lambda0.1,1,5090,pending,False,0,,,,,,
SafetyAntCircle2-v0__penalty_lambda0.1__s1,SafetyAntCircle2-v0,penalty_lambda0.1,1,aliyun,pending,False,0,,,,,,
SafetyAntGoal0-v0__penalty_lambda0.1__s1,SafetyAntGoal0-v0,penalty_lambda0.1,1,30109,pending,False,0,,,,,,
SafetyAntGoal1-v0__penalty_lambda0.1__s1,SafetyAntGoal1-v0,penalty_lambda0.1,1,5090,pending,False,0,,,,,,
SafetyAntGoal2-v0__penalty_lambda0.1__s1,SafetyAntGoal2-v0,penalty_lambda0.1,1,aliyun,pending,False,0,,,,,,
SafetyAntPush0-v0__penalty_lambda0.1__s1,SafetyAntPush0-v0,penalty_lambda0.1,1,30109,pending,False,0,,,,,,
SafetyAntPush1-v0__penalty_lambda0.1__s1,SafetyAntPush1-v0,penalty_lambda0.1,1,5090,pending,False,0,,,,,,
SafetyAntPush2-v0__penalty_lambda0.1__s1,SafetyAntPush2-v0,penalty_lambda0.1,1,aliyun,pending,False,0,,,,,,
SafetyAntRun0-v0__penalty_lambda0.1__s1,SafetyAntRun0-v0,penalty_lambda0.1,1,30109,pending,False,0,,,,,,
SafetyAntVelocity-v0__penalty_lambda0.1__s1,SafetyAntVelocity-v0,penalty_lambda0.1,1,5090,pending,False,0,,,,,,
SafetyAntVelocity-v1__penalty_lambda0.1__s1,SafetyAntVelocity-v1,penalty_lambda0.1,1,aliyun,pending,False,0,,,,,,
SafetyCarButton0-v0__penalty_lambda0.1__s1,SafetyCarButton0-v0,penalty_lambda0.1,1,30109,pending,False,0,,,,,,
SafetyCarButton1-v0__penalty_lambda0.1__s1,SafetyCarButton1-v0,penalty_lambda0.1,1,5090,pending,False,0,,,,,,
SafetyCarButton2-v0__penalty_lambda0.1__s1,SafetyCarButton2-v0,penalty_lambda0.1,1,aliyun,pending,False,0,,,,,,
SafetyCarCircle0-v0__penalty_lambda0.1__s1,SafetyCarCircle0-v0,penalty_lambda0.1,1,30109,pending,False,0,,,,,,
SafetyCarCircle1-v0__penalty_lambda0.1__s1,SafetyCarCircle1-v0,penalty_lambda0.1,1,5090,pending,False,0,,,,,,
SafetyCarCircle2-v0__penalty_lambda0.1__s1,SafetyCarCircle2-v0,penalty_lambda0.1,1,aliyun,pending,False,0,,,,,,
SafetyCarGoal0-v0__penalty_lambda0.1__s1,SafetyCarGoal0-v0,penalty_lambda0.1,1,30109,pending,False,0,,,,,,
SafetyCarGoal1-v0__penalty_lambda0.1__s1,SafetyCarGoal1-v0,penalty_lambda0.1,1,5090,pending,False,0,,,,,,
SafetyCarGoal2-v0__penalty_lambda0.1__s1,SafetyCarGoal2-v0,penalty_lambda0.1,1,aliyun,pending,False,0,,,,,,
SafetyCarPush0-v0__penalty_lambda0.1__s1,SafetyCarPush0-v0,penalty_lambda0.1,1,30109,pending,False,0,,,,,,
SafetyCarPush1-v0__penalty_lambda0.1__s1,SafetyCarPush1-v0,penalty_lambda0.1,1,5090,pending,False,0,,,,,,
SafetyCarPush2-v0__penalty_lambda0.1__s1,SafetyCarPush2-v0,penalty_lambda0.1,1,aliyun,pending,False,0,,,,,,
SafetyCarRun0-v0__penalty_lambda0.1__s1,SafetyCarRun0-v0,penalty_lambda0.1,1,30109,pending,False,0,,,,,,
SafetyDoggoButton0-v0__penalty_lambda0.1__s1,SafetyDoggoButton0-v0,penalty_lambda0.1,1,5090,pending,False,0,,,,,,
SafetyDoggoButton1-v0__penalty_lambda0.1__s1,SafetyDoggoButton1-v0,penalty_lambda0.1,1,aliyun,pending,False,0,,,,,,
SafetyDoggoButton2-v0__penalty_lambda0.1__s1,SafetyDoggoButton2-v0,penalty_lambda0.1,1,30109,pending,False,0,,,,,,
SafetyDoggoCircle0-v0__penalty_lambda0.1__s1,SafetyDoggoCircle0-v0,penalty_lambda0.1,1,5090,pending,False,0,,,,,,
SafetyDoggoCircle1-v0__penalty_lambda0.1__s1,SafetyDoggoCircle1-v0,penalty_lambda0.1,1,aliyun,pending,False,0,,,,,,
SafetyDoggoCircle2-v0__penalty_lambda0.1__s1,SafetyDoggoCircle2-v0,penalty_lambda0.1,1,30109,pending,False,0,,,,,,
SafetyDoggoGoal0-v0__penalty_lambda0.1__s1,SafetyDoggoGoal0-v0,penalty_lambda0.1,1,5090,pending,False,0,,,,,,
SafetyDoggoGoal1-v0__penalty_lambda0.1__s1,SafetyDoggoGoal1-v0,penalty_lambda0.1,1,aliyun,pending,False,0,,,,,,
SafetyDoggoGoal2-v0__penalty_lambda0.1__s1,SafetyDoggoGoal2-v0,penalty_lambda0.1,1,30109,pending,False,0,,,,,,
SafetyDoggoPush0-v0__penalty_lambda0.1__s1,SafetyDoggoPush0-v0,penalty_lambda0.1,1,5090,pending,False,0,,,,,,
SafetyDoggoPush1-v0__penalty_lambda0.1__s1,SafetyDoggoPush1-v0,penalty_lambda0.1,1,aliyun,training,True,720000,0.17966836703616662,24.5,,,,
SafetyDoggoPush2-v0__penalty_lambda0.1__s1,SafetyDoggoPush2-v0,penalty_lambda0.1,1,30109,pending,False,0,,,,,,
SafetyDoggoRun0-v0__penalty_lambda0.1__s1,SafetyDoggoRun0-v0,penalty_lambda0.1,1,5090,pending,False,0,,,,,,
SafetyHalfCheetahVelocity-v0__penalty_lambda0.1__s1,SafetyHalfCheetahVelocity-v0,penalty_lambda0.1,1,aliyun,pending,False,0,,,,,,
SafetyHalfCheetahVelocity-v1__penalty_lambda0.1__s1,SafetyHalfCheetahVelocity-v1,penalty_lambda0.1,1,30109,pending,False,0,,,,,,
SafetyHopperVelocity-v0__penalty_lambda0.1__s1,SafetyHopperVelocity-v0,penalty_lambda0.1,1,5090,pending,False,0,,,,,,
SafetyHopperVelocity-v1__penalty_lambda0.1__s1,SafetyHopperVelocity-v1,penalty_lambda0.1,1,aliyun,pending,False,0,,,,,,
SafetyHumanoidVelocity-v0__penalty_lambda0.1__s1,SafetyHumanoidVelocity-v0,penalty_lambda0.1,1,30109,pending,False,0,,,,,,
SafetyHumanoidVelocity-v1__penalty_lambda0.1__s1,SafetyHumanoidVelocity-v1,penalty_lambda0.1,1,5090,pending,False,0,,,,,,
SafetyPointButton0-v0__penalty_lambda0.1__s1,SafetyPointButton0-v0,penalty_lambda0.1,1,aliyun,pending,False,0,,,,,,
SafetyPointButton1-v0__penalty_lambda0.1__s1,SafetyPointButton1-v0,penalty_lambda0.1,1,30109,pending,False,0,,,,,,
SafetyPointButton2-v0__penalty_lambda0.1__s1,SafetyPointButton2-v0,penalty_lambda0.1,1,5090,pending,False,0,,,,,,
SafetyPointCircle0-v0__penalty_lambda0.1__s1,SafetyPointCircle0-v0,penalty_lambda0.1,1,aliyun,pending,False,0,,,,,,
SafetyPointCircle1-v0__penalty_lambda0.1__s1,SafetyPointCircle1-v0,penalty_lambda0.1,1,30109,pending,False,0,,,,,,
SafetyPointCircle2-v0__penalty_lambda0.1__s1,SafetyPointCircle2-v0,penalty_lambda0.1,1,5090,pending,False,0,,,,,,
SafetyPointGoal0-v0__penalty_lambda0.1__s1,SafetyPointGoal0-v0,penalty_lambda0.1,1,aliyun,pending,False,0,,,,,,
SafetyPointGoal1-v0__penalty_lambda0.1__s1,SafetyPointGoal1-v0,penalty_lambda0.1,1,30109,pending,False,0,,,,,,
SafetyPointGoal2-v0__penalty_lambda0.1__s1,SafetyPointGoal2-v0,penalty_lambda0.1,1,5090,pending,False,0,,,,,,
SafetyPointPush0-v0__penalty_lambda0.1__s1,SafetyPointPush0-v0,penalty_lambda0.1,1,aliyun,pending,False,0,,,,,,
SafetyPointPush1-v0__penalty_lambda0.1__s1,SafetyPointPush1-v0,penalty_lambda0.1,1,30109,pending,False,0,,,,,,
SafetyPointPush2-v0__penalty_lambda0.1__s1,SafetyPointPush2-v0,penalty_lambda0.1,1,5090,pending,False,0,,,,,,
SafetyPointRun0-v0__penalty_lambda0.1__s1,SafetyPointRun0-v0,penalty_lambda0.1,1,aliyun,pending,False,0,,,,,,
SafetyRacecarButton0-v0__penalty_lambda0.1__s1,SafetyRacecarButton0-v0,penalty_lambda0.1,1,30109,pending,False,0,,,,,,
SafetyRacecarButton1-v0__penalty_lambda0.1__s1,SafetyRacecarButton1-v0,penalty_lambda0.1,1,5090,pending,False,0,,,,,,
SafetyRacecarButton2-v0__penalty_lambda0.1__s1,SafetyRacecarButton2-v0,penalty_lambda0.1,1,aliyun,pending,False,0,,,,,,
SafetyRacecarCircle0-v0__penalty_lambda0.1__s1,SafetyRacecarCircle0-v0,penalty_lambda0.1,1,30109,pending,False,0,,,,,,
SafetyRacecarCircle1-v0__penalty_lambda0.1__s1,SafetyRacecarCircle1-v0,penalty_lambda0.1,1,5090,pending,False,0,,,,,,
SafetyRacecarCircle2-v0__penalty_lambda0.1__s1,SafetyRacecarCircle2-v0,penalty_lambda0.1,1,aliyun,pending,False,0,,,,,,
SafetyRacecarGoal0-v0__penalty_lambda0.1__s1,SafetyRacecarGoal0-v0,penalty_lambda0.1,1,30109,pending,False,0,,,,,,
SafetyRacecarGoal1-v0__penalty_lambda0.1__s1,SafetyRacecarGoal1-v0,penalty_lambda0.1,1,5090,pending,False,0,,,,,,
SafetyRacecarGoal2-v0__penalty_lambda0.1__s1,SafetyRacecarGoal2-v0,penalty_lambda0.1,1,aliyun,pending,False,0,,,,,,
SafetyRacecarPush0-v0__penalty_lambda0.1__s1,SafetyRacecarPush0-v0,penalty_lambda0.1,1,30109,pending,False,0,,,,,,
SafetyRacecarPush1-v0__penalty_lambda0.1__s1,SafetyRacecarPush1-v0,penalty_lambda0.1,1,5090,pending,False,0,,,,,,
SafetyRacecarPush2-v0__penalty_lambda0.1__s1,SafetyRacecarPush2-v0,penalty_lambda0.1,1,aliyun,pending,False,0,,,,,,
SafetyRacecarRun0-v0__penalty_lambda0.1__s1,SafetyRacecarRun0-v0,penalty_lambda0.1,1,30109,pending,False,0,,,,,,
SafetySwimmerVelocity-v0__penalty_lambda0.1__s1,SafetySwimmerVelocity-v0,penalty_lambda0.1,1,5090,pending,False,0,,,,,,
SafetySwimmerVelocity-v1__penalty_lambda0.1__s1,SafetySwimmerVelocity-v1,penalty_lambda0.1,1,aliyun,pending,False,0,,,,,,
SafetyWalker2dVelocity-v0__penalty_lambda0.1__s1,SafetyWalker2dVelocity-v0,penalty_lambda0.1,1,30109,pending,False,0,,,,,,
SafetyWalker2dVelocity-v1__penalty_lambda0.1__s1,SafetyWalker2dVelocity-v1,penalty_lambda0.1,1,5090,pending,False,0,,,,,,
SafetyAntButton0-v0__penalty_lambda1__s1,SafetyAntButton0-v0,penalty_lambda1,1,30109,pending,False,0,,,,,,
SafetyAntButton1-v0__penalty_lambda1__s1,SafetyAntButton1-v0,penalty_lambda1,1,5090,pending,False,0,,,,,,
SafetyAntButton2-v0__penalty_lambda1__s1,SafetyAntButton2-v0,penalty_lambda1,1,aliyun,pending,False,0,,,,,,
SafetyAntCircle0-v0__penalty_lambda1__s1,SafetyAntCircle0-v0,penalty_lambda1,1,30109,pending,False,0,,,,,,
SafetyAntCircle1-v0__penalty_lambda1__s1,SafetyAntCircle1-v0,penalty_lambda1,1,5090,pending,False,0,,,,,,
SafetyAntCircle2-v0__penalty_lambda1__s1,SafetyAntCircle2-v0,penalty_lambda1,1,aliyun,pending,False,0,,,,,,
SafetyAntGoal0-v0__penalty_lambda1__s1,SafetyAntGoal0-v0,penalty_lambda1,1,30109,pending,False,0,,,,,,
SafetyAntGoal1-v0__penalty_lambda1__s1,SafetyAntGoal1-v0,penalty_lambda1,1,5090,pending,False,0,,,,,,
SafetyAntGoal2-v0__penalty_lambda1__s1,SafetyAntGoal2-v0,penalty_lambda1,1,aliyun,pending,False,0,,,,,,
SafetyAntPush0-v0__penalty_lambda1__s1,SafetyAntPush0-v0,penalty_lambda1,1,30109,pending,False,0,,,,,,
SafetyAntPush1-v0__penalty_lambda1__s1,SafetyAntPush1-v0,penalty_lambda1,1,5090,pending,False,0,,,,,,
SafetyAntPush2-v0__penalty_lambda1__s1,SafetyAntPush2-v0,penalty_lambda1,1,aliyun,pending,False,0,,,,,,
SafetyAntRun0-v0__penalty_lambda1__s1,SafetyAntRun0-v0,penalty_lambda1,1,30109,pending,False,0,,,,,,
SafetyAntVelocity-v0__penalty_lambda1__s1,SafetyAntVelocity-v0,penalty_lambda1,1,5090,pending,False,0,,,,,,
SafetyAntVelocity-v1__penalty_lambda1__s1,SafetyAntVelocity-v1,penalty_lambda1,1,aliyun,pending,False,0,,,,,,
SafetyCarButton0-v0__penalty_lambda1__s1,SafetyCarButton0-v0,penalty_lambda1,1,30109,pending,False,0,,,,,,
SafetyCarButton1-v0__penalty_lambda1__s1,SafetyCarButton1-v0,penalty_lambda1,1,5090,pending,False,0,,,,,,
SafetyCarButton2-v0__penalty_lambda1__s1,SafetyCarButton2-v0,penalty_lambda1,1,aliyun,pending,False,0,,,,,,
SafetyCarCircle0-v0__penalty_lambda1__s1,SafetyCarCircle0-v0,penalty_lambda1,1,30109,pending,False,0,,,,,,
SafetyCarCircle1-v0__penalty_lambda1__s1,SafetyCarCircle1-v0,penalty_lambda1,1,5090,pending,False,0,,,,,,
SafetyCarCircle2-v0__penalty_lambda1__s1,SafetyCarCircle2-v0,penalty_lambda1,1,aliyun,pending,False,0,,,,,,
SafetyCarGoal0-v0__penalty_lambda1__s1,SafetyCarGoal0-v0,penalty_lambda1,1,30109,pending,False,0,,,,,,
SafetyCarGoal1-v0__penalty_lambda1__s1,SafetyCarGoal1-v0,penalty_lambda1,1,5090,pending,False,0,,,,,,
SafetyCarGoal2-v0__penalty_lambda1__s1,SafetyCarGoal2-v0,penalty_lambda1,1,aliyun,pending,False,0,,,,,,
SafetyCarPush0-v0__penalty_lambda1__s1,SafetyCarPush0-v0,penalty_lambda1,1,30109,pending,False,0,,,,,,
SafetyCarPush1-v0__penalty_lambda1__s1,SafetyCarPush1-v0,penalty_lambda1,1,5090,pending,False,0,,,,,,
SafetyCarPush2-v0__penalty_lambda1__s1,SafetyCarPush2-v0,penalty_lambda1,1,aliyun,pending,False,0,,,,,,
SafetyCarRun0-v0__penalty_lambda1__s1,SafetyCarRun0-v0,penalty_lambda1,1,30109,pending,False,0,,,,,,
SafetyDoggoButton0-v0__penalty_lambda1__s1,SafetyDoggoButton0-v0,penalty_lambda1,1,5090,pending,False,0,,,,,,
SafetyDoggoButton1-v0__penalty_lambda1__s1,SafetyDoggoButton1-v0,penalty_lambda1,1,aliyun,pending,False,0,,,,,,
SafetyDoggoButton2-v0__penalty_lambda1__s1,SafetyDoggoButton2-v0,penalty_lambda1,1,30109,pending,False,0,,,,,,
SafetyDoggoCircle0-v0__penalty_lambda1__s1,SafetyDoggoCircle0-v0,penalty_lambda1,1,5090,pending,False,0,,,,,,
SafetyDoggoCircle1-v0__penalty_lambda1__s1,SafetyDoggoCircle1-v0,penalty_lambda1,1,aliyun,pending,False,0,,,,,,
SafetyDoggoCircle2-v0__penalty_lambda1__s1,SafetyDoggoCircle2-v0,penalty_lambda1,1,30109,pending,False,0,,,,,,
SafetyDoggoGoal0-v0__penalty_lambda1__s1,SafetyDoggoGoal0-v0,penalty_lambda1,1,5090,pending,False,0,,,,,,
SafetyDoggoGoal1-v0__penalty_lambda1__s1,SafetyDoggoGoal1-v0,penalty_lambda1,1,aliyun,pending,False,0,,,,,,
SafetyDoggoGoal2-v0__penalty_lambda1__s1,SafetyDoggoGoal2-v0,penalty_lambda1,1,30109,pending,False,0,,,,,,
SafetyDoggoPush0-v0__penalty_lambda1__s1,SafetyDoggoPush0-v0,penalty_lambda1,1,5090,pending,False,0,,,,,,
SafetyDoggoPush1-v0__penalty_lambda1__s1,SafetyDoggoPush1-v0,penalty_lambda1,1,aliyun,pending,False,0,,,,,,
SafetyDoggoPush2-v0__penalty_lambda1__s1,SafetyDoggoPush2-v0,penalty_lambda1,1,30109,pending,False,0,,,,,,
SafetyDoggoRun0-v0__penalty_lambda1__s1,SafetyDoggoRun0-v0,penalty_lambda1,1,5090,pending,False,0,,,,,,
SafetyHalfCheetahVelocity-v0__penalty_lambda1__s1,SafetyHalfCheetahVelocity-v0,penalty_lambda1,1,aliyun,pending,False,0,,,,,,
SafetyHalfCheetahVelocity-v1__penalty_lambda1__s1,SafetyHalfCheetahVelocity-v1,penalty_lambda1,1,30109,pending,False,0,,,,,,
SafetyHopperVelocity-v0__penalty_lambda1__s1,SafetyHopperVelocity-v0,penalty_lambda1,1,5090,pending,False,0,,,,,,
SafetyHopperVelocity-v1__penalty_lambda1__s1,SafetyHopperVelocity-v1,penalty_lambda1,1,aliyun,pending,False,0,,,,,,
SafetyHumanoidVelocity-v0__penalty_lambda1__s1,SafetyHumanoidVelocity-v0,penalty_lambda1,1,30109,pending,False,0,,,,,,
SafetyHumanoidVelocity-v1__penalty_lambda1__s1,SafetyHumanoidVelocity-v1,penalty_lambda1,1,5090,pending,False,0,,,,,,
SafetyPointButton0-v0__penalty_lambda1__s1,SafetyPointButton0-v0,penalty_lambda1,1,aliyun,pending,False,0,,,,,,
SafetyPointButton1-v0__penalty_lambda1__s1,SafetyPointButton1-v0,penalty_lambda1,1,30109,pending,False,0,,,,,,
SafetyPointButton2-v0__penalty_lambda1__s1,SafetyPointButton2-v0,penalty_lambda1,1,5090,pending,False,0,,,,,,
SafetyPointCircle0-v0__penalty_lambda1__s1,SafetyPointCircle0-v0,penalty_lambda1,1,aliyun,pending,False,0,,,,,,
SafetyPointCircle1-v0__penalty_lambda1__s1,SafetyPointCircle1-v0,penalty_lambda1,1,30109,pending,False,0,,,,,,
SafetyPointCircle2-v0__penalty_lambda1__s1,SafetyPointCircle2-v0,penalty_lambda1,1,5090,pending,False,0,,,,,,
SafetyPointGoal0-v0__penalty_lambda1__s1,SafetyPointGoal0-v0,penalty_lambda1,1,aliyun,pending,False,0,,,,,,
SafetyPointGoal1-v0__penalty_lambda1__s1,SafetyPointGoal1-v0,penalty_lambda1,1,30109,pending,False,0,,,,,,
SafetyPointGoal2-v0__penalty_lambda1__s1,SafetyPointGoal2-v0,penalty_lambda1,1,5090,pending,False,0,,,,,,
SafetyPointPush0-v0__penalty_lambda1__s1,SafetyPointPush0-v0,penalty_lambda1,1,aliyun,pending,False,0,,,,,,
SafetyPointPush1-v0__penalty_lambda1__s1,SafetyPointPush1-v0,penalty_lambda1,1,30109,pending,False,0,,,,,,
SafetyPointPush2-v0__penalty_lambda1__s1,SafetyPointPush2-v0,penalty_lambda1,1,5090,pending,False,0,,,,,,
SafetyPointRun0-v0__penalty_lambda1__s1,SafetyPointRun0-v0,penalty_lambda1,1,aliyun,pending,False,0,,,,,,
SafetyRacecarButton0-v0__penalty_lambda1__s1,SafetyRacecarButton0-v0,penalty_lambda1,1,30109,pending,False,0,,,,,,
SafetyRacecarButton1-v0__penalty_lambda1__s1,SafetyRacecarButton1-v0,penalty_lambda1,1,5090,pending,False,0,,,,,,
SafetyRacecarButton2-v0__penalty_lambda1__s1,SafetyRacecarButton2-v0,penalty_lambda1,1,aliyun,pending,False,0,,,,,,
SafetyRacecarCircle0-v0__penalty_lambda1__s1,SafetyRacecarCircle0-v0,penalty_lambda1,1,30109,pending,False,0,,,,,,
SafetyRacecarCircle1-v0__penalty_lambda1__s1,SafetyRacecarCircle1-v0,penalty_lambda1,1,5090,pending,False,0,,,,,,
SafetyRacecarCircle2-v0__penalty_lambda1__s1,SafetyRacecarCircle2-v0,penalty_lambda1,1,aliyun,pending,False,0,,,,,,
SafetyRacecarGoal0-v0__penalty_lambda1__s1,SafetyRacecarGoal0-v0,penalty_lambda1,1,30109,pending,False,0,,,,,,
SafetyRacecarGoal1-v0__penalty_lambda1__s1,SafetyRacecarGoal1-v0,penalty_lambda1,1,5090,pending,False,0,,,,,,
SafetyRacecarGoal2-v0__penalty_lambda1__s1,SafetyRacecarGoal2-v0,penalty_lambda1,1,aliyun,pending,False,0,,,,,,
SafetyRacecarPush0-v0__penalty_lambda1__s1,SafetyRacecarPush0-v0,penalty_lambda1,1,30109,pending,False,0,,,,,,
SafetyRacecarPush1-v0__penalty_lambda1__s1,SafetyRacecarPush1-v0,penalty_lambda1,1,5090,pending,False,0,,,,,,
SafetyRacecarPush2-v0__penalty_lambda1__s1,SafetyRacecarPush2-v0,penalty_lambda1,1,aliyun,pending,False,0,,,,,,
SafetyRacecarRun0-v0__penalty_lambda1__s1,SafetyRacecarRun0-v0,penalty_lambda1,1,30109,pending,False,0,,,,,,
SafetySwimmerVelocity-v0__penalty_lambda1__s1,SafetySwimmerVelocity-v0,penalty_lambda1,1,5090,pending,False,0,,,,,,
SafetySwimmerVelocity-v1__penalty_lambda1__s1,SafetySwimmerVelocity-v1,penalty_lambda1,1,aliyun,pending,False,0,,,,,,
SafetyWalker2dVelocity-v0__penalty_lambda1__s1,SafetyWalker2dVelocity-v0,penalty_lambda1,1,30109,pending,False,0,,,,,,
SafetyWalker2dVelocity-v1__penalty_lambda1__s1,SafetyWalker2dVelocity-v1,penalty_lambda1,1,5090,pending,False,0,,,,,,
SafetyAntButton0-v0__penalty_lambda10__s1,SafetyAntButton0-v0,penalty_lambda10,1,30109,pending,False,0,,,,,,
SafetyAntButton1-v0__penalty_lambda10__s1,SafetyAntButton1-v0,penalty_lambda10,1,5090,pending,False,0,,,,,,
SafetyAntButton2-v0__penalty_lambda10__s1,SafetyAntButton2-v0,penalty_lambda10,1,aliyun,pending,False,0,,,,,,
SafetyAntCircle0-v0__penalty_lambda10__s1,SafetyAntCircle0-v0,penalty_lambda10,1,30109,pending,False,0,,,,,,
SafetyAntCircle1-v0__penalty_lambda10__s1,SafetyAntCircle1-v0,penalty_lambda10,1,5090,pending,False,0,,,,,,
SafetyAntCircle2-v0__penalty_lambda10__s1,SafetyAntCircle2-v0,penalty_lambda10,1,aliyun,pending,False,0,,,,,,
SafetyAntGoal0-v0__penalty_lambda10__s1,SafetyAntGoal0-v0,penalty_lambda10,1,30109,pending,False,0,,,,,,
SafetyAntGoal1-v0__penalty_lambda10__s1,SafetyAntGoal1-v0,penalty_lambda10,1,5090,pending,False,0,,,,,,
SafetyAntGoal2-v0__penalty_lambda10__s1,SafetyAntGoal2-v0,penalty_lambda10,1,aliyun,pending,False,0,,,,,,
SafetyAntPush0-v0__penalty_lambda10__s1,SafetyAntPush0-v0,penalty_lambda10,1,30109,pending,False,0,,,,,,
SafetyAntPush1-v0__penalty_lambda10__s1,SafetyAntPush1-v0,penalty_lambda10,1,5090,pending,False,0,,,,,,
SafetyAntPush2-v0__penalty_lambda10__s1,SafetyAntPush2-v0,penalty_lambda10,1,aliyun,pending,False,0,,,,,,
SafetyAntRun0-v0__penalty_lambda10__s1,SafetyAntRun0-v0,penalty_lambda10,1,30109,pending,False,0,,,,,,
SafetyAntVelocity-v0__penalty_lambda10__s1,SafetyAntVelocity-v0,penalty_lambda10,1,5090,pending,False,0,,,,,,
SafetyAntVelocity-v1__penalty_lambda10__s1,SafetyAntVelocity-v1,penalty_lambda10,1,aliyun,pending,False,0,,,,,,
SafetyCarButton0-v0__penalty_lambda10__s1,SafetyCarButton0-v0,penalty_lambda10,1,30109,pending,False,0,,,,,,
SafetyCarButton1-v0__penalty_lambda10__s1,SafetyCarButton1-v0,penalty_lambda10,1,5090,pending,False,0,,,,,,
SafetyCarButton2-v0__penalty_lambda10__s1,SafetyCarButton2-v0,penalty_lambda10,1,aliyun,pending,False,0,,,,,,
SafetyCarCircle0-v0__penalty_lambda10__s1,SafetyCarCircle0-v0,penalty_lambda10,1,30109,pending,False,0,,,,,,
SafetyCarCircle1-v0__penalty_lambda10__s1,SafetyCarCircle1-v0,penalty_lambda10,1,5090,pending,False,0,,,,,,
SafetyCarCircle2-v0__penalty_lambda10__s1,SafetyCarCircle2-v0,penalty_lambda10,1,aliyun,pending,False,0,,,,,,
SafetyCarGoal0-v0__penalty_lambda10__s1,SafetyCarGoal0-v0,penalty_lambda10,1,30109,pending,False,0,,,,,,
SafetyCarGoal1-v0__penalty_lambda10__s1,SafetyCarGoal1-v0,penalty_lambda10,1,5090,pending,False,0,,,,,,
SafetyCarGoal2-v0__penalty_lambda10__s1,SafetyCarGoal2-v0,penalty_lambda10,1,aliyun,pending,False,0,,,,,,
SafetyCarPush0-v0__penalty_lambda10__s1,SafetyCarPush0-v0,penalty_lambda10,1,30109,pending,False,0,,,,,,
SafetyCarPush1-v0__penalty_lambda10__s1,SafetyCarPush1-v0,penalty_lambda10,1,5090,pending,False,0,,,,,,
SafetyCarPush2-v0__penalty_lambda10__s1,SafetyCarPush2-v0,penalty_lambda10,1,aliyun,pending,False,0,,,,,,
SafetyCarRun0-v0__penalty_lambda10__s1,SafetyCarRun0-v0,penalty_lambda10,1,30109,pending,False,0,,,,,,
SafetyDoggoButton0-v0__penalty_lambda10__s1,SafetyDoggoButton0-v0,penalty_lambda10,1,5090,pending,False,0,,,,,,
SafetyDoggoButton1-v0__penalty_lambda10__s1,SafetyDoggoButton1-v0,penalty_lambda10,1,aliyun,pending,False,0,,,,,,
SafetyDoggoButton2-v0__penalty_lambda10__s1,SafetyDoggoButton2-v0,penalty_lambda10,1,30109,pending,False,0,,,,,,
SafetyDoggoCircle0-v0__penalty_lambda10__s1,SafetyDoggoCircle0-v0,penalty_lambda10,1,5090,pending,False,0,,,,,,
SafetyDoggoCircle1-v0__penalty_lambda10__s1,SafetyDoggoCircle1-v0,penalty_lambda10,1,aliyun,pending,False,0,,,,,,
SafetyDoggoCircle2-v0__penalty_lambda10__s1,SafetyDoggoCircle2-v0,penalty_lambda10,1,30109,pending,False,0,,,,,,
SafetyDoggoGoal0-v0__penalty_lambda10__s1,SafetyDoggoGoal0-v0,penalty_lambda10,1,5090,pending,False,0,,,,,,
SafetyDoggoGoal1-v0__penalty_lambda10__s1,SafetyDoggoGoal1-v0,penalty_lambda10,1,aliyun,pending,False,0,,,,,,
SafetyDoggoGoal2-v0__penalty_lambda10__s1,SafetyDoggoGoal2-v0,penalty_lambda10,1,30109,pending,False,0,,,,,,
SafetyDoggoPush0-v0__penalty_lambda10__s1,SafetyDoggoPush0-v0,penalty_lambda10,1,5090,pending,False,0,,,,,,
SafetyDoggoPush1-v0__penalty_lambda10__s1,SafetyDoggoPush1-v0,penalty_lambda10,1,aliyun,pending,False,0,,,,,,
SafetyDoggoPush2-v0__penalty_lambda10__s1,SafetyDoggoPush2-v0,penalty_lambda10,1,30109,pending,False,0,,,,,,
SafetyDoggoRun0-v0__penalty_lambda10__s1,SafetyDoggoRun0-v0,penalty_lambda10,1,5090,pending,False,0,,,,,,
SafetyHalfCheetahVelocity-v0__penalty_lambda10__s1,SafetyHalfCheetahVelocity-v0,penalty_lambda10,1,aliyun,pending,False,0,,,,,,
SafetyHalfCheetahVelocity-v1__penalty_lambda10__s1,SafetyHalfCheetahVelocity-v1,penalty_lambda10,1,30109,pending,False,0,,,,,,
SafetyHopperVelocity-v0__penalty_lambda10__s1,SafetyHopperVelocity-v0,penalty_lambda10,1,5090,pending,False,0,,,,,,
SafetyHopperVelocity-v1__penalty_lambda10__s1,SafetyHopperVelocity-v1,penalty_lambda10,1,aliyun,pending,False,0,,,,,,
SafetyHumanoidVelocity-v0__penalty_lambda10__s1,SafetyHumanoidVelocity-v0,penalty_lambda10,1,30109,pending,False,0,,,,,,
SafetyHumanoidVelocity-v1__penalty_lambda10__s1,SafetyHumanoidVelocity-v1,penalty_lambda10,1,5090,pending,False,0,,,,,,
SafetyPointButton0-v0__penalty_lambda10__s1,SafetyPointButton0-v0,penalty_lambda10,1,aliyun,pending,False,0,,,,,,
SafetyPointButton1-v0__penalty_lambda10__s1,SafetyPointButton1-v0,penalty_lambda10,1,30109,pending,False,0,,,,,,
SafetyPointButton2-v0__penalty_lambda10__s1,SafetyPointButton2-v0,penalty_lambda10,1,5090,pending,False,0,,,,,,
SafetyPointCircle0-v0__penalty_lambda10__s1,SafetyPointCircle0-v0,penalty_lambda10,1,aliyun,pending,False,0,,,,,,
SafetyPointCircle1-v0__penalty_lambda10__s1,SafetyPointCircle1-v0,penalty_lambda10,1,30109,pending,False,0,,,,,,
SafetyPointCircle2-v0__penalty_lambda10__s1,SafetyPointCircle2-v0,penalty_lambda10,1,5090,pending,False,0,,,,,,
SafetyPointGoal0-v0__penalty_lambda10__s1,SafetyPointGoal0-v0,penalty_lambda10,1,aliyun,pending,False,0,,,,,,
SafetyPointGoal1-v0__penalty_lambda10__s1,SafetyPointGoal1-v0,penalty_lambda10,1,30109,pending,False,0,,,,,,
SafetyPointGoal2-v0__penalty_lambda10__s1,SafetyPointGoal2-v0,penalty_lambda10,1,5090,pending,False,0,,,,,,
SafetyPointPush0-v0__penalty_lambda10__s1,SafetyPointPush0-v0,penalty_lambda10,1,aliyun,pending,False,0,,,,,,
SafetyPointPush1-v0__penalty_lambda10__s1,SafetyPointPush1-v0,penalty_lambda10,1,30109,pending,False,0,,,,,,
SafetyPointPush2-v0__penalty_lambda10__s1,SafetyPointPush2-v0,penalty_lambda10,1,5090,pending,False,0,,,,,,
SafetyPointRun0-v0__penalty_lambda10__s1,SafetyPointRun0-v0,penalty_lambda10,1,aliyun,pending,False,0,,,,,,
SafetyRacecarButton0-v0__penalty_lambda10__s1,SafetyRacecarButton0-v0,penalty_lambda10,1,30109,pending,False,0,,,,,,
SafetyRacecarButton1-v0__penalty_lambda10__s1,SafetyRacecarButton1-v0,penalty_lambda10,1,5090,pending,False,0,,,,,,
SafetyRacecarButton2-v0__penalty_lambda10__s1,SafetyRacecarButton2-v0,penalty_lambda10,1,aliyun,pending,False,0,,,,,,
SafetyRacecarCircle0-v0__penalty_lambda10__s1,SafetyRacecarCircle0-v0,penalty_lambda10,1,30109,pending,False,0,,,,,,
SafetyRacecarCircle1-v0__penalty_lambda10__s1,SafetyRacecarCircle1-v0,penalty_lambda10,1,5090,pending,False,0,,,,,,
SafetyRacecarCircle2-v0__penalty_lambda10__s1,SafetyRacecarCircle2-v0,penalty_lambda10,1,aliyun,pending,False,0,,,,,,
SafetyRacecarGoal0-v0__penalty_lambda10__s1,SafetyRacecarGoal0-v0,penalty_lambda10,1,30109,pending,False,0,,,,,,
SafetyRacecarGoal1-v0__penalty_lambda10__s1,SafetyRacecarGoal1-v0,penalty_lambda10,1,5090,pending,False,0,,,,,,
SafetyRacecarGoal2-v0__penalty_lambda10__s1,SafetyRacecarGoal2-v0,penalty_lambda10,1,aliyun,pending,False,0,,,,,,
SafetyRacecarPush0-v0__penalty_lambda10__s1,SafetyRacecarPush0-v0,penalty_lambda10,1,30109,pending,False,0,,,,,,
SafetyRacecarPush1-v0__penalty_lambda10__s1,SafetyRacecarPush1-v0,penalty_lambda10,1,5090,pending,False,0,,,,,,
SafetyRacecarPush2-v0__penalty_lambda10__s1,SafetyRacecarPush2-v0,penalty_lambda10,1,aliyun,pending,False,0,,,,,,
SafetyRacecarRun0-v0__penalty_lambda10__s1,SafetyRacecarRun0-v0,penalty_lambda10,1,30109,pending,False,0,,,,,,
SafetySwimmerVelocity-v0__penalty_lambda10__s1,SafetySwimmerVelocity-v0,penalty_lambda10,1,5090,pending,False,0,,,,,,
SafetySwimmerVelocity-v1__penalty_lambda10__s1,SafetySwimmerVelocity-v1,penalty_lambda10,1,aliyun,pending,False,0,,,,,,
SafetyWalker2dVelocity-v0__penalty_lambda10__s1,SafetyWalker2dVelocity-v0,penalty_lambda10,1,30109,pending,False,0,,,,,,
SafetyWalker2dVelocity-v1__penalty_lambda10__s1,SafetyWalker2dVelocity-v1,penalty_lambda10,1,5090,pending,False,0,,,,,,
SafetyAntButton0-v0__trpo_lag__s1,SafetyAntButton0-v0,trpo_lag,1,30109,pending,False,0,,,,,,
SafetyAntButton1-v0__trpo_lag__s1,SafetyAntButton1-v0,trpo_lag,1,5090,pending,False,0,,,,,,
SafetyAntButton2-v0__trpo_lag__s1,SafetyAntButton2-v0,trpo_lag,1,aliyun,pending,False,0,,,,,,
SafetyAntCircle0-v0__trpo_lag__s1,SafetyAntCircle0-v0,trpo_lag,1,30109,pending,False,0,,,,,,
SafetyAntCircle1-v0__trpo_lag__s1,SafetyAntCircle1-v0,trpo_lag,1,5090,pending,False,0,,,,,,
SafetyAntCircle2-v0__trpo_lag__s1,SafetyAntCircle2-v0,trpo_lag,1,aliyun,pending,False,0,,,,,,
SafetyAntGoal0-v0__trpo_lag__s1,SafetyAntGoal0-v0,trpo_lag,1,30109,pending,False,0,,,,,,
SafetyAntGoal1-v0__trpo_lag__s1,SafetyAntGoal1-v0,trpo_lag,1,5090,pending,False,0,,,,,,
SafetyAntGoal2-v0__trpo_lag__s1,SafetyAntGoal2-v0,trpo_lag,1,aliyun,pending,False,0,,,,,,
SafetyAntPush0-v0__trpo_lag__s1,SafetyAntPush0-v0,trpo_lag,1,30109,pending,False,0,,,,,,
SafetyAntPush1-v0__trpo_lag__s1,SafetyAntPush1-v0,trpo_lag,1,5090,pending,False,0,,,,,,
SafetyAntPush2-v0__trpo_lag__s1,SafetyAntPush2-v0,trpo_lag,1,aliyun,pending,False,0,,,,,,
SafetyAntRun0-v0__trpo_lag__s1,SafetyAntRun0-v0,trpo_lag,1,30109,pending,False,0,,,,,,
SafetyAntVelocity-v0__trpo_lag__s1,SafetyAntVelocity-v0,trpo_lag,1,5090,pending,False,0,,,,,,
SafetyAntVelocity-v1__trpo_lag__s1,SafetyAntVelocity-v1,trpo_lag,1,aliyun,pending,False,0,,,,,,
SafetyCarButton0-v0__trpo_lag__s1,SafetyCarButton0-v0,trpo_lag,1,30109,pending,False,0,,,,,,
SafetyCarButton1-v0__trpo_lag__s1,SafetyCarButton1-v0,trpo_lag,1,5090,pending,False,0,,,,,,
SafetyCarButton2-v0__trpo_lag__s1,SafetyCarButton2-v0,trpo_lag,1,aliyun,pending,False,0,,,,,,
SafetyCarCircle0-v0__trpo_lag__s1,SafetyCarCircle0-v0,trpo_lag,1,30109,pending,False,0,,,,,,
SafetyCarCircle1-v0__trpo_lag__s1,SafetyCarCircle1-v0,trpo_lag,1,5090,pending,False,0,,,,,,
SafetyCarCircle2-v0__trpo_lag__s1,SafetyCarCircle2-v0,trpo_lag,1,aliyun,pending,False,0,,,,,,
SafetyCarGoal0-v0__trpo_lag__s1,SafetyCarGoal0-v0,trpo_lag,1,30109,pending,False,0,,,,,,
SafetyCarGoal1-v0__trpo_lag__s1,SafetyCarGoal1-v0,trpo_lag,1,5090,pending,False,0,,,,,,
SafetyCarGoal2-v0__trpo_lag__s1,SafetyCarGoal2-v0,trpo_lag,1,aliyun,pending,False,0,,,,,,
SafetyCarPush0-v0__trpo_lag__s1,SafetyCarPush0-v0,trpo_lag,1,30109,pending,False,0,,,,,,
SafetyCarPush1-v0__trpo_lag__s1,SafetyCarPush1-v0,trpo_lag,1,5090,pending,False,0,,,,,,
SafetyCarPush2-v0__trpo_lag__s1,SafetyCarPush2-v0,trpo_lag,1,aliyun,pending,False,0,,,,,,
SafetyCarRun0-v0__trpo_lag__s1,SafetyCarRun0-v0,trpo_lag,1,30109,pending,False,0,,,,,,
SafetyDoggoButton0-v0__trpo_lag__s1,SafetyDoggoButton0-v0,trpo_lag,1,5090,pending,False,0,,,,,,
SafetyDoggoButton1-v0__trpo_lag__s1,SafetyDoggoButton1-v0,trpo_lag,1,aliyun,pending,False,0,,,,,,
SafetyDoggoButton2-v0__trpo_lag__s1,SafetyDoggoButton2-v0,trpo_lag,1,30109,pending,False,0,,,,,,
SafetyDoggoCircle0-v0__trpo_lag__s1,SafetyDoggoCircle0-v0,trpo_lag,1,5090,pending,False,0,,,,,,
SafetyDoggoCircle1-v0__trpo_lag__s1,SafetyDoggoCircle1-v0,trpo_lag,1,aliyun,pending,False,0,,,,,,
SafetyDoggoCircle2-v0__trpo_lag__s1,SafetyDoggoCircle2-v0,trpo_lag,1,30109,pending,False,0,,,,,,
SafetyDoggoGoal0-v0__trpo_lag__s1,SafetyDoggoGoal0-v0,trpo_lag,1,5090,pending,False,0,,,,,,
SafetyDoggoGoal1-v0__trpo_lag__s1,SafetyDoggoGoal1-v0,trpo_lag,1,aliyun,pending,False,0,,,,,,
SafetyDoggoGoal2-v0__trpo_lag__s1,SafetyDoggoGoal2-v0,trpo_lag,1,30109,pending,False,0,,,,,,
SafetyDoggoPush0-v0__trpo_lag__s1,SafetyDoggoPush0-v0,trpo_lag,1,5090,pending,False,0,,,,,,
SafetyDoggoPush1-v0__trpo_lag__s1,SafetyDoggoPush1-v0,trpo_lag,1,aliyun,pending,False,0,,,,,,
SafetyDoggoPush2-v0__trpo_lag__s1,SafetyDoggoPush2-v0,trpo_lag,1,30109,pending,False,0,,,,,,
SafetyDoggoRun0-v0__trpo_lag__s1,SafetyDoggoRun0-v0,trpo_lag,1,5090,pending,False,0,,,,,,
SafetyHalfCheetahVelocity-v0__trpo_lag__s1,SafetyHalfCheetahVelocity-v0,trpo_lag,1,aliyun,pending,False,0,,,,,,
SafetyHalfCheetahVelocity-v1__trpo_lag__s1,SafetyHalfCheetahVelocity-v1,trpo_lag,1,30109,pending,False,0,,,,,,
SafetyHopperVelocity-v0__trpo_lag__s1,SafetyHopperVelocity-v0,trpo_lag,1,5090,pending,False,0,,,,,,
SafetyHopperVelocity-v1__trpo_lag__s1,SafetyHopperVelocity-v1,trpo_lag,1,aliyun,pending,False,0,,,,,,
SafetyHumanoidVelocity-v0__trpo_lag__s1,SafetyHumanoidVelocity-v0,trpo_lag,1,30109,pending,False,0,,,,,,
SafetyHumanoidVelocity-v1__trpo_lag__s1,SafetyHumanoidVelocity-v1,trpo_lag,1,5090,pending,False,0,,,,,,
SafetyPointButton0-v0__trpo_lag__s1,SafetyPointButton0-v0,trpo_lag,1,aliyun,pending,False,0,,,,,,
SafetyPointButton1-v0__trpo_lag__s1,SafetyPointButton1-v0,trpo_lag,1,30109,pending,False,0,,,,,,
SafetyPointButton2-v0__trpo_lag__s1,SafetyPointButton2-v0,trpo_lag,1,5090,pending,False,0,,,,,,
SafetyPointCircle0-v0__trpo_lag__s1,SafetyPointCircle0-v0,trpo_lag,1,aliyun,pending,False,0,,,,,,
SafetyPointCircle1-v0__trpo_lag__s1,SafetyPointCircle1-v0,trpo_lag,1,30109,pending,False,0,,,,,,
SafetyPointCircle2-v0__trpo_lag__s1,SafetyPointCircle2-v0,trpo_lag,1,5090,pending,False,0,,,,,,
SafetyPointGoal0-v0__trpo_lag__s1,SafetyPointGoal0-v0,trpo_lag,1,aliyun,pending,False,0,,,,,,
SafetyPointGoal1-v0__trpo_lag__s1,SafetyPointGoal1-v0,trpo_lag,1,30109,pending,False,0,,,,,,
SafetyPointGoal2-v0__trpo_lag__s1,SafetyPointGoal2-v0,trpo_lag,1,5090,pending,False,0,,,,,,
SafetyPointPush0-v0__trpo_lag__s1,SafetyPointPush0-v0,trpo_lag,1,aliyun,pending,False,0,,,,,,
SafetyPointPush1-v0__trpo_lag__s1,SafetyPointPush1-v0,trpo_lag,1,30109,pending,False,0,,,,,,
SafetyPointPush2-v0__trpo_lag__s1,SafetyPointPush2-v0,trpo_lag,1,5090,pending,False,0,,,,,,
SafetyPointRun0-v0__trpo_lag__s1,SafetyPointRun0-v0,trpo_lag,1,aliyun,pending,False,0,,,,,,
SafetyRacecarButton0-v0__trpo_lag__s1,SafetyRacecarButton0-v0,trpo_lag,1,30109,pending,False,0,,,,,,
SafetyRacecarButton1-v0__trpo_lag__s1,SafetyRacecarButton1-v0,trpo_lag,1,5090,pending,False,0,,,,,,
SafetyRacecarButton2-v0__trpo_lag__s1,SafetyRacecarButton2-v0,trpo_lag,1,aliyun,pending,False,0,,,,,,
SafetyRacecarCircle0-v0__trpo_lag__s1,SafetyRacecarCircle0-v0,trpo_lag,1,30109,pending,False,0,,,,,,
SafetyRacecarCircle1-v0__trpo_lag__s1,SafetyRacecarCircle1-v0,trpo_lag,1,5090,pending,False,0,,,,,,
SafetyRacecarCircle2-v0__trpo_lag__s1,SafetyRacecarCircle2-v0,trpo_lag,1,aliyun,pending,False,0,,,,,,
SafetyRacecarGoal0-v0__trpo_lag__s1,SafetyRacecarGoal0-v0,trpo_lag,1,30109,pending,False,0,,,,,,
SafetyRacecarGoal1-v0__trpo_lag__s1,SafetyRacecarGoal1-v0,trpo_lag,1,5090,pending,False,0,,,,,,
SafetyRacecarGoal2-v0__trpo_lag__s1,SafetyRacecarGoal2-v0,trpo_lag,1,aliyun,pending,False,0,,,,,,
SafetyRacecarPush0-v0__trpo_lag__s1,SafetyRacecarPush0-v0,trpo_lag,1,30109,pending,False,0,,,,,,
SafetyRacecarPush1-v0__trpo_lag__s1,SafetyRacecarPush1-v0,trpo_lag,1,5090,pending,False,0,,,,,,
SafetyRacecarPush2-v0__trpo_lag__s1,SafetyRacecarPush2-v0,trpo_lag,1,aliyun,pending,False,0,,,,,,
SafetyRacecarRun0-v0__trpo_lag__s1,SafetyRacecarRun0-v0,trpo_lag,1,30109,pending,False,0,,,,,,
SafetySwimmerVelocity-v0__trpo_lag__s1,SafetySwimmerVelocity-v0,trpo_lag,1,5090,pending,False,0,,,,,,
SafetySwimmerVelocity-v1__trpo_lag__s1,SafetySwimmerVelocity-v1,trpo_lag,1,aliyun,pending,False,0,,,,,,
SafetyWalker2dVelocity-v0__trpo_lag__s1,SafetyWalker2dVelocity-v0,trpo_lag,1,30109,pending,False,0,,,,,,
SafetyWalker2dVelocity-v1__trpo_lag__s1,SafetyWalker2dVelocity-v1,trpo_lag,1,5090,pending,False,0,,,,,,
SafetyAntButton0-v0__cpo__s1,SafetyAntButton0-v0,cpo,1,30109,pending,False,0,,,,,,
SafetyAntButton1-v0__cpo__s1,SafetyAntButton1-v0,cpo,1,5090,pending,False,0,,,,,,
SafetyAntButton2-v0__cpo__s1,SafetyAntButton2-v0,cpo,1,aliyun,pending,False,0,,,,,,
SafetyAntCircle0-v0__cpo__s1,SafetyAntCircle0-v0,cpo,1,30109,pending,False,0,,,,,,
SafetyAntCircle1-v0__cpo__s1,SafetyAntCircle1-v0,cpo,1,5090,pending,False,0,,,,,,
SafetyAntCircle2-v0__cpo__s1,SafetyAntCircle2-v0,cpo,1,aliyun,pending,False,0,,,,,,
SafetyAntGoal0-v0__cpo__s1,SafetyAntGoal0-v0,cpo,1,30109,pending,False,0,,,,,,
SafetyAntGoal1-v0__cpo__s1,SafetyAntGoal1-v0,cpo,1,5090,pending,False,0,,,,,,
SafetyAntGoal2-v0__cpo__s1,SafetyAntGoal2-v0,cpo,1,aliyun,pending,False,0,,,,,,
SafetyAntPush0-v0__cpo__s1,SafetyAntPush0-v0,cpo,1,30109,pending,False,0,,,,,,
SafetyAntPush1-v0__cpo__s1,SafetyAntPush1-v0,cpo,1,5090,pending,False,0,,,,,,
SafetyAntPush2-v0__cpo__s1,SafetyAntPush2-v0,cpo,1,aliyun,pending,False,0,,,,,,
SafetyAntRun0-v0__cpo__s1,SafetyAntRun0-v0,cpo,1,30109,pending,False,0,,,,,,
SafetyAntVelocity-v0__cpo__s1,SafetyAntVelocity-v0,cpo,1,5090,pending,False,0,,,,,,
SafetyAntVelocity-v1__cpo__s1,SafetyAntVelocity-v1,cpo,1,aliyun,pending,False,0,,,,,,
SafetyCarButton0-v0__cpo__s1,SafetyCarButton0-v0,cpo,1,30109,pending,False,0,,,,,,
SafetyCarButton1-v0__cpo__s1,SafetyCarButton1-v0,cpo,1,5090,pending,False,0,,,,,,
SafetyCarButton2-v0__cpo__s1,SafetyCarButton2-v0,cpo,1,aliyun,pending,False,0,,,,,,
SafetyCarCircle0-v0__cpo__s1,SafetyCarCircle0-v0,cpo,1,30109,pending,False,0,,,,,,
SafetyCarCircle1-v0__cpo__s1,SafetyCarCircle1-v0,cpo,1,5090,pending,False,0,,,,,,
SafetyCarCircle2-v0__cpo__s1,SafetyCarCircle2-v0,cpo,1,aliyun,pending,False,0,,,,,,
SafetyCarGoal0-v0__cpo__s1,SafetyCarGoal0-v0,cpo,1,30109,pending,False,0,,,,,,
SafetyCarGoal1-v0__cpo__s1,SafetyCarGoal1-v0,cpo,1,5090,pending,False,0,,,,,,
SafetyCarGoal2-v0__cpo__s1,SafetyCarGoal2-v0,cpo,1,aliyun,pending,False,0,,,,,,
SafetyCarPush0-v0__cpo__s1,SafetyCarPush0-v0,cpo,1,30109,pending,False,0,,,,,,
SafetyCarPush1-v0__cpo__s1,SafetyCarPush1-v0,cpo,1,5090,pending,False,0,,,,,,
SafetyCarPush2-v0__cpo__s1,SafetyCarPush2-v0,cpo,1,aliyun,pending,False,0,,,,,,
SafetyCarRun0-v0__cpo__s1,SafetyCarRun0-v0,cpo,1,30109,pending,False,0,,,,,,
SafetyDoggoButton0-v0__cpo__s1,SafetyDoggoButton0-v0,cpo,1,5090,pending,False,0,,,,,,
SafetyDoggoButton1-v0__cpo__s1,SafetyDoggoButton1-v0,cpo,1,aliyun,pending,False,0,,,,,,
SafetyDoggoButton2-v0__cpo__s1,SafetyDoggoButton2-v0,cpo,1,30109,pending,False,0,,,,,,
SafetyDoggoCircle0-v0__cpo__s1,SafetyDoggoCircle0-v0,cpo,1,5090,pending,False,0,,,,,,
SafetyDoggoCircle1-v0__cpo__s1,SafetyDoggoCircle1-v0,cpo,1,aliyun,pending,False,0,,,,,,
SafetyDoggoCircle2-v0__cpo__s1,SafetyDoggoCircle2-v0,cpo,1,30109,pending,False,0,,,,,,
SafetyDoggoGoal0-v0__cpo__s1,SafetyDoggoGoal0-v0,cpo,1,5090,pending,False,0,,,,,,
SafetyDoggoGoal1-v0__cpo__s1,SafetyDoggoGoal1-v0,cpo,1,aliyun,pending,False,0,,,,,,
SafetyDoggoGoal2-v0__cpo__s1,SafetyDoggoGoal2-v0,cpo,1,30109,pending,False,0,,,,,,
SafetyDoggoPush0-v0__cpo__s1,SafetyDoggoPush0-v0,cpo,1,5090,pending,False,0,,,,,,
SafetyDoggoPush1-v0__cpo__s1,SafetyDoggoPush1-v0,cpo,1,aliyun,pending,False,0,,,,,,
SafetyDoggoPush2-v0__cpo__s1,SafetyDoggoPush2-v0,cpo,1,30109,pending,False,0,,,,,,
SafetyDoggoRun0-v0__cpo__s1,SafetyDoggoRun0-v0,cpo,1,5090,pending,False,0,,,,,,
SafetyHalfCheetahVelocity-v0__cpo__s1,SafetyHalfCheetahVelocity-v0,cpo,1,aliyun,pending,False,0,,,,,,
SafetyHalfCheetahVelocity-v1__cpo__s1,SafetyHalfCheetahVelocity-v1,cpo,1,30109,pending,False,0,,,,,,
SafetyHopperVelocity-v0__cpo__s1,SafetyHopperVelocity-v0,cpo,1,5090,pending,False,0,,,,,,
SafetyHopperVelocity-v1__cpo__s1,SafetyHopperVelocity-v1,cpo,1,aliyun,pending,False,0,,,,,,
SafetyHumanoidVelocity-v0__cpo__s1,SafetyHumanoidVelocity-v0,cpo,1,30109,pending,False,0,,,,,,
SafetyHumanoidVelocity-v1__cpo__s1,SafetyHumanoidVelocity-v1,cpo,1,5090,pending,False,0,,,,,,
SafetyPointButton0-v0__cpo__s1,SafetyPointButton0-v0,cpo,1,aliyun,pending,False,0,,,,,,
SafetyPointButton1-v0__cpo__s1,SafetyPointButton1-v0,cpo,1,30109,pending,False,0,,,,,,
SafetyPointButton2-v0__cpo__s1,SafetyPointButton2-v0,cpo,1,5090,pending,False,0,,,,,,
SafetyPointCircle0-v0__cpo__s1,SafetyPointCircle0-v0,cpo,1,aliyun,pending,False,0,,,,,,
SafetyPointCircle1-v0__cpo__s1,SafetyPointCircle1-v0,cpo,1,30109,pending,False,0,,,,,,
SafetyPointCircle2-v0__cpo__s1,SafetyPointCircle2-v0,cpo,1,5090,pending,False,0,,,,,,
SafetyPointGoal0-v0__cpo__s1,SafetyPointGoal0-v0,cpo,1,aliyun,pending,False,0,,,,,,
SafetyPointGoal1-v0__cpo__s1,SafetyPointGoal1-v0,cpo,1,30109,pending,False,0,,,,,,
SafetyPointGoal2-v0__cpo__s1,SafetyPointGoal2-v0,cpo,1,5090,pending,False,0,,,,,,
SafetyPointPush0-v0__cpo__s1,SafetyPointPush0-v0,cpo,1,aliyun,pending,False,0,,,,,,
SafetyPointPush1-v0__cpo__s1,SafetyPointPush1-v0,cpo,1,30109,pending,False,0,,,,,,
SafetyPointPush2-v0__cpo__s1,SafetyPointPush2-v0,cpo,1,5090,pending,False,0,,,,,,
SafetyPointRun0-v0__cpo__s1,SafetyPointRun0-v0,cpo,1,aliyun,pending,False,0,,,,,,
SafetyRacecarButton0-v0__cpo__s1,SafetyRacecarButton0-v0,cpo,1,30109,pending,False,0,,,,,,
SafetyRacecarButton1-v0__cpo__s1,SafetyRacecarButton1-v0,cpo,1,5090,pending,False,0,,,,,,
SafetyRacecarButton2-v0__cpo__s1,SafetyRacecarButton2-v0,cpo,1,aliyun,pending,False,0,,,,,,
SafetyRacecarCircle0-v0__cpo__s1,SafetyRacecarCircle0-v0,cpo,1,30109,pending,False,0,,,,,,
SafetyRacecarCircle1-v0__cpo__s1,SafetyRacecarCircle1-v0,cpo,1,5090,pending,False,0,,,,,,
SafetyRacecarCircle2-v0__cpo__s1,SafetyRacecarCircle2-v0,cpo,1,aliyun,pending,False,0,,,,,,
SafetyRacecarGoal0-v0__cpo__s1,SafetyRacecarGoal0-v0,cpo,1,30109,pending,False,0,,,,,,
SafetyRacecarGoal1-v0__cpo__s1,SafetyRacecarGoal1-v0,cpo,1,5090,pending,False,0,,,,,,
SafetyRacecarGoal2-v0__cpo__s1,SafetyRacecarGoal2-v0,cpo,1,aliyun,pending,False,0,,,,,,
SafetyRacecarPush0-v0__cpo__s1,SafetyRacecarPush0-v0,cpo,1,30109,pending,False,0,,,,,,
SafetyRacecarPush1-v0__cpo__s1,SafetyRacecarPush1-v0,cpo,1,5090,pending,False,0,,,,,,
SafetyRacecarPush2-v0__cpo__s1,SafetyRacecarPush2-v0,cpo,1,aliyun,pending,False,0,,,,,,
SafetyRacecarRun0-v0__cpo__s1,SafetyRacecarRun0-v0,cpo,1,30109,pending,False,0,,,,,,
SafetySwimmerVelocity-v0__cpo__s1,SafetySwimmerVelocity-v0,cpo,1,5090,pending,False,0,,,,,,
SafetySwimmerVelocity-v1__cpo__s1,SafetySwimmerVelocity-v1,cpo,1,aliyun,pending,False,0,,,,,,
SafetyWalker2dVelocity-v0__cpo__s1,SafetyWalker2dVelocity-v0,cpo,1,30109,pending,False,0,,,,,,
SafetyWalker2dVelocity-v1__cpo__s1,SafetyWalker2dVelocity-v1,cpo,1,5090,pending,False,0,,,,,,
SafetyAntButton0-v0__safeot_eps0.1__s2,SafetyAntButton0-v0,safeot_eps0.1,2,30109,pending,False,0,,,,,,
SafetyAntButton1-v0__safeot_eps0.1__s2,SafetyAntButton1-v0,safeot_eps0.1,2,5090,pending,False,0,,,,,,
SafetyAntButton2-v0__safeot_eps0.1__s2,SafetyAntButton2-v0,safeot_eps0.1,2,aliyun,pending,False,0,,,,,,
SafetyAntCircle0-v0__safeot_eps0.1__s2,SafetyAntCircle0-v0,safeot_eps0.1,2,30109,pending,False,0,,,,,,
SafetyAntCircle1-v0__safeot_eps0.1__s2,SafetyAntCircle1-v0,safeot_eps0.1,2,5090,pending,False,0,,,,,,
SafetyAntCircle2-v0__safeot_eps0.1__s2,SafetyAntCircle2-v0,safeot_eps0.1,2,aliyun,pending,False,0,,,,,,
SafetyAntGoal0-v0__safeot_eps0.1__s2,SafetyAntGoal0-v0,safeot_eps0.1,2,30109,pending,False,0,,,,,,
SafetyAntGoal1-v0__safeot_eps0.1__s2,SafetyAntGoal1-v0,safeot_eps0.1,2,5090,pending,False,0,,,,,,
SafetyAntGoal2-v0__safeot_eps0.1__s2,SafetyAntGoal2-v0,safeot_eps0.1,2,aliyun,pending,False,0,,,,,,
SafetyAntPush0-v0__safeot_eps0.1__s2,SafetyAntPush0-v0,safeot_eps0.1,2,30109,pending,False,0,,,,,,
SafetyAntPush1-v0__safeot_eps0.1__s2,SafetyAntPush1-v0,safeot_eps0.1,2,5090,pending,False,0,,,,,,
SafetyAntPush2-v0__safeot_eps0.1__s2,SafetyAntPush2-v0,safeot_eps0.1,2,aliyun,pending,False,0,,,,,,
SafetyAntRun0-v0__safeot_eps0.1__s2,SafetyAntRun0-v0,safeot_eps0.1,2,30109,pending,False,0,,,,,,
SafetyAntVelocity-v0__safeot_eps0.1__s2,SafetyAntVelocity-v0,safeot_eps0.1,2,5090,pending,False,0,,,,,,
SafetyAntVelocity-v1__safeot_eps0.1__s2,SafetyAntVelocity-v1,safeot_eps0.1,2,aliyun,pending,False,0,,,,,,
SafetyCarButton0-v0__safeot_eps0.1__s2,SafetyCarButton0-v0,safeot_eps0.1,2,30109,pending,False,0,,,,,,
SafetyCarButton1-v0__safeot_eps0.1__s2,SafetyCarButton1-v0,safeot_eps0.1,2,5090,pending,False,0,,,,,,
SafetyCarButton2-v0__safeot_eps0.1__s2,SafetyCarButton2-v0,safeot_eps0.1,2,aliyun,pending,False,0,,,,,,
SafetyCarCircle0-v0__safeot_eps0.1__s2,SafetyCarCircle0-v0,safeot_eps0.1,2,30109,pending,False,0,,,,,,
SafetyCarCircle1-v0__safeot_eps0.1__s2,SafetyCarCircle1-v0,safeot_eps0.1,2,5090,pending,False,0,,,,,,
SafetyCarCircle2-v0__safeot_eps0.1__s2,SafetyCarCircle2-v0,safeot_eps0.1,2,aliyun,pending,False,0,,,,,,
SafetyCarGoal0-v0__safeot_eps0.1__s2,SafetyCarGoal0-v0,safeot_eps0.1,2,30109,pending,False,0,,,,,,
SafetyCarGoal1-v0__safeot_eps0.1__s2,SafetyCarGoal1-v0,safeot_eps0.1,2,5090,pending,False,0,,,,,,
SafetyCarGoal2-v0__safeot_eps0.1__s2,SafetyCarGoal2-v0,safeot_eps0.1,2,aliyun,pending,False,0,,,,,,
SafetyCarPush0-v0__safeot_eps0.1__s2,SafetyCarPush0-v0,safeot_eps0.1,2,30109,pending,False,0,,,,,,
SafetyCarPush1-v0__safeot_eps0.1__s2,SafetyCarPush1-v0,safeot_eps0.1,2,5090,pending,False,0,,,,,,
SafetyCarPush2-v0__safeot_eps0.1__s2,SafetyCarPush2-v0,safeot_eps0.1,2,aliyun,pending,False,0,,,,,,
SafetyCarRun0-v0__safeot_eps0.1__s2,SafetyCarRun0-v0,safeot_eps0.1,2,30109,pending,False,0,,,,,,
SafetyDoggoButton0-v0__safeot_eps0.1__s2,SafetyDoggoButton0-v0,safeot_eps0.1,2,5090,pending,False,0,,,,,,
SafetyDoggoButton1-v0__safeot_eps0.1__s2,SafetyDoggoButton1-v0,safeot_eps0.1,2,aliyun,pending,False,0,,,,,,
SafetyDoggoButton2-v0__safeot_eps0.1__s2,SafetyDoggoButton2-v0,safeot_eps0.1,2,30109,pending,False,0,,,,,,
SafetyDoggoCircle0-v0__safeot_eps0.1__s2,SafetyDoggoCircle0-v0,safeot_eps0.1,2,5090,pending,False,0,,,,,,
SafetyDoggoCircle1-v0__safeot_eps0.1__s2,SafetyDoggoCircle1-v0,safeot_eps0.1,2,aliyun,pending,False,0,,,,,,
SafetyDoggoCircle2-v0__safeot_eps0.1__s2,SafetyDoggoCircle2-v0,safeot_eps0.1,2,30109,pending,False,0,,,,,,
SafetyDoggoGoal0-v0__safeot_eps0.1__s2,SafetyDoggoGoal0-v0,safeot_eps0.1,2,5090,pending,False,0,,,,,,
SafetyDoggoGoal1-v0__safeot_eps0.1__s2,SafetyDoggoGoal1-v0,safeot_eps0.1,2,aliyun,pending,False,0,,,,,,
SafetyDoggoGoal2-v0__safeot_eps0.1__s2,SafetyDoggoGoal2-v0,safeot_eps0.1,2,30109,pending,False,0,,,,,,
SafetyDoggoPush0-v0__safeot_eps0.1__s2,SafetyDoggoPush0-v0,safeot_eps0.1,2,5090,pending,False,0,,,,,,
SafetyDoggoPush1-v0__safeot_eps0.1__s2,SafetyDoggoPush1-v0,safeot_eps0.1,2,aliyun,pending,False,0,,,,,,
SafetyDoggoPush2-v0__safeot_eps0.1__s2,SafetyDoggoPush2-v0,safeot_eps0.1,2,30109,pending,False,0,,,,,,
SafetyDoggoRun0-v0__safeot_eps0.1__s2,SafetyDoggoRun0-v0,safeot_eps0.1,2,5090,pending,False,0,,,,,,
SafetyHalfCheetahVelocity-v0__safeot_eps0.1__s2,SafetyHalfCheetahVelocity-v0,safeot_eps0.1,2,aliyun,pending,False,0,,,,,,
SafetyHalfCheetahVelocity-v1__safeot_eps0.1__s2,SafetyHalfCheetahVelocity-v1,safeot_eps0.1,2,30109,pending,False,0,,,,,,
SafetyHopperVelocity-v0__safeot_eps0.1__s2,SafetyHopperVelocity-v0,safeot_eps0.1,2,5090,pending,False,0,,,,,,
SafetyHopperVelocity-v1__safeot_eps0.1__s2,SafetyHopperVelocity-v1,safeot_eps0.1,2,aliyun,pending,False,0,,,,,,
SafetyHumanoidVelocity-v0__safeot_eps0.1__s2,SafetyHumanoidVelocity-v0,safeot_eps0.1,2,30109,pending,False,0,,,,,,
SafetyHumanoidVelocity-v1__safeot_eps0.1__s2,SafetyHumanoidVelocity-v1,safeot_eps0.1,2,5090,pending,False,0,,,,,,
SafetyPointButton0-v0__safeot_eps0.1__s2,SafetyPointButton0-v0,safeot_eps0.1,2,aliyun,pending,False,0,,,,,,
SafetyPointButton1-v0__safeot_eps0.1__s2,SafetyPointButton1-v0,safeot_eps0.1,2,30109,pending,False,0,,,,,,
SafetyPointButton2-v0__safeot_eps0.1__s2,SafetyPointButton2-v0,safeot_eps0.1,2,5090,pending,False,0,,,,,,
SafetyPointCircle0-v0__safeot_eps0.1__s2,SafetyPointCircle0-v0,safeot_eps0.1,2,aliyun,pending,False,0,,,,,,
SafetyPointCircle1-v0__safeot_eps0.1__s2,SafetyPointCircle1-v0,safeot_eps0.1,2,30109,pending,False,0,,,,,,
SafetyPointCircle2-v0__safeot_eps0.1__s2,SafetyPointCircle2-v0,safeot_eps0.1,2,5090,pending,False,0,,,,,,
SafetyPointGoal0-v0__safeot_eps0.1__s2,SafetyPointGoal0-v0,safeot_eps0.1,2,aliyun,pending,False,0,,,,,,
SafetyPointGoal1-v0__safeot_eps0.1__s2,SafetyPointGoal1-v0,safeot_eps0.1,2,30109,pending,False,0,,,,,,
SafetyPointGoal2-v0__safeot_eps0.1__s2,SafetyPointGoal2-v0,safeot_eps0.1,2,5090,pending,False,0,,,,,,
SafetyPointPush0-v0__safeot_eps0.1__s2,SafetyPointPush0-v0,safeot_eps0.1,2,aliyun,pending,False,0,,,,,,
SafetyPointPush1-v0__safeot_eps0.1__s2,SafetyPointPush1-v0,safeot_eps0.1,2,30109,pending,False,0,,,,,,
SafetyPointPush2-v0__safeot_eps0.1__s2,SafetyPointPush2-v0,safeot_eps0.1,2,5090,pending,False,0,,,,,,
SafetyPointRun0-v0__safeot_eps0.1__s2,SafetyPointRun0-v0,safeot_eps0.1,2,aliyun,pending,False,0,,,,,,
SafetyRacecarButton0-v0__safeot_eps0.1__s2,SafetyRacecarButton0-v0,safeot_eps0.1,2,30109,pending,False,0,,,,,,
SafetyRacecarButton1-v0__safeot_eps0.1__s2,SafetyRacecarButton1-v0,safeot_eps0.1,2,5090,pending,False,0,,,,,,
SafetyRacecarButton2-v0__safeot_eps0.1__s2,SafetyRacecarButton2-v0,safeot_eps0.1,2,aliyun,pending,False,0,,,,,,
SafetyRacecarCircle0-v0__safeot_eps0.1__s2,SafetyRacecarCircle0-v0,safeot_eps0.1,2,30109,pending,False,0,,,,,,
SafetyRacecarCircle1-v0__safeot_eps0.1__s2,SafetyRacecarCircle1-v0,safeot_eps0.1,2,5090,pending,False,0,,,,,,
SafetyRacecarCircle2-v0__safeot_eps0.1__s2,SafetyRacecarCircle2-v0,safeot_eps0.1,2,aliyun,pending,False,0,,,,,,
SafetyRacecarGoal0-v0__safeot_eps0.1__s2,SafetyRacecarGoal0-v0,safeot_eps0.1,2,30109,pending,False,0,,,,,,
SafetyRacecarGoal1-v0__safeot_eps0.1__s2,SafetyRacecarGoal1-v0,safeot_eps0.1,2,5090,pending,False,0,,,,,,
SafetyRacecarGoal2-v0__safeot_eps0.1__s2,SafetyRacecarGoal2-v0,safeot_eps0.1,2,aliyun,pending,False,0,,,,,,
SafetyRacecarPush0-v0__safeot_eps0.1__s2,SafetyRacecarPush0-v0,safeot_eps0.1,2,30109,pending,False,0,,,,,,
SafetyRacecarPush1-v0__safeot_eps0.1__s2,SafetyRacecarPush1-v0,safeot_eps0.1,2,5090,pending,False,0,,,,,,
SafetyRacecarPush2-v0__safeot_eps0.1__s2,SafetyRacecarPush2-v0,safeot_eps0.1,2,aliyun,pending,False,0,,,,,,
SafetyRacecarRun0-v0__safeot_eps0.1__s2,SafetyRacecarRun0-v0,safeot_eps0.1,2,30109,pending,False,0,,,,,,
SafetySwimmerVelocity-v0__safeot_eps0.1__s2,SafetySwimmerVelocity-v0,safeot_eps0.1,2,5090,pending,False,0,,,,,,
SafetySwimmerVelocity-v1__safeot_eps0.1__s2,SafetySwimmerVelocity-v1,safeot_eps0.1,2,aliyun,pending,False,0,,,,,,
SafetyWalker2dVelocity-v0__safeot_eps0.1__s2,SafetyWalker2dVelocity-v0,safeot_eps0.1,2,30109,pending,False,0,,,,,,
SafetyWalker2dVelocity-v1__safeot_eps0.1__s2,SafetyWalker2dVelocity-v1,safeot_eps0.1,2,5090,pending,False,0,,,,,,
SafetyAntButton0-v0__safeot_eps1__s2,SafetyAntButton0-v0,safeot_eps1,2,30109,pending,False,0,,,,,,
SafetyAntButton1-v0__safeot_eps1__s2,SafetyAntButton1-v0,safeot_eps1,2,5090,pending,False,0,,,,,,
SafetyAntButton2-v0__safeot_eps1__s2,SafetyAntButton2-v0,safeot_eps1,2,aliyun,pending,False,0,,,,,,
SafetyAntCircle0-v0__safeot_eps1__s2,SafetyAntCircle0-v0,safeot_eps1,2,30109,pending,False,0,,,,,,
SafetyAntCircle1-v0__safeot_eps1__s2,SafetyAntCircle1-v0,safeot_eps1,2,5090,pending,False,0,,,,,,
SafetyAntCircle2-v0__safeot_eps1__s2,SafetyAntCircle2-v0,safeot_eps1,2,aliyun,pending,False,0,,,,,,
SafetyAntGoal0-v0__safeot_eps1__s2,SafetyAntGoal0-v0,safeot_eps1,2,30109,pending,False,0,,,,,,
SafetyAntGoal1-v0__safeot_eps1__s2,SafetyAntGoal1-v0,safeot_eps1,2,5090,pending,False,0,,,,,,
SafetyAntGoal2-v0__safeot_eps1__s2,SafetyAntGoal2-v0,safeot_eps1,2,aliyun,pending,False,0,,,,,,
SafetyAntPush0-v0__safeot_eps1__s2,SafetyAntPush0-v0,safeot_eps1,2,30109,pending,False,0,,,,,,
SafetyAntPush1-v0__safeot_eps1__s2,SafetyAntPush1-v0,safeot_eps1,2,5090,pending,False,0,,,,,,
SafetyAntPush2-v0__safeot_eps1__s2,SafetyAntPush2-v0,safeot_eps1,2,aliyun,pending,False,0,,,,,,
SafetyAntRun0-v0__safeot_eps1__s2,SafetyAntRun0-v0,safeot_eps1,2,30109,pending,False,0,,,,,,
SafetyAntVelocity-v0__safeot_eps1__s2,SafetyAntVelocity-v0,safeot_eps1,2,5090,pending,False,0,,,,,,
SafetyAntVelocity-v1__safeot_eps1__s2,SafetyAntVelocity-v1,safeot_eps1,2,aliyun,pending,False,0,,,,,,
SafetyCarButton0-v0__safeot_eps1__s2,SafetyCarButton0-v0,safeot_eps1,2,30109,pending,False,0,,,,,,
SafetyCarButton1-v0__safeot_eps1__s2,SafetyCarButton1-v0,safeot_eps1,2,5090,pending,False,0,,,,,,
SafetyCarButton2-v0__safeot_eps1__s2,SafetyCarButton2-v0,safeot_eps1,2,aliyun,pending,False,0,,,,,,
SafetyCarCircle0-v0__safeot_eps1__s2,SafetyCarCircle0-v0,safeot_eps1,2,30109,pending,False,0,,,,,,
SafetyCarCircle1-v0__safeot_eps1__s2,SafetyCarCircle1-v0,safeot_eps1,2,5090,pending,False,0,,,,,,
SafetyCarCircle2-v0__safeot_eps1__s2,SafetyCarCircle2-v0,safeot_eps1,2,aliyun,pending,False,0,,,,,,
SafetyCarGoal0-v0__safeot_eps1__s2,SafetyCarGoal0-v0,safeot_eps1,2,30109,pending,False,0,,,,,,
SafetyCarGoal1-v0__safeot_eps1__s2,SafetyCarGoal1-v0,safeot_eps1,2,5090,pending,False,0,,,,,,
SafetyCarGoal2-v0__safeot_eps1__s2,SafetyCarGoal2-v0,safeot_eps1,2,aliyun,pending,False,0,,,,,,
SafetyCarPush0-v0__safeot_eps1__s2,SafetyCarPush0-v0,safeot_eps1,2,30109,pending,False,0,,,,,,
SafetyCarPush1-v0__safeot_eps1__s2,SafetyCarPush1-v0,safeot_eps1,2,5090,pending,False,0,,,,,,
SafetyCarPush2-v0__safeot_eps1__s2,SafetyCarPush2-v0,safeot_eps1,2,aliyun,pending,False,0,,,,,,
SafetyCarRun0-v0__safeot_eps1__s2,SafetyCarRun0-v0,safeot_eps1,2,30109,pending,False,0,,,,,,
SafetyDoggoButton0-v0__safeot_eps1__s2,SafetyDoggoButton0-v0,safeot_eps1,2,5090,pending,False,0,,,,,,
SafetyDoggoButton1-v0__safeot_eps1__s2,SafetyDoggoButton1-v0,safeot_eps1,2,aliyun,pending,False,0,,,,,,
SafetyDoggoButton2-v0__safeot_eps1__s2,SafetyDoggoButton2-v0,safeot_eps1,2,30109,pending,False,0,,,,,,
SafetyDoggoCircle0-v0__safeot_eps1__s2,SafetyDoggoCircle0-v0,safeot_eps1,2,5090,pending,False,0,,,,,,
SafetyDoggoCircle1-v0__safeot_eps1__s2,SafetyDoggoCircle1-v0,safeot_eps1,2,aliyun,pending,False,0,,,,,,
SafetyDoggoCircle2-v0__safeot_eps1__s2,SafetyDoggoCircle2-v0,safeot_eps1,2,30109,pending,False,0,,,,,,
SafetyDoggoGoal0-v0__safeot_eps1__s2,SafetyDoggoGoal0-v0,safeot_eps1,2,5090,pending,False,0,,,,,,
SafetyDoggoGoal1-v0__safeot_eps1__s2,SafetyDoggoGoal1-v0,safeot_eps1,2,aliyun,pending,False,0,,,,,,
SafetyDoggoGoal2-v0__safeot_eps1__s2,SafetyDoggoGoal2-v0,safeot_eps1,2,30109,pending,False,0,,,,,,
SafetyDoggoPush0-v0__safeot_eps1__s2,SafetyDoggoPush0-v0,safeot_eps1,2,5090,pending,False,0,,,,,,
SafetyDoggoPush1-v0__safeot_eps1__s2,SafetyDoggoPush1-v0,safeot_eps1,2,aliyun,pending,False,0,,,,,,
SafetyDoggoPush2-v0__safeot_eps1__s2,SafetyDoggoPush2-v0,safeot_eps1,2,30109,pending,False,0,,,,,,
SafetyDoggoRun0-v0__safeot_eps1__s2,SafetyDoggoRun0-v0,safeot_eps1,2,5090,pending,False,0,,,,,,
SafetyHalfCheetahVelocity-v0__safeot_eps1__s2,SafetyHalfCheetahVelocity-v0,safeot_eps1,2,aliyun,pending,False,0,,,,,,
SafetyHalfCheetahVelocity-v1__safeot_eps1__s2,SafetyHalfCheetahVelocity-v1,safeot_eps1,2,30109,pending,False,0,,,,,,
SafetyHopperVelocity-v0__safeot_eps1__s2,SafetyHopperVelocity-v0,safeot_eps1,2,5090,pending,False,0,,,,,,
SafetyHopperVelocity-v1__safeot_eps1__s2,SafetyHopperVelocity-v1,safeot_eps1,2,aliyun,pending,False,0,,,,,,
SafetyHumanoidVelocity-v0__safeot_eps1__s2,SafetyHumanoidVelocity-v0,safeot_eps1,2,30109,pending,False,0,,,,,,
SafetyHumanoidVelocity-v1__safeot_eps1__s2,SafetyHumanoidVelocity-v1,safeot_eps1,2,5090,pending,False,0,,,,,,
SafetyPointButton0-v0__safeot_eps1__s2,SafetyPointButton0-v0,safeot_eps1,2,aliyun,pending,False,0,,,,,,
SafetyPointButton1-v0__safeot_eps1__s2,SafetyPointButton1-v0,safeot_eps1,2,30109,pending,False,0,,,,,,
SafetyPointButton2-v0__safeot_eps1__s2,SafetyPointButton2-v0,safeot_eps1,2,5090,pending,False,0,,,,,,
SafetyPointCircle0-v0__safeot_eps1__s2,SafetyPointCircle0-v0,safeot_eps1,2,aliyun,pending,False,0,,,,,,
SafetyPointCircle1-v0__safeot_eps1__s2,SafetyPointCircle1-v0,safeot_eps1,2,30109,pending,False,0,,,,,,
SafetyPointCircle2-v0__safeot_eps1__s2,SafetyPointCircle2-v0,safeot_eps1,2,5090,pending,False,0,,,,,,
SafetyPointGoal0-v0__safeot_eps1__s2,SafetyPointGoal0-v0,safeot_eps1,2,aliyun,pending,False,0,,,,,,
SafetyPointGoal1-v0__safeot_eps1__s2,SafetyPointGoal1-v0,safeot_eps1,2,30109,pending,False,0,,,,,,
SafetyPointGoal2-v0__safeot_eps1__s2,SafetyPointGoal2-v0,safeot_eps1,2,5090,pending,False,0,,,,,,
SafetyPointPush0-v0__safeot_eps1__s2,SafetyPointPush0-v0,safeot_eps1,2,aliyun,pending,False,0,,,,,,
SafetyPointPush1-v0__safeot_eps1__s2,SafetyPointPush1-v0,safeot_eps1,2,30109,pending,False,0,,,,,,
SafetyPointPush2-v0__safeot_eps1__s2,SafetyPointPush2-v0,safeot_eps1,2,5090,pending,False,0,,,,,,
SafetyPointRun0-v0__safeot_eps1__s2,SafetyPointRun0-v0,safeot_eps1,2,aliyun,pending,False,0,,,,,,
SafetyRacecarButton0-v0__safeot_eps1__s2,SafetyRacecarButton0-v0,safeot_eps1,2,30109,pending,False,0,,,,,,
SafetyRacecarButton1-v0__safeot_eps1__s2,SafetyRacecarButton1-v0,safeot_eps1,2,5090,pending,False,0,,,,,,
SafetyRacecarButton2-v0__safeot_eps1__s2,SafetyRacecarButton2-v0,safeot_eps1,2,aliyun,pending,False,0,,,,,,
SafetyRacecarCircle0-v0__safeot_eps1__s2,SafetyRacecarCircle0-v0,safeot_eps1,2,30109,pending,False,0,,,,,,
SafetyRacecarCircle1-v0__safeot_eps1__s2,SafetyRacecarCircle1-v0,safeot_eps1,2,5090,pending,False,0,,,,,,
SafetyRacecarCircle2-v0__safeot_eps1__s2,SafetyRacecarCircle2-v0,safeot_eps1,2,aliyun,pending,False,0,,,,,,
SafetyRacecarGoal0-v0__safeot_eps1__s2,SafetyRacecarGoal0-v0,safeot_eps1,2,30109,pending,False,0,,,,,,
SafetyRacecarGoal1-v0__safeot_eps1__s2,SafetyRacecarGoal1-v0,safeot_eps1,2,5090,pending,False,0,,,,,,
SafetyRacecarGoal2-v0__safeot_eps1__s2,SafetyRacecarGoal2-v0,safeot_eps1,2,aliyun,pending,False,0,,,,,,
SafetyRacecarPush0-v0__safeot_eps1__s2,SafetyRacecarPush0-v0,safeot_eps1,2,30109,pending,False,0,,,,,,
SafetyRacecarPush1-v0__safeot_eps1__s2,SafetyRacecarPush1-v0,safeot_eps1,2,5090,pending,False,0,,,,,,
SafetyRacecarPush2-v0__safeot_eps1__s2,SafetyRacecarPush2-v0,safeot_eps1,2,aliyun,pending,False,0,,,,,,
SafetyRacecarRun0-v0__safeot_eps1__s2,SafetyRacecarRun0-v0,safeot_eps1,2,30109,pending,False,0,,,,,,
SafetySwimmerVelocity-v0__safeot_eps1__s2,SafetySwimmerVelocity-v0,safeot_eps1,2,5090,pending,False,0,,,,,,
SafetySwimmerVelocity-v1__safeot_eps1__s2,SafetySwimmerVelocity-v1,safeot_eps1,2,aliyun,pending,False,0,,,,,,
SafetyWalker2dVelocity-v0__safeot_eps1__s2,SafetyWalker2dVelocity-v0,safeot_eps1,2,30109,pending,False,0,,,,,,
SafetyWalker2dVelocity-v1__safeot_eps1__s2,SafetyWalker2dVelocity-v1,safeot_eps1,2,5090,pending,False,0,,,,,,
SafetyAntButton0-v0__safeot_eps3__s2,SafetyAntButton0-v0,safeot_eps3,2,30109,pending,False,0,,,,,,
SafetyAntButton1-v0__safeot_eps3__s2,SafetyAntButton1-v0,safeot_eps3,2,5090,pending,False,0,,,,,,
SafetyAntButton2-v0__safeot_eps3__s2,SafetyAntButton2-v0,safeot_eps3,2,aliyun,pending,False,0,,,,,,
SafetyAntCircle0-v0__safeot_eps3__s2,SafetyAntCircle0-v0,safeot_eps3,2,30109,pending,False,0,,,,,,
SafetyAntCircle1-v0__safeot_eps3__s2,SafetyAntCircle1-v0,safeot_eps3,2,5090,pending,False,0,,,,,,
SafetyAntCircle2-v0__safeot_eps3__s2,SafetyAntCircle2-v0,safeot_eps3,2,aliyun,pending,False,0,,,,,,
SafetyAntGoal0-v0__safeot_eps3__s2,SafetyAntGoal0-v0,safeot_eps3,2,30109,pending,False,0,,,,,,
SafetyAntGoal1-v0__safeot_eps3__s2,SafetyAntGoal1-v0,safeot_eps3,2,5090,pending,False,0,,,,,,
SafetyAntGoal2-v0__safeot_eps3__s2,SafetyAntGoal2-v0,safeot_eps3,2,aliyun,pending,False,0,,,,,,
SafetyAntPush0-v0__safeot_eps3__s2,SafetyAntPush0-v0,safeot_eps3,2,30109,pending,False,0,,,,,,
SafetyAntPush1-v0__safeot_eps3__s2,SafetyAntPush1-v0,safeot_eps3,2,5090,pending,False,0,,,,,,
SafetyAntPush2-v0__safeot_eps3__s2,SafetyAntPush2-v0,safeot_eps3,2,aliyun,pending,False,0,,,,,,
SafetyAntRun0-v0__safeot_eps3__s2,SafetyAntRun0-v0,safeot_eps3,2,30109,pending,False,0,,,,,,
SafetyAntVelocity-v0__safeot_eps3__s2,SafetyAntVelocity-v0,safeot_eps3,2,5090,pending,False,0,,,,,,
SafetyAntVelocity-v1__safeot_eps3__s2,SafetyAntVelocity-v1,safeot_eps3,2,aliyun,pending,False,0,,,,,,
SafetyCarButton0-v0__safeot_eps3__s2,SafetyCarButton0-v0,safeot_eps3,2,30109,pending,False,0,,,,,,
SafetyCarButton1-v0__safeot_eps3__s2,SafetyCarButton1-v0,safeot_eps3,2,5090,pending,False,0,,,,,,
SafetyCarButton2-v0__safeot_eps3__s2,SafetyCarButton2-v0,safeot_eps3,2,aliyun,pending,False,0,,,,,,
SafetyCarCircle0-v0__safeot_eps3__s2,SafetyCarCircle0-v0,safeot_eps3,2,30109,pending,False,0,,,,,,
SafetyCarCircle1-v0__safeot_eps3__s2,SafetyCarCircle1-v0,safeot_eps3,2,5090,pending,False,0,,,,,,
SafetyCarCircle2-v0__safeot_eps3__s2,SafetyCarCircle2-v0,safeot_eps3,2,aliyun,pending,False,0,,,,,,
SafetyCarGoal0-v0__safeot_eps3__s2,SafetyCarGoal0-v0,safeot_eps3,2,30109,pending,False,0,,,,,,
SafetyCarGoal1-v0__safeot_eps3__s2,SafetyCarGoal1-v0,safeot_eps3,2,5090,pending,False,0,,,,,,
SafetyCarGoal2-v0__safeot_eps3__s2,SafetyCarGoal2-v0,safeot_eps3,2,aliyun,pending,False,0,,,,,,
SafetyCarPush0-v0__safeot_eps3__s2,SafetyCarPush0-v0,safeot_eps3,2,30109,pending,False,0,,,,,,
SafetyCarPush1-v0__safeot_eps3__s2,SafetyCarPush1-v0,safeot_eps3,2,5090,pending,False,0,,,,,,
SafetyCarPush2-v0__safeot_eps3__s2,SafetyCarPush2-v0,safeot_eps3,2,aliyun,pending,False,0,,,,,,
SafetyCarRun0-v0__safeot_eps3__s2,SafetyCarRun0-v0,safeot_eps3,2,30109,pending,False,0,,,,,,
SafetyDoggoButton0-v0__safeot_eps3__s2,SafetyDoggoButton0-v0,safeot_eps3,2,5090,pending,False,0,,,,,,
SafetyDoggoButton1-v0__safeot_eps3__s2,SafetyDoggoButton1-v0,safeot_eps3,2,aliyun,pending,False,0,,,,,,
SafetyDoggoButton2-v0__safeot_eps3__s2,SafetyDoggoButton2-v0,safeot_eps3,2,30109,pending,False,0,,,,,,
SafetyDoggoCircle0-v0__safeot_eps3__s2,SafetyDoggoCircle0-v0,safeot_eps3,2,5090,pending,False,0,,,,,,
SafetyDoggoCircle1-v0__safeot_eps3__s2,SafetyDoggoCircle1-v0,safeot_eps3,2,aliyun,pending,False,0,,,,,,
SafetyDoggoCircle2-v0__safeot_eps3__s2,SafetyDoggoCircle2-v0,safeot_eps3,2,30109,pending,False,0,,,,,,
SafetyDoggoGoal0-v0__safeot_eps3__s2,SafetyDoggoGoal0-v0,safeot_eps3,2,5090,pending,False,0,,,,,,
SafetyDoggoGoal1-v0__safeot_eps3__s2,SafetyDoggoGoal1-v0,safeot_eps3,2,aliyun,pending,False,0,,,,,,
SafetyDoggoGoal2-v0__safeot_eps3__s2,SafetyDoggoGoal2-v0,safeot_eps3,2,30109,pending,False,0,,,,,,
SafetyDoggoPush0-v0__safeot_eps3__s2,SafetyDoggoPush0-v0,safeot_eps3,2,5090,pending,False,0,,,,,,
SafetyDoggoPush1-v0__safeot_eps3__s2,SafetyDoggoPush1-v0,safeot_eps3,2,aliyun,pending,False,0,,,,,,
SafetyDoggoPush2-v0__safeot_eps3__s2,SafetyDoggoPush2-v0,safeot_eps3,2,30109,pending,False,0,,,,,,
SafetyDoggoRun0-v0__safeot_eps3__s2,SafetyDoggoRun0-v0,safeot_eps3,2,5090,pending,False,0,,,,,,
SafetyHalfCheetahVelocity-v0__safeot_eps3__s2,SafetyHalfCheetahVelocity-v0,safeot_eps3,2,aliyun,pending,False,0,,,,,,
SafetyHalfCheetahVelocity-v1__safeot_eps3__s2,SafetyHalfCheetahVelocity-v1,safeot_eps3,2,30109,pending,False,0,,,,,,
SafetyHopperVelocity-v0__safeot_eps3__s2,SafetyHopperVelocity-v0,safeot_eps3,2,5090,pending,False,0,,,,,,
SafetyHopperVelocity-v1__safeot_eps3__s2,SafetyHopperVelocity-v1,safeot_eps3,2,aliyun,pending,False,0,,,,,,
SafetyHumanoidVelocity-v0__safeot_eps3__s2,SafetyHumanoidVelocity-v0,safeot_eps3,2,30109,pending,False,0,,,,,,
SafetyHumanoidVelocity-v1__safeot_eps3__s2,SafetyHumanoidVelocity-v1,safeot_eps3,2,5090,pending,False,0,,,,,,
SafetyPointButton0-v0__safeot_eps3__s2,SafetyPointButton0-v0,safeot_eps3,2,aliyun,pending,False,0,,,,,,
SafetyPointButton1-v0__safeot_eps3__s2,SafetyPointButton1-v0,safeot_eps3,2,30109,pending,False,0,,,,,,
SafetyPointButton2-v0__safeot_eps3__s2,SafetyPointButton2-v0,safeot_eps3,2,5090,pending,False,0,,,,,,
SafetyPointCircle0-v0__safeot_eps3__s2,SafetyPointCircle0-v0,safeot_eps3,2,aliyun,pending,False,0,,,,,,
SafetyPointCircle1-v0__safeot_eps3__s2,SafetyPointCircle1-v0,safeot_eps3,2,30109,pending,False,0,,,,,,
SafetyPointCircle2-v0__safeot_eps3__s2,SafetyPointCircle2-v0,safeot_eps3,2,5090,pending,False,0,,,,,,
SafetyPointGoal0-v0__safeot_eps3__s2,SafetyPointGoal0-v0,safeot_eps3,2,aliyun,pending,False,0,,,,,,
SafetyPointGoal1-v0__safeot_eps3__s2,SafetyPointGoal1-v0,safeot_eps3,2,30109,pending,False,0,,,,,,
SafetyPointGoal2-v0__safeot_eps3__s2,SafetyPointGoal2-v0,safeot_eps3,2,5090,pending,False,0,,,,,,
SafetyPointPush0-v0__safeot_eps3__s2,SafetyPointPush0-v0,safeot_eps3,2,aliyun,pending,False,0,,,,,,
SafetyPointPush1-v0__safeot_eps3__s2,SafetyPointPush1-v0,safeot_eps3,2,30109,pending,False,0,,,,,,
SafetyPointPush2-v0__safeot_eps3__s2,SafetyPointPush2-v0,safeot_eps3,2,5090,pending,False,0,,,,,,
SafetyPointRun0-v0__safeot_eps3__s2,SafetyPointRun0-v0,safeot_eps3,2,aliyun,pending,False,0,,,,,,
SafetyRacecarButton0-v0__safeot_eps3__s2,SafetyRacecarButton0-v0,safeot_eps3,2,30109,pending,False,0,,,,,,
SafetyRacecarButton1-v0__safeot_eps3__s2,SafetyRacecarButton1-v0,safeot_eps3,2,5090,pending,False,0,,,,,,
SafetyRacecarButton2-v0__safeot_eps3__s2,SafetyRacecarButton2-v0,safeot_eps3,2,aliyun,pending,False,0,,,,,,
SafetyRacecarCircle0-v0__safeot_eps3__s2,SafetyRacecarCircle0-v0,safeot_eps3,2,30109,pending,False,0,,,,,,
SafetyRacecarCircle1-v0__safeot_eps3__s2,SafetyRacecarCircle1-v0,safeot_eps3,2,5090,pending,False,0,,,,,,
SafetyRacecarCircle2-v0__safeot_eps3__s2,SafetyRacecarCircle2-v0,safeot_eps3,2,aliyun,pending,False,0,,,,,,
SafetyRacecarGoal0-v0__safeot_eps3__s2,SafetyRacecarGoal0-v0,safeot_eps3,2,30109,pending,False,0,,,,,,
SafetyRacecarGoal1-v0__safeot_eps3__s2,SafetyRacecarGoal1-v0,safeot_eps3,2,5090,pending,False,0,,,,,,
SafetyRacecarGoal2-v0__safeot_eps3__s2,SafetyRacecarGoal2-v0,safeot_eps3,2,aliyun,pending,False,0,,,,,,
SafetyRacecarPush0-v0__safeot_eps3__s2,SafetyRacecarPush0-v0,safeot_eps3,2,30109,pending,False,0,,,,,,
SafetyRacecarPush1-v0__safeot_eps3__s2,SafetyRacecarPush1-v0,safeot_eps3,2,5090,pending,False,0,,,,,,
SafetyRacecarPush2-v0__safeot_eps3__s2,SafetyRacecarPush2-v0,safeot_eps3,2,aliyun,pending,False,0,,,,,,
SafetyRacecarRun0-v0__safeot_eps3__s2,SafetyRacecarRun0-v0,safeot_eps3,2,30109,pending,False,0,,,,,,
SafetySwimmerVelocity-v0__safeot_eps3__s2,SafetySwimmerVelocity-v0,safeot_eps3,2,5090,pending,False,0,,,,,,
SafetySwimmerVelocity-v1__safeot_eps3__s2,SafetySwimmerVelocity-v1,safeot_eps3,2,aliyun,pending,False,0,,,,,,
SafetyWalker2dVelocity-v0__safeot_eps3__s2,SafetyWalker2dVelocity-v0,safeot_eps3,2,30109,pending,False,0,,,,,,
SafetyWalker2dVelocity-v1__safeot_eps3__s2,SafetyWalker2dVelocity-v1,safeot_eps3,2,5090,pending,False,0,,,,,,
SafetyAntButton0-v0__penalty_lambda0.1__s2,SafetyAntButton0-v0,penalty_lambda0.1,2,30109,pending,False,0,,,,,,
SafetyAntButton1-v0__penalty_lambda0.1__s2,SafetyAntButton1-v0,penalty_lambda0.1,2,5090,pending,False,0,,,,,,
SafetyAntButton2-v0__penalty_lambda0.1__s2,SafetyAntButton2-v0,penalty_lambda0.1,2,aliyun,pending,False,0,,,,,,
SafetyAntCircle0-v0__penalty_lambda0.1__s2,SafetyAntCircle0-v0,penalty_lambda0.1,2,30109,pending,False,0,,,,,,
SafetyAntCircle1-v0__penalty_lambda0.1__s2,SafetyAntCircle1-v0,penalty_lambda0.1,2,5090,pending,False,0,,,,,,
SafetyAntCircle2-v0__penalty_lambda0.1__s2,SafetyAntCircle2-v0,penalty_lambda0.1,2,aliyun,pending,False,0,,,,,,
SafetyAntGoal0-v0__penalty_lambda0.1__s2,SafetyAntGoal0-v0,penalty_lambda0.1,2,30109,pending,False,0,,,,,,
SafetyAntGoal1-v0__penalty_lambda0.1__s2,SafetyAntGoal1-v0,penalty_lambda0.1,2,5090,pending,False,0,,,,,,
SafetyAntGoal2-v0__penalty_lambda0.1__s2,SafetyAntGoal2-v0,penalty_lambda0.1,2,aliyun,pending,False,0,,,,,,
SafetyAntPush0-v0__penalty_lambda0.1__s2,SafetyAntPush0-v0,penalty_lambda0.1,2,30109,pending,False,0,,,,,,
SafetyAntPush1-v0__penalty_lambda0.1__s2,SafetyAntPush1-v0,penalty_lambda0.1,2,5090,pending,False,0,,,,,,
SafetyAntPush2-v0__penalty_lambda0.1__s2,SafetyAntPush2-v0,penalty_lambda0.1,2,aliyun,pending,False,0,,,,,,
SafetyAntRun0-v0__penalty_lambda0.1__s2,SafetyAntRun0-v0,penalty_lambda0.1,2,30109,pending,False,0,,,,,,
SafetyAntVelocity-v0__penalty_lambda0.1__s2,SafetyAntVelocity-v0,penalty_lambda0.1,2,5090,pending,False,0,,,,,,
SafetyAntVelocity-v1__penalty_lambda0.1__s2,SafetyAntVelocity-v1,penalty_lambda0.1,2,aliyun,pending,False,0,,,,,,
SafetyCarButton0-v0__penalty_lambda0.1__s2,SafetyCarButton0-v0,penalty_lambda0.1,2,30109,pending,False,0,,,,,,
SafetyCarButton1-v0__penalty_lambda0.1__s2,SafetyCarButton1-v0,penalty_lambda0.1,2,5090,pending,False,0,,,,,,
SafetyCarButton2-v0__penalty_lambda0.1__s2,SafetyCarButton2-v0,penalty_lambda0.1,2,aliyun,pending,False,0,,,,,,
SafetyCarCircle0-v0__penalty_lambda0.1__s2,SafetyCarCircle0-v0,penalty_lambda0.1,2,30109,pending,False,0,,,,,,
SafetyCarCircle1-v0__penalty_lambda0.1__s2,SafetyCarCircle1-v0,penalty_lambda0.1,2,5090,pending,False,0,,,,,,
SafetyCarCircle2-v0__penalty_lambda0.1__s2,SafetyCarCircle2-v0,penalty_lambda0.1,2,aliyun,pending,False,0,,,,,,
SafetyCarGoal0-v0__penalty_lambda0.1__s2,SafetyCarGoal0-v0,penalty_lambda0.1,2,30109,pending,False,0,,,,,,
SafetyCarGoal1-v0__penalty_lambda0.1__s2,SafetyCarGoal1-v0,penalty_lambda0.1,2,5090,pending,False,0,,,,,,
SafetyCarGoal2-v0__penalty_lambda0.1__s2,SafetyCarGoal2-v0,penalty_lambda0.1,2,aliyun,pending,False,0,,,,,,
SafetyCarPush0-v0__penalty_lambda0.1__s2,SafetyCarPush0-v0,penalty_lambda0.1,2,30109,pending,False,0,,,,,,
SafetyCarPush1-v0__penalty_lambda0.1__s2,SafetyCarPush1-v0,penalty_lambda0.1,2,5090,pending,False,0,,,,,,
SafetyCarPush2-v0__penalty_lambda0.1__s2,SafetyCarPush2-v0,penalty_lambda0.1,2,aliyun,pending,False,0,,,,,,
SafetyCarRun0-v0__penalty_lambda0.1__s2,SafetyCarRun0-v0,penalty_lambda0.1,2,30109,pending,False,0,,,,,,
SafetyDoggoButton0-v0__penalty_lambda0.1__s2,SafetyDoggoButton0-v0,penalty_lambda0.1,2,5090,pending,False,0,,,,,,
SafetyDoggoButton1-v0__penalty_lambda0.1__s2,SafetyDoggoButton1-v0,penalty_lambda0.1,2,aliyun,pending,False,0,,,,,,
SafetyDoggoButton2-v0__penalty_lambda0.1__s2,SafetyDoggoButton2-v0,penalty_lambda0.1,2,30109,pending,False,0,,,,,,
SafetyDoggoCircle0-v0__penalty_lambda0.1__s2,SafetyDoggoCircle0-v0,penalty_lambda0.1,2,5090,pending,False,0,,,,,,
SafetyDoggoCircle1-v0__penalty_lambda0.1__s2,SafetyDoggoCircle1-v0,penalty_lambda0.1,2,aliyun,pending,False,0,,,,,,
SafetyDoggoCircle2-v0__penalty_lambda0.1__s2,SafetyDoggoCircle2-v0,penalty_lambda0.1,2,30109,pending,False,0,,,,,,
SafetyDoggoGoal0-v0__penalty_lambda0.1__s2,SafetyDoggoGoal0-v0,penalty_lambda0.1,2,5090,pending,False,0,,,,,,
SafetyDoggoGoal1-v0__penalty_lambda0.1__s2,SafetyDoggoGoal1-v0,penalty_lambda0.1,2,aliyun,pending,False,0,,,,,,
SafetyDoggoGoal2-v0__penalty_lambda0.1__s2,SafetyDoggoGoal2-v0,penalty_lambda0.1,2,30109,pending,False,0,,,,,,
SafetyDoggoPush0-v0__penalty_lambda0.1__s2,SafetyDoggoPush0-v0,penalty_lambda0.1,2,5090,pending,False,0,,,,,,
SafetyDoggoPush1-v0__penalty_lambda0.1__s2,SafetyDoggoPush1-v0,penalty_lambda0.1,2,aliyun,pending,False,0,,,,,,
SafetyDoggoPush2-v0__penalty_lambda0.1__s2,SafetyDoggoPush2-v0,penalty_lambda0.1,2,30109,pending,False,0,,,,,,
SafetyDoggoRun0-v0__penalty_lambda0.1__s2,SafetyDoggoRun0-v0,penalty_lambda0.1,2,5090,pending,False,0,,,,,,
SafetyHalfCheetahVelocity-v0__penalty_lambda0.1__s2,SafetyHalfCheetahVelocity-v0,penalty_lambda0.1,2,aliyun,pending,False,0,,,,,,
SafetyHalfCheetahVelocity-v1__penalty_lambda0.1__s2,SafetyHalfCheetahVelocity-v1,penalty_lambda0.1,2,30109,pending,False,0,,,,,,
SafetyHopperVelocity-v0__penalty_lambda0.1__s2,SafetyHopperVelocity-v0,penalty_lambda0.1,2,5090,pending,False,0,,,,,,
SafetyHopperVelocity-v1__penalty_lambda0.1__s2,SafetyHopperVelocity-v1,penalty_lambda0.1,2,aliyun,pending,False,0,,,,,,
SafetyHumanoidVelocity-v0__penalty_lambda0.1__s2,SafetyHumanoidVelocity-v0,penalty_lambda0.1,2,30109,pending,False,0,,,,,,
SafetyHumanoidVelocity-v1__penalty_lambda0.1__s2,SafetyHumanoidVelocity-v1,penalty_lambda0.1,2,5090,pending,False,0,,,,,,
SafetyPointButton0-v0__penalty_lambda0.1__s2,SafetyPointButton0-v0,penalty_lambda0.1,2,aliyun,pending,False,0,,,,,,
SafetyPointButton1-v0__penalty_lambda0.1__s2,SafetyPointButton1-v0,penalty_lambda0.1,2,30109,pending,False,0,,,,,,
SafetyPointButton2-v0__penalty_lambda0.1__s2,SafetyPointButton2-v0,penalty_lambda0.1,2,5090,pending,False,0,,,,,,
SafetyPointCircle0-v0__penalty_lambda0.1__s2,SafetyPointCircle0-v0,penalty_lambda0.1,2,aliyun,pending,False,0,,,,,,
SafetyPointCircle1-v0__penalty_lambda0.1__s2,SafetyPointCircle1-v0,penalty_lambda0.1,2,30109,pending,False,0,,,,,,
SafetyPointCircle2-v0__penalty_lambda0.1__s2,SafetyPointCircle2-v0,penalty_lambda0.1,2,5090,pending,False,0,,,,,,
SafetyPointGoal0-v0__penalty_lambda0.1__s2,SafetyPointGoal0-v0,penalty_lambda0.1,2,aliyun,pending,False,0,,,,,,
SafetyPointGoal1-v0__penalty_lambda0.1__s2,SafetyPointGoal1-v0,penalty_lambda0.1,2,30109,pending,False,0,,,,,,
SafetyPointGoal2-v0__penalty_lambda0.1__s2,SafetyPointGoal2-v0,penalty_lambda0.1,2,5090,pending,False,0,,,,,,
SafetyPointPush0-v0__penalty_lambda0.1__s2,SafetyPointPush0-v0,penalty_lambda0.1,2,aliyun,pending,False,0,,,,,,
SafetyPointPush1-v0__penalty_lambda0.1__s2,SafetyPointPush1-v0,penalty_lambda0.1,2,30109,pending,False,0,,,,,,
SafetyPointPush2-v0__penalty_lambda0.1__s2,SafetyPointPush2-v0,penalty_lambda0.1,2,5090,pending,False,0,,,,,,
SafetyPointRun0-v0__penalty_lambda0.1__s2,SafetyPointRun0-v0,penalty_lambda0.1,2,aliyun,pending,False,0,,,,,,
SafetyRacecarButton0-v0__penalty_lambda0.1__s2,SafetyRacecarButton0-v0,penalty_lambda0.1,2,30109,pending,False,0,,,,,,
SafetyRacecarButton1-v0__penalty_lambda0.1__s2,SafetyRacecarButton1-v0,penalty_lambda0.1,2,5090,pending,False,0,,,,,,
SafetyRacecarButton2-v0__penalty_lambda0.1__s2,SafetyRacecarButton2-v0,penalty_lambda0.1,2,aliyun,pending,False,0,,,,,,
SafetyRacecarCircle0-v0__penalty_lambda0.1__s2,SafetyRacecarCircle0-v0,penalty_lambda0.1,2,30109,pending,False,0,,,,,,
SafetyRacecarCircle1-v0__penalty_lambda0.1__s2,SafetyRacecarCircle1-v0,penalty_lambda0.1,2,5090,pending,False,0,,,,,,
SafetyRacecarCircle2-v0__penalty_lambda0.1__s2,SafetyRacecarCircle2-v0,penalty_lambda0.1,2,aliyun,pending,False,0,,,,,,
SafetyRacecarGoal0-v0__penalty_lambda0.1__s2,SafetyRacecarGoal0-v0,penalty_lambda0.1,2,30109,pending,False,0,,,,,,
SafetyRacecarGoal1-v0__penalty_lambda0.1__s2,SafetyRacecarGoal1-v0,penalty_lambda0.1,2,5090,pending,False,0,,,,,,
SafetyRacecarGoal2-v0__penalty_lambda0.1__s2,SafetyRacecarGoal2-v0,penalty_lambda0.1,2,aliyun,pending,False,0,,,,,,
SafetyRacecarPush0-v0__penalty_lambda0.1__s2,SafetyRacecarPush0-v0,penalty_lambda0.1,2,30109,pending,False,0,,,,,,
SafetyRacecarPush1-v0__penalty_lambda0.1__s2,SafetyRacecarPush1-v0,penalty_lambda0.1,2,5090,pending,False,0,,,,,,
SafetyRacecarPush2-v0__penalty_lambda0.1__s2,SafetyRacecarPush2-v0,penalty_lambda0.1,2,aliyun,pending,False,0,,,,,,
SafetyRacecarRun0-v0__penalty_lambda0.1__s2,SafetyRacecarRun0-v0,penalty_lambda0.1,2,30109,pending,False,0,,,,,,
SafetySwimmerVelocity-v0__penalty_lambda0.1__s2,SafetySwimmerVelocity-v0,penalty_lambda0.1,2,5090,pending,False,0,,,,,,
SafetySwimmerVelocity-v1__penalty_lambda0.1__s2,SafetySwimmerVelocity-v1,penalty_lambda0.1,2,aliyun,pending,False,0,,,,,,
SafetyWalker2dVelocity-v0__penalty_lambda0.1__s2,SafetyWalker2dVelocity-v0,penalty_lambda0.1,2,30109,pending,False,0,,,,,,
SafetyWalker2dVelocity-v1__penalty_lambda0.1__s2,SafetyWalker2dVelocity-v1,penalty_lambda0.1,2,5090,pending,False,0,,,,,,
SafetyAntButton0-v0__penalty_lambda1__s2,SafetyAntButton0-v0,penalty_lambda1,2,30109,pending,False,0,,,,,,
SafetyAntButton1-v0__penalty_lambda1__s2,SafetyAntButton1-v0,penalty_lambda1,2,5090,pending,False,0,,,,,,
SafetyAntButton2-v0__penalty_lambda1__s2,SafetyAntButton2-v0,penalty_lambda1,2,aliyun,pending,False,0,,,,,,
SafetyAntCircle0-v0__penalty_lambda1__s2,SafetyAntCircle0-v0,penalty_lambda1,2,30109,pending,False,0,,,,,,
SafetyAntCircle1-v0__penalty_lambda1__s2,SafetyAntCircle1-v0,penalty_lambda1,2,5090,pending,False,0,,,,,,
SafetyAntCircle2-v0__penalty_lambda1__s2,SafetyAntCircle2-v0,penalty_lambda1,2,aliyun,pending,False,0,,,,,,
SafetyAntGoal0-v0__penalty_lambda1__s2,SafetyAntGoal0-v0,penalty_lambda1,2,30109,pending,False,0,,,,,,
SafetyAntGoal1-v0__penalty_lambda1__s2,SafetyAntGoal1-v0,penalty_lambda1,2,5090,pending,False,0,,,,,,
SafetyAntGoal2-v0__penalty_lambda1__s2,SafetyAntGoal2-v0,penalty_lambda1,2,aliyun,pending,False,0,,,,,,
SafetyAntPush0-v0__penalty_lambda1__s2,SafetyAntPush0-v0,penalty_lambda1,2,30109,pending,False,0,,,,,,
SafetyAntPush1-v0__penalty_lambda1__s2,SafetyAntPush1-v0,penalty_lambda1,2,5090,pending,False,0,,,,,,
SafetyAntPush2-v0__penalty_lambda1__s2,SafetyAntPush2-v0,penalty_lambda1,2,aliyun,pending,False,0,,,,,,
SafetyAntRun0-v0__penalty_lambda1__s2,SafetyAntRun0-v0,penalty_lambda1,2,30109,pending,False,0,,,,,,
SafetyAntVelocity-v0__penalty_lambda1__s2,SafetyAntVelocity-v0,penalty_lambda1,2,5090,pending,False,0,,,,,,
SafetyAntVelocity-v1__penalty_lambda1__s2,SafetyAntVelocity-v1,penalty_lambda1,2,aliyun,pending,False,0,,,,,,
SafetyCarButton0-v0__penalty_lambda1__s2,SafetyCarButton0-v0,penalty_lambda1,2,30109,pending,False,0,,,,,,
SafetyCarButton1-v0__penalty_lambda1__s2,SafetyCarButton1-v0,penalty_lambda1,2,5090,pending,False,0,,,,,,
SafetyCarButton2-v0__penalty_lambda1__s2,SafetyCarButton2-v0,penalty_lambda1,2,aliyun,pending,False,0,,,,,,
SafetyCarCircle0-v0__penalty_lambda1__s2,SafetyCarCircle0-v0,penalty_lambda1,2,30109,pending,False,0,,,,,,
SafetyCarCircle1-v0__penalty_lambda1__s2,SafetyCarCircle1-v0,penalty_lambda1,2,5090,pending,False,0,,,,,,
SafetyCarCircle2-v0__penalty_lambda1__s2,SafetyCarCircle2-v0,penalty_lambda1,2,aliyun,pending,False,0,,,,,,
SafetyCarGoal0-v0__penalty_lambda1__s2,SafetyCarGoal0-v0,penalty_lambda1,2,30109,pending,False,0,,,,,,
SafetyCarGoal1-v0__penalty_lambda1__s2,SafetyCarGoal1-v0,penalty_lambda1,2,5090,pending,False,0,,,,,,
SafetyCarGoal2-v0__penalty_lambda1__s2,SafetyCarGoal2-v0,penalty_lambda1,2,aliyun,pending,False,0,,,,,,
SafetyCarPush0-v0__penalty_lambda1__s2,SafetyCarPush0-v0,penalty_lambda1,2,30109,pending,False,0,,,,,,
SafetyCarPush1-v0__penalty_lambda1__s2,SafetyCarPush1-v0,penalty_lambda1,2,5090,pending,False,0,,,,,,
SafetyCarPush2-v0__penalty_lambda1__s2,SafetyCarPush2-v0,penalty_lambda1,2,aliyun,pending,False,0,,,,,,
SafetyCarRun0-v0__penalty_lambda1__s2,SafetyCarRun0-v0,penalty_lambda1,2,30109,pending,False,0,,,,,,
SafetyDoggoButton0-v0__penalty_lambda1__s2,SafetyDoggoButton0-v0,penalty_lambda1,2,5090,pending,False,0,,,,,,
SafetyDoggoButton1-v0__penalty_lambda1__s2,SafetyDoggoButton1-v0,penalty_lambda1,2,aliyun,pending,False,0,,,,,,
SafetyDoggoButton2-v0__penalty_lambda1__s2,SafetyDoggoButton2-v0,penalty_lambda1,2,30109,pending,False,0,,,,,,
SafetyDoggoCircle0-v0__penalty_lambda1__s2,SafetyDoggoCircle0-v0,penalty_lambda1,2,5090,pending,False,0,,,,,,
SafetyDoggoCircle1-v0__penalty_lambda1__s2,SafetyDoggoCircle1-v0,penalty_lambda1,2,aliyun,pending,False,0,,,,,,
SafetyDoggoCircle2-v0__penalty_lambda1__s2,SafetyDoggoCircle2-v0,penalty_lambda1,2,30109,pending,False,0,,,,,,
SafetyDoggoGoal0-v0__penalty_lambda1__s2,SafetyDoggoGoal0-v0,penalty_lambda1,2,5090,pending,False,0,,,,,,
SafetyDoggoGoal1-v0__penalty_lambda1__s2,SafetyDoggoGoal1-v0,penalty_lambda1,2,aliyun,pending,False,0,,,,,,
SafetyDoggoGoal2-v0__penalty_lambda1__s2,SafetyDoggoGoal2-v0,penalty_lambda1,2,30109,pending,False,0,,,,,,
SafetyDoggoPush0-v0__penalty_lambda1__s2,SafetyDoggoPush0-v0,penalty_lambda1,2,5090,pending,False,0,,,,,,
SafetyDoggoPush1-v0__penalty_lambda1__s2,SafetyDoggoPush1-v0,penalty_lambda1,2,aliyun,pending,False,0,,,,,,
SafetyDoggoPush2-v0__penalty_lambda1__s2,SafetyDoggoPush2-v0,penalty_lambda1,2,30109,pending,False,0,,,,,,
SafetyDoggoRun0-v0__penalty_lambda1__s2,SafetyDoggoRun0-v0,penalty_lambda1,2,5090,pending,False,0,,,,,,
SafetyHalfCheetahVelocity-v0__penalty_lambda1__s2,SafetyHalfCheetahVelocity-v0,penalty_lambda1,2,aliyun,pending,False,0,,,,,,
SafetyHalfCheetahVelocity-v1__penalty_lambda1__s2,SafetyHalfCheetahVelocity-v1,penalty_lambda1,2,30109,pending,False,0,,,,,,
SafetyHopperVelocity-v0__penalty_lambda1__s2,SafetyHopperVelocity-v0,penalty_lambda1,2,5090,pending,False,0,,,,,,
SafetyHopperVelocity-v1__penalty_lambda1__s2,SafetyHopperVelocity-v1,penalty_lambda1,2,aliyun,pending,False,0,,,,,,
SafetyHumanoidVelocity-v0__penalty_lambda1__s2,SafetyHumanoidVelocity-v0,penalty_lambda1,2,30109,pending,False,0,,,,,,
SafetyHumanoidVelocity-v1__penalty_lambda1__s2,SafetyHumanoidVelocity-v1,penalty_lambda1,2,5090,pending,False,0,,,,,,
SafetyPointButton0-v0__penalty_lambda1__s2,SafetyPointButton0-v0,penalty_lambda1,2,aliyun,pending,False,0,,,,,,
SafetyPointButton1-v0__penalty_lambda1__s2,SafetyPointButton1-v0,penalty_lambda1,2,30109,pending,False,0,,,,,,
SafetyPointButton2-v0__penalty_lambda1__s2,SafetyPointButton2-v0,penalty_lambda1,2,5090,pending,False,0,,,,,,
SafetyPointCircle0-v0__penalty_lambda1__s2,SafetyPointCircle0-v0,penalty_lambda1,2,aliyun,pending,False,0,,,,,,
SafetyPointCircle1-v0__penalty_lambda1__s2,SafetyPointCircle1-v0,penalty_lambda1,2,30109,pending,False,0,,,,,,
SafetyPointCircle2-v0__penalty_lambda1__s2,SafetyPointCircle2-v0,penalty_lambda1,2,5090,pending,False,0,,,,,,
SafetyPointGoal0-v0__penalty_lambda1__s2,SafetyPointGoal0-v0,penalty_lambda1,2,aliyun,pending,False,0,,,,,,
SafetyPointGoal1-v0__penalty_lambda1__s2,SafetyPointGoal1-v0,penalty_lambda1,2,30109,pending,False,0,,,,,,
SafetyPointGoal2-v0__penalty_lambda1__s2,SafetyPointGoal2-v0,penalty_lambda1,2,5090,pending,False,0,,,,,,
SafetyPointPush0-v0__penalty_lambda1__s2,SafetyPointPush0-v0,penalty_lambda1,2,aliyun,pending,False,0,,,,,,
SafetyPointPush1-v0__penalty_lambda1__s2,SafetyPointPush1-v0,penalty_lambda1,2,30109,pending,False,0,,,,,,
SafetyPointPush2-v0__penalty_lambda1__s2,SafetyPointPush2-v0,penalty_lambda1,2,5090,pending,False,0,,,,,,
SafetyPointRun0-v0__penalty_lambda1__s2,SafetyPointRun0-v0,penalty_lambda1,2,aliyun,pending,False,0,,,,,,
SafetyRacecarButton0-v0__penalty_lambda1__s2,SafetyRacecarButton0-v0,penalty_lambda1,2,30109,pending,False,0,,,,,,
SafetyRacecarButton1-v0__penalty_lambda1__s2,SafetyRacecarButton1-v0,penalty_lambda1,2,5090,pending,False,0,,,,,,
SafetyRacecarButton2-v0__penalty_lambda1__s2,SafetyRacecarButton2-v0,penalty_lambda1,2,aliyun,pending,False,0,,,,,,
SafetyRacecarCircle0-v0__penalty_lambda1__s2,SafetyRacecarCircle0-v0,penalty_lambda1,2,30109,pending,False,0,,,,,,
SafetyRacecarCircle1-v0__penalty_lambda1__s2,SafetyRacecarCircle1-v0,penalty_lambda1,2,5090,pending,False,0,,,,,,
SafetyRacecarCircle2-v0__penalty_lambda1__s2,SafetyRacecarCircle2-v0,penalty_lambda1,2,aliyun,pending,False,0,,,,,,
SafetyRacecarGoal0-v0__penalty_lambda1__s2,SafetyRacecarGoal0-v0,penalty_lambda1,2,30109,pending,False,0,,,,,,
SafetyRacecarGoal1-v0__penalty_lambda1__s2,SafetyRacecarGoal1-v0,penalty_lambda1,2,5090,pending,False,0,,,,,,
SafetyRacecarGoal2-v0__penalty_lambda1__s2,SafetyRacecarGoal2-v0,penalty_lambda1,2,aliyun,pending,False,0,,,,,,
SafetyRacecarPush0-v0__penalty_lambda1__s2,SafetyRacecarPush0-v0,penalty_lambda1,2,30109,pending,False,0,,,,,,
SafetyRacecarPush1-v0__penalty_lambda1__s2,SafetyRacecarPush1-v0,penalty_lambda1,2,5090,pending,False,0,,,,,,
SafetyRacecarPush2-v0__penalty_lambda1__s2,SafetyRacecarPush2-v0,penalty_lambda1,2,aliyun,pending,False,0,,,,,,
SafetyRacecarRun0-v0__penalty_lambda1__s2,SafetyRacecarRun0-v0,penalty_lambda1,2,30109,pending,False,0,,,,,,
SafetySwimmerVelocity-v0__penalty_lambda1__s2,SafetySwimmerVelocity-v0,penalty_lambda1,2,5090,pending,False,0,,,,,,
SafetySwimmerVelocity-v1__penalty_lambda1__s2,SafetySwimmerVelocity-v1,penalty_lambda1,2,aliyun,pending,False,0,,,,,,
SafetyWalker2dVelocity-v0__penalty_lambda1__s2,SafetyWalker2dVelocity-v0,penalty_lambda1,2,30109,pending,False,0,,,,,,
SafetyWalker2dVelocity-v1__penalty_lambda1__s2,SafetyWalker2dVelocity-v1,penalty_lambda1,2,5090,pending,False,0,,,,,,
SafetyAntButton0-v0__penalty_lambda10__s2,SafetyAntButton0-v0,penalty_lambda10,2,30109,pending,False,0,,,,,,
SafetyAntButton1-v0__penalty_lambda10__s2,SafetyAntButton1-v0,penalty_lambda10,2,5090,pending,False,0,,,,,,
SafetyAntButton2-v0__penalty_lambda10__s2,SafetyAntButton2-v0,penalty_lambda10,2,aliyun,pending,False,0,,,,,,
SafetyAntCircle0-v0__penalty_lambda10__s2,SafetyAntCircle0-v0,penalty_lambda10,2,30109,pending,False,0,,,,,,
SafetyAntCircle1-v0__penalty_lambda10__s2,SafetyAntCircle1-v0,penalty_lambda10,2,5090,pending,False,0,,,,,,
SafetyAntCircle2-v0__penalty_lambda10__s2,SafetyAntCircle2-v0,penalty_lambda10,2,aliyun,pending,False,0,,,,,,
SafetyAntGoal0-v0__penalty_lambda10__s2,SafetyAntGoal0-v0,penalty_lambda10,2,30109,pending,False,0,,,,,,
SafetyAntGoal1-v0__penalty_lambda10__s2,SafetyAntGoal1-v0,penalty_lambda10,2,5090,pending,False,0,,,,,,
SafetyAntGoal2-v0__penalty_lambda10__s2,SafetyAntGoal2-v0,penalty_lambda10,2,aliyun,pending,False,0,,,,,,
SafetyAntPush0-v0__penalty_lambda10__s2,SafetyAntPush0-v0,penalty_lambda10,2,30109,pending,False,0,,,,,,
SafetyAntPush1-v0__penalty_lambda10__s2,SafetyAntPush1-v0,penalty_lambda10,2,5090,pending,False,0,,,,,,
SafetyAntPush2-v0__penalty_lambda10__s2,SafetyAntPush2-v0,penalty_lambda10,2,aliyun,pending,False,0,,,,,,
SafetyAntRun0-v0__penalty_lambda10__s2,SafetyAntRun0-v0,penalty_lambda10,2,30109,pending,False,0,,,,,,
SafetyAntVelocity-v0__penalty_lambda10__s2,SafetyAntVelocity-v0,penalty_lambda10,2,5090,pending,False,0,,,,,,
SafetyAntVelocity-v1__penalty_lambda10__s2,SafetyAntVelocity-v1,penalty_lambda10,2,aliyun,pending,False,0,,,,,,
SafetyCarButton0-v0__penalty_lambda10__s2,SafetyCarButton0-v0,penalty_lambda10,2,30109,pending,False,0,,,,,,
SafetyCarButton1-v0__penalty_lambda10__s2,SafetyCarButton1-v0,penalty_lambda10,2,5090,pending,False,0,,,,,,
SafetyCarButton2-v0__penalty_lambda10__s2,SafetyCarButton2-v0,penalty_lambda10,2,aliyun,pending,False,0,,,,,,
SafetyCarCircle0-v0__penalty_lambda10__s2,SafetyCarCircle0-v0,penalty_lambda10,2,30109,pending,False,0,,,,,,
SafetyCarCircle1-v0__penalty_lambda10__s2,SafetyCarCircle1-v0,penalty_lambda10,2,5090,pending,False,0,,,,,,
SafetyCarCircle2-v0__penalty_lambda10__s2,SafetyCarCircle2-v0,penalty_lambda10,2,aliyun,pending,False,0,,,,,,
SafetyCarGoal0-v0__penalty_lambda10__s2,SafetyCarGoal0-v0,penalty_lambda10,2,30109,pending,False,0,,,,,,
SafetyCarGoal1-v0__penalty_lambda10__s2,SafetyCarGoal1-v0,penalty_lambda10,2,5090,pending,False,0,,,,,,
SafetyCarGoal2-v0__penalty_lambda10__s2,SafetyCarGoal2-v0,penalty_lambda10,2,aliyun,pending,False,0,,,,,,
SafetyCarPush0-v0__penalty_lambda10__s2,SafetyCarPush0-v0,penalty_lambda10,2,30109,pending,False,0,,,,,,
SafetyCarPush1-v0__penalty_lambda10__s2,SafetyCarPush1-v0,penalty_lambda10,2,5090,pending,False,0,,,,,,
SafetyCarPush2-v0__penalty_lambda10__s2,SafetyCarPush2-v0,penalty_lambda10,2,aliyun,pending,False,0,,,,,,
SafetyCarRun0-v0__penalty_lambda10__s2,SafetyCarRun0-v0,penalty_lambda10,2,30109,pending,False,0,,,,,,
SafetyDoggoButton0-v0__penalty_lambda10__s2,SafetyDoggoButton0-v0,penalty_lambda10,2,5090,pending,False,0,,,,,,
SafetyDoggoButton1-v0__penalty_lambda10__s2,SafetyDoggoButton1-v0,penalty_lambda10,2,aliyun,pending,False,0,,,,,,
SafetyDoggoButton2-v0__penalty_lambda10__s2,SafetyDoggoButton2-v0,penalty_lambda10,2,30109,pending,False,0,,,,,,
SafetyDoggoCircle0-v0__penalty_lambda10__s2,SafetyDoggoCircle0-v0,penalty_lambda10,2,5090,pending,False,0,,,,,,
SafetyDoggoCircle1-v0__penalty_lambda10__s2,SafetyDoggoCircle1-v0,penalty_lambda10,2,aliyun,pending,False,0,,,,,,
SafetyDoggoCircle2-v0__penalty_lambda10__s2,SafetyDoggoCircle2-v0,penalty_lambda10,2,30109,pending,False,0,,,,,,
SafetyDoggoGoal0-v0__penalty_lambda10__s2,SafetyDoggoGoal0-v0,penalty_lambda10,2,5090,pending,False,0,,,,,,
SafetyDoggoGoal1-v0__penalty_lambda10__s2,SafetyDoggoGoal1-v0,penalty_lambda10,2,aliyun,pending,False,0,,,,,,
SafetyDoggoGoal2-v0__penalty_lambda10__s2,SafetyDoggoGoal2-v0,penalty_lambda10,2,30109,pending,False,0,,,,,,
SafetyDoggoPush0-v0__penalty_lambda10__s2,SafetyDoggoPush0-v0,penalty_lambda10,2,5090,pending,False,0,,,,,,
SafetyDoggoPush1-v0__penalty_lambda10__s2,SafetyDoggoPush1-v0,penalty_lambda10,2,aliyun,pending,False,0,,,,,,
SafetyDoggoPush2-v0__penalty_lambda10__s2,SafetyDoggoPush2-v0,penalty_lambda10,2,30109,pending,False,0,,,,,,
SafetyDoggoRun0-v0__penalty_lambda10__s2,SafetyDoggoRun0-v0,penalty_lambda10,2,5090,pending,False,0,,,,,,
SafetyHalfCheetahVelocity-v0__penalty_lambda10__s2,SafetyHalfCheetahVelocity-v0,penalty_lambda10,2,aliyun,pending,False,0,,,,,,
SafetyHalfCheetahVelocity-v1__penalty_lambda10__s2,SafetyHalfCheetahVelocity-v1,penalty_lambda10,2,30109,pending,False,0,,,,,,
SafetyHopperVelocity-v0__penalty_lambda10__s2,SafetyHopperVelocity-v0,penalty_lambda10,2,5090,pending,False,0,,,,,,
SafetyHopperVelocity-v1__penalty_lambda10__s2,SafetyHopperVelocity-v1,penalty_lambda10,2,aliyun,pending,False,0,,,,,,
SafetyHumanoidVelocity-v0__penalty_lambda10__s2,SafetyHumanoidVelocity-v0,penalty_lambda10,2,30109,pending,False,0,,,,,,
SafetyHumanoidVelocity-v1__penalty_lambda10__s2,SafetyHumanoidVelocity-v1,penalty_lambda10,2,5090,pending,False,0,,,,,,
SafetyPointButton0-v0__penalty_lambda10__s2,SafetyPointButton0-v0,penalty_lambda10,2,aliyun,pending,False,0,,,,,,
SafetyPointButton1-v0__penalty_lambda10__s2,SafetyPointButton1-v0,penalty_lambda10,2,30109,pending,False,0,,,,,,
SafetyPointButton2-v0__penalty_lambda10__s2,SafetyPointButton2-v0,penalty_lambda10,2,5090,pending,False,0,,,,,,
SafetyPointCircle0-v0__penalty_lambda10__s2,SafetyPointCircle0-v0,penalty_lambda10,2,aliyun,pending,False,0,,,,,,
SafetyPointCircle1-v0__penalty_lambda10__s2,SafetyPointCircle1-v0,penalty_lambda10,2,30109,pending,False,0,,,,,,
SafetyPointCircle2-v0__penalty_lambda10__s2,SafetyPointCircle2-v0,penalty_lambda10,2,5090,pending,False,0,,,,,,
SafetyPointGoal0-v0__penalty_lambda10__s2,SafetyPointGoal0-v0,penalty_lambda10,2,aliyun,pending,False,0,,,,,,
SafetyPointGoal1-v0__penalty_lambda10__s2,SafetyPointGoal1-v0,penalty_lambda10,2,30109,pending,False,0,,,,,,
SafetyPointGoal2-v0__penalty_lambda10__s2,SafetyPointGoal2-v0,penalty_lambda10,2,5090,pending,False,0,,,,,,
SafetyPointPush0-v0__penalty_lambda10__s2,SafetyPointPush0-v0,penalty_lambda10,2,aliyun,pending,False,0,,,,,,
SafetyPointPush1-v0__penalty_lambda10__s2,SafetyPointPush1-v0,penalty_lambda10,2,30109,pending,False,0,,,,,,
SafetyPointPush2-v0__penalty_lambda10__s2,SafetyPointPush2-v0,penalty_lambda10,2,5090,pending,False,0,,,,,,
SafetyPointRun0-v0__penalty_lambda10__s2,SafetyPointRun0-v0,penalty_lambda10,2,aliyun,pending,False,0,,,,,,
SafetyRacecarButton0-v0__penalty_lambda10__s2,SafetyRacecarButton0-v0,penalty_lambda10,2,30109,pending,False,0,,,,,,
SafetyRacecarButton1-v0__penalty_lambda10__s2,SafetyRacecarButton1-v0,penalty_lambda10,2,5090,pending,False,0,,,,,,
SafetyRacecarButton2-v0__penalty_lambda10__s2,SafetyRacecarButton2-v0,penalty_lambda10,2,aliyun,pending,False,0,,,,,,
SafetyRacecarCircle0-v0__penalty_lambda10__s2,SafetyRacecarCircle0-v0,penalty_lambda10,2,30109,pending,False,0,,,,,,
SafetyRacecarCircle1-v0__penalty_lambda10__s2,SafetyRacecarCircle1-v0,penalty_lambda10,2,5090,pending,False,0,,,,,,
SafetyRacecarCircle2-v0__penalty_lambda10__s2,SafetyRacecarCircle2-v0,penalty_lambda10,2,aliyun,pending,False,0,,,,,,
SafetyRacecarGoal0-v0__penalty_lambda10__s2,SafetyRacecarGoal0-v0,penalty_lambda10,2,30109,pending,False,0,,,,,,
SafetyRacecarGoal1-v0__penalty_lambda10__s2,SafetyRacecarGoal1-v0,penalty_lambda10,2,5090,pending,False,0,,,,,,
SafetyRacecarGoal2-v0__penalty_lambda10__s2,SafetyRacecarGoal2-v0,penalty_lambda10,2,aliyun,pending,False,0,,,,,,
SafetyRacecarPush0-v0__penalty_lambda10__s2,SafetyRacecarPush0-v0,penalty_lambda10,2,30109,pending,False,0,,,,,,
SafetyRacecarPush1-v0__penalty_lambda10__s2,SafetyRacecarPush1-v0,penalty_lambda10,2,5090,pending,False,0,,,,,,
SafetyRacecarPush2-v0__penalty_lambda10__s2,SafetyRacecarPush2-v0,penalty_lambda10,2,aliyun,pending,False,0,,,,,,
SafetyRacecarRun0-v0__penalty_lambda10__s2,SafetyRacecarRun0-v0,penalty_lambda10,2,30109,pending,False,0,,,,,,
SafetySwimmerVelocity-v0__penalty_lambda10__s2,SafetySwimmerVelocity-v0,penalty_lambda10,2,5090,pending,False,0,,,,,,
SafetySwimmerVelocity-v1__penalty_lambda10__s2,SafetySwimmerVelocity-v1,penalty_lambda10,2,aliyun,pending,False,0,,,,,,
SafetyWalker2dVelocity-v0__penalty_lambda10__s2,SafetyWalker2dVelocity-v0,penalty_lambda10,2,30109,pending,False,0,,,,,,
SafetyWalker2dVelocity-v1__penalty_lambda10__s2,SafetyWalker2dVelocity-v1,penalty_lambda10,2,5090,pending,False,0,,,,,,
SafetyAntButton0-v0__trpo_lag__s2,SafetyAntButton0-v0,trpo_lag,2,30109,pending,False,0,,,,,,
SafetyAntButton1-v0__trpo_lag__s2,SafetyAntButton1-v0,trpo_lag,2,5090,pending,False,0,,,,,,
SafetyAntButton2-v0__trpo_lag__s2,SafetyAntButton2-v0,trpo_lag,2,aliyun,pending,False,0,,,,,,
SafetyAntCircle0-v0__trpo_lag__s2,SafetyAntCircle0-v0,trpo_lag,2,30109,pending,False,0,,,,,,
SafetyAntCircle1-v0__trpo_lag__s2,SafetyAntCircle1-v0,trpo_lag,2,5090,pending,False,0,,,,,,
SafetyAntCircle2-v0__trpo_lag__s2,SafetyAntCircle2-v0,trpo_lag,2,aliyun,pending,False,0,,,,,,
SafetyAntGoal0-v0__trpo_lag__s2,SafetyAntGoal0-v0,trpo_lag,2,30109,pending,False,0,,,,,,
SafetyAntGoal1-v0__trpo_lag__s2,SafetyAntGoal1-v0,trpo_lag,2,5090,pending,False,0,,,,,,
SafetyAntGoal2-v0__trpo_lag__s2,SafetyAntGoal2-v0,trpo_lag,2,aliyun,pending,False,0,,,,,,
SafetyAntPush0-v0__trpo_lag__s2,SafetyAntPush0-v0,trpo_lag,2,30109,pending,False,0,,,,,,
SafetyAntPush1-v0__trpo_lag__s2,SafetyAntPush1-v0,trpo_lag,2,5090,pending,False,0,,,,,,
SafetyAntPush2-v0__trpo_lag__s2,SafetyAntPush2-v0,trpo_lag,2,aliyun,pending,False,0,,,,,,
SafetyAntRun0-v0__trpo_lag__s2,SafetyAntRun0-v0,trpo_lag,2,30109,pending,False,0,,,,,,
SafetyAntVelocity-v0__trpo_lag__s2,SafetyAntVelocity-v0,trpo_lag,2,5090,pending,False,0,,,,,,
SafetyAntVelocity-v1__trpo_lag__s2,SafetyAntVelocity-v1,trpo_lag,2,aliyun,pending,False,0,,,,,,
SafetyCarButton0-v0__trpo_lag__s2,SafetyCarButton0-v0,trpo_lag,2,30109,pending,False,0,,,,,,
SafetyCarButton1-v0__trpo_lag__s2,SafetyCarButton1-v0,trpo_lag,2,5090,pending,False,0,,,,,,
SafetyCarButton2-v0__trpo_lag__s2,SafetyCarButton2-v0,trpo_lag,2,aliyun,pending,False,0,,,,,,
SafetyCarCircle0-v0__trpo_lag__s2,SafetyCarCircle0-v0,trpo_lag,2,30109,pending,False,0,,,,,,
SafetyCarCircle1-v0__trpo_lag__s2,SafetyCarCircle1-v0,trpo_lag,2,5090,pending,False,0,,,,,,
SafetyCarCircle2-v0__trpo_lag__s2,SafetyCarCircle2-v0,trpo_lag,2,aliyun,pending,False,0,,,,,,
SafetyCarGoal0-v0__trpo_lag__s2,SafetyCarGoal0-v0,trpo_lag,2,30109,pending,False,0,,,,,,
SafetyCarGoal1-v0__trpo_lag__s2,SafetyCarGoal1-v0,trpo_lag,2,5090,pending,False,0,,,,,,
SafetyCarGoal2-v0__trpo_lag__s2,SafetyCarGoal2-v0,trpo_lag,2,aliyun,pending,False,0,,,,,,
SafetyCarPush0-v0__trpo_lag__s2,SafetyCarPush0-v0,trpo_lag,2,30109,pending,False,0,,,,,,
SafetyCarPush1-v0__trpo_lag__s2,SafetyCarPush1-v0,trpo_lag,2,5090,pending,False,0,,,,,,
SafetyCarPush2-v0__trpo_lag__s2,SafetyCarPush2-v0,trpo_lag,2,aliyun,pending,False,0,,,,,,
SafetyCarRun0-v0__trpo_lag__s2,SafetyCarRun0-v0,trpo_lag,2,30109,pending,False,0,,,,,,
SafetyDoggoButton0-v0__trpo_lag__s2,SafetyDoggoButton0-v0,trpo_lag,2,5090,pending,False,0,,,,,,
SafetyDoggoButton1-v0__trpo_lag__s2,SafetyDoggoButton1-v0,trpo_lag,2,aliyun,pending,False,0,,,,,,
SafetyDoggoButton2-v0__trpo_lag__s2,SafetyDoggoButton2-v0,trpo_lag,2,30109,pending,False,0,,,,,,
SafetyDoggoCircle0-v0__trpo_lag__s2,SafetyDoggoCircle0-v0,trpo_lag,2,5090,pending,False,0,,,,,,
SafetyDoggoCircle1-v0__trpo_lag__s2,SafetyDoggoCircle1-v0,trpo_lag,2,aliyun,pending,False,0,,,,,,
SafetyDoggoCircle2-v0__trpo_lag__s2,SafetyDoggoCircle2-v0,trpo_lag,2,30109,pending,False,0,,,,,,
SafetyDoggoGoal0-v0__trpo_lag__s2,SafetyDoggoGoal0-v0,trpo_lag,2,5090,pending,False,0,,,,,,
SafetyDoggoGoal1-v0__trpo_lag__s2,SafetyDoggoGoal1-v0,trpo_lag,2,aliyun,pending,False,0,,,,,,
SafetyDoggoGoal2-v0__trpo_lag__s2,SafetyDoggoGoal2-v0,trpo_lag,2,30109,pending,False,0,,,,,,
SafetyDoggoPush0-v0__trpo_lag__s2,SafetyDoggoPush0-v0,trpo_lag,2,5090,pending,False,0,,,,,,
SafetyDoggoPush1-v0__trpo_lag__s2,SafetyDoggoPush1-v0,trpo_lag,2,aliyun,pending,False,0,,,,,,
SafetyDoggoPush2-v0__trpo_lag__s2,SafetyDoggoPush2-v0,trpo_lag,2,30109,pending,False,0,,,,,,
SafetyDoggoRun0-v0__trpo_lag__s2,SafetyDoggoRun0-v0,trpo_lag,2,5090,pending,False,0,,,,,,
SafetyHalfCheetahVelocity-v0__trpo_lag__s2,SafetyHalfCheetahVelocity-v0,trpo_lag,2,aliyun,pending,False,0,,,,,,
SafetyHalfCheetahVelocity-v1__trpo_lag__s2,SafetyHalfCheetahVelocity-v1,trpo_lag,2,30109,pending,False,0,,,,,,
SafetyHopperVelocity-v0__trpo_lag__s2,SafetyHopperVelocity-v0,trpo_lag,2,5090,pending,False,0,,,,,,
SafetyHopperVelocity-v1__trpo_lag__s2,SafetyHopperVelocity-v1,trpo_lag,2,aliyun,pending,False,0,,,,,,
SafetyHumanoidVelocity-v0__trpo_lag__s2,SafetyHumanoidVelocity-v0,trpo_lag,2,30109,pending,False,0,,,,,,
SafetyHumanoidVelocity-v1__trpo_lag__s2,SafetyHumanoidVelocity-v1,trpo_lag,2,5090,pending,False,0,,,,,,
SafetyPointButton0-v0__trpo_lag__s2,SafetyPointButton0-v0,trpo_lag,2,aliyun,pending,False,0,,,,,,
SafetyPointButton1-v0__trpo_lag__s2,SafetyPointButton1-v0,trpo_lag,2,30109,pending,False,0,,,,,,
SafetyPointButton2-v0__trpo_lag__s2,SafetyPointButton2-v0,trpo_lag,2,5090,pending,False,0,,,,,,
SafetyPointCircle0-v0__trpo_lag__s2,SafetyPointCircle0-v0,trpo_lag,2,aliyun,pending,False,0,,,,,,
SafetyPointCircle1-v0__trpo_lag__s2,SafetyPointCircle1-v0,trpo_lag,2,30109,pending,False,0,,,,,,
SafetyPointCircle2-v0__trpo_lag__s2,SafetyPointCircle2-v0,trpo_lag,2,5090,pending,False,0,,,,,,
SafetyPointGoal0-v0__trpo_lag__s2,SafetyPointGoal0-v0,trpo_lag,2,aliyun,pending,False,0,,,,,,
SafetyPointGoal1-v0__trpo_lag__s2,SafetyPointGoal1-v0,trpo_lag,2,30109,pending,False,0,,,,,,
SafetyPointGoal2-v0__trpo_lag__s2,SafetyPointGoal2-v0,trpo_lag,2,5090,pending,False,0,,,,,,
SafetyPointPush0-v0__trpo_lag__s2,SafetyPointPush0-v0,trpo_lag,2,aliyun,pending,False,0,,,,,,
SafetyPointPush1-v0__trpo_lag__s2,SafetyPointPush1-v0,trpo_lag,2,30109,pending,False,0,,,,,,
SafetyPointPush2-v0__trpo_lag__s2,SafetyPointPush2-v0,trpo_lag,2,5090,pending,False,0,,,,,,
SafetyPointRun0-v0__trpo_lag__s2,SafetyPointRun0-v0,trpo_lag,2,aliyun,pending,False,0,,,,,,
SafetyRacecarButton0-v0__trpo_lag__s2,SafetyRacecarButton0-v0,trpo_lag,2,30109,pending,False,0,,,,,,
SafetyRacecarButton1-v0__trpo_lag__s2,SafetyRacecarButton1-v0,trpo_lag,2,5090,pending,False,0,,,,,,
SafetyRacecarButton2-v0__trpo_lag__s2,SafetyRacecarButton2-v0,trpo_lag,2,aliyun,pending,False,0,,,,,,
SafetyRacecarCircle0-v0__trpo_lag__s2,SafetyRacecarCircle0-v0,trpo_lag,2,30109,pending,False,0,,,,,,
SafetyRacecarCircle1-v0__trpo_lag__s2,SafetyRacecarCircle1-v0,trpo_lag,2,5090,pending,False,0,,,,,,
SafetyRacecarCircle2-v0__trpo_lag__s2,SafetyRacecarCircle2-v0,trpo_lag,2,aliyun,pending,False,0,,,,,,
SafetyRacecarGoal0-v0__trpo_lag__s2,SafetyRacecarGoal0-v0,trpo_lag,2,30109,pending,False,0,,,,,,
SafetyRacecarGoal1-v0__trpo_lag__s2,SafetyRacecarGoal1-v0,trpo_lag,2,5090,pending,False,0,,,,,,
SafetyRacecarGoal2-v0__trpo_lag__s2,SafetyRacecarGoal2-v0,trpo_lag,2,aliyun,pending,False,0,,,,,,
SafetyRacecarPush0-v0__trpo_lag__s2,SafetyRacecarPush0-v0,trpo_lag,2,30109,pending,False,0,,,,,,
SafetyRacecarPush1-v0__trpo_lag__s2,SafetyRacecarPush1-v0,trpo_lag,2,5090,pending,False,0,,,,,,
SafetyRacecarPush2-v0__trpo_lag__s2,SafetyRacecarPush2-v0,trpo_lag,2,aliyun,pending,False,0,,,,,,
SafetyRacecarRun0-v0__trpo_lag__s2,SafetyRacecarRun0-v0,trpo_lag,2,30109,pending,False,0,,,,,,
SafetySwimmerVelocity-v0__trpo_lag__s2,SafetySwimmerVelocity-v0,trpo_lag,2,5090,pending,False,0,,,,,,
SafetySwimmerVelocity-v1__trpo_lag__s2,SafetySwimmerVelocity-v1,trpo_lag,2,aliyun,pending,False,0,,,,,,
SafetyWalker2dVelocity-v0__trpo_lag__s2,SafetyWalker2dVelocity-v0,trpo_lag,2,30109,pending,False,0,,,,,,
SafetyWalker2dVelocity-v1__trpo_lag__s2,SafetyWalker2dVelocity-v1,trpo_lag,2,5090,pending,False,0,,,,,,
SafetyAntButton0-v0__cpo__s2,SafetyAntButton0-v0,cpo,2,30109,pending,False,0,,,,,,
SafetyAntButton1-v0__cpo__s2,SafetyAntButton1-v0,cpo,2,5090,pending,False,0,,,,,,
SafetyAntButton2-v0__cpo__s2,SafetyAntButton2-v0,cpo,2,aliyun,pending,False,0,,,,,,
SafetyAntCircle0-v0__cpo__s2,SafetyAntCircle0-v0,cpo,2,30109,pending,False,0,,,,,,
SafetyAntCircle1-v0__cpo__s2,SafetyAntCircle1-v0,cpo,2,5090,pending,False,0,,,,,,
SafetyAntCircle2-v0__cpo__s2,SafetyAntCircle2-v0,cpo,2,aliyun,pending,False,0,,,,,,
SafetyAntGoal0-v0__cpo__s2,SafetyAntGoal0-v0,cpo,2,30109,pending,False,0,,,,,,
SafetyAntGoal1-v0__cpo__s2,SafetyAntGoal1-v0,cpo,2,5090,pending,False,0,,,,,,
SafetyAntGoal2-v0__cpo__s2,SafetyAntGoal2-v0,cpo,2,aliyun,pending,False,0,,,,,,
SafetyAntPush0-v0__cpo__s2,SafetyAntPush0-v0,cpo,2,30109,pending,False,0,,,,,,
SafetyAntPush1-v0__cpo__s2,SafetyAntPush1-v0,cpo,2,5090,pending,False,0,,,,,,
SafetyAntPush2-v0__cpo__s2,SafetyAntPush2-v0,cpo,2,aliyun,pending,False,0,,,,,,
SafetyAntRun0-v0__cpo__s2,SafetyAntRun0-v0,cpo,2,30109,pending,False,0,,,,,,
SafetyAntVelocity-v0__cpo__s2,SafetyAntVelocity-v0,cpo,2,5090,pending,False,0,,,,,,
SafetyAntVelocity-v1__cpo__s2,SafetyAntVelocity-v1,cpo,2,aliyun,pending,False,0,,,,,,
SafetyCarButton0-v0__cpo__s2,SafetyCarButton0-v0,cpo,2,30109,pending,False,0,,,,,,
SafetyCarButton1-v0__cpo__s2,SafetyCarButton1-v0,cpo,2,5090,pending,False,0,,,,,,
SafetyCarButton2-v0__cpo__s2,SafetyCarButton2-v0,cpo,2,aliyun,pending,False,0,,,,,,
SafetyCarCircle0-v0__cpo__s2,SafetyCarCircle0-v0,cpo,2,30109,pending,False,0,,,,,,
SafetyCarCircle1-v0__cpo__s2,SafetyCarCircle1-v0,cpo,2,5090,pending,False,0,,,,,,
SafetyCarCircle2-v0__cpo__s2,SafetyCarCircle2-v0,cpo,2,aliyun,pending,False,0,,,,,,
SafetyCarGoal0-v0__cpo__s2,SafetyCarGoal0-v0,cpo,2,30109,pending,False,0,,,,,,
SafetyCarGoal1-v0__cpo__s2,SafetyCarGoal1-v0,cpo,2,5090,pending,False,0,,,,,,
SafetyCarGoal2-v0__cpo__s2,SafetyCarGoal2-v0,cpo,2,aliyun,pending,False,0,,,,,,
SafetyCarPush0-v0__cpo__s2,SafetyCarPush0-v0,cpo,2,30109,pending,False,0,,,,,,
SafetyCarPush1-v0__cpo__s2,SafetyCarPush1-v0,cpo,2,5090,pending,False,0,,,,,,
SafetyCarPush2-v0__cpo__s2,SafetyCarPush2-v0,cpo,2,aliyun,pending,False,0,,,,,,
SafetyCarRun0-v0__cpo__s2,SafetyCarRun0-v0,cpo,2,30109,pending,False,0,,,,,,
SafetyDoggoButton0-v0__cpo__s2,SafetyDoggoButton0-v0,cpo,2,5090,pending,False,0,,,,,,
SafetyDoggoButton1-v0__cpo__s2,SafetyDoggoButton1-v0,cpo,2,aliyun,pending,False,0,,,,,,
SafetyDoggoButton2-v0__cpo__s2,SafetyDoggoButton2-v0,cpo,2,30109,pending,False,0,,,,,,
SafetyDoggoCircle0-v0__cpo__s2,SafetyDoggoCircle0-v0,cpo,2,5090,pending,False,0,,,,,,
SafetyDoggoCircle1-v0__cpo__s2,SafetyDoggoCircle1-v0,cpo,2,aliyun,pending,False,0,,,,,,
SafetyDoggoCircle2-v0__cpo__s2,SafetyDoggoCircle2-v0,cpo,2,30109,pending,False,0,,,,,,
SafetyDoggoGoal0-v0__cpo__s2,SafetyDoggoGoal0-v0,cpo,2,5090,pending,False,0,,,,,,
SafetyDoggoGoal1-v0__cpo__s2,SafetyDoggoGoal1-v0,cpo,2,aliyun,pending,False,0,,,,,,
SafetyDoggoGoal2-v0__cpo__s2,SafetyDoggoGoal2-v0,cpo,2,30109,pending,False,0,,,,,,
SafetyDoggoPush0-v0__cpo__s2,SafetyDoggoPush0-v0,cpo,2,5090,pending,False,0,,,,,,
SafetyDoggoPush1-v0__cpo__s2,SafetyDoggoPush1-v0,cpo,2,aliyun,pending,False,0,,,,,,
SafetyDoggoPush2-v0__cpo__s2,SafetyDoggoPush2-v0,cpo,2,30109,pending,False,0,,,,,,
SafetyDoggoRun0-v0__cpo__s2,SafetyDoggoRun0-v0,cpo,2,5090,pending,False,0,,,,,,
SafetyHalfCheetahVelocity-v0__cpo__s2,SafetyHalfCheetahVelocity-v0,cpo,2,aliyun,pending,False,0,,,,,,
SafetyHalfCheetahVelocity-v1__cpo__s2,SafetyHalfCheetahVelocity-v1,cpo,2,30109,pending,False,0,,,,,,
SafetyHopperVelocity-v0__cpo__s2,SafetyHopperVelocity-v0,cpo,2,5090,pending,False,0,,,,,,
SafetyHopperVelocity-v1__cpo__s2,SafetyHopperVelocity-v1,cpo,2,aliyun,pending,False,0,,,,,,
SafetyHumanoidVelocity-v0__cpo__s2,SafetyHumanoidVelocity-v0,cpo,2,30109,pending,False,0,,,,,,
SafetyHumanoidVelocity-v1__cpo__s2,SafetyHumanoidVelocity-v1,cpo,2,5090,pending,False,0,,,,,,
SafetyPointButton0-v0__cpo__s2,SafetyPointButton0-v0,cpo,2,aliyun,pending,False,0,,,,,,
SafetyPointButton1-v0__cpo__s2,SafetyPointButton1-v0,cpo,2,30109,pending,False,0,,,,,,
SafetyPointButton2-v0__cpo__s2,SafetyPointButton2-v0,cpo,2,5090,pending,False,0,,,,,,
SafetyPointCircle0-v0__cpo__s2,SafetyPointCircle0-v0,cpo,2,aliyun,pending,False,0,,,,,,
SafetyPointCircle1-v0__cpo__s2,SafetyPointCircle1-v0,cpo,2,30109,pending,False,0,,,,,,
SafetyPointCircle2-v0__cpo__s2,SafetyPointCircle2-v0,cpo,2,5090,pending,False,0,,,,,,
SafetyPointGoal0-v0__cpo__s2,SafetyPointGoal0-v0,cpo,2,aliyun,pending,False,0,,,,,,
SafetyPointGoal1-v0__cpo__s2,SafetyPointGoal1-v0,cpo,2,30109,pending,False,0,,,,,,
SafetyPointGoal2-v0__cpo__s2,SafetyPointGoal2-v0,cpo,2,5090,pending,False,0,,,,,,
SafetyPointPush0-v0__cpo__s2,SafetyPointPush0-v0,cpo,2,aliyun,pending,False,0,,,,,,
SafetyPointPush1-v0__cpo__s2,SafetyPointPush1-v0,cpo,2,30109,pending,False,0,,,,,,
SafetyPointPush2-v0__cpo__s2,SafetyPointPush2-v0,cpo,2,5090,pending,False,0,,,,,,
SafetyPointRun0-v0__cpo__s2,SafetyPointRun0-v0,cpo,2,aliyun,pending,False,0,,,,,,
SafetyRacecarButton0-v0__cpo__s2,SafetyRacecarButton0-v0,cpo,2,30109,pending,False,0,,,,,,
SafetyRacecarButton1-v0__cpo__s2,SafetyRacecarButton1-v0,cpo,2,5090,pending,False,0,,,,,,
SafetyRacecarButton2-v0__cpo__s2,SafetyRacecarButton2-v0,cpo,2,aliyun,pending,False,0,,,,,,
SafetyRacecarCircle0-v0__cpo__s2,SafetyRacecarCircle0-v0,cpo,2,30109,pending,False,0,,,,,,
SafetyRacecarCircle1-v0__cpo__s2,SafetyRacecarCircle1-v0,cpo,2,5090,pending,False,0,,,,,,
SafetyRacecarCircle2-v0__cpo__s2,SafetyRacecarCircle2-v0,cpo,2,aliyun,pending,False,0,,,,,,
SafetyRacecarGoal0-v0__cpo__s2,SafetyRacecarGoal0-v0,cpo,2,30109,pending,False,0,,,,,,
SafetyRacecarGoal1-v0__cpo__s2,SafetyRacecarGoal1-v0,cpo,2,5090,pending,False,0,,,,,,
SafetyRacecarGoal2-v0__cpo__s2,SafetyRacecarGoal2-v0,cpo,2,aliyun,pending,False,0,,,,,,
SafetyRacecarPush0-v0__cpo__s2,SafetyRacecarPush0-v0,cpo,2,30109,pending,False,0,,,,,,
SafetyRacecarPush1-v0__cpo__s2,SafetyRacecarPush1-v0,cpo,2,5090,pending,False,0,,,,,,
SafetyRacecarPush2-v0__cpo__s2,SafetyRacecarPush2-v0,cpo,2,aliyun,pending,False,0,,,,,,
SafetyRacecarRun0-v0__cpo__s2,SafetyRacecarRun0-v0,cpo,2,30109,pending,False,0,,,,,,
SafetySwimmerVelocity-v0__cpo__s2,SafetySwimmerVelocity-v0,cpo,2,5090,pending,False,0,,,,,,
SafetySwimmerVelocity-v1__cpo__s2,SafetySwimmerVelocity-v1,cpo,2,aliyun,pending,False,0,,,,,,
SafetyWalker2dVelocity-v0__cpo__s2,SafetyWalker2dVelocity-v0,cpo,2,30109,pending,False,0,,,,,,
SafetyWalker2dVelocity-v1__cpo__s2,SafetyWalker2dVelocity-v1,cpo,2,5090,pending,False,0,,,,,,
SafetyAntButton0-v0__safeot_eps0.1__s3,SafetyAntButton0-v0,safeot_eps0.1,3,30109,pending,False,0,,,,,,
SafetyAntButton1-v0__safeot_eps0.1__s3,SafetyAntButton1-v0,safeot_eps0.1,3,5090,pending,False,0,,,,,,
SafetyAntButton2-v0__safeot_eps0.1__s3,SafetyAntButton2-v0,safeot_eps0.1,3,aliyun,pending,False,0,,,,,,
SafetyAntCircle0-v0__safeot_eps0.1__s3,SafetyAntCircle0-v0,safeot_eps0.1,3,30109,pending,False,0,,,,,,
SafetyAntCircle1-v0__safeot_eps0.1__s3,SafetyAntCircle1-v0,safeot_eps0.1,3,5090,pending,False,0,,,,,,
SafetyAntCircle2-v0__safeot_eps0.1__s3,SafetyAntCircle2-v0,safeot_eps0.1,3,aliyun,pending,False,0,,,,,,
SafetyAntGoal0-v0__safeot_eps0.1__s3,SafetyAntGoal0-v0,safeot_eps0.1,3,30109,pending,False,0,,,,,,
SafetyAntGoal1-v0__safeot_eps0.1__s3,SafetyAntGoal1-v0,safeot_eps0.1,3,5090,pending,False,0,,,,,,
SafetyAntGoal2-v0__safeot_eps0.1__s3,SafetyAntGoal2-v0,safeot_eps0.1,3,aliyun,pending,False,0,,,,,,
SafetyAntPush0-v0__safeot_eps0.1__s3,SafetyAntPush0-v0,safeot_eps0.1,3,30109,pending,False,0,,,,,,
SafetyAntPush1-v0__safeot_eps0.1__s3,SafetyAntPush1-v0,safeot_eps0.1,3,5090,pending,False,0,,,,,,
SafetyAntPush2-v0__safeot_eps0.1__s3,SafetyAntPush2-v0,safeot_eps0.1,3,aliyun,pending,False,0,,,,,,
SafetyAntRun0-v0__safeot_eps0.1__s3,SafetyAntRun0-v0,safeot_eps0.1,3,30109,pending,False,0,,,,,,
SafetyAntVelocity-v0__safeot_eps0.1__s3,SafetyAntVelocity-v0,safeot_eps0.1,3,5090,pending,False,0,,,,,,
SafetyAntVelocity-v1__safeot_eps0.1__s3,SafetyAntVelocity-v1,safeot_eps0.1,3,aliyun,pending,False,0,,,,,,
SafetyCarButton0-v0__safeot_eps0.1__s3,SafetyCarButton0-v0,safeot_eps0.1,3,30109,pending,False,0,,,,,,
SafetyCarButton1-v0__safeot_eps0.1__s3,SafetyCarButton1-v0,safeot_eps0.1,3,5090,pending,False,0,,,,,,
SafetyCarButton2-v0__safeot_eps0.1__s3,SafetyCarButton2-v0,safeot_eps0.1,3,aliyun,pending,False,0,,,,,,
SafetyCarCircle0-v0__safeot_eps0.1__s3,SafetyCarCircle0-v0,safeot_eps0.1,3,30109,pending,False,0,,,,,,
SafetyCarCircle1-v0__safeot_eps0.1__s3,SafetyCarCircle1-v0,safeot_eps0.1,3,5090,pending,False,0,,,,,,
SafetyCarCircle2-v0__safeot_eps0.1__s3,SafetyCarCircle2-v0,safeot_eps0.1,3,aliyun,pending,False,0,,,,,,
SafetyCarGoal0-v0__safeot_eps0.1__s3,SafetyCarGoal0-v0,safeot_eps0.1,3,30109,pending,False,0,,,,,,
SafetyCarGoal1-v0__safeot_eps0.1__s3,SafetyCarGoal1-v0,safeot_eps0.1,3,5090,pending,False,0,,,,,,
SafetyCarGoal2-v0__safeot_eps0.1__s3,SafetyCarGoal2-v0,safeot_eps0.1,3,aliyun,pending,False,0,,,,,,
SafetyCarPush0-v0__safeot_eps0.1__s3,SafetyCarPush0-v0,safeot_eps0.1,3,30109,pending,False,0,,,,,,
SafetyCarPush1-v0__safeot_eps0.1__s3,SafetyCarPush1-v0,safeot_eps0.1,3,5090,pending,False,0,,,,,,
SafetyCarPush2-v0__safeot_eps0.1__s3,SafetyCarPush2-v0,safeot_eps0.1,3,aliyun,pending,False,0,,,,,,
SafetyCarRun0-v0__safeot_eps0.1__s3,SafetyCarRun0-v0,safeot_eps0.1,3,30109,pending,False,0,,,,,,
SafetyDoggoButton0-v0__safeot_eps0.1__s3,SafetyDoggoButton0-v0,safeot_eps0.1,3,5090,pending,False,0,,,,,,
SafetyDoggoButton1-v0__safeot_eps0.1__s3,SafetyDoggoButton1-v0,safeot_eps0.1,3,aliyun,pending,False,0,,,,,,
SafetyDoggoButton2-v0__safeot_eps0.1__s3,SafetyDoggoButton2-v0,safeot_eps0.1,3,30109,pending,False,0,,,,,,
SafetyDoggoCircle0-v0__safeot_eps0.1__s3,SafetyDoggoCircle0-v0,safeot_eps0.1,3,5090,pending,False,0,,,,,,
SafetyDoggoCircle1-v0__safeot_eps0.1__s3,SafetyDoggoCircle1-v0,safeot_eps0.1,3,aliyun,pending,False,0,,,,,,
SafetyDoggoCircle2-v0__safeot_eps0.1__s3,SafetyDoggoCircle2-v0,safeot_eps0.1,3,30109,pending,False,0,,,,,,
SafetyDoggoGoal0-v0__safeot_eps0.1__s3,SafetyDoggoGoal0-v0,safeot_eps0.1,3,5090,pending,False,0,,,,,,
SafetyDoggoGoal1-v0__safeot_eps0.1__s3,SafetyDoggoGoal1-v0,safeot_eps0.1,3,aliyun,pending,False,0,,,,,,
SafetyDoggoGoal2-v0__safeot_eps0.1__s3,SafetyDoggoGoal2-v0,safeot_eps0.1,3,30109,pending,False,0,,,,,,
SafetyDoggoPush0-v0__safeot_eps0.1__s3,SafetyDoggoPush0-v0,safeot_eps0.1,3,5090,pending,False,0,,,,,,
SafetyDoggoPush1-v0__safeot_eps0.1__s3,SafetyDoggoPush1-v0,safeot_eps0.1,3,aliyun,pending,False,0,,,,,,
SafetyDoggoPush2-v0__safeot_eps0.1__s3,SafetyDoggoPush2-v0,safeot_eps0.1,3,30109,pending,False,0,,,,,,
SafetyDoggoRun0-v0__safeot_eps0.1__s3,SafetyDoggoRun0-v0,safeot_eps0.1,3,5090,pending,False,0,,,,,,
SafetyHalfCheetahVelocity-v0__safeot_eps0.1__s3,SafetyHalfCheetahVelocity-v0,safeot_eps0.1,3,aliyun,pending,False,0,,,,,,
SafetyHalfCheetahVelocity-v1__safeot_eps0.1__s3,SafetyHalfCheetahVelocity-v1,safeot_eps0.1,3,30109,pending,False,0,,,,,,
SafetyHopperVelocity-v0__safeot_eps0.1__s3,SafetyHopperVelocity-v0,safeot_eps0.1,3,5090,pending,False,0,,,,,,
SafetyHopperVelocity-v1__safeot_eps0.1__s3,SafetyHopperVelocity-v1,safeot_eps0.1,3,aliyun,pending,False,0,,,,,,
SafetyHumanoidVelocity-v0__safeot_eps0.1__s3,SafetyHumanoidVelocity-v0,safeot_eps0.1,3,30109,pending,False,0,,,,,,
SafetyHumanoidVelocity-v1__safeot_eps0.1__s3,SafetyHumanoidVelocity-v1,safeot_eps0.1,3,5090,pending,False,0,,,,,,
SafetyPointButton0-v0__safeot_eps0.1__s3,SafetyPointButton0-v0,safeot_eps0.1,3,aliyun,pending,False,0,,,,,,
SafetyPointButton1-v0__safeot_eps0.1__s3,SafetyPointButton1-v0,safeot_eps0.1,3,30109,pending,False,0,,,,,,
SafetyPointButton2-v0__safeot_eps0.1__s3,SafetyPointButton2-v0,safeot_eps0.1,3,5090,pending,False,0,,,,,,
SafetyPointCircle0-v0__safeot_eps0.1__s3,SafetyPointCircle0-v0,safeot_eps0.1,3,aliyun,pending,False,0,,,,,,
SafetyPointCircle1-v0__safeot_eps0.1__s3,SafetyPointCircle1-v0,safeot_eps0.1,3,30109,pending,False,0,,,,,,
SafetyPointCircle2-v0__safeot_eps0.1__s3,SafetyPointCircle2-v0,safeot_eps0.1,3,5090,pending,False,0,,,,,,
SafetyPointGoal0-v0__safeot_eps0.1__s3,SafetyPointGoal0-v0,safeot_eps0.1,3,aliyun,pending,False,0,,,,,,
SafetyPointGoal1-v0__safeot_eps0.1__s3,SafetyPointGoal1-v0,safeot_eps0.1,3,30109,pending,False,0,,,,,,
SafetyPointGoal2-v0__safeot_eps0.1__s3,SafetyPointGoal2-v0,safeot_eps0.1,3,5090,pending,False,0,,,,,,
SafetyPointPush0-v0__safeot_eps0.1__s3,SafetyPointPush0-v0,safeot_eps0.1,3,aliyun,pending,False,0,,,,,,
SafetyPointPush1-v0__safeot_eps0.1__s3,SafetyPointPush1-v0,safeot_eps0.1,3,30109,pending,False,0,,,,,,
SafetyPointPush2-v0__safeot_eps0.1__s3,SafetyPointPush2-v0,safeot_eps0.1,3,5090,pending,False,0,,,,,,
SafetyPointRun0-v0__safeot_eps0.1__s3,SafetyPointRun0-v0,safeot_eps0.1,3,aliyun,pending,False,0,,,,,,
SafetyRacecarButton0-v0__safeot_eps0.1__s3,SafetyRacecarButton0-v0,safeot_eps0.1,3,30109,pending,False,0,,,,,,
SafetyRacecarButton1-v0__safeot_eps0.1__s3,SafetyRacecarButton1-v0,safeot_eps0.1,3,5090,pending,False,0,,,,,,
SafetyRacecarButton2-v0__safeot_eps0.1__s3,SafetyRacecarButton2-v0,safeot_eps0.1,3,aliyun,pending,False,0,,,,,,
SafetyRacecarCircle0-v0__safeot_eps0.1__s3,SafetyRacecarCircle0-v0,safeot_eps0.1,3,30109,pending,False,0,,,,,,
SafetyRacecarCircle1-v0__safeot_eps0.1__s3,SafetyRacecarCircle1-v0,safeot_eps0.1,3,5090,pending,False,0,,,,,,
SafetyRacecarCircle2-v0__safeot_eps0.1__s3,SafetyRacecarCircle2-v0,safeot_eps0.1,3,aliyun,pending,False,0,,,,,,
SafetyRacecarGoal0-v0__safeot_eps0.1__s3,SafetyRacecarGoal0-v0,safeot_eps0.1,3,30109,pending,False,0,,,,,,
SafetyRacecarGoal1-v0__safeot_eps0.1__s3,SafetyRacecarGoal1-v0,safeot_eps0.1,3,5090,pending,False,0,,,,,,
SafetyRacecarGoal2-v0__safeot_eps0.1__s3,SafetyRacecarGoal2-v0,safeot_eps0.1,3,aliyun,pending,False,0,,,,,,
SafetyRacecarPush0-v0__safeot_eps0.1__s3,SafetyRacecarPush0-v0,safeot_eps0.1,3,30109,pending,False,0,,,,,,
SafetyRacecarPush1-v0__safeot_eps0.1__s3,SafetyRacecarPush1-v0,safeot_eps0.1,3,5090,pending,False,0,,,,,,
SafetyRacecarPush2-v0__safeot_eps0.1__s3,SafetyRacecarPush2-v0,safeot_eps0.1,3,aliyun,pending,False,0,,,,,,
SafetyRacecarRun0-v0__safeot_eps0.1__s3,SafetyRacecarRun0-v0,safeot_eps0.1,3,30109,pending,False,0,,,,,,
SafetySwimmerVelocity-v0__safeot_eps0.1__s3,SafetySwimmerVelocity-v0,safeot_eps0.1,3,5090,pending,False,0,,,,,,
SafetySwimmerVelocity-v1__safeot_eps0.1__s3,SafetySwimmerVelocity-v1,safeot_eps0.1,3,aliyun,pending,False,0,,,,,,
SafetyWalker2dVelocity-v0__safeot_eps0.1__s3,SafetyWalker2dVelocity-v0,safeot_eps0.1,3,30109,pending,False,0,,,,,,
SafetyWalker2dVelocity-v1__safeot_eps0.1__s3,SafetyWalker2dVelocity-v1,safeot_eps0.1,3,5090,pending,False,0,,,,,,
SafetyAntButton0-v0__safeot_eps1__s3,SafetyAntButton0-v0,safeot_eps1,3,30109,pending,False,0,,,,,,
SafetyAntButton1-v0__safeot_eps1__s3,SafetyAntButton1-v0,safeot_eps1,3,5090,pending,False,0,,,,,,
SafetyAntButton2-v0__safeot_eps1__s3,SafetyAntButton2-v0,safeot_eps1,3,aliyun,pending,False,0,,,,,,
SafetyAntCircle0-v0__safeot_eps1__s3,SafetyAntCircle0-v0,safeot_eps1,3,30109,pending,False,0,,,,,,
SafetyAntCircle1-v0__safeot_eps1__s3,SafetyAntCircle1-v0,safeot_eps1,3,5090,pending,False,0,,,,,,
SafetyAntCircle2-v0__safeot_eps1__s3,SafetyAntCircle2-v0,safeot_eps1,3,aliyun,pending,False,0,,,,,,
SafetyAntGoal0-v0__safeot_eps1__s3,SafetyAntGoal0-v0,safeot_eps1,3,30109,pending,False,0,,,,,,
SafetyAntGoal1-v0__safeot_eps1__s3,SafetyAntGoal1-v0,safeot_eps1,3,5090,pending,False,0,,,,,,
SafetyAntGoal2-v0__safeot_eps1__s3,SafetyAntGoal2-v0,safeot_eps1,3,aliyun,pending,False,0,,,,,,
SafetyAntPush0-v0__safeot_eps1__s3,SafetyAntPush0-v0,safeot_eps1,3,30109,pending,False,0,,,,,,
SafetyAntPush1-v0__safeot_eps1__s3,SafetyAntPush1-v0,safeot_eps1,3,5090,pending,False,0,,,,,,
SafetyAntPush2-v0__safeot_eps1__s3,SafetyAntPush2-v0,safeot_eps1,3,aliyun,pending,False,0,,,,,,
SafetyAntRun0-v0__safeot_eps1__s3,SafetyAntRun0-v0,safeot_eps1,3,30109,pending,False,0,,,,,,
SafetyAntVelocity-v0__safeot_eps1__s3,SafetyAntVelocity-v0,safeot_eps1,3,5090,pending,False,0,,,,,,
SafetyAntVelocity-v1__safeot_eps1__s3,SafetyAntVelocity-v1,safeot_eps1,3,aliyun,pending,False,0,,,,,,
SafetyCarButton0-v0__safeot_eps1__s3,SafetyCarButton0-v0,safeot_eps1,3,30109,pending,False,0,,,,,,
SafetyCarButton1-v0__safeot_eps1__s3,SafetyCarButton1-v0,safeot_eps1,3,5090,pending,False,0,,,,,,
SafetyCarButton2-v0__safeot_eps1__s3,SafetyCarButton2-v0,safeot_eps1,3,aliyun,pending,False,0,,,,,,
SafetyCarCircle0-v0__safeot_eps1__s3,SafetyCarCircle0-v0,safeot_eps1,3,30109,pending,False,0,,,,,,
SafetyCarCircle1-v0__safeot_eps1__s3,SafetyCarCircle1-v0,safeot_eps1,3,5090,pending,False,0,,,,,,
SafetyCarCircle2-v0__safeot_eps1__s3,SafetyCarCircle2-v0,safeot_eps1,3,aliyun,pending,False,0,,,,,,
SafetyCarGoal0-v0__safeot_eps1__s3,SafetyCarGoal0-v0,safeot_eps1,3,30109,pending,False,0,,,,,,
SafetyCarGoal1-v0__safeot_eps1__s3,SafetyCarGoal1-v0,safeot_eps1,3,5090,pending,False,0,,,,,,
SafetyCarGoal2-v0__safeot_eps1__s3,SafetyCarGoal2-v0,safeot_eps1,3,aliyun,pending,False,0,,,,,,
SafetyCarPush0-v0__safeot_eps1__s3,SafetyCarPush0-v0,safeot_eps1,3,30109,pending,False,0,,,,,,
SafetyCarPush1-v0__safeot_eps1__s3,SafetyCarPush1-v0,safeot_eps1,3,5090,pending,False,0,,,,,,
SafetyCarPush2-v0__safeot_eps1__s3,SafetyCarPush2-v0,safeot_eps1,3,aliyun,pending,False,0,,,,,,
SafetyCarRun0-v0__safeot_eps1__s3,SafetyCarRun0-v0,safeot_eps1,3,30109,pending,False,0,,,,,,
SafetyDoggoButton0-v0__safeot_eps1__s3,SafetyDoggoButton0-v0,safeot_eps1,3,5090,pending,False,0,,,,,,
SafetyDoggoButton1-v0__safeot_eps1__s3,SafetyDoggoButton1-v0,safeot_eps1,3,aliyun,pending,False,0,,,,,,
SafetyDoggoButton2-v0__safeot_eps1__s3,SafetyDoggoButton2-v0,safeot_eps1,3,30109,pending,False,0,,,,,,
SafetyDoggoCircle0-v0__safeot_eps1__s3,SafetyDoggoCircle0-v0,safeot_eps1,3,5090,pending,False,0,,,,,,
SafetyDoggoCircle1-v0__safeot_eps1__s3,SafetyDoggoCircle1-v0,safeot_eps1,3,aliyun,pending,False,0,,,,,,
SafetyDoggoCircle2-v0__safeot_eps1__s3,SafetyDoggoCircle2-v0,safeot_eps1,3,30109,pending,False,0,,,,,,
SafetyDoggoGoal0-v0__safeot_eps1__s3,SafetyDoggoGoal0-v0,safeot_eps1,3,5090,pending,False,0,,,,,,
SafetyDoggoGoal1-v0__safeot_eps1__s3,SafetyDoggoGoal1-v0,safeot_eps1,3,aliyun,pending,False,0,,,,,,
SafetyDoggoGoal2-v0__safeot_eps1__s3,SafetyDoggoGoal2-v0,safeot_eps1,3,30109,pending,False,0,,,,,,
SafetyDoggoPush0-v0__safeot_eps1__s3,SafetyDoggoPush0-v0,safeot_eps1,3,5090,pending,False,0,,,,,,
SafetyDoggoPush1-v0__safeot_eps1__s3,SafetyDoggoPush1-v0,safeot_eps1,3,aliyun,pending,False,0,,,,,,
SafetyDoggoPush2-v0__safeot_eps1__s3,SafetyDoggoPush2-v0,safeot_eps1,3,30109,pending,False,0,,,,,,
SafetyDoggoRun0-v0__safeot_eps1__s3,SafetyDoggoRun0-v0,safeot_eps1,3,5090,pending,False,0,,,,,,
SafetyHalfCheetahVelocity-v0__safeot_eps1__s3,SafetyHalfCheetahVelocity-v0,safeot_eps1,3,aliyun,pending,False,0,,,,,,
SafetyHalfCheetahVelocity-v1__safeot_eps1__s3,SafetyHalfCheetahVelocity-v1,safeot_eps1,3,30109,pending,False,0,,,,,,
SafetyHopperVelocity-v0__safeot_eps1__s3,SafetyHopperVelocity-v0,safeot_eps1,3,5090,pending,False,0,,,,,,
SafetyHopperVelocity-v1__safeot_eps1__s3,SafetyHopperVelocity-v1,safeot_eps1,3,aliyun,pending,False,0,,,,,,
SafetyHumanoidVelocity-v0__safeot_eps1__s3,SafetyHumanoidVelocity-v0,safeot_eps1,3,30109,pending,False,0,,,,,,
SafetyHumanoidVelocity-v1__safeot_eps1__s3,SafetyHumanoidVelocity-v1,safeot_eps1,3,5090,pending,False,0,,,,,,
SafetyPointButton0-v0__safeot_eps1__s3,SafetyPointButton0-v0,safeot_eps1,3,aliyun,pending,False,0,,,,,,
SafetyPointButton1-v0__safeot_eps1__s3,SafetyPointButton1-v0,safeot_eps1,3,30109,pending,False,0,,,,,,
SafetyPointButton2-v0__safeot_eps1__s3,SafetyPointButton2-v0,safeot_eps1,3,5090,pending,False,0,,,,,,
SafetyPointCircle0-v0__safeot_eps1__s3,SafetyPointCircle0-v0,safeot_eps1,3,aliyun,pending,False,0,,,,,,
SafetyPointCircle1-v0__safeot_eps1__s3,SafetyPointCircle1-v0,safeot_eps1,3,30109,pending,False,0,,,,,,
SafetyPointCircle2-v0__safeot_eps1__s3,SafetyPointCircle2-v0,safeot_eps1,3,5090,pending,False,0,,,,,,
SafetyPointGoal0-v0__safeot_eps1__s3,SafetyPointGoal0-v0,safeot_eps1,3,aliyun,pending,False,0,,,,,,
SafetyPointGoal1-v0__safeot_eps1__s3,SafetyPointGoal1-v0,safeot_eps1,3,30109,pending,False,0,,,,,,
SafetyPointGoal2-v0__safeot_eps1__s3,SafetyPointGoal2-v0,safeot_eps1,3,5090,pending,False,0,,,,,,
SafetyPointPush0-v0__safeot_eps1__s3,SafetyPointPush0-v0,safeot_eps1,3,aliyun,pending,False,0,,,,,,
SafetyPointPush1-v0__safeot_eps1__s3,SafetyPointPush1-v0,safeot_eps1,3,30109,pending,False,0,,,,,,
SafetyPointPush2-v0__safeot_eps1__s3,SafetyPointPush2-v0,safeot_eps1,3,5090,pending,False,0,,,,,,
SafetyPointRun0-v0__safeot_eps1__s3,SafetyPointRun0-v0,safeot_eps1,3,aliyun,pending,False,0,,,,,,
SafetyRacecarButton0-v0__safeot_eps1__s3,SafetyRacecarButton0-v0,safeot_eps1,3,30109,pending,False,0,,,,,,
SafetyRacecarButton1-v0__safeot_eps1__s3,SafetyRacecarButton1-v0,safeot_eps1,3,5090,pending,False,0,,,,,,
SafetyRacecarButton2-v0__safeot_eps1__s3,SafetyRacecarButton2-v0,safeot_eps1,3,aliyun,pending,False,0,,,,,,
SafetyRacecarCircle0-v0__safeot_eps1__s3,SafetyRacecarCircle0-v0,safeot_eps1,3,30109,pending,False,0,,,,,,
SafetyRacecarCircle1-v0__safeot_eps1__s3,SafetyRacecarCircle1-v0,safeot_eps1,3,5090,pending,False,0,,,,,,
SafetyRacecarCircle2-v0__safeot_eps1__s3,SafetyRacecarCircle2-v0,safeot_eps1,3,aliyun,pending,False,0,,,,,,
SafetyRacecarGoal0-v0__safeot_eps1__s3,SafetyRacecarGoal0-v0,safeot_eps1,3,30109,pending,False,0,,,,,,
SafetyRacecarGoal1-v0__safeot_eps1__s3,SafetyRacecarGoal1-v0,safeot_eps1,3,5090,pending,False,0,,,,,,
SafetyRacecarGoal2-v0__safeot_eps1__s3,SafetyRacecarGoal2-v0,safeot_eps1,3,aliyun,pending,False,0,,,,,,
SafetyRacecarPush0-v0__safeot_eps1__s3,SafetyRacecarPush0-v0,safeot_eps1,3,30109,pending,False,0,,,,,,
SafetyRacecarPush1-v0__safeot_eps1__s3,SafetyRacecarPush1-v0,safeot_eps1,3,5090,pending,False,0,,,,,,
SafetyRacecarPush2-v0__safeot_eps1__s3,SafetyRacecarPush2-v0,safeot_eps1,3,aliyun,pending,False,0,,,,,,
SafetyRacecarRun0-v0__safeot_eps1__s3,SafetyRacecarRun0-v0,safeot_eps1,3,30109,pending,False,0,,,,,,
SafetySwimmerVelocity-v0__safeot_eps1__s3,SafetySwimmerVelocity-v0,safeot_eps1,3,5090,pending,False,0,,,,,,
SafetySwimmerVelocity-v1__safeot_eps1__s3,SafetySwimmerVelocity-v1,safeot_eps1,3,aliyun,pending,False,0,,,,,,
SafetyWalker2dVelocity-v0__safeot_eps1__s3,SafetyWalker2dVelocity-v0,safeot_eps1,3,30109,pending,False,0,,,,,,
SafetyWalker2dVelocity-v1__safeot_eps1__s3,SafetyWalker2dVelocity-v1,safeot_eps1,3,5090,pending,False,0,,,,,,
SafetyAntButton0-v0__safeot_eps3__s3,SafetyAntButton0-v0,safeot_eps3,3,30109,pending,False,0,,,,,,
SafetyAntButton1-v0__safeot_eps3__s3,SafetyAntButton1-v0,safeot_eps3,3,5090,pending,False,0,,,,,,
SafetyAntButton2-v0__safeot_eps3__s3,SafetyAntButton2-v0,safeot_eps3,3,aliyun,pending,False,0,,,,,,
SafetyAntCircle0-v0__safeot_eps3__s3,SafetyAntCircle0-v0,safeot_eps3,3,30109,pending,False,0,,,,,,
SafetyAntCircle1-v0__safeot_eps3__s3,SafetyAntCircle1-v0,safeot_eps3,3,5090,pending,False,0,,,,,,
SafetyAntCircle2-v0__safeot_eps3__s3,SafetyAntCircle2-v0,safeot_eps3,3,aliyun,pending,False,0,,,,,,
SafetyAntGoal0-v0__safeot_eps3__s3,SafetyAntGoal0-v0,safeot_eps3,3,30109,pending,False,0,,,,,,
SafetyAntGoal1-v0__safeot_eps3__s3,SafetyAntGoal1-v0,safeot_eps3,3,5090,pending,False,0,,,,,,
SafetyAntGoal2-v0__safeot_eps3__s3,SafetyAntGoal2-v0,safeot_eps3,3,aliyun,pending,False,0,,,,,,
SafetyAntPush0-v0__safeot_eps3__s3,SafetyAntPush0-v0,safeot_eps3,3,30109,pending,False,0,,,,,,
SafetyAntPush1-v0__safeot_eps3__s3,SafetyAntPush1-v0,safeot_eps3,3,5090,pending,False,0,,,,,,
SafetyAntPush2-v0__safeot_eps3__s3,SafetyAntPush2-v0,safeot_eps3,3,aliyun,pending,False,0,,,,,,
SafetyAntRun0-v0__safeot_eps3__s3,SafetyAntRun0-v0,safeot_eps3,3,30109,pending,False,0,,,,,,
SafetyAntVelocity-v0__safeot_eps3__s3,SafetyAntVelocity-v0,safeot_eps3,3,5090,pending,False,0,,,,,,
SafetyAntVelocity-v1__safeot_eps3__s3,SafetyAntVelocity-v1,safeot_eps3,3,aliyun,pending,False,0,,,,,,
SafetyCarButton0-v0__safeot_eps3__s3,SafetyCarButton0-v0,safeot_eps3,3,30109,pending,False,0,,,,,,
SafetyCarButton1-v0__safeot_eps3__s3,SafetyCarButton1-v0,safeot_eps3,3,5090,pending,False,0,,,,,,
SafetyCarButton2-v0__safeot_eps3__s3,SafetyCarButton2-v0,safeot_eps3,3,aliyun,pending,False,0,,,,,,
SafetyCarCircle0-v0__safeot_eps3__s3,SafetyCarCircle0-v0,safeot_eps3,3,30109,pending,False,0,,,,,,
SafetyCarCircle1-v0__safeot_eps3__s3,SafetyCarCircle1-v0,safeot_eps3,3,5090,pending,False,0,,,,,,
SafetyCarCircle2-v0__safeot_eps3__s3,SafetyCarCircle2-v0,safeot_eps3,3,aliyun,pending,False,0,,,,,,
SafetyCarGoal0-v0__safeot_eps3__s3,SafetyCarGoal0-v0,safeot_eps3,3,30109,pending,False,0,,,,,,
SafetyCarGoal1-v0__safeot_eps3__s3,SafetyCarGoal1-v0,safeot_eps3,3,5090,pending,False,0,,,,,,
SafetyCarGoal2-v0__safeot_eps3__s3,SafetyCarGoal2-v0,safeot_eps3,3,aliyun,pending,False,0,,,,,,
SafetyCarPush0-v0__safeot_eps3__s3,SafetyCarPush0-v0,safeot_eps3,3,30109,pending,False,0,,,,,,
SafetyCarPush1-v0__safeot_eps3__s3,SafetyCarPush1-v0,safeot_eps3,3,5090,pending,False,0,,,,,,
SafetyCarPush2-v0__safeot_eps3__s3,SafetyCarPush2-v0,safeot_eps3,3,aliyun,pending,False,0,,,,,,
SafetyCarRun0-v0__safeot_eps3__s3,SafetyCarRun0-v0,safeot_eps3,3,30109,pending,False,0,,,,,,
SafetyDoggoButton0-v0__safeot_eps3__s3,SafetyDoggoButton0-v0,safeot_eps3,3,5090,pending,False,0,,,,,,
SafetyDoggoButton1-v0__safeot_eps3__s3,SafetyDoggoButton1-v0,safeot_eps3,3,aliyun,pending,False,0,,,,,,
SafetyDoggoButton2-v0__safeot_eps3__s3,SafetyDoggoButton2-v0,safeot_eps3,3,30109,pending,False,0,,,,,,
SafetyDoggoCircle0-v0__safeot_eps3__s3,SafetyDoggoCircle0-v0,safeot_eps3,3,5090,pending,False,0,,,,,,
SafetyDoggoCircle1-v0__safeot_eps3__s3,SafetyDoggoCircle1-v0,safeot_eps3,3,aliyun,pending,False,0,,,,,,
SafetyDoggoCircle2-v0__safeot_eps3__s3,SafetyDoggoCircle2-v0,safeot_eps3,3,30109,pending,False,0,,,,,,
SafetyDoggoGoal0-v0__safeot_eps3__s3,SafetyDoggoGoal0-v0,safeot_eps3,3,5090,pending,False,0,,,,,,
SafetyDoggoGoal1-v0__safeot_eps3__s3,SafetyDoggoGoal1-v0,safeot_eps3,3,aliyun,pending,False,0,,,,,,
SafetyDoggoGoal2-v0__safeot_eps3__s3,SafetyDoggoGoal2-v0,safeot_eps3,3,30109,pending,False,0,,,,,,
SafetyDoggoPush0-v0__safeot_eps3__s3,SafetyDoggoPush0-v0,safeot_eps3,3,5090,pending,False,0,,,,,,
SafetyDoggoPush1-v0__safeot_eps3__s3,SafetyDoggoPush1-v0,safeot_eps3,3,aliyun,pending,False,0,,,,,,
SafetyDoggoPush2-v0__safeot_eps3__s3,SafetyDoggoPush2-v0,safeot_eps3,3,30109,pending,False,0,,,,,,
SafetyDoggoRun0-v0__safeot_eps3__s3,SafetyDoggoRun0-v0,safeot_eps3,3,5090,pending,False,0,,,,,,
SafetyHalfCheetahVelocity-v0__safeot_eps3__s3,SafetyHalfCheetahVelocity-v0,safeot_eps3,3,aliyun,pending,False,0,,,,,,
SafetyHalfCheetahVelocity-v1__safeot_eps3__s3,SafetyHalfCheetahVelocity-v1,safeot_eps3,3,30109,pending,False,0,,,,,,
SafetyHopperVelocity-v0__safeot_eps3__s3,SafetyHopperVelocity-v0,safeot_eps3,3,5090,pending,False,0,,,,,,
SafetyHopperVelocity-v1__safeot_eps3__s3,SafetyHopperVelocity-v1,safeot_eps3,3,aliyun,pending,False,0,,,,,,
SafetyHumanoidVelocity-v0__safeot_eps3__s3,SafetyHumanoidVelocity-v0,safeot_eps3,3,30109,pending,False,0,,,,,,
SafetyHumanoidVelocity-v1__safeot_eps3__s3,SafetyHumanoidVelocity-v1,safeot_eps3,3,5090,pending,False,0,,,,,,
SafetyPointButton0-v0__safeot_eps3__s3,SafetyPointButton0-v0,safeot_eps3,3,aliyun,pending,False,0,,,,,,
SafetyPointButton1-v0__safeot_eps3__s3,SafetyPointButton1-v0,safeot_eps3,3,30109,pending,False,0,,,,,,
SafetyPointButton2-v0__safeot_eps3__s3,SafetyPointButton2-v0,safeot_eps3,3,5090,pending,False,0,,,,,,
SafetyPointCircle0-v0__safeot_eps3__s3,SafetyPointCircle0-v0,safeot_eps3,3,aliyun,pending,False,0,,,,,,
SafetyPointCircle1-v0__safeot_eps3__s3,SafetyPointCircle1-v0,safeot_eps3,3,30109,pending,False,0,,,,,,
SafetyPointCircle2-v0__safeot_eps3__s3,SafetyPointCircle2-v0,safeot_eps3,3,5090,pending,False,0,,,,,,
SafetyPointGoal0-v0__safeot_eps3__s3,SafetyPointGoal0-v0,safeot_eps3,3,aliyun,pending,False,0,,,,,,
SafetyPointGoal1-v0__safeot_eps3__s3,SafetyPointGoal1-v0,safeot_eps3,3,30109,pending,False,0,,,,,,
SafetyPointGoal2-v0__safeot_eps3__s3,SafetyPointGoal2-v0,safeot_eps3,3,5090,pending,False,0,,,,,,
SafetyPointPush0-v0__safeot_eps3__s3,SafetyPointPush0-v0,safeot_eps3,3,aliyun,pending,False,0,,,,,,
SafetyPointPush1-v0__safeot_eps3__s3,SafetyPointPush1-v0,safeot_eps3,3,30109,pending,False,0,,,,,,
SafetyPointPush2-v0__safeot_eps3__s3,SafetyPointPush2-v0,safeot_eps3,3,5090,pending,False,0,,,,,,
SafetyPointRun0-v0__safeot_eps3__s3,SafetyPointRun0-v0,safeot_eps3,3,aliyun,pending,False,0,,,,,,
SafetyRacecarButton0-v0__safeot_eps3__s3,SafetyRacecarButton0-v0,safeot_eps3,3,30109,pending,False,0,,,,,,
SafetyRacecarButton1-v0__safeot_eps3__s3,SafetyRacecarButton1-v0,safeot_eps3,3,5090,pending,False,0,,,,,,
SafetyRacecarButton2-v0__safeot_eps3__s3,SafetyRacecarButton2-v0,safeot_eps3,3,aliyun,pending,False,0,,,,,,
SafetyRacecarCircle0-v0__safeot_eps3__s3,SafetyRacecarCircle0-v0,safeot_eps3,3,30109,pending,False,0,,,,,,
SafetyRacecarCircle1-v0__safeot_eps3__s3,SafetyRacecarCircle1-v0,safeot_eps3,3,5090,pending,False,0,,,,,,
SafetyRacecarCircle2-v0__safeot_eps3__s3,SafetyRacecarCircle2-v0,safeot_eps3,3,aliyun,pending,False,0,,,,,,
SafetyRacecarGoal0-v0__safeot_eps3__s3,SafetyRacecarGoal0-v0,safeot_eps3,3,30109,pending,False,0,,,,,,
SafetyRacecarGoal1-v0__safeot_eps3__s3,SafetyRacecarGoal1-v0,safeot_eps3,3,5090,pending,False,0,,,,,,
SafetyRacecarGoal2-v0__safeot_eps3__s3,SafetyRacecarGoal2-v0,safeot_eps3,3,aliyun,pending,False,0,,,,,,
SafetyRacecarPush0-v0__safeot_eps3__s3,SafetyRacecarPush0-v0,safeot_eps3,3,30109,pending,False,0,,,,,,
SafetyRacecarPush1-v0__safeot_eps3__s3,SafetyRacecarPush1-v0,safeot_eps3,3,5090,pending,False,0,,,,,,
SafetyRacecarPush2-v0__safeot_eps3__s3,SafetyRacecarPush2-v0,safeot_eps3,3,aliyun,pending,False,0,,,,,,
SafetyRacecarRun0-v0__safeot_eps3__s3,SafetyRacecarRun0-v0,safeot_eps3,3,30109,pending,False,0,,,,,,
SafetySwimmerVelocity-v0__safeot_eps3__s3,SafetySwimmerVelocity-v0,safeot_eps3,3,5090,pending,False,0,,,,,,
SafetySwimmerVelocity-v1__safeot_eps3__s3,SafetySwimmerVelocity-v1,safeot_eps3,3,aliyun,pending,False,0,,,,,,
SafetyWalker2dVelocity-v0__safeot_eps3__s3,SafetyWalker2dVelocity-v0,safeot_eps3,3,30109,pending,False,0,,,,,,
SafetyWalker2dVelocity-v1__safeot_eps3__s3,SafetyWalker2dVelocity-v1,safeot_eps3,3,5090,pending,False,0,,,,,,
SafetyAntButton0-v0__penalty_lambda0.1__s3,SafetyAntButton0-v0,penalty_lambda0.1,3,30109,pending,False,0,,,,,,
SafetyAntButton1-v0__penalty_lambda0.1__s3,SafetyAntButton1-v0,penalty_lambda0.1,3,5090,pending,False,0,,,,,,
SafetyAntButton2-v0__penalty_lambda0.1__s3,SafetyAntButton2-v0,penalty_lambda0.1,3,aliyun,pending,False,0,,,,,,
SafetyAntCircle0-v0__penalty_lambda0.1__s3,SafetyAntCircle0-v0,penalty_lambda0.1,3,30109,pending,False,0,,,,,,
SafetyAntCircle1-v0__penalty_lambda0.1__s3,SafetyAntCircle1-v0,penalty_lambda0.1,3,5090,pending,False,0,,,,,,
SafetyAntCircle2-v0__penalty_lambda0.1__s3,SafetyAntCircle2-v0,penalty_lambda0.1,3,aliyun,pending,False,0,,,,,,
SafetyAntGoal0-v0__penalty_lambda0.1__s3,SafetyAntGoal0-v0,penalty_lambda0.1,3,30109,pending,False,0,,,,,,
SafetyAntGoal1-v0__penalty_lambda0.1__s3,SafetyAntGoal1-v0,penalty_lambda0.1,3,5090,pending,False,0,,,,,,
SafetyAntGoal2-v0__penalty_lambda0.1__s3,SafetyAntGoal2-v0,penalty_lambda0.1,3,aliyun,pending,False,0,,,,,,
SafetyAntPush0-v0__penalty_lambda0.1__s3,SafetyAntPush0-v0,penalty_lambda0.1,3,30109,pending,False,0,,,,,,
SafetyAntPush1-v0__penalty_lambda0.1__s3,SafetyAntPush1-v0,penalty_lambda0.1,3,5090,pending,False,0,,,,,,
SafetyAntPush2-v0__penalty_lambda0.1__s3,SafetyAntPush2-v0,penalty_lambda0.1,3,aliyun,pending,False,0,,,,,,
SafetyAntRun0-v0__penalty_lambda0.1__s3,SafetyAntRun0-v0,penalty_lambda0.1,3,30109,pending,False,0,,,,,,
SafetyAntVelocity-v0__penalty_lambda0.1__s3,SafetyAntVelocity-v0,penalty_lambda0.1,3,5090,pending,False,0,,,,,,
SafetyAntVelocity-v1__penalty_lambda0.1__s3,SafetyAntVelocity-v1,penalty_lambda0.1,3,aliyun,pending,False,0,,,,,,
SafetyCarButton0-v0__penalty_lambda0.1__s3,SafetyCarButton0-v0,penalty_lambda0.1,3,30109,pending,False,0,,,,,,
SafetyCarButton1-v0__penalty_lambda0.1__s3,SafetyCarButton1-v0,penalty_lambda0.1,3,5090,pending,False,0,,,,,,
SafetyCarButton2-v0__penalty_lambda0.1__s3,SafetyCarButton2-v0,penalty_lambda0.1,3,aliyun,pending,False,0,,,,,,
SafetyCarCircle0-v0__penalty_lambda0.1__s3,SafetyCarCircle0-v0,penalty_lambda0.1,3,30109,pending,False,0,,,,,,
SafetyCarCircle1-v0__penalty_lambda0.1__s3,SafetyCarCircle1-v0,penalty_lambda0.1,3,5090,pending,False,0,,,,,,
SafetyCarCircle2-v0__penalty_lambda0.1__s3,SafetyCarCircle2-v0,penalty_lambda0.1,3,aliyun,pending,False,0,,,,,,
SafetyCarGoal0-v0__penalty_lambda0.1__s3,SafetyCarGoal0-v0,penalty_lambda0.1,3,30109,pending,False,0,,,,,,
SafetyCarGoal1-v0__penalty_lambda0.1__s3,SafetyCarGoal1-v0,penalty_lambda0.1,3,5090,pending,False,0,,,,,,
SafetyCarGoal2-v0__penalty_lambda0.1__s3,SafetyCarGoal2-v0,penalty_lambda0.1,3,aliyun,pending,False,0,,,,,,
SafetyCarPush0-v0__penalty_lambda0.1__s3,SafetyCarPush0-v0,penalty_lambda0.1,3,30109,pending,False,0,,,,,,
SafetyCarPush1-v0__penalty_lambda0.1__s3,SafetyCarPush1-v0,penalty_lambda0.1,3,5090,pending,False,0,,,,,,
SafetyCarPush2-v0__penalty_lambda0.1__s3,SafetyCarPush2-v0,penalty_lambda0.1,3,aliyun,pending,False,0,,,,,,
SafetyCarRun0-v0__penalty_lambda0.1__s3,SafetyCarRun0-v0,penalty_lambda0.1,3,30109,pending,False,0,,,,,,
SafetyDoggoButton0-v0__penalty_lambda0.1__s3,SafetyDoggoButton0-v0,penalty_lambda0.1,3,5090,pending,False,0,,,,,,
SafetyDoggoButton1-v0__penalty_lambda0.1__s3,SafetyDoggoButton1-v0,penalty_lambda0.1,3,aliyun,pending,False,0,,,,,,
SafetyDoggoButton2-v0__penalty_lambda0.1__s3,SafetyDoggoButton2-v0,penalty_lambda0.1,3,30109,pending,False,0,,,,,,
SafetyDoggoCircle0-v0__penalty_lambda0.1__s3,SafetyDoggoCircle0-v0,penalty_lambda0.1,3,5090,pending,False,0,,,,,,
SafetyDoggoCircle1-v0__penalty_lambda0.1__s3,SafetyDoggoCircle1-v0,penalty_lambda0.1,3,aliyun,pending,False,0,,,,,,
SafetyDoggoCircle2-v0__penalty_lambda0.1__s3,SafetyDoggoCircle2-v0,penalty_lambda0.1,3,30109,pending,False,0,,,,,,
SafetyDoggoGoal0-v0__penalty_lambda0.1__s3,SafetyDoggoGoal0-v0,penalty_lambda0.1,3,5090,pending,False,0,,,,,,
SafetyDoggoGoal1-v0__penalty_lambda0.1__s3,SafetyDoggoGoal1-v0,penalty_lambda0.1,3,aliyun,pending,False,0,,,,,,
SafetyDoggoGoal2-v0__penalty_lambda0.1__s3,SafetyDoggoGoal2-v0,penalty_lambda0.1,3,30109,pending,False,0,,,,,,
SafetyDoggoPush0-v0__penalty_lambda0.1__s3,SafetyDoggoPush0-v0,penalty_lambda0.1,3,5090,pending,False,0,,,,,,
SafetyDoggoPush1-v0__penalty_lambda0.1__s3,SafetyDoggoPush1-v0,penalty_lambda0.1,3,aliyun,pending,False,0,,,,,,
SafetyDoggoPush2-v0__penalty_lambda0.1__s3,SafetyDoggoPush2-v0,penalty_lambda0.1,3,30109,pending,False,0,,,,,,
SafetyDoggoRun0-v0__penalty_lambda0.1__s3,SafetyDoggoRun0-v0,penalty_lambda0.1,3,5090,pending,False,0,,,,,,
SafetyHalfCheetahVelocity-v0__penalty_lambda0.1__s3,SafetyHalfCheetahVelocity-v0,penalty_lambda0.1,3,aliyun,pending,False,0,,,,,,
SafetyHalfCheetahVelocity-v1__penalty_lambda0.1__s3,SafetyHalfCheetahVelocity-v1,penalty_lambda0.1,3,30109,pending,False,0,,,,,,
SafetyHopperVelocity-v0__penalty_lambda0.1__s3,SafetyHopperVelocity-v0,penalty_lambda0.1,3,5090,pending,False,0,,,,,,
SafetyHopperVelocity-v1__penalty_lambda0.1__s3,SafetyHopperVelocity-v1,penalty_lambda0.1,3,aliyun,pending,False,0,,,,,,
SafetyHumanoidVelocity-v0__penalty_lambda0.1__s3,SafetyHumanoidVelocity-v0,penalty_lambda0.1,3,30109,pending,False,0,,,,,,
SafetyHumanoidVelocity-v1__penalty_lambda0.1__s3,SafetyHumanoidVelocity-v1,penalty_lambda0.1,3,5090,pending,False,0,,,,,,
SafetyPointButton0-v0__penalty_lambda0.1__s3,SafetyPointButton0-v0,penalty_lambda0.1,3,aliyun,pending,False,0,,,,,,
SafetyPointButton1-v0__penalty_lambda0.1__s3,SafetyPointButton1-v0,penalty_lambda0.1,3,30109,pending,False,0,,,,,,
SafetyPointButton2-v0__penalty_lambda0.1__s3,SafetyPointButton2-v0,penalty_lambda0.1,3,5090,pending,False,0,,,,,,
SafetyPointCircle0-v0__penalty_lambda0.1__s3,SafetyPointCircle0-v0,penalty_lambda0.1,3,aliyun,pending,False,0,,,,,,
SafetyPointCircle1-v0__penalty_lambda0.1__s3,SafetyPointCircle1-v0,penalty_lambda0.1,3,30109,pending,False,0,,,,,,
SafetyPointCircle2-v0__penalty_lambda0.1__s3,SafetyPointCircle2-v0,penalty_lambda0.1,3,5090,pending,False,0,,,,,,
SafetyPointGoal0-v0__penalty_lambda0.1__s3,SafetyPointGoal0-v0,penalty_lambda0.1,3,aliyun,pending,False,0,,,,,,
SafetyPointGoal1-v0__penalty_lambda0.1__s3,SafetyPointGoal1-v0,penalty_lambda0.1,3,30109,pending,False,0,,,,,,
SafetyPointGoal2-v0__penalty_lambda0.1__s3,SafetyPointGoal2-v0,penalty_lambda0.1,3,5090,pending,False,0,,,,,,
SafetyPointPush0-v0__penalty_lambda0.1__s3,SafetyPointPush0-v0,penalty_lambda0.1,3,aliyun,pending,False,0,,,,,,
SafetyPointPush1-v0__penalty_lambda0.1__s3,SafetyPointPush1-v0,penalty_lambda0.1,3,30109,pending,False,0,,,,,,
SafetyPointPush2-v0__penalty_lambda0.1__s3,SafetyPointPush2-v0,penalty_lambda0.1,3,5090,pending,False,0,,,,,,
SafetyPointRun0-v0__penalty_lambda0.1__s3,SafetyPointRun0-v0,penalty_lambda0.1,3,aliyun,pending,False,0,,,,,,
SafetyRacecarButton0-v0__penalty_lambda0.1__s3,SafetyRacecarButton0-v0,penalty_lambda0.1,3,30109,pending,False,0,,,,,,
SafetyRacecarButton1-v0__penalty_lambda0.1__s3,SafetyRacecarButton1-v0,penalty_lambda0.1,3,5090,pending,False,0,,,,,,
SafetyRacecarButton2-v0__penalty_lambda0.1__s3,SafetyRacecarButton2-v0,penalty_lambda0.1,3,aliyun,pending,False,0,,,,,,
SafetyRacecarCircle0-v0__penalty_lambda0.1__s3,SafetyRacecarCircle0-v0,penalty_lambda0.1,3,30109,pending,False,0,,,,,,
SafetyRacecarCircle1-v0__penalty_lambda0.1__s3,SafetyRacecarCircle1-v0,penalty_lambda0.1,3,5090,pending,False,0,,,,,,
SafetyRacecarCircle2-v0__penalty_lambda0.1__s3,SafetyRacecarCircle2-v0,penalty_lambda0.1,3,aliyun,pending,False,0,,,,,,
SafetyRacecarGoal0-v0__penalty_lambda0.1__s3,SafetyRacecarGoal0-v0,penalty_lambda0.1,3,30109,pending,False,0,,,,,,
SafetyRacecarGoal1-v0__penalty_lambda0.1__s3,SafetyRacecarGoal1-v0,penalty_lambda0.1,3,5090,pending,False,0,,,,,,
SafetyRacecarGoal2-v0__penalty_lambda0.1__s3,SafetyRacecarGoal2-v0,penalty_lambda0.1,3,aliyun,pending,False,0,,,,,,
SafetyRacecarPush0-v0__penalty_lambda0.1__s3,SafetyRacecarPush0-v0,penalty_lambda0.1,3,30109,pending,False,0,,,,,,
SafetyRacecarPush1-v0__penalty_lambda0.1__s3,SafetyRacecarPush1-v0,penalty_lambda0.1,3,5090,pending,False,0,,,,,,
SafetyRacecarPush2-v0__penalty_lambda0.1__s3,SafetyRacecarPush2-v0,penalty_lambda0.1,3,aliyun,pending,False,0,,,,,,
SafetyRacecarRun0-v0__penalty_lambda0.1__s3,SafetyRacecarRun0-v0,penalty_lambda0.1,3,30109,pending,False,0,,,,,,
SafetySwimmerVelocity-v0__penalty_lambda0.1__s3,SafetySwimmerVelocity-v0,penalty_lambda0.1,3,5090,pending,False,0,,,,,,
SafetySwimmerVelocity-v1__penalty_lambda0.1__s3,SafetySwimmerVelocity-v1,penalty_lambda0.1,3,aliyun,pending,False,0,,,,,,
SafetyWalker2dVelocity-v0__penalty_lambda0.1__s3,SafetyWalker2dVelocity-v0,penalty_lambda0.1,3,30109,pending,False,0,,,,,,
SafetyWalker2dVelocity-v1__penalty_lambda0.1__s3,SafetyWalker2dVelocity-v1,penalty_lambda0.1,3,5090,pending,False,0,,,,,,
SafetyAntButton0-v0__penalty_lambda1__s3,SafetyAntButton0-v0,penalty_lambda1,3,30109,pending,False,0,,,,,,
SafetyAntButton1-v0__penalty_lambda1__s3,SafetyAntButton1-v0,penalty_lambda1,3,5090,pending,False,0,,,,,,
SafetyAntButton2-v0__penalty_lambda1__s3,SafetyAntButton2-v0,penalty_lambda1,3,aliyun,pending,False,0,,,,,,
SafetyAntCircle0-v0__penalty_lambda1__s3,SafetyAntCircle0-v0,penalty_lambda1,3,30109,pending,False,0,,,,,,
SafetyAntCircle1-v0__penalty_lambda1__s3,SafetyAntCircle1-v0,penalty_lambda1,3,5090,pending,False,0,,,,,,
SafetyAntCircle2-v0__penalty_lambda1__s3,SafetyAntCircle2-v0,penalty_lambda1,3,aliyun,pending,False,0,,,,,,
SafetyAntGoal0-v0__penalty_lambda1__s3,SafetyAntGoal0-v0,penalty_lambda1,3,30109,pending,False,0,,,,,,
SafetyAntGoal1-v0__penalty_lambda1__s3,SafetyAntGoal1-v0,penalty_lambda1,3,5090,pending,False,0,,,,,,
SafetyAntGoal2-v0__penalty_lambda1__s3,SafetyAntGoal2-v0,penalty_lambda1,3,aliyun,pending,False,0,,,,,,
SafetyAntPush0-v0__penalty_lambda1__s3,SafetyAntPush0-v0,penalty_lambda1,3,30109,pending,False,0,,,,,,
SafetyAntPush1-v0__penalty_lambda1__s3,SafetyAntPush1-v0,penalty_lambda1,3,5090,pending,False,0,,,,,,
SafetyAntPush2-v0__penalty_lambda1__s3,SafetyAntPush2-v0,penalty_lambda1,3,aliyun,pending,False,0,,,,,,
SafetyAntRun0-v0__penalty_lambda1__s3,SafetyAntRun0-v0,penalty_lambda1,3,30109,pending,False,0,,,,,,
SafetyAntVelocity-v0__penalty_lambda1__s3,SafetyAntVelocity-v0,penalty_lambda1,3,5090,pending,False,0,,,,,,
SafetyAntVelocity-v1__penalty_lambda1__s3,SafetyAntVelocity-v1,penalty_lambda1,3,aliyun,pending,False,0,,,,,,
SafetyCarButton0-v0__penalty_lambda1__s3,SafetyCarButton0-v0,penalty_lambda1,3,30109,pending,False,0,,,,,,
SafetyCarButton1-v0__penalty_lambda1__s3,SafetyCarButton1-v0,penalty_lambda1,3,5090,pending,False,0,,,,,,
SafetyCarButton2-v0__penalty_lambda1__s3,SafetyCarButton2-v0,penalty_lambda1,3,aliyun,pending,False,0,,,,,,
SafetyCarCircle0-v0__penalty_lambda1__s3,SafetyCarCircle0-v0,penalty_lambda1,3,30109,pending,False,0,,,,,,
SafetyCarCircle1-v0__penalty_lambda1__s3,SafetyCarCircle1-v0,penalty_lambda1,3,5090,pending,False,0,,,,,,
SafetyCarCircle2-v0__penalty_lambda1__s3,SafetyCarCircle2-v0,penalty_lambda1,3,aliyun,pending,False,0,,,,,,
SafetyCarGoal0-v0__penalty_lambda1__s3,SafetyCarGoal0-v0,penalty_lambda1,3,30109,pending,False,0,,,,,,
SafetyCarGoal1-v0__penalty_lambda1__s3,SafetyCarGoal1-v0,penalty_lambda1,3,5090,pending,False,0,,,,,,
SafetyCarGoal2-v0__penalty_lambda1__s3,SafetyCarGoal2-v0,penalty_lambda1,3,aliyun,pending,False,0,,,,,,
SafetyCarPush0-v0__penalty_lambda1__s3,SafetyCarPush0-v0,penalty_lambda1,3,30109,pending,False,0,,,,,,
SafetyCarPush1-v0__penalty_lambda1__s3,SafetyCarPush1-v0,penalty_lambda1,3,5090,pending,False,0,,,,,,
SafetyCarPush2-v0__penalty_lambda1__s3,SafetyCarPush2-v0,penalty_lambda1,3,aliyun,pending,False,0,,,,,,
SafetyCarRun0-v0__penalty_lambda1__s3,SafetyCarRun0-v0,penalty_lambda1,3,30109,pending,False,0,,,,,,
SafetyDoggoButton0-v0__penalty_lambda1__s3,SafetyDoggoButton0-v0,penalty_lambda1,3,5090,pending,False,0,,,,,,
SafetyDoggoButton1-v0__penalty_lambda1__s3,SafetyDoggoButton1-v0,penalty_lambda1,3,aliyun,pending,False,0,,,,,,
SafetyDoggoButton2-v0__penalty_lambda1__s3,SafetyDoggoButton2-v0,penalty_lambda1,3,30109,pending,False,0,,,,,,
SafetyDoggoCircle0-v0__penalty_lambda1__s3,SafetyDoggoCircle0-v0,penalty_lambda1,3,5090,pending,False,0,,,,,,
SafetyDoggoCircle1-v0__penalty_lambda1__s3,SafetyDoggoCircle1-v0,penalty_lambda1,3,aliyun,pending,False,0,,,,,,
SafetyDoggoCircle2-v0__penalty_lambda1__s3,SafetyDoggoCircle2-v0,penalty_lambda1,3,30109,pending,False,0,,,,,,
SafetyDoggoGoal0-v0__penalty_lambda1__s3,SafetyDoggoGoal0-v0,penalty_lambda1,3,5090,pending,False,0,,,,,,
SafetyDoggoGoal1-v0__penalty_lambda1__s3,SafetyDoggoGoal1-v0,penalty_lambda1,3,aliyun,pending,False,0,,,,,,
SafetyDoggoGoal2-v0__penalty_lambda1__s3,SafetyDoggoGoal2-v0,penalty_lambda1,3,30109,pending,False,0,,,,,,
SafetyDoggoPush0-v0__penalty_lambda1__s3,SafetyDoggoPush0-v0,penalty_lambda1,3,5090,pending,False,0,,,,,,
SafetyDoggoPush1-v0__penalty_lambda1__s3,SafetyDoggoPush1-v0,penalty_lambda1,3,aliyun,pending,False,0,,,,,,
SafetyDoggoPush2-v0__penalty_lambda1__s3,SafetyDoggoPush2-v0,penalty_lambda1,3,30109,pending,False,0,,,,,,
SafetyDoggoRun0-v0__penalty_lambda1__s3,SafetyDoggoRun0-v0,penalty_lambda1,3,5090,pending,False,0,,,,,,
SafetyHalfCheetahVelocity-v0__penalty_lambda1__s3,SafetyHalfCheetahVelocity-v0,penalty_lambda1,3,aliyun,pending,False,0,,,,,,
SafetyHalfCheetahVelocity-v1__penalty_lambda1__s3,SafetyHalfCheetahVelocity-v1,penalty_lambda1,3,30109,pending,False,0,,,,,,
SafetyHopperVelocity-v0__penalty_lambda1__s3,SafetyHopperVelocity-v0,penalty_lambda1,3,5090,pending,False,0,,,,,,
SafetyHopperVelocity-v1__penalty_lambda1__s3,SafetyHopperVelocity-v1,penalty_lambda1,3,aliyun,pending,False,0,,,,,,
SafetyHumanoidVelocity-v0__penalty_lambda1__s3,SafetyHumanoidVelocity-v0,penalty_lambda1,3,30109,pending,False,0,,,,,,
SafetyHumanoidVelocity-v1__penalty_lambda1__s3,SafetyHumanoidVelocity-v1,penalty_lambda1,3,5090,pending,False,0,,,,,,
SafetyPointButton0-v0__penalty_lambda1__s3,SafetyPointButton0-v0,penalty_lambda1,3,aliyun,pending,False,0,,,,,,
SafetyPointButton1-v0__penalty_lambda1__s3,SafetyPointButton1-v0,penalty_lambda1,3,30109,pending,False,0,,,,,,
SafetyPointButton2-v0__penalty_lambda1__s3,SafetyPointButton2-v0,penalty_lambda1,3,5090,pending,False,0,,,,,,
SafetyPointCircle0-v0__penalty_lambda1__s3,SafetyPointCircle0-v0,penalty_lambda1,3,aliyun,pending,False,0,,,,,,
SafetyPointCircle1-v0__penalty_lambda1__s3,SafetyPointCircle1-v0,penalty_lambda1,3,30109,pending,False,0,,,,,,
SafetyPointCircle2-v0__penalty_lambda1__s3,SafetyPointCircle2-v0,penalty_lambda1,3,5090,pending,False,0,,,,,,
SafetyPointGoal0-v0__penalty_lambda1__s3,SafetyPointGoal0-v0,penalty_lambda1,3,aliyun,pending,False,0,,,,,,
SafetyPointGoal1-v0__penalty_lambda1__s3,SafetyPointGoal1-v0,penalty_lambda1,3,30109,pending,False,0,,,,,,
SafetyPointGoal2-v0__penalty_lambda1__s3,SafetyPointGoal2-v0,penalty_lambda1,3,5090,pending,False,0,,,,,,
SafetyPointPush0-v0__penalty_lambda1__s3,SafetyPointPush0-v0,penalty_lambda1,3,aliyun,pending,False,0,,,,,,
SafetyPointPush1-v0__penalty_lambda1__s3,SafetyPointPush1-v0,penalty_lambda1,3,30109,pending,False,0,,,,,,
SafetyPointPush2-v0__penalty_lambda1__s3,SafetyPointPush2-v0,penalty_lambda1,3,5090,pending,False,0,,,,,,
SafetyPointRun0-v0__penalty_lambda1__s3,SafetyPointRun0-v0,penalty_lambda1,3,aliyun,pending,False,0,,,,,,
SafetyRacecarButton0-v0__penalty_lambda1__s3,SafetyRacecarButton0-v0,penalty_lambda1,3,30109,pending,False,0,,,,,,
SafetyRacecarButton1-v0__penalty_lambda1__s3,SafetyRacecarButton1-v0,penalty_lambda1,3,5090,pending,False,0,,,,,,
SafetyRacecarButton2-v0__penalty_lambda1__s3,SafetyRacecarButton2-v0,penalty_lambda1,3,aliyun,pending,False,0,,,,,,
SafetyRacecarCircle0-v0__penalty_lambda1__s3,SafetyRacecarCircle0-v0,penalty_lambda1,3,30109,pending,False,0,,,,,,
SafetyRacecarCircle1-v0__penalty_lambda1__s3,SafetyRacecarCircle1-v0,penalty_lambda1,3,5090,pending,False,0,,,,,,
SafetyRacecarCircle2-v0__penalty_lambda1__s3,SafetyRacecarCircle2-v0,penalty_lambda1,3,aliyun,pending,False,0,,,,,,
SafetyRacecarGoal0-v0__penalty_lambda1__s3,SafetyRacecarGoal0-v0,penalty_lambda1,3,30109,pending,False,0,,,,,,
SafetyRacecarGoal1-v0__penalty_lambda1__s3,SafetyRacecarGoal1-v0,penalty_lambda1,3,5090,pending,False,0,,,,,,
SafetyRacecarGoal2-v0__penalty_lambda1__s3,SafetyRacecarGoal2-v0,penalty_lambda1,3,aliyun,pending,False,0,,,,,,
SafetyRacecarPush0-v0__penalty_lambda1__s3,SafetyRacecarPush0-v0,penalty_lambda1,3,30109,pending,False,0,,,,,,
SafetyRacecarPush1-v0__penalty_lambda1__s3,SafetyRacecarPush1-v0,penalty_lambda1,3,5090,pending,False,0,,,,,,
SafetyRacecarPush2-v0__penalty_lambda1__s3,SafetyRacecarPush2-v0,penalty_lambda1,3,aliyun,pending,False,0,,,,,,
SafetyRacecarRun0-v0__penalty_lambda1__s3,SafetyRacecarRun0-v0,penalty_lambda1,3,30109,pending,False,0,,,,,,
SafetySwimmerVelocity-v0__penalty_lambda1__s3,SafetySwimmerVelocity-v0,penalty_lambda1,3,5090,pending,False,0,,,,,,
SafetySwimmerVelocity-v1__penalty_lambda1__s3,SafetySwimmerVelocity-v1,penalty_lambda1,3,aliyun,pending,False,0,,,,,,
SafetyWalker2dVelocity-v0__penalty_lambda1__s3,SafetyWalker2dVelocity-v0,penalty_lambda1,3,30109,pending,False,0,,,,,,
SafetyWalker2dVelocity-v1__penalty_lambda1__s3,SafetyWalker2dVelocity-v1,penalty_lambda1,3,5090,pending,False,0,,,,,,
SafetyAntButton0-v0__penalty_lambda10__s3,SafetyAntButton0-v0,penalty_lambda10,3,30109,pending,False,0,,,,,,
SafetyAntButton1-v0__penalty_lambda10__s3,SafetyAntButton1-v0,penalty_lambda10,3,5090,pending,False,0,,,,,,
SafetyAntButton2-v0__penalty_lambda10__s3,SafetyAntButton2-v0,penalty_lambda10,3,aliyun,pending,False,0,,,,,,
SafetyAntCircle0-v0__penalty_lambda10__s3,SafetyAntCircle0-v0,penalty_lambda10,3,30109,pending,False,0,,,,,,
SafetyAntCircle1-v0__penalty_lambda10__s3,SafetyAntCircle1-v0,penalty_lambda10,3,5090,pending,False,0,,,,,,
SafetyAntCircle2-v0__penalty_lambda10__s3,SafetyAntCircle2-v0,penalty_lambda10,3,aliyun,pending,False,0,,,,,,
SafetyAntGoal0-v0__penalty_lambda10__s3,SafetyAntGoal0-v0,penalty_lambda10,3,30109,pending,False,0,,,,,,
SafetyAntGoal1-v0__penalty_lambda10__s3,SafetyAntGoal1-v0,penalty_lambda10,3,5090,pending,False,0,,,,,,
SafetyAntGoal2-v0__penalty_lambda10__s3,SafetyAntGoal2-v0,penalty_lambda10,3,aliyun,pending,False,0,,,,,,
SafetyAntPush0-v0__penalty_lambda10__s3,SafetyAntPush0-v0,penalty_lambda10,3,30109,pending,False,0,,,,,,
SafetyAntPush1-v0__penalty_lambda10__s3,SafetyAntPush1-v0,penalty_lambda10,3,5090,pending,False,0,,,,,,
SafetyAntPush2-v0__penalty_lambda10__s3,SafetyAntPush2-v0,penalty_lambda10,3,aliyun,pending,False,0,,,,,,
SafetyAntRun0-v0__penalty_lambda10__s3,SafetyAntRun0-v0,penalty_lambda10,3,30109,pending,False,0,,,,,,
SafetyAntVelocity-v0__penalty_lambda10__s3,SafetyAntVelocity-v0,penalty_lambda10,3,5090,pending,False,0,,,,,,
SafetyAntVelocity-v1__penalty_lambda10__s3,SafetyAntVelocity-v1,penalty_lambda10,3,aliyun,pending,False,0,,,,,,
SafetyCarButton0-v0__penalty_lambda10__s3,SafetyCarButton0-v0,penalty_lambda10,3,30109,pending,False,0,,,,,,
SafetyCarButton1-v0__penalty_lambda10__s3,SafetyCarButton1-v0,penalty_lambda10,3,5090,pending,False,0,,,,,,
SafetyCarButton2-v0__penalty_lambda10__s3,SafetyCarButton2-v0,penalty_lambda10,3,aliyun,pending,False,0,,,,,,
SafetyCarCircle0-v0__penalty_lambda10__s3,SafetyCarCircle0-v0,penalty_lambda10,3,30109,pending,False,0,,,,,,
SafetyCarCircle1-v0__penalty_lambda10__s3,SafetyCarCircle1-v0,penalty_lambda10,3,5090,pending,False,0,,,,,,
SafetyCarCircle2-v0__penalty_lambda10__s3,SafetyCarCircle2-v0,penalty_lambda10,3,aliyun,pending,False,0,,,,,,
SafetyCarGoal0-v0__penalty_lambda10__s3,SafetyCarGoal0-v0,penalty_lambda10,3,30109,pending,False,0,,,,,,
SafetyCarGoal1-v0__penalty_lambda10__s3,SafetyCarGoal1-v0,penalty_lambda10,3,5090,pending,False,0,,,,,,
SafetyCarGoal2-v0__penalty_lambda10__s3,SafetyCarGoal2-v0,penalty_lambda10,3,aliyun,pending,False,0,,,,,,
SafetyCarPush0-v0__penalty_lambda10__s3,SafetyCarPush0-v0,penalty_lambda10,3,30109,pending,False,0,,,,,,
SafetyCarPush1-v0__penalty_lambda10__s3,SafetyCarPush1-v0,penalty_lambda10,3,5090,pending,False,0,,,,,,
SafetyCarPush2-v0__penalty_lambda10__s3,SafetyCarPush2-v0,penalty_lambda10,3,aliyun,pending,False,0,,,,,,
SafetyCarRun0-v0__penalty_lambda10__s3,SafetyCarRun0-v0,penalty_lambda10,3,30109,pending,False,0,,,,,,
SafetyDoggoButton0-v0__penalty_lambda10__s3,SafetyDoggoButton0-v0,penalty_lambda10,3,5090,pending,False,0,,,,,,
SafetyDoggoButton1-v0__penalty_lambda10__s3,SafetyDoggoButton1-v0,penalty_lambda10,3,aliyun,pending,False,0,,,,,,
SafetyDoggoButton2-v0__penalty_lambda10__s3,SafetyDoggoButton2-v0,penalty_lambda10,3,30109,pending,False,0,,,,,,
SafetyDoggoCircle0-v0__penalty_lambda10__s3,SafetyDoggoCircle0-v0,penalty_lambda10,3,5090,pending,False,0,,,,,,
SafetyDoggoCircle1-v0__penalty_lambda10__s3,SafetyDoggoCircle1-v0,penalty_lambda10,3,aliyun,pending,False,0,,,,,,
SafetyDoggoCircle2-v0__penalty_lambda10__s3,SafetyDoggoCircle2-v0,penalty_lambda10,3,30109,pending,False,0,,,,,,
SafetyDoggoGoal0-v0__penalty_lambda10__s3,SafetyDoggoGoal0-v0,penalty_lambda10,3,5090,pending,False,0,,,,,,
SafetyDoggoGoal1-v0__penalty_lambda10__s3,SafetyDoggoGoal1-v0,penalty_lambda10,3,aliyun,pending,False,0,,,,,,
SafetyDoggoGoal2-v0__penalty_lambda10__s3,SafetyDoggoGoal2-v0,penalty_lambda10,3,30109,pending,False,0,,,,,,
SafetyDoggoPush0-v0__penalty_lambda10__s3,SafetyDoggoPush0-v0,penalty_lambda10,3,5090,pending,False,0,,,,,,
SafetyDoggoPush1-v0__penalty_lambda10__s3,SafetyDoggoPush1-v0,penalty_lambda10,3,aliyun,pending,False,0,,,,,,
SafetyDoggoPush2-v0__penalty_lambda10__s3,SafetyDoggoPush2-v0,penalty_lambda10,3,30109,pending,False,0,,,,,,
SafetyDoggoRun0-v0__penalty_lambda10__s3,SafetyDoggoRun0-v0,penalty_lambda10,3,5090,pending,False,0,,,,,,
SafetyHalfCheetahVelocity-v0__penalty_lambda10__s3,SafetyHalfCheetahVelocity-v0,penalty_lambda10,3,aliyun,pending,False,0,,,,,,
SafetyHalfCheetahVelocity-v1__penalty_lambda10__s3,SafetyHalfCheetahVelocity-v1,penalty_lambda10,3,30109,pending,False,0,,,,,,
SafetyHopperVelocity-v0__penalty_lambda10__s3,SafetyHopperVelocity-v0,penalty_lambda10,3,5090,pending,False,0,,,,,,
SafetyHopperVelocity-v1__penalty_lambda10__s3,SafetyHopperVelocity-v1,penalty_lambda10,3,aliyun,pending,False,0,,,,,,
SafetyHumanoidVelocity-v0__penalty_lambda10__s3,SafetyHumanoidVelocity-v0,penalty_lambda10,3,30109,pending,False,0,,,,,,
SafetyHumanoidVelocity-v1__penalty_lambda10__s3,SafetyHumanoidVelocity-v1,penalty_lambda10,3,5090,pending,False,0,,,,,,
SafetyPointButton0-v0__penalty_lambda10__s3,SafetyPointButton0-v0,penalty_lambda10,3,aliyun,pending,False,0,,,,,,
SafetyPointButton1-v0__penalty_lambda10__s3,SafetyPointButton1-v0,penalty_lambda10,3,30109,pending,False,0,,,,,,
SafetyPointButton2-v0__penalty_lambda10__s3,SafetyPointButton2-v0,penalty_lambda10,3,5090,pending,False,0,,,,,,
SafetyPointCircle0-v0__penalty_lambda10__s3,SafetyPointCircle0-v0,penalty_lambda10,3,aliyun,pending,False,0,,,,,,
SafetyPointCircle1-v0__penalty_lambda10__s3,SafetyPointCircle1-v0,penalty_lambda10,3,30109,pending,False,0,,,,,,
SafetyPointCircle2-v0__penalty_lambda10__s3,SafetyPointCircle2-v0,penalty_lambda10,3,5090,pending,False,0,,,,,,
SafetyPointGoal0-v0__penalty_lambda10__s3,SafetyPointGoal0-v0,penalty_lambda10,3,aliyun,pending,False,0,,,,,,
SafetyPointGoal1-v0__penalty_lambda10__s3,SafetyPointGoal1-v0,penalty_lambda10,3,30109,pending,False,0,,,,,,
SafetyPointGoal2-v0__penalty_lambda10__s3,SafetyPointGoal2-v0,penalty_lambda10,3,5090,pending,False,0,,,,,,
SafetyPointPush0-v0__penalty_lambda10__s3,SafetyPointPush0-v0,penalty_lambda10,3,aliyun,pending,False,0,,,,,,
SafetyPointPush1-v0__penalty_lambda10__s3,SafetyPointPush1-v0,penalty_lambda10,3,30109,pending,False,0,,,,,,
SafetyPointPush2-v0__penalty_lambda10__s3,SafetyPointPush2-v0,penalty_lambda10,3,5090,pending,False,0,,,,,,
SafetyPointRun0-v0__penalty_lambda10__s3,SafetyPointRun0-v0,penalty_lambda10,3,aliyun,pending,False,0,,,,,,
SafetyRacecarButton0-v0__penalty_lambda10__s3,SafetyRacecarButton0-v0,penalty_lambda10,3,30109,pending,False,0,,,,,,
SafetyRacecarButton1-v0__penalty_lambda10__s3,SafetyRacecarButton1-v0,penalty_lambda10,3,5090,pending,False,0,,,,,,
SafetyRacecarButton2-v0__penalty_lambda10__s3,SafetyRacecarButton2-v0,penalty_lambda10,3,aliyun,pending,False,0,,,,,,
SafetyRacecarCircle0-v0__penalty_lambda10__s3,SafetyRacecarCircle0-v0,penalty_lambda10,3,30109,pending,False,0,,,,,,
SafetyRacecarCircle1-v0__penalty_lambda10__s3,SafetyRacecarCircle1-v0,penalty_lambda10,3,5090,pending,False,0,,,,,,
SafetyRacecarCircle2-v0__penalty_lambda10__s3,SafetyRacecarCircle2-v0,penalty_lambda10,3,aliyun,pending,False,0,,,,,,
SafetyRacecarGoal0-v0__penalty_lambda10__s3,SafetyRacecarGoal0-v0,penalty_lambda10,3,30109,pending,False,0,,,,,,
SafetyRacecarGoal1-v0__penalty_lambda10__s3,SafetyRacecarGoal1-v0,penalty_lambda10,3,5090,pending,False,0,,,,,,
SafetyRacecarGoal2-v0__penalty_lambda10__s3,SafetyRacecarGoal2-v0,penalty_lambda10,3,aliyun,pending,False,0,,,,,,
SafetyRacecarPush0-v0__penalty_lambda10__s3,SafetyRacecarPush0-v0,penalty_lambda10,3,30109,pending,False,0,,,,,,
SafetyRacecarPush1-v0__penalty_lambda10__s3,SafetyRacecarPush1-v0,penalty_lambda10,3,5090,pending,False,0,,,,,,
SafetyRacecarPush2-v0__penalty_lambda10__s3,SafetyRacecarPush2-v0,penalty_lambda10,3,aliyun,pending,False,0,,,,,,
SafetyRacecarRun0-v0__penalty_lambda10__s3,SafetyRacecarRun0-v0,penalty_lambda10,3,30109,pending,False,0,,,,,,
SafetySwimmerVelocity-v0__penalty_lambda10__s3,SafetySwimmerVelocity-v0,penalty_lambda10,3,5090,pending,False,0,,,,,,
SafetySwimmerVelocity-v1__penalty_lambda10__s3,SafetySwimmerVelocity-v1,penalty_lambda10,3,aliyun,pending,False,0,,,,,,
SafetyWalker2dVelocity-v0__penalty_lambda10__s3,SafetyWalker2dVelocity-v0,penalty_lambda10,3,30109,pending,False,0,,,,,,
SafetyWalker2dVelocity-v1__penalty_lambda10__s3,SafetyWalker2dVelocity-v1,penalty_lambda10,3,5090,pending,False,0,,,,,,
SafetyAntButton0-v0__trpo_lag__s3,SafetyAntButton0-v0,trpo_lag,3,30109,pending,False,0,,,,,,
SafetyAntButton1-v0__trpo_lag__s3,SafetyAntButton1-v0,trpo_lag,3,5090,pending,False,0,,,,,,
SafetyAntButton2-v0__trpo_lag__s3,SafetyAntButton2-v0,trpo_lag,3,aliyun,pending,False,0,,,,,,
SafetyAntCircle0-v0__trpo_lag__s3,SafetyAntCircle0-v0,trpo_lag,3,30109,pending,False,0,,,,,,
SafetyAntCircle1-v0__trpo_lag__s3,SafetyAntCircle1-v0,trpo_lag,3,5090,pending,False,0,,,,,,
SafetyAntCircle2-v0__trpo_lag__s3,SafetyAntCircle2-v0,trpo_lag,3,aliyun,pending,False,0,,,,,,
SafetyAntGoal0-v0__trpo_lag__s3,SafetyAntGoal0-v0,trpo_lag,3,30109,pending,False,0,,,,,,
SafetyAntGoal1-v0__trpo_lag__s3,SafetyAntGoal1-v0,trpo_lag,3,5090,pending,False,0,,,,,,
SafetyAntGoal2-v0__trpo_lag__s3,SafetyAntGoal2-v0,trpo_lag,3,aliyun,pending,False,0,,,,,,
SafetyAntPush0-v0__trpo_lag__s3,SafetyAntPush0-v0,trpo_lag,3,30109,pending,False,0,,,,,,
SafetyAntPush1-v0__trpo_lag__s3,SafetyAntPush1-v0,trpo_lag,3,5090,pending,False,0,,,,,,
SafetyAntPush2-v0__trpo_lag__s3,SafetyAntPush2-v0,trpo_lag,3,aliyun,pending,False,0,,,,,,
SafetyAntRun0-v0__trpo_lag__s3,SafetyAntRun0-v0,trpo_lag,3,30109,pending,False,0,,,,,,
SafetyAntVelocity-v0__trpo_lag__s3,SafetyAntVelocity-v0,trpo_lag,3,5090,pending,False,0,,,,,,
SafetyAntVelocity-v1__trpo_lag__s3,SafetyAntVelocity-v1,trpo_lag,3,aliyun,pending,False,0,,,,,,
SafetyCarButton0-v0__trpo_lag__s3,SafetyCarButton0-v0,trpo_lag,3,30109,pending,False,0,,,,,,
SafetyCarButton1-v0__trpo_lag__s3,SafetyCarButton1-v0,trpo_lag,3,5090,pending,False,0,,,,,,
SafetyCarButton2-v0__trpo_lag__s3,SafetyCarButton2-v0,trpo_lag,3,aliyun,pending,False,0,,,,,,
SafetyCarCircle0-v0__trpo_lag__s3,SafetyCarCircle0-v0,trpo_lag,3,30109,pending,False,0,,,,,,
SafetyCarCircle1-v0__trpo_lag__s3,SafetyCarCircle1-v0,trpo_lag,3,5090,pending,False,0,,,,,,
SafetyCarCircle2-v0__trpo_lag__s3,SafetyCarCircle2-v0,trpo_lag,3,aliyun,pending,False,0,,,,,,
SafetyCarGoal0-v0__trpo_lag__s3,SafetyCarGoal0-v0,trpo_lag,3,30109,pending,False,0,,,,,,
SafetyCarGoal1-v0__trpo_lag__s3,SafetyCarGoal1-v0,trpo_lag,3,5090,pending,False,0,,,,,,
SafetyCarGoal2-v0__trpo_lag__s3,SafetyCarGoal2-v0,trpo_lag,3,aliyun,pending,False,0,,,,,,
SafetyCarPush0-v0__trpo_lag__s3,SafetyCarPush0-v0,trpo_lag,3,30109,pending,False,0,,,,,,
SafetyCarPush1-v0__trpo_lag__s3,SafetyCarPush1-v0,trpo_lag,3,5090,pending,False,0,,,,,,
SafetyCarPush2-v0__trpo_lag__s3,SafetyCarPush2-v0,trpo_lag,3,aliyun,pending,False,0,,,,,,
SafetyCarRun0-v0__trpo_lag__s3,SafetyCarRun0-v0,trpo_lag,3,30109,pending,False,0,,,,,,
SafetyDoggoButton0-v0__trpo_lag__s3,SafetyDoggoButton0-v0,trpo_lag,3,5090,pending,False,0,,,,,,
SafetyDoggoButton1-v0__trpo_lag__s3,SafetyDoggoButton1-v0,trpo_lag,3,aliyun,pending,False,0,,,,,,
SafetyDoggoButton2-v0__trpo_lag__s3,SafetyDoggoButton2-v0,trpo_lag,3,30109,pending,False,0,,,,,,
SafetyDoggoCircle0-v0__trpo_lag__s3,SafetyDoggoCircle0-v0,trpo_lag,3,5090,pending,False,0,,,,,,
SafetyDoggoCircle1-v0__trpo_lag__s3,SafetyDoggoCircle1-v0,trpo_lag,3,aliyun,pending,False,0,,,,,,
SafetyDoggoCircle2-v0__trpo_lag__s3,SafetyDoggoCircle2-v0,trpo_lag,3,30109,pending,False,0,,,,,,
SafetyDoggoGoal0-v0__trpo_lag__s3,SafetyDoggoGoal0-v0,trpo_lag,3,5090,pending,False,0,,,,,,
SafetyDoggoGoal1-v0__trpo_lag__s3,SafetyDoggoGoal1-v0,trpo_lag,3,aliyun,pending,False,0,,,,,,
SafetyDoggoGoal2-v0__trpo_lag__s3,SafetyDoggoGoal2-v0,trpo_lag,3,30109,pending,False,0,,,,,,
SafetyDoggoPush0-v0__trpo_lag__s3,SafetyDoggoPush0-v0,trpo_lag,3,5090,pending,False,0,,,,,,
SafetyDoggoPush1-v0__trpo_lag__s3,SafetyDoggoPush1-v0,trpo_lag,3,aliyun,pending,False,0,,,,,,
SafetyDoggoPush2-v0__trpo_lag__s3,SafetyDoggoPush2-v0,trpo_lag,3,30109,pending,False,0,,,,,,
SafetyDoggoRun0-v0__trpo_lag__s3,SafetyDoggoRun0-v0,trpo_lag,3,5090,pending,False,0,,,,,,
SafetyHalfCheetahVelocity-v0__trpo_lag__s3,SafetyHalfCheetahVelocity-v0,trpo_lag,3,aliyun,pending,False,0,,,,,,
SafetyHalfCheetahVelocity-v1__trpo_lag__s3,SafetyHalfCheetahVelocity-v1,trpo_lag,3,30109,pending,False,0,,,,,,
SafetyHopperVelocity-v0__trpo_lag__s3,SafetyHopperVelocity-v0,trpo_lag,3,5090,pending,False,0,,,,,,
SafetyHopperVelocity-v1__trpo_lag__s3,SafetyHopperVelocity-v1,trpo_lag,3,aliyun,pending,False,0,,,,,,
SafetyHumanoidVelocity-v0__trpo_lag__s3,SafetyHumanoidVelocity-v0,trpo_lag,3,30109,pending,False,0,,,,,,
SafetyHumanoidVelocity-v1__trpo_lag__s3,SafetyHumanoidVelocity-v1,trpo_lag,3,5090,pending,False,0,,,,,,
SafetyPointButton0-v0__trpo_lag__s3,SafetyPointButton0-v0,trpo_lag,3,aliyun,pending,False,0,,,,,,
SafetyPointButton1-v0__trpo_lag__s3,SafetyPointButton1-v0,trpo_lag,3,30109,pending,False,0,,,,,,
SafetyPointButton2-v0__trpo_lag__s3,SafetyPointButton2-v0,trpo_lag,3,5090,pending,False,0,,,,,,
SafetyPointCircle0-v0__trpo_lag__s3,SafetyPointCircle0-v0,trpo_lag,3,aliyun,pending,False,0,,,,,,
SafetyPointCircle1-v0__trpo_lag__s3,SafetyPointCircle1-v0,trpo_lag,3,30109,pending,False,0,,,,,,
SafetyPointCircle2-v0__trpo_lag__s3,SafetyPointCircle2-v0,trpo_lag,3,5090,pending,False,0,,,,,,
SafetyPointGoal0-v0__trpo_lag__s3,SafetyPointGoal0-v0,trpo_lag,3,aliyun,pending,False,0,,,,,,
SafetyPointGoal1-v0__trpo_lag__s3,SafetyPointGoal1-v0,trpo_lag,3,30109,pending,False,0,,,,,,
SafetyPointGoal2-v0__trpo_lag__s3,SafetyPointGoal2-v0,trpo_lag,3,5090,pending,False,0,,,,,,
SafetyPointPush0-v0__trpo_lag__s3,SafetyPointPush0-v0,trpo_lag,3,aliyun,pending,False,0,,,,,,
SafetyPointPush1-v0__trpo_lag__s3,SafetyPointPush1-v0,trpo_lag,3,30109,pending,False,0,,,,,,
SafetyPointPush2-v0__trpo_lag__s3,SafetyPointPush2-v0,trpo_lag,3,5090,pending,False,0,,,,,,
SafetyPointRun0-v0__trpo_lag__s3,SafetyPointRun0-v0,trpo_lag,3,aliyun,pending,False,0,,,,,,
SafetyRacecarButton0-v0__trpo_lag__s3,SafetyRacecarButton0-v0,trpo_lag,3,30109,pending,False,0,,,,,,
SafetyRacecarButton1-v0__trpo_lag__s3,SafetyRacecarButton1-v0,trpo_lag,3,5090,pending,False,0,,,,,,
SafetyRacecarButton2-v0__trpo_lag__s3,SafetyRacecarButton2-v0,trpo_lag,3,aliyun,pending,False,0,,,,,,
SafetyRacecarCircle0-v0__trpo_lag__s3,SafetyRacecarCircle0-v0,trpo_lag,3,30109,pending,False,0,,,,,,
SafetyRacecarCircle1-v0__trpo_lag__s3,SafetyRacecarCircle1-v0,trpo_lag,3,5090,pending,False,0,,,,,,
SafetyRacecarCircle2-v0__trpo_lag__s3,SafetyRacecarCircle2-v0,trpo_lag,3,aliyun,pending,False,0,,,,,,
SafetyRacecarGoal0-v0__trpo_lag__s3,SafetyRacecarGoal0-v0,trpo_lag,3,30109,pending,False,0,,,,,,
SafetyRacecarGoal1-v0__trpo_lag__s3,SafetyRacecarGoal1-v0,trpo_lag,3,5090,pending,False,0,,,,,,
SafetyRacecarGoal2-v0__trpo_lag__s3,SafetyRacecarGoal2-v0,trpo_lag,3,aliyun,pending,False,0,,,,,,
SafetyRacecarPush0-v0__trpo_lag__s3,SafetyRacecarPush0-v0,trpo_lag,3,30109,pending,False,0,,,,,,
SafetyRacecarPush1-v0__trpo_lag__s3,SafetyRacecarPush1-v0,trpo_lag,3,5090,pending,False,0,,,,,,
SafetyRacecarPush2-v0__trpo_lag__s3,SafetyRacecarPush2-v0,trpo_lag,3,aliyun,pending,False,0,,,,,,
SafetyRacecarRun0-v0__trpo_lag__s3,SafetyRacecarRun0-v0,trpo_lag,3,30109,pending,False,0,,,,,,
SafetySwimmerVelocity-v0__trpo_lag__s3,SafetySwimmerVelocity-v0,trpo_lag,3,5090,pending,False,0,,,,,,
SafetySwimmerVelocity-v1__trpo_lag__s3,SafetySwimmerVelocity-v1,trpo_lag,3,aliyun,pending,False,0,,,,,,
SafetyWalker2dVelocity-v0__trpo_lag__s3,SafetyWalker2dVelocity-v0,trpo_lag,3,30109,pending,False,0,,,,,,
SafetyWalker2dVelocity-v1__trpo_lag__s3,SafetyWalker2dVelocity-v1,trpo_lag,3,5090,pending,False,0,,,,,,
SafetyAntButton0-v0__cpo__s3,SafetyAntButton0-v0,cpo,3,30109,pending,False,0,,,,,,
SafetyAntButton1-v0__cpo__s3,SafetyAntButton1-v0,cpo,3,5090,pending,False,0,,,,,,
SafetyAntButton2-v0__cpo__s3,SafetyAntButton2-v0,cpo,3,aliyun,pending,False,0,,,,,,
SafetyAntCircle0-v0__cpo__s3,SafetyAntCircle0-v0,cpo,3,30109,pending,False,0,,,,,,
SafetyAntCircle1-v0__cpo__s3,SafetyAntCircle1-v0,cpo,3,5090,pending,False,0,,,,,,
SafetyAntCircle2-v0__cpo__s3,SafetyAntCircle2-v0,cpo,3,aliyun,pending,False,0,,,,,,
SafetyAntGoal0-v0__cpo__s3,SafetyAntGoal0-v0,cpo,3,30109,pending,False,0,,,,,,
SafetyAntGoal1-v0__cpo__s3,SafetyAntGoal1-v0,cpo,3,5090,pending,False,0,,,,,,
SafetyAntGoal2-v0__cpo__s3,SafetyAntGoal2-v0,cpo,3,aliyun,pending,False,0,,,,,,
SafetyAntPush0-v0__cpo__s3,SafetyAntPush0-v0,cpo,3,30109,pending,False,0,,,,,,
SafetyAntPush1-v0__cpo__s3,SafetyAntPush1-v0,cpo,3,5090,pending,False,0,,,,,,
SafetyAntPush2-v0__cpo__s3,SafetyAntPush2-v0,cpo,3,aliyun,pending,False,0,,,,,,
SafetyAntRun0-v0__cpo__s3,SafetyAntRun0-v0,cpo,3,30109,pending,False,0,,,,,,
SafetyAntVelocity-v0__cpo__s3,SafetyAntVelocity-v0,cpo,3,5090,pending,False,0,,,,,,
SafetyAntVelocity-v1__cpo__s3,SafetyAntVelocity-v1,cpo,3,aliyun,pending,False,0,,,,,,
SafetyCarButton0-v0__cpo__s3,SafetyCarButton0-v0,cpo,3,30109,pending,False,0,,,,,,
SafetyCarButton1-v0__cpo__s3,SafetyCarButton1-v0,cpo,3,5090,pending,False,0,,,,,,
SafetyCarButton2-v0__cpo__s3,SafetyCarButton2-v0,cpo,3,aliyun,pending,False,0,,,,,,
SafetyCarCircle0-v0__cpo__s3,SafetyCarCircle0-v0,cpo,3,30109,pending,False,0,,,,,,
SafetyCarCircle1-v0__cpo__s3,SafetyCarCircle1-v0,cpo,3,5090,pending,False,0,,,,,,
SafetyCarCircle2-v0__cpo__s3,SafetyCarCircle2-v0,cpo,3,aliyun,pending,False,0,,,,,,
SafetyCarGoal0-v0__cpo__s3,SafetyCarGoal0-v0,cpo,3,30109,pending,False,0,,,,,,
SafetyCarGoal1-v0__cpo__s3,SafetyCarGoal1-v0,cpo,3,5090,pending,False,0,,,,,,
SafetyCarGoal2-v0__cpo__s3,SafetyCarGoal2-v0,cpo,3,aliyun,pending,False,0,,,,,,
SafetyCarPush0-v0__cpo__s3,SafetyCarPush0-v0,cpo,3,30109,pending,False,0,,,,,,
SafetyCarPush1-v0__cpo__s3,SafetyCarPush1-v0,cpo,3,5090,pending,False,0,,,,,,
SafetyCarPush2-v0__cpo__s3,SafetyCarPush2-v0,cpo,3,aliyun,pending,False,0,,,,,,
SafetyCarRun0-v0__cpo__s3,SafetyCarRun0-v0,cpo,3,30109,pending,False,0,,,,,,
SafetyDoggoButton0-v0__cpo__s3,SafetyDoggoButton0-v0,cpo,3,5090,pending,False,0,,,,,,
SafetyDoggoButton1-v0__cpo__s3,SafetyDoggoButton1-v0,cpo,3,aliyun,pending,False,0,,,,,,
SafetyDoggoButton2-v0__cpo__s3,SafetyDoggoButton2-v0,cpo,3,30109,pending,False,0,,,,,,
SafetyDoggoCircle0-v0__cpo__s3,SafetyDoggoCircle0-v0,cpo,3,5090,pending,False,0,,,,,,
SafetyDoggoCircle1-v0__cpo__s3,SafetyDoggoCircle1-v0,cpo,3,aliyun,pending,False,0,,,,,,
SafetyDoggoCircle2-v0__cpo__s3,SafetyDoggoCircle2-v0,cpo,3,30109,pending,False,0,,,,,,
SafetyDoggoGoal0-v0__cpo__s3,SafetyDoggoGoal0-v0,cpo,3,5090,pending,False,0,,,,,,
SafetyDoggoGoal1-v0__cpo__s3,SafetyDoggoGoal1-v0,cpo,3,aliyun,pending,False,0,,,,,,
SafetyDoggoGoal2-v0__cpo__s3,SafetyDoggoGoal2-v0,cpo,3,30109,pending,False,0,,,,,,
SafetyDoggoPush0-v0__cpo__s3,SafetyDoggoPush0-v0,cpo,3,5090,pending,False,0,,,,,,
SafetyDoggoPush1-v0__cpo__s3,SafetyDoggoPush1-v0,cpo,3,aliyun,pending,False,0,,,,,,
SafetyDoggoPush2-v0__cpo__s3,SafetyDoggoPush2-v0,cpo,3,30109,pending,False,0,,,,,,
SafetyDoggoRun0-v0__cpo__s3,SafetyDoggoRun0-v0,cpo,3,5090,pending,False,0,,,,,,
SafetyHalfCheetahVelocity-v0__cpo__s3,SafetyHalfCheetahVelocity-v0,cpo,3,aliyun,pending,False,0,,,,,,
SafetyHalfCheetahVelocity-v1__cpo__s3,SafetyHalfCheetahVelocity-v1,cpo,3,30109,pending,False,0,,,,,,
SafetyHopperVelocity-v0__cpo__s3,SafetyHopperVelocity-v0,cpo,3,5090,pending,False,0,,,,,,
SafetyHopperVelocity-v1__cpo__s3,SafetyHopperVelocity-v1,cpo,3,aliyun,pending,False,0,,,,,,
SafetyHumanoidVelocity-v0__cpo__s3,SafetyHumanoidVelocity-v0,cpo,3,30109,pending,False,0,,,,,,
SafetyHumanoidVelocity-v1__cpo__s3,SafetyHumanoidVelocity-v1,cpo,3,5090,pending,False,0,,,,,,
SafetyPointButton0-v0__cpo__s3,SafetyPointButton0-v0,cpo,3,aliyun,pending,False,0,,,,,,
SafetyPointButton1-v0__cpo__s3,SafetyPointButton1-v0,cpo,3,30109,pending,False,0,,,,,,
SafetyPointButton2-v0__cpo__s3,SafetyPointButton2-v0,cpo,3,5090,pending,False,0,,,,,,
SafetyPointCircle0-v0__cpo__s3,SafetyPointCircle0-v0,cpo,3,aliyun,pending,False,0,,,,,,
SafetyPointCircle1-v0__cpo__s3,SafetyPointCircle1-v0,cpo,3,30109,pending,False,0,,,,,,
SafetyPointCircle2-v0__cpo__s3,SafetyPointCircle2-v0,cpo,3,5090,pending,False,0,,,,,,
SafetyPointGoal0-v0__cpo__s3,SafetyPointGoal0-v0,cpo,3,aliyun,pending,False,0,,,,,,
SafetyPointGoal1-v0__cpo__s3,SafetyPointGoal1-v0,cpo,3,30109,pending,False,0,,,,,,
SafetyPointGoal2-v0__cpo__s3,SafetyPointGoal2-v0,cpo,3,5090,pending,False,0,,,,,,
SafetyPointPush0-v0__cpo__s3,SafetyPointPush0-v0,cpo,3,aliyun,pending,False,0,,,,,,
SafetyPointPush1-v0__cpo__s3,SafetyPointPush1-v0,cpo,3,30109,pending,False,0,,,,,,
SafetyPointPush2-v0__cpo__s3,SafetyPointPush2-v0,cpo,3,5090,pending,False,0,,,,,,
SafetyPointRun0-v0__cpo__s3,SafetyPointRun0-v0,cpo,3,aliyun,pending,False,0,,,,,,
SafetyRacecarButton0-v0__cpo__s3,SafetyRacecarButton0-v0,cpo,3,30109,pending,False,0,,,,,,
SafetyRacecarButton1-v0__cpo__s3,SafetyRacecarButton1-v0,cpo,3,5090,pending,False,0,,,,,,
SafetyRacecarButton2-v0__cpo__s3,SafetyRacecarButton2-v0,cpo,3,aliyun,pending,False,0,,,,,,
SafetyRacecarCircle0-v0__cpo__s3,SafetyRacecarCircle0-v0,cpo,3,30109,pending,False,0,,,,,,
SafetyRacecarCircle1-v0__cpo__s3,SafetyRacecarCircle1-v0,cpo,3,5090,pending,False,0,,,,,,
SafetyRacecarCircle2-v0__cpo__s3,SafetyRacecarCircle2-v0,cpo,3,aliyun,pending,False,0,,,,,,
SafetyRacecarGoal0-v0__cpo__s3,SafetyRacecarGoal0-v0,cpo,3,30109,pending,False,0,,,,,,
SafetyRacecarGoal1-v0__cpo__s3,SafetyRacecarGoal1-v0,cpo,3,5090,pending,False,0,,,,,,
SafetyRacecarGoal2-v0__cpo__s3,SafetyRacecarGoal2-v0,cpo,3,aliyun,pending,False,0,,,,,,
SafetyRacecarPush0-v0__cpo__s3,SafetyRacecarPush0-v0,cpo,3,30109,pending,False,0,,,,,,
SafetyRacecarPush1-v0__cpo__s3,SafetyRacecarPush1-v0,cpo,3,5090,pending,False,0,,,,,,
SafetyRacecarPush2-v0__cpo__s3,SafetyRacecarPush2-v0,cpo,3,aliyun,pending,False,0,,,,,,
SafetyRacecarRun0-v0__cpo__s3,SafetyRacecarRun0-v0,cpo,3,30109,pending,False,0,,,,,,
SafetySwimmerVelocity-v0__cpo__s3,SafetySwimmerVelocity-v0,cpo,3,5090,pending,False,0,,,,,,
SafetySwimmerVelocity-v1__cpo__s3,SafetySwimmerVelocity-v1,cpo,3,aliyun,pending,False,0,,,,,,
SafetyWalker2dVelocity-v0__cpo__s3,SafetyWalker2dVelocity-v0,cpo,3,30109,pending,False,0,,,,,,
SafetyWalker2dVelocity-v1__cpo__s3,SafetyWalker2dVelocity-v1,cpo,3,5090,pending,False,0,,,,,,
